{
  "title": "Flavio Cobolli's Amazing Tennis Win for Italy",
  "summary": "Flavio Cobolli, a tennis player from Italy, had a very exciting match against Zizou Bergs from Belgium in the Davis Cup. He saved seven match points and won a long tie-break that had 32 points, which is one of the longest in Davis Cup history. After winning, he celebrated by taking off his shirt, and the crowd in Bologna was very happy. Cobolli said it was one of the best days of his life because he played for his country, team, and family. Italy's captain, Filippo Volandri, praised Cobolli for his heart and effort. Now, Italy will play in the final against Spain or Germany and could win the Davis Cup three times in a row for the first time in over 50 years. This win shows how teamwork and never giving up can lead to success.",
  "keywords": [
    {
      "term": "Davis Cup",
      "explanation": "a big tennis competition where countries play against each other"
    },
    {
      "term": "tie-break",
      "explanation": "a special part of a tennis match to decide who wins when the score is tied"
    },
    {
      "term": "match point",
      "explanation": "the point that could win the match for a player"
    },
    {
      "term": "captain",
      "explanation": "the leader of a sports team who helps and guides the players"
    }
  ],
  "questions": [
    {
      "question": "Who won the exciting tennis match for Italy?",
      "options": [
        "Flavio Cobolli",
        "Zizou Bergs",
        "Jannik Sinner",
        "Raphael Collignon"
      ],
      "correct_answer": "Flavio Cobolli"
    },
    {
      "question": "How many match points did Cobolli save in the tie-break?",
      "options": [
        "5",
        "6",
        "7",
        "8"
      ],
      "correct_answer": "7"
    },
    {
      "question": "Where did the match take place?",
      "options": [
        "Rome",
        "Bologna",
        "Milan",
        "Paris"
      ],
      "correct_answer": "Bologna"
    },
    {
      "question": "What did Cobolli do to celebrate his win?",
      "options": [
        "He cried",
        "He took off his shirt",
        "He hugged the referee",
        "He sang a song"
      ],
      "correct_answer": "He took off his shirt"
    },
    {
      "question": "Who is Italy's team captain?",
      "options": [
        "Flavio Cobolli",
        "Filippo Volandri",
        "Matteo Berrettini",
        "Zizou Bergs"
      ],
      "correct_answer": "Filippo Volandri"
    },
    {
      "question": "What could Italy achieve if they win the final?",
      "options": [
        "Win the Davis Cup for the first time",
        "Win three Davis Cups in a row",
        "Lose the match",
        "Play in another tournament"
      ],
      "correct_answer": "Win three Davis Cups in a row"
    }
  ],
  "background_read": [
    "The Davis Cup is an international tennis tournament where teams from different countries compete. It started over 100 years ago and is very prestigious. Players represent their nations, and matches can be very intense. Italy has been doing well recently, winning the last two Davis Cups. In this article, Italy is trying to win a third time in a row, which hasn't happened for over 50 years. Flavio Cobolli is a young Italian player who showed great courage in a close match."
  ],
  "Article_Structure": [
    "WHO: Flavio Cobolli, an Italian tennis player, and his team",
    "WHAT: He won a dramatic match by saving seven match points in a long tie-break",
    "WHERE: In Bologna, Italy, at a Davis Cup event",
    "WHY: To help Italy reach the final and possibly win the Davis Cup three times in a row"
  ],
  "perspectives": [
    {
      "perspective": "Player's view",
      "description": "Cobolli felt it was a dream come true and played with heart for his country and supporters"
    },
    {
      "perspective": "Captain's view",
      "description": "Volandri was proud of Cobolli's effort and emphasized the importance of heart over tactics"
    }
  ],
  "image_url": "/article_images/article_da8abd7a96ffc1e9_cb6e40dfa435.webp"
}