{
  "title": "Cobolli's Epic Tie-Break Victory Propels Italy to Davis Cup Final",
  "summary": "In a thrilling Davis Cup semifinal match, Italian tennis player Flavio Cobolli secured a dramatic victory over Belgium's Zizou Bergs by winning a 32-point tie-break, saving seven match points in the process. The intense contest lasted over three hours and ended with Cobolli prevailing 6-3, 6-7 (5-7), 7-6 (17-15), marking the sixth-longest tie-break in Davis Cup history. Celebrating by tearing off his shirt, Cobolli ignited a party atmosphere among the 10,000 fans in Bologna. He described the win as one of the best days of his life, emphasizing the significance of playing for his country, team, and family. Italy's captain, Filippo Volandri, praised Cobolli's immense heart and effort, noting that the match was 95% heart and only 5% tactics. This victory sends Italy into the final against Spain or Germany, where they aim to become the first nation in 53 years to win three consecutive Davis Cup titles, despite missing top players like Jannik Sinner and Lorenzo Musetti. The article highlights themes of resilience, national pride, and the emotional highs of competitive sports.",
  "keywords": [
    {
      "term": "Davis Cup",
      "explanation": "an annual international team tennis competition founded in 1900, where nations compete for the title"
    },
    {
      "term": "tie-break",
      "explanation": "a scoring system used in tennis to decide a set when the game score reaches a certain tie, often involving a sequence of points"
    },
    {
      "term": "match point",
      "explanation": "a situation in a match where a player can win the entire match by winning the next point"
    },
    {
      "term": "captain",
      "explanation": "the person responsible for leading and managing a sports team, making strategic decisions and supporting players"
    }
  ],
  "questions": [
    {
      "question": "How many points were in the tie-break that Cobolli won?",
      "options": [
        "30",
        "32",
        "35",
        "40"
      ],
      "correct_answer": "32"
    },
    {
      "question": "What was the final score of Cobolli's match against Bergs?",
      "options": [
        "6-3, 6-7, 7-6",
        "6-4, 7-6, 6-3",
        "7-5, 6-4, 6-2",
        "6-3, 6-4, 6-3"
      ],
      "correct_answer": "6-3, 6-7, 7-6"
    },
    {
      "question": "Who did Cobolli comfort after the match?",
      "options": [
        "Zizou Bergs",
        "Filippo Volandri",
        "Matteo Berrettini",
        "Raphael Collignon"
      ],
      "correct_answer": "Zizou Bergs"
    },
    {
      "question": "What did Italy's captain say about the match's tactics and heart?",
      "options": [
        "50% tactics, 50% heart",
        "5% tactics, 95% heart",
        "100% tactics",
        "10% tactics, 90% heart"
      ],
      "correct_answer": "5% tactics, 95% heart"
    },
    {
      "question": "How many consecutive Davis Cup finals has Italy reached?",
      "options": [
        "1",
        "2",
        "3",
        "4"
      ],
      "correct_answer": "3"
    },
    {
      "question": "Which country was the last to reach three consecutive Davis Cup finals before Italy?",
      "options": [
        "USA",
        "Australia",
        "Spain",
        "France"
      ],
      "correct_answer": "Australia"
    },
    {
      "question": "What was the size of the crowd at the match?",
      "options": [
        "5,000",
        "8,000",
        "10,000",
        "12,000"
      ],
      "correct_answer": "10,000"
    },
    {
      "question": "Who gave Italy a strong start in the semifinal by winning in straight sets?",
      "options": [
        "Matteo Berrettini",
        "Flavio Cobolli",
        "Jannik Sinner",
        "Raphael Collignon"
      ],
      "correct_answer": "Matteo Berrettini"
    }
  ],
  "background_read": [
    "The Davis Cup is one of the oldest and most prestigious team events in tennis, established in 1900. It involves a knockout format where national teams compete in ties consisting of singles and doubles matches. Italy has been a dominant force in recent years, winning the last two editions. Reaching three consecutive finals is a rare feat, last achieved by Australia in 2001. This article covers a semifinal match where Italy, despite missing key players like world number two Jannik Sinner, relied on emerging talents like Flavio Cobolli. The emotional and strategic elements of team sports are highlighted, showing how individual performances can impact national success. Understanding the history and format of the Davis Cup helps appreciate the significance of Italy's potential third straight title."
  ],
  "Article_Structure": [
    "This article analyzes a Davis Cup semifinal where Flavio Cobolli's heroic performance saved seven match points in a 32-point tie-break to secure Italy's place in the final. Main points include the dramatic match details, Cobolli's emotional reaction, and Italy's quest for a historic third consecutive title. The purpose is to report on a significant sports event, emphasizing resilience and national pride. Evidence is based on direct quotes from players and the captain, along with factual match statistics, making it reliable. Author credibility stems from BBC Sport's reputation for accurate sports journalism. Methodology involves firsthand reporting and interviews, providing a vivid account of the match's intensity and outcomes."
  ],
  "perspectives": [
    {
      "perspective": "Player's emotional experience",
      "description": "Cobolli expressed deep personal fulfillment and pride in representing Italy, highlighting the emotional stakes in high-pressure matches"
    },
    {
      "perspective": "Team leadership",
      "description": "Captain Volandri focused on the psychological aspects of the game, valuing heart and team spirit over complex strategies"
    }
  ],
  "image_url": "/article_images/article_da8abd7a96ffc1e9_cb6e40dfa435.webp"
}