{
  "title": "Mechanistic Insights into Copper-Catalyzed Electrochemical Ammonia Production",
  "summary": "A team at Tokyo Metropolitan University has elucidated a critical mechanistic detail in the electrochemical nitrate reduction reaction for ammonia synthesis, presenting a viable green alternative to the conventional Haber-Bosch process. Ammonia, essential for fertilizer production, is predominantly manufactured via Haber-Bosch, which operates under high temperatures and pressures, consuming substantial energy and contributing approximately 1.4% to global carbon dioxide emissions. The research, led by Professor Fumiaki Amano, investigates the role of copper oxide as an electrocatalyst in converting nitrate ions to ammonia at ambient conditions. Utilizing operando X-ray absorption spectroscopy, the researchers tracked electronic and structural transformations, revealing that under positive applied voltage, nitrate ions adsorb and passivate the catalyst surface, leading to nitrite formation. Upon shifting to negative voltage, a surge in ammonia production coincides with the emergence of metallic copper nanoparticles, facilitated by increased copper-copper bonding, which promotes hydrogenation of nitrites. This hidden catalytic switch underscores the importance of in situ material changes for reaction efficiency. The findings not only enhance understanding of electrocatalytic mechanisms but also propose strategies for optimizing catalyst design in sustainable chemistry, potentially mitigating environmental impacts of ammonia production. Support from Tokyo Metropolitan University and NEDO underscores the project's relevance to industrial and ecological advancements.",
  "keywords": [
    {
      "term": "electrochemical nitrate reduction",
      "explanation": "a catalytic process using electrical potential to reduce nitrate ions to ammonia, often employed in green chemistry applications"
    },
    {
      "term": "copper oxide electrocatalyst",
      "explanation": "a material that facilitates electrochemical reactions by providing active sites, with copper oxide being efficient for nitrate reduction"
    },
    {
      "term": "operando X-ray absorption spectroscopy",
      "explanation": "an analytical technique that monitors electronic structure and local coordination of materials during operational conditions, offering real-time insights into catalytic mechanisms"
    },
    {
      "term": "passivation",
      "explanation": "a surface phenomenon where adsorption of species like nitrate ions reduces catalytic activity by blocking active sites"
    },
    {
      "term": "metallic copper nanoparticles",
      "explanation": "nanoscale particles of elemental copper that form in situ and enhance catalytic performance by aiding in hydrogen transfer reactions"
    },
    {
      "term": "Haber-Bosch process",
      "explanation": "an industrial synthesis method for ammonia involving high-pressure catalytic reaction of nitrogen and hydrogen, known for its high energy footprint and emissions"
    },
    {
      "term": "sustainable chemistry",
      "explanation": "the design of chemical products and processes that reduce or eliminate the use of hazardous substances and minimize environmental impact"
    },
    {
      "term": "catalyst design",
      "explanation": "the engineering of catalytic materials to improve efficiency, selectivity, and stability in chemical reactions"
    }
  ],
  "questions": [
    {
      "question": "What is the estimated contribution of the Haber-Bosch process to global CO2 emissions?",
      "options": [
        "About 1.4%",
        "About 5%",
        "About 10%",
        "About 0.5%"
      ],
      "correct_answer": "About 1.4%"
    },
    {
      "question": "How does operando X-ray absorption spectroscopy contribute to this study?",
      "options": [
        "It provides real-time data on electronic and structural changes",
        "It measures ammonia concentration",
        "It identifies nitrate sources",
        "It calculates energy consumption"
      ],
      "correct_answer": "It provides real-time data on electronic and structural changes"
    },
    {
      "question": "What critical event occurs when the applied voltage becomes negative in the reaction?",
      "options": [
        "Metallic copper particles form and ammonia production increases",
        "The catalyst decomposes",
        "Nitrate ions are released",
        "The reaction stops"
      ],
      "correct_answer": "Metallic copper particles form and ammonia production increases"
    },
    {
      "question": "Why is the formation of metallic copper considered a hidden step in the catalysis?",
      "options": [
        "It was not previously observed and is essential for efficiency",
        "It is visible to the naked eye",
        "It occurs only in high-temperature conditions",
        "It has no effect on the reaction"
      ],
      "correct_answer": "It was not previously observed and is essential for efficiency"
    },
    {
      "question": "What advantage does the electrochemical method have over Haber-Bosch in terms of operating conditions?",
      "options": [
        "It operates at room temperature and pressure",
        "It requires higher pressure",
        "It uses organic solvents",
        "It needs ultraviolet light"
      ],
      "correct_answer": "It operates at room temperature and pressure"
    },
    {
      "question": "How does passivation affect the copper oxide catalyst under positive voltage?",
      "options": [
        "It reduces reactivity by surface adsorption",
        "It enhances ammonia production",
        "It converts nitrates to nitrogen gas",
        "It increases catalyst size"
      ],
      "correct_answer": "It reduces reactivity by surface adsorption"
    },
    {
      "question": "What is the role of nitrite ions in the reaction pathway?",
      "options": [
        "They are intermediates converted to ammonia",
        "They are final products",
        "They inhibit the reaction",
        "They form copper oxide"
      ],
      "correct_answer": "They are intermediates converted to ammonia"
    },
    {
      "question": "Which funding body commissioned project JPNP14004 mentioned in the article?",
      "options": [
        "NEDO",
        "JSPS",
        "JST",
        "MEXT"
      ],
      "correct_answer": "NEDO"
    },
    {
      "question": "How might these findings influence future catalyst design?",
      "options": [
        "By enabling optimization of in situ material transformations",
        "By favoring high-temperature methods",
        "By reducing the need for electricity",
        "By eliminating the use of copper"
      ],
      "correct_answer": "By enabling optimization of in situ material transformations"
    },
    {
      "question": "What broader implication does this research have for industrial chemistry?",
      "options": [
        "It supports the development of low-carbon ammonia production methods",
        "It advocates for increased use of Haber-Bosch",
        "It focuses on pharmaceutical applications",
        "It emphasizes manual labor in synthesis"
      ],
      "correct_answer": "It supports the development of low-carbon ammonia production methods"
    }
  ],
  "background_read": [
    "Ammonia synthesis is a cornerstone of industrial chemistry, primarily for fertilizer production, with the Haber-Bosch process accounting for most global output despite its high energy demands and significant greenhouse gas emissions. Electrochemical alternatives, such as nitrate reduction, have gained attention for their potential to operate under ambient conditions using renewable electricity, aligning with sustainability goals. This article's research builds on prior studies that identified basic steps in electrocatalysis but lacked detailed mechanistic insights. The use of advanced characterization tools like operando X-ray absorption allows for precise tracking of catalyst dynamics, addressing gaps in understanding how material properties evolve during reactions. Background knowledge in electrochemistry, catalyst science, and environmental impact assessments is essential to appreciate the study's contributions to green technology and its implications for reducing the carbon footprint of essential industrial processes."
  ],
  "Article_Structure": [
    "The article's main points elaborate on the mechanistic role of copper oxide in electrochemical ammonia production, highlighting the formation of metallic copper under negative voltage as a key efficiency booster. Its purpose is to advance sustainable industrial methods by providing a low-energy alternative to Haber-Bosch, contextualized within global efforts to reduce carbon emissions. Evidence evaluation critically assesses the use of operando X-ray absorption as robust for real-time analysis, though reliance on specific laboratory conditions may limit immediate scalability. Author credibility is high, with the team from Tokyo Metropolitan University demonstrating expertise in electrochemistry, supported by institutional funding, though potential biases towards promoting green technologies should be considered. Methodology involved experimental setups with carbon fiber supports and voltage manipulations, employing spectroscopic techniques to gather data, with strengths in detailed observation but limitations in generalizability to industrial scales. Critical assessment notes the study's innovation in revealing hidden catalytic steps but points out the need for further research on long-term catalyst stability and economic viability."
  ],
  "perspectives": [
    {
      "perspective": "Scientific advancement",
      "description": "This research deepens the mechanistic understanding of electrocatalysis, potentially guiding future innovations in material science."
    },
    {
      "perspective": "Economic and industrial impact",
      "description": "If scalable, the method could reduce costs and emissions in fertilizer production, influencing global markets."
    },
    {
      "perspective": "Environmental ethics",
      "description": "Emphasizes the ethical imperative to transition to cleaner technologies to address climate change and resource sustainability."
    }
  ],
  "image_url": "/article_images/article_c5897a4513a5c505_cb14f3d11769.webp"
}