{
  "title": "Uncovering the Role of Copper in Green Ammonia Synthesis",
  "summary": "Researchers at Tokyo Metropolitan University have made a significant discovery in the production of ammonia, a crucial compound for fertilizers. Currently, the Haber-Bosch process dominates ammonia manufacturing, but it is energy-intensive and accounts for about 1.4% of global CO2 emissions. The team, led by Professor Fumiaki Amano, explored an electrochemical nitrate reduction reaction as a greener alternative. This method uses copper oxide as a catalyst to convert nitrates into ammonia at room temperature and atmospheric pressure, avoiding the high energy demands of traditional methods. Through advanced techniques like operando X-ray absorption, they observed that under positive voltage, nitrate ions passivate the catalyst surface, forming nitrites, but when voltage turns negative, metallic copper particles emerge and facilitate the conversion to ammonia. This hidden step is key to efficient ammonia production, offering insights for improving electrocatalysts. The findings could advance sustainable agriculture by enabling low-carbon ammonia synthesis, supported by funding from organizations like NEDO.",
  "keywords": [
    {
      "term": "electrochemical reduction",
      "explanation": "a process that uses electrical energy to drive chemical reactions, often at electrodes"
    },
    {
      "term": "catalyst",
      "explanation": "a substance that increases the rate of a chemical reaction without being consumed"
    },
    {
      "term": "copper oxide",
      "explanation": "a compound used as an electrocatalyst to promote reactions like nitrate reduction"
    },
    {
      "term": "nitrate ions",
      "explanation": "negatively charged molecules that can be reduced to form ammonia in electrochemical processes"
    },
    {
      "term": "operando X-ray absorption",
      "explanation": "a technique that studies materials in real-time during reactions to understand structural changes"
    },
    {
      "term": "Haber-Bosch process",
      "explanation": "the conventional industrial method for ammonia synthesis, requiring high temperature and pressure"
    },
    {
      "term": "passivation",
      "explanation": "a process where a material's surface becomes less reactive, often due to adsorption of ions"
    },
    {
      "term": "metallic copper",
      "explanation": "pure copper in metal form that aids in hydrogen addition during ammonia formation"
    }
  ],
  "questions": [
    {
      "question": "What is the primary environmental issue associated with the Haber-Bosch process?",
      "options": [
        "High carbon dioxide emissions",
        "Water pollution",
        "Noise pollution",
        "Land degradation"
      ],
      "correct_answer": "High carbon dioxide emissions"
    },
    {
      "question": "Which technique did researchers use to observe catalyst changes in real-time?",
      "options": [
        "Operando X-ray absorption",
        "Microscopy",
        "Spectroscopy",
        "Chromatography"
      ],
      "correct_answer": "Operando X-ray absorption"
    },
    {
      "question": "What role does metallic copper play in the ammonia production reaction?",
      "options": [
        "It helps add hydrogen to nitrite ions",
        "It blocks the reaction",
        "It increases temperature",
        "It absorbs nitrate ions"
      ],
      "correct_answer": "It helps add hydrogen to nitrite ions"
    },
    {
      "question": "How does the new electrochemical method differ from Haber-Bosch in operating conditions?",
      "options": [
        "It works at room temperature and pressure",
        "It requires higher pressure",
        "It uses no catalysts",
        "It operates in vacuum"
      ],
      "correct_answer": "It works at room temperature and pressure"
    },
    {
      "question": "What happens to the copper oxide catalyst under positive voltage?",
      "options": [
        "It gets passivated by nitrate ions",
        "It turns into ammonia",
        "It dissolves in solution",
        "It releases oxygen"
      ],
      "correct_answer": "It gets passivated by nitrate ions"
    },
    {
      "question": "Why is ammonia important in agriculture?",
      "options": [
        "It is a key component of fertilizers",
        "It purifies water",
        "It powers machinery",
        "It controls pests"
      ],
      "correct_answer": "It is a key component of fertilizers"
    },
    {
      "question": "Which organization supported this research?",
      "options": [
        "NEDO",
        "NASA",
        "WHO",
        "UNESCO"
      ],
      "correct_answer": "NEDO"
    },
    {
      "question": "What is the significance of the hidden step involving copper particles?",
      "options": [
        "It enables efficient ammonia production",
        "It stops the reaction",
        "It increases energy use",
        "It causes pollution"
      ],
      "correct_answer": "It enables efficient ammonia production"
    }
  ],
  "background_read": [
    "Ammonia synthesis is vital for global food production, as fertilizers derived from ammonia support crop growth. The Haber-Bosch process, developed over a century ago, synthesizes ammonia from nitrogen and hydrogen under extreme conditions, but it is highly energy-intensive and contributes significantly to greenhouse gas emissions. With growing environmental concerns, researchers are investigating electrochemical methods as sustainable alternatives. These methods, such as nitrate reduction, use electricity and catalysts to produce ammonia at milder conditions, potentially reducing carbon footprints. The study from Tokyo Metropolitan University focuses on understanding catalyst behavior using advanced tools, highlighting how material changes during reactions can optimize efficiency. This background helps explain the push for green chemistry innovations in industrial processes."
  ],
  "Article_Structure": [
    "The article's main points detail the discovery of a hidden step in electrochemical ammonia production where copper oxide catalyst forms metallic copper particles under negative voltage, enhancing efficiency. Its purpose is to advance green chemistry by offering a cleaner alternative to the polluting Haber-Bosch process, motivated by reducing global CO2 emissions. Evidence evaluation shows high quality through use of operando X-ray absorption for real-time observation, providing reliable data on structural changes. Author credibility is strong, as the research comes from a reputable university team with expertise in electrochemistry, supported by funding from NEDO. Methodology involved attaching copper oxide to carbon fibers and applying voltage while monitoring with advanced techniques, ensuring thorough investigation of reaction mechanisms."
  ],
  "perspectives": [
    {
      "perspective": "Technological innovation",
      "description": "This research could lead to improved electrocatalysts for sustainable industrial processes."
    },
    {
      "perspective": "Environmental sustainability",
      "description": "By lowering energy use and emissions, the method supports global efforts to combat climate change."
    }
  ],
  "image_url": "/article_images/article_c5897a4513a5c505_cb14f3d11769.webp"
}