{
  "title": "BBC Exposes Systemic Bait-and-Switch Fraud in Locksmith Industry",
  "summary": "The BBC's investigative report uncovers a pervasive bait-and-switch scam within the locksmith sector, centering on 24/7 Locksmiths UK. Through covert filming and victim interviews, the investigation reveals how the company exploited emergency situations, such as that of Maureen and Eric Reynolds, an elderly couple locked out of their London residence. Initially quoted £49, the locksmith upon arrival eschewed standard non-destructive entry methods, opting to drill the door and later alleging lock defects, culminating in an exorbitant invoice of £2,802 with a note exempting VAT—a potential indicator of non-registration. The substandard work necessitated a subsequent £2,244 expenditure for door and frame replacement. The company's non-response to inquiries and website shutdown suggest evasion tactics. This case exemplifies broader issues of consumer vulnerability, regulatory gaps, and ethical breaches in service industries, underscoring the critical role of media scrutiny in combating fraudulent practices.",
  "keywords": [
    {
      "term": "covert filming",
      "explanation": "a journalistic technique involving hidden cameras to capture evidence without subjects' knowledge, used here to document fraudulent behavior"
    },
    {
      "term": "non-destructive entry",
      "explanation": "methods to open locks without causing damage, contrasted with the locksmith's unnecessary drilling in this case"
    },
    {
      "term": "VAT exemption",
      "explanation": "the omission of Value Added Tax on an invoice, which may signal a company's lack of official registration and legitimacy"
    },
    {
      "term": "regulatory gaps",
      "explanation": "deficiencies in laws or oversight that allow unethical practices, such as overcharging scams, to persist in industries"
    },
    {
      "term": "media scrutiny",
      "explanation": "the examination and reporting by news organizations to expose wrongdoing and influence public awareness and policy"
    }
  ],
  "questions": [
    {
      "question": "What investigative technique did the BBC primarily employ to gather evidence against 24/7 Locksmiths UK?",
      "options": [
        "Public surveys",
        "Covert filming",
        "Financial audits",
        "Legal subpoenas"
      ],
      "correct_answer": "Covert filming"
    },
    {
      "question": "How did the locksmith's actions deviate from standard professional practices upon arriving at the Reynolds' home?",
      "options": [
        "He used non-destructive entry",
        "He refused to drill the door",
        "He claimed inability to use a key extraction tool",
        "He offered a discount"
      ],
      "correct_answer": "He claimed inability to use a key extraction tool"
    },
    {
      "question": "What does the VAT exemption on the invoice suggest about 24/7 Locksmiths UK's business status?",
      "options": [
        "It is highly reputable",
        "It may not be VAT-registered",
        "It overcharges for VAT",
        "It follows tax laws strictly"
      ],
      "correct_answer": "It may not be VAT-registered"
    },
    {
      "question": "What broader systemic issue does this case illustrate in the locksmith industry?",
      "options": [
        "High demand for services",
        "Lack of technological innovation",
        "Consumer vulnerability to bait-and-switch scams",
        "Excessive government regulation"
      ],
      "correct_answer": "Consumer vulnerability to bait-and-switch scams"
    },
    {
      "question": "What was the total financial impact on the Reynolds couple, including both the locksmith's invoice and subsequent repairs?",
      "options": [
        "£2,802",
        "£2,244",
        "£5,046",
        "£49"
      ],
      "correct_answer": "£5,046"
    },
    {
      "question": "How did the company respond to the BBC's post-investigation inquiries?",
      "options": [
        "By apologizing and refunding",
        "By ignoring requests and shutting down its website",
        "By improving their services",
        "By filing a lawsuit"
      ],
      "correct_answer": "By ignoring requests and shutting down its website"
    },
    {
      "question": "What ethical concern is raised by the locksmith's decision to drill the door instead of attempting non-destructive methods?",
      "options": [
        "Cost efficiency",
        "Environmental impact",
        "Unnecessary damage and upselling",
        "Time management"
      ],
      "correct_answer": "Unnecessary damage and upselling"
    },
    {
      "question": "What role does media scrutiny play in addressing fraud according to this article?",
      "options": [
        "It increases scam prevalence",
        "It holds businesses accountable and informs the public",
        "It reduces consumer awareness",
        "It focuses only on positive news"
      ],
      "correct_answer": "It holds businesses accountable and informs the public"
    },
    {
      "question": "What methodological limitation might affect the generalizability of the BBC's findings?",
      "options": [
        "Over-reliance on a single case study",
        "Use of advanced statistical analysis",
        "Inclusion of multiple companies",
        "Lack of victim testimonies"
      ],
      "correct_answer": "Over-reliance on a single case study"
    },
    {
      "question": "How does this investigation contribute to discussions on consumer protection laws?",
      "options": [
        "By highlighting the need for stricter regulations and enforcement",
        "By suggesting deregulation of the industry",
        "By focusing solely on individual responsibility",
        "By ignoring legal aspects"
      ],
      "correct_answer": "By highlighting the need for stricter regulations and enforcement"
    }
  ],
  "background_read": [
    "This article delves into bait-and-switch fraud in the locksmith industry, a manifestation of broader consumer exploitation in emergency service sectors. The BBC's investigation into 24/7 Locksmiths UK serves as a case study highlighting vulnerabilities among elderly and distressed customers. Background includes understanding UK consumer protection frameworks, such as the Consumer Rights Act 2015, which may be inadequate against such scams. It also touches on journalistic ethics in undercover operations and the economic implications of fraudulent practices on victims and legitimate businesses. Additionally, the role of digital platforms in facilitating or combating these scams, through online reviews and regulatory oversight, is relevant for a comprehensive analysis of systemic issues and potential solutions."
  ],
  "Article_Structure": [
    "Main Points: The article details a bait-and-switch scam by 24/7 Locksmiths UK, where an elderly couple was charged £2,802 after a £49 quote, with poor work leading to further costs, exposing systemic fraud in locksmithing. Purpose: To critique regulatory failures and emphasize media's role in exposing unethical practices, urging consumer vigilance and policy reform. Evidence Evaluation: Based on covert filming and victim testimonies, providing strong anecdotal evidence but limited by a single case, lacking broader data on scam prevalence. Author Credibility: The BBC is a credible source with investigative expertise, though potential biases toward sensationalism could affect objectivity. Methodology: Employed undercover journalism and interviews, offering direct observation but with ethical considerations around hidden filming. Critical Assessment: Strengths include vivid storytelling and public awareness impact; limitations involve narrow scope and potential oversimplification of complex regulatory issues."
  ],
  "perspectives": [
    {
      "perspective": "Regulatory critique",
      "description": "Argues for enhanced legal frameworks and enforcement to prevent such scams, pointing to gaps in current consumer protection laws."
    },
    {
      "perspective": "Ethical journalism",
      "description": "Examines the balance between investigative rigor and ethical concerns in undercover reporting, assessing its effectiveness in public interest."
    }
  ],
  "image_url": "/article_images/article_d0a65fd0a741ffa8_cc213d3fd531.webp"
}