{
  "articles": [
    {
      "id": "bf225a61eb104e44",
      "title": "美国拒签五名欧洲数字治理倡导者引发地缘政治紧张",
      "summary": "美国拒绝了五名个人的入境签证，包括英国活动家伊姆兰·艾哈迈德（反数字仇恨中心负责人）和克莱尔·梅尔福德（全球虚假信息指数创始人），以及法国前欧盟委员蒂埃里·布雷顿和德国反仇恨组织领导人。美国国务院指控他们试图胁迫美国社交媒体平台压制他们反对的观点，并将其称为“全球审查工业综合体”的一部分。这一行动在特朗普政府的“美国优先”外交政策下得到辩护，但引发了欧洲的强烈谴责，法国总统埃马纽埃尔·马克龙称其为恐吓。争议核心在于意识形态冲突：美国强调言论自由和主权，抵制对其科技行业的外部监管，而欧洲实体则倡导在欧盟《数字服务法》等框架下进行严格的内容审核，以打击虚假信息和仇恨言论。这一事件凸显了数字治理方面的深层地缘政治裂痕，涉及域外影响、审查辩论以及非国家行为者在塑造全球互联网政策中的作用。",
      "source": "BBC News",
      "time_ago": "1 hour ago",
      "image_url": "/article_images/article_bf225a61eb104e44_f8af6e25cde2.webp",
      "category": "News"
    },
    {
      "id": "9f96d05227a7eed0",
      "title": "泽连斯基推动非军事区作为乌克兰最新和平计划",
      "summary": "乌克兰总统泽连斯基详细阐述了一项更新的20点和平计划，该计划由美国谈判代表共同制定，旨在结束与俄罗斯的持续冲突。该计划提议在乌克兰东部的顿涅茨克地区建立非军事区或自由贸易区，乌克兰军队可能从这些区域撤出以减少敌对行动。泽连斯基强调，任何此类区域必须保持乌克兰的行政和警务控制，拒绝俄罗斯的管辖。该计划包括来自美国、北约和欧洲盟友的安全保证，承诺在俄罗斯再次入侵时提供协调的军事响应。这一更新修订了早前的28点文件，并回应了俄罗斯要求乌克兰从近四分之一顿涅茨克领土撤出的要求。泽连斯基建议，如果乌克兰将其重型部队后撤5-40公里以创建这些区域，俄罗斯应相应 reciprocate。然而，与美国谈判代表尚未完全达成共识，且俄罗斯总统普京威胁如果军队不撤出将采取进一步军事行动。该计划反映了包括最近在柏林和迈阿密会谈在内的持续外交努力，以在维护乌克兰主权的同时寻求和平解决方案。背景包括2014年以来的冲突，涉及领土争端和国际调解的复杂性，非军事区和自由贸易区作为缓解紧张局势的工具，以及安全保证在威慑未来侵略中的作用。",
      "source": "BBC News",
      "time_ago": "1 hour ago",
      "image_url": "/article_images/article_9f96d05227a7eed0_08137a201978.webp",
      "category": "News"
    },
    {
      "id": "e7c13d5d59b0d604",
      "title": "安德鲁与爱泼斯坦：挥之不去的故事",
      "summary": "这篇BBC新闻报道探讨了安德鲁王子与杰弗里·爱泼斯坦之间持续不断的争议，最新发布的爱泼斯坦文件中的电子邮件进一步加剧了此事。这些邮件涉及与吉斯莱恩·麦克斯韦的通信，她是爱泼斯坦的亲密伙伴，目前因性交易罪在美国服刑。邮件内容包含模糊的信息，如请求“不合适的朋友”以及讨论2002年秘鲁之行等安排，麦克斯韦在其中建议介绍“聪明、漂亮、有趣且来自良好家庭”的人。公众意见出现分歧：一部分人对持续的媒体报道感到厌倦，认为这些头条新闻低俗，尤其是在圣诞节期间；另一部分人则将这些文件视为需要深入调查安德鲁关联的证据，并呼吁他向美国国会和司法部作证。文章强调，出现在这些文件中并不构成有罪证明，而是为复杂叙事增添了背景。挑战在于将看似随机的信息片段置于某种语境中解读，例如邮件中使用“Fall”而非“Autumn”可能暗示美国英语的影响。总体而言，本文分析了渐进式披露如何维持公众对话，并反映了在高层案件中问责、媒体饱和和证据解读等更广泛主题。",
      "source": "BBC News",
      "time_ago": "4 hours ago",
      "image_url": "/article_images/article_e7c13d5d59b0d604_5465a5f2438d.webp",
      "category": "News"
    },
    {
      "id": "14ef4fd4d4141736",
      "title": "对于像我这样的恐音症患者，圣诞节可能是一场噩梦",
      "summary": "圣诞节通常被视为欢乐时光，但对于患有恐音症的人来说，这可能成为重大挑战。恐音症是一种对特定声音容忍度降低的病症，常见触发声音包括咀嚼、啜饮和呼吸声。23岁的洛蒂在家庭晚餐时因这些声音感到极度不适，导致恐慌和身体紧张。她自16岁起就患有此症。研究表明，恐音症在英国 surprisingly 普遍，近20%的人口受影响。21岁学生珍娜使用耳机应对用餐时的声音，并常隔离自己以避免不适。两人都发现圣诞节因社交期望和众多触发声音而令人难以承受。文章强调，看似无害的声音，如包装纸的沙沙声，可能引发强烈情绪反应，导致一些人完全避免社交场合。这突显了在节日期间提高对恐音症认识和理解的必要性，以支持受影响者更好地融入家庭聚会。",
      "source": "BBC News",
      "time_ago": "12 hours ago",
      "image_url": "/article_images/article_14ef4fd4d4141736_2e704bee8930.webp",
      "category": "News"
    },
    {
      "id": "e0f582a0bdf344d0",
      "title": "最新爱泼斯坦文件发布揭示的内容及特朗普的提及",
      "summary": "美国司法部发布了约30,000页与已定罪性犯罪者杰弗里·爱泼斯坦相关的新文件，其中包括对前总统唐纳德·特朗普的提及。此次发布正值司法部因大量编辑文件且未按国会设定的截止日期全部公开而受到批评。白宫记者莉兹·兰德斯审查了这批新文件，指出其中包含照片、视频监控以及爱泼斯坦和吉斯莱恩·麦克斯韦案件起诉中的法律信件。部分页面被完全编辑且未解释原因，还有一封电子邮件提及联邦调查局在2019年讨论的10名共谋者。这次发布因隐藏内容和政治影响而引发公众关注，突显了对爱泼斯坦网络和政府透明度的持续审查。报道基于PBS新闻小时的来源，强调了信息不完整可能带来的局限性，并探讨了这些披露对公众信任和民主问责的广泛影响。",
      "source": "PBS NewsHour",
      "time_ago": "12 hours ago",
      "image_url": "/article_images/article_e0f582a0bdf344d0_fee252247968.webp",
      "category": "News"
    },
    {
      "id": "18e32436365b3ca0",
      "title": "特朗普召回职业外交官如何适应其外交政策转变",
      "summary": "特朗普政府正在召回来自全球近30个国家的大使，其中非洲地区受影响最大，其次是亚洲、欧洲、中东和西半球。美国国务院在一份声明中表示，这是任何政府中的标准程序，大使是总统的个人代表，总统有权确保在这些国家的人员能推进“美国优先”议程。为了解这一行动的视角，我们采访了约翰·丁克尔曼，他是美国外交服务协会的主席，拥有近四十年的美国国务院外交生涯。丁克尔曼讨论了这一行动，质疑在政府上任一年后召回如此多大使的异常性，并暗示这可能标志着美国外交政策的重大转变。这一召回反映了政府努力使外交职位与其战略优先事项重新对齐，可能影响国际关系和外交连续性。文章基于PBS新闻小时的采访转录，提供了官方解释和专家分析，以探讨这一政策变化的影响。",
      "source": "PBS NewsHour",
      "time_ago": "13 hours ago",
      "image_url": "/article_images/article_18e32436365b3ca0_244f71e6031b.webp",
      "category": "News"
    }
  ]
}