{
  "articles": [
    {
      "id": "77f48da52553657a",
      "title": "运河坍塌致船民圣诞节被困",
      "summary": "周一，英国什罗普郡的兰戈伦运河发生重大堤岸坍塌，最初被误认为是天坑，但工程师后来确认为结构故障。这一事件造成一个大洞，导致水涌出，两艘船沉入深沟，其他船只搁浅在干涸的河床上。坍塌使许多长期居住在窄船上的居民——称为“住船者”——无法通过该区域，被困在坍塌的兰戈伦一侧或什罗普郡联合运河一侧。受影响者包括来自美国的退休夫妇杰夫和帕梅拉·普尔，他们停泊在格兰德利布鲁克水闸附近，凌晨04:20 GMT被邻居惊醒。他们的船严重倾斜，圣诞树和装饰品掉落破碎，假期计划被打乱。普尔夫妇最近退休并移居英国以船为家，现在不得不入住酒店过圣诞节，返回时间不确定。这一事件凸显了运河基础设施的脆弱性以及对居民的个人干扰，强调了节日期间应急响应和维修的必要性。文章通过个人故事探讨了工程故障、生活方式风险和社会情感影响之间的相互作用。",
      "source": "BBC News",
      "time_ago": "1 hour ago",
      "image_url": "/article_images/article_77f48da52553657a_3e8a799099ed.webp",
      "category": "News"
    },
    {
      "id": "120d414f86270189",
      "title": "威尔士大主教称因其同性恋身份导致部分教徒离开教会",
      "summary": "威尔士教会大主教切里·范恩表示，部分教徒因反对她的性取向和性别而选择离开教会。作为英国首位女性大主教兼全球首位公开同性恋身份的大主教，她于七月上任。在发表首次圣诞致辞前，她坦言因性取向受到的攻击感到受伤，但强调不应禁止持有不同意见者表达观点。此前，全球认信圣公会团契批评她的任命是“对圣公会正统的另一痛苦打击”。范恩大主教在接受BBC威尔士采访时指出，许多地区仍对女性领导层存在挣扎，她对此表示尊重。威尔士教会正努力欢迎LGBT+群体，同时她也尊重那些感到困难的教徒。她由主教们以三分之二多数票选举产生，接替因 safeguarding 问题、过度饮酒和性边界越界而退休的前任。范恩大主教称大多数人支持她的当选，但部分人持敌对态度，她呼吁教会应在信仰中相互尊重并寻求共同点。",
      "source": "BBC News",
      "time_ago": "1 hour ago",
      "image_url": "/article_images/article_120d414f86270189_16071ece8997.webp",
      "category": "News"
    },
    {
      "id": "aa7d48e8214ea309",
      "title": "绝缘材料霉菌问题导致儿子无法回家过圣诞节",
      "summary": "托尼和贝克斯·沃德利无法在家中度过圣诞节，因为政府计划下安装的绝缘材料导致多个房间出现黑色霉菌，使他们患有哮喘的儿子埃利奥特无法进入房屋。这对夫妇通过ECO4计划获得政府补助，旨在提高能源效率并帮助埃利奥特的哮喘，但绝缘材料引发了霉菌生长，需要移除和更换。自四月以来，埃利奥特一直未进入家中，大学假期期间与祖母同住，全家将在圣诞节期间与亲戚同住以团聚。此案例是更大问题的一部分，超过300人向BBC报告了类似的绝缘材料问题。国家审计署报告发现，自2022年以来，在ECO4和大英绝缘计划下安装外部墙绝缘的房屋中，98%存在需要修复的重大问题，并指出政府监督薄弱和监管失败。能源安全与净零排放部承认继承了有缺陷的监督系统，并承诺通过温暖家园计划进行改革，以确保更高质量的安装和消费者支持。文章强调了公共健康、住房安全与政府问责之间的交叉问题，质疑数十亿公共资金在绝缘投资中的有效性，并呼吁加强监管框架以保护消费者。",
      "source": "BBC News",
      "time_ago": "5 hours ago",
      "image_url": "/article_images/article_aa7d48e8214ea309_8ffbe4500a0f.webp",
      "category": "News"
    },
    {
      "id": "efb3a350280c11bb",
      "title": "皇家圣诞贺卡展现家庭温情",
      "summary": "本文探讨了欧洲王室今年圣诞贺卡中展现的家庭温情与亲密关系。许多贺卡图像显示王室成员拥抱、牵手和紧密相依，传递出家庭纽带的信息。例如，威尔士亲王和王妃的贺卡展示了一家人在诺福克乡村草地上穿着牛仔裤休闲依偎的场景，显得轻松自然，体现了威廉王子推动君主制现代化的努力。相比之下，1969年的贺卡中王室成员站立僵硬、衣着正式，突显了从形式化到亲切形象的转变。国王查尔斯和卡米拉王后的贺卡摄于意大利国事访问期间，臂挽臂的姿态象征了在繁忙年份中的团结，背景中的铃兰胸针寓意持久爱情。哈里王子和梅根的贺卡则包含加拿大Invictus Games的雪景，贴合节日氛围。总体而言，这些贺卡旨在将王室人性化，使其更贴近普通家庭，反映了当代王室沟通中注重情感联系和可亲性的趋势，与历史形式主义形成对比。",
      "source": "BBC News",
      "time_ago": "12 hours ago",
      "image_url": "/article_images/article_efb3a350280c11bb_69ebc55027ab.webp",
      "category": "News"
    },
    {
      "id": "dde8a8550a16e580",
      "title": "特朗普暂停东海岸风电项目，再次打击风能发展",
      "summary": "特朗普政府宣布立即暂停东海岸五个大型海上风电项目的租赁，理由是国家安全担忧。内政部表示，五角大楼认为风力涡轮机可能会干扰和混淆雷达信号，从而影响军事行动。这是白宫针对风能的最新举措，至少有一个受影响的项目已经部分运营。这一决定引发了相关州和公司的无奈和悲伤反应，被视为可再生能源发展的又一次挫折。海上风电是向清洁能源转型的关键组成部分，有助于减少对化石燃料的依赖并缓解气候变化。此次暂停引发了关于能源创新与国家安全之间平衡的质疑，影响了就业、经济增长和环境目标。批评者认为政府优先考虑短期安全担忧而忽视了长期可持续性，而支持者则强调需要解决对防御系统的潜在风险。这一事件反映了在能源政策中政治、环境和经济利益之间的复杂博弈，突显了推动可持续能源系统所面临的挑战。",
      "source": "PBS NewsHour",
      "time_ago": "12 hours ago",
      "image_url": "/article_images/article_dde8a8550a16e580_feed62265c8e.webp",
      "category": "News"
    },
    {
      "id": "b4858a03ec645b3f",
      "title": "塔玛拉·基思和艾米·沃尔特谈分裂的共和党",
      "summary": "这篇PBS新闻一小时的文章由美国国家公共广播电台的塔玛拉·基思和库克政治报告的艾米·沃尔特进行分析，探讨了共和党内部的思想分裂。讨论聚焦于“转折点”活动，该活动由已故的查理·柯克创立，他的去世曾暂时统一了该党。然而，活动揭示了深刻的分歧，保守派评论员本·夏皮罗指责右翼影响者如塔克·卡尔森传播反犹太主义言论和阴谋论。这一批评凸显了党内不同派系之间的持续斗争，反映了保守政治中更广泛的紧张关系。分析深入探讨了这些内部冲突如何影响政治凝聚力和公众 perception，尤其是在假期周期间政治新闻仍然突出。通过审视关键人物的角色和政治事件的动态，文章提供了对共和党在多样意识形态观点中保持统一所面临挑战的细致理解。文章基于电视讨论，缺乏定量数据，但凭借分析师的权威背景，为当前政治格局提供了有价值的见解。",
      "source": "PBS NewsHour",
      "time_ago": "13 hours ago",
      "image_url": "/article_images/article_b4858a03ec645b3f_c2d92d9fd5e7.webp",
      "category": "News"
    }
  ]
}