{
  "articles": [
    {
      "id": "77f48da52553657a",
      "title": "Structural Failure in Llangollen Canal: Holiday Disruption and Infrastructure Concerns",
      "summary": "A significant structural failure occurred on the Llangollen Canal in Shropshire, England, on Monday, characterized by an embankment collapse that was initially misattributed to a sinkhole. Engineers confirmed the collapse, resulting in water flooding and the formation of a substantial hole, which left two boats submerged in a trench and others stranded on the desiccated canal bed. This incident has immobilized a community of liveaboards—individuals residing permanently on narrowboats—by obstructing passage and trapping them on either side of the breach, specifically the Llangollen and Shropshire Union Canal segments. Geoff and Pamela Poole, American retirees who recently relocated to England for a canal-based lifestyle, were directly impacted; moored near Grindley Brook Locks, they were awakened at 04:20 GMT by neighbors alerting them to their listing vessel. The event caused domestic chaos, including a toppled Christmas tree with shattered ornaments, symbolizing the disruption of their festive plans. Forced to evacuate to a hotel, the Pooles face uncertainty regarding their return, underscoring broader issues of canal infrastructure resilience and the socio-emotional toll on residents during peak holiday periods. The article underscores the interplay between engineering failures, lifestyle vulnerabilities, and emergency response challenges in rural waterways.",
      "source": "BBC News",
      "time_ago": "1 hour ago",
      "image_url": "/article_images/article_77f48da52553657a_3e8a799099ed.webp",
      "category": "News"
    },
    {
      "id": "120d414f86270189",
      "title": "Historic Archbishop Confronts Ecclesiastical Divisions Over Gender and Sexuality",
      "summary": "Archbishop Cherry Vann of the Church in Wales has articulated that her appointment as the UK's inaugural female Archbishop and the world's first openly gay Archbishop has precipitated departures among parishioners opposed to her sexuality and gender. In a pre-Christmas interview with BBC Wales, she expressed personal hurt from hostile reactions but defended the necessity for discursive space within the ecclesiastical community. This follows criticism from the Global Fellowship of Confessing Anglicans, which decried her elevation as detrimental to Anglican orthodoxy. Archbishop Vann acknowledged persistent societal struggles with women in leadership and the church's dual mandate to foster LGBT+ inclusion while accommodating theological dissent. Elected by a two-thirds episcopal majority succeeding Andrew John, who retired amid safeguarding scandals, she noted predominantly supportive responses interspersed with significant hostility. Her discourse emphasizes a dialectical approach: upholding personal integrity amidst attacks while championing pluralistic dialogue to reconcile divergent views through shared Christocentric faith.",
      "source": "BBC News",
      "time_ago": "1 hour ago",
      "image_url": "/article_images/article_120d414f86270189_16071ece8997.webp",
      "category": "News"
    },
    {
      "id": "aa7d48e8214ea309",
      "title": "Systemic Failures in Government Insulation Schemes: A Case Study of Health, Housing, and Regulatory Accountability",
      "summary": "The article examines the case of Tony and Becs Wadley, whose home on the Gower Peninsula became uninhabitable for their asthmatic son Elliott due to black mould caused by insulation installed under the government's ECO4 grant scheme. Intended to enhance energy efficiency and alleviate Elliott's asthma, the insulation instead fostered mould growth behind the boards, necessitating repeated removals and leaving the house in a hazardous state with exposed wiring and damp walls. Elliott has been excluded from the property since April, residing with his grandmother during university breaks, and the family will spend Christmas with relatives to maintain cohesion. This personal narrative is contextualized within a broader systemic crisis: over 300 individuals have reported similar insulation failures to the BBC, and a National Audit Office report reveals that 98% of homes with external wall insulation under ECO4 and the Great British Insulation Scheme since 2022 required major repairs, with 29% of internally insulated homes also affected. The report criticizes weak government oversight and regulatory failure, prompting the Department of Energy Security and Net Zero to admit inheriting a flawed system and pledge comprehensive reforms through the Warm Homes Plan. The article underscores the intersection of public health, housing safety, and governmental accountability, questioning the efficacy of billion-pound public investments in insulation and highlighting the urgent need for robust regulatory frameworks to protect consumers.",
      "source": "BBC News",
      "time_ago": "5 hours ago",
      "image_url": "/article_images/article_aa7d48e8214ea309_8ffbe4500a0f.webp",
      "category": "News"
    },
    {
      "id": "efb3a350280c11bb",
      "title": "Analyzing Royal Christmas Cards as Tools of Image Projection and Familial Relatability",
      "summary": "This article critically examines the 2025 royal Christmas cards from European monarchies, interpreting them as strategic tools for projecting familial tenderness and relatability. It details how cards from the Prince and Princess of Wales feature an informal, springtime scene in Norfolk, emphasizing casual attire and physical closeness to align with Prince William's stated goal of modernizing the monarchy by presenting a down-to-earth image. In contrast, the analysis references a 1969 card characterized by stiff poses and formal dress, underscoring an evolution from detached formality to engaged intimacy. King Charles and Queen Camilla's card, captured during a state visit to Italy, merges diplomatic formality with personal symbolism, such as the lily of the valley brooch representing enduring love, to convey unity amid a tumultuous year. Prince Harry and Meghan's card, set in a wintry Canadian landscape from the Invictus Games, adheres to seasonal themes while highlighting their distinct approach. The article posits that these visual narratives serve to humanize royals, fostering public connection by depicting them as emotionally accessible families, thereby reflecting broader socio-cultural shifts in royal communication and the construction of contemporary monarchical identities.",
      "source": "BBC News",
      "time_ago": "12 hours ago",
      "image_url": "/article_images/article_efb3a350280c11bb_69ebc55027ab.webp",
      "category": "News"
    },
    {
      "id": "dde8a8550a16e580",
      "title": "Administrative Halt on East Coast Offshore Wind Leases: National Security Implications and Renewable Energy Conflicts",
      "summary": "The Trump administration has implemented an immediate suspension of leases for five large-scale offshore wind farms off the East Coast, justified by national security apprehensions articulated by the Pentagon. According to the Interior Department, the turbines pose a risk of obscuring and confusing radar signals, which could impede military operations and surveillance capabilities. This decision represents the latest in a series of actions by the White House to undermine wind power initiatives, with at least one project already in partial operation, highlighting the tangible impacts on renewable energy infrastructure. Reactions from affected states and corporations have been characterized by a sense of resignation and profound disappointment, reflecting broader frustrations with administrative obstacles to clean energy transition. Offshore wind power is a critical component of strategies to decarbonize the energy sector and combat climate change, making this pause a significant setback for environmental and economic objectives. The move ignites complex debates over the interplay between technological innovation and national security, necessitating a critical assessment of the evidence behind radar interference claims. It also raises questions about political motivations, potential biases against renewable energy, and the long-term consequences for energy policy, job markets, and global sustainability efforts.",
      "source": "PBS NewsHour",
      "time_ago": "12 hours ago",
      "image_url": "/article_images/article_dde8a8550a16e580_feed62265c8e.webp",
      "category": "News"
    },
    {
      "id": "b4858a03ec645b3f",
      "title": "Examining Ideological Rifts Within the Republican Party Through Expert Commentary",
      "summary": "This PBS NewsHour article presents a detailed analysis by Tamara Keith of NPR and Amy Walter of the Cook Political Report, exploring the ideological fractures within the Republican Party. The discussion centers on a Turning Point event, established by the late Charlie Kirk, whose death momentarily unified the party. However, the event revealed deepening divisions, as highlighted by conservative commentator Ben Shapiro's accusations against right-wing influencers such as Tucker Carlson for disseminating antisemitic rhetoric and conspiracy theories. This critique underscores the ongoing struggle between different factions within the party, reflecting broader tensions in conservative politics. The analysis delves into how these internal conflicts impact political cohesion and public perception, particularly during a holiday week when political news remains salient. By examining the roles of key figures and the dynamics of political events, the article provides a nuanced understanding of the challenges facing the Republican Party in maintaining unity amidst diverse ideological perspectives.",
      "source": "PBS NewsHour",
      "time_ago": "13 hours ago",
      "image_url": "/article_images/article_b4858a03ec645b3f_c2d92d9fd5e7.webp",
      "category": "News"
    }
  ]
}