{
  "title": "Uncovering Mars's Icy Past Through New Imagery",
  "summary": "Recent high-resolution images from the Mars Express spacecraft have uncovered compelling evidence of a recent ice age on Mars, specifically in the Coloe Fossae region at 39°N latitude. These images, captured by the High Resolution Stereo Camera, reveal long, parallel grooves and textured surfaces that indicate glacial activity. Features such as lineated valley fill and concentric crater fill show where mixtures of ice and debris moved slowly across the terrain, similar to glaciers on Earth. Ice ages on Mars are driven by natural orbital and axial changes, not human influence, causing ice to advance from the poles during cold phases and retreat in warmer times. This discovery suggests that Mars experienced global climate shifts, with the most recent ice age ending around half a million years ago. By analyzing these glacial traces, scientists gain insights into Martian climate cycles and how they compare to Earth's history, highlighting the dynamic nature of planetary environments.",
  "keywords": [
    {
      "term": "Coloe Fossae",
      "explanation": "A region on Mars with grooves and valleys shaped by glacial processes"
    },
    {
      "term": "lineated valley fill",
      "explanation": "Patterns in valleys formed by the flow of ice and rock debris"
    },
    {
      "term": "concentric crater fill",
      "explanation": "Circular patterns in craters caused by ice movement and deposition"
    },
    {
      "term": "axial tilt",
      "explanation": "The angle of a planet's rotation axis, which affects climate and ice distribution"
    },
    {
      "term": "Mars Express",
      "explanation": "A European Space Agency spacecraft that studies Mars's surface and climate"
    },
    {
      "term": "glacial activity",
      "explanation": "The movement and effects of ice masses on a planet's landscape"
    },
    {
      "term": "orbital changes",
      "explanation": "Variations in a planet's path around the sun that influence long-term climate"
    },
    {
      "term": "climate shift",
      "explanation": "A major change in a planet's weather patterns over time"
    }
  ],
  "questions": [
    {
      "question": "What instrument on Mars Express provided the new images?",
      "options": [
        "High Resolution Stereo Camera",
        "Infrared Spectrometer",
        "Radar Mapper",
        "Solar Panel Array"
      ],
      "correct_answer": "High Resolution Stereo Camera"
    },
    {
      "question": "How do lineated valley fill and concentric crater fill form on Mars?",
      "options": [
        "From slow-moving ice and debris",
        "By volcanic eruptions",
        "Due to wind erosion alone",
        "From meteor impacts only"
      ],
      "correct_answer": "From slow-moving ice and debris"
    },
    {
      "question": "What natural factors cause ice ages on Mars?",
      "options": [
        "Changes in orbit and axial tilt",
        "Human greenhouse gas emissions",
        "Solar radiation increases",
        "Martian volcanic activity"
      ],
      "correct_answer": "Changes in orbit and axial tilt"
    },
    {
      "question": "At what latitude is Coloe Fossae located?",
      "options": [
        "39°N",
        "90°N",
        "0° equator",
        "60°S"
      ],
      "correct_answer": "39°N"
    },
    {
      "question": "Why is the presence of ice far from Mars's poles significant?",
      "options": [
        "It indicates past global climate changes",
        "It means Mars has liquid water now",
        "It shows recent human-like activity",
        "It proves Mars is warming rapidly"
      ],
      "correct_answer": "It indicates past global climate changes"
    },
    {
      "question": "How does Mars's ice age compare to Earth's?",
      "options": [
        "Both have natural cycles driven by orbital changes",
        "Mars's ice ages are caused by humans",
        "Earth has no ice ages",
        "Mars's ice ages are much shorter"
      ],
      "correct_answer": "Both have natural cycles driven by orbital changes"
    },
    {
      "question": "What is the estimated end of the most recent Martian ice age?",
      "options": [
        "About half a million years ago",
        "20,000 years ago",
        "2.5 billion years ago",
        "Last century"
      ],
      "correct_answer": "About half a million years ago"
    },
    {
      "question": "What broader implication does this discovery have?",
      "options": [
        "It helps understand planetary climate dynamics",
        "It suggests Mars can support life now",
        "It means Mars is identical to Earth",
        "It indicates imminent human colonization"
      ],
      "correct_answer": "It helps understand planetary climate dynamics"
    }
  ],
  "background_read": [
    "Mars, often called the Red Planet, has been a focus of space exploration for decades. Its surface shows evidence of past water and ice, suggesting a more dynamic climate history. Ice ages are periods when a planet's temperature drops significantly due to natural factors like changes in its orbit and axial tilt, leading to expanded ice coverage. On Earth, ice ages have occurred cyclically, with the last one peaking around 20,000 years ago. The Mars Express mission, launched by the European Space Agency, uses advanced cameras to study Martian geology and climate. Recent findings in areas like Coloe Fossae reveal glacial features that help scientists reconstruct Mars's environmental changes, offering comparisons to Earth and insights into how planetary climates evolve over millions of years."
  ],
  "Article_Structure": [
    "This article analyzes new imagery from Mars Express, highlighting main points about evidence of a recent ice age in Coloe Fossae, including glacial features like lineated valley fill. The purpose is to inform about Martian climate history and its natural drivers, contrasting with human-induced changes on Earth. Evidence evaluation shows high-quality data from spacecraft cameras, but relies on indirect geological signs. Author credibility stems from scientific sources like ESA, though specific researchers aren't named. Methodology involves remote sensing and image analysis, providing reliable but interpretative insights into past events."
  ],
  "perspectives": [
    {
      "perspective": "Planetary science",
      "description": "Emphasizes how studying Mars's ice ages advances our knowledge of climate processes on other worlds."
    },
    {
      "perspective": "Environmental comparison",
      "description": "Highlights similarities between Martian and Earth ice ages, fostering understanding of universal climate mechanisms."
    }
  ],
  "image_url": "/article_images/article_56349bf180e3aa34_47db4e63bfcd.webp"
}