{
  "title": "A Fun Club Night in Glasgow with Famous DJs",
  "summary": "In Glasgow, there is a special club night called Pretty Ugly that has been running for 20 years. It was started by three friends who had no DJ experience but loved music. They play many types of songs, like pop and rock, to make people dance all night. Famous people like Kirsty Wark from TV and singers like Paolo Nutini have been DJs there. They even tried to get Nicola Sturgeon, who was Scotland's leader, but she was too busy. The club is known for being a safe and happy place where everyone can have fun together. It celebrates its anniversary with a big party at King Tut's Wah Wah Hut.",
  "keywords": [
    {
      "term": "club night",
      "explanation": "a special event at a club where people dance to music"
    },
    {
      "term": "DJ",
      "explanation": "a person who plays music for others to dance to"
    },
    {
      "term": "Glasgow",
      "explanation": "a big city in Scotland"
    },
    {
      "term": "anniversary",
      "explanation": "a celebration for something that happened many years ago"
    },
    {
      "term": "safe space",
      "explanation": "a place where everyone feels happy and protected"
    }
  ],
  "questions": [
    {
      "question": "What is the name of the club night in Glasgow?",
      "options": [
        "Pretty Ugly",
        "King Tut's",
        "The Arches",
        "Born to Be Wide"
      ],
      "correct_answer": "Pretty Ugly"
    },
    {
      "question": "How long has Pretty Ugly been running?",
      "options": [
        "5 years",
        "10 years",
        "20 years",
        "30 years"
      ],
      "correct_answer": "20 years"
    },
    {
      "question": "Who started Pretty Ugly?",
      "options": [
        "Three friends",
        "A famous singer",
        "A TV broadcaster",
        "A PR company"
      ],
      "correct_answer": "Three friends"
    },
    {
      "question": "Which famous person was almost a DJ at Pretty Ugly?",
      "options": [
        "Nicola Sturgeon",
        "Kirsty Wark",
        "Paolo Nutini",
        "Claire from Steps"
      ],
      "correct_answer": "Nicola Sturgeon"
    },
    {
      "question": "What type of music does Pretty Ugly play?",
      "options": [
        "Only pop music",
        "Only rock music",
        "Many types like pop and rock",
        "Only classical music"
      ],
      "correct_answer": "Many types like pop and rock"
    },
    {
      "question": "Why do people like Pretty Ugly?",
      "options": [
        "It is a safe and fun place",
        "It has cheap tickets",
        "It is only for adults",
        "It plays quiet music"
      ],
      "correct_answer": "It is a safe and fun place"
    }
  ],
  "background_read": [
    "This article is about a club night in Glasgow called Pretty Ugly that started 20 years ago. It was created by friends who wanted to share music and make people dance. Over the years, it has become popular with many different people, including famous DJs. The club is special because it plays a mix of songs and makes everyone feel welcome. It shows how music can bring people together for fun celebrations."
  ],
  "Article_Structure": [
    "WHO: Three friends named Aarti, Pam, and Lee started Pretty Ugly, and famous people like Kirsty Wark have been DJs there.",
    "WHAT: Pretty Ugly is a club night in Glasgow that plays many types of music to make people dance and feel happy.",
    "WHERE: The club is in Glasgow, Scotland, and its anniversary party is at King Tut's Wah Wah Hut.",
    "WHY: The club was created to have fun with friends and provide a safe space where everyone can enjoy music together."
  ],
  "perspectives": [
    {
      "perspective": "Community Building",
      "description": "Pretty Ugly helps bring people together through music, creating a friendly and inclusive environment."
    }
  ],
  "image_url": "/article_images/article_ca310beb0d48c8f7_60ad8ad2a5fa.webp"
}