{
  "title": "Remembering a Great Playwright: Tom Stoppard",
  "summary": "Tom Stoppard, a famous British playwright, has died at the age of 88. He was known for writing clever and thoughtful plays that explored big ideas like science and philosophy. He won many awards, including an Oscar for the movie 'Shakespeare in Love' and five Tony Awards for his plays. Stoppard was born in Czechoslovakia and had to flee during World War II with his family. They eventually moved to England, where he grew up and became a journalist before starting his career in theater. His plays, such as 'Rosencrantz and Guildenstern Are Dead,' are loved for their smart use of language and deep emotions. People remember him as a kind and witty person who had a great love for the English language.",
  "keywords": [
    {
      "term": "playwright",
      "explanation": "a person who writes plays for the theater"
    },
    {
      "term": "award",
      "explanation": "a prize given for doing something very well"
    },
    {
      "term": "flee",
      "explanation": "to run away from danger"
    },
    {
      "term": "journalist",
      "explanation": "a person who writes news stories for newspapers or TV"
    },
    {
      "term": "theater",
      "explanation": "a place where plays are performed for an audience"
    },
    {
      "term": "language",
      "explanation": "the words we use to talk and write"
    }
  ],
  "questions": [
    {
      "question": "What was Tom Stoppard's job?",
      "options": [
        "Playwright",
        "Doctor",
        "Teacher",
        "Farmer"
      ],
      "correct_answer": "A"
    },
    {
      "question": "How old was Tom Stoppard when he died?",
      "options": [
        "78",
        "88",
        "98",
        "68"
      ],
      "correct_answer": "B"
    },
    {
      "question": "Which movie did he win an Oscar for?",
      "options": [
        "Shakespeare in Love",
        "Harry Potter",
        "Titanic",
        "The Lion King"
      ],
      "correct_answer": "A"
    },
    {
      "question": "Where was Tom Stoppard born?",
      "options": [
        "England",
        "Czechoslovakia",
        "India",
        "Singapore"
      ],
      "correct_answer": "B"
    },
    {
      "question": "What did he do before becoming a playwright?",
      "options": [
        "Journalist",
        "Actor",
        "Painter",
        "Scientist"
      ],
      "correct_answer": "A"
    },
    {
      "question": "How many Tony Awards did he win for best play?",
      "options": [
        "3",
        "5",
        "7",
        "10"
      ],
      "correct_answer": "B"
    }
  ],
  "background_read": [
    "Tom Stoppard was a famous writer who created plays that made people think about big ideas. He was born in a country called Czechoslovakia, which is now the Czech Republic. During World War II, his family had to escape from the Nazis and move to different places like Singapore and India. Later, they settled in England, where he learned to love English culture. He started working as a journalist and then wrote many successful plays that won lots of awards. His stories often mixed fun with serious topics, and he is remembered as a very smart and kind person."
  ],
  "Article_Structure": [
    "WHO: Tom Stoppard, a British playwright",
    "WHAT: He died at age 88 and was known for award-winning plays",
    "WHERE: He died at his home in Dorset, England, and was born in Czechoslovakia",
    "WHY: To honor his life and contributions to theater"
  ],
  "perspectives": [
    {
      "perspective": "Admirer",
      "description": "People who loved his plays think he was a genius for mixing language and ideas."
    },
    {
      "perspective": "Historian",
      "description": "Experts note how his life during war influenced his writing about big events."
    }
  ],
  "image_url": "/article_images/article_4e8e5b28e7b8d27b_e8a55a0e3212.webp"
}