{
  "title": "Tom Stoppard: An In-Depth Look at His Death and Enduring Influence",
  "summary": "Tom Stoppard, the esteemed British playwright, has died at the age of 88, marking the end of a prolific career that spanned decades and earned him critical acclaim worldwide. Born Tomás Sträussler in Czechoslovakia in 1937, Stoppard's early life was shaped by the upheavals of World War II, as his Jewish family fled the Nazi invasion, moving to Singapore and then India, where his father perished. After his mother's marriage to an English officer, he relocated to Britain, adopting English culture and eventually forging a path in journalism before emerging as a leading dramatist. His oeuvre, including Tony Award-winning plays like 'Rosencrantz and Guildenstern Are Dead' and 'Leopoldstadt,' is celebrated for its intellectual rigor, blending elements of Shakespeare, philosophy, and science with profound emotional depth. Stoppard's Academy Award for 'Shakespeare in Love' further cemented his cross-medium influence. Biographer Hermione Lee noted the synergy of language, knowledge, and feeling in his work, underscoring his unique ability to engage with complex historical and philosophical themes while maintaining theatrical appeal. His death, announced by United Agents, evokes reflections on his legacy as a witty, generous, and linguistically adept artist whose personal history of displacement informed his nuanced portrayals of human experience.",
  "keywords": [
    {
      "term": "playwright",
      "explanation": "an author who composes dramatic works for stage performance, often exploring thematic depth"
    },
    {
      "term": "Tony Award",
      "explanation": "a prestigious honor in American theater, recognizing excellence in Broadway productions"
    },
    {
      "term": "Academy Award",
      "explanation": "an Oscar, awarded by the Academy of Motion Picture Arts and Sciences for cinematic achievements"
    },
    {
      "term": "displacement",
      "explanation": "the condition of being forcibly removed from one's homeland, often due to political or social turmoil"
    },
    {
      "term": "biographer",
      "explanation": "a writer who researches and documents another individual's life, providing historical and personal insights"
    },
    {
      "term": "theater critic",
      "explanation": "a professional who evaluates and critiques theatrical performances, influencing public perception"
    },
    {
      "term": "postwar",
      "explanation": "pertaining to the era following a major war, characterized by reconstruction and cultural shifts"
    },
    {
      "term": "quintessential",
      "explanation": "embodying the purest or most characteristic qualities of a particular category or era"
    },
    {
      "term": "oeuvre",
      "explanation": "the complete body of an artist's work, considered as a whole"
    },
    {
      "term": "linguistically adept",
      "explanation": "highly skilled in the use and manipulation of language, often for artistic or rhetorical effect"
    }
  ],
  "questions": [
    {
      "question": "What award did Stoppard win for 'Shakespeare in Love'?",
      "options": [
        "Tony Award",
        "Academy Award",
        "Pulitzer Prize",
        "BAFTA Award"
      ],
      "correct_answer": "B"
    },
    {
      "question": "How many Tony Awards for best play did Stoppard receive?",
      "options": [
        "3",
        "5",
        "7",
        "10"
      ],
      "correct_answer": "B"
    },
    {
      "question": "Where was Stoppard born?",
      "options": [
        "England",
        "Czechoslovakia",
        "India",
        "Singapore"
      ],
      "correct_answer": "B"
    },
    {
      "question": "What was Stoppard's profession before playwriting?",
      "options": [
        "Actor",
        "Journalist",
        "Professor",
        "Engineer"
      ],
      "correct_answer": "B"
    },
    {
      "question": "Which play by Stoppard won a Tony in 2023?",
      "options": [
        "Travesties",
        "The Real Thing",
        "Leopoldstadt",
        "The Coast of Utopia"
      ],
      "correct_answer": "C"
    },
    {
      "question": "Why did Stoppard's family leave Czechoslovakia?",
      "options": [
        "Economic migration",
        "Nazi invasion",
        "Educational pursuit",
        "Family reunion"
      ],
      "correct_answer": "B"
    },
    {
      "question": "Who provided insight into Stoppard's playwriting style?",
      "options": [
        "Kenneth Stoppard",
        "Hermione Lee",
        "Jill Lawless",
        "Tom Stoppard himself"
      ],
      "correct_answer": "B"
    },
    {
      "question": "In which country did Stoppard live after fleeing Singapore?",
      "options": [
        "England",
        "India",
        "USA",
        "Australia"
      ],
      "correct_answer": "B"
    },
    {
      "question": "What theme is common in Stoppard's plays according to the article?",
      "options": [
        "Romance",
        "Science and philosophy",
        "Adventure",
        "Comedy only"
      ],
      "correct_answer": "B"
    },
    {
      "question": "How did Stoppard's early life influence his work?",
      "options": [
        "It made him avoid historical topics",
        "It deepened his exploration of identity and tragedy",
        "It led him to write only comedies",
        "It had no influence"
      ],
      "correct_answer": "B"
    }
  ],
  "background_read": [
    "Tom Stoppard, born in 1937 in Czechoslovakia, experienced significant displacement during World War II as his Jewish family fled the Nazis, first to Singapore and then to India, where his father died. This early trauma and subsequent adaptation to English culture after his mother's remarriage profoundly influenced his literary career. Starting as a journalist and theater critic, Stoppard developed a keen understanding of narrative and critique, which he channeled into playwriting. His works, such as 'Rosencrantz and Guildenstern Are Dead' and 'Leopoldstadt,' often interrogate philosophical and historical themes, reflecting his personal history of loss and identity. Winning multiple Tony Awards and an Oscar, Stoppard's legacy is marked by intellectual depth and emotional resonance, making him a pivotal figure in modern theater whose life story underscores the intersections of art and history."
  ],
  "Article_Structure": [
    "This article provides a comprehensive obituary of Tom Stoppard, detailing his death, life, and artistic contributions. Main Points cover his passing at 88, award-winning plays, and biographical details from his birth in Czechoslovakia to his career. Purpose is to memorialize his legacy and contextualize his impact on theater and film within broader cultural history. Evidence Evaluation relies on credible sources like the Associated Press and biographer quotes, though it lacks primary sources or detailed citations. Author Credibility is solid as Jill Lawless is an established AP journalist, but potential bias towards eulogizing may omit critical perspectives. Methodology involves synthesizing public announcements and historical accounts, offering a factual yet celebratory narrative. Critical Assessment notes the article's strength in highlighting Stoppard's achievements but its limitation in deeper analysis of his works' societal implications or contrasting views."
  ],
  "perspectives": [
    {
      "perspective": "Literary Scholar",
      "description": "Analyzes Stoppard's use of intertextuality and philosophical inquiry in plays like 'Rosencrantz and Guildenstern Are Dead.'"
    },
    {
      "perspective": "Historical Contextualist",
      "description": "Focuses on how his refugee experiences and postwar assimilation informed themes of identity and memory in his oeuvre."
    }
  ],
  "image_url": "/article_images/article_4e8e5b28e7b8d27b_e8a55a0e3212.webp"
}