{
  "title": "The Demise of James Van Der Beek: A Case Study in Celebrity Health Advocacy and Colorectal Cancer Awareness",
  "summary": "James Van Der Beek, acclaimed for his portrayal of Dawson Leery in the seminal teen drama Dawson's Creek, succumbed to bowel cancer at the age of 48. His family disseminated a statement via social media, commemorating his peaceful demise characterized by courage and grace. Diagnosed in the latter half of 2023, Van Der Beek disclosed his condition publicly in November 2024, following a period of symptomatic awareness including alterations in bowel movements—a hallmark of colorectal malignancy. Screening revealed stage three disease, indicative of lymphatic metastasis, underscoring the aggressive progression often associated with delayed detection. A father of six, Van Der Beek's career zenith occurred in the late 1990s and early 2000s, with roles in Dawson's Creek, Varsity Blues, and later appearances in Don't Trust the B---- in Apartment 23 and Dancing with the Stars. During therapeutic interventions, he articulated profound existential crises, lamenting the erosion of his identities as progenitor and provider, yet ultimately affirming his intrinsic worth. Post-diagnosis, he engaged in vigorous advocacy for prophylactic screening, leveraging his platform to mitigate colorectal cancer morbidity. The article incorporates epidemiological data from the Cleveland Clinic, noting the higher incidence in males and the salutary effects of augmented screening on mortality reduction. This narrative intertwines obituary with public health discourse, highlighting the intersection of celebrity influence and medical education.",
  "keywords": [
    {
      "term": "lymphatic metastasis",
      "explanation": "the spread of cancer cells to lymph nodes, indicating advanced disease progression"
    },
    {
      "term": "prophylactic screening",
      "explanation": "preventive medical testing conducted to detect diseases early, before symptoms manifest"
    },
    {
      "term": "existential crisis",
      "explanation": "a period of intense questioning about one's purpose and identity, often triggered by life-altering events"
    },
    {
      "term": "epidemiological data",
      "explanation": "statistical information about the distribution and determinants of health events in populations"
    },
    {
      "term": "morbidity",
      "explanation": "the incidence of disease or the condition of being diseased, often discussed in public health contexts"
    }
  ],
  "questions": [
    {
      "question": "What was the specific type of cancer that led to James Van Der Beek's death?",
      "options": [
        "Colorectal cancer",
        "Lung cancer",
        "Breast cancer",
        "Prostate cancer"
      ],
      "correct_answer": "Colorectal cancer"
    },
    {
      "question": "How did Van Der Beek's cancer stage at diagnosis reflect its severity?",
      "options": [
        "Stage three indicated spread to lymph nodes",
        "Stage one meant it was localized",
        "Stage four suggested distant metastasis",
        "Stage two implied minor growth"
      ],
      "correct_answer": "Stage three indicated spread to lymph nodes"
    },
    {
      "question": "What philosophical realization did Van Der Beek articulate during his treatment?",
      "options": [
        "He affirmed his worthiness of love despite identity loss",
        "He rejected medical interventions",
        "He embraced nihilism",
        "He focused solely on career revival"
      ],
      "correct_answer": "He affirmed his worthiness of love despite identity loss"
    },
    {
      "question": "Which institution provided the epidemiological context on colorectal cancer in the article?",
      "options": [
        "Cleveland Clinic",
        "Mayo Clinic",
        "WHO",
        "CDC"
      ],
      "correct_answer": "Cleveland Clinic"
    },
    {
      "question": "What demographic trend regarding colorectal cancer is highlighted in the article?",
      "options": [
        "Higher incidence in men than women",
        "Equal rates across genders",
        "Predominance in children",
        "Exclusivity in elderly populations"
      ],
      "correct_answer": "Higher incidence in men than women"
    },
    {
      "question": "How did Van Der Beek's advocacy efforts aim to impact public health?",
      "options": [
        "By promoting early screening to reduce mortality",
        "By funding cancer research",
        "By lobbying for policy changes",
        "By developing new treatments"
      ],
      "correct_answer": "By promoting early screening to reduce mortality"
    },
    {
      "question": "What role did social media play in the dissemination of news about Van Der Beek's death?",
      "options": [
        "His family posted a statement there",
        "He live-streamed his treatment",
        "Fans organized memorials online",
        "Doctors shared updates directly"
      ],
      "correct_answer": "His family posted a statement there"
    },
    {
      "question": "Which of Van Der Beek's post-Dawson's Creek roles involved a meta-fictional portrayal?",
      "options": [
        "Don't Trust the B---- in Apartment 23",
        "Dancing with the Stars",
        "Varsity Blues",
        "A medical drama"
      ],
      "correct_answer": "Don't Trust the B---- in Apartment 23"
    },
    {
      "question": "What symptom prompted Van Der Beek's initial medical consultation?",
      "options": [
        "Alterations in bowel habits",
        "Unexplained weight loss",
        "Chronic fatigue",
        "Persistent fever"
      ],
      "correct_answer": "Alterations in bowel habits"
    },
    {
      "question": "How does the article characterize the relationship between celebrity narratives and health education?",
      "options": [
        "As a potent tool for raising awareness",
        "As irrelevant to medical discourse",
        "As primarily entertainment-focused",
        "As a source of misinformation"
      ],
      "correct_answer": "As a potent tool for raising awareness"
    }
  ],
  "background_read": [
    "James Van Der Beek emerged as a cultural icon through his role in Dawson's Creek, a television series that encapsulated adolescent angst and became a touchstone for late-1990s pop culture. His subsequent career spanned film and television, including Varsity Blues and self-referential roles, demonstrating versatility beyond teen drama. Colorectal cancer, a leading cause of cancer-related deaths globally, originates from adenomatous polyps in the colonic mucosa and progresses through stages based on tumor invasion and metastasis. Stage three, as in Van Der Beek's case, involves regional lymph node involvement, necessitating aggressive treatment modalities. The Cleveland Clinic, cited in the article, is a renowned medical center providing evidence-based insights on cancer epidemiology, particularly the gender disparity in incidence rates. Van Der Beek's personal narrative of identity dissolution during illness resonates with psychosocial oncology literature, which examines the impact of cancer on self-concept. His advocacy aligns with public health strategies emphasizing secondary prevention through screening, such as colonoscopies, which have demonstrably reduced colorectal cancer mortality in populations with access to healthcare. This article synthesizes biographical obituary with medical journalism, illustrating how celebrity stories can catalyze health promotion initiatives."
  ],
  "Article_Structure": [
    "Main Points: The article details James Van Der Beek's death from colorectal cancer at 48, covering his diagnosis timeline, symptomatic presentation, stage three disease with lymphatic spread, emotional and identity challenges during treatment, and his post-diagnosis advocacy for early screening. Purpose: To memorialize Van Der Beek while educating on colorectal cancer risks, leveraging his celebrity to underscore public health imperatives. Evidence Evaluation: Relies on primary sources like family statements and Van Der Beek's interviews, supplemented by medical data from the Cleveland Clinic, offering credible but anecdotal evidence; lacks peer-reviewed citations. Author Credibility: BBC Entertainment provides journalistic authority, though the piece is likely compiled by staff without named expertise, potentially introducing bias toward human-interest angles. Methodology: Utilizes digital media reports, interview excerpts, and institutional facts, employing a narrative approach that blends obituary with health reporting. Critical Assessment: Strengths include emotional resonance and clear public health messaging, but limitations involve superficial medical detail and reliance on celebrity narrative over comprehensive epidemiological analysis."
  ],
  "perspectives": [
    {
      "perspective": "Psychosocial impact of illness",
      "description": "Van Der Beek's experience highlights how cancer can destabilize personal identity, prompting existential reflection and resilience, relevant to psychosocial oncology studies."
    }
  ],
  "image_url": "/article_images/article_c1906ae93344b042_e131d2848f5e.webp"
}