{
  "title": "Heather Watson's Injury Setback and Australian Open Absence",
  "summary": "Heather Watson, a 33-year-old British tennis player, has confirmed she will miss the Australian Open this month due to a tendon injury in her glute muscle, which has kept her out of competition since August 2025. This marks her first major injury in her 17-year professional career, causing her world ranking to drop to 269th and her British ranking to ninth. Watson last competed in the US Open qualifying round and has not played since, with her most recent match at Wimbledon in July. Currently, she is undergoing winter training in Florida and has expressed on Instagram that she misses the purpose and challenge of tennis. She aims to return to the tour by the end of February, stating that missing the Australian Open has been emotionally difficult but has fueled her determination to come back stronger. Watson, known for winning the mixed doubles at Wimbledon in 2016, is focused on recovery and resuming her career.",
  "keywords": [
    {
      "term": "tendon injury",
      "explanation": "damage to the tissue that connects muscle to bone, often causing pain and limiting movement"
    },
    {
      "term": "world ranking",
      "explanation": "a system that ranks tennis players globally based on their performance in tournaments"
    },
    {
      "term": "professional career",
      "explanation": "the period during which someone works as a paid athlete or in a specific field"
    },
    {
      "term": "winter training",
      "explanation": "training sessions conducted during the winter season to maintain or improve fitness"
    },
    {
      "term": "recovery",
      "explanation": "the process of healing and regaining strength after an injury or illness"
    }
  ],
  "questions": [
    {
      "question": "What type of injury does Heather Watson have?",
      "options": [
        "Tendon issue in her glute",
        "Broken leg",
        "Shoulder strain",
        "Knee sprain"
      ],
      "correct_answer": "Tendon issue in her glute"
    },
    {
      "question": "How has Watson's injury affected her rankings?",
      "options": [
        "Dropped to 269th in world and ninth in Britain",
        "Improved to top 100",
        "Stayed the same",
        "She retired from rankings"
      ],
      "correct_answer": "Dropped to 269th in world and ninth in Britain"
    },
    {
      "question": "When does Watson hope to return to tennis?",
      "options": [
        "End of February",
        "Next month",
        "End of year",
        "She is retiring"
      ],
      "correct_answer": "End of February"
    },
    {
      "question": "Where did Watson last play a match before her injury?",
      "options": [
        "US Open qualifying",
        "Australian Open",
        "Wimbledon final",
        "French Open"
      ],
      "correct_answer": "US Open qualifying"
    },
    {
      "question": "What achievement is Watson known for in her career?",
      "options": [
        "Winning mixed doubles at Wimbledon in 2016",
        "Winning the Australian Open",
        "Being world number one",
        "Retiring early"
      ],
      "correct_answer": "Winning mixed doubles at Wimbledon in 2016"
    },
    {
      "question": "How has Watson expressed her feelings about missing the Australian Open?",
      "options": [
        "Sad but motivated with a fire inside",
        "Happy to take a break",
        "Angry at the tournament",
        "Indifferent and uncaring"
      ],
      "correct_answer": "Sad but motivated with a fire inside"
    },
    {
      "question": "What is Watson doing currently to prepare for her return?",
      "options": [
        "Winter training in Florida",
        "Resting at home",
        "Playing in small tournaments",
        "Coaching other players"
      ],
      "correct_answer": "Winter training in Florida"
    },
    {
      "question": "How long has Watson been a professional tennis player?",
      "options": [
        "17 years",
        "5 years",
        "10 years",
        "20 years"
      ],
      "correct_answer": "17 years"
    }
  ],
  "background_read": [
    "Heather Watson is a seasoned British tennis player with a career spanning 17 years, highlighted by winning the mixed doubles title at Wimbledon in 2016. The Australian Open is one of the four Grand Slam tournaments in tennis, held annually in Melbourne, and missing it due to injury can significantly impact a player's ranking and career momentum. Injuries like tendon issues are common in sports and require careful rehabilitation. Players often use social media, like Instagram, to update fans on their recovery progress and mental state during setbacks."
  ],
  "Article_Structure": [
    "Main Points: Watson's injury has caused her to miss the Australian Open, dropping her rankings, with plans to return by February. Purpose: To inform about her injury status and recovery journey, highlighting the emotional and professional impact. Evidence Evaluation: Based on Watson's Instagram post and career data, providing credible personal insights but limited medical details. Author Credibility: The BBC is a reputable source, but the article relies on Watson's statements without independent verification. Methodology: Uses direct quotes from Watson and factual career statistics to report on her situation."
  ],
  "perspectives": [
    {
      "perspective": "Athlete's Perspective",
      "description": "Watson views the injury as a setback but uses it as motivation to recover and return stronger, emphasizing the emotional toll and determination."
    }
  ],
  "image_url": "/article_images/article_b895374a3ae62d1e_1eb0bb5a05c4.webp"
}