{
  "title": "Tragedy Strikes a Literary Icon: Adichie's Son Passes Away",
  "summary": "Nigerian author Chimamanda Ngozi Adichie, a prominent figure in postcolonial feminist literature, is mourning the loss of her 21-month-old twin son, Nkanu Nnamdi. The child died after a brief illness, as confirmed by a family statement issued by Omawumi Ogbe. The statement expresses devastation and requests privacy and prayers from well-wishers. Adichie, known for works like 'Half of a Yellow Sun' and 'Americanah,' as well as her influential TED Talk 'We Should All Be Feminists,' is based in the US and explores themes of gender and immigration. She had her first child, a daughter, in 2016, and her twin boys were born via surrogate in 2024. Nigeria's President Bola Tinubu has offered condolences, emphasizing the profound grief of losing a child. Adichie's literary achievements include being listed in Time Magazine's 100 most influential people and having her novel voted the best Women's Prize for Fiction winner. In recent interviews, she discussed her desire for her books to be read in Africa and her experiences with writer's block. This article highlights the personal tragedy amid her public legacy, showing how communities rally in times of loss.",
  "keywords": [
    {
      "term": "postcolonial feminist literature",
      "explanation": "books and writings that focus on women's issues in countries after gaining independence from colonial rule"
    },
    {
      "term": "surrogate",
      "explanation": "a woman who carries and gives birth to a baby for another person, often used in assisted reproduction"
    },
    {
      "term": "condolences",
      "explanation": "expressions of sympathy and support offered to someone who has experienced a loss"
    },
    {
      "term": "writer's block",
      "explanation": "a period when a writer finds it difficult to produce new work or ideas"
    },
    {
      "term": "TED Talk",
      "explanation": "a short, influential speech given at TED conferences to share ideas on various topics"
    },
    {
      "term": "Women's Prize for Fiction",
      "explanation": "a literary award given annually to a female author for the best novel written in English"
    }
  ],
  "questions": [
    {
      "question": "What is Chimamanda Ngozi Adichie known for in literature?",
      "options": [
        "Postcolonial feminist works",
        "Science fiction novels",
        "Children's books",
        "Historical biographies"
      ],
      "correct_answer": "Postcolonial feminist works"
    },
    {
      "question": "How did Adichie's twin boys come into the world?",
      "options": [
        "Born via surrogate",
        "Adopted from another country",
        "Born naturally in Nigeria",
        "Born in a US hospital"
      ],
      "correct_answer": "Born via surrogate"
    },
    {
      "question": "Who issued the family statement about the son's death?",
      "options": [
        "Omawumi Ogbe",
        "President Tinubu",
        "Adichie herself",
        "A BBC reporter"
      ],
      "correct_answer": "Omawumi Ogbe"
    },
    {
      "question": "What did President Tinubu say about losing a child?",
      "options": [
        "No grief is as devastating",
        "It is a common experience",
        "Time heals all wounds",
        "Children are resilient"
      ],
      "correct_answer": "No grief is as devastating"
    },
    {
      "question": "Which of Adichie's works was sampled by Beyoncé?",
      "options": [
        "We Should All Be Feminists",
        "Half of a Yellow Sun",
        "Americanah",
        "Dream Count"
      ],
      "correct_answer": "We Should All Be Feminists"
    },
    {
      "question": "What award did 'Half of a Yellow Sun' win in a 2020 vote?",
      "options": [
        "Best Women's Prize for Fiction winner",
        "Nobel Prize in Literature",
        "Pulitzer Prize",
        "Booker Prize"
      ],
      "correct_answer": "Best Women's Prize for Fiction winner"
    },
    {
      "question": "What theme does Adichie often explore in her writing?",
      "options": [
        "Gender and immigration",
        "Space exploration",
        "Ancient history",
        "Cooking recipes"
      ],
      "correct_answer": "Gender and immigration"
    },
    {
      "question": "Where is Adichie based for her writing career?",
      "options": [
        "United States",
        "Nigeria only",
        "United Kingdom",
        "Canada"
      ],
      "correct_answer": "United States"
    }
  ],
  "background_read": [
    "Chimamanda Ngozi Adichie is a celebrated Nigerian author whose work has gained international acclaim for addressing complex social issues. Born in Nigeria and now based in the US, she writes novels, essays, and speeches that delve into postcolonial themes, feminism, and immigration. Her influential TED Talk, 'We Should All Be Feminists,' has been widely shared and even incorporated into pop culture by artists like Beyoncé. Adichie's personal life includes motherhood, with a daughter born in 2016 and twin sons via surrogate in 2024, highlighting modern family dynamics. The article discusses the tragic loss of one of her twins, underscoring how public figures navigate private grief while receiving support from global communities, including political leaders like Nigeria's President Tinubu. This context helps middle school students understand the intersection of personal tragedy and public legacy in the life of a literary icon."
  ],
  "Article_Structure": [
    "This article reports on the death of Chimamanda Ngozi Adichie's young son, blending personal tragedy with her public profile. Main Points: The loss of her 21-month-old twin after a brief illness, family's request for privacy, and expressions of condolence from figures like President Tinubu. Purpose: To inform readers about the sad event while highlighting Adichie's literary significance and community support. Evidence Evaluation: Relies on an official family statement and public figures' comments, providing credible but emotionally charged sources. Author Credibility: The BBC is a reputable news source, ensuring factual reporting, though the content is sensitive. Methodology: Uses statements, interviews, and historical context to build a narrative around Adichie's life and the current situation."
  ],
  "perspectives": [
    {
      "perspective": "Personal grief",
      "description": "Adichie and her family experience deep sorrow, emphasizing the human aspect of loss."
    },
    {
      "perspective": "Public legacy",
      "description": "The article connects the tragedy to Adichie's influential career, showing how her work continues to resonate amid personal challenges."
    }
  ],
  "image_url": "/article_images/article_34a92d8545c731df_9a8cd9c27088.webp"
}