{
  "title": "Analyzing the Implications of a Gender-Based Tennis Exhibition",
  "summary": "In a recent BBC Sport feature, Aryna Sabalenka, the reigning women's tennis world number one, asserts that the upcoming 'Battle of the Sexes' exhibition match with Nick Kyrgios will not detrimentally affect women's sport. Scheduled for December in Dubai, this event revives historical gender competitions in tennis, with Sabalenka emphasizing its entertainment value and lack of risk to her professional standing. Concurrently, Kyrgios, the 2022 Wimbledon finalist, confronts significant criticism for his participation, rooted in his 2021 guilty plea for assaulting an ex-girlfriend and a pattern of comments widely regarded as misogynistic. Sabalenka's stance highlights a strategic effort to normalize such exhibitions while safeguarding the progress of women's tennis. The article delves into the complex interplay of sportsmanship, gender representation, and athlete accountability, presenting Sabalenka's optimism against a backdrop of public skepticism. It underscores broader societal debates on how sports media handles controversial figures and the potential impacts on fan perception and institutional integrity. Through this lens, the match serves as a case study in modern sports ethics, balancing spectacle with substantive discussion on equality and conduct in professional athletics.",
  "keywords": [
    {
      "term": "sports ethics",
      "explanation": "the moral principles governing behavior in sports, including fairness and integrity"
    },
    {
      "term": "gender representation",
      "explanation": "how men and women are portrayed and valued in sports contexts, affecting equality"
    },
    {
      "term": "athlete accountability",
      "explanation": "the responsibility of athletes for their actions, both on and off the field"
    },
    {
      "term": "public skepticism",
      "explanation": "doubt or disbelief from the general audience, often due to controversies"
    },
    {
      "term": "institutional integrity",
      "explanation": "the credibility and ethical standards of sports organizations and media"
    }
  ],
  "questions": [
    {
      "question": "What is Aryna Sabalenka's current ranking in women's tennis?",
      "options": [
        "World number one",
        "Top 10",
        "Outside top 50",
        "Retired"
      ],
      "correct_answer": "World number one"
    },
    {
      "question": "Where and when is the 'Battle of the Sexes' match set to occur?",
      "options": [
        "Dubai in December",
        "London in July",
        "New York in September",
        "Paris in June"
      ],
      "correct_answer": "Dubai in December"
    },
    {
      "question": "Why is Nick Kyrgios's participation particularly controversial?",
      "options": [
        "Due to his past assault charge and misogynistic remarks",
        "Because he is an amateur player",
        "He has never won a match",
        "He is too old"
      ],
      "correct_answer": "Due to his past assault charge and misogynistic remarks"
    },
    {
      "question": "How does Sabalenka characterize the match's risk to women's sport?",
      "options": [
        "As minimal or non-existent",
        "As highly dangerous",
        "As uncertain",
        "As beneficial only if she wins"
      ],
      "correct_answer": "As minimal or non-existent"
    },
    {
      "question": "What historical context does the 'Battle of the Sexes' evoke in tennis?",
      "options": [
        "Past gender competitions like King vs Riggs",
        "Ancient Olympic games",
        "World War era matches",
        "Childhood tournaments"
      ],
      "correct_answer": "Past gender competitions like King vs Riggs"
    },
    {
      "question": "What broader societal issue does the article explore?",
      "options": [
        "Gender equality and athlete conduct",
        "Tennis equipment advancements",
        "Sports marketing strategies",
        "Player fitness regimens"
      ],
      "correct_answer": "Gender equality and athlete conduct"
    },
    {
      "question": "How does the article source its information?",
      "options": [
        "Through interviews with Sabalenka and Kyrgios",
        "From anonymous leaks",
        "Via scientific studies",
        "Through fan polls"
      ],
      "correct_answer": "Through interviews with Sabalenka and Kyrgios"
    },
    {
      "question": "What is implied about BBC Sport's role in the coverage?",
      "options": [
        "It provides credible journalistic reporting",
        "It promotes biased opinions",
        "It ignores key facts",
        "It focuses only on entertainment"
      ],
      "correct_answer": "It provides credible journalistic reporting"
    },
    {
      "question": "What critical assessment can be made of the article's methodology?",
      "options": [
        "It relies on direct athlete quotes but lacks diverse perspectives",
        "It uses extensive statistical analysis",
        "It is based on fictional narratives",
        "It involves experimental research"
      ],
      "correct_answer": "It relies on direct athlete quotes but lacks diverse perspectives"
    },
    {
      "question": "How might the match impact fan perception of women's tennis?",
      "options": [
        "It could spark debate but also increase visibility",
        "It will definitely harm its reputation",
        "It has no effect whatsoever",
        "It only benefits men's tennis"
      ],
      "correct_answer": "It could spark debate but also increase visibility"
    }
  ],
  "background_read": [
    "The 'Battle of the Sexes' concept in tennis dates to the 1973 match between Billie Jean King and Bobby Riggs, symbolizing gender equality struggles. In contemporary sports, issues like athlete misconduct, media representation, and ethical standards are critical. Sabalenka's position as world number one adds weight to her views, while Kyrgios's controversies reflect broader challenges in holding athletes accountable. The BBC, as a public service broadcaster, often addresses such topics with balanced journalism, though limitations may arise from reliance on star interviews. Understanding sports sociology and media ethics is essential to evaluate how exhibitions influence public discourse, fan engagement, and the ongoing fight for gender parity in athletics globally."
  ],
  "Article_Structure": [
    "The article's main points detail Sabalenka's confidence in the match's safety for women's sport and Kyrgios's response to criticism, set against historical gender competitions. Its purpose is to analyze athlete perspectives and societal debates on gender in sports. Evidence evaluation shows credible firsthand accounts from interviews, but limited scope may overlook external critiques. Author credibility is high due to BBC Sport's reputation, though potential bias towards sensationalism exists. Methodology involves journalistic reporting based on video or audio interviews, offering direct insights but lacking comprehensive research. Critical assessment notes strengths in presenting both sides, but weaknesses in depth and consideration of long-term impacts on sports ethics."
  ],
  "perspectives": [
    {
      "perspective": "Sabalenka's optimistic view",
      "description": "She frames the match as a harmless spectacle that promotes tennis and women's athleticism, aligning with broader efforts to enhance sport visibility."
    },
    {
      "perspective": "Skeptical critique",
      "description": "Critics argue that associating women's sport with figures like Kyrgios, given his history, risks normalizing misconduct and undermining gender equality gains, calling for more stringent ethical considerations in sports media."
    }
  ],
  "image_url": "/article_images/article_9297561fb1d86a9d_db8d0ae74139.webp"
}