{
  "title": "A Great Deal for Apple TV Shows",
  "summary": "This article talks about a special Black Friday deal for Apple TV, a streaming service where you can watch many TV shows and movies. Normally, it costs $12.99 per month, but for six months, you can get it for only $5.99 per month, which is half off. This deal is available in the US and UK until December 1, 2025. Apple TV has popular shows like 'Ted Lasso' and 'Severance', and you can watch it on devices like iPhones, smart TVs, and gaming consoles. The author thinks it's a fantastic offer to try out the service and enjoy lots of entertainment.",
  "keywords": [
    {
      "term": "streaming service",
      "explanation": "a way to watch TV shows and movies over the internet"
    },
    {
      "term": "discount",
      "explanation": "a lower price than usual"
    },
    {
      "term": "Black Friday",
      "explanation": "a day after Thanksgiving with big sales"
    },
    {
      "term": "library",
      "explanation": "a collection of shows and movies available to watch"
    },
    {
      "term": "affiliate commission",
      "explanation": "money earned when someone buys through a link"
    },
    {
      "term": "Siri",
      "explanation": "a voice assistant on Apple devices"
    }
  ],
  "questions": [
    {
      "question": "What is the normal monthly price for Apple TV in the US?",
      "options": [
        "$5.99",
        "$12.99",
        "$9.99",
        "$4.99"
      ],
      "correct_answer": "$12.99"
    },
    {
      "question": "How long does the discount last?",
      "options": [
        "3 months",
        "6 months",
        "1 year",
        "2 years"
      ],
      "correct_answer": "6 months"
    },
    {
      "question": "Which show is NOT mentioned in the article?",
      "options": [
        "Ted Lasso",
        "Severance",
        "Stranger Things",
        "The Morning Show"
      ],
      "correct_answer": "Stranger Things"
    },
    {
      "question": "Where can you watch Apple TV?",
      "options": [
        "Only on Apple devices",
        "On smart TVs and gaming consoles",
        "Only in movie theaters",
        "On books"
      ],
      "correct_answer": "On smart TVs and gaming consoles"
    },
    {
      "question": "What is Black Friday known for?",
      "options": [
        "Big discounts",
        "New year celebrations",
        "School holidays",
        "Sports events"
      ],
      "correct_answer": "Big discounts"
    },
    {
      "question": "When does the deal end?",
      "options": [
        "December 1, 2025",
        "January 1, 2025",
        "November 30, 2024",
        "December 25, 2025"
      ],
      "correct_answer": "December 1, 2025"
    }
  ],
  "background_read": [
    "Black Friday is a popular shopping day with many sales. Streaming services like Apple TV let people watch shows online. Discounts help save money, and this article encourages trying Apple TV during the sale."
  ],
  "Article_Structure": [
    "WHO: TechRadar, a tech news website",
    "WHAT: A special discount offer for Apple TV streaming service",
    "WHERE: Available in the US and UK",
    "WHY: To help people save money and enjoy shows during Black Friday"
  ],
  "perspectives": [
    {
      "perspective": "Consumer view",
      "description": "People can save money and access entertainment easily"
    },
    {
      "perspective": "Business view",
      "description": "Apple uses discounts to attract more subscribers"
    }
  ],
  "image_url": "/article_images/article_32f64ba84c6e2d09_9c22a36b81a9.webp"
}