{
  "title": "Trade Policy Shifts: Asia's Response to U.S. Court Ruling on Tariffs",
  "summary": "The U.S. Supreme Court recently ruled that many tariffs announced by President Trump in 2025 are illegal, leading to significant changes in trade policy. As a result, U.S. customs will halt collection of these tariffs, but Trump has announced new global levies of 15% on goods entering the U.S. This development creates fresh uncertainty for key Asian trading partners like India and Indonesia, who had invested time and resources in negotiating trade deals with Washington. While the lower tariff rate may benefit some Asian countries previously facing higher levies, analysts warn that uncertainties persist because the current U.S. administration remains committed to enforcing higher tariffs. Trade deals signed recently lack the binding agreements of traditional pacts, allowing for potential revisions. Smaller Asian economies are particularly cautious, as their economic success may depend on maintaining positive relations with the Trump administration. Governments across the region, including China, are evaluating the ruling's impact; China is conducting a comprehensive assessment as it prepares to host Trump for a meeting in early April. Despite the ruling, U.S. Trade Representative Jamieson Greer stated that it should not affect upcoming talks with China, which focus on ensuring China upholds agreements to purchase American agricultural products and other goods. This situation highlights the ongoing volatility in international trade relations under Trump's policies.",
  "keywords": [
    {
      "term": "Supreme Court ruling",
      "explanation": "a legal decision by the highest court in the U.S. that declared certain tariffs unlawful"
    },
    {
      "term": "global levies",
      "explanation": "taxes imposed by a country on goods imported from around the world"
    },
    {
      "term": "trade deals",
      "explanation": "formal agreements between countries to regulate trade, often involving terms like tariffs and investments"
    },
    {
      "term": "binding agreements",
      "explanation": "contracts or pacts that are legally enforceable and difficult to change"
    },
    {
      "term": "volatility",
      "explanation": "the tendency to change rapidly and unpredictably, especially in economic contexts"
    }
  ],
  "questions": [
    {
      "question": "What was the outcome of the U.S. Supreme Court ruling regarding Trump's tariffs?",
      "options": [
        "They were declared illegal",
        "They were increased",
        "They were praised",
        "They were ignored"
      ],
      "correct_answer": "They were declared illegal"
    },
    {
      "question": "What new tariff rate has Trump proposed after the court ruling?",
      "options": [
        "10%",
        "15%",
        "20%",
        "25%"
      ],
      "correct_answer": "15%"
    },
    {
      "question": "How have Asian countries like India and Indonesia been affected by the ruling?",
      "options": [
        "They face uncertainty after negotiating trade deals",
        "They have stopped all trade with the U.S.",
        "They are celebrating a clear victory",
        "They are imposing their own tariffs"
      ],
      "correct_answer": "They face uncertainty after negotiating trade deals"
    },
    {
      "question": "Why do analysts say uncertainties remain despite the lower tariff rate?",
      "options": [
        "Because the U.S. administration still wants higher tariffs",
        "Because Asian countries are not interested in trade",
        "Because tariffs are always stable",
        "Because the court ruling was overturned"
      ],
      "correct_answer": "Because the U.S. administration still wants higher tariffs"
    },
    {
      "question": "What is a key issue with recent trade deals signed with the U.S., according to the article?",
      "options": [
        "They lack binding agreements",
        "They are too expensive",
        "They favor only the U.S.",
        "They are permanent"
      ],
      "correct_answer": "They lack binding agreements"
    },
    {
      "question": "Why are smaller Asian economies cautious about upsetting Trump?",
      "options": [
        "Their success depends on their relationship with the administration",
        "They want to start a trade war",
        "They have strong independent policies",
        "They don't care about trade"
      ],
      "correct_answer": "Their success depends on their relationship with the administration"
    },
    {
      "question": "What is China doing in response to the ruling?",
      "options": [
        "Conducting a comprehensive assessment",
        "Ignoring it completely",
        "Increasing its own tariffs",
        "Ending all talks with the U.S."
      ],
      "correct_answer": "Conducting a comprehensive assessment"
    },
    {
      "question": "What is the focus of the upcoming U.S.-China meeting, according to Jamieson Greer?",
      "options": [
        "Ensuring China buys American products",
        "Discussing new tariffs",
        "Fighting about trade",
        "Ending the trade war"
      ],
      "correct_answer": "Ensuring China buys American products"
    }
  ],
  "background_read": [
    "International trade involves the exchange of goods and services between countries, often regulated by tariffs, which are taxes on imports. Trade wars occur when countries impose high tariffs on each other, leading to economic tensions. The U.S. Supreme Court plays a key role in interpreting laws, including those related to trade policies. In this context, President Trump's tariffs, announced in 2025, were part of a broader strategy to protect U.S. industries, but the court's ruling against them highlights legal limits on executive power. Asian countries, as major trading partners, are deeply affected by such U.S. policies, and their responses involve careful evaluation of economic impacts and diplomatic relations. This article illustrates how court decisions can reshape global trade dynamics and create uncertainty for nations reliant on stable agreements."
  ],
  "Article_Structure": [
    "Main Points: The U.S. Supreme Court ruled Trump's 2025 tariffs illegal, causing U.S. customs to halt collections, but Trump plans new 15% global levies, creating uncertainty for Asian trading partners like India and Indonesia. Purpose: To inform about the legal and policy shifts in U.S. trade under Trump and their implications for Asia. Evidence Evaluation: The article cites the Supreme Court ruling, statements from Trump and U.S. officials, and analyst comments from Oxford Economics, providing credible but limited sources. Author Credibility: The BBC is a reputable news source, but the article relies on secondary reporting without direct author expertise. Methodology: Information is gathered from official announcements, expert analysis, and news reports, offering a timely overview but lacking in-depth data or primary research."
  ],
  "perspectives": [
    {
      "perspective": "Asian governments",
      "description": "They are reassessing trade strategies and investments due to the unpredictable U.S. policy environment."
    },
    {
      "perspective": "U.S. administration",
      "description": "They continue to advocate for higher tariffs despite legal setbacks, focusing on enforcement and bilateral deals."
    },
    {
      "perspective": "Economic analysts",
      "description": "They highlight ongoing uncertainties and the fragile nature of recent trade agreements."
    }
  ],
  "image_url": "/article_images/article_3bcf6bcc9b0a6fcf_ee6c992377f0.webp"
}