{
  "title": "Debate Over BBC Leadership Stability",
  "summary": "Dame Caroline Dinenage, head of the Culture, Media and Sport Committee, has stated that now is not the appropriate time to replace BBC chairman Samir Shah. She emphasized the need for stability at the corporation, which is experiencing turmoil following the resignations of director general Tim Davie and CEO of News Deborah Turness. These departures were linked to a Panorama episode that edited parts of a 2021 speech by Donald Trump, leading Trump to threaten a defamation lawsuit. Dame Caroline described Shah's recent evidence to the committee as 'wishy-washy' but advised against further leadership changes, suggesting the BBC should instead focus on selecting new top executives and beginning the Charter Review process. She highlighted internal chaos and issues with the board's operations, citing a leaked memo from former adviser Michael Prescott and concerns over board dynamics. Shah, however, asserts his intention to address the problems and not abandon his role. This situation underscores the challenges in maintaining effective leadership during crises at major public institutions.",
  "keywords": [
    {
      "term": "defamation",
      "explanation": "the act of harming someone's reputation by spreading false information"
    },
    {
      "term": "Charter Review",
      "explanation": "a process to evaluate and update the BBC's governing document"
    },
    {
      "term": "select committee",
      "explanation": "a group of lawmakers that investigates specific issues"
    },
    {
      "term": "Panorama",
      "explanation": "a BBC TV program known for investigative journalism"
    },
    {
      "term": "resignation",
      "explanation": "the formal act of leaving a job or position"
    },
    {
      "term": "board operations",
      "explanation": "how the group that oversees an organization functions"
    },
    {
      "term": "leaked memo",
      "explanation": "a private document that is shared without permission"
    },
    {
      "term": "stability",
      "explanation": "a state of being steady and not prone to sudden changes"
    }
  ],
  "questions": [
    {
      "question": "What is Dame Caroline Dinenage's role?",
      "options": [
        "BBC Chairman",
        "Head of the Culture, Media and Sport Committee",
        "Director General of BBC",
        "News CEO"
      ],
      "correct_answer": "Head of the Culture, Media and Sport Committee"
    },
    {
      "question": "Why did Tim Davie and Deborah Turness resign?",
      "options": [
        "Due to budget cuts",
        "Because of a Panorama episode editing Trump's speech",
        "They were fired by the board",
        "They retired after long careers"
      ],
      "correct_answer": "Because of a Panorama episode editing Trump's speech"
    },
    {
      "question": "How did Dame Caroline describe Samir Shah's evidence?",
      "options": [
        "Clear and convincing",
        "Wishy-washy",
        "Highly detailed",
        "Not relevant"
      ],
      "correct_answer": "Wishy-washy"
    },
    {
      "question": "What does the Charter Review involve?",
      "options": [
        "Reviewing the BBC's funding",
        "Evaluating and updating the BBC's governing document",
        "Hiring new staff",
        "Changing TV schedules"
      ],
      "correct_answer": "Evaluating and updating the BBC's governing document"
    },
    {
      "question": "What action has Donald Trump taken regarding the BBC?",
      "options": [
        "Praised them publicly",
        "Threatened a defamation lawsuit",
        "Donated money to them",
        "Ignored the issue"
      ],
      "correct_answer": "Threatened a defamation lawsuit"
    },
    {
      "question": "What issue was raised about the BBC board?",
      "options": [
        "It is too large",
        "There are concerns about how it operates",
        "It has no power",
        "It is very effective"
      ],
      "correct_answer": "There are concerns about how it operates"
    },
    {
      "question": "What did Shumeet Banerji claim in his resignation letter?",
      "options": [
        "He was promoted",
        "He was not invited to meetings where Turness's confidence was discussed",
        "He supported the edits to Trump's speech",
        "He resigned due to health reasons"
      ],
      "correct_answer": "He was not invited to meetings where Turness's confidence was discussed"
    },
    {
      "question": "What is Shah's stance on his position?",
      "options": [
        "He plans to resign soon",
        "He intends to fix problems and not leave",
        "He wants to sue the BBC",
        "He is unsure about staying"
      ],
      "correct_answer": "He intends to fix problems and not leave"
    }
  ],
  "background_read": [
    "The BBC, or British Broadcasting Corporation, is a public service broadcaster in the UK funded by television license fees. It is governed by a royal charter that outlines its purposes and operations, reviewed periodically. Recently, the BBC faced internal strife after a Panorama program edited a speech by former US President Donald Trump, leading to high-level resignations and legal threats. Select committees in Parliament, like the Culture, Media and Sport Committee, oversee such issues and provide recommendations. This context helps understand the calls for leadership stability and internal reforms discussed in the article."
  ],
  "Article_Structure": [
    "This article analyzes the BBC's leadership crisis, focusing on main points like calls for stability from Dame Caroline Dinenage amid resignations linked to a Trump-related editorial issue. The purpose is to inform the public and policymakers about the need for consistent leadership during organizational turmoil. Evidence includes direct quotes from committee hearings and a leaked memo, though some accounts like Shah's are questioned for selectivity. Author credibility is assumed as BBC Entertainment, a reputable source, but specific expertise isn't detailed. Methodology relies on reported statements and events, providing a factual basis but limited independent verification."
  ],
  "perspectives": [
    {
      "perspective": "Dame Caroline's perspective",
      "description": "She advocates for no immediate leadership change to ensure stability and internal reform at the BBC."
    },
    {
      "perspective": "Samir Shah's perspective",
      "description": "He is committed to resolving issues and maintaining his role as chairman."
    },
    {
      "perspective": "Shumeet Banerji's perspective",
      "description": "He resigned, claiming lack of inclusion in board discussions about confidence in leadership."
    }
  ],
  "image_url": "/article_images/article_fd4004b52374dc0f_d07afe3529bc.webp"
}