{
  "title": "Legal and Economic Ramifications of Trump's Tariff Policies Post-Supreme Court Ruling",
  "summary": "The article analyzes the Supreme Court's ruling that invalidated President Donald Trump's use of emergency powers to impose reciprocal tariffs, a key component of his trade strategy aimed at restructuring global economic order. While this decision theoretically halves the average tariff rate from approximately 15% to lower levels, tariffs enacted under alternative legal frameworks persist, maintaining rates above 6%. Importers have demonstrated agility by reconfigured supply chains, particularly away from China, thereby absorbing costs and mitigating inflationary pressures in the U.S. Despite the legal setback, tariff revenues peaked at $240 billion, underscoring the fiscal incentives for maintaining high tariffs. Trump may explore other legal avenues, such as the International Emergency Economic Powers Act (IEEPA), to replicate these measures. The piece critically assesses the broader implications for international trade dynamics, economic growth, and the balance of power between executive authority and judicial oversight.",
  "keywords": [
    {
      "term": "reciprocal tariffs",
      "explanation": "tariffs imposed under emergency powers in response to foreign trade actions, now limited by the Supreme Court"
    },
    {
      "term": "supply chain reconfiguration",
      "explanation": "strategic shifts by importers to source goods from less tariffed countries, reducing cost impacts"
    },
    {
      "term": "IEEPA",
      "explanation": "International Emergency Economic Powers Act, a potential legal tool for Trump to enforce tariffs without emergency powers"
    },
    {
      "term": "judicial oversight",
      "explanation": "the Supreme Court's role in checking executive power, as seen in the tariff ruling"
    }
  ],
  "questions": [
    {
      "question": "What legal basis did the Supreme Court challenge in Trump's tariff strategy?",
      "options": [
        "Use of emergency powers for reciprocal tariffs",
        "All tariff impositions",
        "Trade deals with the UK",
        "Importers' supply chain changes"
      ],
      "correct_answer": "Use of emergency powers for reciprocal tariffs"
    },
    {
      "question": "How have importers mitigated the effects of high tariffs on U.S. inflation?",
      "options": [
        "By reconfiguring supply chains and absorbing costs",
        "By lobbying for tariff removal",
        "By increasing prices uniformly",
        "By halting all imports"
      ],
      "correct_answer": "By reconfiguring supply chains and absorbing costs"
    },
    {
      "question": "What is the significance of the $240 billion in tariff revenues mentioned?",
      "options": [
        "It highlights fiscal incentives for maintaining tariffs",
        "It shows tariffs have no economic impact",
        "It indicates a decrease in trade",
        "It proves tariffs are illegal"
      ],
      "correct_answer": "It highlights fiscal incentives for maintaining tariffs"
    },
    {
      "question": "Which legal act might Trump use to replicate tariffs post-ruling?",
      "options": [
        "International Emergency Economic Powers Act (IEEPA)",
        "Trade Expansion Act",
        "Supreme Court Act",
        "Import Duty Law"
      ],
      "correct_answer": "International Emergency Economic Powers Act (IEEPA)"
    },
    {
      "question": "What does the article suggest about the average tariff rate after the ruling?",
      "options": [
        "It remains above 6% due to other tariffs",
        "It drops to zero",
        "It increases to 15%",
        "It only affects European countries"
      ],
      "correct_answer": "It remains above 6% due to other tariffs"
    },
    {
      "question": "How does the article evaluate the evidence on tariff impacts?",
      "options": [
        "It uses data on rates and revenues but lacks detailed sourcing",
        "It relies solely on presidential statements",
        "It provides comprehensive peer-reviewed studies",
        "It ignores economic data"
      ],
      "correct_answer": "It uses data on rates and revenues but lacks detailed sourcing"
    },
    {
      "question": "What broader implication does the ruling have for executive power?",
      "options": [
        "It reinforces judicial checks on presidential authority",
        "It expands Trump's emergency powers",
        "It eliminates all trade policies",
        "It only affects tariff revenues"
      ],
      "correct_answer": "It reinforces judicial checks on presidential authority"
    },
    {
      "question": "Which sectors are exempt from the ruling under the UK-US deal?",
      "options": [
        "Steel, pharmaceuticals, and autos",
        "All manufacturing sectors",
        "Agriculture and textiles",
        "No sectors are exempt"
      ],
      "correct_answer": "Steel, pharmaceuticals, and autos"
    },
    {
      "question": "What critical assessment does the article make of Trump's trade strategy?",
      "options": [
        "It risks economic growth but shows adaptability in implementation",
        "It is entirely successful and unchallenged",
        "It has no legal basis whatsoever",
        "It only benefits the U.S. economy"
      ],
      "correct_answer": "It risks economic growth but shows adaptability in implementation"
    },
    {
      "question": "How does the article address author credibility?",
      "options": [
        "It notes BBC Business's reputation but lacks author attribution",
        "It provides detailed author expertise",
        "It dismisses the source as biased",
        "It ignores credibility entirely"
      ],
      "correct_answer": "It notes BBC Business's reputation but lacks author attribution"
    }
  ],
  "background_read": [
    "This article delves into the complex interplay between trade policy, legal frameworks, and economic adaptation. Tariffs, as tools of economic statecraft, can reshape global trade patterns, but their implementation often faces judicial scrutiny, as seen with the Supreme Court's ruling on emergency powers. Understanding concepts like reciprocal tariffs, supply chain dynamics, and fiscal incentives is crucial for analyzing how nations navigate trade disputes. The piece raises questions about executive authority, the role of courts in trade policy, and the long-term impacts on international relations and growth, providing a foundation for critical discussion on contemporary economic issues."
  ],
  "Article_Structure": [
    "Main Points: The Supreme Court limited Trump's use of emergency powers for reciprocal tariffs, reducing some rates but leaving others intact, while importers adapted supply chains to mute inflation. Purpose: To analyze the legal and economic consequences of the ruling, assessing Trump's trade strategy and future possibilities. Evidence Evaluation: Cites specific tariff rates and revenues, but evidence is descriptive without rigorous sourcing, limiting depth. Author Credibility: BBC Business offers general credibility, yet absence of named authors reduces transparency on expertise. Methodology: Relies on reporting of court decisions and economic data, with interpretive analysis but no primary research. Critical Assessment: Strengths include clear explanation of trade dynamics; limitations involve lack of detailed evidence and potential bias in framing Trump's actions."
  ],
  "perspectives": [
    {
      "perspective": "Legal institutional view",
      "description": "Emphasizes the Supreme Court's role in constraining executive overreach in trade policy."
    },
    {
      "perspective": "Economic adaptive view",
      "description": "Focuses on how market actors like importers innovate to cope with tariff-induced disruptions."
    }
  ],
  "image_url": "/article_images/article_f243a166b3dafd9e_3fbf3103dced.webp"
}