{
  "title": "Catastrophic Landslides in New Zealand: Analyzing the Impact of Extreme Weather and Emergency Management",
  "summary": "Severe landslides in New Zealand's North Island, precipitated by unprecedented heavy rainfall, have resulted in two fatalities and multiple individuals missing, including a young girl, highlighting the devastating consequences of extreme weather events. The incidents occurred at distinct locations: Welcome Bay and the Mount Maunganui campground, an extinct volcano revered as a sacred Māori site and a popular tourist destination. Rescue operations, coordinated by the Urban Search and Rescue team under deputy commander Megan Stiffler, are proceeding in a complex, high-risk environment with sniffer dogs, though authorities report no signs of life and uncertain numbers of missing persons. The landslides have induced widespread flooding and power outages, with governmental responses including a declared state of emergency across regions such as Bay of Plenty, Northland, and Coromandel. Prime Minister Christopher Luxon's public statement conveyed national grief, while eyewitness testimonies from individuals like Sonny Worrall and Mark Tangney provide harrowing accounts of the disaster's immediacy, including audible pleas for help that subsequently ceased. Meteorological data indicates record-breaking precipitation, with Tauranga experiencing three months' rainfall in a single day, underscoring climate-related vulnerabilities. This event raises critical questions about land management, emergency preparedness, and the socio-cultural impacts on indigenous communities, amidst ongoing environmental challenges.",
  "keywords": [
    {
      "term": "landslides",
      "explanation": "geological phenomena involving the downward movement of slope materials, often exacerbated by saturation from precipitation"
    },
    {
      "term": "extreme weather events",
      "explanation": "severe meteorological occurrences, such as heavy rainfall, that exceed normal patterns and cause significant damage"
    },
    {
      "term": "emergency management",
      "explanation": "the organizational process for addressing crises, including coordination of rescue efforts and resource allocation"
    },
    {
      "term": "Māori cultural significance",
      "explanation": "the spiritual and historical importance of sites to New Zealand's indigenous population, affecting conservation and response strategies"
    },
    {
      "term": "eyewitness testimony",
      "explanation": "firsthand narratives from observers, used to reconstruct events and assess human impact"
    },
    {
      "term": "climate vulnerability",
      "explanation": "the susceptibility of regions to adverse effects from climatic changes, influencing disaster frequency and severity"
    },
    {
      "term": "record precipitation",
      "explanation": "historically high levels of rainfall measured over a defined period, indicating potential climate shifts"
    },
    {
      "term": "hazard assessment",
      "explanation": "evaluation of risks in disaster-prone areas, crucial for planning and mitigation"
    },
    {
      "term": "socio-cultural impacts",
      "explanation": "effects on communities' social structures and cultural heritage due to environmental disasters"
    },
    {
      "term": "resource mobilization",
      "explanation": "the deployment of personnel and materials in response to emergencies, as seen in search and rescue operations"
    }
  ],
  "questions": [
    {
      "question": "What meteorological factor primarily triggered the landslides?",
      "options": [
        "Heavy rainfall",
        "Seismic activity",
        "Drought conditions",
        "High winds"
      ],
      "correct_answer": "Heavy rainfall"
    },
    {
      "question": "Which organization is leading the rescue efforts according to the article?",
      "options": [
        "Urban Search and Rescue team",
        "Local police only",
        "International aid groups",
        "Volunteer firefighters"
      ],
      "correct_answer": "Urban Search and Rescue team"
    },
    {
      "question": "What is the cultural significance of Mount Maunganui?",
      "options": [
        "Sacred Māori site",
        "Government headquarters",
        "Industrial zone",
        "Military base"
      ],
      "correct_answer": "Sacred Māori site"
    },
    {
      "question": "How did Prime Minister Luxon characterize the event on social media?",
      "options": [
        "As a profound tragedy",
        "As a manageable incident",
        "As a political opportunity",
        "As a routine update"
      ],
      "correct_answer": "As a profound tragedy"
    },
    {
      "question": "What did eyewitness Mark Tangney report hearing from the rubble?",
      "options": [
        "Screams for help that later stopped",
        "No sounds at all",
        "Celebratory cheers",
        "Animal noises"
      ],
      "correct_answer": "Screams for help that later stopped"
    },
    {
      "question": "Which region declared a state of emergency due to the landslides?",
      "options": [
        "Bay of Plenty",
        "South Island only",
        "Australia",
        "Pacific Islands"
      ],
      "correct_answer": "Bay of Plenty"
    },
    {
      "question": "What record was set in Tauranga according to local media?",
      "options": [
        "Three months' rain in one day",
        "Highest temperature ever",
        "Longest drought",
        "Most sunny days"
      ],
      "correct_answer": "Three months' rain in one day"
    },
    {
      "question": "What challenge do rescue teams face in the search operation?",
      "options": [
        "Complex and high-risk environment",
        "Lack of equipment",
        "Too many volunteers",
        "Clear weather conditions"
      ],
      "correct_answer": "Complex and high-risk environment"
    },
    {
      "question": "How does the article address the issue of climate vulnerability?",
      "options": [
        "By noting record rainfall and recurring landslides",
        "By ignoring weather patterns",
        "By focusing only on economic impacts",
        "By suggesting human error"
      ],
      "correct_answer": "By noting record rainfall and recurring landslides"
    },
    {
      "question": "What broader implication does the event have for land management?",
      "options": [
        "Highlights need for better preparedness in prone areas",
        "Suggests banning all camping",
        "Indicates no changes needed",
        "Promotes urbanization over natural sites"
      ],
      "correct_answer": "Highlights need for better preparedness in prone areas"
    }
  ],
  "background_read": [
    "New Zealand's geological and climatic context makes it prone to landslides, particularly in regions with steep terrain and heavy rainfall. Mount Maunganui, as an extinct volcano, holds dual significance as a tourist hotspot and a sacred site for the Māori, influencing conservation and emergency protocols. The Urban Search and Rescue team represents specialized response units trained for high-risk disasters. Extreme weather events are increasingly linked to climate change, raising questions about adaptation strategies. Eyewitness accounts provide qualitative data but require corroboration with scientific evidence. Understanding these elements is essential for analyzing the disaster's multifaceted impacts and response efficacy."
  ],
  "Article_Structure": [
    "This article details landslides in New Zealand, with main points covering fatalities, missing persons, rescue operations, and extreme weather causes. Its purpose is to report on a natural disaster while highlighting emergency management and cultural dimensions. Evidence includes official statements, eyewitness reports, and meteorological data, though some details like exact missing numbers are unverified. Author credibility stems from BBC News' reputation, but the article lacks direct expert analysis. Methodology relies on secondary sources and interviews, offering timely coverage but limited depth in scientific assessment. Critical assessment notes strengths in human interest narratives but weaknesses in exploring long-term solutions or indigenous perspectives comprehensively."
  ],
  "perspectives": [
    {
      "perspective": "Environmental and Cultural Intersection",
      "description": "Examines how natural disasters affect both ecological systems and indigenous heritage sites"
    }
  ],
  "image_url": "/article_images/article_0ca0a7ac5ce78807_5a861142e1b8.webp"
}