{
  "title": "Trump's Evolving Peace Proposal for Ukraine",
  "summary": "President Donald Trump has indicated that the current US plan to end the Russia-Ukraine war is not his final offer, suggesting potential revisions. This 28-point plan has drawn mixed reactions from Ukraine's allies, including leaders from Europe, Canada, and Japan, who acknowledged it contains elements for a just peace but expressed concerns over proposed border changes and caps on Ukraine's military, which they fear could leave the country vulnerable. A key meeting is scheduled in Geneva with security officials from the US, UK, France, Germany, and Ukraine to further discuss the proposal. Ukrainian President Volodymyr Zelensky described the situation as critically difficult due to US pressure to accept terms perceived as favoring Russia. Trump has set a deadline of November 27 for Ukraine's response, while Russian President Vladimir Putin views the plan as a possible basis for settlement. The G20 summit saw a joint statement from multiple nations emphasizing that borders should not be altered by force and highlighting the need for additional work on the draft. Diplomatic efforts continue, with phone calls between leaders like UK Prime Minister Keir Starmer and both Zelensky and Trump, aiming to coordinate on the peace process.",
  "keywords": [
    {
      "term": "peace proposal",
      "explanation": "a formal plan suggested to end a conflict and establish peace"
    },
    {
      "term": "allies",
      "explanation": "nations that support each other, often in military or political matters"
    },
    {
      "term": "border changes",
      "explanation": "alterations to the territorial boundaries between countries, which can be controversial"
    },
    {
      "term": "military caps",
      "explanation": "limits placed on the size or capabilities of a country's armed forces"
    },
    {
      "term": "diplomacy",
      "explanation": "the practice of managing international relations through negotiation and dialogue"
    },
    {
      "term": "G20 summit",
      "explanation": "a meeting of leaders from 20 major economies to discuss global issues"
    },
    {
      "term": "deadline",
      "explanation": "a set time by which something must be completed or decided"
    },
    {
      "term": "settlement",
      "explanation": "an agreement that resolves a dispute or conflict"
    }
  ],
  "questions": [
    {
      "question": "What is Trump's stance on the current US peace plan for Ukraine?",
      "options": [
        "It is final and cannot be changed",
        "It is not his final offer",
        "He has withdrawn the plan",
        "He supports it fully"
      ],
      "correct_answer": "It is not his final offer"
    },
    {
      "question": "Which countries' leaders expressed concerns about the plan at the G20 summit?",
      "options": [
        "Only Russia",
        "US and Ukraine",
        "European nations, Canada, and Japan",
        "China and India"
      ],
      "correct_answer": "European nations, Canada, and Japan"
    },
    {
      "question": "What are the main concerns raised by Ukraine's allies regarding the plan?",
      "options": [
        "Economic sanctions",
        "Border changes and military caps",
        "Environmental issues",
        "Technology sharing"
      ],
      "correct_answer": "Border changes and military caps"
    },
    {
      "question": "Where is the upcoming meeting to discuss the peace proposal?",
      "options": [
        "Washington D.C.",
        "Geneva",
        "London",
        "Brussels"
      ],
      "correct_answer": "Geneva"
    },
    {
      "question": "What did Vladimir Putin say about the US plan?",
      "options": [
        "He rejected it outright",
        "He said it could be a basis for settlement",
        "He proposed his own plan",
        "He had no comment"
      ],
      "correct_answer": "He said it could be a basis for settlement"
    },
    {
      "question": "By what date must Ukraine respond to the plan according to Trump?",
      "options": [
        "December 1",
        "November 27",
        "January 15",
        "October 30"
      ],
      "correct_answer": "November 27"
    },
    {
      "question": "Who participated in phone calls with both Zelensky and Trump according to the article?",
      "options": [
        "Emmanuel Macron",
        "Keir Starmer",
        "Justin Trudeau",
        "Angela Merkel"
      ],
      "correct_answer": "Keir Starmer"
    },
    {
      "question": "What principle did the G20 joint statement emphasize regarding borders?",
      "options": [
        "Borders can be changed easily",
        "Borders must not be changed by force",
        "Borders are unimportant",
        "Borders should be open"
      ],
      "correct_answer": "Borders must not be changed by force"
    }
  ],
  "background_read": [
    "The Russia-Ukraine war began with Russia's full-scale invasion in 2022, leading to widespread conflict and international sanctions. Ukraine has received military and economic support from Western allies, but peace efforts have been complex due to differing interests. The US, under Trump, has proposed a 28-point plan to end the war, which includes contentious issues like territorial adjustments and disarmament. International diplomacy often involves summits like the G20, where world leaders collaborate on global challenges. Understanding these contexts helps grasp the high stakes in current negotiations."
  ],
  "Article_Structure": [
    "This article analyzes the US peace proposal for the Russia-Ukraine war, highlighting main points such as Trump's non-final offer and allied concerns over border changes and military limits. Its purpose is to inform about ongoing diplomatic efforts and pressures on Ukraine. Evidence comes from direct quotes and official statements, but relies on media reports without independent verification. Author credibility is assumed through BBC News' reputation, though specific biases are not addressed. Methodology involves summarizing events and statements from multiple sources, providing a timely update on international relations."
  ],
  "perspectives": [
    {
      "perspective": "US administration",
      "description": "Seeks a swift end to the war with a flexible proposal, prioritizing conflict resolution"
    },
    {
      "perspective": "Ukrainian allies",
      "description": "Support peace but caution against terms that may compromise Ukraine's sovereignty and security"
    },
    {
      "perspective": "Russian leadership",
      "description": "Views the plan as a potential starting point for negotiations, possibly aiming for favorable outcomes"
    }
  ],
  "image_url": "/article_images/article_836b4a1582aae819_e998fae63205.webp"
}