{
  "title": "Exploring a Promising Super-Earth for Alien Life",
  "summary": "Astronomers have identified a super-Earth exoplanet located just 20 light-years from Earth, positioning it as one of the most promising targets in the search for extraterrestrial life. This planet orbits within the habitable zone of its host star, meaning it receives the right amount of stellar energy to potentially support liquid water—a key ingredient for life as we understand it. The discovery was achieved through the use of advanced spectrographs developed at Penn State, which analyze starlight to detect subtle wobbles caused by orbiting planets. Additionally, decades of observational data from various global telescopes contributed to confirming the planet's existence and characteristics. This finding is significant because it offers a relatively nearby and accessible opportunity to study atmospheric conditions and biosignatures that could indicate life. Scientists plan to employ next-generation telescopes to further investigate this super-Earth, hoping to uncover clues about its composition and habitability.",
  "keywords": [
    {
      "term": "super-Earth",
      "explanation": "a planetary classification for exoplanets with masses greater than Earth's but less than ice giants"
    },
    {
      "term": "habitable zone",
      "explanation": "the orbital region around a star where temperatures allow liquid water to exist on a planet's surface"
    },
    {
      "term": "spectrograph",
      "explanation": "an instrument that disperses light into its spectrum, used to measure properties like radial velocity in exoplanet detection"
    },
    {
      "term": "exoplanet",
      "explanation": "a planet that orbits a star other than the Sun, often detected through methods like transit or radial velocity"
    },
    {
      "term": "biosignatures",
      "explanation": "chemical or physical signs that could indicate the presence of life, such as oxygen or methane in an atmosphere"
    },
    {
      "term": "radial velocity",
      "explanation": "a method to find exoplanets by measuring changes in a star's speed due to gravitational pull from orbiting planets"
    },
    {
      "term": "telescope observations",
      "explanation": "long-term data collection using optical or other telescopes to monitor celestial objects"
    },
    {
      "term": "extraterrestrial life",
      "explanation": "life forms that may exist beyond Earth, a key focus of astrobiology"
    },
    {
      "term": "stellar energy",
      "explanation": "the radiation emitted by a star, influencing a planet's temperature and potential for life"
    },
    {
      "term": "planetary composition",
      "explanation": "the materials and elements that make up a planet, affecting its habitability"
    }
  ],
  "questions": [
    {
      "question": "What distance is the super-Earth from Earth?",
      "options": [
        "20 light-years",
        "50 light-years",
        "100 light-years",
        "5 light-years"
      ],
      "correct_answer": "20 light-years"
    },
    {
      "question": "Why is the planet in the habitable zone significant?",
      "options": [
        "It has high gravity",
        "It could support liquid water",
        "It is very hot",
        "It has no atmosphere"
      ],
      "correct_answer": "It could support liquid water"
    },
    {
      "question": "Which institution developed the spectrographs used?",
      "options": [
        "NASA",
        "Penn State",
        "ESA",
        "MIT"
      ],
      "correct_answer": "Penn State"
    },
    {
      "question": "What method is implied for detecting the planet?",
      "options": [
        "Radial velocity",
        "Direct imaging",
        "Transit method",
        "Gravitational lensing"
      ],
      "correct_answer": "Radial velocity"
    },
    {
      "question": "How long did the observational data span?",
      "options": [
        "Years",
        "Decades",
        "Months",
        "Weeks"
      ],
      "correct_answer": "Decades"
    },
    {
      "question": "What is a key goal in studying this super-Earth?",
      "options": [
        "Finding alien cities",
        "Detecting biosignatures",
        "Measuring its size exactly",
        "Landing on it"
      ],
      "correct_answer": "Detecting biosignatures"
    },
    {
      "question": "What does 'super-Earth' refer to?",
      "options": [
        "A very large Earth-like planet",
        "A planet smaller than Earth",
        "A gas giant",
        "A star"
      ],
      "correct_answer": "A very large Earth-like planet"
    },
    {
      "question": "What role do telescopes play in this discovery?",
      "options": [
        "They built the spectrographs",
        "They provided long-term data",
        "They landed on the planet",
        "They created the star"
      ],
      "correct_answer": "They provided long-term data"
    },
    {
      "question": "Why is this discovery considered promising?",
      "options": [
        "It is the first exoplanet found",
        "It is close and in the habitable zone",
        "It has confirmed life",
        "It is made of gold"
      ],
      "correct_answer": "It is close and in the habitable zone"
    },
    {
      "question": "What might scientists look for in the atmosphere?",
      "options": [
        "Biosignatures",
        "Rocks",
        "Light",
        "Sound"
      ],
      "correct_answer": "Biosignatures"
    }
  ],
  "background_read": [
    "Exoplanet research has expanded rapidly with technological advances, allowing scientists to detect planets around other stars. The habitable zone is crucial because it defines where life-sustaining conditions might occur. Spectrographs, like those used here, help measure stellar wobbles to infer planetary presence. This super-Earth's proximity makes it ideal for detailed study with upcoming telescopes, potentially revealing insights into planetary formation and the prevalence of life in the universe. Understanding these concepts involves basics of astronomy and the scientific method."
  ],
  "Article_Structure": [
    "This article outlines the discovery of a super-Earth exoplanet 20 light-years away, highlighting its position in the habitable zone as a key factor for potential life. Main points include the use of advanced spectrographs and decades of telescope data for detection. The purpose is to inform about a significant opportunity in astrobiology. Evidence evaluation shows reliance on established scientific methods, though direct confirmation of life is pending. Author credibility is implied through institutional affiliation with Penn State and use of peer-reviewed data. Methodology involves radial velocity techniques and collaborative global observations, providing a solid foundation for the claims."
  ],
  "perspectives": [
    {
      "perspective": "Optimistic scientific view",
      "description": "Researchers see this as a breakthrough for finding life due to the planet's ideal conditions and accessibility."
    },
    {
      "perspective": "Skeptical view",
      "description": "Some caution that habitability does not guarantee life, and more evidence is needed."
    }
  ],
  "image_url": "/article_images/article_7a945daf63d723bd_25348dfd4934.webp"
}