{
  "title": "Systemic Failures in Leasehold Governance: A Case Study of Homelessness and Legal Injustice",
  "summary": "This article examines the plight of Kate Morris and other leaseholders in Ashford, Surrey, who have been rendered homeless for four years due to a botched roof extension initiated by the freeholder, Magnitude Developments Ltd. The construction, intended to add two flats atop an existing two-storey block, led to catastrophic failures including ceiling collapse and a subsequent pigeon infestation, rendering properties uninhabitable. Over 1,000 leaseholders have reported similar disputes to the BBC, underscoring systemic issues within the leasehold framework. The Health and Safety Executive intervened, citing multiple safety breaches, yet the building remains in a state of disrepair with debris littering the site. Legally, leaseholders like Kate have pursued recourse through courts but faced setbacks, including a £7,000 costs order favoring the developer, highlighting judicial challenges in holding freeholders accountable. Historically rooted in medieval land tenure, the leasehold system perpetuates power asymmetries, as freeholders wield permanent ownership rights while leaseholders possess limited, temporary entitlements. This case illustrates broader socio-legal critiques: inadequate regulatory enforcement, procedural delays in litigation, and the human cost of speculative development. The narrative draws on victim testimonies and institutional responses, offering a microcosm of housing insecurity exacerbated by governance gaps and economic interests.",
  "keywords": [
    {
      "term": "leasehold framework",
      "explanation": "The legal and structural system governing property rights between freeholders and leaseholders"
    },
    {
      "term": "catastrophic failures",
      "explanation": "Severe breakdowns in construction or safety leading to significant damage"
    },
    {
      "term": "systemic issues",
      "explanation": "Deep-rooted problems within an institution or system that cause widespread effects"
    },
    {
      "term": "power asymmetries",
      "explanation": "Imbalances in influence or control between different parties in a relationship"
    },
    {
      "term": "judicial challenges",
      "explanation": "Difficulties in achieving justice through court systems due to procedural or bias issues"
    },
    {
      "term": "speculative development",
      "explanation": "Construction projects driven by profit motives without adequate regard for resident welfare"
    },
    {
      "term": "housing insecurity",
      "explanation": "Uncertainty or risk of losing one's home due to external factors"
    },
    {
      "term": "governance gaps",
      "explanation": "Deficiencies in regulatory or oversight mechanisms that allow harm to occur"
    },
    {
      "term": "socio-legal critiques",
      "explanation": "Analyses that combine social and legal perspectives to evaluate systems and outcomes"
    },
    {
      "term": "procedural delays",
      "explanation": "Slowdowns in legal or administrative processes that hinder resolution"
    }
  ],
  "questions": [
    {
      "question": "What entity initiated the roof extension that caused the damage?",
      "options": [
        "Local council",
        "Magnitude Developments Ltd",
        "Health and Safety Executive",
        "Kate Morris"
      ],
      "correct_answer": "Magnitude Developments Ltd"
    },
    {
      "question": "How many leaseholders have contacted the BBC about similar disputes?",
      "options": [
        "Over 500",
        "Over 1,000",
        "Over 1,500",
        "Over 2,000"
      ],
      "correct_answer": "Over 1,000"
    },
    {
      "question": "What was the outcome of the leaseholders' legal action?",
      "options": [
        "They won compensation",
        "They were ordered to pay costs",
        "The case was dismissed",
        "A settlement was reached"
      ],
      "correct_answer": "They were ordered to pay costs"
    },
    {
      "question": "What historical era is the leasehold system traced to?",
      "options": [
        "Ancient Greece",
        "Middle Ages",
        "Renaissance",
        "Industrial Age"
      ],
      "correct_answer": "Middle Ages"
    },
    {
      "question": "What role did the Health and Safety Executive play?",
      "options": [
        "Funded the construction",
        "Halted work due to safety breaches",
        "Provided legal advice",
        "Sold the freehold"
      ],
      "correct_answer": "Halted work due to safety breaches"
    },
    {
      "question": "What is a key critique of the leasehold system in this article?",
      "options": [
        "It promotes affordable housing",
        "It creates power asymmetries",
        "It ensures quick dispute resolution",
        "It reduces construction costs"
      ],
      "correct_answer": "It creates power asymmetries"
    },
    {
      "question": "What caused the pigeon infestation?",
      "options": [
        "Poor ventilation",
        "Ceiling collapse",
        "Lack of cleaning",
        "Nearby parks"
      ],
      "correct_answer": "Ceiling collapse"
    },
    {
      "question": "What year was Kate about to sell her flat?",
      "options": [
        "2020",
        "2021",
        "2022",
        "2023"
      ],
      "correct_answer": "2021"
    },
    {
      "question": "What is speculative development as described in the article?",
      "options": [
        "Development focused on community needs",
        "Profit-driven construction ignoring resident welfare",
        "Government-led housing projects",
        "Sustainable building practices"
      ],
      "correct_answer": "Profit-driven construction ignoring resident welfare"
    },
    {
      "question": "What broader issue does this case exemplify?",
      "options": [
        "Technological advancement",
        "Housing insecurity due to governance gaps",
        "Climate change impacts",
        "Educational disparities"
      ],
      "correct_answer": "Housing insecurity due to governance gaps"
    }
  ],
  "background_read": [
    "The leasehold system in England and Wales, with origins in medieval land tenure, grants freeholders perpetual ownership of buildings and land, while leaseholders acquire time-limited rights to occupy properties. This structure often leads to conflicts, particularly when freeholders undertake developments that compromise leaseholders' homes. Regulatory bodies like the Health and Safety Executive enforce safety standards, but enforcement gaps can result in prolonged hazards. Legal recourse for leaseholders is frequently hindered by cost barriers and procedural complexities, as seen in cases where courts impose costs on claimants. This article situates individual hardships within broader critiques of housing policy, emphasizing how economic incentives and legal frameworks can exacerbate vulnerabilities for residents, prompting calls for reform to address power imbalances and ensure accountability in property management."
  ],
  "Article_Structure": [
    "Main Points: The article details a specific case of homelessness caused by a freeholder's negligent construction, linking it to systemic leasehold issues and legal injustices. Purpose: To critique the leasehold system's flaws, highlighting resident suffering and governance failures in a broader socio-legal context. Evidence Evaluation: Uses anecdotal testimonies and BBC data, providing compelling narratives but limited quantitative analysis; sources include victim interviews and official reports, though more diverse evidence could strengthen claims. Author Credibility: BBC News offers journalistic credibility, but the piece leans on emotional appeal rather than in-depth investigative rigor. Methodology: Relies on case study approach with interviews and document references, offering human-interest depth but lacking comparative or statistical methods. Critical Assessment: Strengths include vivid storytelling and exposure of real-world impacts; limitations involve potential bias towards victim perspectives and insufficient exploration of freeholder viewpoints or alternative solutions."
  ],
  "perspectives": [
    {
      "perspective": "Critical legal view",
      "description": "Analyzes how leasehold laws and judicial processes fail to protect residents, perpetuating inequalities and housing insecurity."
    }
  ],
  "image_url": "/article_images/article_eb402bccb4497285_2e5ca3f53356.webp"
}