{
  "title": "Tea Helps You Stay Healthy and Live Longer",
  "summary": "Tea is a drink that can make you healthier and help you live longer. Green tea is especially good for your heart and can lower your risk of diseases like heart problems and cancer. Tea also helps your brain stay sharp and keeps your muscles strong as you get older. But not all tea is the same. Bottled tea and bubble tea often have added sugar and chemicals that are not good for you. The best way to drink tea is to brew it fresh from leaves. Scientists say drinking tea regularly in moderation is a healthy choice, but they need to learn more about different types of tea and any risks from things like pesticides. Tea has been used for medicine for a long time and contains special compounds called polyphenols that give it health benefits.",
  "keywords": [
    {
      "term": "tea",
      "explanation": "a drink made from leaves that can improve health"
    },
    {
      "term": "green tea",
      "explanation": "a type of tea that is very good for your heart"
    },
    {
      "term": "brew",
      "explanation": "to make tea by soaking leaves in hot water"
    },
    {
      "term": "sugar",
      "explanation": "a sweet substance added to some teas that can be unhealthy"
    },
    {
      "term": "polyphenols",
      "explanation": "natural compounds in tea that help your body stay healthy"
    },
    {
      "term": "moderation",
      "explanation": "drinking tea in small, regular amounts without overdoing it"
    }
  ],
  "questions": [
    {
      "question": "Which type of tea is especially good for your heart?",
      "options": [
        "Green tea",
        "Black tea",
        "Bubble tea",
        "Bottled tea"
      ],
      "correct_answer": "Green tea"
    },
    {
      "question": "What should you avoid in bottled tea to stay healthy?",
      "options": [
        "Added sugar",
        "Fresh leaves",
        "Hot water",
        "Polyphenols"
      ],
      "correct_answer": "Added sugar"
    },
    {
      "question": "How does tea help older adults?",
      "options": [
        "Keeps muscles strong",
        "Makes tea sweeter",
        "Adds preservatives",
        "Increases sugar"
      ],
      "correct_answer": "Keeps muscles strong"
    },
    {
      "question": "What is the best way to drink tea for health benefits?",
      "options": [
        "Brew it fresh",
        "Buy it bottled",
        "Add lots of sugar",
        "Drink it cold"
      ],
      "correct_answer": "Brew it fresh"
    },
    {
      "question": "What are polyphenols in tea?",
      "options": [
        "Healthy compounds",
        "Unhealthy chemicals",
        "Types of sugar",
        "Preservatives"
      ],
      "correct_answer": "Healthy compounds"
    },
    {
      "question": "Why do scientists say to drink tea in moderation?",
      "options": [
        "To avoid too much sugar or chemicals",
        "To make it taste better",
        "To brew it faster",
        "To add more leaves"
      ],
      "correct_answer": "To avoid too much sugar or chemicals"
    }
  ],
  "background_read": [
    "Tea is a popular drink made from the leaves of the Camellia sinensis plant. People have been drinking tea for hundreds of years, first as medicine and now for enjoyment. It contains natural substances that can protect your heart, brain, and muscles. However, some teas you buy in stores have extra ingredients like sugar and preservatives that might not be as healthy. Scientists are still studying tea to understand all its benefits and any risks, so it's important to choose fresh-brewed tea and drink it in small amounts regularly."
  ],
  "Article_Structure": [
    "WHO: Scientists and researchers studying tea",
    "WHAT: Tea can improve health and help you live longer, but bottled tea may have unhealthy additives",
    "WHERE: Worldwide, as tea is consumed globally",
    "WHY: To inform people about the health benefits of tea and how to drink it safely"
  ],
  "perspectives": [
    {
      "perspective": "Health benefits",
      "description": "Tea helps prevent diseases and supports overall wellness."
    },
    {
      "perspective": "Risks from additives",
      "description": "Processed teas with sugar and chemicals can reduce health benefits."
    }
  ],
  "image_url": "/article_images/article_218dd6af7bed603b_68397a4e42e8.webp"
}