{
  "title": "A Court Fight About Transgender Athletes in Sports",
  "summary": "This article talks about a big court case in the United States. The Supreme Court is deciding if transgender athletes can play on girls' sports teams. Transgender people are those who feel their gender is different from what they were born as. Some states have laws that stop transgender girls from playing on girls' teams. Becky Pepper-Jackson is a transgender high school student who wants to run on her school's track team, but a law in her state says she cannot. The court is listening to arguments about fairness and science. This issue is very important because it affects many young athletes and their rights. The article explains that this is a hot topic in politics and law, with people having different opinions on what is fair for everyone involved.",
  "keywords": [
    {
      "term": "Supreme Court",
      "explanation": "the highest court in the United States that makes big decisions"
    },
    {
      "term": "transgender athletes",
      "explanation": "people who play sports and are transgender"
    },
    {
      "term": "girls' sports teams",
      "explanation": "teams for girls to play sports together"
    },
    {
      "term": "state laws",
      "explanation": "rules made by states that can stop transgender girls from playing"
    },
    {
      "term": "Becky Pepper-Jackson",
      "explanation": "a transgender high school student who wants to run on her track team"
    },
    {
      "term": "fairness",
      "explanation": "making sure everyone is treated equally in sports"
    }
  ],
  "questions": [
    {
      "question": "What is the Supreme Court deciding in this article?",
      "options": [
        "If transgender athletes can play on girls' teams",
        "If schools should have more sports",
        "If boys can play on girls' teams",
        "If sports are fun"
      ],
      "correct_answer": "If transgender athletes can play on girls' teams"
    },
    {
      "question": "Who is Becky Pepper-Jackson?",
      "options": [
        "A teacher",
        "A transgender high school athlete",
        "A judge",
        "A parent"
      ],
      "correct_answer": "A transgender high school athlete"
    },
    {
      "question": "What do some state laws do?",
      "options": [
        "Stop transgender girls from playing on girls' teams",
        "Give more money to sports",
        "Make all teams co-ed",
        "Close schools"
      ],
      "correct_answer": "Stop transgender girls from playing on girls' teams"
    },
    {
      "question": "Why is this issue important?",
      "options": [
        "It affects young athletes and their rights",
        "It is about food in schools",
        "It changes school colors",
        "It makes sports less popular"
      ],
      "correct_answer": "It affects young athletes and their rights"
    },
    {
      "question": "What is a key topic in the court arguments?",
      "options": [
        "Fairness and science",
        "Music and art",
        "Weather and climate",
        "Animals and pets"
      ],
      "correct_answer": "Fairness and science"
    },
    {
      "question": "What does the article say about this issue?",
      "options": [
        "It is a hot topic in politics and law",
        "It is not important",
        "It is only about one person",
        "It is easy to solve"
      ],
      "correct_answer": "It is a hot topic in politics and law"
    }
  ],
  "background_read": [
    "This article is about a court case in the United States Supreme Court. It involves transgender athletes, who are people that identify with a gender different from their birth sex. The case is deciding if transgender girls can play on girls' sports teams in schools. Some states have made laws to ban this, saying it might not be fair. Becky Pepper-Jackson is a real student affected by this. The court is looking at arguments about science and equality. This helps us understand how laws and courts work to protect rights in sports."
  ],
  "Article_Structure": [
    "WHO: The Supreme Court, transgender athletes like Becky Pepper-Jackson, and state lawmakers.",
    "WHAT: A legal fight over whether transgender athletes can compete on girls' sports teams.",
    "WHERE: In the United States, especially in states with bans like West Virginia.",
    "WHY: To decide on fairness and rights for transgender students in sports."
  ],
  "perspectives": [
    {
      "perspective": "Support for inclusion",
      "description": "Some people believe transgender athletes should be allowed to play to ensure equality and respect."
    },
    {
      "perspective": "Concerns about fairness",
      "description": "Others worry it might not be fair in sports if transgender girls compete against cisgender girls."
    }
  ],
  "image_url": "/article_images/article_1fb25e76d01aac03_2ae62b8c547d.webp"
}