{
  "title": "A Tennis Star Wins a Big Match",
  "summary": "Aryna Sabalenka is a top tennis player who won an important match against Madison Keys in Brisbane, Australia. This win helps her get ready for the Australian Open, a big tournament she has won before. Sabalenka played very well and won in two sets, 6-3 6-3. She said she was motivated to win because she lost to Keys last year, but she focuses on playing her best in each new match. Next, Sabalenka will play Karolina Muchova in the semi-finals. Muchova also won her match against Elena Rybakina. In another tournament, Sonay Kartal from Great Britain lost a close match to Elina Svitolina. This article talks about tennis players competing to win titles and prepare for bigger events.",
  "keywords": [
    {
      "term": "tennis",
      "explanation": "a sport where players hit a ball over a net with rackets"
    },
    {
      "term": "match",
      "explanation": "a game between two players or teams in sports"
    },
    {
      "term": "win",
      "explanation": "to be the best and get a victory in a game"
    },
    {
      "term": "tournament",
      "explanation": "a series of games where players compete for a prize"
    },
    {
      "term": "semi-finals",
      "explanation": "the round before the final in a competition, where winners move closer to the championship"
    }
  ],
  "questions": [
    {
      "question": "Who won the match between Aryna Sabalenka and Madison Keys?",
      "options": [
        "Aryna Sabalenka",
        "Madison Keys",
        "Karolina Muchova",
        "Elena Rybakina"
      ],
      "correct_answer": "Aryna Sabalenka"
    },
    {
      "question": "Where did Sabalenka play her match?",
      "options": [
        "Brisbane, Australia",
        "London, England",
        "Paris, France",
        "New York, USA"
      ],
      "correct_answer": "Brisbane, Australia"
    },
    {
      "question": "What is Sabalenka preparing for?",
      "options": [
        "The Australian Open",
        "The Wimbledon tournament",
        "The French Open",
        "The US Open"
      ],
      "correct_answer": "The Australian Open"
    },
    {
      "question": "How many sets did Sabalenka win in her match?",
      "options": [
        "Two sets",
        "Three sets",
        "One set",
        "Four sets"
      ],
      "correct_answer": "Two sets"
    },
    {
      "question": "Who will Sabalenka play next in the semi-finals?",
      "options": [
        "Karolina Muchova",
        "Elena Rybakina",
        "Elina Svitolina",
        "Sonay Kartal"
      ],
      "correct_answer": "Karolina Muchova"
    },
    {
      "question": "What did Sabalenka say about her past loss to Keys?",
      "options": [
        "She uses it as motivation but focuses on the new match",
        "She always remembers it and gets angry",
        "She forgets about it completely",
        "She thinks it doesn't matter at all"
      ],
      "correct_answer": "She uses it as motivation but focuses on the new match"
    }
  ],
  "background_read": [
    "Tennis is a popular sport played worldwide, where athletes compete in tournaments to win titles. The Australian Open is one of the four major tournaments, called Grand Slams, held each year. Players like Aryna Sabalenka train hard to perform well in these events. Matches can be in different rounds, such as quarter-finals or semi-finals, leading to a final where the champion is decided. This article describes recent matches as players get ready for bigger competitions."
  ],
  "Article_Structure": [
    "WHO: Aryna Sabalenka, Madison Keys, and other tennis players",
    "WHAT: Sabalenka won a match against Keys to reach the semi-finals in Brisbane",
    "WHERE: Brisbane, Australia, at the Brisbane International tournament",
    "WHY: To prepare for the Australian Open and compete for titles"
  ],
  "perspectives": [
    {
      "perspective": "Athlete's view",
      "description": "Sabalenka focuses on playing her best in each match, using past losses as motivation without dwelling on them."
    }
  ],
  "image_url": "/article_images/article_3a8f76fc0173c9e3_f2294d2e4b2a.webp"
}