{
  "title": "Rupert Grint on the Persistence of Cinematic Typecasting and Legacy",
  "summary": "In a recent interview with BBC News, Rupert Grint, renowned for his portrayal of Ron Weasley in the Harry Potter film series, delved into the complexities of being perpetually associated with a character from his past. Grint articulated that, despite the passage of 14 years since the franchise's conclusion, he doubts he will ever fully emerge from Ron's shadow, yet he expresses contentment and pride in this legacy. He elaborated on the profound cultural significance of Harry Potter, noting its role in shaping the childhoods of many and its ongoing appeal to newer generations. Grint revealed that he has communicated with the child actor cast as Ron in an upcoming television adaptation, describing the situation as intriguing and cyclical. Reflecting on his own experience, he recounted how being selected for the role at age 11 rapidly transformed his life, allowing him to embody a character from the beloved books. Post-Potter, Grint has diversified his career with roles in films like 'Into the White', the Apple TV series 'Servant', stage performances, and music video appearances, though he acknowledges greater challenges in distancing himself from Ron compared to co-stars Daniel Radcliffe and Emma Watson. Ultimately, Grint emphasizes that the association brings him pride and deep meaning, underscoring the enduring impact of iconic roles on an actor's professional trajectory.",
  "keywords": [
    {
      "term": "typecasting",
      "explanation": "the practice of repeatedly casting an actor in similar roles based on their previous performances, limiting career diversity"
    },
    {
      "term": "legacy",
      "explanation": "the long-lasting impact or reputation left by someone's work, often influencing future perceptions"
    },
    {
      "term": "cultural significance",
      "explanation": "the importance of a work or phenomenon in shaping societal values, memories, and identities"
    },
    {
      "term": "adaptation",
      "explanation": "the transformation of a source material, such as a book, into another medium like film or television"
    },
    {
      "term": "professional trajectory",
      "explanation": "the path and development of a person's career over time, including successes and challenges"
    },
    {
      "term": "cyclical",
      "explanation": "referring to events or patterns that repeat in a cycle, such as roles being recast over time"
    },
    {
      "term": "diversify",
      "explanation": "to vary or expand one's activities or roles to reduce dependence on a single area"
    },
    {
      "term": "iconic",
      "explanation": "widely recognized and admired, often representing a symbol of a particular era or genre"
    },
    {
      "term": "contentment",
      "explanation": "a state of happiness and satisfaction with one's circumstances"
    },
    {
      "term": "perpetually",
      "explanation": "continuing indefinitely without interruption or end"
    }
  ],
  "questions": [
    {
      "question": "What does Grint imply about typecasting in his career?",
      "options": [
        "It has no effect",
        "He actively avoids it",
        "He struggles to escape it but accepts it",
        "He regrets it deeply"
      ],
      "correct_answer": "C"
    },
    {
      "question": "How does Grint describe the cultural impact of Harry Potter?",
      "options": [
        "As minor and fleeting",
        "As profound and multi-generational",
        "As solely financial",
        "As negative for actors"
      ],
      "correct_answer": "B"
    },
    {
      "question": "What methodological approach did the article use?",
      "options": [
        "Survey data",
        "Historical analysis",
        "Direct interview",
        "Literary criticism"
      ],
      "correct_answer": "C"
    },
    {
      "question": "How has Grint's career evolved post-Harry Potter?",
      "options": [
        "He retired",
        "He focused only on film",
        "He diversified into various media",
        "He became a director"
      ],
      "correct_answer": "C"
    },
    {
      "question": "What is Grint's attitude towards the new TV adaptation?",
      "options": [
        "Critical",
        "Indifferent",
        "Intrigued and supportive",
        "Opposed"
      ],
      "correct_answer": "C"
    },
    {
      "question": "How does the article assess the evidence provided?",
      "options": [
        "As weak due to lack of sources",
        "As strong with direct quotes",
        "As biased and unreliable",
        "As comprehensive with data"
      ],
      "correct_answer": "B"
    },
    {
      "question": "What critical limitation does the article have?",
      "options": [
        "It includes multiple perspectives",
        "It relies solely on Grint's subjective views",
        "It uses statistical analysis",
        "It interviews other actors"
      ],
      "correct_answer": "B"
    },
    {
      "question": "How does Grint's experience compare to his co-stars?",
      "options": [
        "He has had an easier time",
        "He finds it relatively harder to break out",
        "They all have identical careers",
        "He has been more successful"
      ],
      "correct_answer": "B"
    },
    {
      "question": "What does the term 'shadow' metaphorically represent in the context?",
      "options": [
        "A physical darkness",
        "The influence of a past role",
        "A new opportunity",
        "A personal failure"
      ],
      "correct_answer": "B"
    },
    {
      "question": "Why might the author's credibility be considered high?",
      "options": [
        "Due to personal bias",
        "Because of BBC's reputation",
        "As it includes fictional elements",
        "For using anonymous sources"
      ],
      "correct_answer": "B"
    }
  ],
  "background_read": [
    "The Harry Potter franchise, originating from J.K. Rowling's novels, has had a monumental impact on global culture, literature, and cinema. The film adaptations (2001-2011) launched the careers of child actors like Rupert Grint, Daniel Radcliffe, and Emma Watson, who have since navigated the challenges of typecasting—a common issue in entertainment where actors are pigeonholed into similar roles. Grint's reflections highlight broader themes in media studies, such as the persistence of celebrity identities and the intersection of personal legacy with public perception. Understanding these dynamics requires knowledge of how iconic roles can define an actor's career, the evolution of fandom across generations, and the strategies actors employ to diversify their portfolios. This context enriches the analysis of Grint's interview, situating it within discussions on cultural memory and professional adaptation in the arts."
  ],
  "Article_Structure": [
    "This article provides an in-depth analysis of Rupert Grint's interview. Main Points: Grint acknowledges the enduring association with Ron Weasley, expresses pride in the role's cultural impact, and discusses his career diversification post-Potter. Purpose: To explore themes of typecasting and legacy in cinema, offering insights into an actor's psychological and professional adaptation. Evidence Evaluation: The evidence is primarily qualitative, based on direct quotes from Grint, which are credible but subjective; lack of corroborating sources limits objectivity. Author Credibility: BBC News ensures factual accuracy, though the unnamed journalist may lack specialized expertise in film studies. Methodology: The article uses a journalistic interview method, conducted at a public event, providing firsthand narrative but no systematic research. Critical Assessment: Strengths include authentic personal insights and clear narrative; limitations involve potential bias from a single perspective and absence of broader industry analysis."
  ],
  "perspectives": [
    {
      "perspective": "Actor's agency and acceptance",
      "description": "Grint exercises personal choice in embracing his legacy, reflecting on autonomy in career narratives."
    },
    {
      "perspective": "Sociocultural influence",
      "description": "The franchise's lasting effect on audiences illustrates how media shapes generational identities and memories."
    },
    {
      "perspective": "Industry structural constraints",
      "description": "Highlights systemic issues in Hollywood, such as typecasting, that affect actors' long-term opportunities."
    },
    {
      "perspective": "Comparative career trajectories",
      "description": "Examines differences in how Grint, Radcliffe, and Watson have managed post-Potter careers, revealing varied strategies and outcomes."
    }
  ],
  "image_url": "/article_images/article_686b66a5001788f3_2860f099ed45.webp"
}