{
  "title": "Rupert Grint's Reflection on His Harry Potter Legacy",
  "summary": "Rupert Grint, the actor famous for portraying Ron Weasley in the Harry Potter film series, recently discussed his ongoing association with the character in an interview with BBC News. Despite the final movie releasing 14 years ago, Grint expressed that he is unlikely to ever escape Ron's shadow, but he embraces this reality. He highlighted the deep emotional connection fans have with the franchise, noting that it was a significant part of many people's childhoods. Grint, now 37, shared that he has written a letter to the child actor set to play Ron in an upcoming TV series, finding it intriguing to see the role being revived. He reflected on how being cast at age 11 drastically changed his life, allowing him to step into the books he loved. Since the series ended, Grint has pursued other projects in film, TV, and stage, yet acknowledges that breaking away from Ron has been challenging compared to his co-stars. However, he remains proud and appreciative of the role's impact, emphasizing that it holds deep meaning for multiple generations.",
  "keywords": [
    {
      "term": "franchise",
      "explanation": "a series of related media works, like movies or books, that share a common theme or story"
    },
    {
      "term": "legacy",
      "explanation": "something handed down from the past, like a reputation or influence from previous work"
    },
    {
      "term": "shadow",
      "explanation": "in this context, it means being overshadowed or always associated with a past role"
    },
    {
      "term": "adaptation",
      "explanation": "the process of turning a book or other work into a movie or show"
    },
    {
      "term": "generation",
      "explanation": "a group of people born around the same time who share common experiences"
    },
    {
      "term": "pride",
      "explanation": "a feeling of satisfaction from one's achievements or associations"
    },
    {
      "term": "intrigued",
      "explanation": "curious or interested in something"
    },
    {
      "term": "break out",
      "explanation": "to move beyond a previous role or image to establish something new"
    }
  ],
  "questions": [
    {
      "question": "What is the main topic of Rupert Grint's interview?",
      "options": [
        "His new movie roles",
        "His feelings about Ron Weasley",
        "His family life",
        "His favorite books"
      ],
      "correct_answer": "B"
    },
    {
      "question": "How long has it been since the last Harry Potter film?",
      "options": [
        "5 years",
        "10 years",
        "14 years",
        "20 years"
      ],
      "correct_answer": "C"
    },
    {
      "question": "What did Grint do for the new TV series?",
      "options": [
        "Acted in it",
        "Directed it",
        "Wrote a letter to the new actor",
        "Produced it"
      ],
      "correct_answer": "C"
    },
    {
      "question": "Where was Grint during the interview?",
      "options": [
        "At a film set",
        "At a Christmas event in Highgate",
        "In a studio",
        "At his home"
      ],
      "correct_answer": "B"
    },
    {
      "question": "How did Grint describe the impact of Harry Potter on his life?",
      "options": [
        "It was minor",
        "It changed his life quickly",
        "It made him famous overnight",
        "It was disappointing"
      ],
      "correct_answer": "B"
    },
    {
      "question": "What has Grint done since the Harry Potter films ended?",
      "options": [
        "Only acted in movies",
        "Pursued various roles in film, TV, and stage",
        "Retired from acting",
        "Became a writer"
      ],
      "correct_answer": "B"
    },
    {
      "question": "How does Grint compare his career to his co-stars?",
      "options": [
        "He has been more successful",
        "He finds it harder to break out of his Potter role",
        "He has avoided other roles",
        "He regrets taking the role"
      ],
      "correct_answer": "B"
    },
    {
      "question": "What emotion does Grint express about being linked to Ron?",
      "options": [
        "Frustration",
        "Happiness and pride",
        "Indifference",
        "Anger"
      ],
      "correct_answer": "B"
    }
  ],
  "background_read": [
    "The Harry Potter series, based on J.K. Rowling's books, is a global phenomenon that follows the adventures of a young wizard, Harry Potter, and his friends Ron Weasley and Hermione Granger. The film adaptations, released from 2001 to 2011, made stars of the child actors, including Rupert Grint, Daniel Radcliffe, and Emma Watson. These actors have since navigated their careers, with some finding it easier to diversify their roles than others. Grint's reflection touches on the challenges of typecasting, where actors become strongly associated with one character, affecting their ability to take on new parts. Understanding this context helps appreciate why Grint discusses his legacy and the ongoing fan connection to the franchise."
  ],
  "Article_Structure": [
    "This article analyzes Rupert Grint's interview about his Harry Potter role. Main Points: Grint accepts he will always be linked to Ron Weasley, values fan connections, and reflects on his career post-Potter. Purpose: To share Grint's personal perspective on his legacy and the enduring impact of the franchise. Evidence Evaluation: The article relies on direct quotes from Grint, providing authentic insights, but lacks external sources or data. Author Credibility: BBC News is a reputable source, known for factual reporting, though the author is not specified. Methodology: Information was gathered through an interview at a public event, using firsthand accounts from Grint."
  ],
  "perspectives": [
    {
      "perspective": "Grint's personal acceptance",
      "description": "He views his association with Ron as a positive and enduring part of his identity."
    },
    {
      "perspective": "Industry challenges",
      "description": "Highlights the difficulty actors face in moving beyond iconic roles, compared to peers."
    },
    {
      "perspective": "Fan cultural impact",
      "description": "Emphasizes how the franchise continues to resonate across generations, influencing actors' legacies."
    }
  ],
  "image_url": "/article_images/article_686b66a5001788f3_2860f099ed45.webp"
}