{
  "title": "Celebrity Involvement in the Discovery of Eunectes akayama: A Case Study",
  "summary": "The article details the 2024 announcement of a new anaconda species, Eunectes akayama (northern green anaconda), discovered during a 2022 expedition in South America that was filmed for National Geographic's documentary series Pole to Pole with Will Smith. Actor Will Smith participated alongside venom expert Bryan Fry and indigenous Waorani guides, facilitating the collection of scale samples from a 16- to 17-foot female green anaconda in the Amazon. Genetic analysis of these samples confirmed the species' distinction from Eunectes murinus (southern green anaconda), with an estimated divergence of approximately 10 million years, and its habitat spans Venezuela, Colombia, Suriname, French Guyana, and northern Brazil. The expedition also enabled studies on pollutant accumulation in the ecosystem. Smith's role extended to other global locales for the documentary, including the South Pole, Himalayas, Pacific Islands, Kalahari desert, and North Pole, highlighting interdisciplinary efforts in conservation and science communication. The series premieres on January 13, 2026, on Disney+, underscoring the intersection of entertainment and scientific outreach.",
  "keywords": [
    {
      "term": "Eunectes akayama",
      "explanation": "the scientific name for the newly discovered northern green anaconda species"
    },
    {
      "term": "genetic distinction",
      "explanation": "differences in DNA that define separate species"
    },
    {
      "term": "indigenous collaboration",
      "explanation": "partnership with native communities for research and guidance"
    },
    {
      "term": "pollutant biomonitoring",
      "explanation": "using biological samples to assess environmental contamination"
    },
    {
      "term": "species divergence timeline",
      "explanation": "the evolutionary period when two species separated from a common ancestor"
    },
    {
      "term": "documentary filmmaking",
      "explanation": "the process of creating non-fiction visual media for education and entertainment"
    },
    {
      "term": "celebrity science advocacy",
      "explanation": "use of famous individuals to promote scientific causes and awareness"
    },
    {
      "term": "biodiversity conservation",
      "explanation": "efforts to protect variety of life forms and ecosystems"
    },
    {
      "term": "interdisciplinary research",
      "explanation": "combining multiple fields like biology, media, and anthropology"
    },
    {
      "term": "premiere date",
      "explanation": "the scheduled first release of a media production"
    }
  ],
  "questions": [
    {
      "question": "What is the scientific name of the newly discovered anaconda species?",
      "options": [
        "Eunectes akayama",
        "Eunectes murinus",
        "Python regius",
        "Boa constrictor"
      ],
      "correct_answer": "Eunectes akayama"
    },
    {
      "question": "How did genetic analysis contribute to the discovery?",
      "options": [
        "It confirmed genetic distinction from Eunectes murinus",
        "It showed the snake was venomous",
        "It proved it was a hybrid",
        "It identified its age"
      ],
      "correct_answer": "It confirmed genetic distinction from Eunectes murinus"
    },
    {
      "question": "What role did indigenous Waorani guides play in the expedition?",
      "options": [
        "They assisted in locating and securing the anaconda",
        "They conducted the genetic analysis",
        "They filmed the documentary",
        "They wrote the scientific paper"
      ],
      "correct_answer": "They assisted in locating and securing the anaconda"
    },
    {
      "question": "What environmental aspect did scale samples help study?",
      "options": [
        "Pollutant accumulation in water",
        "Snake diet",
        "Climate change",
        "Soil quality"
      ],
      "correct_answer": "Pollutant accumulation in water"
    },
    {
      "question": "When is the estimated divergence time between the two anaconda species?",
      "options": [
        "10 million years ago",
        "1 million years ago",
        "100,000 years ago",
        "5 million years ago"
      ],
      "correct_answer": "10 million years ago"
    },
    {
      "question": "Which streaming platform will host Pole to Pole with Will Smith?",
      "options": [
        "Disney+",
        "Netflix",
        "Amazon Prime",
        "Hulu"
      ],
      "correct_answer": "Disney+"
    },
    {
      "question": "What other locations did Will Smith visit for the documentary?",
      "options": [
        "South Pole, Himalayas, Pacific Islands, Kalahari desert, North Pole",
        "Only the Amazon",
        "Europe and Asia",
        "Urban cities"
      ],
      "correct_answer": "South Pole, Himalayas, Pacific Islands, Kalahari desert, North Pole"
    },
    {
      "question": "Who is credited with the venom expertise in the article?",
      "options": [
        "Bryan Fry",
        "Will Smith",
        "A Waorani guide",
        "A National Geographic producer"
      ],
      "correct_answer": "Bryan Fry"
    },
    {
      "question": "What is the broader purpose of the documentary series?",
      "options": [
        "To combine entertainment with science communication and conservation",
        "To promote Will Smith's acting career",
        "To sell products",
        "To focus only on animals"
      ],
      "correct_answer": "To combine entertainment with science communication and conservation"
    },
    {
      "question": "What does the article suggest about the methodology of the discovery?",
      "options": [
        "It involved field expeditions, sample collection, and genetic testing",
        "It was based on laboratory simulations",
        "It used only historical data",
        "It relied on public surveys"
      ],
      "correct_answer": "It involved field expeditions, sample collection, and genetic testing"
    }
  ],
  "background_read": [
    "This article explores the intersection of celebrity culture and scientific discovery through the case of Eunectes akayama. In 2024, researchers identified this new anaconda species using genetic analysis from samples collected during a 2022 expedition documented for National Geographic. The involvement of Will Smith highlights trends in science communication, where media partnerships enhance public engagement with biodiversity and conservation issues. Anacondas, as apex predators in Amazonian ecosystems, serve as indicators for environmental health, with studies on pollutants offering insights into ecosystem degradation. The documentary Pole to Pole represents a modern approach to interdisciplinary storytelling, blending adventure with educational content to reach global audiences. Understanding such collaborations is crucial for assessing the impact of entertainment on scientific literacy and conservation efforts."
  ],
  "Article_Structure": [
    "Main Points: The article reports the discovery of Eunectes akayama via genetic analysis from a 2022 expedition, involving Will Smith and indigenous guides, with findings on species divergence and habitat. Purpose: To inform about a scientific milestone while promoting National Geographic's documentary, emphasizing the role of media in science outreach. Evidence Evaluation: Sources include scientific announcements, expert testimony from Bryan Fry, and documentary footage, though reliance on promotional content may introduce bias. Author Credibility: Ars Technica provides credible science journalism with technical expertise, but the article is adapted from a press release. Methodology: Based on expedition reports, genetic studies, and film production details, offering a comprehensive but potentially sensationalized account. Critical Assessment: Strengths include clear presentation of scientific data and interdisciplinary context; limitations involve potential oversimplification for entertainment and lack of peer-reviewed citation."
  ],
  "perspectives": [
    {
      "perspective": "Media and Science Integration",
      "description": "Examines how celebrity involvement and documentary filmmaking influence public perception of scientific discoveries"
    }
  ],
  "image_url": "/article_images/article_942d4a1536ef650d_f8dc556c0645.webp"
}