{
  "title": "Olivia Dean's Quadruple Triumph at the Brit Awards: A Milestone in UK Pop and Cultural Inclusivity",
  "summary": "Olivia Dean's remarkable achievement of winning four Brit Awards—best British artist, best album for The Art of Loving, song of the year for Rein Me In, and best pop act—solidifies her status as a leading figure in contemporary UK pop music. This year's ceremony was historically significant as it relocated from London to Manchester, marking the first time in nearly five decades that the awards were hosted in the north of England, reflecting a strategic move to democratize cultural events. Dean's success is bolstered by her recent Grammy win for best new artist, underscoring her transatlantic appeal and artistic credibility. Her album, characterized by its jazz-infused melodies and introspective lyrics on love, has resonated widely, contributing to her commercial and critical acclaim. The event also highlighted progressive strides in diversity, with Rosalía becoming the first winner recognized for music sung in a foreign language, and Rosé making history as the inaugural K-Pop act to secure a Brit Award. Performances by artists like Harry Styles and Wolf Alice, alongside community initiatives such as Dean's charity gig in Manchester, enriched the cultural tapestry of the awards. This analysis explores the implications of these developments for the music industry's evolution towards greater inclusivity and regional representation.",
  "keywords": [
    {
      "term": "Brit Awards",
      "explanation": "a prestigious annual music awards ceremony in the UK that honors artistic excellence and influences industry trends"
    },
    {
      "term": "Manchester relocation",
      "explanation": "the strategic decision to host the awards in northern England, aimed at enhancing regional cultural engagement"
    },
    {
      "term": "The Art of Loving",
      "explanation": "Olivia Dean's critically acclaimed album that explores themes of love through a jazz-pop lens, winning best album"
    },
    {
      "term": "Rein Me In",
      "explanation": "a collaborative hit with Sam Fender that earned song of the year, showcasing cross-genre appeal"
    },
    {
      "term": "Grammy accolade",
      "explanation": "Olivia Dean's prior recognition at the Grammys, which augmented her credibility and competitive edge at the Brits"
    },
    {
      "term": "cultural inclusivity",
      "explanation": "the emphasis on diverse music forms, as evidenced by wins for foreign-language and K-Pop acts"
    },
    {
      "term": "Rosalía's historic win",
      "explanation": "the breakthrough award for music in a non-English language, challenging traditional norms in the Brit Awards"
    },
    {
      "term": "K-Pop integration",
      "explanation": "Rosé's award signifies the growing acceptance and influence of Korean pop music in Western awards circuits"
    },
    {
      "term": "community engagement",
      "explanation": "initiatives like charity performances that extend the awards' impact beyond the ceremony itself"
    },
    {
      "term": "artistic evolution",
      "explanation": "the progression of UK pop music towards more diverse and globally influenced sounds"
    }
  ],
  "questions": [
    {
      "question": "What does Olivia Dean's quadruple win at the Brit Awards signify about her career trajectory?",
      "options": [
        "It marks her decline in popularity",
        "It cements her as a dominant force in UK pop",
        "It indicates a shift to rock music",
        "It shows her focus on international markets only"
      ],
      "correct_answer": "It cements her as a dominant force in UK pop"
    },
    {
      "question": "How does the relocation of the Brit Awards to Manchester reflect broader cultural trends?",
      "options": [
        "It emphasizes centralization in London",
        "It demonstrates a commitment to regional inclusivity",
        "It reduces the event's prestige",
        "It focuses solely on economic benefits"
      ],
      "correct_answer": "It demonstrates a commitment to regional inclusivity"
    },
    {
      "question": "What role did Olivia Dean's Grammy win play in her Brit Awards success?",
      "options": [
        "It had no impact",
        "It undermined her credibility",
        "It enhanced her profile and competitiveness",
        "It led to fewer nominations"
      ],
      "correct_answer": "It enhanced her profile and competitiveness"
    },
    {
      "question": "Which element of Olivia Dean's album The Art of Loving contributed to its critical acclaim?",
      "options": [
        "Its political themes",
        "Its jazz-influenced sound and love-centric lyrics",
        "Its minimalist production",
        "Its focus on electronic beats"
      ],
      "correct_answer": "Its jazz-influenced sound and love-centric lyrics"
    },
    {
      "question": "What was the historical significance of Rosalía's Brit Award win?",
      "options": [
        "She was the youngest winner ever",
        "She won for music in a foreign language, a first for the awards",
        "She performed the longest set",
        "She won the most awards in one night"
      ],
      "correct_answer": "She won for music in a foreign language, a first for the awards"
    },
    {
      "question": "How does Rosé's win impact the perception of K-Pop in Western awards shows?",
      "options": [
        "It marginalizes K-Pop further",
        "It highlights its growing legitimacy and global influence",
        "It suggests a decline in popularity",
        "It focuses only on commercial success"
      ],
      "correct_answer": "It highlights its growing legitimacy and global influence"
    },
    {
      "question": "What community activity did Olivia Dean participate in ahead of the Brit Awards in Manchester?",
      "options": [
        "A charity gig at Albert Hall",
        "A political rally",
        "A product endorsement event",
        "A television interview series"
      ],
      "correct_answer": "A charity gig at Albert Hall"
    },
    {
      "question": "Which performance at the Brit Awards was noted for its contrasting styles?",
      "options": [
        "Rosalía and Björk's performance of Berghain",
        "Harry Styles' solo act",
        "Wolf Alice's rock set",
        "Robbie Williams' tribute to Ozzy Osbourne"
      ],
      "correct_answer": "Rosalía and Björk's performance of Berghain"
    },
    {
      "question": "What does the article suggest about the future direction of the Brit Awards?",
      "options": [
        "A return to London-only events",
        "Increased emphasis on diversity and regional engagement",
        "A focus solely on British artists",
        "Reduction in award categories"
      ],
      "correct_answer": "Increased emphasis on diversity and regional engagement"
    },
    {
      "question": "How did the article evaluate the evidence presented regarding the awards' outcomes?",
      "options": [
        "As speculative and unverified",
        "As based on official announcements and artist quotes, ensuring reliability",
        "As biased towards certain genres",
        "As lacking in detail"
      ],
      "correct_answer": "As based on official announcements and artist quotes, ensuring reliability"
    }
  ],
  "background_read": [
    "The Brit Awards, inaugurated in 1977, serve as a barometer for the UK music industry, influencing trends and recognizing artistic merit. Historically centered in London, the move to Manchester represents a deliberate effort to foster cultural equity and engage with audiences beyond the capital, aligning with national policies on regional development. Olivia Dean, a product of the Brit School, exemplifies the new generation of UK pop artists blending traditional influences with contemporary sounds; her Grammy win prior to the Brits underscores the interconnectedness of global music awards. The inclusion of Rosalía and Rosé reflects a shifting paradigm in the awards' criteria, increasingly valuing linguistic and cultural diversity in response to globalization. This evolution is critical for understanding how award ceremonies adapt to changing audience demographics and industry dynamics, with implications for artist visibility and commercial success. Analyzing these elements provides insight into the strategic narratives shaping modern music recognition."
  ],
  "Article_Structure": [
    "Main Points: Olivia Dean's four Brit Awards wins highlight her emergence as a key pop figure, supported by her Grammy success and album The Art of Loving's thematic depth; the ceremony's move to Manchester signals a shift towards regional cultural democratization; historic wins by Rosalía and Rosé emphasize growing inclusivity for non-English and K-Pop music. Purpose: To analyze the Brit Awards' role in promoting new talent, cultural diversity, and regional engagement within the evolving music industry. Evidence Evaluation: The article relies on factual data from the event, including award outcomes, performances, and direct quotes, offering a credible basis for analysis, though it could benefit from more critical scrutiny of commercial influences. Author Credibility: As a BBC Entertainment piece, it maintains journalistic standards, but potential biases towards mainstream narratives should be considered. Methodology: Information is sourced from the awards ceremony, artist interviews, and official announcements, providing a comprehensive yet descriptive account. Critical Assessment: Strengths include detailed reporting on diversity milestones; limitations involve a lack of in-depth critique on the awards' commercial underpinnings or long-term impact on music trends."
  ],
  "perspectives": [
    {
      "perspective": "Industry Evolution",
      "description": "The awards reflect a transition towards greater inclusivity and regional representation in music."
    }
  ],
  "image_url": "/article_images/article_aa0b40b051646e97_023734714098.webp"
}