{
  "articles": [
    {
      "id": "1027a39aae9cd074",
      "title": "澳大利亚发现与袋鼠相关的新幽灵有袋动物",
      "summary": "澳大利亚的研究人员通过化石分析，发现了一种以前未知的有袋动物物种，与袋鼠密切相关。这种被称为幽灵有袋动物的物种可能已经灭绝，其遗骸在纳拉伯和西南澳大利亚的洞穴中被发现。该研究还揭示了两类新的woylie亚种，woylie是一种小型袋鼠近亲，作为生态系统工程师，在觅食蘑菇时移动土壤。Woylie是极度濒危物种，一直是保护计划的重点，包括迁移努力。主要作者Jake Newman-Martin（一名博士生）强调，这些发现增强了对woylie多样性的理解，并为保护策略提供了信息。团队使用化石的详细骨骼测量来区分物种和亚种，为新物种提出了科学名称Bettongia haoucharae。他们计划与土著群体合作，制定一个合适的名称，因为woylie源自Noongar语言。这项研究强调了结合化石证据和遗传工具对保护濒危本土物种的重要性。",
      "source": "Science Daily",
      "time_ago": "19 hours ago",
      "image_url": "/article_images/article_1027a39aae9cd074_c817941c4a5a.webp",
      "category": "Science"
    },
    {
      "id": "617776f18ed3f891",
      "title": "Ozempic可能为大脑健康带来意外益处",
      "summary": "一项初步研究表明，GLP-1药物可能与降低癫痫风险存在关联。这项研究于2025年12月10日发表在《神经病学》杂志上，分析了美国健康数据库中超过45万名2型糖尿病成年人的数据。参与者被分为两组：一组使用GLP-1药物（如度拉糖肽、利拉鲁肽和司美格鲁肽），另一组使用DPP-4抑制剂（另一种糖尿病药物）。在至少五年的监测期内，GLP-1组中有2.35%的人患上癫痫，而DPP-4抑制剂组为2.41%。调整年龄、高血压和心血管疾病等其他健康因素后，研究发现使用GLP-1药物的人患癫痫的风险降低了16%。其中，司美格鲁肽显示出最强的关联性。研究作者Edy Kornelius强调，这些发现是初步的，需要随机对照试验来确认因果关系。局限性包括观察性设计无法证明因果关系，以及缺乏家族史、遗传易感性或饮酒等可能影响癫痫风险的数据。此外，由于研究期间才开始上市，药物替尔泊肽未被纳入分析。尽管存在限制，这项研究提示GLP-1药物可能具有超出血糖控制的神经保护益处，为糖尿病高危人群的癫痫预防提供了新思路。未来研究应进一步探索其机制，并验证在更广泛人群中的效果。",
      "source": "Science Daily",
      "time_ago": "22 hours ago",
      "image_url": "/article_images/article_617776f18ed3f891_6323b81de8ce.webp",
      "category": "Science"
    },
    {
      "id": "18fb44fee6150235",
      "title": "COVID后学校重开与儿童焦虑抑郁快速下降",
      "summary": "一项来自哈佛大学陈曾熙公共卫生学院及合作机构的新研究显示，COVID-19大流行期间学校重开后，儿童的心理健康诊断显著减少。该研究分析了加州185,735名5至18岁儿童的数据，发现重开九个月后，新心理健康诊断（如焦虑、抑郁和注意力缺陷多动障碍）的概率下降了43%，同时医疗支出也降低，包括非药物医疗支出减少11%、精神药物支出减少8%。女孩的改善比男孩更明显。研究指出，学校关闭可能导致社交互动有限、作息紊乱等问题，而面对面教学提供了关键的社会情感支持。然而，研究样本主要集中在商业保险覆盖的较高收入地区，因此需要进一步探讨边缘化社区的情况。这些发现强调了在未来公共卫生紧急情况下优先安全重开学校以维护儿童福祉的重要性。",
      "source": "Science Daily",
      "time_ago": "23 hours ago",
      "image_url": "/article_images/article_18fb44fee6150235_dc6f6b3a4769.webp",
      "category": "Science"
    },
    {
      "id": "9e682f668211ee15",
      "title": "长鼻变色龙隐藏真实身份150年",
      "summary": "马达加斯加以其非凡的变色龙多样性而闻名，全球超过40%的物种生活在这个东非海岸的岛屿上。其中，所谓的皮诺曹变色龙是Calumma gallus物种复合体的一部分，近150年来一直以其延长的鼻部附属物被识别。最近的遗传和解剖学研究颠覆了这一分类，揭示它实际上是一个新物种，被命名为Calumma pinocchio。由Frank Glaw博士领导的研究团队采用博物馆基因组学方法，从历史博物馆标本（包括1836年采集的样本）中提取DNA，还发现了第二个新物种Calumma hofreiteri，它曾因鼻部和其他可见特征的相似性被误认为Calumma nasutum。研究结果表明，鼻部附属物可能因雌性择偶偏好而快速进化。这项工作凸显了博物馆基因组学在解决物种复合体中的有效性，并将马达加斯加的变色龙物种数量更新为100种，占全球总数236种的一部分，强调了现代技术在分类修订和保护工作中的重要性。",
      "source": "Science Daily",
      "time_ago": "1 day ago",
      "image_url": "/article_images/article_9e682f668211ee15_f15fb529dc0d.webp",
      "category": "Science"
    },
    {
      "id": "0911261569fcdc52",
      "title": "投资者向设计“千兆”卫星的初创公司注资2.5亿美元",
      "summary": "一家名为K2的初创公司已筹集2.5亿美元，用于在加利福尼亚州托伦斯的一家工厂扩大生产。K2成立于2022年，旨在制造新型高功率卫星，分为Mega和Giga两类。其首颗主要演示卫星Gravitas计划于2026年3月由猎鹰9号火箭发射，由美国太空军资助。Gravitas将测试关键系统，包括一个20千瓦的霍尔效应推进器和可产生20千瓦电力的双太阳能阵列。K2计划利用即将到来的重型火箭，如SpaceX的星舰和蓝色起源的新格伦，部署Giga卫星，每颗卫星可产生高达100千瓦的电力，用于人工智能计算和天文望远镜等任务。公司采用垂直整合策略，自行设计推进器和航空电子设备等组件，以降低成本并扩大生产。K2已获得商业和政府客户5亿美元的签约合同，反映了对大型卫星平台的需求。这一举措旨在利用日益增长的发射能力，探索轨道上的新可能性。",
      "source": "Ars Science",
      "time_ago": "1 day ago",
      "image_url": "/article_images/article_0911261569fcdc52_e38e5224d67b.webp",
      "category": "Science"
    },
    {
      "id": "10acaa730b435411",
      "title": "前CDC领导详述RFK Jr.反科学议程的影响",
      "summary": "本文预告了由Ars Technica组织的一场直播讨论，特邀三位前美国疾病控制与预防中心（CDC）高级官员：Drs. Demetre Daskalakis、Debra Houry和Daniel Jernigan。他们在卫生部长罗伯特·F·肯尼迪（RFK Jr.）——一位反疫苗活动家——实施反科学政策后协调辞职，以抗议其对CDC科学使命的破坏。肯尼迪削减资金、裁员，并解雇了CDC主任Susan Monarez，因她拒绝批准其亲手挑选的疫苗怀疑论者小组的建议。CDC陷入混乱，甚至发生枪击事件，超过500发子弹射向其总部，针对科学家。这三位前领导拥有丰富专业知识：Daskalakis管理免疫和呼吸道疾病应对，Houry监督60亿美元预算和科学办公室，Jernigan领导应对埃博拉和SARS等新发传染病。讨论将深入探讨肯尼迪反科学议程的系统性影响，分析意识形态优先于实证证据如何损害CDC保护公共健康的能力，可能导致长期公共卫生风险。活动旨在提高意识，探讨修复损害的策略，强调对国家健康安全和科学话语的广泛影响。直播定于12月16日星期二东部时间下午2点举行。",
      "source": "Ars Science",
      "time_ago": "2 days ago",
      "image_url": "/article_images/article_10acaa730b435411_ec505c4605a5.webp",
      "category": "Science"
    }
  ]
}