{
  "title": "A Cyclist's Brave Journey After a Big Crash",
  "summary": "Vicky Williamson was a cyclist from Great Britain who dreamed of going to the Olympics. In 2016, she had a terrible crash that hurt her neck, back, and pelvis. She was lucky not to be paralyzed. After the crash, she had to have surgery and spent weeks in the hospital. She worked very hard to get better and even returned to sports in different ways. Now, she has decided to stop competing and start a new life. She feels sad because cycling was a big part of who she was, and she is figuring out what to do next. She talks about the good and bad times in her journey.",
  "keywords": [
    {
      "term": "cyclist",
      "explanation": "a person who rides a bicycle, especially in races"
    },
    {
      "term": "crash",
      "explanation": "a sudden accident where something hits something else hard"
    },
    {
      "term": "Olympics",
      "explanation": "a big sports event where athletes from many countries compete"
    },
    {
      "term": "surgery",
      "explanation": "a medical operation done by doctors to fix an injury"
    },
    {
      "term": "retirement",
      "explanation": "when someone stops working or competing after a long time"
    }
  ],
  "questions": [
    {
      "question": "What sport did Vicky Williamson do?",
      "options": [
        "Cycling",
        "Swimming",
        "Running",
        "Soccer"
      ],
      "correct_answer": "Cycling"
    },
    {
      "question": "What happened to Vicky in 2016?",
      "options": [
        "She won a race",
        "She had a crash",
        "She started school",
        "She moved to a new city"
      ],
      "correct_answer": "She had a crash"
    },
    {
      "question": "Why was Vicky lucky after the crash?",
      "options": [
        "She got a new bike",
        "She was not paralyzed",
        "She met a famous person",
        "She found a treasure"
      ],
      "correct_answer": "She was not paralyzed"
    },
    {
      "question": "What did Vicky decide to do after getting better?",
      "options": [
        "Keep competing forever",
        "Retire from sports",
        "Become a doctor",
        "Travel the world"
      ],
      "correct_answer": "Retire from sports"
    },
    {
      "question": "How does Vicky feel about stopping sports?",
      "options": [
        "Very happy only",
        "Sad and confused",
        "Angry at everyone",
        "Not interested at all"
      ],
      "correct_answer": "Sad and confused"
    },
    {
      "question": "What did Vicky talk about in her story?",
      "options": [
        "Only the good times",
        "Only the bad times",
        "The highs and lows",
        "Just her favorite foods"
      ],
      "correct_answer": "The highs and lows"
    }
  ],
  "background_read": [
    "Vicky Williamson is a former cyclist from Great Britain who was training for the Olympics. In 2016, she had a serious crash that caused bad injuries. She had to have surgery and recover in the hospital. Even though it was hard, she returned to sports but later decided to retire. This story helps us learn about how athletes can face big challenges and change their lives."
  ],
  "Article_Structure": [
    "WHO: Vicky Williamson, a cyclist from Great Britain",
    "WHAT: She had a crash, got hurt, recovered, and retired from sports",
    "WHERE: The crash happened in Rotterdam, and she is from Norfolk, England",
    "WHY: She is sharing her story to talk about her journey and feelings after the crash"
  ],
  "perspectives": [
    {
      "perspective": "Athlete's View",
      "description": "Vicky feels loss of identity after retiring from sports she loved."
    }
  ],
  "image_url": "/article_images/article_04a52e835dbc013f_a74af4aceb6b.webp"
}