{
  "title": "Identity and Resilience in Athletic Retirement: A Case Study of Vicky Williamson",
  "summary": "Vicky Williamson, a former Team GB cyclist, provides a poignant account of her career derailed by a catastrophic crash in 2016, which resulted in multiple severe injuries including cervical and spinal fractures, pelvic dislocation, and a herniated disc, narrowly avoiding paralysis. The incident, occurring during training for the Rio Olympics, necessitated extensive surgical intervention and protracted rehabilitation. Williamson's narrative, conveyed through a BBC interview, explores the dichotomy of her athletic journey: the profound lows of Olympic disqualification and identity erosion, juxtaposed with the highs of a resilient comeback across disciplines. At 32, her decision to retire underscores a broader existential crisis common among elite athletes, who often grapple with self-concept upon exiting competitive spheres. She articulates the psychological ramifications of sudden career termination, highlighting themes of loss, adaptation, and the search for new purpose. This article serves as a microcosm of the challenges faced by sports professionals in navigating post-injury life transitions.",
  "keywords": [
    {
      "term": "catastrophic injury",
      "explanation": "a severe, life-altering physical harm that drastically impacts one's abilities and lifestyle"
    },
    {
      "term": "existential crisis",
      "explanation": "a deep internal conflict regarding one's meaning, purpose, or identity in life"
    },
    {
      "term": "rehabilitation",
      "explanation": "the process of restoring health and functional ability through medical treatment and therapy after injury or illness"
    },
    {
      "term": "psychological ramifications",
      "explanation": "the long-term mental and emotional consequences resulting from an event or condition"
    },
    {
      "term": "microcosm",
      "explanation": "a small-scale representation of a larger system or phenomenon"
    }
  ],
  "questions": [
    {
      "question": "What specific injuries did Williamson sustain in the crash?",
      "options": [
        "Mild sprains and bruises",
        "Cervical and spinal fractures, pelvic dislocation, herniated disc",
        "Only a concussion",
        "Broken ribs and internal bleeding"
      ],
      "correct_answer": "Cervical and spinal fractures, pelvic dislocation, herniated disc"
    },
    {
      "question": "How does Williamson describe the temporal context of her reflection?",
      "options": [
        "Immediately after the crash",
        "Five years later during recovery",
        "Ten years on as a milestone",
        "At the start of her career"
      ],
      "correct_answer": "Ten years on as a milestone"
    },
    {
      "question": "What broader theme does Williamson's story illustrate about elite athletes?",
      "options": [
        "Financial management strategies",
        "Identity crises upon retirement",
        "Diet and nutrition plans",
        "Sponsorship acquisition techniques"
      ],
      "correct_answer": "Identity crises upon retirement"
    },
    {
      "question": "What methodological approach does the article primarily use?",
      "options": [
        "Statistical analysis of injury data",
        "Experimental research on recovery",
        "Narrative interview-based storytelling",
        "Comparative study of multiple athletes"
      ],
      "correct_answer": "Narrative interview-based storytelling"
    },
    {
      "question": "How does Williamson characterize her accident's impact?",
      "options": [
        "As a minor inconvenience",
        "As life-changing and severe",
        "As a positive turning point",
        "As irrelevant to her career"
      ],
      "correct_answer": "As life-changing and severe"
    },
    {
      "question": "What does Williamson imply about the suddenness of change in athletics?",
      "options": [
        "It is always predictable",
        "It can occur in an instant, altering everything",
        "It is gradual and manageable",
        "It only affects physical health"
      ],
      "correct_answer": "It can occur in an instant, altering everything"
    },
    {
      "question": "What critical assessment can be made of the article's evidence?",
      "options": [
        "It is highly quantitative and verifiable",
        "It relies on subjective personal accounts without external corroboration",
        "It includes peer-reviewed studies",
        "It dismisses emotional aspects entirely"
      ],
      "correct_answer": "It relies on subjective personal accounts without external corroboration"
    },
    {
      "question": "How does the article address author credibility?",
      "options": [
        "By detailing the journalist's sports medicine expertise",
        "By citing BBC's reputation but not verifying Williamson's claims independently",
        "By including multiple expert testimonials",
        "By providing a full biography of the interviewer"
      ],
      "correct_answer": "By citing BBC's reputation but not verifying Williamson's claims independently"
    },
    {
      "question": "What does Williamson's return to different disciplines signify?",
      "options": [
        "Lack of dedication to cycling",
        "Adaptability and resilience in her athletic pursuits",
        "Inability to recover fully",
        "A shift away from competitive spirit"
      ],
      "correct_answer": "Adaptability and resilience in her athletic pursuits"
    },
    {
      "question": "What is a key limitation of the article's perspective?",
      "options": [
        "It overemphasizes financial aspects",
        "It lacks diverse viewpoints beyond Williamson's personal experience",
        "It ignores the physical details of the crash",
        "It focuses solely on statistical outcomes"
      ],
      "correct_answer": "It lacks diverse viewpoints beyond Williamson's personal experience"
    }
  ],
  "background_read": [
    "Vicky Williamson's case offers insight into the intersection of sports psychology and trauma recovery. As a sprinter cyclist from Norfolk, her trajectory toward the 2016 Rio Olympics was abruptly halted by a multi-injury crash, necessitating complex surgical procedures and highlighting the vulnerabilities of elite athletes. This background explores the physiological demands of cycling, the psychological constructs of athletic identity, and the societal pressures on sports professionals. It also considers the role of media in shaping narratives of resilience, providing context for high school students to analyze how personal stories contribute to broader discussions on health, career transitions, and human resilience in the face of adversity."
  ],
  "Article_Structure": [
    "Main Points: Williamson's crash caused severe injuries, leading to a resilient comeback and eventual retirement, with emphasis on identity loss. Purpose: To provide a personal narrative that illuminates the psychological and physical challenges of athletic retirement post-injury. Evidence Evaluation: Based solely on Williamson's interview quotes, offering authentic but unverified insights; lacks empirical data or multiple sources. Author Credibility: BBC provides platform credibility, but the article does not assess Williamson's expertise or potential biases. Methodology: Qualitative interview method captures subjective experiences, but without systematic research design. Critical Assessment: Strengths include emotional depth and relatability; limitations involve one-sided perspective and absence of broader analysis or counterpoints."
  ],
  "perspectives": [
    {
      "perspective": "Psychological Analysis",
      "description": "Focuses on identity erosion and adaptive coping mechanisms in athletic retirement."
    }
  ],
  "image_url": "/article_images/article_04a52e835dbc013f_a74af4aceb6b.webp"
}