{
  "title": "Artemis II: Pioneering Human Spaceflight Beyond the Moon",
  "summary": "NASA's Artemis II mission represents a seminal step in human space exploration, targeting a launch window from February 2024 onward as the first crewed lunar endeavor in over five decades. This 10-day expedition will utilize the Space Launch System rocket and Orion capsule, launching from Kennedy Space Center in Florida with a diverse crew: commander Reid Wiseman, pilot Victor Glover, mission specialist Christina Koch, and Canadian Space Agency mission specialist Jeremy Hansen. The mission's objectives include testing Orion's manual flight capabilities in Earth orbit, followed by a trajectory thousands of kilometers beyond the Moon to rigorously assess critical systems such as life-support, propulsion, power, and navigation under deep-space conditions. Additionally, the crew will function as biomedical subjects, transmitting data on human adaptation to elevated radiation levels and prolonged weightlessness, which exceed those on the International Space Station but remain within safety parameters. Upon completion, the astronauts will endure atmospheric re-entry and splashdown in the Pacific Ocean. Artemis II serves as a foundational precursor to Artemis III, which aims for a crewed lunar landing by 2027-2028, revitalizing lunar exploration and informing future missions to Mars through advanced technological and human factor evaluations.",
  "keywords": [
    {
      "term": "Artemis II",
      "explanation": "NASA's inaugural crewed mission of the Artemis program, designed to validate deep-space systems for lunar exploration"
    },
    {
      "term": "Space Launch System",
      "explanation": "A super-heavy-lift launch vehicle developed by NASA to enable human missions beyond low-Earth orbit"
    },
    {
      "term": "Orion capsule",
      "explanation": "A crewed spacecraft engineered for long-duration deep-space missions, featuring advanced life-support and re-entry capabilities"
    },
    {
      "term": "deep-space conditions",
      "explanation": "Environmental factors in regions far from Earth, including high radiation and microgravity, that challenge human spaceflight"
    },
    {
      "term": "biomedical subjects",
      "explanation": "Astronauts who participate in scientific studies to collect data on physiological responses to space environments"
    },
    {
      "term": "atmospheric re-entry",
      "explanation": "The process of a spacecraft returning through Earth's atmosphere, involving intense heat and friction management"
    },
    {
      "term": "Artemis III",
      "explanation": "The subsequent mission planned to achieve a human lunar landing, building on Artemis II's findings"
    },
    {
      "term": "human factor evaluations",
      "explanation": "Assessments of how astronauts perform and adapt psychologically and physically during space missions"
    },
    {
      "term": "sustainable exploration",
      "explanation": "Long-term space exploration strategies that aim for repeatable and economically viable missions"
    },
    {
      "term": "international collaboration",
      "explanation": "Partnerships between space agencies, such as NASA and CSA, to share resources and expertise in exploration efforts"
    }
  ],
  "questions": [
    {
      "question": "What distinguishes Artemis II from previous crewed lunar missions?",
      "options": [
        "It tests systems for sustainable exploration beyond Apollo",
        "It lands on the Moon immediately",
        "It focuses solely on Mars preparation",
        "It uses commercial spacecraft only"
      ],
      "correct_answer": "It tests systems for sustainable exploration beyond Apollo"
    },
    {
      "question": "How does the mission contribute to human factor research?",
      "options": [
        "By collecting biomedical data in deep space",
        "By training astronauts for Earth-based simulations",
        "By eliminating radiation risks entirely",
        "By focusing only on engineering tests"
      ],
      "correct_answer": "By collecting biomedical data in deep space"
    },
    {
      "question": "What is the significance of testing Orion beyond the Moon?",
      "options": [
        "To evaluate performance in extreme deep-space environments",
        "To avoid Earth's gravity entirely",
        "To reduce mission costs",
        "To test lunar landing directly"
      ],
      "correct_answer": "To evaluate performance in extreme deep-space environments"
    },
    {
      "question": "How does NASA ensure crew safety regarding radiation?",
      "options": [
        "By designing Orion with shielding and monitoring levels",
        "By limiting mission duration to a few hours",
        "By avoiding deep space altogether",
        "By relying on astronaut immunity"
      ],
      "correct_answer": "By designing Orion with shielding and monitoring levels"
    },
    {
      "question": "What role does international collaboration play in Artemis II?",
      "options": [
        "It includes a Canadian astronaut and shared expertise",
        "It excludes non-US participants",
        "It focuses only on US technology",
        "It reduces mission objectives"
      ],
      "correct_answer": "It includes a Canadian astronaut and shared expertise"
    },
    {
      "question": "What are the key systems tested during the mission?",
      "options": [
        "Life-support, propulsion, power, and navigation",
        "Only communication systems",
        "Lunar rover deployment",
        "Space station construction"
      ],
      "correct_answer": "Life-support, propulsion, power, and navigation"
    },
    {
      "question": "How does Artemis II inform future Mars missions?",
      "options": [
        "By addressing deep-space challenges relevant to longer journeys",
        "By testing Martian soil samples",
        "By avoiding Moon exploration entirely",
        "By focusing only on short-term goals"
      ],
      "correct_answer": "By addressing deep-space challenges relevant to longer journeys"
    },
    {
      "question": "What factors could delay the Artemis II launch?",
      "options": [
        "Final checks on SLS rocket and Orion",
        "Lack of astronaut training",
        "Political changes only",
        "Weather conditions alone"
      ],
      "correct_answer": "Final checks on SLS rocket and Orion"
    },
    {
      "question": "What is the expected outcome of the splashdown procedure?",
      "options": [
        "Safe recovery of crew and spacecraft in the Pacific",
        "Landing on a runway in Florida",
        "Permanent placement in orbit",
        "Direct return to the Moon"
      ],
      "correct_answer": "Safe recovery of crew and spacecraft in the Pacific"
    },
    {
      "question": "How does Artemis II align with broader space exploration goals?",
      "options": [
        "By enabling sustainable lunar presence and Mars preparation",
        "By ending human spaceflight efforts",
        "By focusing only on robotic missions",
        "By prioritizing commercial tourism"
      ],
      "correct_answer": "By enabling sustainable lunar presence and Mars preparation"
    }
  ],
  "background_read": [
    "The Artemis program, initiated by NASA, seeks to establish a sustainable human presence on the Moon by the late 2020s, leveraging public-private partnerships and international cooperation. Building on the legacy of Apollo, Artemis II addresses gaps in deep-space travel, such as radiation mitigation and life-support durability, through rigorous testing of the Space Launch System and Orion. Historical context includes the Apollo missions (1969-1972), which demonstrated lunar landing feasibility but lacked long-term infrastructure. Current challenges involve technological innovation, funding constraints, and geopolitical dynamics, with Artemis II serving as a critical milestone for validating systems that could eventually support crewed missions to Mars, emphasizing the integration of human factors and advanced engineering in modern space exploration."
  ],
  "Article_Structure": [
    "Main Points: Artemis II is a crewed test flight launching in 2024 to validate Orion and SLS for deep-space missions, with four astronauts conducting system checks and biomedical research. Purpose: To advance lunar exploration by preparing for Artemis III's landing and informing Mars missions through data on human adaptation and technology performance. Evidence Evaluation: Relies on NASA press releases and expert analysis, but uncertainties in launch timing highlight dependency on technical readiness. Author Credibility: BBC Science offers credible journalism with access to official sources, though potential biases toward optimistic timelines exist. Methodology: The article compiles factual details from agency announcements, historical comparisons, and expert projections to present a comprehensive overview. Critical Assessment: Strengths include clear mission objectives and international scope; limitations involve speculative elements like exact launch dates and long-term feasibility amid budget and technical hurdles."
  ],
  "perspectives": [
    {
      "perspective": "Strategic Exploration",
      "description": "Artemis II exemplifies a methodical approach to space exploration, balancing immediate technological tests with long-term goals for interplanetary travel"
    }
  ],
  "image_url": "/article_images/article_0d1da6c03d0596b6_214ed8478c9b.webp"
}