{
  "title": "Spain and Italy to Play for Davis Cup Trophy",
  "summary": "Spain has reached the Davis Cup final for the first time in six years by beating Germany in a close match. They will play against Italy, who are the defending champions. In the semifinal, Spain won the first singles match, but Germany tied it up. Then, Spain's doubles team won the deciding match. Both teams are missing their top players due to injuries, like Carlos Alcaraz for Spain and Jannik Sinner for Italy. The final will be in Bologna, Italy, on Sunday. Spain is excited to compete and try to win the Davis Cup for the seventh time. This is a big event in tennis where countries compete as teams.",
  "keywords": [
    {
      "term": "Davis Cup",
      "explanation": "a famous tennis competition where teams from different countries play against each other"
    },
    {
      "term": "final",
      "explanation": "the last match in a tournament to decide the winner"
    },
    {
      "term": "doubles",
      "explanation": "a tennis match where two players on each team play together"
    },
    {
      "term": "singles",
      "explanation": "a tennis match where one player from each team plays alone"
    },
    {
      "term": "captain",
      "explanation": "the leader of a sports team who helps make decisions"
    },
    {
      "term": "injury",
      "explanation": "when a player gets hurt and cannot play"
    }
  ],
  "questions": [
    {
      "question": "Which country did Spain beat to reach the Davis Cup final?",
      "options": [
        "Germany",
        "Italy",
        "Belgium",
        "Czech Republic"
      ],
      "correct_answer": "Germany"
    },
    {
      "question": "How many times has Spain won the Davis Cup before?",
      "options": [
        "5 times",
        "6 times",
        "7 times",
        "8 times"
      ],
      "correct_answer": "6 times"
    },
    {
      "question": "Who won the deciding doubles match for Spain?",
      "options": [
        "Marcel Granollers and Pedro Martinez",
        "Pablo Carreno Busta and Jaume Munar",
        "Kevin Krawietz and Tim Puetz",
        "Alexander Zverev and Jan-Lennard Struff"
      ],
      "correct_answer": "Marcel Granollers and Pedro Martinez"
    },
    {
      "question": "Where will the final match be held?",
      "options": [
        "Madrid, Spain",
        "Bologna, Italy",
        "Berlin, Germany",
        "Paris, France"
      ],
      "correct_answer": "Bologna, Italy"
    },
    {
      "question": "Which top player is missing for Spain due to injury?",
      "options": [
        "Carlos Alcaraz",
        "Jannik Sinner",
        "David Ferrer",
        "Lorenzo Musetti"
      ],
      "correct_answer": "Carlos Alcaraz"
    },
    {
      "question": "What is the Davis Cup?",
      "options": [
        "A tennis tournament for countries",
        "A soccer competition",
        "A basketball league",
        "A swimming event"
      ],
      "correct_answer": "A tennis tournament for countries"
    }
  ],
  "background_read": [
    "The Davis Cup is an international tennis tournament started in 1900, where national teams compete. It is one of the biggest team events in tennis. Spain has a strong history, having won it six times. Italy is the current champion. Matches include singles and doubles, and teams play in a knockout format. Injuries can affect teams, as seen here with top players missing. This makes the competition exciting and unpredictable."
  ],
  "Article_Structure": [
    "WHO: Spain and Italy, the tennis teams, and players like Pablo Carreno Busta and Marcel Granollers",
    "WHAT: Spain beat Germany to reach the Davis Cup final against Italy",
    "WHERE: The final will be in Bologna, Italy",
    "WHY: To compete for the Davis Cup title, with both teams missing key players due to injuries"
  ],
  "perspectives": [
    {
      "perspective": "Spanish team view",
      "description": "Happy and proud to reach the final after a tough match, excited to compete even without their best player"
    },
    {
      "perspective": "Italian team view",
      "description": "Confident as defending champions, also missing top players but ready for the challenge"
    }
  ],
  "image_url": "/article_images/article_cdc0ca4af11c6097_623b335ae585.webp"
}