{
  "title": "Unveiling Hidden Worlds: Subaru Telescope's Discovery of a Giant Planet and Brown Dwarf",
  "summary": "Astronomers using the Subaru Telescope in Hawaii have successfully identified two significant objects: a giant planet and a brown dwarf, through the OASIS project. This initiative combines precise data from European Space Agency missions, Hipparcos and Gaia, with advanced imaging from Subaru's SCExAO system to detect objects that are typically obscured by starlight. The giant planet, HIP 54515 b, located 271 light-years away in Leo, has 18 times Jupiter's mass and orbits at a Neptune-like distance, posing a challenge due to its proximity to its star. The brown dwarf, HIP 71618 B, 169 light-years away in Bootes with 60 times Jupiter's mass, serves as a key test target for NASA's upcoming Roman Space Telescope, which will evaluate coronagraph technology for imaging Earth-like planets. These discoveries underscore the effectiveness of integrating space-based measurements with ground-based telescopes to overcome observational hurdles and advance planetary science.",
  "keywords": [
    {
      "term": "OASIS project",
      "explanation": "a survey that uses space mission data to identify stars with potential hidden companions for imaging"
    },
    {
      "term": "SCExAO system",
      "explanation": "an adaptive optics system on the Subaru Telescope that produces sharp images to directly photograph faint objects"
    },
    {
      "term": "HIP 54515 b",
      "explanation": "a giant planet with 18 times Jupiter's mass, discovered orbiting a star in the constellation Leo"
    },
    {
      "term": "HIP 71618 B",
      "explanation": "a brown dwarf with 60 times Jupiter's mass, identified as an ideal test target for NASA's Roman Space Telescope"
    },
    {
      "term": "coronagraph technology",
      "explanation": "instruments that block starlight to allow imaging of dimmer objects like planets, crucial for future space missions"
    }
  ],
  "questions": [
    {
      "question": "What is the primary goal of the OASIS project?",
      "options": [
        "To build new telescopes",
        "To combine space data with ground imaging to find hidden objects",
        "To study only stars in our solar system",
        "To ignore brown dwarfs"
      ],
      "correct_answer": "To combine space data with ground imaging to find hidden objects"
    },
    {
      "question": "How does the SCExAO system help astronomers?",
      "options": [
        "By making stars dimmer",
        "By capturing sharp images to see faint objects clearly",
        "By measuring star distances only",
        "By creating new constellations"
      ],
      "correct_answer": "By capturing sharp images to see faint objects clearly"
    },
    {
      "question": "What makes HIP 54515 b challenging to observe?",
      "options": [
        "It is too bright",
        "It is very close to its star from Earth's perspective",
        "It has no mass",
        "It orbits too far away"
      ],
      "correct_answer": "It is very close to its star from Earth's perspective"
    },
    {
      "question": "Why is HIP 71618 B important for NASA's Roman Space Telescope?",
      "options": [
        "It is the brightest object found",
        "It meets strict criteria for testing coronagraph technology",
        "It is located in our solar system",
        "It is a failed star with no use"
      ],
      "correct_answer": "It meets strict criteria for testing coronagraph technology"
    },
    {
      "question": "What data sources does OASIS use to find targets?",
      "options": [
        "Only Subaru Telescope images",
        "Measurements from Hipparcos and Gaia missions",
        "Weather data from Earth",
        "Social media posts"
      ],
      "correct_answer": "Measurements from Hipparcos and Gaia missions"
    },
    {
      "question": "How do brown dwarfs differ from stars?",
      "options": [
        "They are brighter",
        "They never ignite nuclear fusion in their cores",
        "They are smaller than planets",
        "They orbit moons"
      ],
      "correct_answer": "They never ignite nuclear fusion in their cores"
    },
    {
      "question": "What is the significance of these discoveries for future astronomy?",
      "options": [
        "They show that hidden objects can be found through teamwork between space and ground telescopes",
        "They prove all planets are easy to image",
        "They limit the need for new technology",
        "They focus only on brown dwarfs"
      ],
      "correct_answer": "They show that hidden objects can be found through teamwork between space and ground telescopes"
    },
    {
      "question": "What constellation is HIP 54515 b located in?",
      "options": [
        "Leo",
        "Bootes",
        "Orion",
        "Ursa Major"
      ],
      "correct_answer": "Leo"
    }
  ],
  "background_read": [
    "Astronomy involves studying celestial objects using telescopes and data analysis. The Subaru Telescope is a ground-based observatory in Hawaii known for its advanced imaging capabilities. OASIS is a survey project that leverages astrometric data from space missions like Hipparcos and Gaia, which track star motions to infer the presence of unseen companions. Brown dwarfs are substellar objects that lack sufficient mass for sustained nuclear fusion, often called 'failed stars.' NASA's Roman Space Telescope is an upcoming mission designed to test coronagraphs, which are crucial for directly imaging exoplanets, especially Earth-like ones, by blocking starlight. This article highlights how interdisciplinary approaches in astronomy lead to groundbreaking discoveries."
  ],
  "Article_Structure": [
    "Main Points: The article details the discovery of a giant planet and brown dwarf using the Subaru Telescope and OASIS project, emphasizing the challenges of imaging faint objects near bright stars. Purpose: To inform about advancements in astronomical techniques and their role in future missions like NASA's Roman Space Telescope. Evidence Evaluation: Relies on data from reputable space missions (Hipparcos, Gaia) and direct imaging via SCExAO, providing credible observational evidence. Author Credibility: Based on materials from the National Institutes of Natural Sciences, though specific author expertise isn't detailed, the use of established scientific methods adds reliability. Methodology: Combines astrometric analysis from space missions with adaptive optics imaging on ground telescopes to identify and photograph hidden companions."
  ],
  "perspectives": [
    {
      "perspective": "Technological Innovation",
      "description": "The discoveries showcase how cutting-edge technology, such as adaptive optics and space-based data, enables astronomers to overcome previous limitations in planetary detection."
    }
  ],
  "image_url": "/article_images/article_28bb88634132fb02_d52c27740e27.webp"
}