{
  "title": "The Science Behind Sneaker Squeaks and Frictional Tunes",
  "summary": "Scientists investigated the physics of sneaker squeaks, focusing on how tread geometry influences sound frequency. By sliding basketball shoes on glass plates, they observed that squeaks result from stick-slip friction, where surfaces alternately stick and slide, generating pulses. The team created silicone rubber blocks with flat and ridged surfaces to mimic sneaker treads. They found that ridged blocks produced more uniform pulses with specific pitches, while flat blocks created disordered noise. This allowed them to tune blocks to exact frequencies, enabling performances like Star Wars' 'Imperial March.' The research challenges traditional friction models, showing that geometry, not just sliding speed, determines frequency. Additionally, it links to earthquake dynamics, as similar pulse mechanisms occur in tectonic faults. The study, published in Nature, advances tribology—the study of friction—and suggests applications in tunable materials for better grip control.",
  "keywords": [
    {
      "term": "tread geometry",
      "explanation": "the shape and pattern of grooves on a surface, like sneaker soles, affecting friction and sound"
    },
    {
      "term": "stick-slip friction",
      "explanation": "a type of friction where surfaces repeatedly stick together and then slide, producing vibrations or sounds"
    },
    {
      "term": "pulses",
      "explanation": "waves or bursts of energy that travel along a surface, causing audible squeaks in this context"
    },
    {
      "term": "silicone rubber blocks",
      "explanation": "experimental materials made from flexible rubber to simulate sneaker soles and test frictional effects"
    },
    {
      "term": "tribology",
      "explanation": "the science of interacting surfaces in motion, including friction, wear, and lubrication"
    },
    {
      "term": "tectonic faults",
      "explanation": "cracks in Earth's crust where plates move, similar to frictional interfaces in sneaker studies"
    },
    {
      "term": "frequency",
      "explanation": "the rate at which sound waves or pulses repeat, determining the pitch of a squeak"
    },
    {
      "term": "supersonic separations",
      "explanation": "temporary gaps between surfaces that move faster than sound, contributing to squeak generation"
    }
  ],
  "questions": [
    {
      "question": "What type of friction is primarily responsible for sneaker squeaks according to the study?",
      "options": [
        "Static friction",
        "Rolling friction",
        "Stick-slip friction",
        "Fluid friction"
      ],
      "correct_answer": "Stick-slip friction"
    },
    {
      "question": "What material did scientists use to create experimental blocks for testing?",
      "options": [
        "Wooden blocks",
        "Silicone rubber blocks",
        "Metal plates",
        "Plastic sheets"
      ],
      "correct_answer": "Silicone rubber blocks"
    },
    {
      "question": "How did ridged blocks differ from flat blocks in the experiments?",
      "options": [
        "Ridged blocks produced disordered noise",
        "Ridged blocks had uniform pulses and specific pitches",
        "Flat blocks played music better",
        "Flat blocks minimized fluctuations"
      ],
      "correct_answer": "Ridged blocks had uniform pulses and specific pitches"
    },
    {
      "question": "What scientific field does this research contribute to?",
      "options": [
        "Astronomy",
        "Tribology",
        "Biology",
        "Chemistry"
      ],
      "correct_answer": "Tribology"
    },
    {
      "question": "What real-world phenomenon is compared to sneaker squeak dynamics in the article?",
      "options": [
        "Volcanic eruptions",
        "Earthquake mechanics",
        "Ocean currents",
        "Weather patterns"
      ],
      "correct_answer": "Earthquake mechanics"
    },
    {
      "question": "What did scientists use to capture data during shoe sliding experiments?",
      "options": [
        "Only sound recordings",
        "Visual imagery and sound capture",
        "Temperature sensors",
        "Weight measurements"
      ],
      "correct_answer": "Visual imagery and sound capture"
    },
    {
      "question": "What was a key finding about frequency in relation to sliding rates?",
      "options": [
        "Frequency increased with sliding rates",
        "Frequency decreased with sliding rates",
        "Frequency remained the same despite sliding rates",
        "Frequency was unpredictable"
      ],
      "correct_answer": "Frequency remained the same despite sliding rates"
    },
    {
      "question": "What practical application is suggested by the research?",
      "options": [
        "Making quieter sneakers",
        "Developing tunable frictional materials",
        "Creating new music instruments",
        "Improving glass manufacturing"
      ],
      "correct_answer": "Developing tunable frictional materials"
    }
  ],
  "background_read": [
    "Friction has been studied since Leonardo da Vinci in the 15th century, laying groundwork for tribology. In modern science, friction involves complex interactions between surfaces, such as sneaker soles on gym floors. This article explores how geometry affects frictional sounds, using experiments with sneakers and custom rubber blocks. Researchers applied methods similar to da Vinci's, sliding objects to observe stick-slip behavior. The findings challenge existing models by showing that surface patterns control frequency, independent of speed. This connects to broader physics, like earthquake dynamics where similar pulses occur in faults. Understanding these mechanisms can lead to advanced materials with adjustable friction for safety or performance, highlighting interdisciplinary science."
  ],
  "Article_Structure": [
    "Main Points: The study reveals that sneaker squeak frequency is determined by tread geometry, not sliding speed, through experiments with shoes and silicone blocks. Purpose: To advance tribology by exploring soft-on-rigid friction and link it to earthquake mechanics. Evidence Evaluation: High-quality, using controlled experiments, sound and visual data, and peer-reviewed publication in Nature. Author Credibility: Researchers from reputable institutions like Harvard and the University of Nottingham, with expertise in physics and engineering. Methodology: Sliding sneakers and custom blocks on glass, capturing pulses and frequencies, comparing ridged vs. flat surfaces, and referencing historical friction studies."
  ],
  "perspectives": [
    {
      "perspective": "Engineering Innovation",
      "description": "The research paves the way for tunable metamaterials that can switch between low friction and high grip, useful in various applications."
    }
  ],
  "image_url": "/article_images/article_8a68adb9d8d0117b_970db123779c.webp"
}