{
  "title": "Cognitive Flexibility in Male Bonobos: Interpreting Noisy Ovulatory Signals for Reproductive Optimization",
  "summary": "Male bonobos demonstrate sophisticated cognitive abilities by interpreting ambiguous fertility signals to optimize reproductive success, as revealed in a study led by Heungjin Ryu of Kyoto University. Published in PLOS Biology, this research investigates the paradox of persistent noisy ovulatory signals in bonobos, where females exhibit prolonged sexual receptivity and a conspicuous genital swelling that does not reliably indicate ovulation. Conducted in the wild bonobo community at Wamba, Democratic Republic of the Congo, the study employed a multidisciplinary methodology: daily behavioral observations documented sexual interactions, visual assessments quantified genital swelling, and urine samples were analyzed for estrogen and progesterone to precisely identify ovulation timing. Data analysis indicated that ovulation probability peaks between 8 and 27 days post-maximum swelling, presenting a challenging predictive window. Nonetheless, male bonobos exhibited strategic behavior by concentrating mating efforts on females with earlier maximum swelling and older infants, correlates associated with heightened ovulation likelihood. This flexible approach enables males to reasonably estimate fertility despite signal imprecision, suggesting minimal evolutionary pressure for signal accuracy enhancement. The findings contribute to evolutionary theory by elucidating how conspicuous but unreliable signals can remain functional through adaptive behavioral plasticity, thereby influencing mating dynamics in intricate social frameworks.",
  "keywords": [
    {
      "term": "cognitive flexibility",
      "explanation": "the mental ability of male bonobos to adapt their strategies by interpreting multiple cues, such as swelling patterns and reproductive history, to enhance mating success"
    },
    {
      "term": "noisy ovulatory signals",
      "explanation": "ambiguous or unreliable indicators of fertility, like the persistent genital swelling in female bonobos, which do not consistently correlate with ovulation"
    },
    {
      "term": "reproductive optimization",
      "explanation": "the process by which male bonobos maximize their chances of conception through strategic timing of mating attempts based on interpreted signals"
    },
    {
      "term": "multidisciplinary methodology",
      "explanation": "the research approach combining ethological observations, physiological assessments, and endocrinological analyses to study bonobo behavior and fertility"
    },
    {
      "term": "evolutionary pressure",
      "explanation": "selective forces in nature that could drive changes in traits; here, it is minimal due to effective male interpretation of imperfect signals"
    },
    {
      "term": "behavioral plasticity",
      "explanation": "the capacity of animals to modify their behavior in response to environmental cues, as seen in male bonobos' flexible mating strategies"
    },
    {
      "term": "social frameworks",
      "explanation": "the complex interpersonal structures within bonobo communities that influence mating interactions and signal persistence"
    },
    {
      "term": "endocrinological analysis",
      "explanation": "scientific examination of hormone levels, such as estrogen and progesterone, to determine physiological states like ovulation"
    },
    {
      "term": "adaptive strategies",
      "explanation": "behaviors evolved to improve survival and reproduction, exemplified by male bonobos' use of combined cues for fertility estimation"
    },
    {
      "term": "signal functionality",
      "explanation": "the evolutionary rationale for maintaining imperfect signals if they are effectively utilized, as demonstrated in this study"
    }
  ],
  "questions": [
    {
      "question": "What is the primary cognitive ability demonstrated by male bonobos in this study?",
      "options": [
        "Cognitive flexibility in interpreting ambiguous signals",
        "Memory retention for food locations",
        "Tool use for hunting",
        "Vocal communication skills"
      ],
      "correct_answer": "Cognitive flexibility in interpreting ambiguous signals"
    },
    {
      "question": "How does the genital swelling in female bonobos differ from reliable ovulatory signals in other mammals?",
      "options": [
        "It persists beyond the fertile stage and is not a precise indicator",
        "It only occurs during ovulation",
        "It changes color accurately with fertility",
        "It is absent in bonobos"
      ],
      "correct_answer": "It persists beyond the fertile stage and is not a precise indicator"
    },
    {
      "question": "What methodological approach was used to identify ovulation timing?",
      "options": [
        "Urine sample analysis for estrogen and progesterone",
        "Behavioral observation alone",
        "Genetic testing",
        "Surveys of bonobo behavior"
      ],
      "correct_answer": "Urine sample analysis for estrogen and progesterone"
    },
    {
      "question": "What time range after maximum swelling is ovulation most likely, according to the data?",
      "options": [
        "Between 8 and 27 days",
        "Within 1 to 3 days",
        "Exactly on the day of maximum swelling",
        "After 30 days"
      ],
      "correct_answer": "Between 8 and 27 days"
    },
    {
      "question": "Which two factors did male bonobos use to focus their mating activity?",
      "options": [
        "Earlier maximum swelling and older infants",
        "Swelling color and female dominance rank",
        "Infant gender and food sharing",
        "Group size and time of year"
      ],
      "correct_answer": "Earlier maximum swelling and older infants"
    },
    {
      "question": "What does the study suggest about evolutionary pressure on the fertility signal?",
      "options": [
        "Minimal pressure due to effective male strategies",
        "High pressure leading to signal refinement",
        "No evolutionary pressure exists",
        "Pressure only from environmental factors"
      ],
      "correct_answer": "Minimal pressure due to effective male strategies"
    },
    {
      "question": "How does this research contribute to evolutionary theory?",
      "options": [
        "By showing how noisy signals can persist through adaptive behavior",
        "By proving all signals must be perfect",
        "By focusing only on genetic factors",
        "By dismissing behavioral adaptations"
      ],
      "correct_answer": "By showing how noisy signals can persist through adaptive behavior"
    },
    {
      "question": "What funding bodies supported this study?",
      "options": [
        "JSPS and the Global Environment Research Fund",
        "NASA and the NIH",
        "Private corporations only",
        "No external funding"
      ],
      "correct_answer": "JSPS and the Global Environment Research Fund"
    },
    {
      "question": "What is implied by the term 'behavioral plasticity' in this context?",
      "options": [
        "Male bonobos' ability to adjust mating strategies based on cues",
        "Fixed mating patterns in bonobos",
        "Genetic determination of behavior",
        "Lack of learning in bonobos"
      ],
      "correct_answer": "Male bonobos' ability to adjust mating strategies based on cues"
    },
    {
      "question": "Why might the noisy signal system have persisted over evolutionary timescales?",
      "options": [
        "Because males use it flexibly, reducing need for accuracy",
        "Because females control the signal perfectly",
        "Because it is a recent adaptation",
        "Because bonobos are isolated from evolution"
      ],
      "correct_answer": "Because males use it flexibly, reducing need for accuracy"
    }
  ],
  "background_read": [
    "Bonobos (Pan paniscus) are a primate species endemic to the rainforests of Central Africa, renowned for their egalitarian social structures and sexual behaviors that contrast with chimpanzees. In evolutionary biology, signals play a crucial role in reproduction, often subject to selective pressures for clarity. This study delves into the enigma of noisy ovulatory signals—where female bonobos exhibit a persistent genital swelling that does not reliably indicate ovulation, unlike many mammals with precise fertility indicators. Research involved extensive field work at Wamba, integrating ethology, endocrinology, and behavioral ecology to decode male strategies. The findings illuminate principles of signal evolution, cognitive ethology, and adaptive plasticity, suggesting that imperfect signals can remain evolutionarily stable if recipients develop sophisticated interpretation mechanisms. This has implications for understanding human evolution, animal cognition, and the dynamics of sexual selection in complex societies."
  ],
  "Article_Structure": [
    "This article provides an in-depth analysis of male bonobos' interpretation of noisy ovulatory signals for reproductive optimization. Main Points: Male bonobos employ cognitive flexibility to combine genital swelling patterns and reproductive history (e.g., infant age) to estimate ovulation, despite signal imprecision, enhancing mating success. Purpose: To explore evolutionary mechanisms allowing noisy signals to persist and shape mating strategies in complex social environments, contributing to theories of signal functionality. Evidence Evaluation: Robust evidence from field observations, hormonal assays, and statistical analysis, though limited by sample size and wild conditions, yet methodologically sound. Author Credibility: Heungjin Ryu and team from Kyoto University, supported by prestigious grants, demonstrate expertise in primatology and evolutionary research. Methodology: Longitudinal observational study in a natural habitat, employing mixed methods including behavioral tracking, visual assessments, and endocrinological testing to correlate signals with physiological data. Critical Assessment: Strengths include real-world ecological validity and interdisciplinary approach; limitations involve potential observer bias and challenges in controlling environmental variables, but overall, the study offers significant insights into adaptive behavior."
  ],
  "perspectives": [
    {
      "perspective": "Cognitive ethology",
      "description": "This research highlights the advanced cognitive processes in bonobos, showing how they integrate multiple cues to navigate reproductive challenges, reflecting broader themes in animal intelligence and decision-making."
    }
  ],
  "image_url": "/article_images/article_6a9b18fe246bb209_c3bbba603419.webp"
}