{
  "title": "Kasatkina's Political and Personal Transition: Citizenship, Identity, and Tennis in the 2025 Australian Open",
  "summary": "Daria Kasatkina, currently ranked world number 48, has achieved Australian citizenship and is set to compete in the 2025 Australian Open as a home player, marking a significant personal and professional milestone. She articulates a sense of relief, stating she can finally breathe and focus on tennis without the burdens of external political and social pressures. Kasatkina's journey includes playing as a neutral athlete since Russia's 2022 invasion of Ukraine, which she described as a nightmare, and publicly coming out as gay, leading to her departure from Russia. These events contributed to mental and emotional strain, prompting an early end to her 2024 season. As the new Australian number two, she faces Czech teenager Nikola Bartunkova in the first round and anticipates substantial support from the Melbourne crowd, viewing this as a positive form of pressure compared to past adversities. The article contextualizes this within broader sports geopolitics, noting her friend Mirra Andreeva's role as Russia's top women's player, and underscores themes of identity, migration, and athlete welfare in contemporary tennis.",
  "keywords": [
    {
      "term": "geopolitics",
      "explanation": "the influence of political factors on international relations and individual lives, especially in sports"
    },
    {
      "term": "identity migration",
      "explanation": "the process of changing one's national or personal identity, often due to political or social reasons"
    },
    {
      "term": "athlete welfare",
      "explanation": "the mental, emotional, and physical well-being of sports professionals"
    },
    {
      "term": "neutral status",
      "explanation": "a condition where athletes compete without national affiliation, often imposed during conflicts"
    },
    {
      "term": "sociopolitical pressure",
      "explanation": "stress arising from social and political issues affecting personal and professional life"
    }
  ],
  "questions": [
    {
      "question": "What is Kasatkina's world ranking as mentioned in the article?",
      "options": [
        "Number 8",
        "Number 48",
        "Number 2",
        "Number 28"
      ],
      "correct_answer": "Number 48"
    },
    {
      "question": "How does Kasatkina describe her ability to focus after gaining Australian citizenship?",
      "options": [
        "As limited",
        "As finally being able to breathe and live",
        "As unchanged",
        "As more stressful"
      ],
      "correct_answer": "As finally being able to breathe and live"
    },
    {
      "question": "What event in 2022 led to Kasatkina playing as a neutral athlete?",
      "options": [
        "Her coming out as gay",
        "Russia's invasion of Ukraine",
        "Her move to Australia",
        "A tennis rule change"
      ],
      "correct_answer": "Russia's invasion of Ukraine"
    },
    {
      "question": "What personal revelation did Kasatkina make in 2022 that affected her life?",
      "options": [
        "She retired from tennis",
        "She came out as gay",
        "She became a coach",
        "She won a major title"
      ],
      "correct_answer": "She came out as gay"
    },
    {
      "question": "Who is Kasatkina's first-round opponent at the Australian Open?",
      "options": [
        "Mirra Andreeva",
        "Nikola Bartunkova",
        "An Australian player",
        "A Russian player"
      ],
      "correct_answer": "Nikola Bartunkova"
    },
    {
      "question": "How does Kasatkina characterize the pressure of playing in front of a home crowd?",
      "options": [
        "As detrimental",
        "As good pressure",
        "As irrelevant",
        "As overwhelming"
      ],
      "correct_answer": "As good pressure"
    },
    {
      "question": "What is Kasatkina's new ranking in the Australian tennis system?",
      "options": [
        "Number one",
        "Number two",
        "Number three",
        "Unranked"
      ],
      "correct_answer": "Number two"
    },
    {
      "question": "Why did Kasatkina end her 2024 season prematurely?",
      "options": [
        "Due to a physical injury",
        "Because of mental and emotional breaking point",
        "To focus on citizenship applications",
        "To protest political issues"
      ],
      "correct_answer": "Because of mental and emotional breaking point"
    },
    {
      "question": "What broader theme does the article touch upon regarding athlete movements?",
      "options": [
        "Technological advancements in sports",
        "Identity and migration due to political conflicts",
        "Financial incentives in tennis",
        "Training methodologies"
      ],
      "correct_answer": "Identity and migration due to political conflicts"
    },
    {
      "question": "Who is mentioned as Russia's current top women's tennis player?",
      "options": [
        "Daria Kasatkina",
        "Nikola Bartunkova",
        "Mirra Andreeva",
        "An unknown player"
      ],
      "correct_answer": "Mirra Andreeva"
    }
  ],
  "background_read": [
    "Daria Kasatkina is a Russian-born tennis professional who has navigated complex political and personal landscapes. Following Russia's 2022 invasion of Ukraine, international sports organizations mandated that Russian athletes compete as neutrals, stripping them of national symbols—a move impacting Kasatkina's career and identity. Concurrently, her public coming out as gay in a country with restrictive LGBTQ+ policies exacerbated her situation, leading to self-exile and psychological distress. These factors highlight the intersection of sports with geopolitics and human rights. Her acquisition of Australian citizenship represents a strategic and personal recourse, aligning with trends of athlete migration for safety and career stability. The Australian Open serves as a backdrop for examining how such transitions affect performance and mental health, with Kasatkina's case offering insights into the broader dynamics of athlete welfare, national identity, and the role of sports in societal discourse."
  ],
  "Article_Structure": [
    "Main Points: Kasatkina's relief from political and personal pressures through Australian citizenship, her history as a neutral athlete and coming out as gay, and her anticipation of home support at the Australian Open. Purpose: To explore the intersection of sports, identity, and geopolitics by detailing Kasatkina's transition and its implications for athlete welfare. Evidence Evaluation: Relies on direct quotes from Kasatkina and factual reporting, but lacks diverse sources or statistical data, limiting depth. Author Credibility: BBC Tennis provides credible sports journalism, though the article is concise and may not fully address complex underlying issues. Methodology: Uses interview-based content and event reporting, typical for news articles, without formal research methods. Critical Assessment: Strengths include personal insights and timely relevance; limitations involve superficial analysis of broader sociopolitical contexts and minimal critical perspective on institutional roles in athlete migration."
  ],
  "perspectives": [
    {
      "perspective": "Intersectional Analysis",
      "description": "Examines how Kasatkina's experiences reflect broader issues of geopolitics, LGBTQ+ rights, and athlete identity in sports."
    }
  ],
  "image_url": "/article_images/article_8f79890d7d165dce_bb253a84c663.webp"
}