{
  "title": "Kasatkina's Journey to Australian Citizenship and Tennis Relief",
  "summary": "Daria Kasatkina, a Russian-born tennis player ranked world number 48, has gained Australian citizenship and is competing in the 2025 Australian Open as a home player. She expresses relief, stating she can finally breathe and live without the stress of external issues beyond her control. Kasatkina has faced significant challenges, including playing as a neutral athlete since Russia's invasion of Ukraine in 2022 and coming out as gay, which led her to leave Russia. She described the war as a nightmare and ended her 2024 season early due to mental and emotional strain. Now, as the new Australian number two, she is preparing to play against Czech teenager Nikola Bartunkova and anticipates strong support from the Melbourne crowd. Kasatkina views this as a positive pressure compared to her past struggles, marking a special chapter in her life. The article also notes that her friend Mirra Andreeva is currently Russia's top women's player.",
  "keywords": [
    {
      "term": "neutral athlete",
      "explanation": "a competitor who does not represent any country, often due to political conflicts"
    },
    {
      "term": "citizenship",
      "explanation": "the status of being a legal member of a country with associated rights and duties"
    },
    {
      "term": "mental strain",
      "explanation": "stress or pressure affecting one's psychological well-being"
    },
    {
      "term": "home crowd",
      "explanation": "supportive audience from the athlete's own country during an event"
    },
    {
      "term": "political conflict",
      "explanation": "disagreements or wars between countries that impact individuals"
    }
  ],
  "questions": [
    {
      "question": "What rank is Daria Kasatkina in the world?",
      "options": [
        "Number 8",
        "Number 48",
        "Number 2",
        "Number 100"
      ],
      "correct_answer": "Number 48"
    },
    {
      "question": "Why did Kasatkina play as a neutral athlete?",
      "options": [
        "Because she retired",
        "Due to Russia's invasion of Ukraine",
        "Because she moved to Australia",
        "Due to an injury"
      ],
      "correct_answer": "Due to Russia's invasion of Ukraine"
    },
    {
      "question": "What did Kasatkina describe the war in Ukraine as?",
      "options": [
        "A challenge",
        "A nightmare",
        "An opportunity",
        "A game"
      ],
      "correct_answer": "A nightmare"
    },
    {
      "question": "Who is Kasatkina's opponent in her first match at the Australian Open?",
      "options": [
        "Mirra Andreeva",
        "Nikola Bartunkova",
        "A Russian player",
        "An Australian player"
      ],
      "correct_answer": "Nikola Bartunkova"
    },
    {
      "question": "How does Kasatkina view the pressure of playing in front of a home crowd?",
      "options": [
        "As negative stress",
        "As a distraction",
        "As good pressure",
        "As unimportant"
      ],
      "correct_answer": "As good pressure"
    },
    {
      "question": "What is Kasatkina's new ranking in Australia?",
      "options": [
        "Number one",
        "Number two",
        "Number three",
        "Not ranked"
      ],
      "correct_answer": "Number two"
    },
    {
      "question": "Why did Kasatkina end her 2024 season early?",
      "options": [
        "Due to physical injury",
        "Because of mental and emotional strain",
        "To focus on citizenship",
        "To travel more"
      ],
      "correct_answer": "Because of mental and emotional strain"
    },
    {
      "question": "What major life event did Kasatkina experience in 2022 besides the war?",
      "options": [
        "She won a tournament",
        "She came out as gay",
        "She moved to the Czech Republic",
        "She retired from tennis"
      ],
      "correct_answer": "She came out as gay"
    }
  ],
  "background_read": [
    "Daria Kasatkina is a professional tennis player from Russia who has been competing internationally. In 2022, following Russia's invasion of Ukraine, international sports bodies required Russian athletes to compete as neutrals, without national representation. Around the same time, Kasatkina publicly came out as gay, a significant step in a country with restrictive LGBTQ+ laws, leading her to leave Russia. These events caused her emotional distress, impacting her performance and leading to an early end to her 2024 season. Recently, she obtained Australian citizenship, allowing her to represent Australia and play as a home player in tournaments like the Australian Open. This change is part of a broader trend of athletes seeking new nationalities due to political or personal reasons, highlighting issues of identity and safety in sports."
  ],
  "Article_Structure": [
    "Main Points: Kasatkina's relief after gaining Australian citizenship and competing as a home player, her past struggles including neutral athlete status and coming out as gay, and her anticipation of home crowd support. Purpose: To report on Kasatkina's personal and professional transition, emphasizing the impact of political and personal challenges on athletes. Evidence Evaluation: Based on direct quotes from Kasatkina and factual details about her career and citizenship, but lacks external sources or data. Author Credibility: BBC Tennis is a reputable sports news source, though the article is brief and may not delve deeply into all aspects. Methodology: Uses interview excerpts and basic reporting on events, typical for sports journalism."
  ],
  "perspectives": [
    {
      "perspective": "Athlete's Resilience",
      "description": "Kasatkina demonstrates strength in overcoming political and personal hurdles to find stability in her career."
    }
  ],
  "image_url": "/article_images/article_8f79890d7d165dce_bb253a84c663.webp"
}