{
  "articles": [
    {
      "id": "16bf3d951b211066",
      "title": "Analysis of UK TV Licence Fee Increase and Evolving Funding Paradigms",
      "summary": "The UK government has declared an increase in the TV licence fee by £5.50 to £180 effective 1 April, as part of a predetermined inflationary adjustment mechanism extending to 2027. This fee, essential for financing the BBC's comprehensive broadcasting services, mandates compliance from households engaging with live television broadcasts or BBC iPlayer. The escalation follows incremental rises in previous years and coincides with a governmental green paper consultation soliciting public discourse on the BBC's future funding architecture prior to its charter expiration in 2027. Potential paradigms under scrutiny include supplanting the extant flat-rate model with differential pricing structures contingent on service utilization, incorporating advertising revenues, or instituting subscription-based frameworks. The BBC articulates a imperative for a sustainable fiscal model amidst prevailing cost-of-living exigencies, advocating for reforms that enhance equity and modernity. Concurrently, the Department for Culture, Media and Sport reaffirms commitments to affordability through installment schemes and targeted concessions for demographics such as pension credit recipients over 75, thereby navigating the interplay between public service obligations and economic realities.",
      "source": "BBC News",
      "time_ago": "1 hour ago",
      "image_url": "/article_images/article_16bf3d951b211066_04bd0451ffb7.webp",
      "category": "News"
    },
    {
      "id": "4a7c84c36a02b8eb",
      "title": "Legal Battle Over Privacy: Sir Elton John's High Court Testimony on Press Intrusions",
      "summary": "In a significant legal proceeding at the High Court, Sir Elton John has delivered compelling testimony condemning what he describes as 'truly sickening' press intrusions into his private life, particularly concerning his health issues and the birth of his son, Zachary. Alongside his husband, David Furnish, and five other claimants including Prince Harry and Elizabeth Hurley, Sir Elton is pursuing a lawsuit against Associated Newspapers Limited (ANL), the publisher of the Daily Mail and Mail on Sunday, for alleged breaches of privacy spanning 10 articles from 2000 to 2015. His witness statement articulated profound distress over the 'exploitation of love, connection, trust and bonds' to illicitly obtain confidential information, framing these actions as 'outside even the most basic standards of human decency.' Sir Elton emphasized that, despite his public career, personal matters should remain private, challenging the media's entitlement to such details. ANL has categorically denied all allegations of unlawful information gathering, with their representative, Catrin Evans KC, questioning the timeliness of complaints. Sir Elton conceded an inability to recall if grievances were lodged contemporaneously but justified the delayed legal response upon comprehending the severity of the breaches. This case underscores complex tensions between journalistic freedom and individual privacy rights, reflecting broader societal debates on media ethics and the legal protections afforded to public figures against invasive reporting practices.",
      "source": "BBC News",
      "time_ago": "1 hour ago",
      "image_url": "/article_images/article_4a7c84c36a02b8eb_68ddbd03bd73.webp",
      "category": "News"
    },
    {
      "id": "5979071c44b1079d",
      "title": "Milan-Cortina 2026 Winter Olympics: An In-Depth Analysis of Logistics, Media, and National Aspirations",
      "summary": "The Milan-Cortina 2026 Winter Olympics represent a complex international sporting event, set to feature approximately 2,900 athletes from over 90 nations competing across a 16-day schedule in snow and ice disciplines. Hosted across multiple venues in northern Italy, including urban Milan and mountainous regions like Cortina d'Ampezzo, Predazzo, Tesero, Livigno, and Bormio, the Games highlight significant logistical challenges due to the vast distances between clusters, addressed through innovative satellite opening ceremonies in Cortina, Predazzo, and Livigno alongside the main event at Milan's San Siro stadium. Performances by artists such as Mariah Carey and Andrea Bocelli underscore the cultural dimension, while Great Britain's participation, with flag-bearers Lilah Fear and Brad Hall, aims to transcend historical limitations, as UK Sport projects up to eight medals, potentially exceeding previous records of five. BBC's extensive coverage, including 450 hours of broadcasting, facilitates global access, prompting discussions on Great Britain's evolution as a winter sports nation despite minimal natural ice and snow. This article serves as an essential guide, blending factual reporting with speculative analysis on national achievements and the broader implications of hosting such a dispersed mega-event.",
      "source": "BBC News",
      "time_ago": "4 hours ago",
      "image_url": "/article_images/article_5979071c44b1079d_b1e0914001c3.webp",
      "category": "News"
    },
    {
      "id": "df3861608f685e78",
      "title": "Geopolitical Shifts: U.S.-Russia Military Dialogue Reengagement in the Ukraine War Context",
      "summary": "The United States and Russia have formally agreed to reestablish high-level military dialogue, a significant geopolitical maneuver occurring after a suspension of over four years, indicative of thawing relations amidst the protracted Ukraine conflict. This development follows President Donald Trump's return to office, wherein his administration has prioritized swiftly concluding the war, often advancing proposals that necessitate Ukrainian territorial concessions to Russia, thereby aligning with Kremlin interests. The dialogue's suspension in late 2021 coincided with escalating tensions preceding Russia's full-scale invasion of Ukraine in February 2022. According to the U.S. European Command, the restored communication channel will facilitate consistent military-to-military contact, ostensibly to cultivate a durable peace framework. The agreement emanated from a conclave in Abu Dhabi, United Arab Emirates, involving senior military officials from both nations, including U.S. Gen. Alexus Grynkewich, who commands U.S. and NATO forces in Europe, underscoring the strategic importance of European security architectures. Concurrently, Moscow has intensified assaults on Ukraine's power grid, a tactic designed to erode civilian resilience and undermine public support for the war effort, while hostilities endure along an extensive 1,000-kilometer front line traversing eastern and southern Ukraine. The reinstatement of this military hotline aims to mitigate post-invasion frictions and avert potential confrontations, such as the March 2023 incident where Russian fighter jets compromised a U.S. MQ-9 Reaper drone in international airspace over the Black Sea. This initiative reflects broader diplomatic endeavors to navigate the complex interplay of military strategy and political negotiation in a conflict characterized by profound humanitarian and strategic implications.",
      "source": "PBS NewsHour",
      "time_ago": "12 hours ago",
      "image_url": "/article_images/article_df3861608f685e78_72cf2624b584.webp",
      "category": "News"
    },
    {
      "id": "d3b63aa3fac23880",
      "title": "Deconstructing Super Bowl Advertising: Economic, Cultural, and Strategic Dimensions in 2025",
      "summary": "Super Bowl 60 represents a critical juncture in advertising, where brands invest unprecedented sums—up to $10 million for 30-second slots—to capture the attention of over 120 million viewers. This year's commercials are characterized by a strategic blend of celebrity endorsements, such as Kendall Jenner for Fanatics Sportsbook and George Clooney for Grubhub, alongside nostalgic elements like the Budweiser Clydesdales and Jurassic Park references. Emerging trends include health and telehealth sectors promoting weight-loss drugs and medical tests, as well as tech companies integrating AI and innovative gadgets into their narratives. Marketing professor Charles Taylor posits that advertisers are deliberately adopting a lighthearted, escapist tone to counterbalance pervasive serious news, such as immigration issues and global conflicts, thereby aligning with the Super Bowl's pop culture ethos. The economic landscape underscores high demand due to media fragmentation, with NBC selling out ad space early and leveraging cross-property sales, as 70% of Super Bowl advertisers also purchased Olympics slots. This analysis reveals how Super Bowl ads serve as a barometer for industry financial health and societal preoccupations, offering insights into consumer psychology and the evolution of mass marketing in a digital age.",
      "source": "PBS NewsHour",
      "time_ago": "12 hours ago",
      "image_url": "/article_images/article_d3b63aa3fac23880_d5194fea888d.webp",
      "category": "News"
    },
    {
      "id": "6f8963a5d4332df8",
      "title": "Geopolitical Implications of Trump's Rejection of New START Extension and Concurrent Diplomatic Moves",
      "summary": "President Trump's refusal to extend the New START treaty, which expired today, represents a pivotal shift in U.S.-Russia nuclear arms control. Trump denounced the treaty as inadequately negotiated and advocated for a new, modernized framework developed by domestic nuclear experts, while also pushing for China's inclusion—a move Beijing has resisted. The Kremlin expressed regret over the expiration, eliminating the last bilateral nuclear pact and, as noted by a U.N. spokesperson, creating a scenario without binding limits on U.S. and Russian strategic arsenals for the first time in over half a century, raising profound global security concerns. Simultaneously, in a diplomatic counterpoint, the U.S. and Russia agreed to restart high-level military communications, suspended since 2021 amid escalating tensions preceding Russia's invasion of Ukraine, with U.S. European Command citing aims of enhanced transparency and de-escalation. This development coincided with the conclusion of a second day of U.S.-brokered talks between Ukraine and Russia in Abu Dhabi, described as constructive by American envoy Steve Witkoff, with Ukrainian President Volodymyr Zelenskyy indicating plans for future dialogue. These events collectively underscore complex geopolitical dynamics, where arms control breakdowns intersect with efforts to manage regional conflicts and great-power relations.",
      "source": "PBS NewsHour",
      "time_ago": "13 hours ago",
      "image_url": "/article_images/article_6f8963a5d4332df8_f500269518cf.webp",
      "category": "News"
    }
  ]
}