{
  "articles": [
    {
      "id": "54fa0be8ff7b26b8",
      "title": "The Global Spread of TFA: A Consequence of CFC Replacements",
      "summary": "A recent study reveals that chemicals introduced to protect the ozone layer are now causing an unexpected environmental issue: the widespread deposition of trifluoroacetic acid (TFA), a persistent forever chemical, across the planet. Researchers from Lancaster University used chemical transport modeling to estimate that approximately 335,500 tonnes of TFA accumulated on Earth's surface between 2000 and 2022, primarily from hydrochlorofluorocarbons (HCFCs) and hydrofluorocarbons (HFCs) used in refrigeration and certain anesthetic gases. This pollution is not decreasing; instead, it continues to rise as these replacement chemicals, phased out under agreements like the Montreal Protocol, linger in the atmosphere for decades, with peak TFA production expected between 2025 and 2100. TFA belongs to the PFAS family, known for their resistance to breakdown, posing long-term risks. While current levels may be below harmful thresholds for humans, TFA is considered harmful to aquatic life by agencies like the European Chemicals Agency and has been detected in human blood and urine, raising concerns about potential reproductive toxicity. The study validates its findings by comparing models with real-world data from Arctic ice cores and global rainwater samples, emphasizing the need for regulatory caution when substituting harmful chemicals to avoid unintended consequences like this planetary boundary threat.",
      "source": "Science Daily",
      "time_ago": "4 hours ago",
      "image_url": "/article_images/article_54fa0be8ff7b26b8_b0d6aaacbf95.webp",
      "category": "Science"
    },
    {
      "id": "ab49218dcaceda4b",
      "title": "Unlocking Mars' Water Mystery with Thin Ice Insulation",
      "summary": "A recent study published in AGU Advances explores how small lakes on early Mars could have remained liquid for decades despite average temperatures below freezing. Researchers from Rice University adapted a climate modeling framework, originally developed for Earth, to simulate conditions on Mars around 3.6 billion years ago. They focused on Gale Crater near the equator, using data from NASA's Curiosity rover and existing climate simulations. The LakeM2ARS model ran 64 test scenarios, each simulating a lake for 30 Martian years. Results indicated that lakes could stay liquid beneath a thin seasonal ice layer, which acted as an insulator by limiting evaporation while allowing sunlight to warm the water during warmer periods. This challenges previous climate models that suggested Mars was too cold for liquid water, offering a new explanation for well-preserved ancient lake beds. The research highlights the adaptability of Earth-based tools for planetary science and provides insights into Mars' hydrological past.",
      "source": "Science Daily",
      "time_ago": "6 hours ago",
      "image_url": "/article_images/article_ab49218dcaceda4b_7fe2d395013e.webp",
      "category": "Science"
    },
    {
      "id": "577f53f040187a17",
      "title": "Advancing Medical Imaging: A New 3D Color Technique for Human Body Scans",
      "summary": "Researchers from Caltech and USC have developed an innovative medical imaging technique called RUS-PAT that produces 3D color images, showing both the physical structure of soft tissues and the functional activity of blood vessels. This method combines rotational ultrasound tomography (RUST) with photoacoustic tomography (PAT) to address limitations of existing tools. Standard ultrasound offers fast, affordable imaging but is limited to 2D views and small areas, while photoacoustic imaging provides color views of blood flow but lacks detailed tissue structure. Other methods like CT and MRI involve trade-offs such as radiation exposure or high costs. RUS-PAT uses a simpler design with arc-shaped detectors that rotate, mimicking light excitation ultrasonically, making it more practical and cost-effective. It has been demonstrated in human applications, potentially improving breast cancer imaging by locating tumors and assessing biological activity, monitoring nerve damage in diabetic patients by observing structure and oxygen supply, and aiding brain research by combining anatomy and blood flow studies. Published in Nature Biomedical Engineering, this advancement could lead to broader clinical use for better diagnosis and treatment.",
      "source": "Science Daily",
      "time_ago": "7 hours ago",
      "image_url": "/article_images/article_577f53f040187a17_4622425b03de.webp",
      "category": "Science"
    },
    {
      "id": "831fde6e152f74f7",
      "title": "Unveiling the Mysteries of a Black Hole's Delayed Energy Bursts",
      "summary": "Astronomers have been monitoring a tidal disruption event (TDE) known as AT2018hyz, nicknamed Jetty McJetface, which involves a black hole tearing apart a star. Initially discovered in 2018, this event faded but unexpectedly reanimated in 2022, emitting bright radio waves. Since then, the brightness has increased 50-fold and continues to grow, with predictions that it might peak in 2027. The energy emitted is compared to the fictional Death Star from Star Wars, but Jetty's emissions are trillions of times more powerful. This phenomenon challenges the common misconception that black holes simply suck in matter; instead, they can eject part of a star's mass in powerful jets. The delayed outflow was likely missed initially because the jet might not have been aimed at Earth. Researchers, led by astrophysicist Yvette Cendes, are now searching for similar TDEs, suggesting that delayed outflows are more common than previously thought, offering new insights into black hole behavior and cosmic events.",
      "source": "Ars Science",
      "time_ago": "20 hours ago",
      "image_url": "/article_images/article_831fde6e152f74f7_16e690fb3060.webp",
      "category": "Science"
    },
    {
      "id": "bbeacc4ef761dd51",
      "title": "How Psoriasis Leads to Joint Inflammation: A Scientific Discovery",
      "summary": "Researchers have made a breakthrough in understanding why approximately 20-30% of people with psoriasis develop psoriatic arthritis, a painful joint condition. The study, conducted by scientists at Friedrich-Alexander-Universität Erlangen-Nürnberg, identifies specific immune precursor cells that originate in the inflamed skin of psoriasis patients. These cells can migrate through the bloodstream to the joints. However, their presence alone does not trigger inflammation; instead, joint disease occurs when these immune cells interact with fibroblasts, connective tissue cells in the joints. In individuals who develop psoriatic arthritis, the protective function of fibroblasts is weakened, allowing the immune cells to cause inflammation and potential bone damage. The researchers also discovered that these migratory cells can be detected in the blood before joint symptoms appear, offering a potential early warning system. This finding could lead to new prevention strategies, such as targeting these cells before they reach the joints, to stop psoriatic arthritis before it causes permanent harm. The study, funded by organizations like the German Research Foundation, was published in Nature Immunology, highlighting its significance in medical research.",
      "source": "Science Daily",
      "time_ago": "21 hours ago",
      "image_url": "/article_images/article_bbeacc4ef761dd51_bb6cca211ef2.webp",
      "category": "Science"
    },
    {
      "id": "76a30867afe7e363",
      "title": "Understanding Critical Minerals and Global Demand",
      "summary": "Critical minerals are resources deemed essential for a country's economy and national security, often facing supply challenges. Countries worldwide are competing to secure these minerals, such as rare earth elements, which are crucial for manufacturing smartphones, electric vehicles, and microchips used in various sectors including defence and healthcare. China dominates the processing of these minerals, making the global supply chain dependent on it. Lists of critical minerals vary by nation; for instance, the US includes copper, while the UK does not, highlighting how national priorities differ based on available resources and industrial needs. Rare earths, comprising 17 lanthanide elements plus scandium and yttrium, possess unique electrical and magnetic properties, driving their demand in advanced technologies. Despite their name, rare earth elements are relatively abundant in the Earth's crust, with neodymium being more common than copper. The surge in AI and green energy technologies is accelerating demand, as reported by the International Energy Agency, prompting countries to strategize mining deals, such as those considered by the US in Greenland and Ukraine, to ensure stable access.",
      "source": "BBC Science",
      "time_ago": "23 hours ago",
      "image_url": "/article_images/article_76a30867afe7e363_4f3a1a567cdd.webp",
      "category": "Science"
    }
  ]
}