{
  "title": "Interpreting Divergent Economic Indicators: Inflation Moderation vs. Labor Market Deterioration",
  "summary": "The U.S. economy exhibits divergent trends as inflation moderates, rising 2.7% year-over-year—below economist expectations—signaling potential easing of price pressures. Concurrently, a delayed jobs report reveals subdued growth and an unemployment rate at a four-year peak, highlighting vulnerabilities in the labor market. These contrasting indicators may bolster arguments for further monetary policy accommodation, with the Federal Reserve considering additional interest rate reductions in 2026 to mitigate employment risks. Notably, data integrity is compromised by a government shutdown that disrupted collection processes, introducing measurement uncertainties. The Fed has already implemented three rate cuts in recent months, prioritizing employment stability amid perceived downside risks. Austan Goolsbee, president of the Federal Reserve Bank of Chicago and former Council of Economic Advisers chairman, provides expert analysis on PBS NewsHour, acknowledging positive aspects of inflation data while cautioning about methodological limitations. This scenario underscores the complex trade-offs in macroeconomic management, where policymakers must balance inflation control with labor market support amidst data reliability challenges.",
  "keywords": [
    {
      "term": "inflation moderation",
      "explanation": "a slowdown in the rate of price increases, indicating reduced economic overheating"
    },
    {
      "term": "labor market deterioration",
      "explanation": "a decline in employment conditions, characterized by weak job growth and rising unemployment"
    },
    {
      "term": "monetary policy accommodation",
      "explanation": "central bank actions, such as interest rate cuts, designed to stimulate economic activity"
    },
    {
      "term": "data integrity",
      "explanation": "the accuracy and reliability of collected information, which can be affected by external disruptions"
    },
    {
      "term": "measurement uncertainties",
      "explanation": "potential errors or biases in economic data due to collection or methodological issues"
    },
    {
      "term": "macroeconomic management",
      "explanation": "the use of fiscal and monetary tools to achieve broad economic goals like growth and stability"
    },
    {
      "term": "trade-offs",
      "explanation": "the compromises policymakers face when balancing conflicting objectives, such as inflation vs. employment"
    },
    {
      "term": "methodological limitations",
      "explanation": "constraints in how data is gathered or analyzed that may affect conclusions"
    },
    {
      "term": "economic indicators",
      "explanation": "quantitative measures used to assess economic performance, including inflation and unemployment rates"
    },
    {
      "term": "policy prioritization",
      "explanation": "the focus on specific goals, like employment stability, in decision-making processes"
    }
  ],
  "questions": [
    {
      "question": "What does the 2.7% inflation rate suggest about price pressures?",
      "options": [
        "They are accelerating",
        "They are moderating",
        "They are stable",
        "They are deflationary"
      ],
      "correct_answer": "They are moderating"
    },
    {
      "question": "How does the jobs report characterize unemployment?",
      "options": [
        "At a record low",
        "At a four-year high",
        "Unchanged from last year",
        "Slightly improved"
      ],
      "correct_answer": "At a four-year high"
    },
    {
      "question": "What potential policy action is discussed for 2026?",
      "options": [
        "Interest rate hikes",
        "Additional rate cuts",
        "Quantitative easing",
        "Fiscal stimulus"
      ],
      "correct_answer": "Additional rate cuts"
    },
    {
      "question": "What factor compromised the data collection for economic reports?",
      "options": [
        "Technological failure",
        "Government shutdown",
        "Survey errors",
        "Seasonal adjustments"
      ],
      "correct_answer": "Government shutdown"
    },
    {
      "question": "How many interest rate cuts has the Fed recently implemented?",
      "options": [
        "Two",
        "Three",
        "Four",
        "Five"
      ],
      "correct_answer": "Three"
    },
    {
      "question": "What is Austan Goolsbee's former role?",
      "options": [
        "Secretary of the Treasury",
        "Chairman of the Council of Economic Advisers",
        "Federal Reserve Chair",
        "IMF Director"
      ],
      "correct_answer": "Chairman of the Council of Economic Advisers"
    },
    {
      "question": "What primary risk does the Fed cite for its recent rate cuts?",
      "options": [
        "Inflation spikes",
        "Downside risks in employment",
        "Currency fluctuations",
        "Trade wars"
      ],
      "correct_answer": "Downside risks in employment"
    },
    {
      "question": "What broader concept does this article illustrate?",
      "options": [
        "Microeconomic trends",
        "Macroeconomic trade-offs",
        "Personal finance tips",
        "International trade agreements"
      ],
      "correct_answer": "Macroeconomic trade-offs"
    },
    {
      "question": "What caution does Goolsbee express about the inflation report?",
      "options": [
        "It is entirely inaccurate",
        "It has positive aspects but methodological limitations",
        "It suggests imminent recession",
        "It calls for immediate rate hikes"
      ],
      "correct_answer": "It has positive aspects but methodological limitations"
    },
    {
      "question": "What does data integrity refer to in this context?",
      "options": [
        "The speed of data release",
        "The accuracy and reliability of economic information",
        "The cost of data collection",
        "The public availability of data"
      ],
      "correct_answer": "The accuracy and reliability of economic information"
    }
  ],
  "background_read": [
    "Advanced economic analysis involves interpreting divergent indicators like inflation and unemployment within the framework of monetary policy. Inflation moderation, as seen with a 2.7% rise, may reflect successful policy or external factors, while labor market deterioration signals underlying economic weakness. The Federal Reserve's dual mandate aims for price stability and maximum employment, often requiring trade-offs. Data reliability is crucial; events like government shutdowns can skew measurements, affecting policy decisions. Austan Goolsbee's expertise adds credibility, but methodological limitations must be considered. This background explores how policymakers navigate these complexities, using tools like interest rate adjustments to balance competing goals amidst uncertain data, highlighting the interplay between economic theory and real-world challenges."
  ],
  "Article_Structure": [
    "This 100-word in-depth analysis covers main points: inflation at 2.7% signals moderation, but high unemployment indicates labor market issues, potentially leading to more rate cuts in 2026. Purpose is to examine mixed signals and Fed responses in a broader economic context. Evidence evaluation critically assesses data compromised by a government shutdown, raising reliability concerns. Author credibility is high due to Goolsbee's Fed role and former advisory position. Methodology relies on reported data and expert commentary, with limitations from transcript edits and collection impacts. Critical assessment notes strengths in expert insights but weaknesses in data integrity and potential biases in policy prioritization."
  ],
  "perspectives": [
    {
      "perspective": "Critical economic analysis",
      "description": "Examines the tensions between inflation control and employment support, questioning data reliability and policy implications in a complex economic environment."
    }
  ],
  "image_url": "/article_images/article_cfb96b5e9f82dc71_3cf87bd641fd.webp"
}