{
  "title": "Fans Get Angry at Messi Event in India",
  "summary": "Lionel Messi, a famous soccer player, visited India for a special tour. Thousands of fans went to a big stadium in Kolkata to see him. They paid a lot of money for tickets, hoping to watch him play or get close to him. But Messi only walked around the field for a short time, and many people could not see him well because officials and celebrities blocked the view. He left early, which made some fans very upset. They started throwing chairs and bottles and damaged things in the stadium. The leader of West Bengal said she was shocked by what happened. Messi's tour includes other cities in India, and he had a big statue made of him in Kolkata. Fans were excited but felt disappointed because they did not get what they expected.",
  "keywords": [
    {
      "term": "Messi",
      "explanation": "a famous soccer player from Argentina"
    },
    {
      "term": "fans",
      "explanation": "people who like and support a player or team"
    },
    {
      "term": "stadium",
      "explanation": "a big place where sports events happen"
    },
    {
      "term": "tickets",
      "explanation": "pieces of paper or cards that let you enter an event"
    },
    {
      "term": "angry",
      "explanation": "feeling mad or upset about something"
    },
    {
      "term": "tour",
      "explanation": "a trip to visit different places for events"
    }
  ],
  "questions": [
    {
      "question": "Who is Lionel Messi?",
      "options": [
        "A famous soccer player",
        "A movie star",
        "A singer",
        "A chef"
      ],
      "correct_answer": "A famous soccer player"
    },
    {
      "question": "Where did the event with Messi happen?",
      "options": [
        "In a stadium in Kolkata",
        "At a beach in Mumbai",
        "In a park in Delhi",
        "At a school in Hyderabad"
      ],
      "correct_answer": "In a stadium in Kolkata"
    },
    {
      "question": "Why were fans angry at the event?",
      "options": [
        "They could not see Messi well and he left early",
        "Messi did not sign autographs",
        "The tickets were free",
        "It rained during the event"
      ],
      "correct_answer": "They could not see Messi well and he left early"
    },
    {
      "question": "What did some fans do when they got upset?",
      "options": [
        "They threw chairs and bottles",
        "They sang songs",
        "They left quietly",
        "They took photos"
      ],
      "correct_answer": "They threw chairs and bottles"
    },
    {
      "question": "How did the leader of West Bengal feel about the event?",
      "options": [
        "Shocked and disturbed",
        "Happy and excited",
        "Bored and tired",
        "Calm and relaxed"
      ],
      "correct_answer": "Shocked and disturbed"
    },
    {
      "question": "What did Messi do during his short appearance?",
      "options": [
        "He walked around the stadium and waved",
        "He played a soccer game",
        "He gave a speech",
        "He danced on the field"
      ],
      "correct_answer": "He walked around the stadium and waved"
    }
  ],
  "background_read": [
    "Lionel Messi is a very popular soccer player from Argentina who has won many awards, like the Ballon d'Or. He plays for Inter Miami and the Argentina national team. In India, he went on a tour to meet fans in cities like Kolkata, Hyderabad, Mumbai, and Delhi. Fans love him and often pay money to see him play or get close to him. Sometimes, big events can have problems if fans feel disappointed, like when they cannot see their favorite star. This article talks about what happened when Messi visited Kolkata and fans got angry because they did not get to see him properly."
  ],
  "Article_Structure": [
    "WHO: Lionel Messi, fans, officials, and the leader of West Bengal",
    "WHAT: Fans got angry and threw things because they could not see Messi well at an event in India",
    "WHERE: At the Salt Lake Stadium in Kolkata, India",
    "WHY: Because Messi's appearance was short and blocked by others, making fans feel they did not get what they paid for"
  ],
  "perspectives": [
    {
      "perspective": "Fans' view",
      "description": "Fans were disappointed and angry because they paid a lot of money but could not see Messi properly, leading them to act out."
    }
  ],
  "image_url": "/article_images/article_abb4c576697aead9_ae187ce5a8ad.webp"
}