{
  "title": "Temporal Dynamics of Red Blood Cell Dysfunction in Type 2 Diabetes and Cardiovascular Risk",
  "summary": "This article details a study from Karolinska Institutet, published in Diabetes, investigating the mechanistic link between type 2 diabetes duration and elevated cardiovascular disease risk through alterations in red blood cell biology. The research demonstrates that prolonged exposure to diabetes induces pathological changes in red blood cells, which subsequently impair endothelial function and contribute to vascular damage. Utilizing a dual approach of animal models and human longitudinal data, the study found that red blood cells from individuals with long-standing diabetes disrupt vasodilation, whereas those from newly diagnosed patients do not; however, after approximately seven years, the same patients exhibited red blood cells with deleterious properties. A key molecular insight involves microRNA-210, whose restoration ameliorated vascular dysfunction, suggesting its potential as a biomarker for stratifying cardiovascular risk prior to overt clinical manifestations. The findings underscore a temporal dimension in diabetic complications, emphasizing that disease chronicity, rather than mere presence, drives cellular maladaptations. This has implications for personalized medicine, as early identification via biomarkers like microRNA-210 could enable targeted interventions to mitigate cardiovascular morbidity in diabetic populations.",
  "keywords": [
    {
      "term": "endothelial function",
      "explanation": "the ability of blood vessel linings to regulate vascular tone and health; often impaired in diabetes"
    },
    {
      "term": "pathological changes",
      "explanation": "abnormal alterations in cells or tissues due to disease, such as red blood cell dysfunction in diabetes"
    },
    {
      "term": "vasodilation",
      "explanation": "the widening of blood vessels to improve blood flow; it can be hindered by diabetic red blood cells"
    },
    {
      "term": "longitudinal data",
      "explanation": "information collected from the same subjects over time, used here to track diabetes progression"
    },
    {
      "term": "stratifying risk",
      "explanation": "categorizing individuals based on their likelihood of developing a disease, like cardiovascular events in diabetes"
    },
    {
      "term": "cellular maladaptations",
      "explanation": "harmful changes in cell behavior due to chronic conditions, leading to tissue damage"
    },
    {
      "term": "personalized medicine",
      "explanation": "tailoring medical treatment to individual characteristics, such as using biomarkers for risk assessment"
    },
    {
      "term": "cardiovascular morbidity",
      "explanation": "the incidence of heart and blood vessel diseases, a major complication of diabetes"
    },
    {
      "term": "microRNA-210",
      "explanation": "a non-coding RNA molecule implicated in red blood cell regulation and vascular health in diabetes"
    },
    {
      "term": "disease chronicity",
      "explanation": "the long-term nature of a condition, influencing its progression and complications"
    }
  ],
  "questions": [
    {
      "question": "What is the primary mechanism explored in the article for increased cardiovascular risk in diabetes?",
      "options": [
        "Red blood cell dysfunction over time",
        "Direct insulin toxicity",
        "Genetic mutations",
        "Dietary factors alone"
      ],
      "correct_answer": "Red blood cell dysfunction over time"
    },
    {
      "question": "How does the study design incorporate both animal and human elements?",
      "options": [
        "By using animal models and longitudinal patient data",
        "By focusing only on human trials",
        "By excluding animal studies",
        "By relying on surveys"
      ],
      "correct_answer": "By using animal models and longitudinal patient data"
    },
    {
      "question": "What role does microRNA-210 play according to the research?",
      "options": [
        "It may serve as a biomarker and improve vascular function when restored",
        "It causes diabetes directly",
        "It has no effect on red blood cells",
        "It only appears in healthy individuals"
      ],
      "correct_answer": "It may serve as a biomarker and improve vascular function when restored"
    },
    {
      "question": "What temporal aspect of diabetes is emphasized in the findings?",
      "options": [
        "Duration of the disease",
        "Age at diagnosis",
        "Time of day for medication",
        "Seasonal variations"
      ],
      "correct_answer": "Duration of the disease"
    },
    {
      "question": "Which journal published the study discussed?",
      "options": [
        "Diabetes",
        "The Lancet",
        "Nature",
        "Science"
      ],
      "correct_answer": "Diabetes"
    },
    {
      "question": "What is endothelial function, and how is it affected in the study?",
      "options": [
        "Regulation of blood vessels; impaired by diabetic red blood cells",
        "Production of insulin; enhanced in diabetes",
        "Digestion process; unchanged",
        "Immune response; boosted"
      ],
      "correct_answer": "Regulation of blood vessels; impaired by diabetic red blood cells"
    },
    {
      "question": "What methodological approach was used to track changes in patients over time?",
      "options": [
        "Longitudinal follow-up",
        "Cross-sectional analysis",
        "Randomized controlled trials",
        "Meta-analysis"
      ],
      "correct_answer": "Longitudinal follow-up"
    },
    {
      "question": "How might the findings influence clinical practice?",
      "options": [
        "By enabling early risk detection and personalized prevention",
        "By replacing all current diabetes treatments",
        "By focusing solely on animal research",
        "By ignoring biomarker development"
      ],
      "correct_answer": "By enabling early risk detection and personalized prevention"
    },
    {
      "question": "What is a limitation implied by the need for larger population studies?",
      "options": [
        "Generalizability of results",
        "Accuracy of animal models",
        "Cost of research",
        "Speed of publication"
      ],
      "correct_answer": "Generalizability of results"
    },
    {
      "question": "Who are the lead authors mentioned, and what is their affiliation?",
      "options": [
        "Zhichao Zhou and Eftychia Kontidou from Karolinska Institutet",
        "Anonymous researchers",
        "Government officials",
        "Pharmaceutical company employees"
      ],
      "correct_answer": "Zhichao Zhou and Eftychia Kontidou from Karolinska Institutet"
    }
  ],
  "background_read": [
    "Type 2 diabetes is a metabolic disorder involving insulin resistance and hyperglycemia, leading to microvascular and macrovascular complications such as cardiovascular disease. Cardiovascular disease encompasses conditions like atherosclerosis and myocardial infarction, driven by endothelial dysfunction and inflammation. Red blood cells, beyond oxygen transport, participate in vascular regulation through nitric oxide signaling and can become dysfunctional in chronic hyperglycemia. Biomarkers like microRNAs are emerging tools in precision medicine for risk prediction. Karolinska Institutet is a renowned medical research institution, and studies like this often employ translational research methods, combining basic science with clinical applications to address public health challenges in diabetes management."
  ],
  "Article_Structure": [
    "The article's main points detail how prolonged type 2 diabetes induces red blood cell pathological changes that impair endothelial function, with microRNA-210 identified as a potential biomarker for early cardiovascular risk stratification. Its purpose is to advance scientific understanding of diabetic complications and inform clinical strategies for prevention. Evidence evaluation is rigorous, using peer-reviewed data from animal models and longitudinal human studies, but limited by sample size and need for validation in diverse populations. Author credibility is high, with expertise from Karolinska Institutet, though potential biases include institutional focus. Methodology involves experimental interventions and follow-up analyses, providing mechanistic insights but requiring further replication. Critical assessment notes strengths in translational approach and temporal analysis, but weaknesses in generalizability and preliminary nature of biomarker application."
  ],
  "perspectives": [
    {
      "perspective": "Translational medicine",
      "description": "Integrates basic research findings into clinical applications, such as developing biomarkers for early intervention in diabetes-related cardiovascular disease."
    }
  ],
  "image_url": "/article_images/article_a41f47797bbe64d9_c1ab7e4af075.webp"
}