{
  "title": "Corporate Governance Clash: Ben & Jerry's Chair Alleges Defamation Threats Amid Independence Dispute",
  "summary": "Anuradha Mittal, the ousted chair of Ben & Jerry's independent board, has publicly accused Magnum, the newly formed owner of the brand, of orchestrating a threat to publish defamatory statements against her unless she resigned. This allegation emerges from a protracted conflict concerning the autonomy of Ben & Jerry's board and its commitment to social missions, which has been exacerbated by Magnum's recent governance overhaul. Mittal, who chaired the board for seven years, claims that Magnum executives explicitly threatened her in October, linking it to a broader pattern of resistance against efforts to curtail the board's advocacy for human rights and peace. Magnum, in response, has justified Mittal's removal by referencing an external investigation that deemed her unfit to serve, alongside implementing structural changes such as a nine-year term limit for board members and citing an audit revealing material deficiencies in the Ben & Jerry's Foundation's financial controls. Historically, this dispute traces back to Ben & Jerry's 2000 acquisition by Unilever, which permitted an independent board but led to recurring friction over social stances, including the brand's 2021 boycott of Israeli-occupied territories. With Unilever's spin-off of its ice cream unit to create Magnum, these tensions have culminated in a stand-off, highlighting complex issues of corporate ethics, shareholder influence, and the viability of activist-driven business models within larger corporate structures.",
  "keywords": [
    {
      "term": "defamation",
      "explanation": "the act of making false statements that harm an individual's reputation, potentially leading to legal liability"
    },
    {
      "term": "governance overhaul",
      "explanation": "a comprehensive restructuring of management and oversight mechanisms within an organization"
    },
    {
      "term": "activist-driven business model",
      "explanation": "a corporate approach that prioritizes social or political causes alongside profit-making objectives"
    },
    {
      "term": "shareholder influence",
      "explanation": "the impact that owners or investors have on corporate decisions and policies"
    },
    {
      "term": "corporate ethics",
      "explanation": "moral principles guiding business conduct, including transparency, accountability, and social responsibility"
    }
  ],
  "questions": [
    {
      "question": "What specific threat did Anuradha Mittal allege Magnum made against her?",
      "options": [
        "To reduce her salary",
        "To publish defamatory statements",
        "To promote her to a higher position",
        "To merge Ben & Jerry's with another brand"
      ],
      "correct_answer": "To publish defamatory statements"
    },
    {
      "question": "How does Mittal characterize the long-term resistance of Ben & Jerry's board?",
      "options": [
        "As a fight for higher profits",
        "As resistance against efforts to muzzle social advocacy",
        "As a dispute over ice cream flavors",
        "As a struggle for market dominance"
      ],
      "correct_answer": "As resistance against efforts to muzzle social advocacy"
    },
    {
      "question": "What governance change did Magnum implement regarding board terms?",
      "options": [
        "A five-year term limit",
        "A nine-year term limit",
        "No term limits",
        "A requirement for annual elections"
      ],
      "correct_answer": "A nine-year term limit"
    },
    {
      "question": "What did the audit of the Ben & Jerry's Foundation reveal?",
      "options": [
        "Material deficiencies in financial controls and governance",
        "Excellence in social mission execution",
        "Increased revenue streams",
        "New charitable initiatives"
      ],
      "correct_answer": "Material deficiencies in financial controls and governance"
    },
    {
      "question": "What historical event in 2021 contributed to the current tensions?",
      "options": [
        "Ben & Jerry's refusal to sell in Israeli-occupied territories",
        "A merger with Magnum",
        "A change in board leadership",
        "A new product launch"
      ],
      "correct_answer": "Ben & Jerry's refusal to sell in Israeli-occupied territories"
    },
    {
      "question": "How did Unilever's acquisition of Ben & Jerry's in 2000 affect the board's independence?",
      "options": [
        "It eliminated the independent board",
        "It allowed the board to retain independence for social missions",
        "It made the board report directly to Unilever",
        "It had no impact on independence"
      ],
      "correct_answer": "It allowed the board to retain independence for social missions"
    },
    {
      "question": "What is the significance of Magnum being a spin-off from Unilever?",
      "options": [
        "It inherited pre-existing disputes over governance and social missions",
        "It created a completely new business model",
        "It resolved all conflicts immediately",
        "It focused solely on ice cream production"
      ],
      "correct_answer": "It inherited pre-existing disputes over governance and social missions"
    },
    {
      "question": "What broader issue does this conflict illustrate regarding activist brands?",
      "options": [
        "The challenge of maintaining social missions under corporate ownership",
        "The ease of integrating ethical practices into large corporations",
        "The decline of ice cream sales globally",
        "The superiority of traditional business models"
      ],
      "correct_answer": "The challenge of maintaining social missions under corporate ownership"
    },
    {
      "question": "What methodological approach does the article primarily use?",
      "options": [
        "Interviews and statement analysis",
        "Statistical data analysis",
        "Experimental research",
        "Historical archives only"
      ],
      "correct_answer": "Interviews and statement analysis"
    },
    {
      "question": "How might author credibility be assessed in this reporting?",
      "options": [
        "BBC Business is reputable but may lack in-depth investigative rigor",
        "It is entirely biased towards Mittal",
        "It provides comprehensive independent verification",
        "It ignores corporate perspectives entirely"
      ],
      "correct_answer": "BBC Business is reputable but may lack in-depth investigative rigor"
    }
  ],
  "background_read": [
    "Ben & Jerry's, founded in 1978 in Vermont, has evolved into a paradigm of socially responsible business, integrating progressive values into its operations through initiatives like fair trade sourcing and advocacy for environmental and social justice. Its 2000 acquisition by Unilever, a global conglomerate, was structured with a unique 'social mission' agreement, granting an independent board authority over ethical decisions, a setup that frequently clashed with Unilever's profit-driven objectives. Notable conflicts include the 2021 decision to halt sales in Israeli-occupied territories, which led to the sale of its Israeli operation and sparked debates on corporate complicity in geopolitical issues. Recently, Unilever's strategic restructuring spun off its ice cream division to form Magnum Ice Cream Company, transferring ownership of Ben & Jerry's and intensifying governance disputes. This context underscores larger themes in business ethics, such as the tension between shareholder primacy and stakeholder capitalism, the role of independent boards in safeguarding brand integrity, and the challenges activist enterprises face when subsumed by larger corporate entities. Understanding this requires knowledge of corporate governance frameworks, ethical investment trends, and the historical interplay between business and social activism."
  ],
  "Article_Structure": [
    "Main Points: The article centers on Anuradha Mittal's allegations of defamation threats by Magnum, framed within a broader conflict over Ben & Jerry's board independence and social missions, with Magnum citing governance reforms and audit findings for her removal. Purpose: To explore corporate governance dynamics and ethical tensions in activist businesses, providing insight into how ownership transitions can precipitate power struggles. Evidence Evaluation: Relies on direct quotes from Mittal and Magnum statements, offering prima facie evidence but lacking corroborative sources or legal documentation, which may affect reliability. Author Credibility: BBC Business provides credible journalism, yet the report leans on he-said-she-said narratives without extensive investigative depth, potentially limiting nuanced analysis. Methodology: Employs standard news-gathering techniques, including interviews and review of public statements, but does not incorporate external expert opinions or data analysis, reflecting a descriptive rather than analytical approach. Critical Assessment: Strengths include timely reporting on a significant business ethics issue and clear presentation of conflicting viewpoints; limitations involve superficial treatment of underlying corporate structures and minimal contextualization within broader governance literature, reducing its academic rigor."
  ],
  "perspectives": [
    {
      "perspective": "Mittal's advocacy stance",
      "description": "She positions the conflict as a defense of ethical business practices and board autonomy against corporate overreach, emphasizing threats to personal and organizational integrity."
    },
    {
      "perspective": "Magnum's corporate governance stance",
      "description": "They justify actions as necessary for regulatory compliance and operational efficiency, using audit results and term limits to frame changes as prudent management rather than suppression."
    }
  ],
  "image_url": "/article_images/article_7a1ed1403ca77698_4452cb611ae1.webp"
}