{
  "title": "The Link Between Vitamin C Intake and Skin Health",
  "summary": "A study published in the Journal of Investigative Dermatology reveals a direct connection between dietary vitamin C and skin health. Researchers from the University of Otago found that increasing vitamin C intake through foods like SunGold kiwifruit raises vitamin C levels in both blood and skin. This increase correlates with thicker skin due to enhanced collagen production and greater renewal of the outer epidermal layer. The study involved 24 healthy adults in New Zealand and Germany, who consumed two kiwifruits daily, leading to measurable improvements. The findings emphasize that skin health is influenced more by internal nutrients from diet than topical treatments, as vitamin C absorbs efficiently from blood into all skin layers. Professor Margreet Vissers highlighted the compelling association, noting that skin cells prioritize absorbing vitamin C from circulation, supporting healthier skin function. This research underscores the importance of nutrition for maintaining skin integrity and challenges the reliance on skincare products alone.",
  "keywords": [
    {
      "term": "dietary vitamin C",
      "explanation": "vitamin C obtained from food sources, which affects bodily functions"
    },
    {
      "term": "collagen production",
      "explanation": "the process of creating collagen, a protein that provides structure to skin"
    },
    {
      "term": "epidermal layer",
      "explanation": "the outermost layer of skin that renews itself regularly"
    },
    {
      "term": "plasma levels",
      "explanation": "the concentration of substances like vitamin C in the blood fluid"
    },
    {
      "term": "topical treatments",
      "explanation": "creams or products applied directly to the skin surface"
    }
  ],
  "questions": [
    {
      "question": "What journal published the study on vitamin C and skin?",
      "options": [
        "Journal of Investigative Dermatology",
        "Science Daily",
        "New England Journal of Medicine",
        "Nature"
      ],
      "correct_answer": "Journal of Investigative Dermatology"
    },
    {
      "question": "How did participants increase their vitamin C levels in the study?",
      "options": [
        "By eating two kiwifruits daily",
        "By taking vitamin pills",
        "By using creams",
        "By drinking orange juice"
      ],
      "correct_answer": "By eating two kiwifruits daily"
    },
    {
      "question": "What is the main function of collagen in skin?",
      "options": [
        "To provide thickness and structure",
        "To color the skin",
        "To produce sweat",
        "To protect from sun"
      ],
      "correct_answer": "To provide thickness and structure"
    },
    {
      "question": "Why is vitamin C from diet more effective than from creams?",
      "options": [
        "Skin absorbs it better from blood",
        "Creams are less available",
        "Diet is cheaper",
        "Creams cause allergies"
      ],
      "correct_answer": "Skin absorbs it better from blood"
    },
    {
      "question": "Who led the research team?",
      "options": [
        "Professor Margreet Vissers",
        "Dr. John Smith",
        "Professor Jane Doe",
        "Dr. Alan Brown"
      ],
      "correct_answer": "Professor Margreet Vissers"
    },
    {
      "question": "What did the study find about vitamin C levels in skin compared to other organs?",
      "options": [
        "They correlate closely with blood levels",
        "They are lower than in liver",
        "They are unaffected by diet",
        "They are higher in creams"
      ],
      "correct_answer": "They correlate closely with blood levels"
    },
    {
      "question": "How many layers of skin does vitamin C reach from blood?",
      "options": [
        "All layers",
        "Only the outer layer",
        "Only the middle layer",
        "None"
      ],
      "correct_answer": "All layers"
    },
    {
      "question": "What is the significance of skin renewal mentioned in the study?",
      "options": [
        "It indicates healthier skin function",
        "It means skin changes color",
        "It shows aging is reversed",
        "It proves creams work"
      ],
      "correct_answer": "It indicates healthier skin function"
    }
  ],
  "background_read": [
    "Vitamin C, or ascorbic acid, is an essential nutrient involved in collagen synthesis, immune function, and antioxidant protection. Skin health depends on nutrients delivered through the bloodstream, with collagen being a key structural protein. Topical skincare often includes vitamin C, but its water-soluble nature limits absorption through the skin barrier. Research in dermatology explores how diet impacts skin aging and diseases, emphasizing holistic approaches to wellness. The study builds on previous findings about nutrient bioavailability and organ-specific uptake."
  ],
  "Article_Structure": [
    "Main Points: The study shows dietary vitamin C increases skin vitamin C levels, leading to thicker skin via collagen production and enhanced epidermal renewal. Purpose: To demonstrate that internal nutrition is crucial for skin health, challenging the efficacy of topical treatments. Evidence Evaluation: The research uses a controlled study with 24 adults, measuring plasma and skin vitamin C levels, providing strong correlational data. Author Credibility: Led by Professor Margreet Vissers from a reputable university center, with expertise in redox biology. Methodology: Participants consumed kiwifruit daily, with pre- and post-measurements of vitamin C in blood and skin, using scientific assays."
  ],
  "perspectives": [
    {
      "perspective": "Nutritional science",
      "description": "Highlights how diet directly influences skin physiology and health outcomes"
    }
  ],
  "image_url": "/article_images/article_ab1a13d4df9b6aff_4f1fea77ab7c.webp"
}