{
  "title": "South Carolina Swimming Teams Triumph Over Queens in Early 2026 Meet",
  "summary": "In one of the first swimming meets of 2026, the South Carolina Gamecocks traveled to Charlotte to compete against Queens University. The women's team secured a decisive victory with a score of 181-78, while the men's team also won with a score of 156-104. South Carolina demonstrated strong performances across various events. Key wins included Amy Riordan in the 100 backstroke (52.69 seconds), Alexis Dalton in the 100 breaststroke (1:02.79), and Taylor Grimley in the 100 butterfly (53.60). Other notable achievements were Emma Reiser's win in the 1000 freestyle (9:47.73) and Kara West's victory in the 50 freestyle (23.03). Queens managed a few wins, such as Abigail Zboran in the 200 freestyle (1:47.29) and Nien Levy in the 50 freestyle (19.93), but overall, South Carolina dominated. The meet highlighted the depth of South Carolina's roster, with multiple relay teams and individual swimmers contributing to the success.",
  "keywords": [
    {
      "term": "medley relay",
      "explanation": "a relay race where each swimmer uses a different stroke: backstroke, breaststroke, butterfly, and freestyle"
    },
    {
      "term": "exhibition",
      "explanation": "a swim that is not counted in the team score, often used for practice or time trials"
    },
    {
      "term": "sprint freestyle",
      "explanation": "short-distance freestyle races, typically 50 or 100 meters, focusing on speed"
    },
    {
      "term": "individual racing",
      "explanation": "events where swimmers compete alone rather than as part of a team relay"
    },
    {
      "term": "depth",
      "explanation": "having many skilled swimmers on a team, allowing for strong performances across multiple events"
    }
  ],
  "questions": [
    {
      "question": "What were the final scores for the women's and men's meets?",
      "options": [
        "Women: 181-78, Men: 156-104",
        "Women: 156-104, Men: 181-78",
        "Both teams tied",
        "Queens won both meets"
      ],
      "correct_answer": "Women: 181-78, Men: 156-104"
    },
    {
      "question": "Which South Carolina swimmer won the 100 butterfly?",
      "options": [
        "Amy Riordan",
        "Alexis Dalton",
        "Taylor Grimley",
        "Kara West"
      ],
      "correct_answer": "Taylor Grimley"
    },
    {
      "question": "What time did Emma Reiser achieve in the 1000 freestyle?",
      "options": [
        "9:47.73",
        "1:02.79",
        "53.60",
        "23.03"
      ],
      "correct_answer": "9:47.73"
    },
    {
      "question": "Who was the only swimmer under 20 seconds in the 50 freestyle?",
      "options": [
        "Nien Levy",
        "Abigail Zboran",
        "Kara West",
        "Dylan Scholes"
      ],
      "correct_answer": "Nien Levy"
    },
    {
      "question": "What does 'exhibition' mean in this context?",
      "options": [
        "A swim that counts for points",
        "A practice swim not included in the score",
        "A type of relay",
        "A disqualification"
      ],
      "correct_answer": "A practice swim not included in the score"
    },
    {
      "question": "Which event did Queens win in the women's meet?",
      "options": [
        "200 freestyle",
        "100 backstroke",
        "100 breaststroke",
        "50 freestyle"
      ],
      "correct_answer": "200 freestyle"
    },
    {
      "question": "What is a medley relay?",
      "options": [
        "A race with all freestyle strokes",
        "A relay with different strokes per swimmer",
        "A solo event",
        "A long-distance race"
      ],
      "correct_answer": "A relay with different strokes per swimmer"
    },
    {
      "question": "How did South Carolina show depth in their team?",
      "options": [
        "By winning only one event",
        "By having many swimmers win different events",
        "By losing the meet",
        "By not participating in relays"
      ],
      "correct_answer": "By having many swimmers win different events"
    }
  ],
  "background_read": [
    "College swimming meets involve teams from universities competing in various events, including individual races and relays. Scores are calculated based on finishing positions, with points awarded to the top swimmers. This meet between South Carolina and Queens is part of the NCAA swimming season, which helps teams prepare for championships. The article reports on specific race results, highlighting top performers and times. Understanding terms like medley relay and exhibition swims is key to grasping the full context of the competition."
  ],
  "Article_Structure": [
    "Main Points: South Carolina's swimming teams dominated Queens in a dual meet, with strong performances across multiple events including relays and individual races. Purpose: To report on the outcomes of an early-season swimming competition, showcasing team strengths and individual achievements. Evidence Evaluation: The article provides specific times and scores from the meet, sourced from SwimWorld, which is a reputable swimming publication, but lacks direct quotes or additional context. Author Credibility: The author is not named, but SwimWorld is a known source for swimming news, suggesting reliability. Methodology: Information is based on meet results, likely from official timing systems, presented in a straightforward reporting style."
  ],
  "perspectives": [
    {
      "perspective": "Competitive Analysis",
      "description": "Examines how South Carolina's depth and strategy led to their victory over Queens."
    }
  ],
  "image_url": "/article_images/article_120f79bb8158a614_7de7ae3139b0.webp"
}