{
  "title": "Katie Boulter's Ranking vs. Health Decision in Tennis",
  "summary": "Katie Boulter, a British tennis player, faces a significant dilemma as her world ranking has fallen from 23rd to 100th. She is concerned about qualifying for the Australian Open, a Grand Slam tournament, because the entry list is based on rankings from December 8th. Boulter sustained a hip injury in October and tore an abductor muscle in Hong Kong, making it risky to play in additional tournaments like the WTA 125 event in Angers, France. She feels pressured to choose between improving her ranking by competing or prioritizing her body's recovery. In contrast, male players do not have this issue since their Australian Open entry uses earlier rankings, allowing them to rest during the off-season. Boulter advocates for more rest periods to prevent burnout, highlighting the physical and mental demands of professional tennis. This situation underscores the challenges athletes face in balancing performance and well-being in a competitive sport.",
  "keywords": [
    {
      "term": "world rankings",
      "explanation": "numerical positions that determine a player's standing in global tennis, based on performance"
    },
    {
      "term": "hip injury",
      "explanation": "damage to the hip area that can limit mobility and require recovery time"
    },
    {
      "term": "protected rankings",
      "explanation": "a system allowing injured players to use their previous ranking for tournament entries"
    },
    {
      "term": "WTA 125 Challenger",
      "explanation": "a lower-level professional tennis event offering ranking points"
    },
    {
      "term": "burnout",
      "explanation": "physical and mental exhaustion from overtraining or continuous competition"
    },
    {
      "term": "Grand Slam",
      "explanation": "one of the four premier tennis tournaments, including the Australian Open"
    },
    {
      "term": "off-season",
      "explanation": "the period when regular competitions pause, intended for rest and preparation"
    },
    {
      "term": "abductor tear",
      "explanation": "a muscle injury in the inner thigh that affects movement and requires healing"
    },
    {
      "term": "entry list",
      "explanation": "the roster of players accepted into a tournament based on criteria like rankings"
    },
    {
      "term": "recuperate",
      "explanation": "to recover strength and health after illness or injury"
    }
  ],
  "questions": [
    {
      "question": "What was Katie Boulter's ranking at the start of 2025?",
      "options": [
        "23rd",
        "100th",
        "50th",
        "10th"
      ],
      "correct_answer": "23rd"
    },
    {
      "question": "Why is the Australian Open entry list a concern for Boulter?",
      "options": [
        "It uses rankings from December 8th",
        "It is based on prize money",
        "It requires a tryout",
        "It is only for men"
      ],
      "correct_answer": "It uses rankings from December 8th"
    },
    {
      "question": "What injury did Boulter sustain in October?",
      "options": [
        "Hip injury",
        "Knee injury",
        "Ankle sprain",
        "Shoulder pain"
      ],
      "correct_answer": "Hip injury"
    },
    {
      "question": "In which event did Boulter tear her abductor muscle?",
      "options": [
        "Hong Kong tournament",
        "Australian Open",
        "Wimbledon",
        "US Open"
      ],
      "correct_answer": "Hong Kong tournament"
    },
    {
      "question": "How does the men's Australian Open entry differ from the women's?",
      "options": [
        "Men's uses earlier rankings",
        "Men's has no rankings",
        "Men's requires more points",
        "Men's is based on age"
      ],
      "correct_answer": "Men's uses earlier rankings"
    },
    {
      "question": "What is the purpose of the ranking change for men?",
      "options": [
        "To discourage off-season play",
        "To increase prize money",
        "To allow more players",
        "To shorten the season"
      ],
      "correct_answer": "To discourage off-season play"
    },
    {
      "question": "Where is the WTA 125 Challenger event that Boulter might play?",
      "options": [
        "Angers, France",
        "Chile",
        "Argentina",
        "Ecuador"
      ],
      "correct_answer": "Angers, France"
    },
    {
      "question": "What does Boulter suggest is needed for players?",
      "options": [
        "Opportunity to recuperate",
        "More tournaments",
        "Stricter rules",
        "Higher rankings"
      ],
      "correct_answer": "Opportunity to recuperate"
    },
    {
      "question": "How many players get direct entry into the Australian Open women's draw?",
      "options": [
        "104",
        "100",
        "50",
        "128"
      ],
      "correct_answer": "104"
    },
    {
      "question": "What is a key issue Boulter highlights about the tennis season?",
      "options": [
        "Burnout from continuous play",
        "Lack of equipment",
        "Too many breaks",
        "Not enough prize money"
      ],
      "correct_answer": "Burnout from continuous play"
    }
  ],
  "background_read": [
    "Professional tennis involves competing in tournaments worldwide to earn ranking points, which determine eligibility for major events like Grand Slams. The WTA governs women's tennis, and players often face injuries that require careful management. The off-season is meant for recovery, but scheduling conflicts can force players to choose between health and career advancement. Protected rankings help injured players, but the system varies between men's and women's tours, leading to disparities. Understanding these elements is key to appreciating the pressures athletes endure."
  ],
  "Article_Structure": [
    "This article analyzes Katie Boulter's dilemma between maintaining her tennis ranking and recovering from injury. Main Points include her ranking drop, injury concerns, and the pressure to qualify for the Australian Open. Purpose is to highlight athlete burnout and scheduling issues in professional tennis. Evidence Evaluation shows reliance on player interviews and WTA rules, providing credible but limited perspectives. Author Credibility stems from BBC Sport's reputation, though specific expertise is not detailed. Methodology involves reporting on current events and player statements, offering timely but anecdotal insights into the challenges faced by tennis professionals."
  ],
  "perspectives": [
    {
      "perspective": "Athlete welfare",
      "description": "Emphasizes the need for rest and recovery to prevent injuries and burnout"
    },
    {
      "perspective": "Competitive integrity",
      "description": "Focuses on fair ranking systems that do not force players to risk health"
    }
  ],
  "image_url": "/article_images/article_5db2fbdfda8a9ca2_84fb7517f5c7.webp"
}