{
  "title": "Deconstructing the Evolution of 'Battle of the Sexes' in Tennis: From Activism to Spectacle",
  "summary": "This article examines the nuanced distinctions between Billie Jean King's historic 1973 'Battle of the Sexes' match against Bobby Riggs and the upcoming exhibition between Aryna Sabalenka and Nick Kyrgios, framed within the same terminology. King, a pivotal figure in the women's rights movement, articulates that her match was intrinsically linked to social change, addressing gender inequalities in sports during a transformative cultural period. In contrast, she characterizes the Sabalenka-Kyrgios encounter as devoid of such significance, merely constituting entertainment. The analysis delves into structural differences: King's match adhered to standard best-of-five sets without modifications, symbolizing a straightforward challenge to sexism, whereas the contemporary event incorporates adjusted rules, such as a reduced court size for Sabalenka based on performance data, reflecting ongoing debates about biological disparities. King's critique underscores a broader discourse on the commodification of gender dynamics in sports, where initial activist endeavors evolve into commercialized spectacles. This raises critical questions about the representation of women's athletics, the dilution of feminist messages, and the intersection of sports with societal values, highlighting how historical context shapes the perception and impact of such events.",
  "keywords": [
    {
      "term": "commodification",
      "explanation": "the process of turning something, like a social issue, into a product for commercial gain"
    },
    {
      "term": "feminist messages",
      "explanation": "ideas or themes that advocate for gender equality and women's rights"
    },
    {
      "term": "biological disparities",
      "explanation": "differences in physical abilities between men and women, often debated in sports contexts"
    },
    {
      "term": "intersection",
      "explanation": "the point where different aspects, such as sports and society, meet and influence each other"
    },
    {
      "term": "activist endeavors",
      "explanation": "efforts or actions taken to promote social or political change, like King's match"
    }
  ],
  "questions": [
    {
      "question": "What does King identify as the core difference between the two 'Battle of the Sexes' matches?",
      "options": [
        "Hers was for social change, the new one is not",
        "Hers had higher viewership",
        "The new one uses advanced technology",
        "Hers was played outdoors"
      ],
      "correct_answer": "Hers was for social change, the new one is not"
    },
    {
      "question": "How does the article describe the rules modification for Sabalenka's court?",
      "options": [
        "It is 9% smaller based on data about female players' speed",
        "It is larger to accommodate male players",
        "It has no boundaries",
        "It is made of a different surface"
      ],
      "correct_answer": "It is 9% smaller based on data about female players' speed"
    },
    {
      "question": "What broader societal issue does King's match symbolize according to the analysis?",
      "options": [
        "Gender inequalities in sports",
        "The rise of professional tennis",
        "Technological advancements in broadcasting",
        "The commercialization of sports"
      ],
      "correct_answer": "Gender inequalities in sports"
    },
    {
      "question": "What is the significance of King's insistence on playing 'straight up' in her match?",
      "options": [
        "It emphasized equality and challenged sexist norms",
        "It made the match more entertaining",
        "It increased the prize money",
        "It allowed for rule changes"
      ],
      "correct_answer": "It emphasized equality and challenged sexist norms"
    },
    {
      "question": "How does the article critique the modern 'Battle of the Sexes' match?",
      "options": [
        "As a commodified spectacle lacking activist roots",
        "As a superior athletic event",
        "As a failure in promoting women's sports",
        "As an irrelevant exhibition"
      ],
      "correct_answer": "As a commodified spectacle lacking activist roots"
    },
    {
      "question": "What data is cited to justify the court size adjustment in the new match?",
      "options": [
        "Female players move 9% slower on average",
        "Male players have stronger serves",
        "Historical viewership numbers",
        "Prize money comparisons"
      ],
      "correct_answer": "Female players move 9% slower on average"
    },
    {
      "question": "What does King hope for regarding the outcome of the new match?",
      "options": [
        "That Sabalenka wins",
        "That it ends in a tie",
        "That Kyrgios wins to prove a point",
        "That it is canceled"
      ],
      "correct_answer": "That Sabalenka wins"
    },
    {
      "question": "How does the article contextualize King's match within the women's rights movement?",
      "options": [
        "As a key moment that advanced gender equality in sports",
        "As a minor event in sports history",
        "As the beginning of professional tennis",
        "As a response to political events"
      ],
      "correct_answer": "As a key moment that advanced gender equality in sports"
    },
    {
      "question": "What does the term 'commodification' refer to in this analysis?",
      "options": [
        "Turning social issues into commercial products",
        "Improving athletic performance",
        "Creating new sports rules",
        "Broadcasting matches globally"
      ],
      "correct_answer": "Turning social issues into commercial products"
    },
    {
      "question": "What critical assessment does the article make about the evidence presented?",
      "options": [
        "It relies heavily on King's perspective without extensive external verification",
        "It uses comprehensive statistical data",
        "It includes multiple expert opinions",
        "It is based on fictional accounts"
      ],
      "correct_answer": "It relies heavily on King's perspective without extensive external verification"
    }
  ],
  "background_read": [
    "The 1973 'Battle of the Sexes' match emerged during second-wave feminism, a period marked by intensified advocacy for women's rights. Billie Jean King leveraged her athletic prominence to confront systemic sexism in sports, contributing to landmark changes like the formation of the Women's Tennis Association and increased prize money. Her match against Bobby Riggs was not merely a sporting event but a cultural phenomenon that challenged patriarchal norms. In contemporary times, exhibitions such as Sabalenka vs. Kyrgios often reflect neoliberal trends where sports are increasingly commercialized, potentially undermining activist origins. This background illuminates the intersection of sports, gender politics, and media, offering a framework to critically evaluate how historical narratives are reinterpreted and whether modern events sustain or dilute progressive ideals in athletics."
  ],
  "Article_Structure": [
    "This in-depth analysis explores the 'Battle of the Sexes' matches through a critical lens. Main Points detail King's emphasis on social activism versus the modern match's entertainment focus, rule differences, and implications for gender representation. Purpose is to interrogate how sports events evolve from social statements to commercial spectacles within broader cultural contexts. Evidence Evaluation notes reliance on King's firsthand account and limited data, raising questions about objectivity. Author Credibility is assumed via BBC affiliation but lacks explicit expertise disclosure. Methodology involves journalistic reporting with interviews, offering descriptive insights but limited empirical rigor. Critical Assessment highlights strengths in capturing King's perspective and historical significance, but limitations include insufficient exploration of opposing views and potential bias in framing the narrative."
  ],
  "perspectives": [
    {
      "perspective": "Billie Jean King's view",
      "description": "She asserts that her match was a deliberate act of social change aimed at advancing women's rights, whereas the contemporary match represents a depoliticized, commercialized version that fails to carry similar transformative weight."
    }
  ],
  "image_url": "/article_images/article_51d4389191988317_98a5e4543272.webp"
}