{
  "title": "U.S. Vice President Visits Armenia for the First Time",
  "summary": "Vice President JD Vance traveled to Armenia, a country no sitting U.S. president or vice president has visited before. He met with Armenian Prime Minister Nikol Pashinyan to talk about peace and help Armenia grow. They signed an agreement to work on a nuclear energy deal, and Vance said the U.S. is ready to send computer chips, drones, and invest in Armenia's roads and buildings. This visit is part of efforts to end a long conflict between Armenia and Azerbaijan over a region called Karabakh. Vance encouraged focusing on the future to make peace and plans to visit Azerbaijan next. He also supported the prime minister in upcoming elections and noted Armenia's Christian history.",
  "keywords": [
    {
      "term": "Vice President",
      "explanation": "the second-highest leader in the U.S. government"
    },
    {
      "term": "Armenia",
      "explanation": "a country in Asia that is one of the oldest Christian nations"
    },
    {
      "term": "peace",
      "explanation": "when there is no fighting or war between countries"
    },
    {
      "term": "agreement",
      "explanation": "a promise or deal made between people or countries"
    },
    {
      "term": "conflict",
      "explanation": "a fight or disagreement that lasts a long time"
    },
    {
      "term": "Karabakh",
      "explanation": "a region that Armenia and Azerbaijan have fought over"
    }
  ],
  "questions": [
    {
      "question": "Who visited Armenia for the first time as a sitting U.S. vice president?",
      "options": [
        "JD Vance",
        "Donald Trump",
        "Nikol Pashinyan",
        "Ilham Aliyev"
      ],
      "correct_answer": "JD Vance"
    },
    {
      "question": "What did Vance and Pashinyan sign an agreement about?",
      "options": [
        "A peace treaty",
        "A nuclear energy deal",
        "A trade agreement",
        "A military alliance"
      ],
      "correct_answer": "A nuclear energy deal"
    },
    {
      "question": "What is the U.S. ready to send to Armenia according to Vance?",
      "options": [
        "Food and clothes",
        "Computer chips and drones",
        "Cars and trucks",
        "Books and toys"
      ],
      "correct_answer": "Computer chips and drones"
    },
    {
      "question": "What region have Armenia and Azerbaijan fought over?",
      "options": [
        "Karabakh",
        "Washington",
        "Nakhchivan",
        "Gaza"
      ],
      "correct_answer": "Karabakh"
    },
    {
      "question": "What did Vance say peace is made by?",
      "options": [
        "Cautious people",
        "People focused on the past",
        "People focused on the future",
        "People who are angry"
      ],
      "correct_answer": "People focused on the future"
    },
    {
      "question": "Where is Vance planning to travel after Armenia?",
      "options": [
        "Azerbaijan",
        "Russia",
        "China",
        "France"
      ],
      "correct_answer": "Azerbaijan"
    }
  ],
  "background_read": [
    "Armenia is a small country in Asia with a long history as one of the first Christian nations. It has been in a conflict with its neighbor Azerbaijan over the Karabakh region for many years, leading to wars and people leaving their homes. The U.S. is trying to help them make peace and work together. Vice President JD Vance's visit is a big step because no U.S. president or vice president has gone there before, showing that America wants to support Armenia's growth and end the fighting."
  ],
  "Article_Structure": [
    "WHO: Vice President JD Vance and Armenian Prime Minister Nikol Pashinyan",
    "WHAT: They signed an agreement for nuclear energy and discussed U.S. support with computer chips, drones, and infrastructure",
    "WHERE: Armenia, a country in Asia",
    "WHY: To promote peace between Armenia and Azerbaijan and help Armenia develop"
  ],
  "perspectives": [
    {
      "perspective": "Support for Peace",
      "description": "Vance's visit aims to encourage peace and future-focused solutions to end the conflict."
    }
  ],
  "image_url": "/article_images/article_e73f4964e2016179_d95762c3c022.webp"
}