{
  "title": "Historic U.S. Vice Presidential Visit to Armenia Amid Peace Efforts",
  "summary": "Vice President JD Vance made a historic visit to Armenia, marking the first time a sitting U.S. president or vice president has traveled there. During his trip, he met with Armenian Prime Minister Nikol Pashinyan to advance U.S.-brokered peace initiatives aimed at resolving the decades-long conflict with Azerbaijan over the Karabakh region. They signed an agreement to negotiate a civil nuclear energy deal, and Vance announced U.S. readiness to export advanced computer chips and surveillance drones, along with investments in Armenia's infrastructure. This visit follows a White House deal in August where Pashinyan and Azerbaijani President Ilham Aliyev committed to a peace treaty, though it remains unsigned and unratified. Vance emphasized a forward-looking approach to peace, stating it requires focus on the future rather than the past, and he plans to visit Azerbaijan next. The conflict involves the Karabakh region, which saw a 2020 war and a 2023 blitz by Azerbaijan, leading to Armenian residents fleeing. Vance endorsed Pashinyan for upcoming elections and highlighted Armenia's Christian heritage, while Pashinyan thanked U.S. leadership and accepted an invitation to a peace board meeting.",
  "keywords": [
    {
      "term": "historic visit",
      "explanation": "a significant trip that has never happened before in this context"
    },
    {
      "term": "peace initiatives",
      "explanation": "efforts and plans to stop conflicts and create agreements between countries"
    },
    {
      "term": "civil nuclear energy deal",
      "explanation": "an agreement to develop nuclear power for peaceful purposes like electricity"
    },
    {
      "term": "infrastructure investments",
      "explanation": "money put into building and improving roads, buildings, and other public systems"
    },
    {
      "term": "Karabakh conflict",
      "explanation": "a long-standing dispute between Armenia and Azerbaijan over control of the Nagorno-Karabakh region"
    },
    {
      "term": "peace treaty",
      "explanation": "a formal agreement to end a war and establish peaceful relations"
    },
    {
      "term": "endorsement",
      "explanation": "public support or approval for someone, such as in an election"
    },
    {
      "term": "Christian heritage",
      "explanation": "the historical and cultural identity of being one of the earliest Christian nations"
    }
  ],
  "questions": [
    {
      "question": "Why is Vance's visit to Armenia considered historic?",
      "options": [
        "It is his first international trip",
        "No sitting U.S. president or vice president has visited before",
        "It marks a new trade agreement",
        "It is the longest visit to the region"
      ],
      "correct_answer": "No sitting U.S. president or vice president has visited before"
    },
    {
      "question": "What agreement did Vance and Pashinyan sign during the visit?",
      "options": [
        "A military alliance",
        "A civil nuclear energy deal",
        "A cultural exchange program",
        "A border security pact"
      ],
      "correct_answer": "A civil nuclear energy deal"
    },
    {
      "question": "What U.S. exports did Vance mention for Armenia?",
      "options": [
        "Agricultural products",
        "Advanced computer chips and surveillance drones",
        "Oil and gas",
        "Textiles and clothing"
      ],
      "correct_answer": "Advanced computer chips and surveillance drones"
    },
    {
      "question": "What event preceded Vance's visit to Armenia?",
      "options": [
        "A war in Gaza",
        "A White House deal in August between Armenia and Azerbaijan",
        "A U.N. summit",
        "A trade conference in Europe"
      ],
      "correct_answer": "A White House deal in August between Armenia and Azerbaijan"
    },
    {
      "question": "What is the status of the peace treaty mentioned in the article?",
      "options": [
        "Fully signed and ratified",
        "Only initialed by foreign ministers, not yet signed or ratified",
        "Rejected by both countries",
        "Already implemented"
      ],
      "correct_answer": "Only initialed by foreign ministers, not yet signed or ratified"
    },
    {
      "question": "What region is central to the conflict between Armenia and Azerbaijan?",
      "options": [
        "Karabakh",
        "Nakhchivan",
        "Washington",
        "Gaza"
      ],
      "correct_answer": "Karabakh"
    },
    {
      "question": "What did Vance say about making peace?",
      "options": [
        "It requires cautious people",
        "It needs people focused on the past",
        "It is made by people focused on the future",
        "It is impossible without military force"
      ],
      "correct_answer": "It is made by people focused on the future"
    },
    {
      "question": "What did Vance do regarding Pashinyan's political future?",
      "options": [
        "Criticized his policies",
        "Endorsed him in upcoming elections",
        "Ignored the elections",
        "Suggested he step down"
      ],
      "correct_answer": "Endorsed him in upcoming elections"
    }
  ],
  "background_read": [
    "Armenia and Azerbaijan, both former Soviet republics, have been locked in a conflict over the Nagorno-Karabakh region since the late 1980s, leading to a war in the 1990s and renewed hostilities in 2020 and 2023. This dispute involves ethnic and territorial claims, with Armenia supporting ethnic Armenian forces in Karabakh until Azerbaijan regained control. The U.S., under the Trump administration, has brokered peace efforts, including a deal in August 2024 to create a transit corridor and advance a peace treaty. Vance's visit is part of these diplomatic initiatives, aiming to stabilize the region and promote economic cooperation. Understanding this context helps explain the significance of the first U.S. vice presidential visit and the ongoing challenges in achieving lasting peace."
  ],
  "Article_Structure": [
    "Main Points: The article highlights Vice President JD Vance's historic first visit by a sitting U.S. leader to Armenia, focusing on peace efforts with Azerbaijan, economic agreements like a nuclear energy deal and exports, and the unresolved Karabakh conflict. Purpose: To inform about U.S. diplomatic engagement in the region, promote peace initiatives, and showcase support for Armenia's development. Evidence Evaluation: The article cites specific agreements and statements from Vance and Pashinyan, but relies on AP reporting without detailed source verification. Author Credibility: Written by Michelle L. Price of the Associated Press, a reputable news agency, though the article is brief and lacks in-depth analysis. Methodology: Based on direct reporting from the visit and official statements, providing factual updates but limited contextual depth."
  ],
  "perspectives": [
    {
      "perspective": "Diplomatic Engagement",
      "description": "Vance's visit represents a strategic U.S. effort to mediate peace and strengthen ties with Armenia through economic and political support."
    }
  ],
  "image_url": "/article_images/article_e73f4964e2016179_d95762c3c022.webp"
}