{
  "title": "Analyzing Kyrgios' Comeback Setback and Norrie's Resilient Victory at Brisbane International",
  "summary": "The article reports on contrasting outcomes at the Brisbane International ATP Tour event, where Nick Kyrgios experienced a first-round defeat to Aleksandar Kovacevic, marking a setback in his injury-plagued comeback attempt. Kyrgios, ranked 670th after playing only six singles matches in three years and receiving a wildcard, discussed the psychological and physical challenges of recovering from multiple surgeries, including on his knee and wrist post-2022 Wimbledon final. Concurrently, Cameron Norrie exhibited tenacity by saving three match points in a nearly three-hour battle against Ugo Humbert, advancing to face Kovacevic. This analysis delves into the implications for Kyrgios' Australian Open aspirations, the broader narrative of athlete resilience, and the competitive dynamics in professional tennis, supported by match statistics and player reflections.",
  "keywords": [
    {
      "term": "psychological challenges",
      "explanation": "mental difficulties, such as loss of belief, faced by athletes during recovery from injuries"
    },
    {
      "term": "wildcard entry",
      "explanation": "a tournament invitation granted based on criteria like past performance or injury comeback, rather than current ranking"
    },
    {
      "term": "tenacity",
      "explanation": "persistence and determination in the face of obstacles, as shown by Norrie in his match"
    },
    {
      "term": "competitive dynamics",
      "explanation": "the interactions and strategies among players in a sport, influencing match outcomes and rankings"
    },
    {
      "term": "injury-plagued",
      "explanation": "frequently affected by injuries, describing Kyrgios' recent career trajectory"
    }
  ],
  "questions": [
    {
      "question": "What does Kyrgios' defeat to Kovacevic signify about his current form?",
      "options": [
        "A setback in his comeback due to ongoing injury issues",
        "A sign of his peak performance",
        "An indication of his retirement",
        "A result of poor coaching"
      ],
      "correct_answer": "A setback in his comeback due to ongoing injury issues"
    },
    {
      "question": "How did Norrie demonstrate resilience in his match against Humbert?",
      "options": [
        "By saving three match points in a tie-break",
        "By winning quickly in straight sets",
        "By using underarm serves",
        "By withdrawing due to fatigue"
      ],
      "correct_answer": "By saving three match points in a tie-break"
    },
    {
      "question": "What broader issue does Kyrgios' reflection on surgeries highlight?",
      "options": [
        "The misconception that recovery is straightforward post-surgery",
        "The ease of regaining top form after injuries",
        "The lack of medical support in tennis",
        "The benefits of taking extended breaks"
      ],
      "correct_answer": "The misconception that recovery is straightforward post-surgery"
    },
    {
      "question": "What is the significance of Kyrgios' wildcard entry to the Brisbane International?",
      "options": [
        "It reflects his past success and need for match practice",
        "It indicates he is the top seed",
        "It is a standard procedure for all players",
        "It is due to his high current ranking"
      ],
      "correct_answer": "It reflects his past success and need for match practice"
    },
    {
      "question": "How does the article evaluate the evidence presented?",
      "options": [
        "It uses match scores and player quotes but lacks external verification",
        "It relies solely on statistical data",
        "It includes peer-reviewed studies",
        "It dismisses player perspectives"
      ],
      "correct_answer": "It uses match scores and player quotes but lacks external verification"
    },
    {
      "question": "What methodological approach does the article employ?",
      "options": [
        "Sports journalism based on match reports and interviews",
        "Academic research with controlled experiments",
        "Historical analysis of tennis records",
        "Opinion pieces without sources"
      ],
      "correct_answer": "Sports journalism based on match reports and interviews"
    },
    {
      "question": "What critical assessment can be made of Kyrgios' comeback narrative?",
      "options": [
        "It emphasizes personal struggle but may overlook systemic factors in sports injuries",
        "It provides a complete solution for injury recovery",
        "It suggests injuries are rare in tennis",
        "It focuses only on physical aspects"
      ],
      "correct_answer": "It emphasizes personal struggle but may overlook systemic factors in sports injuries"
    },
    {
      "question": "Who is the author of this article, and what is their credibility?",
      "options": [
        "BBC Tennis, a reputable source but with unspecified author expertise",
        "A known tennis expert with detailed credentials",
        "An anonymous blogger",
        "A medical professional specializing in sports"
      ],
      "correct_answer": "BBC Tennis, a reputable source but with unspecified author expertise"
    },
    {
      "question": "What implications does Norrie's victory have for his upcoming match?",
      "options": [
        "It sets up a clash with Kovacevic, testing his form further",
        "It guarantees his win in the next round",
        "It leads to his withdrawal from the tournament",
        "It has no impact on future matches"
      ],
      "correct_answer": "It sets up a clash with Kovacevic, testing his form further"
    },
    {
      "question": "How does the article contextualize Kyrgios' injuries within his career?",
      "options": [
        "By linking them to his 2022 Wimbledon final and subsequent surgeries",
        "By ignoring his past achievements",
        "By focusing only on recent matches",
        "By comparing them to other sports"
      ],
      "correct_answer": "By linking them to his 2022 Wimbledon final and subsequent surgeries"
    }
  ],
  "background_read": [
    "Professional tennis involves high-stakes competitions like the ATP Tour, where players face physical and mental demands. Nick Kyrgios, known for his talent and controversies, has struggled with injuries since his peak, including surgeries after the 2022 Wimbledon final, affecting his ranking and match play. Cameron Norrie represents a consistent performer on the tour, with a career-high ranking of eighth. The article explores themes of athlete resilience, the realities of sports comebacks, and the role of wildcards in supporting players during recovery periods, providing insights into the challenges of maintaining elite performance."
  ],
  "Article_Structure": [
    "Main Points: Details Kyrgios' defeat and injury challenges, Norrie's resilient win, and player reflections on comebacks. Purpose: To analyze match outcomes and explore the psychological and physical aspects of athlete recovery in tennis. Evidence Evaluation: Utilizes specific match data and direct quotes, but lacks depth in source criticism or statistical analysis. Author Credibility: Sourced from BBC Tennis, generally reliable for sports news, though author-specific expertise is not detailed. Methodology: Employs standard sports reporting techniques, including match summaries and player interviews. Critical Assessment: Effectively highlights personal narratives but could benefit from broader context on injury prevention or comparative data."
  ],
  "perspectives": [
    {
      "perspective": "Narrative of struggle and resilience",
      "description": "The article frames Kyrgios' story as a poignant example of athletic hardship, while Norrie's success underscores perseverance in competitive sports."
    }
  ],
  "image_url": "/article_images/article_30de8073f8e5e79e_0168fdab63f6.webp"
}