{
  "title": "The Truth About Collagen Supplements for Skin Health",
  "summary": "Collagen supplements are widely marketed as a solution for skin aging, but dermatologists caution that they are not a proven fix. Collagen is a protein essential for skin, muscles, and bones, and its production decreases with age, contributing to wrinkles and joint discomfort. However, oral collagen supplements may not effectively deliver collagen to the skin because the body breaks them down during digestion. Research on these supplements has produced mixed results; some studies suggest benefits like improved hydration and elasticity, while others find no effect. A meta-analysis of 23 randomized controlled trials indicated that studies supporting collagen supplements tend to be lower quality and industry-funded, whereas higher-quality studies show no benefit. Safety is another concern, as supplements, especially those from marine sources, risk contamination with methylmercury and lack strict regulation like medications. The American Academy of Dermatology notes that many supplements lack third-party verification and clear ingredient information. Instead, experts emphasize supporting natural collagen production through a healthy diet rich in protein and vitamin C, along with lifestyle habits such as using sunscreen, applying topical retinoids, and avoiding smoking. These approaches are more evidence-based and safer for maintaining skin health.",
  "keywords": [
    {
      "term": "collagen supplements",
      "explanation": "oral products taken to potentially improve skin by providing collagen"
    },
    {
      "term": "meta-analysis",
      "explanation": "a study that combines results from multiple research trials to draw conclusions"
    },
    {
      "term": "randomized controlled trials",
      "explanation": "scientific studies where participants are randomly assigned to test treatments for reliable results"
    },
    {
      "term": "methylmercury",
      "explanation": "a toxic contaminant found in some seafood-based supplements"
    },
    {
      "term": "third-party verification",
      "explanation": "independent testing to ensure product quality and safety"
    }
  ],
  "questions": [
    {
      "question": "What is the main reason collagen supplements might not work for skin?",
      "options": [
        "The body breaks them down before reaching skin",
        "They are too expensive",
        "They contain harmful chemicals",
        "They are not available in stores"
      ],
      "correct_answer": "A"
    },
    {
      "question": "What did the meta-analysis of 23 trials find about collagen supplement studies?",
      "options": [
        "Supportive studies were often low quality",
        "All studies showed benefits",
        "No studies were conducted",
        "Studies were all high quality"
      ],
      "correct_answer": "A"
    },
    {
      "question": "What safety risk is associated with marine-based collagen supplements?",
      "options": [
        "Contamination with methylmercury",
        "High sugar content",
        "Allergic reactions to fruits",
        "Overdose of vitamin C"
      ],
      "correct_answer": "A"
    },
    {
      "question": "How are collagen supplements regulated compared to medications?",
      "options": [
        "They are not checked for safety before sale",
        "They are more strictly regulated",
        "They require a prescription",
        "They are banned by the government"
      ],
      "correct_answer": "A"
    },
    {
      "question": "What does the American Academy of Dermatology say about many collagen supplements?",
      "options": [
        "They lack third-party verification",
        "They are always effective",
        "They are recommended for everyone",
        "They are tested by doctors"
      ],
      "correct_answer": "A"
    },
    {
      "question": "What dietary components help support natural collagen production?",
      "options": [
        "Protein and vitamin C",
        "Sugar and fat",
        "Caffeine and soda",
        "Processed foods"
      ],
      "correct_answer": "A"
    },
    {
      "question": "What lifestyle habit helps preserve collagen according to experts?",
      "options": [
        "Using sunscreen",
        "Avoiding exercise",
        "Eating junk food",
        "Staying up late"
      ],
      "correct_answer": "A"
    },
    {
      "question": "Why is topical retinol mentioned as a better alternative?",
      "options": [
        "It is proven to help skin directly",
        "It is a type of supplement",
        "It is cheaper than sunscreen",
        "It is only for joint pain"
      ],
      "correct_answer": "A"
    }
  ],
  "background_read": [
    "Collagen is a structural protein crucial for maintaining skin elasticity, joint function, and overall connective tissue health. Aging reduces collagen synthesis, leading to visible signs like wrinkles and increased fragility. The supplement industry has grown rapidly, with collagen products promoted for anti-aging benefits, but they operate under less stringent regulations than pharmaceuticals. Understanding scientific research methods, such as randomized controlled trials and meta-analyses, is key to evaluating claims about supplements. Dermatologists advocate for evidence-based practices, highlighting the importance of nutrition and preventive care in skin health, which aligns with broader public health messages about lifestyle choices."
  ],
  "Article_Structure": [
    "Main Points: Collagen supplements are not proven effective for skin aging due to mixed research and safety issues; better alternatives include diet and lifestyle changes. Purpose: To inform the public about the limitations and risks of collagen supplements based on scientific evidence. Evidence Evaluation: Research is inconsistent, with lower-quality studies showing benefits and higher-quality ones finding none; safety concerns include contamination and lack of regulation. Author Credibility: Dr. Farah Moustafa is a dermatologist and professor at Tufts University, providing expert medical insight. Methodology: The article cites a meta-analysis of randomized controlled trials and references from dermatological organizations, using peer-reviewed research and professional guidelines."
  ],
  "perspectives": [
    {
      "perspective": "Scientific Skepticism",
      "description": "Highlights the need for rigorous evidence and caution in accepting supplement claims, emphasizing the role of quality research in guiding health decisions."
    }
  ],
  "image_url": "/article_images/article_257a73a2455337b0_148725f872c1.webp"
}