{
  "title": "Legal and Ethical Dimensions of Lizzo's Lawsuit: Dismissed Fat-Shaming Claims vs. Persistent Sexual Harassment Allegations",
  "summary": "In a significant legal development, pop icon Lizzo has secured the dismissal of fat-shaming allegations from a 2023 lawsuit initiated by three former dancers, though sexual harassment claims remain active. The plaintiffs, Arianna Davis, Crystal Williams, and Noelle Rodriguez, allege that between 2021 and 2023, Lizzo pressured them into attending sex shows and interacting with nude performers, incidents detailed in court documents. Lizzo countered in a public statement, asserting that the dancers were terminated for unauthorized recording, not weight-related issues, and her legal team characterized the suit as a 'fabricated sob story.' The case underscores broader debates within the entertainment sector regarding workplace ethics and the limits of artistic expression. Lizzo's attorneys appealed the decision to advance the sexual harassment claims, invoking First Amendment protections by framing group outings as integral to her creative methodology. However, the dancers' counsel, Ari Stiller, contested this defense, arguing that such protections cannot shield allegedly coercive behavior. The proceedings will scrutinize the evidentiary basis of the claims, with Lizzo's attorney, Melissa Glass, emphasizing a lack of corroboration. This lawsuit highlights intersecting issues of celebrity accountability, body positivity advocacy, and legal standards for harassment in creative environments.",
  "keywords": [
    {
      "term": "dismissal",
      "explanation": "the court's rejection of certain claims, ending that part of the case"
    },
    {
      "term": "sexual harassment allegations",
      "explanation": "accusations of unwelcome sexual conduct that violates employment laws"
    },
    {
      "term": "First Amendment protections",
      "explanation": "constitutional rights safeguarding free speech and expression, often invoked in artistic contexts"
    },
    {
      "term": "creative methodology",
      "explanation": "the systematic approach an artist uses to generate and develop work"
    },
    {
      "term": "corroboration",
      "explanation": "additional evidence or testimony that supports a claim, enhancing its credibility"
    },
    {
      "term": "workplace ethics",
      "explanation": "moral principles governing conduct in professional settings"
    },
    {
      "term": "celebrity accountability",
      "explanation": "the responsibility of public figures for their actions, especially towards employees"
    },
    {
      "term": "body positivity advocacy",
      "explanation": "active promotion of acceptance for diverse body types, often through media and art"
    },
    {
      "term": "evidentiary basis",
      "explanation": "the foundation of proof or facts supporting legal arguments"
    },
    {
      "term": "coercive behavior",
      "explanation": "actions that pressure or force someone into compliance, potentially illegal"
    }
  ],
  "questions": [
    {
      "question": "What legal outcome did Lizzo achieve regarding the fat-shaming claims?",
      "options": [
        "They were dismissed by a judge",
        "They were upheld at trial",
        "They were settled out of court",
        "They were appealed successfully"
      ],
      "correct_answer": "A"
    },
    {
      "question": "Which specific incidents form the basis of the ongoing sexual harassment allegations?",
      "options": [
        "Pressure to attend sex shows and interact with nude performers",
        "Verbal abuse about weight",
        "Withholding of payments",
        "Unauthorized use of music"
      ],
      "correct_answer": "A"
    },
    {
      "question": "How did Lizzo's legal team justify the appeal against proceeding with sexual harassment claims?",
      "options": [
        "By citing First Amendment protections for creative processes",
        "By proving the dancers consented",
        "By demonstrating lack of jurisdiction",
        "By showing statute of limitations expired"
      ],
      "correct_answer": "A"
    },
    {
      "question": "What counterargument did Ari Stiller present against the First Amendment defense?",
      "options": [
        "That it is insufficient to justify alleged coercive acts",
        "That it fully applies to the case",
        "That it is irrelevant to employment law",
        "That it supports the dancers' claims"
      ],
      "correct_answer": "A"
    },
    {
      "question": "What did Melissa Glass emphasize about the dancers' accusations?",
      "options": [
        "They lack corroborating witnesses",
        "They are supported by video evidence",
        "They are admitted by Lizzo",
        "They are based on hearsay"
      ],
      "correct_answer": "A"
    },
    {
      "question": "What broader issue does this lawsuit highlight in the entertainment industry?",
      "options": [
        "The tension between artistic freedom and workplace harassment standards",
        "The impact of music sales on legal cases",
        "The role of social media in lawsuits",
        "The importance of contract negotiations"
      ],
      "correct_answer": "A"
    },
    {
      "question": "What is the significance of the body positivity movement in relation to Lizzo's case?",
      "options": [
        "It contrasts with the fat-shaming claims, highlighting potential hypocrisy",
        "It supports the sexual harassment allegations",
        "It is irrelevant to the legal proceedings",
        "It justifies the dancers' actions"
      ],
      "correct_answer": "A"
    },
    {
      "question": "How does the article assess the evidence presented by both sides?",
      "options": [
        "It notes reliance on court documents and statements without independent verification",
        "It confirms all claims with external sources",
        "It dismisses the dancers' evidence as fabricated",
        "It highlights video proof from Lizzo"
      ],
      "correct_answer": "A"
    },
    {
      "question": "What methodological approach does the article use in reporting?",
      "options": [
        "Balancing quotes from legal filings and public statements",
        "Conducting original interviews with key figures",
        "Analyzing statistical data on harassment cases",
        "Focusing solely on Lizzo's perspective"
      ],
      "correct_answer": "A"
    },
    {
      "question": "What critical assessment can be made of the article's coverage?",
      "options": [
        "It provides a neutral summary but lacks in-depth legal analysis",
        "It strongly favors Lizzo's viewpoint",
        "It dismisses the dancers' claims entirely",
        "It includes extensive independent investigation"
      ],
      "correct_answer": "A"
    }
  ],
  "background_read": [
    "This article examines a high-profile lawsuit involving Lizzo, a pop star renowned for championing body positivity, which presents a paradox given the fat-shaming allegations. The case intersects with legal doctrines such as the First Amendment, which protects artistic expression, and employment laws prohibiting sexual harassment. Understanding the context requires knowledge of U.S. tort law, where plaintiffs must prove claims like harassment with credible evidence. The entertainment industry often grapples with power imbalances, making such cases emblematic of broader social issues like #MeToo and workplace dignity. Lizzo's defense strategy raises questions about the boundaries of creative license versus employee rights, a topic debated in legal scholarship. The article's reliance on court documents and statements reflects standard journalistic practice but may omit nuanced legal interpretations. This background aids in critically evaluating the claims, defenses, and potential outcomes of the litigation."
  ],
  "Article_Structure": [
    "Main Points: The article outlines the dismissal of fat-shaming claims against Lizzo, while sexual harassment allegations proceed, involving detailed incidents and legal arguments. Purpose: To report on the legal developments and explore ethical implications in the entertainment industry. Evidence Evaluation: Sources include court filings and public statements, offering a balanced view but lacking independent verification, which may affect reliability. Author Credibility: BBC News is a credible outlet, though the article serves as a summary without deep investigative reporting. Methodology: Employs a journalistic approach by quoting legal documents and representatives, providing a factual overview. Critical Assessment: Strengths include clarity and balance, but limitations involve superficial analysis of legal nuances and potential bias from reliance on partisan statements."
  ],
  "perspectives": [
    {
      "perspective": "Legal defense perspective",
      "description": "Focuses on First Amendment arguments and lack of evidence, positioning the lawsuit as an attack on artistic freedom."
    },
    {
      "perspective": "Plaintiffs' perspective",
      "description": "Highlights alleged coercive environments and power dynamics, emphasizing the need for accountability in workplaces."
    },
    {
      "perspective": "Media analysis perspective",
      "description": "Critiques the reporting for balancing facts but missing deeper legal and social context, such as intersectionality with body positivity."
    },
    {
      "perspective": "Ethical industry perspective",
      "description": "Discusses broader implications for entertainment norms, advocating for clearer standards to prevent harassment while respecting creativity."
    }
  ],
  "image_url": "/article_images/article_89697c682f3995c5_2f19c1f2726c.webp"
}