{
  "title": "Malaysian Ex-Prime Minister Receives 15-Year Sentence in 1MDB Corruption Case",
  "summary": "Former Malaysian Prime Minister Najib Razak was sentenced to 15 years in prison and a massive fine of 13.5 billion ringgit ($3.3 billion) after being convicted in a major corruption trial. The High Court found him guilty on multiple charges, including abuse of power and money laundering, related to over $700 million from the 1MDB state investment fund that ended up in his personal accounts. The sentences will run concurrently, meaning he faces 15 years total, to be served after his current prison term from an earlier 1MDB case. The judge imposed fines and asset recovery orders, with additional prison time if payments are not made. Najib denied wrongdoing, claiming the funds were a political donation from Saudi Arabia, but the judge rejected this, citing forged letters and evidence linking the money to 1MDB. The ruling marks a significant moment in the global 1MDB scandal, which has led to investigations worldwide. Najib's lawyer plans to appeal, arguing judicial errors.",
  "keywords": [
    {
      "term": "abuse of power",
      "explanation": "using official authority for personal gain or improper purposes"
    },
    {
      "term": "money laundering",
      "explanation": "hiding the illegal source of money by moving it through legitimate channels"
    },
    {
      "term": "concurrent sentences",
      "explanation": "multiple prison terms served at the same time, not added together"
    },
    {
      "term": "1MDB fund",
      "explanation": "a Malaysian government investment fund involved in a massive financial scandal"
    },
    {
      "term": "appeal",
      "explanation": "a request for a higher court to review and change a decision"
    },
    {
      "term": "forged documents",
      "explanation": "fake papers created to deceive others"
    },
    {
      "term": "global scandal",
      "explanation": "a wrongdoing that affects multiple countries and gains international attention"
    },
    {
      "term": "asset recovery",
      "explanation": "the process of taking back illegally obtained property or money"
    }
  ],
  "questions": [
    {
      "question": "What was Najib Razak convicted of in this case?",
      "options": [
        "Abuse of power and money laundering",
        "Theft and fraud",
        "Bribery and extortion",
        "Tax evasion and smuggling"
      ],
      "correct_answer": "Abuse of power and money laundering"
    },
    {
      "question": "How much money was involved in the charges against Najib?",
      "options": [
        "Over $700 million",
        "About $100 million",
        "Less than $50 million",
        "Exactly $3.3 billion"
      ],
      "correct_answer": "Over $700 million"
    },
    {
      "question": "What does 'concurrent sentences' mean in this context?",
      "options": [
        "Prison terms served at the same time",
        "Sentences added together for a longer term",
        "Fines instead of prison",
        "No prison time at all"
      ],
      "correct_answer": "Prison terms served at the same time"
    },
    {
      "question": "What did Najib claim about the source of the funds?",
      "options": [
        "A political donation from Saudi Arabia",
        "Earnings from investments",
        "A loan from a bank",
        "Inheritance from family"
      ],
      "correct_answer": "A political donation from Saudi Arabia"
    },
    {
      "question": "Why did the judge reject Najib's defense?",
      "options": [
        "Because letters were forged and evidence showed money from 1MDB",
        "Because Najib admitted guilt",
        "Because there was no evidence",
        "Because the donor confirmed it"
      ],
      "correct_answer": "Because letters were forged and evidence showed money from 1MDB"
    },
    {
      "question": "What is the total fine imposed on Najib?",
      "options": [
        "13.5 billion ringgit",
        "11.4 billion ringgit",
        "2.08 billion ringgit",
        "700 million ringgit"
      ],
      "correct_answer": "13.5 billion ringgit"
    },
    {
      "question": "What role did Low Taek Jho play according to the judge?",
      "options": [
        "A key facilitator in the scandal",
        "An innocent bystander",
        "A government official",
        "A Saudi donor"
      ],
      "correct_answer": "A key facilitator in the scandal"
    },
    {
      "question": "What is the significance of this ruling?",
      "options": [
        "A milestone in a global financial scandal",
        "A routine court decision",
        "A small local case",
        "An example of judicial error"
      ],
      "correct_answer": "A milestone in a global financial scandal"
    }
  ],
  "background_read": [
    "This article discusses the sentencing of former Malaysian Prime Minister Najib Razak in a corruption case tied to the 1MDB scandal. The 1MDB (1Malaysia Development Berhad) fund was established to promote economic development but became embroiled in one of the world's largest financial scandals, with billions allegedly embezzled. Corruption involves misuse of power for personal gain, and money laundering hides illegal funds. Courts use evidence like bank records and witness testimonies to determine guilt. In this case, the judge evaluated claims about political donations and found them unsupported. The global impact includes investigations in the U.S. and other countries, highlighting how financial crimes can cross borders. Understanding this case helps learn about legal processes, accountability for leaders, and the effects of corruption on society."
  ],
  "Article_Structure": [
    "Main Points: Najib Razak was sentenced to 15 years and a large fine for abuse of power and money laundering related to 1MDB funds. Purpose: To report on a major court ruling in the global 1MDB scandal, emphasizing accountability. Evidence Evaluation: The judge used bank records, forged letters, and witness testimonies to reject Najib's defense, showing strong evidence. Author Credibility: Eileen Ng is an Associated Press reporter, providing reliable journalism based on court proceedings. Methodology: Information gathered from direct court reporting, official statements, and legal documents, ensuring factual accuracy."
  ],
  "perspectives": [
    {
      "perspective": "Judicial Perspective",
      "description": "The court applied laws against corruption and money laundering, focusing on evidence to uphold justice."
    }
  ],
  "image_url": "/article_images/article_71eb5fb285a8a3dd_68e5f67776cb.webp"
}