{
  "title": "Economic Revisions and Layoffs: Analyzing U.S. Job Market Trends",
  "summary": "In early 2026, the U.S. economy showed signs of improvement with the January jobs report indicating 130,000 new jobs added and a slight decrease in the unemployment rate to 4.3%. However, this positive data is tempered by revised economic figures that reveal a weaker performance in 2025. Initially, it was reported that the economy added around 581,000 jobs last year, but revisions show only 181,000 net jobs were created—approximately 400,000 fewer than earlier estimates. This revision highlights ongoing challenges in the labor market. Concurrently, major corporations such as Amazon and UPS have announced significant layoffs, adding to economic uncertainty. To provide insight, the article features an interview with Harry Holzer, a professor of public policy at Georgetown University and former chief economist for the Department of Labor. Holzer discusses the implications of these mixed signals, emphasizing how revised data can alter perceptions of economic health and what this means for future job growth and stability in the U.S.",
  "keywords": [
    {
      "term": "jobs report",
      "explanation": "a monthly government publication detailing employment statistics, including job additions and unemployment rates"
    },
    {
      "term": "revised figures",
      "explanation": "updated data that corrects or changes previous estimates based on new information or analysis"
    },
    {
      "term": "net jobs",
      "explanation": "the total number of jobs gained after subtracting job losses, indicating overall employment growth"
    },
    {
      "term": "layoffs",
      "explanation": "the termination of employment for workers by companies, often due to economic downturns or restructuring"
    },
    {
      "term": "economic uncertainty",
      "explanation": "a situation where future economic conditions are unpredictable, often due to conflicting data or events"
    },
    {
      "term": "labor market",
      "explanation": "the supply of available workers and the demand for labor by employers in an economy"
    },
    {
      "term": "expert analysis",
      "explanation": "interpretation of data by a knowledgeable individual, such as an economist, to provide deeper understanding"
    },
    {
      "term": "economic health",
      "explanation": "the overall condition of an economy, measured by indicators like job growth, unemployment, and business activity"
    }
  ],
  "questions": [
    {
      "question": "What was the unemployment rate in January 2026 according to the article?",
      "options": [
        "4.3%",
        "4.4%",
        "4.5%",
        "4.2%"
      ],
      "correct_answer": "A"
    },
    {
      "question": "How many net jobs were added in 2025 after revisions?",
      "options": [
        "181,000",
        "581,000",
        "400,000",
        "1.4 million"
      ],
      "correct_answer": "A"
    },
    {
      "question": "What is the significance of revised economic figures?",
      "options": [
        "They always show improvement",
        "They provide more accurate data by correcting earlier estimates",
        "They are ignored by experts",
        "They only focus on positive trends"
      ],
      "correct_answer": "B"
    },
    {
      "question": "Which corporations are mentioned as announcing layoffs?",
      "options": [
        "Amazon and UPS",
        "Google and Microsoft",
        "Walmart and Target",
        "Ford and General Motors"
      ],
      "correct_answer": "A"
    },
    {
      "question": "Who is Harry Holzer?",
      "options": [
        "A professor and former chief economist",
        "A news anchor",
        "A corporate CEO",
        "A government official"
      ],
      "correct_answer": "A"
    },
    {
      "question": "What does 'net jobs' refer to in economic terms?",
      "options": [
        "Jobs added without any losses",
        "Total jobs gained minus jobs lost",
        "Only high-paying jobs",
        "Jobs in specific industries"
      ],
      "correct_answer": "B"
    },
    {
      "question": "Why might the job market be uncertain based on the article?",
      "options": [
        "Due to consistent positive data",
        "Due to mixed signals from job additions and layoffs",
        "Due to lack of any data",
        "Due to only negative revisions"
      ],
      "correct_answer": "B"
    },
    {
      "question": "What role does expert analysis play in understanding economic data?",
      "options": [
        "It complicates the data",
        "It provides context and deeper insights",
        "It is unnecessary for public understanding",
        "It only focuses on layoffs"
      ],
      "correct_answer": "B"
    }
  ],
  "background_read": [
    "The U.S. job market is a key indicator of economic health, tracked through monthly jobs reports that detail employment changes. Revisions to economic data are common as more information becomes available, helping to paint a clearer picture of past performance. Layoffs by major companies can signal shifts in industry trends or broader economic challenges. Economists like Harry Holzer use their expertise to interpret these trends, offering perspectives on how factors like job growth, unemployment, and corporate decisions interact to shape the economy's direction and public confidence."
  ],
  "Article_Structure": [
    "This article analyzes recent U.S. economic data, focusing on the January 2026 jobs report that shows 130,000 new jobs and a lower unemployment rate of 4.3%, indicating short-term improvement. However, it highlights revised figures revealing only 181,000 net jobs added in 2025, much fewer than earlier estimates, which points to underlying weaknesses. The purpose is to inform readers about mixed economic signals and their implications for job market stability. Evidence includes government statistics and expert commentary from Harry Holzer, a credible source as a former chief economist. The methodology relies on official data releases and interviews, providing a balanced view but limited by potential data errors noted in the transcript disclaimer."
  ],
  "perspectives": [
    {
      "perspective": "Data-driven view",
      "description": "Emphasizes the importance of revised figures in providing a more accurate assessment of economic performance, suggesting that initial reports may overstate strength."
    },
    {
      "perspective": "Corporate impact view",
      "description": "Focuses on layoffs by companies like Amazon and UPS as indicators of economic strain, potentially overshadowing positive job additions."
    }
  ],
  "image_url": "/article_images/article_e13971998305be1d_a87035a8d4a5.webp"
}