{
  "title": "Famous Director Helps Actor's Family",
  "summary": "Steven Spielberg, a famous movie director, gave $25,000 to help the family of James Van Der Beek, an actor who passed away. James was known for a TV show called Dawson's Creek and had six children. He died from bowel cancer, and his family needed money for medical bills. Other celebrities like Zoe Saldaña-Perego and Jon M Chu also donated money. A GoFundMe page collected over $2 million to support the family. Spielberg never worked with James, but James was a big fan of his movies. The family thanked everyone for their kindness and love during this sad time.",
  "keywords": [
    {
      "term": "Steven Spielberg",
      "explanation": "a famous movie director who makes films"
    },
    {
      "term": "James Van Der Beek",
      "explanation": "an actor who was in a TV show and passed away"
    },
    {
      "term": "GoFundMe",
      "explanation": "a website where people can give money to help others"
    },
    {
      "term": "Dawson's Creek",
      "explanation": "a TV show that James acted in"
    },
    {
      "term": "bowel cancer",
      "explanation": "a sickness that James had before he died"
    }
  ],
  "questions": [
    {
      "question": "Who donated $25,000 to help James Van Der Beek's family?",
      "options": [
        "Steven Spielberg",
        "Zoe Saldaña-Perego",
        "Jon M Chu",
        "James Van Der Beek"
      ],
      "correct_answer": "Steven Spielberg"
    },
    {
      "question": "What was James Van Der Beek famous for?",
      "options": [
        "Being a movie director",
        "Acting in Dawson's Creek",
        "Donating money",
        "Making GoFundMe"
      ],
      "correct_answer": "Acting in Dawson's Creek"
    },
    {
      "question": "How much money did the GoFundMe page collect?",
      "options": [
        "$25,000",
        "$2,500",
        "$10,000",
        "Over $2 million"
      ],
      "correct_answer": "Over $2 million"
    },
    {
      "question": "Why did James Van Der Beek's family need money?",
      "options": [
        "To buy a new house",
        "For medical bills",
        "To make a movie",
        "For a vacation"
      ],
      "correct_answer": "For medical bills"
    },
    {
      "question": "What sickness did James Van Der Beek have?",
      "options": [
        "A cold",
        "Bowel cancer",
        "A broken leg",
        "The flu"
      ],
      "correct_answer": "Bowel cancer"
    },
    {
      "question": "Did Steven Spielberg work with James Van Der Beek on a movie?",
      "options": [
        "Yes",
        "No",
        "Maybe",
        "They were friends"
      ],
      "correct_answer": "No"
    }
  ],
  "background_read": [
    "James Van Der Beek was an actor who starred in the TV show Dawson's Creek from 1998 to 2003. He passed away at age 48 from bowel cancer, leaving behind his wife and six children. To help with medical costs, a GoFundMe page was set up, and many people, including famous director Steven Spielberg, donated money. Spielberg is known for movies like ET and Schindler's List, and James was a fan of his work. This story shows how communities come together to support families in need."
  ],
  "Article_Structure": [
    "WHO: Steven Spielberg, James Van Der Beek, and other celebrities",
    "WHAT: Donated money to a GoFundMe for James's family after his death",
    "WHERE: Through a GoFundMe page online",
    "WHY: To help the family with medical bills and support them during grief"
  ],
  "perspectives": [
    {
      "perspective": "Community Support",
      "description": "People coming together to help a family in need shows kindness and love."
    }
  ],
  "image_url": "/article_images/article_4089d83b00e6e648_ca6ca7bc028b.webp"
}