{
  "title": "Philanthropy and Community Response to Celebrity Tragedy: An Analysis of Spielberg's Donation",
  "summary": "The article details a philanthropic response to the death of actor James Van Der Beek, who succumbed to bowel cancer at age 48, leaving his family with substantial medical debts. Oscar-winning director Steven Spielberg and his wife Kate Capshaw contributed $25,000 to a GoFundMe campaign that exceeded its $2 million target, aimed at supporting Van Der Beek's wife and six children. Additional donations from figures like actress Zoe Saldaña-Perego, who pledged $2,500 monthly, and director Jon M Chu, who gave $10,000, underscore a broader trend of celebrity engagement in crowdfunding initiatives. Organized by Friends of the Van Der Beek family, the fundraiser elicited a public statement emphasizing the therapeutic role of community support during bereavement. Notably, the article explores the symbolic connection between Spielberg and Van Der Beek, referencing the latter's fandom as depicted in Dawson's Creek, though no professional collaboration occurred. This narrative intersects with issues of healthcare affordability, the efficacy of digital fundraising, and the media's role in amplifying charitable acts, offering insights into contemporary responses to personal tragedy within the entertainment industry.",
  "keywords": [
    {
      "term": "philanthropic response",
      "explanation": "charitable actions taken to address social or personal needs"
    },
    {
      "term": "medical debts",
      "explanation": "financial obligations arising from healthcare treatments, often burdensome"
    },
    {
      "term": "crowdfunding initiatives",
      "explanation": "organized efforts to raise funds from a large audience via online platforms"
    },
    {
      "term": "celebrity engagement",
      "explanation": "involvement of famous individuals in social or charitable causes"
    },
    {
      "term": "bereavement support",
      "explanation": "assistance provided to individuals grieving a loss, often emotional or financial"
    }
  ],
  "questions": [
    {
      "question": "What was the primary financial challenge faced by James Van Der Beek's family after his death?",
      "options": [
        "Funding a memorial event",
        "Covering medical debts",
        "Investing in a new business",
        "Paying for children's education"
      ],
      "correct_answer": "Covering medical debts"
    },
    {
      "question": "How does the article characterize the relationship between Spielberg and Van Der Beek?",
      "options": [
        "Professional collaborators",
        "Close personal friends",
        "Fan-based connection with no direct work",
        "Family relatives"
      ],
      "correct_answer": "Fan-based connection with no direct work"
    },
    {
      "question": "What broader societal issue does the GoFundMe campaign highlight?",
      "options": [
        "Celebrity culture excess",
        "Inadequacy of healthcare financing",
        "Decline in traditional charity",
        "Media sensationalism"
      ],
      "correct_answer": "Inadequacy of healthcare financing"
    },
    {
      "question": "Which aspect of the fundraiser's organization is emphasized in the article?",
      "options": [
        "Government oversight",
        "Role of Friends of the Van Der Beek family",
        "Corporate sponsorship",
        "International donations"
      ],
      "correct_answer": "Role of Friends of the Van Der Beek family"
    },
    {
      "question": "What does the statement from the family suggest about the impact of donations?",
      "options": [
        "They solved all financial problems",
        "They provided emotional comfort during grief",
        "They were insufficient",
        "They created privacy issues"
      ],
      "correct_answer": "They provided emotional comfort during grief"
    },
    {
      "question": "How does the article source information about donations from Zoe Saldaña-Perego?",
      "options": [
        "From direct interviews",
        "From the Hollywood Reporter",
        "From social media posts",
        "From government records"
      ],
      "correct_answer": "From the Hollywood Reporter"
    },
    {
      "question": "What critical perspective might be applied to this fundraising effort?",
      "options": [
        "It exploits tragedy for publicity",
        "It effectively addresses systemic issues",
        "It is limited to elite networks",
        "It replaces professional financial planning"
      ],
      "correct_answer": "It is limited to elite networks"
    },
    {
      "question": "What methodological approach does the article use to report on the donations?",
      "options": [
        "Original investigative journalism",
        "Compilation of public records and statements",
        "Statistical analysis of crowdfunding data",
        "Personal anecdotes from donors"
      ],
      "correct_answer": "Compilation of public records and statements"
    },
    {
      "question": "How does the article contextualize Van Der Beek's career within the narrative?",
      "options": [
        "By focusing solely on his illness",
        "By linking it to Spielberg's influence via Dawson's Creek",
        "By comparing it to other actors' deaths",
        "By detailing his filmography extensively"
      ],
      "correct_answer": "By linking it to Spielberg's influence via Dawson's Creek"
    },
    {
      "question": "What does the surpassing of the $2 million goal indicate about public response?",
      "options": [
        "Apathy towards celebrity causes",
        "Strong community mobilization",
        "Government intervention success",
        "Media manipulation"
      ],
      "correct_answer": "Strong community mobilization"
    }
  ],
  "background_read": [
    "James Van Der Beek's career peaked with his role in Dawson's Creek, a seminal teen drama that aired from 1998 to 2003, cementing his status in popular culture. His death in 2024 from bowel cancer, a disease he disclosed in 2024 after a private battle since 2023, raises questions about healthcare access and the financial strains of terminal illness in the United States. The GoFundMe campaign, a platform increasingly used for medical fundraising, reflects a shift towards digital philanthropy and highlights disparities in health insurance coverage. Spielberg's donation, alongside others from Hollywood elites, illustrates how celebrity influence can drive charitable giving, yet also prompts critique regarding the sustainability of such ad-hoc solutions versus systemic reform. This case study intersects with media studies, economics, and social ethics, offering a lens to examine contemporary mourning practices and economic vulnerabilities in the entertainment sector."
  ],
  "Article_Structure": [
    "This article provides an in-depth analysis of celebrity donations to a GoFundMe for James Van Der Beek's family. Main Points include Spielberg's $25,000 contribution, the campaign's success in raising over $2 million, and the symbolic fan connection between Spielberg and Van Der Beek. Purpose is to explore philanthropic responses to tragedy and critique healthcare financing. Evidence Evaluation relies on reputable sources like BBC and Hollywood Reporter, but lacks depth on medical or financial specifics, potentially limiting critical assessment. Author Credibility is inferred from BBC's journalistic standards, though anonymity may affect transparency. Methodology involves secondary reporting on public fundraising data, with no primary research, which could introduce bias. Critical Assessment notes strengths in highlighting community solidarity but weaknesses in addressing broader systemic issues and potential celebrity-centric focus."
  ],
  "perspectives": [
    {
      "perspective": "Systemic Critique",
      "description": "While crowdfunding offers immediate relief, it underscores failures in healthcare systems that force reliance on private charity."
    }
  ],
  "image_url": "/article_images/article_4089d83b00e6e648_ca6ca7bc028b.webp"
}