{
  "title": "Dark Stars: A Key to Early Universe Mysteries",
  "summary": "A recent study proposes that dark stars could address three major puzzles in the early universe, as revealed by the James Webb Space Telescope (JWST). These mysteries include the unexpected brightness of blue monster galaxies, the presence of overmassive black holes at extremely early times, and the unusual properties of little red dots. Dark stars are theoretical objects that may form in regions rich in dark matter, potentially powered by dark matter annihilation in addition to nuclear fusion. This could allow them to grow to enormous sizes and later evolve into supermassive black holes. The research, led by Cosmin Ilie and colleagues, builds on previous studies identifying dark star candidates and presents spectroscopic evidence, such as helium absorption features, supporting their existence. By linking dark stars to JWST observations, the study suggests that current models of galaxy and black hole formation need revision to account for these findings, offering a unified explanation for multiple anomalies in cosmic dawn data.",
  "keywords": [
    {
      "term": "dark stars",
      "explanation": "theoretical stars possibly powered by dark matter annihilation"
    },
    {
      "term": "JWST",
      "explanation": "James Webb Space Telescope, used to observe distant cosmic objects"
    },
    {
      "term": "blue monster galaxies",
      "explanation": "extremely bright, compact galaxies with little dust, found early in the universe"
    },
    {
      "term": "overmassive black holes",
      "explanation": "supermassive black holes that appear larger than expected for their age"
    },
    {
      "term": "little red dots",
      "explanation": "compact, dust-free objects emitting minimal X-rays, observed by JWST"
    },
    {
      "term": "dark matter annihilation",
      "explanation": "process where dark matter particles collide and release energy"
    },
    {
      "term": "cosmic dawn",
      "explanation": "early period in universe history when first stars and galaxies formed"
    },
    {
      "term": "spectroscopic analysis",
      "explanation": "method to study light spectra for identifying chemical features"
    }
  ],
  "questions": [
    {
      "question": "What are dark stars hypothesized to be powered by?",
      "options": [
        "Dark matter annihilation",
        "Solar wind",
        "Magnetic fields",
        "Radio waves"
      ],
      "correct_answer": "A"
    },
    {
      "question": "Which telescope observed blue monster galaxies?",
      "options": [
        "James Webb Space Telescope",
        "Kepler Telescope",
        "Spitzer Space Telescope",
        "Chandra X-ray Observatory"
      ],
      "correct_answer": "A"
    },
    {
      "question": "What do dark stars potentially evolve into?",
      "options": [
        "Supermassive black holes",
        "Neutron stars",
        "White dwarfs",
        "Red giants"
      ],
      "correct_answer": "A"
    },
    {
      "question": "What is a key feature of little red dots?",
      "options": [
        "Low X-ray emission",
        "High dust content",
        "Rapid rotation",
        "Blue color"
      ],
      "correct_answer": "A"
    },
    {
      "question": "Who is the lead author of the study?",
      "options": [
        "Cosmin Ilie",
        "Katherine Freese",
        "Jillian Paulin",
        "Andreea Petric"
      ],
      "correct_answer": "A"
    },
    {
      "question": "What period does cosmic dawn refer to?",
      "options": [
        "Early universe star formation",
        "Modern galaxy evolution",
        "Solar system creation",
        "Big Bang explosion"
      ],
      "correct_answer": "A"
    },
    {
      "question": "What evidence supports dark stars in the study?",
      "options": [
        "Helium absorption features",
        "Carbon dioxide levels",
        "Temperature readings",
        "Sound waves"
      ],
      "correct_answer": "A"
    },
    {
      "question": "Why are current models being reconsidered?",
      "options": [
        "JWST findings challenge them",
        "They are too old",
        "Lack of funding",
        "Political reasons"
      ],
      "correct_answer": "A"
    }
  ],
  "background_read": [
    "The early universe, after the Big Bang, saw the formation of the first stars and galaxies during cosmic dawn. Dark matter, an invisible substance, makes up most of the universe's mass and influences structure formation. Stars typically generate energy through nuclear fusion, but dark stars might also use dark matter annihilation. The James Webb Space Telescope, launched in 2021, provides high-resolution data on distant objects, revealing anomalies like blue monster galaxies and little red dots. Previous studies have identified potential dark star candidates through photometric and spectroscopic methods, with recent research focusing on helium signatures to bolster the theory."
  ],
  "Article_Structure": [
    "Main Points: Dark stars could explain JWST mysteries including blue monster galaxies, early overmassive black holes, and little red dots by being powered by dark matter annihilation. Purpose: To propose a unified theory addressing gaps in early universe models and update astronomical understanding. Evidence Evaluation: Based on spectroscopic analysis showing helium absorption features and previous candidate studies, though direct observation is lacking. Author Credibility: Led by physics professor Cosmin Ilie with collaborators from reputable institutions, building on peer-reviewed research. Methodology: Uses theoretical modeling and data analysis from JWST observations to link dark stars to observed anomalies."
  ],
  "perspectives": [
    {
      "perspective": "Theoretical advancement",
      "description": "Proposes dark stars as a solution to update cosmological models."
    }
  ],
  "image_url": "/article_images/article_2dd1e2428be61360_1bb150d452ee.webp"
}