{
  "title": "Kate Bush Mourns Missing Friend After Christmas Day Incident",
  "summary": "Singer Kate Bush expressed deep sorrow after her close friend Matthew Upham, a local antiques dealer, went missing during a Christmas Day swim in Budleigh Salterton, Devon. The two had been friends for three decades, and Bush described Upham as a very dear friend who was kind, thoughtful, and lived life fully. Emergency services, including the coastguard, were called after two men in their 40s and 60s could not be located, but the search was called off later that day. In a tribute on her official website, Bush highlighted Upham's strength as a swimmer and his love for kayaking, emphasizing the tragedy of his loss. She and Upham's family are heartbroken, with the family issuing a statement on Instagram to thank the emergency services for their efforts. This article covers the emotional impact of the incident, the response from authorities, and the personal reflections shared by Bush and the family.",
  "keywords": [
    {
      "term": "Kate Bush",
      "explanation": "a renowned singer-songwriter who is grieving the loss of her friend"
    },
    {
      "term": "Matthew Upham",
      "explanation": "an antiques dealer and close friend of Kate Bush who disappeared during a swim"
    },
    {
      "term": "Christmas Day swim",
      "explanation": "the activity during which Upham went missing, highlighting a tragic event"
    },
    {
      "term": "Budleigh Salterton",
      "explanation": "the location in Devon where the incident and search occurred"
    },
    {
      "term": "coastguard search",
      "explanation": "the emergency operation to find the missing individuals, which was later halted"
    },
    {
      "term": "tribute",
      "explanation": "a public expression of admiration and sorrow, as shared by Bush on her website"
    },
    {
      "term": "heartbroken",
      "explanation": "a term used to describe intense sadness felt by Bush and Upham's family"
    },
    {
      "term": "emergency services",
      "explanation": "organizations like the RNLI and coastguard that responded to the incident"
    }
  ],
  "questions": [
    {
      "question": "What is Kate Bush's profession?",
      "options": [
        "Singer-songwriter",
        "Antiques dealer",
        "Coastguard",
        "Family member"
      ],
      "correct_answer": "Singer-songwriter"
    },
    {
      "question": "How did Matthew Upham go missing?",
      "options": [
        "During a Christmas Day swim",
        "While kayaking",
        "On a website",
        "In London"
      ],
      "correct_answer": "During a Christmas Day swim"
    },
    {
      "question": "Where did the emergency services search?",
      "options": [
        "Budleigh Salterton",
        "Kate Bush's website",
        "Instagram",
        "Christmas Day"
      ],
      "correct_answer": "Budleigh Salterton"
    },
    {
      "question": "How long had Kate and Matthew been friends?",
      "options": [
        "30 years",
        "40 years",
        "67 years",
        "10 years"
      ],
      "correct_answer": "30 years"
    },
    {
      "question": "What did Kate describe Matthew as?",
      "options": [
        "Kind and thoughtful",
        "A singer",
        "A coastguard",
        "Missing at sea"
      ],
      "correct_answer": "Kind and thoughtful"
    },
    {
      "question": "When was the coastguard search called off?",
      "options": [
        "Around 17:00 GMT",
        "On Christmas Day",
        "After 10:25 GMT",
        "On Instagram"
      ],
      "correct_answer": "Around 17:00 GMT"
    },
    {
      "question": "Who issued a statement on Instagram?",
      "options": [
        "Matthew's family",
        "Kate Bush",
        "The coastguard",
        "Emergency services"
      ],
      "correct_answer": "Matthew's family"
    },
    {
      "question": "What did Matthew love according to Kate?",
      "options": [
        "Kayaking and the sea",
        "Singing songs",
        "Being heartbroken",
        "Search operations"
      ],
      "correct_answer": "Kayaking and the sea"
    }
  ],
  "background_read": [
    "This article discusses a tragic incident where Matthew Upham, a friend of singer Kate Bush, went missing during a Christmas Day swim in Devon. It provides context on the emotional toll of such events, highlighting how public figures like Bush use platforms to express grief. The response from emergency services, such as the coastguard and RNLI, is detailed, showing their role in search and rescue operations. Understanding this story involves learning about water safety, the impact of loss on communities, and the ways in which social media and official statements are used to communicate during crises. It also touches on the personal dynamics of long-term friendships and the broader societal support systems in place."
  ],
  "Article_Structure": [
    "Main Points: The article reports on Kate Bush's emotional response to her friend Matthew Upham's disappearance during a Christmas Day swim, detailing the search efforts in Budleigh Salterton and tributes from Bush and Upham's family. Purpose: To inform the public about the tragic incident, share personal reflections, and acknowledge the emergency services' work. Evidence Evaluation: Relies on direct quotes from Bush's website and family statements, providing credible but emotional sources. Author Credibility: BBC News is a reputable source, though the article focuses on personal accounts rather than investigative reporting. Methodology: Gathers information from official statements, social media, and emergency service reports, presenting a factual yet compassionate narrative."
  ],
  "perspectives": [
    {
      "perspective": "Kate Bush's perspective",
      "description": "She expresses profound grief and admiration for her friend, emphasizing his positive qualities and the tragedy of his loss."
    }
  ],
  "image_url": "/article_images/article_e143954a6a8fc790_2d9dcb1df0cc.webp"
}