{
  "title": "JWST's Enigmatic Red Dots: Challenging Cosmological Paradigms",
  "summary": "The James Webb Space Telescope's detection of 'little red dots' represents a significant astronomical anomaly, with these compact, red-emitting objects observed at unprecedented clarity in mid-infrared wavelengths. Their extreme distance, with light travel times of approximately 12 billion years, places them in the early universe, around 1.8 billion years post-Big Bang, suggesting they belong to a previously undetected population. Initial interpretations diverge: one hypothesis posits that these are massive, young galaxies with extraordinarily high stellar densities and dust obscuration, potentially containing hundreds of billions of solar masses in stars. If valid, this would contest established galaxy formation theories by implying rapid, efficient star assembly mechanisms. Alternatively, another theory attributes the dots to active galactic nuclei—supermassive black holes accreting material and surrounded by dust—yet this is complicated by spectral discrepancies and the improbably high abundance of such massive black holes. The scientific community emphasizes the necessity for spectroscopic data to resolve these competing views, leading to initiatives like the RUBIES survey. This discovery not only showcases JWST's advanced capabilities but also underscores potential gaps in current astrophysical models, urging a re-evaluation of early universe dynamics and object classification.",
  "keywords": [
    {
      "term": "James Webb Space Telescope",
      "explanation": "an advanced space-based observatory optimized for infrared astronomy, enabling high-resolution studies of distant and obscured cosmic sources"
    },
    {
      "term": "mid-infrared wavelengths",
      "explanation": "electromagnetic radiation with wavelengths around 10 micrometers, ideal for probing dusty or cool astronomical objects through JWST's instruments"
    },
    {
      "term": "active galactic nuclei",
      "explanation": "luminous regions powered by accretion onto supermassive black holes, characterized by high-energy emissions that can be modified by intervening dust"
    },
    {
      "term": "spectroscopic analysis",
      "explanation": "a technique measuring the intensity of light across wavelengths to derive physical properties like composition, temperature, and redshift of astronomical objects"
    },
    {
      "term": "RUBIES program",
      "explanation": "a targeted observational campaign using JWST to obtain spectra of red unknown sources, aiming to elucidate their nature through detailed light analysis"
    },
    {
      "term": "galaxy formation theories",
      "explanation": "scientific frameworks describing how galaxies evolve from primordial fluctuations, potentially challenged by evidence of early, dense stellar systems"
    },
    {
      "term": "supermassive black holes",
      "explanation": "black holes with masses millions to billions times that of the Sun, often residing in galactic centers and influencing host galaxy evolution through feedback processes"
    },
    {
      "term": "cosmological redshift",
      "explanation": "the stretching of light wavelengths due to the expansion of the universe, used to determine distances and look-back times to celestial objects"
    },
    {
      "term": "stellar density",
      "explanation": "the number of stars per unit volume in a galaxy, with extreme values implying unusual formation histories"
    },
    {
      "term": "accretion disk",
      "explanation": "a structure of infalling material around a black hole that heats up and emits radiation, key to active galactic nuclei phenomena"
    }
  ],
  "questions": [
    {
      "question": "What cosmological implication arises from the red dots' light travel time of 12 billion years?",
      "options": [
        "They existed in the early universe",
        "They are nearby objects",
        "They formed recently",
        "They are in the Milky Way"
      ],
      "correct_answer": "They existed in the early universe"
    },
    {
      "question": "How does the galaxy theory for red dots challenge existing models?",
      "options": [
        "By suggesting rapid galaxy formation with high stellar density",
        "By proposing they are not real objects",
        "By indicating they are made of dark matter",
        "By showing they are identical to known galaxies"
      ],
      "correct_answer": "By suggesting rapid galaxy formation with high stellar density"
    },
    {
      "question": "What spectral issue complicates the active galactic nuclei theory?",
      "options": [
        "Mismatch with known dust-reddened AGN spectra",
        "Lack of infrared emission",
        "Too much visible light",
        "Absence of redshift"
      ],
      "correct_answer": "Mismatch with known dust-reddened AGN spectra"
    },
    {
      "question": "What role does the RUBIES program play in this research?",
      "options": [
        "It acquires spectroscopic data to analyze the red dots",
        "It takes additional images of the dots",
        "It builds models for galaxy formation",
        "It measures black hole masses directly"
      ],
      "correct_answer": "It acquires spectroscopic data to analyze the red dots"
    },
    {
      "question": "Why is JWST particularly suited for studying these objects?",
      "options": [
        "Its sensitivity to mid-infrared wavelengths",
        "Its ability to see visible light better than Hubble",
        "Its location on Earth",
        "Its focus on solar system objects"
      ],
      "correct_answer": "Its sensitivity to mid-infrared wavelengths"
    },
    {
      "question": "What does the high number of red dots imply for the active galactic nuclei theory?",
      "options": [
        "An unexpectedly large population of massive black holes",
        "That they are common in all galaxies",
        "That they are not important",
        "That they are easy to study"
      ],
      "correct_answer": "An unexpectedly large population of massive black holes"
    },
    {
      "question": "How might the discovery impact understanding of the early universe?",
      "options": [
        "By revealing previously unknown object populations",
        "By confirming all existing theories",
        "By showing that nothing new exists",
        "By disproving the Big Bang theory"
      ],
      "correct_answer": "By revealing previously unknown object populations"
    },
    {
      "question": "What is a key limitation of the current evidence on red dots?",
      "options": [
        "Insufficient spectroscopic data for definitive classification",
        "Lack of telescope time",
        "Too many theories",
        "No images available"
      ],
      "correct_answer": "Insufficient spectroscopic data for definitive classification"
    },
    {
      "question": "What methodological approach is emphasized for future research?",
      "options": [
        "Obtaining detailed spectra through programs like RUBIES",
        "Relying solely on Hubble data",
        "Ignoring the dots",
        "Building larger telescopes on Earth"
      ],
      "correct_answer": "Obtaining detailed spectra through programs like RUBIES"
    },
    {
      "question": "How do the red dots relate to JWST's design objectives?",
      "options": [
        "They exemplify its capability to detect faint, red sources",
        "They show it is no better than Hubble",
        "They indicate a flaw in its instruments",
        "They are unrelated to its mission"
      ],
      "correct_answer": "They exemplify its capability to detect faint, red sources"
    }
  ],
  "background_read": [
    "The James Webb Space Telescope, operational since 2022, represents a leap in infrared astronomy, built to explore the early universe, galaxy assembly, and planetary systems. Its instruments, like NIRCam and MIRI, allow detection of objects obscured by dust or at high redshifts. The 'little red dots' discovery taps into ongoing debates in astrophysics about galaxy formation epochs and black hole growth. If these dots are confirmed as extreme galaxies or nuclei, it could necessitate revisions to lambda-CDM models and star formation efficiencies, highlighting the iterative nature of scientific inquiry where new data from tools like spectra drive paradigm shifts."
  ],
  "Article_Structure": [
    "This article analyzes JWST's discovery of red dots, detailing main points on their anomalous nature and theoretical interpretations. Its purpose is to report on cutting-edge research and stimulate scientific discourse. Evidence evaluation notes JWST's robust data but critiques reliance on initial images over comprehensive spectra. Author credibility is supported by institutional affiliations, though potential biases in theory preference exist. Methodology involves observational astronomy with JWST, employing comparative modeling, but lacks controlled experiments. Critical assessment highlights the discovery's potential to challenge cosmological models, though current limitations in data completeness and theoretical consensus weaken immediate conclusions."
  ],
  "perspectives": [
    {
      "perspective": "Galaxy-centric view",
      "description": "Argues the red dots are primordial galaxies with extreme stellar densities, implying new star formation mechanisms."
    },
    {
      "perspective": "AGN-centric view",
      "description": "Posits the dots are dust-enshrouded active galactic nuclei, raising questions about black hole formation rates."
    }
  ],
  "image_url": "/article_images/article_cd13ce9a3dcd1368_79c9da933b1c.webp"
}