{
  "title": "Serena Williams Might Play Tennis Again",
  "summary": "Serena Williams is a famous tennis player who stopped playing in 2022. Now, she can return to tennis from February 22 because she followed the rules for drug testing. This means she is allowed to join tournaments again. But Serena has not said if she will come back. She posted on social media that she is not returning, but later she did not say no to a comeback. She is 44 years old and has won 23 big tournaments. People are curious about her plans because she is a great athlete. The article talks about the rules for retired players who want to play again and what Serena has said recently.",
  "keywords": [
    {
      "term": "tennis",
      "explanation": "a sport played with a racket and ball"
    },
    {
      "term": "tournaments",
      "explanation": "competitions where players try to win"
    },
    {
      "term": "drug testing",
      "explanation": "checking if players follow rules about medicine"
    },
    {
      "term": "comeback",
      "explanation": "returning to play after stopping"
    },
    {
      "term": "retired",
      "explanation": "not playing anymore"
    }
  ],
  "questions": [
    {
      "question": "When can Serena Williams return to tennis?",
      "options": [
        "February 22",
        "March 1",
        "January 15",
        "December 10"
      ],
      "correct_answer": "February 22"
    },
    {
      "question": "How many big tournaments has Serena won?",
      "options": [
        "10",
        "15",
        "23",
        "30"
      ],
      "correct_answer": "23"
    },
    {
      "question": "What did Serena post on social media about coming back?",
      "options": [
        "She is coming back",
        "She is not coming back",
        "She is unsure",
        "She is excited"
      ],
      "correct_answer": "She is not coming back"
    },
    {
      "question": "Why is Serena allowed to return to tennis?",
      "options": [
        "She won a prize",
        "She followed drug testing rules",
        "She asked nicely",
        "She is young"
      ],
      "correct_answer": "She followed drug testing rules"
    },
    {
      "question": "What word does Serena not like to use for ending her career?",
      "options": [
        "Evolving",
        "Retirement",
        "Break",
        "Pause"
      ],
      "correct_answer": "Retirement"
    },
    {
      "question": "How old is Serena Williams?",
      "options": [
        "40",
        "42",
        "44",
        "46"
      ],
      "correct_answer": "44"
    }
  ],
  "background_read": [
    "Serena Williams is a famous tennis player from America who has won many big tournaments. She stopped playing in 2022, but there are rules that let retired players come back if they do drug testing. This article explains if she might play again and what she has said about it."
  ],
  "Article_Structure": [
    "WHO: Serena Williams, a famous tennis player",
    "WHAT: She can return to tennis from February 22 but has not said if she will",
    "WHERE: This applies to tennis tournaments worldwide",
    "WHY: Because she followed drug testing rules, but she is unsure about coming back"
  ],
  "perspectives": [
    {
      "perspective": "Serena's view",
      "description": "She says she is not coming back but does not rule it out completely, showing she might change her mind."
    }
  ],
  "image_url": "/article_images/article_eb4c8fb70735bdde_38a293067f2c.webp"
}