{
  "title": "Serena Williams' Potential Tennis Comeback: Rules and Rumors",
  "summary": "Serena Williams, a 23-time Grand Slam champion, is eligible to return to professional tennis from February 22 after being reinstated by the International Tennis Integrity Agency (ITIA). This reinstatement follows her compliance with out-of-competition drug testing requirements for at least six months, a rule for retired players wishing to re-enter sanctioned events. However, Williams has not officially announced a comeback since retiring at the 2022 US Open, where she described her departure as 'evolving away' from tennis rather than retirement. In December, the ITIA confirmed she was back in the drug testing pool, requiring her to provide daily whereabouts for testing. Despite this, Williams posted on social media in January denying a return, calling rumors 'crazy,' but later in an interview, she refused to completely rule out a comeback, adding to the uncertainty. The article highlights the procedural steps for reinstatement and Williams' ambiguous statements, leaving fans and media speculating about her future in the sport.",
  "keywords": [
    {
      "term": "reinstatement",
      "explanation": "the process of being allowed back into competitions after meeting certain conditions"
    },
    {
      "term": "International Tennis Integrity Agency (ITIA)",
      "explanation": "an organization that ensures fair play and drug testing in tennis"
    },
    {
      "term": "drug testing pool",
      "explanation": "a list of players who must be available for random drug tests"
    },
    {
      "term": "Grand Slam",
      "explanation": "the four major tennis tournaments: Australian Open, French Open, Wimbledon, and US Open"
    },
    {
      "term": "evolving away",
      "explanation": "a phrase Serena uses to describe moving on from tennis without calling it retirement"
    }
  ],
  "questions": [
    {
      "question": "What organization reinstated Serena Williams?",
      "options": [
        "WTA",
        "ITIA",
        "ATP",
        "US Open"
      ],
      "correct_answer": "ITIA"
    },
    {
      "question": "How long must a retired player be in the drug testing pool before returning?",
      "options": [
        "3 months",
        "6 months",
        "1 year",
        "2 years"
      ],
      "correct_answer": "6 months"
    },
    {
      "question": "What did Serena call the rumors about her comeback on social media?",
      "options": [
        "Exciting",
        "Crazy",
        "True",
        "False"
      ],
      "correct_answer": "Crazy"
    },
    {
      "question": "When did Serena retire from tennis?",
      "options": [
        "2020 US Open",
        "2022 US Open",
        "2021 Wimbledon",
        "2023 Australian Open"
      ],
      "correct_answer": "2022 US Open"
    },
    {
      "question": "What must players in the drug testing pool provide daily?",
      "options": [
        "Training schedule",
        "Whereabouts for one hour",
        "Medical records",
        "Tournament plans"
      ],
      "correct_answer": "Whereabouts for one hour"
    },
    {
      "question": "How many Grand Slam singles titles has Serena won?",
      "options": [
        "20",
        "21",
        "22",
        "23"
      ],
      "correct_answer": "23"
    },
    {
      "question": "What phrase does Serena prefer over 'retirement'?",
      "options": [
        "Taking a break",
        "Evolving away",
        "Stepping back",
        "Pausing"
      ],
      "correct_answer": "Evolving away"
    },
    {
      "question": "Who interviewed Serena in January about a comeback?",
      "options": [
        "BBC Sport",
        "Today Show",
        "CNN",
        "ESPN"
      ],
      "correct_answer": "Today Show"
    }
  ],
  "background_read": [
    "Serena Williams is one of the greatest tennis players in history, known for her 23 Grand Slam singles titles and dominance in the sport. She retired in 2022 but has remained in the public eye. The International Tennis Integrity Agency sets rules for drug testing to ensure fair play, and retired players must re-enter the testing pool for six months to be reinstated. This article explores the procedural aspects of her potential return and her mixed messages about coming back, reflecting broader themes in sports about retirement and comebacks."
  ],
  "Article_Structure": [
    "This article analyzes Serena Williams' potential tennis comeback by covering main points such as her reinstatement eligibility from February 22 by the ITIA after six months of drug testing compliance, her ambiguous statements denying but not ruling out a return, and her preference for 'evolving away' over retirement. The purpose is to inform readers about the procedural requirements and media speculation surrounding her future. Evidence evaluation shows reliable sources like the ITIA and direct quotes from Williams, though some information is based on social media posts which can be informal. Author credibility is implied through BBC Sport reporting, but no specific author is named, limiting bias assessment. Methodology involves official confirmations and interviews, providing a balanced view but relying on public statements that may be incomplete."
  ],
  "perspectives": [
    {
      "perspective": "Media speculation",
      "description": "The article highlights how media and fans are curious about Serena's plans due to her iconic status and mixed messages."
    }
  ],
  "image_url": "/article_images/article_eb4c8fb70735bdde_38a293067f2c.webp"
}