{
  "title": "Revealing Synapse Hotspots in Adolescent Brain Development",
  "summary": "A recent study challenges the long-standing theory of adolescent synaptic pruning by revealing that the teen brain also forms new, dense clusters of synapses. Researchers from Kyushu University used advanced techniques like SeeDB2 and super-resolution microscopy to map dendritic spines in Layer 5 neurons of the mouse cerebral cortex. They discovered a 'hotspot'—a region with unusually high spine density that emerges during adolescence, specifically between three to eight weeks in mice. This finding suggests that brain development involves both pruning and localized synapse formation, complicating the previous view. The study links this process to schizophrenia, as mice with schizophrenia-related genes showed reduced hotspot development. This research highlights the complexity of neural networks during critical growth periods and may inform understanding of neuropsychiatric conditions.",
  "keywords": [
    {
      "term": "synaptic pruning",
      "explanation": "the process of removing weak or unused neural connections during brain development"
    },
    {
      "term": "dendritic spines",
      "explanation": "tiny protrusions on dendrites where excitatory synapses form, crucial for neural communication"
    },
    {
      "term": "cerebral cortex",
      "explanation": "the outer layer of the brain involved in higher functions like thinking and planning"
    },
    {
      "term": "adolescent development",
      "explanation": "the stage of brain maturation during teenage years, involving changes in neural networks"
    },
    {
      "term": "neuropsychiatric conditions",
      "explanation": "disorders like schizophrenia that affect brain function and behavior"
    }
  ],
  "questions": [
    {
      "question": "What did the Kyushu University team discover about adolescent brains?",
      "options": [
        "Only synaptic pruning occurs",
        "New synapse hotspots form",
        "Brain size decreases",
        "No changes in synapses"
      ],
      "correct_answer": "New synapse hotspots form"
    },
    {
      "question": "Which brain layer did the researchers focus on?",
      "options": [
        "Layer 1",
        "Layer 5",
        "Layer 3",
        "Layer 6"
      ],
      "correct_answer": "Layer 5"
    },
    {
      "question": "What tools were used to map dendritic spines?",
      "options": [
        "SeeDB2 and super-resolution microscopy",
        "X-ray and MRI",
        "Telescope and camera",
        "Stethoscope and thermometer"
      ],
      "correct_answer": "SeeDB2 and super-resolution microscopy"
    },
    {
      "question": "When does the synapse hotspot appear in mice?",
      "options": [
        "At birth",
        "During childhood",
        "During adolescence",
        "In old age"
      ],
      "correct_answer": "During adolescence"
    },
    {
      "question": "How does this study relate to schizophrenia?",
      "options": [
        "It proves schizophrenia is caused by hotspots",
        "It shows reduced hotspot development in schizophrenia-linked mice",
        "It finds no link",
        "It cures schizophrenia"
      ],
      "correct_answer": "It shows reduced hotspot development in schizophrenia-linked mice"
    },
    {
      "question": "What is the main challenge to the old theory?",
      "options": [
        "Brains only prune synapses",
        "Brains only grow in size",
        "Brains form new synapses during adolescence",
        "Brains stop developing in teens"
      ],
      "correct_answer": "Brains form new synapses during adolescence"
    },
    {
      "question": "What role do Layer 5 neurons play?",
      "options": [
        "They control breathing",
        "They collect information and send output signals",
        "They store memories",
        "They regulate emotions"
      ],
      "correct_answer": "They collect information and send output signals"
    },
    {
      "question": "What genes were studied in relation to schizophrenia?",
      "options": [
        "Setd1a, Hivep2, Grin1",
        "BRCA1, TP53",
        "APOE, APP",
        "CFTR, DMD"
      ],
      "correct_answer": "Setd1a, Hivep2, Grin1"
    }
  ],
  "background_read": [
    "Brain development during adolescence involves complex changes in neural networks, with synapses playing a key role in information processing. Traditionally, scientists believed synaptic pruning dominated this period, but new research shows localized synapse formation also occurs. This study uses mouse models to explore these mechanisms, linking them to disorders like schizophrenia. Understanding these processes can help in developing treatments for brain conditions."
  ],
  "Article_Structure": [
    "Main Points: The study reveals synapse hotspots in adolescent brains, challenging the pruning theory and linking to schizophrenia. Purpose: To provide new insights into brain development and neuropsychiatric disorders. Evidence Evaluation: High-quality due to advanced microscopy and genetic analysis in mice. Author Credibility: Researchers from Kyushu University with expertise in neuroscience. Methodology: Used SeeDB2 and super-resolution microscopy to map dendritic spines in mouse cortex layers."
  ],
  "perspectives": [
    {
      "perspective": "Scientific advancement",
      "description": "Highlights the need to revise theories on adolescent brain development based on new evidence"
    }
  ],
  "image_url": "/article_images/article_1c84d23f14f7d943_57aa85fd3eb5.webp"
}