{
  "title": "Swiatek Critiques 'Battle of the Sexes' as Unnecessary for Modern Women's Tennis",
  "summary": "Iga Swiatek, a prominent tennis champion, argues that the women's game no longer requires 'Battle of the Sexes' exhibitions to prove its worth. She references a recent match in Dubai between Nick Kyrgios and Aryna Sabalenka, which Kyrgios won on a modified court, but Swiatek did not watch it, dismissing it as mere entertainment without social significance. Contrasting this with the historic 1973 match between Billie Jean King and Bobby Riggs, which highlighted gender equality struggles in tennis, Swiatek asserts that contemporary women's tennis has evolved to stand independently. She emphasizes the abundance of talented female athletes and compelling narratives in the sport, making direct comparisons to men's tennis unnecessary. Instead, Swiatek advocates for events like the United Cup, a mixed-team tournament in Australia that features men's and women's singles along with mixed doubles, as a superior way to unite tennis fans and enhance the sport's appeal. She believes such collaborative formats foster excitement and showcase players in diverse roles, ultimately strengthening tennis as a whole.",
  "keywords": [
    {
      "term": "exhibition",
      "explanation": "a non-competitive match staged for entertainment or promotional purposes"
    },
    {
      "term": "social significance",
      "explanation": "the importance of an event in addressing broader societal issues or changes"
    },
    {
      "term": "gender equality",
      "explanation": "the principle of equal rights and opportunities for men and women"
    },
    {
      "term": "mixed-team tournament",
      "explanation": "a competition where teams consist of both male and female players competing together"
    },
    {
      "term": "narratives",
      "explanation": "the stories or accounts that highlight key aspects or achievements in a field"
    }
  ],
  "questions": [
    {
      "question": "What is Swiatek's main argument about 'Battle of the Sexes' matches?",
      "options": [
        "They are unnecessary for modern women's tennis",
        "They are essential for social change",
        "They should be held more frequently",
        "They are only for entertainment"
      ],
      "correct_answer": "A"
    },
    {
      "question": "How does Swiatek view the recent Kyrgios-Sabalenka match?",
      "options": [
        "As entertainment without social importance",
        "As a critical step for gender equality",
        "As a championship event",
        "As a failure for women's tennis"
      ],
      "correct_answer": "A"
    },
    {
      "question": "What historical event does Swiatek compare the recent match to?",
      "options": [
        "The 1973 King-Riggs 'Battle of the Sexes'",
        "The first Wimbledon tournament",
        "The Olympic tennis debut",
        "The creation of the WTA"
      ],
      "correct_answer": "A"
    },
    {
      "question": "Why does Swiatek believe women's tennis stands on its own now?",
      "options": [
        "Due to many great athletes and stories",
        "Because men's tennis is declining",
        "Due to rule changes in the sport",
        "Because of increased prize money only"
      ],
      "correct_answer": "A"
    },
    {
      "question": "What alternative event does Swiatek prefer over 'Battle of the Sexes'?",
      "options": [
        "The United Cup",
        "The Davis Cup",
        "The Wimbledon finals",
        "The Olympics"
      ],
      "correct_answer": "A"
    },
    {
      "question": "What types of matches are included in the United Cup?",
      "options": [
        "Men's singles, women's singles, and mixed doubles",
        "Only men's doubles",
        "Only women's singles",
        "Mixed singles only"
      ],
      "correct_answer": "A"
    },
    {
      "question": "How does Swiatek think the United Cup benefits tennis?",
      "options": [
        "By uniting fans and making the sport more interesting",
        "By increasing prize money for players",
        "By focusing only on women's tennis",
        "By reducing the number of tournaments"
      ],
      "correct_answer": "A"
    },
    {
      "question": "What is the significance of the 1973 'Battle of the Sexes' according to the article?",
      "options": [
        "It highlighted struggles for legitimacy and prize money in women's tennis",
        "It was the first tennis match ever played",
        "It ended gender discrimination in sports",
        "It was won by a male player easily"
      ],
      "correct_answer": "A"
    }
  ],
  "background_read": [
    "Women's tennis has a rich history marked by efforts to achieve equality, notably through events like the 1973 'Battle of the Sexes' between Billie Jean King and Bobby Riggs, which brought attention to disparities in recognition and compensation. Today, the Women's Tennis Association (WTA) oversees a global tour with top players like Iga Swiatek, who advocate for the sport's independent strength. Exhibition matches, such as the recent one in Dubai, often serve as entertainment but may lack deeper social impact. The United Cup represents a modern approach, blending men's and women's competitions to foster unity and fan engagement, reflecting ongoing evolution in how tennis is presented and celebrated."
  ],
  "Article_Structure": [
    "Main Points: Swiatek argues that 'Battle of the Sexes' exhibitions are outdated for women's tennis, which now stands strong with talented athletes; she contrasts this with the historic 1973 match that addressed gender equality. Purpose: To critique the relevance of gender-based competitions and promote collaborative events like the United Cup. Evidence Evaluation: Relies on Swiatek's direct quotes and historical context, but lacks statistical data or broader player opinions. Author Credibility: The BBC is a reputable source, but the article primarily presents Swiatek's perspective without in-depth analysis. Methodology: Based on interviews and reporting of recent events, with a focus on Swiatek's comments and tournament details."
  ],
  "perspectives": [
    {
      "perspective": "Swiatek's critique",
      "description": "Views 'Battle of the Sexes' as unnecessary entertainment that detracts from women's tennis's independent achievements."
    }
  ],
  "image_url": "/article_images/article_6f6f92e2809ce270_59d042504138.webp"
}