{
  "title": "Restoring Dartmoor's Temperate Rainforest Through Tree Planting",
  "summary": "In an effort to expand one of the South West's last remaining temperate rainforests, volunteers have planted 800 young trees at Dartmoor's Wistman's Wood National Nature Reserve. The project, led by volunteers from Natural England in partnership with the Duchy of Cornwall, Moor Trees, and the Woodland Trust, builds on previous plantings of 450 saplings in March 2025. The saplings were placed within fenced plots to protect them from grazing animals, ensuring their survival. Emma Magee of the Duchy of Cornwall emphasized that this work is part of a long-term commitment to restoring and enhancing nature-rich landscapes, noting that expanding a rare temperate rainforest requires steady, ongoing effort rather than a one-time intervention. This initiative aims to strengthen the ecological health of the woodland and support biodiversity in the region.",
  "keywords": [
    {
      "term": "temperate rainforest",
      "explanation": "a forest type in cool, wet climates with high biodiversity, rare in regions like South West England"
    },
    {
      "term": "saplings",
      "explanation": "young trees that are planted to grow into mature forests"
    },
    {
      "term": "ecological health",
      "explanation": "the overall well-being of an ecosystem, including its plants, animals, and natural processes"
    },
    {
      "term": "biodiversity",
      "explanation": "the variety of life in an area, important for a healthy environment"
    },
    {
      "term": "long-term commitment",
      "explanation": "a sustained effort over many years to achieve a goal, such as forest restoration"
    }
  ],
  "questions": [
    {
      "question": "How many trees were planted in this recent project?",
      "options": [
        "800",
        "450",
        "1000",
        "1200"
      ],
      "correct_answer": "800"
    },
    {
      "question": "Which organization led the volunteer effort?",
      "options": [
        "Natural England",
        "The BBC",
        "Local council",
        "School groups"
      ],
      "correct_answer": "Natural England"
    },
    {
      "question": "What was the purpose of the fenced plots?",
      "options": [
        "To protect saplings from animals",
        "To mark boundaries",
        "To provide shade",
        "To attract tourists"
      ],
      "correct_answer": "To protect saplings from animals"
    },
    {
      "question": "When did the previous planting of 450 saplings occur?",
      "options": [
        "March 2025",
        "January 2024",
        "December 2025",
        "April 2026"
      ],
      "correct_answer": "March 2025"
    },
    {
      "question": "What did Emma Magee say about the project?",
      "options": [
        "It requires long-term effort",
        "It is a one-off intervention",
        "It is nearly complete",
        "It is not important"
      ],
      "correct_answer": "It requires long-term effort"
    },
    {
      "question": "What type of rainforest is being expanded?",
      "options": [
        "Temperate rainforest",
        "Tropical rainforest",
        "Boreal forest",
        "Desert forest"
      ],
      "correct_answer": "Temperate rainforest"
    },
    {
      "question": "Which partner organization is mentioned as committed to nature-rich landscapes?",
      "options": [
        "The Duchy of Cornwall",
        "The BBC",
        "Local farmers",
        "Tourist board"
      ],
      "correct_answer": "The Duchy of Cornwall"
    },
    {
      "question": "What is the main goal of the tree planting?",
      "options": [
        "To expand and strengthen the rainforest",
        "To create a park",
        "To harvest timber",
        "To reduce flooding"
      ],
      "correct_answer": "To expand and strengthen the rainforest"
    }
  ],
  "background_read": [
    "Temperate rainforests are ecosystems found in cool, maritime climates with high rainfall, such as in parts of the UK, including Dartmoor. They are characterized by rich biodiversity but have become rare due to historical deforestation and land use changes. Restoration projects like this one involve planting native tree species to rebuild forest cover and support wildlife habitats. Organizations like Natural England and the Woodland Trust often collaborate on such efforts to promote conservation and combat biodiversity loss. Understanding these ecosystems helps highlight the importance of sustained environmental stewardship."
  ],
  "Article_Structure": [
    "This article reports on a tree-planting initiative to expand a temperate rainforest at Wistman's Wood in Dartmoor. Main Points: Volunteers planted 800 saplings with partners like Natural England to restore the forest, building on earlier efforts. Purpose: To inform the public about conservation work and emphasize long-term ecological restoration. Evidence Evaluation: Relies on quotes from Emma Magee and details from organizations, but lacks scientific data on outcomes. Author Credibility: The BBC is a reputable news source, but the article is brief and may not delve deeply into technical aspects. Methodology: Based on press releases or reports from involved groups, with no independent verification mentioned."
  ],
  "perspectives": [
    {
      "perspective": "Conservation effort",
      "description": "Highlights collaborative work to restore a rare ecosystem through volunteer action and partnerships."
    }
  ],
  "image_url": "/article_images/article_58862a1aa45bf838_5dc02af3a735.webp"
}