{
  "title": "Breakthrough in Quantum Communication: Uplink Signals from Earth to Satellites",
  "summary": "Researchers have demonstrated that quantum signals can be transmitted from Earth to satellites, reversing the traditional downlink approach where signals are sent from space to ground. This uplink method was previously considered impractical due to challenges like atmospheric interference, light scattering, and signal loss. However, a team led by Professor Simon Devitt and Professor Alexander Solntsev from the University of Technology Sydney used detailed modeling to show feasibility, accounting for real-world factors such as background light and optical misalignment. The study, published in Physical Review Research, highlights advantages like greater power availability and simpler maintenance on Earth, which could enable stronger signals. This breakthrough could support the development of scalable quantum networks, linking quantum computers via satellites as relays. Recent milestones, such as China's Micius and Jinan-1 satellites, have advanced downlink quantum communication, but the uplink strategy offers a practical path for high-bandwidth applications beyond cryptography. The researchers propose testing with drones or balloons as a step toward large-scale implementation using low Earth orbit satellites.",
  "keywords": [
    {
      "term": "uplink method",
      "explanation": "sending quantum signals from Earth to satellites, opposite of downlink"
    },
    {
      "term": "atmospheric interference",
      "explanation": "disruption of signals as they pass through Earth's atmosphere"
    },
    {
      "term": "quantum networks",
      "explanation": "systems that connect quantum devices for secure communication and computing"
    },
    {
      "term": "modeling",
      "explanation": "using computer simulations to predict outcomes based on real-world data"
    },
    {
      "term": "low Earth orbit satellites",
      "explanation": "satellites that orbit close to Earth, reducing signal delay"
    },
    {
      "term": "high-bandwidth",
      "explanation": "ability to transmit large amounts of data quickly"
    },
    {
      "term": "cryptography",
      "explanation": "the practice of securing information using codes"
    },
    {
      "term": "quantum entanglement",
      "explanation": "a quantum phenomenon where particles remain connected over distance"
    }
  ],
  "questions": [
    {
      "question": "What is the main finding of the research?",
      "options": [
        "Quantum signals can be sent from Earth to satellites",
        "Quantum signals are only effective in downlinks",
        "Atmospheric interference makes uplinks impossible",
        "Satellites cannot handle quantum signals"
      ],
      "correct_answer": "Quantum signals can be sent from Earth to satellites"
    },
    {
      "question": "Why was the uplink approach previously dismissed?",
      "options": [
        "Due to expected losses and interference",
        "Because satellites lack power",
        "As Earth equipment is too complex",
        "Since quantum signals are too fast"
      ],
      "correct_answer": "Due to expected losses and interference"
    },
    {
      "question": "What advantage does ground-based equipment offer over satellite hardware?",
      "options": [
        "More power and easier servicing",
        "Smaller size and lower cost",
        "Faster speed and better alignment",
        "Longer lifespan and less maintenance"
      ],
      "correct_answer": "More power and easier servicing"
    },
    {
      "question": "How did the researchers test the feasibility of the uplink method?",
      "options": [
        "Through careful modeling including real-world effects",
        "By launching a satellite immediately",
        "Using only theoretical calculations",
        "By consulting other scientists"
      ],
      "correct_answer": "Through careful modeling including real-world effects"
    },
    {
      "question": "What could the uplink strategy enable beyond current applications?",
      "options": [
        "High-bandwidth connections for quantum computers",
        "Only improved cryptography",
        "Faster internet for homes",
        "Better weather forecasting"
      ],
      "correct_answer": "High-bandwidth connections for quantum computers"
    },
    {
      "question": "What recent satellite achievements are mentioned in the article?",
      "options": [
        "China's Micius and Jinan-1 satellites",
        "NASA's Hubble telescope",
        "SpaceX's Starlink satellites",
        "Europe's Galileo system"
      ],
      "correct_answer": "China's Micius and Jinan-1 satellites"
    },
    {
      "question": "What is proposed as a next step for testing the idea?",
      "options": [
        "Using drones or balloon-mounted receivers",
        "Building a new satellite from scratch",
        "Sending astronauts to space",
        "Developing new ground stations only"
      ],
      "correct_answer": "Using drones or balloon-mounted receivers"
    },
    {
      "question": "What journal published the research?",
      "options": [
        "Physical Review Research",
        "Science Daily",
        "Nature",
        "Journal of Quantum Physics"
      ],
      "correct_answer": "Physical Review Research"
    }
  ],
  "background_read": [
    "Quantum communication involves using quantum mechanics principles, such as entanglement, to transmit information securely. In traditional satellite systems, downlinks send entangled photons from space to Earth, primarily for cryptographic purposes like generating secret keys. However, the uplink approach—sending signals from Earth to satellites—has been overlooked due to technical hurdles like atmospheric distortion and signal attenuation. Recent advances, such as China's satellite missions, have demonstrated downlink capabilities over long distances. The new research shifts focus to uplinks, which could leverage Earth's infrastructure for better performance. This aligns with efforts to create a quantum internet, a global network for quantum computing and communication, requiring higher bandwidth than current cryptographic uses. Understanding these concepts helps appreciate how this discovery could transform future technology."
  ],
  "Article_Structure": [
    "The article presents a breakthrough in quantum communication, with main points including the feasibility of uplink quantum signals from Earth to satellites, advantages of ground-based equipment, and potential for scalable quantum networks. Its purpose is to inform about recent research that challenges previous assumptions and highlights practical applications for future technology. Evidence evaluation shows strong support through detailed modeling by experts, though real-world testing is pending. Author credibility is high, with professors from the University of Technology Sydney publishing in a reputable journal. Methodology involves computer simulations that account for atmospheric and optical factors, providing a theoretical foundation for further experimentation."
  ],
  "perspectives": [
    {
      "perspective": "Technological innovation",
      "description": "This research represents a significant step forward in making quantum communication more practical and scalable for global networks."
    }
  ],
  "image_url": "/article_images/article_e5b4b60bb3b639ef_1a4c91b79337.webp"
}