{
  "title": "Analyzing the Efficacy of Children in Need 2025's Fundraising Campaign",
  "summary": "Children in Need 2025 achieved a significant milestone by raising over £45 million, underscoring its role as a premier charitable event in the UK. The television broadcast featured high-profile appearances from artists such as Lewis Capaldi and personalities from acclaimed shows like Strictly Come Dancing, The Apprentice, and Gladiators, leveraging celebrity influence to amplify fundraising efforts. This annual initiative, orchestrated by the BBC, targets ameliorating issues such as child poverty, health disparities, and educational inequities by channeling resources to a network of partner charities. Beyond mere entertainment, the event serves as a platform for raising public consciousness about systemic challenges facing vulnerable youth, while also critiquing the broader philanthropic landscape. It exemplifies how media conglomerates can harness star power to foster civic engagement, though it necessitates scrutiny regarding the transparency of fund allocation and the long-term sustainability of such charitable models in addressing deep-rooted social problems.",
  "keywords": [
    {
      "term": "philanthropy",
      "explanation": "the practice of donating money and time to promote human welfare"
    },
    {
      "term": "systemic challenges",
      "explanation": "deep-rooted issues in society that affect many people, like poverty or inequality"
    },
    {
      "term": "transparency",
      "explanation": "openness and clarity in how decisions are made and funds are used"
    },
    {
      "term": "sustainability",
      "explanation": "the ability to maintain efforts over time without causing harm"
    },
    {
      "term": "civic engagement",
      "explanation": "participation in activities that improve community well-being"
    },
    {
      "term": "media conglomerate",
      "explanation": "a large company that owns multiple media outlets"
    },
    {
      "term": "fund allocation",
      "explanation": "how money is distributed among different causes or organizations"
    },
    {
      "term": "social equity",
      "explanation": "fairness in access to resources and opportunities for all people"
    },
    {
      "term": "celebrity advocacy",
      "explanation": "when famous individuals promote social or political causes"
    },
    {
      "term": "impact assessment",
      "explanation": "evaluating the effects of an intervention or event"
    },
    {
      "term": "public consciousness",
      "explanation": "collective awareness and understanding of social issues"
    },
    {
      "term": "charitable models",
      "explanation": "structures or methods used in organizing and running charity efforts"
    }
  ],
  "questions": [
    {
      "question": "What was the exact fundraising amount reported for Children in Need 2025?",
      "options": [
        "Over £45 million",
        "Exactly £45 million",
        "Over £50 million",
        "Under £40 million"
      ],
      "correct_answer": "Over £45 million"
    },
    {
      "question": "Which celebrity's involvement was highlighted in the article?",
      "options": [
        "Lewis Capaldi",
        "Beyoncé",
        "David Beckham",
        "Emma Watson"
      ],
      "correct_answer": "Lewis Capaldi"
    },
    {
      "question": "What broader social issues does Children in Need aim to address?",
      "options": [
        "Child poverty and educational inequities",
        "Climate change",
        "Aging population",
        "Technological innovation"
      ],
      "correct_answer": "Child poverty and educational inequities"
    },
    {
      "question": "How does the event utilize media and celebrity influence?",
      "options": [
        "To mobilize public donations and raise awareness",
        "To sell advertising space",
        "To train journalists",
        "To produce documentaries"
      ],
      "correct_answer": "To mobilize public donations and raise awareness"
    },
    {
      "question": "What organization is primarily responsible for organizing Children in Need?",
      "options": [
        "BBC",
        "UNICEF",
        "Red Cross",
        "Save the Children"
      ],
      "correct_answer": "BBC"
    },
    {
      "question": "Why is transparency important in charitable fundraising?",
      "options": [
        "To ensure funds are used effectively and build trust",
        "To increase celebrity appearances",
        "To reduce operational costs",
        "To avoid legal issues"
      ],
      "correct_answer": "To ensure funds are used effectively and build trust"
    },
    {
      "question": "What critical aspect might be lacking in the article's evidence?",
      "options": [
        "Detailed verification of fund distribution",
        "Information on celebrity backgrounds",
        "Historical context of the event",
        "Entertainment value analysis"
      ],
      "correct_answer": "Detailed verification of fund distribution"
    },
    {
      "question": "How does the event contribute to civic engagement?",
      "options": [
        "By encouraging public participation in philanthropy",
        "By promoting political campaigns",
        "By organizing protests",
        "By funding sports events"
      ],
      "correct_answer": "By encouraging public participation in philanthropy"
    },
    {
      "question": "What is a potential limitation of relying on celebrity advocacy?",
      "options": [
        "It may overshadow substantive issues with entertainment",
        "It always guarantees more donations",
        "It reduces media coverage",
        "It eliminates the need for charities"
      ],
      "correct_answer": "It may overshadow substantive issues with entertainment"
    },
    {
      "question": "What methodology did the article likely use to gather information?",
      "options": [
        "Journalistic reporting from event sources",
        "Scientific surveys",
        "Historical archives",
        "Personal interviews only"
      ],
      "correct_answer": "Journalistic reporting from event sources"
    },
    {
      "question": "How can impact assessment improve charitable events?",
      "options": [
        "By evaluating long-term benefits and areas for improvement",
        "By increasing ticket sales",
        "By focusing only on short-term gains",
        "By reducing public awareness"
      ],
      "correct_answer": "By evaluating long-term benefits and areas for improvement"
    },
    {
      "question": "What does 'systemic challenges' refer to in this context?",
      "options": [
        "Deep-rooted issues like poverty affecting children",
        "Temporary problems in TV broadcasting",
        "Individual health issues",
        "Technological failures"
      ],
      "correct_answer": "Deep-rooted issues like poverty affecting children"
    }
  ],
  "background_read": [
    "Children in Need is a longstanding charitable initiative in the UK, established by the BBC to address the needs of disadvantaged children through annual televised events. It has evolved into a major philanthropic endeavor, integrating celebrity performances and public appeals to generate substantial donations. The funds support a wide array of charities focused on areas such as health, education, and welfare, reflecting broader efforts to combat child poverty and inequality. However, the event operates within a complex media and charitable landscape, where issues of transparency, efficiency, and long-term impact are critically examined. Historical context shows its growth from a simple appeal to a multimedia campaign, highlighting trends in public engagement and the ethical considerations of using entertainment for social causes. This background is essential for analyzing its efficacy and societal role."
  ],
  "Article_Structure": [
    "The article outlines main points including the fundraising success of over £45 million, celebrity involvement from figures like Lewis Capaldi and TV stars, and the event's aim to support children's charities addressing poverty and health. Its purpose is to report on the achievement while promoting philanthropic engagement in a broader context of social equity. Evidence evaluation notes the reliance on BBC reporting, which is generally credible but lacks independent verification of fund use, raising questions about source reliability. Author credibility is bolstered by the BBC's reputation, though potential biases towards positive portrayal exist. Methodology involves standard journalistic techniques, such as sourcing from event organizers, but misses in-depth investigative elements. Critical assessment highlights strengths in public mobilization and awareness-raising, but limitations include insufficient detail on fund allocation and long-term impact, suggesting a need for more rigorous analysis."
  ],
  "perspectives": [
    {
      "perspective": "Advocacy perspective",
      "description": "Emphasizes the positive outcomes, such as increased donations and heightened public awareness for children's welfare."
    },
    {
      "perspective": "Skeptical perspective",
      "description": "Questions the efficiency and transparency of fund distribution, and whether the event addresses root causes or merely provides temporary relief."
    }
  ],
  "image_url": "/article_images/article_6bfedb85cd808d50_a87994bfd48c.jpg"
}