{
  "title": "Exploring a Nearby Super-Earth for Signs of Life",
  "summary": "Researchers at the University of California, Irvine have identified an exoplanet named GJ 251 c, located within the habitable zone of its star, where conditions might allow for liquid water—a key ingredient for life. This super-Earth, several times more massive than our planet, orbits an M-dwarf star, which is common in the galaxy but often exhibits stellar activity like flares and starspots that can complicate detection. The team used high-precision instruments such as the Habitable-zone Planet Finder and NEID to measure radial velocity signals, revealing the planet's gravitational influence on its star. Despite challenges from stellar noise, the findings are statistically significant, highlighting GJ 251 c as a prime candidate for future direct imaging with the Thirty Meter Telescope. This telescope, currently in development, could provide clearer insights into the planet's properties, including potential water presence. The discovery underscores advancements in astronomical technology and the importance of continued investment in space research to explore habitable worlds beyond our solar system.",
  "keywords": [
    {
      "term": "exoplanet",
      "explanation": "a planet that orbits a star other than the Sun, often studied for habitability"
    },
    {
      "term": "habitable zone",
      "explanation": "the orbital region around a star where temperatures could support liquid water on a planet's surface"
    },
    {
      "term": "super-Earth",
      "explanation": "a class of exoplanets with masses greater than Earth's but less than ice giants, potentially rocky"
    },
    {
      "term": "M-dwarf star",
      "explanation": "a small, cool type of star that is prevalent in the galaxy and can have high stellar activity"
    },
    {
      "term": "radial velocity method",
      "explanation": "a technique for detecting exoplanets by measuring Doppler shifts in a star's light caused by planetary gravity"
    },
    {
      "term": "direct imaging",
      "explanation": "a method of observing exoplanets directly using telescopes, challenging due to their faintness"
    },
    {
      "term": "stellar activity",
      "explanation": "phenomena like flares and spots on stars that can mimic planetary signals in data"
    },
    {
      "term": "statistical significance",
      "explanation": "a measure in research indicating that results are unlikely due to chance, supporting the validity of findings"
    }
  ],
  "questions": [
    {
      "question": "What is the primary reason GJ 251 c is considered a top target in the search for life?",
      "options": [
        "It is in the habitable zone and close to Earth",
        "It has a large moon",
        "It is made entirely of gas",
        "It orbits a blue giant star"
      ],
      "correct_answer": "A"
    },
    {
      "question": "Which instruments were used to detect GJ 251 c?",
      "options": [
        "Habitable-zone Planet Finder and NEID",
        "Hubble Space Telescope only",
        "Radio telescopes",
        "Solar probes"
      ],
      "correct_answer": "A"
    },
    {
      "question": "What challenge does the M-dwarf star pose in planet detection?",
      "options": [
        "Stellar activity mimics planetary signals",
        "It is too bright",
        "It has no planets",
        "It is too far away"
      ],
      "correct_answer": "A"
    },
    {
      "question": "How far is the host star of GJ 251 c from Earth?",
      "options": [
        "About 18 light-years",
        "About 100 light-years",
        "In another galaxy",
        "In our solar system"
      ],
      "correct_answer": "A"
    },
    {
      "question": "What future telescope is mentioned for direct imaging of the planet?",
      "options": [
        "Thirty Meter Telescope",
        "James Webb Space Telescope",
        "Very Large Telescope",
        "Kepler Telescope"
      ],
      "correct_answer": "A"
    },
    {
      "question": "What does the radial velocity method measure?",
      "options": [
        "Shifts in a star's light due to planet gravity",
        "The color of the planet",
        "The temperature of the star",
        "The size of the planet"
      ],
      "correct_answer": "A"
    },
    {
      "question": "Why is infrared observation helpful in this study?",
      "options": [
        "It reduces interference from stellar activity",
        "It makes stars brighter",
        "It detects radio waves",
        "It measures planet atmospheres directly"
      ],
      "correct_answer": "A"
    },
    {
      "question": "What is the role of computational models in this research?",
      "options": [
        "They help confirm the planet's existence statistically",
        "They build the telescopes",
        "They predict weather on the planet",
        "They communicate with aliens"
      ],
      "correct_answer": "A"
    }
  ],
  "background_read": [
    "Exoplanets are planets that orbit stars beyond our solar system, and their study has expanded rapidly with advances in astronomy. The habitable zone, or Goldilocks zone, is crucial because it defines where liquid water could exist, a prerequisite for life as we understand it. M-dwarf stars are the most common in the Milky Way, but their high activity levels can obscure planetary discoveries. Techniques like the radial velocity method detect planets by observing how they cause their host stars to wobble, while direct imaging aims to capture light from the planets themselves. Upcoming telescopes, such as the Thirty Meter Telescope, promise to enhance our ability to study these distant worlds, driving scientific curiosity about extraterrestrial life and the conditions that support it."
  ],
  "Article_Structure": [
    "The article details the discovery of exoplanet GJ 251 c by UC Irvine astronomers, highlighting its location in the habitable zone and rocky super-Earth classification. Main points include the planet's potential for liquid water and its proximity to Earth, making it ideal for future studies. The purpose is to report on a significant find in astrobiology and promote further research. Evidence comes from radial velocity data using HPF and NEID instruments, which are evaluated as high-precision but challenged by stellar activity from the M-dwarf star. Author credibility is strong, with experts like Paul Robertson and Corey Beard involved in instrument development. Methodology involves computational models and infrared observations to mitigate noise, ensuring statistical significance, though direct imaging with TMT is needed for verification."
  ],
  "perspectives": [
    {
      "perspective": "Astronomical Research",
      "description": "Focuses on advancing knowledge of exoplanets and their habitability through innovative detection methods."
    },
    {
      "perspective": "Technological Innovation",
      "description": "Emphasizes the role of new telescopes and instruments in overcoming observational challenges and expanding scientific capabilities."
    }
  ],
  "image_url": "/article_images/article_cd601c337d21d657_25348dfd4934.webp"
}