{
  "title": "Iga Swiatek's Tennis Journey Begins with a Win",
  "summary": "Iga Swiatek is a top tennis player trying to win all the big tournaments, called the career Grand Slam. She started her journey at the Australian Open, a major tournament in Melbourne. In her first match, she played against Yuan Yue, a player from China. Swiatek did not play perfectly and made many mistakes, but she still won the match with scores of 7-6 and 6-3. She said she was happy because winning when things are tough is good. Other top players like Coco Gauff also won their matches easily. Swiatek knows she needs to improve her serve before her next match. This win helps her get closer to making tennis history.",
  "keywords": [
    {
      "term": "career Grand Slam",
      "explanation": "winning all four major tennis tournaments"
    },
    {
      "term": "Australian Open",
      "explanation": "a big tennis tournament in Australia"
    },
    {
      "term": "serve",
      "explanation": "hitting the ball to start a point in tennis"
    },
    {
      "term": "unforced errors",
      "explanation": "mistakes made by a player without pressure from the opponent"
    },
    {
      "term": "qualifier",
      "explanation": "a player who wins matches to enter a tournament"
    },
    {
      "term": "second round",
      "explanation": "the next stage after winning the first match"
    }
  ],
  "questions": [
    {
      "question": "What is Iga Swiatek trying to achieve in tennis?",
      "options": [
        "Win all major tournaments",
        "Become a coach",
        "Play in the Olympics",
        "Retire early"
      ],
      "correct_answer": "Win all major tournaments"
    },
    {
      "question": "Where did Swiatek play her first match in this article?",
      "options": [
        "Australian Open",
        "French Open",
        "US Open",
        "Wimbledon"
      ],
      "correct_answer": "Australian Open"
    },
    {
      "question": "Who did Swiatek play against in her first match?",
      "options": [
        "Yuan Yue",
        "Coco Gauff",
        "Marie Bouzkova",
        "Amanda Anisimova"
      ],
      "correct_answer": "Yuan Yue"
    },
    {
      "question": "How did Swiatek feel about her win?",
      "options": [
        "Happy because it was tough",
        "Sad because she lost",
        "Angry at her mistakes",
        "Bored with tennis"
      ],
      "correct_answer": "Happy because it was tough"
    },
    {
      "question": "What did Swiatek say she needs to improve?",
      "options": [
        "Her serve",
        "Her running",
        "Her racket",
        "Her shoes"
      ],
      "correct_answer": "Her serve"
    },
    {
      "question": "What is the next stage after the first round?",
      "options": [
        "Second round",
        "Final match",
        "Practice session",
        "Tournament end"
      ],
      "correct_answer": "Second round"
    }
  ],
  "background_read": [
    "Tennis is a sport where players hit a ball over a net. Major tournaments like the Australian Open are called Grand Slams. Players compete to win matches and trophies. Iga Swiatek is a famous player from Poland who has won many big tournaments. In this article, she is trying to win the Australian Open to complete her collection of all four Grand Slams, which is a big achievement in tennis history."
  ],
  "Article_Structure": [
    "WHO: Iga Swiatek, a top tennis player from Poland, and other players like Yuan Yue and Coco Gauff.",
    "WHAT: Swiatek won her first match at the Australian Open but played with mistakes and needs to improve.",
    "WHERE: The match happened at the Australian Open in Melbourne, Australia.",
    "WHY: Swiatek is trying to win all major tournaments to make tennis history."
  ],
  "perspectives": [
    {
      "perspective": "Player's view",
      "description": "Swiatek is happy to win despite challenges and focuses on improvement."
    }
  ],
  "image_url": "/article_images/article_da086f6a45a08fbf_58f499b03ea9.webp"
}