{
  "title": "Evaluating National Security Risks: Pentagon Watchdog's Critique of Hegseth's Signal Communications",
  "summary": "A Pentagon watchdog report, conducted by the Department of Defense's inspector general under a congressional mandate, has concluded that Defense Secretary Pete Hegseth's utilization of the Signal messaging app to discuss a military strike in Yemen posed significant risks to U.S. service members. The investigation determined that the transmitted messages were classified as 'secret/no foreign,' a designation indicating that unauthorized disclosure could reasonably be expected to cause serious damage to national security, particularly by precluding sharing with foreign entities. The incident gained public attention when a journalist was inadvertently added to the chat, which provided sensitive, real-time updates on operations against Houthi militants. This breach not only highlights vulnerabilities in secure communication protocols but also raises critical questions about the adherence to classified information handling standards by high-ranking officials. The report underscores the imperative for robust cybersecurity measures and rigorous oversight in military communications to mitigate threats and uphold strategic integrity.",
  "keywords": [
    {
      "term": "inspector general",
      "explanation": "An autonomous investigative body within federal agencies tasked with auditing and reviewing operations to ensure compliance and prevent misconduct, often reporting to Congress."
    },
    {
      "term": "classified information",
      "explanation": "Sensitive data protected by legal frameworks, with levels such as 'secret' denoting potential severe harm to national interests if compromised, requiring strict access controls."
    },
    {
      "term": "Signal messaging app",
      "explanation": "An end-to-end encrypted platform favored for privacy, but its use in official contexts may conflict with government security protocols designed for classified discussions."
    },
    {
      "term": "Houthi militants",
      "explanation": "A Yemeni insurgent group engaged in protracted conflict, representing a focal point for U.S. military interventions due to regional geopolitical tensions."
    },
    {
      "term": "congressional mandate",
      "explanation": "A legislative requirement that authorizes and directs specific governmental actions, reflecting oversight and accountability mechanisms in democratic governance."
    },
    {
      "term": "national security damage",
      "explanation": "The potential adverse impacts on a country's safety, sovereignty, and interests resulting from security breaches, often involving intelligence or military compromises."
    },
    {
      "term": "communication vulnerabilities",
      "explanation": "Weaknesses in information transmission systems that can be exploited, necessitating advanced encryption and protocol adherence to prevent unauthorized access."
    },
    {
      "term": "accountability frameworks",
      "explanation": "Structured systems within organizations that enforce responsibility for actions, particularly in public office, to maintain trust and operational efficacy."
    },
    {
      "term": "cybersecurity measures",
      "explanation": "Technological and procedural defenses implemented to protect digital information from threats, crucial in military and governmental contexts."
    },
    {
      "term": "operational integrity",
      "explanation": "The maintenance of secure and effective execution of missions, often compromised by lapses in communication or information handling."
    }
  ],
  "questions": [
    {
      "question": "What was the inspector general's primary conclusion regarding Hegseth's actions?",
      "options": [
        "They enhanced operational security",
        "They posed risks to service members",
        "They were compliant with protocols",
        "They had no impact"
      ],
      "correct_answer": "B"
    },
    {
      "question": "How does the 'secret/no foreign' classification affect information sharing?",
      "options": [
        "It allows broad dissemination",
        "It restricts sharing with foreigners due to security risks",
        "It is only for internal use without restrictions",
        "It is obsolete"
      ],
      "correct_answer": "B"
    },
    {
      "question": "What role did Congress play in this investigation?",
      "options": [
        "It conducted the investigation directly",
        "It mandated the inspector general's report",
        "It leaked the chat details",
        "It defended Hegseth's actions"
      ],
      "correct_answer": "B"
    },
    {
      "question": "Why is the accidental inclusion of a journalist significant?",
      "options": [
        "It exposed sensitive operational details",
        "It improved transparency",
        "It was a planned leak",
        "It had no consequences"
      ],
      "correct_answer": "A"
    },
    {
      "question": "What broader issue does this report highlight about government communications?",
      "options": [
        "The need for more app usage",
        "Vulnerabilities in secure protocols",
        "The irrelevance of classification",
        "The benefits of real-time updates"
      ],
      "correct_answer": "B"
    },
    {
      "question": "How might this incident influence future cybersecurity policies?",
      "options": [
        "Lead to stricter encryption standards",
        "Reduce oversight of officials",
        "Encourage more informal chats",
        "Have no effect"
      ],
      "correct_answer": "A"
    },
    {
      "question": "What is a potential limitation of the evidence in this article?",
      "options": [
        "Reliance on a single source who read the report",
        "Direct quotes from Hegseth",
        "Extensive technical details",
        "Lack of congressional input"
      ],
      "correct_answer": "A"
    },
    {
      "question": "How does the article assess author credibility?",
      "options": [
        "By detailing reporter expertise",
        "Through PBS NewsHour's reputation",
        "By citing multiple government sources",
        "It does not address this"
      ],
      "correct_answer": "B"
    },
    {
      "question": "What critical assessment can be made about the methodology?",
      "options": [
        "It uses primary documents extensively",
        "It relies on secondary reporting, which may limit depth",
        "It includes experimental data",
        "It is based on surveys"
      ],
      "correct_answer": "B"
    },
    {
      "question": "What perspective emphasizes the need for improved oversight?",
      "options": [
        "Operational efficiency",
        "Government accountability",
        "Technological innovation",
        "Media freedom"
      ],
      "correct_answer": "B"
    }
  ],
  "background_read": [
    "This article analyzes a Pentagon watchdog report by the inspector general, an entity mandated by Congress to investigate the Department of Defense. The report centers on Defense Secretary Pete Hegseth's use of the Signal app for discussing a classified military strike in Yemen against Houthi militants, groups involved in regional conflicts. Signal offers encryption but may not align with government protocols for 'secret/no foreign' information, which, if disclosed, could severely damage national security. The incident's exposure through a journalist's accidental inclusion raises issues about communication security and official accountability. This context involves understanding classification systems, cybersecurity in military operations, and the role of oversight in democratic institutions. It connects to broader themes of information security, geopolitical strategies in the Middle East, and the balance between operational secrecy and public transparency in governance."
  ],
  "Article_Structure": [
    "The article presents main points on the Pentagon watchdog's finding that Hegseth's Signal chat endangered U.S. personnel by breaching classified protocols, with a purpose to critique security lapses and advocate for accountability. Evidence evaluation notes reliance on the inspector general's report, cited indirectly, which is credible due to its congressional backing but lacks direct access, potentially limiting depth. Author credibility stems from PBS NewsHour's journalistic standards, though specific reporter credentials are not detailed. Methodology involves reporting on investigation outcomes, gathering information from sources familiar with the document, which may introduce secondary bias. Critical assessment highlights strengths in raising public awareness but weaknesses in limited primary evidence and insufficient analysis of broader cybersecurity implications or Hegseth's response."
  ],
  "perspectives": [
    {
      "perspective": "National Security Imperative",
      "description": "Focuses on the critical need to safeguard classified information to prevent operational compromises and protect strategic interests."
    },
    {
      "perspective": "Institutional Accountability",
      "description": "Examines the mechanisms for holding officials responsible for protocol violations, emphasizing transparency and reform."
    }
  ],
  "image_url": "/article_images/article_93c41e59602ea0ff_81743d00e83c.webp"
}