{
  "title": "Decoding Variability in Cold Severity: Cellular Mechanisms and Therapeutic Implications",
  "summary": "This article delves into the biological underpinnings of why rhinovirus infections result in varying cold severities among individuals, emphasizing the pivotal role of early nasal cellular responses. Conducted by researchers at Yale School of Medicine and published in Cell Press Blue, the study employs an organotypic model of human nasal tissue—cultured from stem cells and air-exposed to mimic airway lining—to investigate antiviral defenses. Key findings reveal that upon rhinovirus detection, nasal cells initiate a coordinated interferon-mediated response, wherein interferons activate antiviral pathways in both infected and adjacent cells, effectively curbing viral replication and spread. A rapid interferon onset correlates with mild or asymptomatic outcomes, whereas delayed or inhibited responses lead to extensive viral proliferation, cellular damage, and exacerbated symptoms. Additionally, the research identifies that elevated viral loads trigger alternative pathways, inducing mucus hypersecretion and inflammatory signaling, which contribute to respiratory complications such as those seen in asthma. While the model offers high fidelity to human tissue, it excludes immune cells and environmental factors, presenting limitations for comprehensive understanding. The implications extend to potential therapeutic targets aimed at modulating interferon dynamics to mitigate harmful inflammatory responses while preserving antiviral efficacy. This work underscores the significance of innate cellular immunity in dictating clinical manifestations of rhinovirus infections and informs future strategies for managing respiratory illnesses.",
  "keywords": [
    {
      "term": "rhinovirus",
      "explanation": "a picornavirus predominantly responsible for common colds and exacerbations of respiratory diseases"
    },
    {
      "term": "interferon-mediated response",
      "explanation": "a defense mechanism where interferons induce antiviral states in cells to inhibit viral entry and replication"
    },
    {
      "term": "organotypic model",
      "explanation": "a three-dimensional, lab-derived tissue construct that replicates structural and functional aspects of human organs for experimental study"
    },
    {
      "term": "antiviral pathways",
      "explanation": "biochemical cascades activated in cells to combat viral infections, often involving gene expression changes"
    },
    {
      "term": "mucus hypersecretion",
      "explanation": "an excessive production of mucus triggered by viral activity, leading to airway obstruction"
    },
    {
      "term": "inflammatory signaling",
      "explanation": "molecular processes that initiate and propagate inflammation, potentially causing tissue damage"
    },
    {
      "term": "innate cellular immunity",
      "explanation": "the body's immediate, non-specific defense system at the cellular level against pathogens"
    },
    {
      "term": "therapeutic targets",
      "explanation": "biological molecules or pathways that can be modulated by drugs to treat diseases"
    }
  ],
  "questions": [
    {
      "question": "What journal published the study discussed in this article?",
      "options": [
        "Cell Press Blue",
        "Nature",
        "Science",
        "The Lancet"
      ],
      "correct_answer": "Cell Press Blue"
    },
    {
      "question": "How does the organotypic model enhance virology research compared to conventional methods?",
      "options": [
        "It more accurately reflects human tissue responses",
        "It is cheaper and faster to produce",
        "It uses animal cells exclusively",
        "It eliminates the need for stem cells"
      ],
      "correct_answer": "It more accurately reflects human tissue responses"
    },
    {
      "question": "What is the primary function of interferons in the context of rhinovirus infection?",
      "options": [
        "To coordinate antiviral defenses by inhibiting viral spread",
        "To directly destroy viral particles",
        "To produce antibodies against the virus",
        "To attract neutrophils to the infection site"
      ],
      "correct_answer": "To coordinate antiviral defenses by inhibiting viral spread"
    },
    {
      "question": "What experimental manipulation demonstrated the importance of interferon response?",
      "options": [
        "Blocking cellular sensors for rhinovirus",
        "Increasing viral dosage in the model",
        "Adding immune cells to the tissue",
        "Reducing air exposure during growth"
      ],
      "correct_answer": "Blocking cellular sensors for rhinovirus"
    },
    {
      "question": "What secondary response is triggered by high viral replication?",
      "options": [
        "Mucus production and inflammatory signals",
        "Enhanced interferon secretion only",
        "Apoptosis of all nasal cells",
        "Formation of viral reservoirs"
      ],
      "correct_answer": "Mucus production and inflammatory signals"
    },
    {
      "question": "What limitation does the organoid model have regarding cell diversity?",
      "options": [
        "It includes fewer cell types than in vivo human tissue",
        "It overrepresents immune cell populations",
        "It cannot model any human cell types",
        "It only includes ciliated cells"
      ],
      "correct_answer": "It includes fewer cell types than in vivo human tissue"
    },
    {
      "question": "How might the findings influence future therapeutic approaches?",
      "options": [
        "By targeting interferon pathways to balance defense and inflammation",
        "By developing vaccines that eliminate rhinovirus entirely",
        "By focusing solely on symptomatic relief with antihistamines",
        "By ignoring cellular responses in treatment design"
      ],
      "correct_answer": "By targeting interferon pathways to balance defense and inflammation"
    },
    {
      "question": "What broader health implications does rhinovirus have according to the article?",
      "options": [
        "It exacerbates conditions like asthma and chronic lung diseases",
        "It is harmless and rarely causes symptoms",
        "It only affects children and not adults",
        "It is easily treatable with antibiotics"
      ],
      "correct_answer": "It exacerbates conditions like asthma and chronic lung diseases"
    },
    {
      "question": "What methodology was used to create the nasal tissue model?",
      "options": [
        "Growing nasal stem cells with air exposure for maturation",
        "Harvesting tissue directly from patients",
        "Using computer algorithms to simulate responses",
        "Injecting viruses into animal models"
      ],
      "correct_answer": "Growing nasal stem cells with air exposure for maturation"
    },
    {
      "question": "What critical assessment can be made about the study's evidence?",
      "options": [
        "It is robust but limited by model simplicity and lack of immune context",
        "It is conclusive and applicable to all viral infections",
        "It relies solely on anecdotal data from patients",
        "It disproves all previous research on colds"
      ],
      "correct_answer": "It is robust but limited by model simplicity and lack of immune context"
    }
  ],
  "background_read": [
    "Rhinovirus, a member of the Picornaviridae family, is a leading etiological agent of the common cold and a significant exacerbator of respiratory diseases such as asthma and COPD. Research into its pathogenesis has evolved from animal models to human-relevant systems like organoids, which provide ethical and physiologically accurate platforms for studying host-pathogen interactions. This study leverages such models to dissect the innate immune response, particularly interferon signaling, which is crucial for early viral containment. Understanding these mechanisms is vital for developing targeted interventions, as current treatments often focus on symptom management rather than modulating underlying cellular defenses. The integration of molecular biology, virology, and tissue engineering in this work highlights interdisciplinary approaches in modern biomedical research, with potential translational benefits for improving respiratory health outcomes."
  ],
  "Article_Structure": [
    "Main Points: The article argues that variability in cold severity stems from differential early interferon responses in nasal epithelial cells, with rapid activation limiting infection and delayed responses causing viral spread and inflammation. Purpose: To elucidate cellular mechanisms underlying rhinovirus pathogenesis and identify therapeutic targets for reducing symptom burden in susceptible populations. Evidence Evaluation: The evidence is derived from a sophisticated organotypic model that closely mimics human nasal physiology, providing high internal validity, though external validity is limited by the absence of immune cells and environmental variables. Author Credibility: Authors are affiliated with Yale School of Medicine, a prestigious institution, and have expertise in virology and cellular biology, as evidenced by publication in a peer-reviewed journal. Methodology: The study utilized stem cell-derived nasal organoids, exposed to air to induce maturation, and employed techniques like sensor blocking and single-cell monitoring to analyze interferon dynamics and viral effects. Critical Assessment: Strengths include the model's human relevance and detailed mechanistic insights, while limitations involve the simplified cellular composition and need for in vivo validation; overall, the study advances understanding but requires further research to integrate immune components."
  ],
  "perspectives": [
    {
      "perspective": "Biomedical research perspective",
      "description": "Focuses on mechanistic insights into host-virus interactions and their implications for precision medicine in respiratory diseases."
    }
  ],
  "image_url": "/article_images/article_6000f88b290fdc37_b4009bc58e14.webp"
}