{
  "title": "Cynthia Erivo's Amazing Journey from School Play to MBE Award",
  "summary": "Cynthia Erivo is a famous British actress and singer who just received a special honor called an MBE for her work in music and drama. She started singing when she was only five years old in a school nativity play, where she had a solo that made people happy. As she grew up, she acted in plays like Romeo and Juliet at a young age. Now, she stars in movies like Wicked and has won big awards like a Grammy and Tony. She is close to winning an Oscar too, which would give her all four major awards, called an EGOT. Cynthia did all this without help from her family, as they are not in the entertainment business. Her mother supported her, and she worked hard to prove herself. This story shows how following your dreams and practicing can lead to great success.",
  "keywords": [
    {
      "term": "MBE",
      "explanation": "a special award given by the British government for doing good work"
    },
    {
      "term": "solo",
      "explanation": "singing or performing alone without others"
    },
    {
      "term": "nativity play",
      "explanation": "a school play about the birth of Jesus, often performed at Christmas"
    },
    {
      "term": "awards",
      "explanation": "prizes given for doing something very well"
    },
    {
      "term": "EGOT",
      "explanation": "winning four big awards: Emmy, Grammy, Oscar, and Tony"
    },
    {
      "term": "family",
      "explanation": "parents and siblings who live together"
    }
  ],
  "questions": [
    {
      "question": "What special honor did Cynthia Erivo receive recently?",
      "options": [
        "An MBE",
        "A Grammy",
        "An Oscar",
        "A Tony"
      ],
      "correct_answer": "An MBE"
    },
    {
      "question": "How old was Cynthia when she first sang a solo in a play?",
      "options": [
        "5 years old",
        "10 years old",
        "15 years old",
        "20 years old"
      ],
      "correct_answer": "5 years old"
    },
    {
      "question": "What is the name of the movie Cynthia stars in that earned her a Golden Globe nomination?",
      "options": [
        "Wicked",
        "Romeo and Juliet",
        "Silent Night",
        "The Caucasian Chalk Circle"
      ],
      "correct_answer": "Wicked"
    },
    {
      "question": "What does EGOT stand for in Cynthia's achievements?",
      "options": [
        "Winning Emmy, Grammy, Oscar, and Tony",
        "Winning MBE, Grammy, Oscar, and Tony",
        "Winning Emmy, Grammy, Oscar, and MBE",
        "Winning Emmy, Grammy, Oscar, and a solo"
      ],
      "correct_answer": "Winning Emmy, Grammy, Oscar, and Tony"
    },
    {
      "question": "Did Cynthia's family help her become an actress and singer?",
      "options": [
        "No, they are not in the entertainment business",
        "Yes, they are all actors",
        "No, she had no family",
        "Yes, they gave her money"
      ],
      "correct_answer": "No, they are not in the entertainment business"
    },
    {
      "question": "What did Cynthia's mother do for a job?",
      "options": [
        "Nurse",
        "Teacher",
        "Singer",
        "Actress"
      ],
      "correct_answer": "Nurse"
    }
  ],
  "background_read": [
    "Cynthia Erivo is a talented performer from the UK who started singing as a child and now acts in big movies. She has won many awards and is being recognized for her hard work. This story teaches us about perseverance and achieving dreams without family connections."
  ],
  "Article_Structure": [
    "WHO: Cynthia Erivo, a British actress and singer",
    "WHAT: She received an MBE award and is close to winning an EGOT by achieving success in music and drama",
    "WHERE: She grew up in Stockwell, south London, and performs in the UK and globally",
    "WHY: To show how hard work and talent can lead to honors and awards, inspiring others to follow their passions"
  ],
  "perspectives": [
    {
      "perspective": "Inspirational journey",
      "description": "Cynthia's story motivates people by showing that success is possible through dedication, even without family support."
    }
  ],
  "image_url": "/article_images/article_d615f529d936f58a_2db44b1b387f.webp"
}