{
  "title": "Cynthia Erivo's Path to MBE: From Childhood Performances to EGOT Pursuit",
  "summary": "Cynthia Erivo, a renowned British actress and singer, has been awarded an MBE in the New Year Honours list for her contributions to music and drama, capping off a successful year. Her career began early with a solo performance in a nativity play at age five, where she realized the impact of her voice. She continued acting in youth productions, such as a musical version of The Caucasian Chalk Circle at 11 and Romeo and Juliet at 15, though she initially doubted a professional future. Now, Erivo stars in the film Wicked: For Good, earning her fifth Golden Globe nomination and potentially a fourth Oscar nod. She has already won a Grammy, daytime Emmy, and Tony, placing her one Oscar away from achieving EGOT status—a rare feat in entertainment. Notably, Erivo accomplished this without industry or family connections, as her parents immigrated from Nigeria and her father cut contact during her teens. Raised by her nurse mother in Stockwell, London, she used her talent to prove her worth and overcome personal challenges. This article highlights her resilience, artistic dedication, and the significance of her honors in recognizing diverse achievements in the arts.",
  "keywords": [
    {
      "term": "MBE",
      "explanation": "Member of the Order of the British Empire, an honor awarded for outstanding service to the UK"
    },
    {
      "term": "EGOT",
      "explanation": "acronym for winning an Emmy, Grammy, Oscar, and Tony, representing top awards in television, music, film, and theater"
    },
    {
      "term": "nativity play",
      "explanation": "a theatrical performance depicting the birth of Jesus, common in schools during Christmas"
    },
    {
      "term": "Golden Globe nomination",
      "explanation": "a recognition for excellence in film and television, awarded by the Hollywood Foreign Press Association"
    },
    {
      "term": "immigrated",
      "explanation": "moved to a new country to live permanently, as Erivo's parents did from Nigeria to the UK"
    },
    {
      "term": "resilience",
      "explanation": "the ability to recover from difficulties and keep going, shown by Erivo in her career"
    },
    {
      "term": "youth production",
      "explanation": "a play or performance involving young actors, often in community or school settings"
    },
    {
      "term": "industry connections",
      "explanation": "professional relationships or family ties that can help advance a career in entertainment"
    }
  ],
  "questions": [
    {
      "question": "What award did Cynthia Erivo receive in the New Year Honours list?",
      "options": [
        "MBE",
        "Grammy",
        "Oscar",
        "Tony"
      ],
      "correct_answer": "MBE"
    },
    {
      "question": "At what age did Cynthia first perform a solo in a nativity play?",
      "options": [
        "5",
        "11",
        "15",
        "20"
      ],
      "correct_answer": "5"
    },
    {
      "question": "Which film has earned Cynthia a Golden Globe nomination recently?",
      "options": [
        "Wicked: For Good",
        "Romeo and Juliet",
        "The Caucasian Chalk Circle",
        "Silent Night"
      ],
      "correct_answer": "Wicked: For Good"
    },
    {
      "question": "How many major awards does Cynthia need to win to achieve EGOT status?",
      "options": [
        "One (Oscar)",
        "Two (Emmy and Oscar)",
        "Three (Grammy, Oscar, Tony)",
        "Four (all of them)"
      ],
      "correct_answer": "One (Oscar)"
    },
    {
      "question": "What is a key factor mentioned about Cynthia's background in achieving success?",
      "options": [
        "She had no industry or family connections",
        "Her parents were famous actors",
        "She received financial support from her family",
        "She studied at a prestigious arts school"
      ],
      "correct_answer": "She had no industry or family connections"
    },
    {
      "question": "Where did Cynthia grow up with her mother and sister?",
      "options": [
        "Stockwell, south London",
        "Nigeria",
        "New York City",
        "Los Angeles"
      ],
      "correct_answer": "Stockwell, south London"
    },
    {
      "question": "What did Cynthia say about her father during her teenage years?",
      "options": [
        "He cut off all contact when she was 16",
        "He supported her career fully",
        "He was a musician who taught her singing",
        "He moved back to Nigeria"
      ],
      "correct_answer": "He cut off all contact when she was 16"
    },
    {
      "question": "What does the article suggest about Cynthia's motivation for her career?",
      "options": [
        "She wanted to prove she was loveable and good enough",
        "She was pressured by her family to succeed",
        "She only cared about winning awards",
        "She wanted to become a nurse like her mother"
      ],
      "correct_answer": "She wanted to prove she was loveable and good enough"
    }
  ],
  "background_read": [
    "Cynthia Erivo is a prominent figure in the entertainment industry, known for her roles in theater and film. The MBE is a British honor recognizing significant contributions, while EGOT is a prestigious milestone in show business. Her journey from a child performer to an award-winning star illustrates themes of perseverance and breaking barriers without nepotism. Understanding her Nigerian heritage and upbringing in London adds context to her achievements and the challenges she overcame."
  ],
  "Article_Structure": [
    "Main Points: The article details Cynthia Erivo's receipt of an MBE for services to music and drama, her early start in performing from age five, her current success in Wicked with award nominations, and her pursuit of EGOT status. Purpose: To highlight Erivo's inspirational career path, emphasizing her achievements without family connections and her resilience in overcoming personal challenges. Evidence Evaluation: The article uses quotes from Erivo and references to specific awards and performances, providing credible sources like The Guardian and BBC, but lacks statistical data or independent verification. Author Credibility: As a BBC Entertainment article, it likely has editorial standards, but the author is not named, so expertise is assumed rather than proven. Methodology: Information is gathered from interviews with Erivo, public records of awards, and historical accounts of her career, presented in a narrative format."
  ],
  "perspectives": [
    {
      "perspective": "Overcoming adversity",
      "description": "Erivo's success despite lack of connections and family issues shows how talent and determination can triumph in competitive industries."
    }
  ],
  "image_url": "/article_images/article_d615f529d936f58a_2db44b1b387f.webp"
}