{
  "title": "Unprecedented Medical Evacuation from ISS: Implications for Space Mission Safety",
  "summary": "Nasa has initiated an early return for Crew-11 from the International Space Station, abbreviating their six-month mission by one month due to a serious medical condition affecting an unspecified astronaut. This decision, announced by Nasa Administrator Jared Isaacman, represents the first instance of an early evacuation in the ISS's operational history since 2000, underscoring the agency's prioritization of crew health over mission objectives. The medical condition is described as stable and unrelated to space operations or injuries, with privacy protocols preventing disclosure of further details. Crew-11 comprises Nasa astronauts Zena Cardman and Mike Fincke, JAXA astronaut Kimiya Yui, and Russian cosmonaut Oleg Platonov, who launched aboard a SpaceX Crew Dragon in August. One American astronaut will remain aboard with two Russian cosmonauts, maintaining a reduced crew size. The ISS is equipped with basic medical infrastructure and secure communication systems for Earth-based teleconsultations, facilitating remote health management. Early return may delay scientific experiments and maintenance tasks, as noted by space scientist Dr. Simeon Barber, highlighting operational dependencies on crew availability. This event prompts critical examination of long-duration spaceflight health protocols and contingency planning within Nasa's framework.",
  "keywords": [
    {
      "term": "early evacuation",
      "explanation": "the proactive termination of a space mission ahead of schedule for medical or safety reasons"
    },
    {
      "term": "teleconsultations",
      "explanation": "remote medical consultations using communication technology, employed for astronaut health monitoring"
    },
    {
      "term": "contingency planning",
      "explanation": "strategic preparations for unexpected events, such as medical emergencies in space"
    },
    {
      "term": "crew health prioritization",
      "explanation": "the ethical and operational emphasis on astronaut well-being over mission deliverables"
    },
    {
      "term": "operational dependencies",
      "explanation": "the reliance of ISS functions, like experiments, on adequate crew presence and availability"
    },
    {
      "term": "privacy protocols",
      "explanation": "established rules to safeguard personal health information, particularly in high-profile contexts"
    },
    {
      "term": "long-duration spaceflight",
      "explanation": "extended missions in space, which pose unique health risks requiring advanced medical support"
    },
    {
      "term": "SpaceX Crew Dragon",
      "explanation": "a commercial spacecraft used for transporting astronauts to the ISS"
    },
    {
      "term": "microgravity research",
      "explanation": "scientific studies conducted in low-gravity environments, potentially impacted by crew changes"
    },
    {
      "term": "international collaboration",
      "explanation": "the cooperative effort among global space agencies, exemplified by the ISS partnership"
    }
  ],
  "questions": [
    {
      "question": "What historical significance does Crew-11's early return hold?",
      "options": [
        "First early evacuation for medical reasons in ISS history",
        "First use of SpaceX for medical emergencies",
        "First cancellation of a spacewalk",
        "First joint mission with JAXA"
      ],
      "correct_answer": "First early evacuation for medical reasons in ISS history"
    },
    {
      "question": "How does Nasa handle medical privacy in this situation?",
      "options": [
        "By not disclosing the astronaut's name or condition",
        "By releasing all details publicly",
        "By consulting only family members",
        "By ignoring privacy concerns"
      ],
      "correct_answer": "By not disclosing the astronaut's name or condition"
    },
    {
      "question": "What spacecraft did Crew-11 use to reach the ISS?",
      "options": [
        "SpaceX Crew Dragon",
        "Soyuz",
        "Space Shuttle",
        "Orion"
      ],
      "correct_answer": "SpaceX Crew Dragon"
    },
    {
      "question": "What is the potential impact of reduced crew size on the ISS?",
      "options": [
        "Delays in experiments and maintenance",
        "Increased efficiency",
        "Enhanced safety protocols",
        "Reduced communication with Earth"
      ],
      "correct_answer": "Delays in experiments and maintenance"
    },
    {
      "question": "Which official emphasized the non-emergency nature of the return?",
      "options": [
        "A Nasa official",
        "Dr. James Polk",
        "Jared Isaacman",
        "Dr. Simeon Barber"
      ],
      "correct_answer": "A Nasa official"
    },
    {
      "question": "What role do communication systems play in astronaut health management?",
      "options": [
        "Enable secure teleconsultations with Earth doctors",
        "Broadcast health updates to the public",
        "Monitor space weather",
        "Control life support systems"
      ],
      "correct_answer": "Enable secure teleconsultations with Earth doctors"
    },
    {
      "question": "How does this event relate to long-duration spaceflight challenges?",
      "options": [
        "Highlights health risks and need for robust medical protocols",
        "Shows technical failures are common",
        "Indicates political tensions in space",
        "Suggests reduced interest in space exploration"
      ],
      "correct_answer": "Highlights health risks and need for robust medical protocols"
    },
    {
      "question": "What is Dr. Simeon Barber's concern regarding the early return?",
      "options": [
        "Delays in experiments and tasks due to crew reduction",
        "Increased costs for Nasa",
        "Safety risks for remaining astronauts",
        "Damage to ISS equipment"
      ],
      "correct_answer": "Delays in experiments and tasks due to crew reduction"
    },
    {
      "question": "Which aspect of the medical condition is specified as not related?",
      "options": [
        "Space operations or injuries",
        "Pre-existing conditions",
        "Mental health issues",
        "Dietary problems"
      ],
      "correct_answer": "Space operations or injuries"
    },
    {
      "question": "What does this incident suggest about Nasa's operational philosophy?",
      "options": [
        "Prioritizes astronaut health over mission goals",
        "Focuses solely on scientific output",
        "Ignores contingency planning",
        "Relies on international partners for all decisions"
      ],
      "correct_answer": "Prioritizes astronaut health over mission goals"
    }
  ],
  "background_read": [
    "The International Space Station serves as a microgravity laboratory for advancing scientific knowledge and testing technologies for future deep-space missions. Astronauts face unique health challenges, including muscle atrophy, bone density loss, and psychological stress, necessitating comprehensive medical support systems. Nasa's health protocols involve pre-mission screenings, in-flight monitoring, and post-return evaluations, with telemedicine enabling real-time interventions. This early evacuation incident raises questions about the adequacy of current medical infrastructure on the ISS and the balance between operational demands and crew welfare. It also reflects broader trends in space exploration, such as increased reliance on commercial partners like SpaceX and the evolving nature of international cooperation in space agencies. Understanding these dynamics is crucial for assessing the sustainability of long-term human presence in space."
  ],
  "Article_Structure": [
    "Main Points: Nasa's decision to end Crew-11's mission early due to a serious medical condition highlights unprecedented health-driven evacuation from the ISS, with implications for mission safety and operational continuity. Purpose: To analyze the event within the context of spaceflight health management, emphasizing Nasa's ethical commitment to crew well-being and the logistical challenges of early returns. Evidence Evaluation: Sources include official Nasa statements and expert commentary, providing credible but limited evidence due to privacy constraints; further independent verification is needed for comprehensive assessment. Author Credibility: The BBC leverages access to Nasa officials, but the article lacks deep investigative reporting, relying on surface-level announcements. Methodology: Based on press conference disclosures and secondary analysis from space scientists, offering a descriptive rather than analytical approach. Critical Assessment: Strengths include timely reporting and highlighting key issues, but limitations involve insufficient detail on medical protocols and potential biases towards Nasa's narrative without critical counterpoints."
  ],
  "perspectives": [
    {
      "perspective": "Ethical Prioritization",
      "description": "Nasa's action reflects an ethical framework that values human life over mission success, prompting debate on resource allocation in space exploration."
    }
  ],
  "image_url": "/article_images/article_837224d29f156249_1d7360028267.webp"
}