{
  "title": "Remembering Andrew Ranken: The Pogues' Founding Drummer",
  "summary": "Andrew Ranken, the drummer and founding member of the London-based band The Pogues, has passed away at 72. The band announced his death in an online statement, describing him as the heartbeat of the group and expressing gratitude for his friendship, wit, and musical contributions. Ranken played a key role in the band's formation in 1982 and performed on iconic tracks such as Fairytale of New York and Dirty Old Town, showcasing his skills on drums, percussion, harmonica, and vocals. His nickname, The Clobberer, reflected his energetic style. The Pogues' lineup during their peak included notable members like the late singer Shane MacGowan and Spider Stacy, with Ranken being integral to their sound. The statement also extended condolences to his family during this difficult time. This news highlights Ranken's lasting impact on the music scene, particularly in blending punk and Irish folk influences, and serves as a tribute to his legacy within the band and broader entertainment community.",
  "keywords": [
    {
      "term": "founding member",
      "explanation": "an original member who helped establish the band from its inception"
    },
    {
      "term": "percussion",
      "explanation": "instruments like drums that are struck to produce rhythm in music"
    },
    {
      "term": "iconic tracks",
      "explanation": "songs that are widely recognized and represent the band's success"
    },
    {
      "term": "lineup",
      "explanation": "the group of members in a band at a particular time"
    },
    {
      "term": "legacy",
      "explanation": "the lasting influence or memory left by someone after their death"
    }
  ],
  "questions": [
    {
      "question": "What did The Pogues call Andrew Ranken in their statement?",
      "options": [
        "heartbeat of The Pogues",
        "best performer",
        "new recruit",
        "silent partner"
      ],
      "correct_answer": "heartbeat of The Pogues"
    },
    {
      "question": "Which instruments did Andrew Ranken play for The Pogues?",
      "options": [
        "drums, harmonica, and vocals",
        "guitar and piano",
        "violin and flute",
        "saxophone and trumpet"
      ],
      "correct_answer": "drums, harmonica, and vocals"
    },
    {
      "question": "In what year was The Pogues formed?",
      "options": [
        "1982",
        "1990",
        "1978",
        "1985"
      ],
      "correct_answer": "1982"
    },
    {
      "question": "What was Andrew Ranken's nickname?",
      "options": [
        "The Clobberer",
        "The Maestro",
        "The Star",
        "The Pioneer"
      ],
      "correct_answer": "The Clobberer"
    },
    {
      "question": "Which song is NOT mentioned as one Andrew Ranken played on?",
      "options": [
        "Dirty Old Town",
        "Fairytale of New York",
        "Happy Together",
        "All are mentioned"
      ],
      "correct_answer": "Happy Together"
    },
    {
      "question": "What genre did The Pogues blend in their music?",
      "options": [
        "punk and Irish folk",
        "rock and pop",
        "jazz and blues",
        "classical and electronic"
      ],
      "correct_answer": "punk and Irish folk"
    },
    {
      "question": "Who was another key member of The Pogues mentioned in the article?",
      "options": [
        "Shane MacGowan",
        "Elton John",
        "Taylor Swift",
        "Bob Dylan"
      ],
      "correct_answer": "Shane MacGowan"
    },
    {
      "question": "How did the band describe Andrew Ranken's personal qualities?",
      "options": [
        "friendship, wit, and generosity",
        "shyness and quietness",
        "anger and frustration",
        "laziness and carelessness"
      ],
      "correct_answer": "friendship, wit, and generosity"
    }
  ],
  "background_read": [
    "The Pogues are a British band formed in 1982, known for their unique fusion of punk rock and traditional Irish folk music. This style, often called Celtic punk, gained popularity in the 1980s and 1990s, with Andrew Ranken as a founding drummer contributing to their rhythmic drive. Bands like The Pogues often face member changes and losses, impacting their dynamics and fan base. Understanding the role of drummers in music involves recognizing how they set the tempo and energy, with Ranken's nickname The Clobberer hinting at his powerful playing. The music industry frequently commemorates artists through statements and tributes, as seen here, to preserve their cultural significance."
  ],
  "Article_Structure": [
    "Main Points: The article reports the death of Andrew Ranken, highlighting his role as a founding drummer for The Pogues, his contributions to iconic songs, and the band's tribute describing him as their heartbeat. Purpose: To inform the public about Ranken's passing and celebrate his musical legacy, while providing context on his impact within the band. Evidence Evaluation: The information is based on an official band statement, which is a credible primary source, but lacks external verification or detailed biographical data. Author Credibility: The BBC is a reputable news organization, ensuring factual reporting, though the article is brief and may omit deeper analysis. Methodology: The article gathers details from the band's announcement and historical context about The Pogues, presenting a straightforward news report without original research."
  ],
  "perspectives": [
    {
      "perspective": "Cultural Impact",
      "description": "Andrew Ranken's work with The Pogues helped shape a genre that influenced later musicians and fans."
    }
  ],
  "image_url": "/article_images/article_c753c610fa138b98_69ff31b3a672.webp"
}