{
  "title": "New Music Stars Nominated for Brits Award",
  "summary": "Three new music artists, Sienna Spiro, Jacob Alon, and Rose Gray, have been chosen as nominees for the Brits Critics' Choice Award in 2026. This award helps find and celebrate up-and-coming talent in the music industry, picked by experts. The winner will be announced in January, before the big Brit Awards show in Manchester in February. Past winners include famous singers like Adele and Sam Fender. Rose Gray is excited and says this will help more people discover her music. She has already released an album and performed with other popular bands. Sienna Spiro was so surprised by the nomination that she didn't know what to say. This award is a big chance for these artists to become more well-known and share their music with the world.",
  "keywords": [
    {
      "term": "nominees",
      "explanation": "people chosen for an award or prize"
    },
    {
      "term": "award",
      "explanation": "a prize given to someone for doing something good"
    },
    {
      "term": "talent",
      "explanation": "natural skill or ability in something like music"
    },
    {
      "term": "panel",
      "explanation": "a group of experts who make decisions together"
    },
    {
      "term": "ceremony",
      "explanation": "a special event where awards are given out"
    },
    {
      "term": "album",
      "explanation": "a collection of songs released together"
    }
  ],
  "questions": [
    {
      "question": "What is the name of the award the artists are nominated for?",
      "options": [
        "Brits Critics' Choice Award",
        "Brits Rising Star Award",
        "Music Talent Award",
        "Best New Artist Award"
      ],
      "correct_answer": "Brits Critics' Choice Award"
    },
    {
      "question": "How many artists are nominated for the award in 2026?",
      "options": [
        "Two",
        "Three",
        "Four",
        "Five"
      ],
      "correct_answer": "Three"
    },
    {
      "question": "When will the winner be announced?",
      "options": [
        "In December",
        "In January",
        "In February",
        "In March"
      ],
      "correct_answer": "In January"
    },
    {
      "question": "Where is the Brit Awards ceremony being held in 2026?",
      "options": [
        "London",
        "Manchester",
        "Birmingham",
        "Liverpool"
      ],
      "correct_answer": "Manchester"
    },
    {
      "question": "Which famous singer is a past winner of this award?",
      "options": [
        "Taylor Swift",
        "Adele",
        "Beyoncé",
        "Ed Sheeran"
      ],
      "correct_answer": "Adele"
    },
    {
      "question": "What did Rose Gray release to start her career?",
      "options": [
        "A single",
        "An album",
        "A music video",
        "A concert"
      ],
      "correct_answer": "An album"
    }
  ],
  "background_read": [
    "The Brits Critics' Choice Award is a music prize in the UK that helps new artists become famous. It started in 2008 and has winners like Adele. Artists are picked by music experts. The award is part of the Brit Awards, a big music show. This helps young musicians get noticed and share their songs with more people."
  ],
  "Article_Structure": [
    "WHO: Sienna Spiro, Jacob Alon, and Rose Gray, three new music artists",
    "WHAT: They are nominated for the Brits Critics' Choice Award in 2026",
    "WHERE: The award ceremony will be in Manchester, UK",
    "WHY: To showcase up-and-coming talent and help them become more popular"
  ],
  "perspectives": [
    {
      "perspective": "Artist Excitement",
      "description": "Rose Gray feels happy and sees the nomination as a chance to reach new fans and make more music."
    }
  ],
  "image_url": "/article_images/article_c43d79e1355233a3_ea546ccd3af0.webp"
}