{
  "articles": [
    {
      "id": "f6e26a17db212dac",
      "title": "Legacy of Sophie Kinsella: Author Remembered for Grace and Impact",
      "summary": "Sophie Kinsella, the pseudonym for Madeleine Sophie Wickham, author of the internationally acclaimed Shopaholic series, has succumbed to glioblastoma at 55, a diagnosis she disclosed in 2024 dating back to 2022. The article memorializes her through poignant tributes from literary contemporaries and associates, portraying her as a figure of grace and warmth. Jojo Moyes, a close friend for two decades, lauds Kinsella's humility and intelligence, while Jodi Picoult and Adele Parks echo sentiments of loss and admiration. Jenny Colgan and Isla Fisher contribute personal reflections, linking Kinsella's persona to her humorous and endearing characters. Kinsella's commercial success is underscored by sales exceeding 50 million copies across 60+ countries and translations into 40+ languages, cementing her influence in contemporary fiction. The narrative not only reports her passing but also contextualizes her cultural significance, illustrating how her work resonated with a global audience. The family's heartfelt statement adds a personal dimension to the public mourning. This coverage aims to honor her memory, emphasizing the emotional connections forged through her writing and the enduring legacy she leaves in the literary world.",
      "source": "BBC Entertainment",
      "time_ago": "11 hours ago",
      "image_url": "/article_images/article_f6e26a17db212dac_ff1b8d1a5b04.webp",
      "category": "Fun"
    },
    {
      "id": "9297561fb1d86a9d",
      "title": "Analyzing the Implications of a Gender-Based Tennis Exhibition",
      "summary": "In a recent BBC Sport feature, Aryna Sabalenka, the reigning women's tennis world number one, asserts that the upcoming 'Battle of the Sexes' exhibition match with Nick Kyrgios will not detrimentally affect women's sport. Scheduled for December in Dubai, this event revives historical gender competitions in tennis, with Sabalenka emphasizing its entertainment value and lack of risk to her professional standing. Concurrently, Kyrgios, the 2022 Wimbledon finalist, confronts significant criticism for his participation, rooted in his 2021 guilty plea for assaulting an ex-girlfriend and a pattern of comments widely regarded as misogynistic. Sabalenka's stance highlights a strategic effort to normalize such exhibitions while safeguarding the progress of women's tennis. The article delves into the complex interplay of sportsmanship, gender representation, and athlete accountability, presenting Sabalenka's optimism against a backdrop of public skepticism. It underscores broader societal debates on how sports media handles controversial figures and the potential impacts on fan perception and institutional integrity. Through this lens, the match serves as a case study in modern sports ethics, balancing spectacle with substantive discussion on equality and conduct in professional athletics.",
      "source": "BBC Tennis",
      "time_ago": "11 hours ago",
      "image_url": "/article_images/article_9297561fb1d86a9d_db8d0ae74139.webp",
      "category": "Fun"
    },
    {
      "id": "ff83a2162d26823b",
      "title": "An Analysis of Corporate Sponsorship and Progress in Women's Tennis: Insights from Billie Jean King",
      "summary": "Billie Jean King, an iconic figure in tennis with 39 Grand Slam victories and foundational role in establishing the Women's Tennis Association (WTA), articulates that the WTA's recent billion-dollar sponsorship agreement with Mercedes-Benz exemplifies the tour's pioneering status in women's sports. This deal, amounting to one billion dollars, represents a substantial economic injection that enhances the WTA's operational capacities, tournament prestige, and athlete support systems. King's commentary, rooted in her decades of advocacy for gender equity, underscores the strategic importance of corporate partnerships in advancing women's tennis. By framing this sponsorship as evidence of leadership, she highlights the WTA's efforts to navigate and shape the sports landscape, where financial backing correlates with increased visibility and competitive parity. The analysis extends to broader implications for women's sports, suggesting that such investments challenge historical disparities and foster a more inclusive athletic environment. King's perspective serves as a catalyst for discussions on the intersection of sports economics, gender dynamics, and organizational innovation, emphasizing the need for sustained commitment to elevate women's athletics globally.",
      "source": "BBC Tennis",
      "time_ago": "11 hours ago",
      "image_url": "/article_images/article_ff83a2162d26823b_a00218fdfc97.webp",
      "category": "Fun"
    },
    {
      "id": "fe9def5eb809cce6",
      "title": "Corporate Acquisition Battle: Netflix's Strategic Bid for Warner Bros Amid Allegations of Favoritism",
      "summary": "Netflix is positioned as the frontrunner in acquiring Warner Bros Discovery's film and streaming segments, having submitted a bid of $28 per share, surpassing competitors such as Comcast and Paramount Skydance. This development follows Paramount's initial $24 per share offer for the entirety of Warner Bros, including cable assets like CNN, which was rejected, prompting Warner Bros to initiate a sale. Paramount has escalated its bid to approximately $27 per share and formally challenged the sale process, alleging it exhibits favoritism toward Netflix and constitutes a 'myopic process with a predetermined outcome.' Warner Bros' portfolio includes iconic franchises such as Harry Potter and Game of Thrones, alongside the streaming platform HBO Max, making it a highly coveted asset. Investment strategist Emma Wall analyzes the strategic distinctions: Netflix's proposal targets only lucrative divisions, whereas Paramount's encompasses less profitable sectors, potentially explaining the contentious dynamics. The acquisition, if realized, could consolidate significant market power, raising antitrust concerns that may invoke scrutiny from US competition regulators to assess implications for global broadcast entertainment dominance and shareholder equity.",
      "source": "BBC Entertainment",
      "time_ago": "5 days ago",
      "image_url": "/article_images/article_fe9def5eb809cce6_e6654a301252.webp",
      "category": "Fun"
    },
    {
      "id": "ae44b0785eaeb867",
      "title": "Ethical and Commercial Implications of AI in Bookselling: Waterstones' Strategic Position",
      "summary": "In a BBC interview, James Daunt, CEO of Waterstones, articulated a nuanced position regarding artificial intelligence-generated books, stating the chain would stock such works if clearly labeled and driven by consumer demand, while expressing personal doubt about their imminent viability. Daunt, a seasoned bookselling executive, emphasized that Waterstones currently utilizes AI for logistical optimization but instinctively resists incorporating AI-generated content into retail offerings, adhering to a model where publishers dictate inventory. He underscored Waterstones' operational philosophy, which decentralizes decision-making to store managers to cultivate community-specific curation, with corporate support focused on supply chain efficiency. The article contextualizes this within broader publishing industry discourse, where AI proliferation has ignited contentious debates over authorship, intellectual property, and economic sustainability. A University of Cambridge report reveals significant author anxieties, with over 50% fearing obsolescence and two-thirds citing unauthorized use of their oeuvre in training large language models. Conversely, some authors leverage AI for research and editorial functions, and Daunt acknowledged the theoretical potential for AI to produce seminal literature given substantial tech investments. This analysis explores the dichotomy between technological advancement and traditional creative values, assessing implications for bookselling ethics and market dynamics.",
      "source": "BBC Entertainment",
      "time_ago": "6 days ago",
      "image_url": "/article_images/article_ae44b0785eaeb867_c80d57a180ba.webp",
      "category": "Fun"
    },
    {
      "id": "4848eced00bb74e7",
      "title": "Euphoria Season 3: Narrative Evolution and Production Complexities",
      "summary": "Sam Levinson, the creator of HBO's critically acclaimed drama Euphoria, has unveiled preliminary details for the highly anticipated third season, scheduled for release in April next year following a production hiatus exceeding four years. The series, renowned for its gritty exploration of adolescent and young adult issues such as drug addiction, sexual identity, and societal pressures, features a prominent ensemble cast including Zendaya, Sydney Sweeney, and Jacob Elordi. Levinson announced a narrative time jump of five years, positioning the characters in early adulthood, with Rue grappling with debt in Mexico, Cassie and Nate navigating an engagement amid social media-driven insecurities, Jules pursuing art school, Maddy entrenched in Hollywood's talent industry, and Lexi serving as an assistant to a showrunner portrayed by Sharon Stone. Newcomers Rosalía and Trisha Paytas will integrate into this evolved timeline. However, the season's development has been marred by significant obstacles: the tragic death of actor Angus Cloud, who played Fezco, and Hollywood labor strikes precipitated delays, raising questions about narrative adjustments. Additionally, cast departures, such as Barbie Ferreira's exit, further complicate the creative landscape. Levinson asserts this season represents the series' pinnacle, yet it must contend with the legacy of his prior project, The Idol, which faced severe criticism.",
      "source": "BBC Entertainment",
      "time_ago": "6 days ago",
      "image_url": "/article_images/article_4848eced00bb74e7_71ba8b0797c9.webp",
      "category": "Fun"
    }
  ]
}