{
  "articles": [
    {
      "id": "48c6863cecf4d4a3",
      "title": "Obesity as a Catalyst for Alzheimer's Pathogenesis: Insights from Blood Biomarker Dynamics",
      "summary": "This groundbreaking study demonstrates that obesity acts as a significant accelerator of Alzheimer's disease pathogenesis, as evidenced by longitudinal analysis of blood biomarkers. Utilizing data from the Alzheimer's Disease Neuroimaging Initiative over five years, researchers examined 407 participants, integrating amyloid PET imaging with plasma assays for biomarkers including pTau217, neurofilament light chain (NfL), and glial fibrillary acidic protein (GFAP). Statistical analyses revealed a complex interaction: baseline obesity was associated with lower initial biomarker levels, potentially due to hemodilution effects, but longitudinal trends showed dramatic accelerations—up to 95% for pTau217 ratios—in obese individuals compared to non-obese controls. The study further established that blood-based biomarkers offered superior sensitivity to PET scans in detecting obesity's influence on Alzheimer's-related changes. These findings underscore obesity as a modifiable risk factor, suggesting that interventions targeting metabolic health could decelerate neurodegenerative progression and enhance diagnostic precision through non-invasive blood testing.",
      "source": "Science Daily",
      "time_ago": "19 hours ago",
      "image_url": "/article_images/article_48c6863cecf4d4a3_1a0ea614e0d3.webp",
      "category": "Science"
    },
    {
      "id": "b531ecc1358ae992",
      "title": "Archaeological Breakthrough: Neanderthals' Mastery of Fire 400,000 Years Ago",
      "summary": "A groundbreaking archaeological study at Barnham, Suffolk, England, has uncovered the oldest definitive evidence of human-controlled fire, dating to approximately 400,000 years ago, attributed to Neanderthals. The site features heat-reddened clayey silt, transformed into hematite through repeated firing, alongside fire-cracked flint handaxes and pyrite fragments—a mineral absent locally but integral to Stone Age fire-starting kits. Led by British Museum archaeologist Rob Davis, the research employs chemical sediment analysis to demonstrate that Neanderthals not only utilized fire but possessed the technological capability to generate and regulate it intentionally. This discovery situates Barnham as a pivotal location for understanding hominin behavioral evolution, contrasting with earlier evidence from sites like Koobi Fora and Swartkrans, where hominins such as Homo erectus exploited wildfires over a million years ago without evidence of ignition control. The camp, situated by a stream-fed pond in a forest-grassland mosaic, provided a sheltered environment where fire facilitated domestic activities, tool production (e.g., hafted weapons), and crucially, social cohesion through evening gatherings that may have spurred language and mythological development. Fire's role as a catalyst for human advancement is emphasized, enabling cooked diets, extended socialization, and complex societal networks, thereby shaping cognitive and cultural trajectories. The findings challenge previous timelines and underscore the methodological rigor required in archaeology to interpret ephemeral fire residues, contributing to broader discourses on technological innovation and hominin adaptability.",
      "source": "Ars Science",
      "time_ago": "20 hours ago",
      "image_url": "/article_images/article_b531ecc1358ae992_c711221685d7.webp",
      "category": "Science"
    },
    {
      "id": "b1aa5ec1b41bb0b6",
      "title": "Reevaluating Deep Ocean Carbon Fixation: A Decadal Investigation into Microbial Processes",
      "summary": "A groundbreaking study by researchers at UC Santa Barbara, published in Nature Geoscience, challenges conventional paradigms regarding dissolved inorganic carbon (DIC) fixation in the deep ocean. The ocean serves as a critical planetary carbon sink, sequestering approximately one-third of anthropogenic carbon dioxide emissions, with microbial processes playing a pivotal role in carbon cycling. Historically, it was posited that autotrophic archaea, utilizing chemolithoautotrophic pathways such as ammonia oxidation, were the primary agents of DIC fixation in aphotic zones. However, empirical data revealed a persistent discrepancy: measured carbon fixation rates exceeded the theoretical energy budget derived from available nitrogen sources, indicating an incomplete understanding of underlying mechanisms. Over nearly a decade, the research team, including microbial oceanographer Alyson Santoro and lead author Barbara Bayer, systematically investigated this anomaly. Previous hypotheses, such as enhanced microbial efficiency, were disproven, leading to a novel experimental approach. Bayer designed a targeted inhibition strategy using phenylacetylene to specifically suppress ammonia-oxidizing archaeal activity in deep ocean samples. Contrary to expectations, this intervention did not result in a significant reduction in DIC fixation, suggesting that alternative microbial taxa or metabolic pathways, possibly involving heterotrophic or mixotrophic processes, may contribute substantially. This research not only addresses a long-standing gap in biogeochemical models but also underscores the complexity of marine carbon sequestration, with implications for refining climate projections and understanding ocean resilience to anthropogenic pressures. Supported by the National Science Foundation, the study exemplifies interdisciplinary collaboration in advancing oceanographic science.",
      "source": "Science Daily",
      "time_ago": "21 hours ago",
      "image_url": "/article_images/article_b1aa5ec1b41bb0b6_f1011f212291.webp",
      "category": "Science"
    },
    {
      "id": "96c8865e32b31124",
      "title": "Deconstructing Ice Giants: A Critical Analysis of Uranus and Neptune's Interior Composition",
      "summary": "A groundbreaking study from the University of Zurich deconstructs the conventional ice giant paradigm for Uranus and Neptune, proposing that their interiors may be significantly rockier than previously assumed. Researchers developed an agnostic simulation framework that integrates physics-based constraints with empirical data to generate unbiased density profiles, which are iteratively refined against gravitational field observations. This methodology reveals that both planets could plausibly exhibit water-dominated or rock-dominated structures, challenging the oversimplified ice giant classification. The findings provide mechanistic insights into the anomalous non-dipolar magnetic fields of Uranus and Neptune, attributing them to ionic water layers that generate magnetic dynamos at varying depths. Despite these advances, the study underscores substantial uncertainties due to limited understanding of material behavior under extreme planetary conditions, advocating for dedicated space missions to acquire definitive data. This research not only redefines interior models but also highlights critical gaps in planetary science, emphasizing the need for interdisciplinary approaches to resolve compositional ambiguities and enhance our comprehension of ice giant evolution and dynamics.",
      "source": "Science Daily",
      "time_ago": "21 hours ago",
      "image_url": "/article_images/article_96c8865e32b31124_363acdee231f.webp",
      "category": "Science"
    },
    {
      "id": "df375e79f657c6e1",
      "title": "Judicial Scrutiny of Executive Authority: Court Invalidates Trump's Wind Power Moratorium Under APA Standards",
      "summary": "In a significant legal decision, US District Court Judge Patti Saris vacated an executive order by President Trump that imposed a moratorium on offshore and onshore wind power development on federal lands and waters. The order, issued on Trump's inaugural day, suspended all permitting pending a comprehensive assessment, but after 10 months, agencies had minimally progressed, offering only the order itself as justification. Plaintiffs, including 17 states and the Alliance for Clean Energy New York, sued under the Administrative Procedures Act (APA), alleging the suspension was arbitrary and capricious. Judge Saris addressed threshold issues of standing, ruling states demonstrated appreciable harm through lost tax revenues, increased energy costs, and impeded climate goals, and she dismissed the government's claim that the suspension wasn't a final decision. On the merits, she rejected the defense that agencies merely complied with presidential directives, citing circuit court precedent that such reasoning would exempt agencies from APA scrutiny whenever the president acts. The ruling underscores that executive orders must be accompanied by reasoned agency explanations, not blind adherence. While it doesn't mandate immediate project approvals, it establishes a legal framework for future litigation, highlighting tensions between presidential authority and administrative law. This case reflects broader debates on environmental policy, judicial review, and the limits of executive power in the context of climate change mitigation.",
      "source": "Ars Science",
      "time_ago": "1 day ago",
      "image_url": "/article_images/article_df375e79f657c6e1_f23f261830cd.webp",
      "category": "Science"
    },
    {
      "id": "4bb5f0e3e9a065db",
      "title": "Advancing a Fentanyl Vaccine: Clinical Trials and Immunological Strategies",
      "summary": "The escalating fentanyl crisis, characterized by its role as the primary driver of overdose deaths in the United States, particularly among adults aged 18 to 45, has spurred innovative biomedical responses. ARMR Sciences, under CEO Collin Gage, is pioneering a vaccine designed to prophylactically neutralize fentanyl by eliciting a robust antibody response. This vaccine employs a conjugate strategy, pairing a fentanyl-like hapten with a carrier protein—a deactivated diphtheria toxin—to overcome the immunological challenge posed by fentanyl's small molecular size. An adjuvant derived from E.coli enhances immunogenicity, a technological advancement critical to recent progress. Preclinical studies in rats demonstrated efficacy, blocking 92-98% of fentanyl from crossing the blood-brain barrier and preventing behavioral effects for at least 20 weeks, suggesting potential long-term protection in humans. A Phase 1/2 clinical trial in the Netherlands, scheduled for early 2026, will assess safety and immunogenicity in human subjects. This approach contrasts with current pharmacotherapies like Naloxone, which are reactionary, and represents a paradigm shift towards preventive intervention in substance use disorders. If successful, it could mitigate the public health burden of opioid overdoses and inform future vaccine development for other addictive substances.",
      "source": "Ars Science",
      "time_ago": "7 days ago",
      "image_url": "/article_images/article_4bb5f0e3e9a065db_0660d34a8674.webp",
      "category": "Science"
    }
  ]
}