{
  "articles": [
    {
      "id": "51d4389191988317",
      "title": "Deconstructing the Evolution of 'Battle of the Sexes' in Tennis: From Activism to Spectacle",
      "summary": "This article examines the nuanced distinctions between Billie Jean King's historic 1973 'Battle of the Sexes' match against Bobby Riggs and the upcoming exhibition between Aryna Sabalenka and Nick Kyrgios, framed within the same terminology. King, a pivotal figure in the women's rights movement, articulates that her match was intrinsically linked to social change, addressing gender inequalities in sports during a transformative cultural period. In contrast, she characterizes the Sabalenka-Kyrgios encounter as devoid of such significance, merely constituting entertainment. The analysis delves into structural differences: King's match adhered to standard best-of-five sets without modifications, symbolizing a straightforward challenge to sexism, whereas the contemporary event incorporates adjusted rules, such as a reduced court size for Sabalenka based on performance data, reflecting ongoing debates about biological disparities. King's critique underscores a broader discourse on the commodification of gender dynamics in sports, where initial activist endeavors evolve into commercialized spectacles. This raises critical questions about the representation of women's athletics, the dilution of feminist messages, and the intersection of sports with societal values, highlighting how historical context shapes the perception and impact of such events.",
      "source": "BBC Tennis",
      "time_ago": "6 hours ago",
      "image_url": "/article_images/article_51d4389191988317_98a5e4543272.webp",
      "category": "Fun"
    },
    {
      "id": "2857df8829dad7ba",
      "title": "Billie Jean King on the Sociopolitical Legacy of the 1973 Battle of the Sexes",
      "summary": "In an interview with BBC Tennis, tennis legend Billie Jean King articulates a nuanced distinction between her historic 1973 'Battle of the Sexes' triumph over Bobby Riggs and an upcoming exhibition match featuring Aryna Sabalenka and Nick Kyrgios. King posits that her victory was intrinsically linked to broader sociopolitical movements for gender equality, serving as a pivotal moment that challenged entrenched gender stereotypes and galvanized support for women's rights in sports and society. She contends that the contemporary match, while potentially engaging, operates within a markedly different context where women's tennis has achieved greater parity and recognition, thus diminishing its capacity for analogous transformative impact. King further reflects on the progressive trajectory of women's tennis, acknowledging advancements while underscoring persistent inequities. This analysis delves into the intersection of athletics and activism, examining how King's legacy continues to inform discussions on gender dynamics in professional sports.",
      "source": "BBC Tennis",
      "time_ago": "6 hours ago",
      "image_url": "/article_images/article_2857df8829dad7ba_25230d6b6945.webp",
      "category": "Fun"
    },
    {
      "id": "a62701cbfb0d91dc",
      "title": "Geopolitical Tensions Escalate as Iceland Boycotts Eurovision 2026 Over Israeli Participation",
      "summary": "Iceland has officially joined a coalition of five nations—Spain, Ireland, Slovenia, and the Netherlands—in boycotting the 2026 Eurovision Song Contest, a decision driven by Israel's confirmed participation amidst the ongoing war in Gaza. Stefan Eiriksson, director-general of Icelandic broadcaster RÚV, articulated that the contest currently lacks peace and joy, prompting Iceland's withdrawal. RÚV emphasized that Israel's involvement has fostered disunity within the European Broadcasting Union (EBU) and the public, undermining the celebratory nature of the 70th anniversary edition. The boycott was ratified just prior to the participation deadline, following EBU approval of new voting integrity measures designed to address concerns about manipulation and bias. However, Iceland remains skeptical about the efficacy of these adjustments, having previously advocated for Israel's exclusion based on precedents. Eurovision director Martin Green acknowledged the boycott with respect while expressing hope for future reintegration. This incident highlights broader geopolitical conflicts infiltrating cultural spheres, as accusations of Israeli government influence in voting processes compound tensions. The EBU's decision to tie Israel's participation to rule changes rather than outright exclusion reflects complex diplomatic negotiations within international broadcasting frameworks.",
      "source": "BBC Entertainment",
      "time_ago": "18 hours ago",
      "image_url": "/article_images/article_a62701cbfb0d91dc_ba8cfd8be965.webp",
      "category": "Fun"
    },
    {
      "id": "f6e26a17db212dac",
      "title": "Legacy of Sophie Kinsella: Author Remembered for Grace and Impact",
      "summary": "Sophie Kinsella, the pseudonym for Madeleine Sophie Wickham, author of the internationally acclaimed Shopaholic series, has succumbed to glioblastoma at 55, a diagnosis she disclosed in 2024 dating back to 2022. The article memorializes her through poignant tributes from literary contemporaries and associates, portraying her as a figure of grace and warmth. Jojo Moyes, a close friend for two decades, lauds Kinsella's humility and intelligence, while Jodi Picoult and Adele Parks echo sentiments of loss and admiration. Jenny Colgan and Isla Fisher contribute personal reflections, linking Kinsella's persona to her humorous and endearing characters. Kinsella's commercial success is underscored by sales exceeding 50 million copies across 60+ countries and translations into 40+ languages, cementing her influence in contemporary fiction. The narrative not only reports her passing but also contextualizes her cultural significance, illustrating how her work resonated with a global audience. The family's heartfelt statement adds a personal dimension to the public mourning. This coverage aims to honor her memory, emphasizing the emotional connections forged through her writing and the enduring legacy she leaves in the literary world.",
      "source": "BBC Entertainment",
      "time_ago": "19 hours ago",
      "image_url": "/article_images/article_f6e26a17db212dac_ff1b8d1a5b04.webp",
      "category": "Fun"
    },
    {
      "id": "9297561fb1d86a9d",
      "title": "Analyzing the Implications of a Gender-Based Tennis Exhibition",
      "summary": "In a recent BBC Sport feature, Aryna Sabalenka, the reigning women's tennis world number one, asserts that the upcoming 'Battle of the Sexes' exhibition match with Nick Kyrgios will not detrimentally affect women's sport. Scheduled for December in Dubai, this event revives historical gender competitions in tennis, with Sabalenka emphasizing its entertainment value and lack of risk to her professional standing. Concurrently, Kyrgios, the 2022 Wimbledon finalist, confronts significant criticism for his participation, rooted in his 2021 guilty plea for assaulting an ex-girlfriend and a pattern of comments widely regarded as misogynistic. Sabalenka's stance highlights a strategic effort to normalize such exhibitions while safeguarding the progress of women's tennis. The article delves into the complex interplay of sportsmanship, gender representation, and athlete accountability, presenting Sabalenka's optimism against a backdrop of public skepticism. It underscores broader societal debates on how sports media handles controversial figures and the potential impacts on fan perception and institutional integrity. Through this lens, the match serves as a case study in modern sports ethics, balancing spectacle with substantive discussion on equality and conduct in professional athletics.",
      "source": "BBC Tennis",
      "time_ago": "19 hours ago",
      "image_url": "/article_images/article_9297561fb1d86a9d_db8d0ae74139.webp",
      "category": "Fun"
    },
    {
      "id": "ff83a2162d26823b",
      "title": "An Analysis of Corporate Sponsorship and Progress in Women's Tennis: Insights from Billie Jean King",
      "summary": "Billie Jean King, an iconic figure in tennis with 39 Grand Slam victories and foundational role in establishing the Women's Tennis Association (WTA), articulates that the WTA's recent billion-dollar sponsorship agreement with Mercedes-Benz exemplifies the tour's pioneering status in women's sports. This deal, amounting to one billion dollars, represents a substantial economic injection that enhances the WTA's operational capacities, tournament prestige, and athlete support systems. King's commentary, rooted in her decades of advocacy for gender equity, underscores the strategic importance of corporate partnerships in advancing women's tennis. By framing this sponsorship as evidence of leadership, she highlights the WTA's efforts to navigate and shape the sports landscape, where financial backing correlates with increased visibility and competitive parity. The analysis extends to broader implications for women's sports, suggesting that such investments challenge historical disparities and foster a more inclusive athletic environment. King's perspective serves as a catalyst for discussions on the intersection of sports economics, gender dynamics, and organizational innovation, emphasizing the need for sustained commitment to elevate women's athletics globally.",
      "source": "BBC Tennis",
      "time_ago": "19 hours ago",
      "image_url": "/article_images/article_ff83a2162d26823b_a00218fdfc97.webp",
      "category": "Fun"
    }
  ]
}