{
  "articles": [
    {
      "id": "f6e26a17db212dac",
      "title": "Tributes Pour in for Author Sophie Kinsella",
      "summary": "Sophie Kinsella, renowned for her bestselling Shopaholic series, has died at the age of 55 after being diagnosed with an aggressive form of brain cancer, glioblastoma, in 2022. Tributes from fellow authors and colleagues highlight her character as a 'wonderful, warm woman.' Jojo Moyes, author of Me Before You, described Kinsella as incredibly kind and smart, noting that she carried her success lightly. Other notable figures like Jodi Picoult and Adele Parks expressed their sorrow and celebrated her contributions to literature. Kinsella's literary achievements are significant, with over 50 million copies sold globally, translated into more than 40 languages, and available in over 60 countries. The article includes personal anecdotes, such as from actress Isla Fisher who starred in the film adaptation, Confessions of a Shopaholic, emphasizing Kinsella's impact beyond books. Her family issued a statement expressing their heartbreak. This report serves to commemorate her life and legacy, showcasing the respect and affection she garnered in the literary community and among readers worldwide.",
      "source": "BBC Entertainment",
      "time_ago": "11 hours ago",
      "image_url": "/article_images/article_f6e26a17db212dac_ff1b8d1a5b04.webp",
      "category": "Fun"
    },
    {
      "id": "9297561fb1d86a9d",
      "title": "Debate Over Gender Match in Tennis",
      "summary": "Aryna Sabalenka, the women's world number one in tennis, is set to participate in a 'Battle of the Sexes' exhibition match against Nick Kyrgios in Dubai this December. In a BBC Sport interview, Sabalenka expresses confidence that this event poses no risk to her career or to women's sport as a whole. She views it as an opportunity to showcase tennis and engage fans. On the other hand, Kyrgios, a men's tennis player and former Wimbledon runner-up, faces criticism for his involvement due to his controversial past. He has admitted to assaulting an ex-girlfriend in 2021 and has made comments perceived as misogynistic. Despite this, Kyrgios responds to the backlash, emphasizing his participation. The article highlights the ongoing discussion about gender dynamics in sports, with Sabalenka defending the match's integrity while acknowledging the broader societal issues. The match is presented as a spectacle that could either promote tennis or spark debate over athlete behavior and representation.",
      "source": "BBC Tennis",
      "time_ago": "11 hours ago",
      "image_url": "/article_images/article_9297561fb1d86a9d_db8d0ae74139.webp",
      "category": "Fun"
    },
    {
      "id": "ff83a2162d26823b",
      "title": "Billie Jean King Highlights Progress in Women's Tennis with Billion-Dollar Sponsorship",
      "summary": "Billie Jean King, a legendary tennis player with 39 Grand Slam titles and founder of the Women's Tennis Association (WTA), emphasizes that the WTA's recent billion-dollar sponsorship deal with Mercedes-Benz demonstrates the tour's leadership in women's sports. This agreement, valued at one billion dollars, is a significant financial boost that enhances the visibility and resources available for women's tennis. King's perspective, based on her extensive experience and advocacy, underscores the progress made in gender equality within sports. The deal not only provides funding for tournaments and player development but also signals growing corporate confidence in women's athletics. By highlighting this achievement, King aims to inspire continued support and investment in women's tennis, reinforcing its role as a pioneer in promoting female athletes and challenging traditional sports dynamics. Her comments reflect a broader trend of increasing recognition and opportunities for women in sports globally.",
      "source": "BBC Tennis",
      "time_ago": "11 hours ago",
      "image_url": "/article_images/article_ff83a2162d26823b_a00218fdfc97.webp",
      "category": "Fun"
    },
    {
      "id": "fe9def5eb809cce6",
      "title": "Netflix Leads Bid for Warner Bros Amid Corporate Battle",
      "summary": "Netflix is close to acquiring Warner Bros Discovery's film and streaming divisions, outbidding rivals like Comcast and Paramount Skydance with an offer of $28 per share. Paramount had previously bid $24 per share for the entire company, including cable networks like CNN, but was rejected, leading Warner Bros to put itself up for sale. Paramount has since raised its bid to around $27 per share and criticized the sale process as unfair, alleging favoritism toward Netflix. Warner Bros owns major franchises such as Harry Potter and Game of Thrones, along with HBO Max. An investment strategist notes that Netflix's bid targets only profitable segments, while Paramount's includes less profitable parts, sparking a public dispute. The potential deal could create a dominant global entertainment entity, likely attracting scrutiny from US competition regulators to ensure market fairness.",
      "source": "BBC Entertainment",
      "time_ago": "5 days ago",
      "image_url": "/article_images/article_fe9def5eb809cce6_e6654a301252.webp",
      "category": "Fun"
    },
    {
      "id": "ae44b0785eaeb867",
      "title": "Waterstones Considers AI-Generated Books Amid Industry Debate",
      "summary": "James Daunt, the CEO of Waterstones, stated in a BBC interview that the bookstore chain would consider stocking books created using artificial intelligence, provided they are clearly labeled and if there is customer demand. However, he expressed personal skepticism, noting that most AI-generated content currently lacks the quality suitable for sale. Daunt emphasized that Waterstones primarily sells what publishers produce, but the company instinctively avoids AI content in stores. He highlighted Waterstones' success stems from empowering individual store managers to tailor selections to their communities, with head office focusing on logistics like timely book deliveries. The article discusses broader industry tensions: an explosion in AI use has sparked debate, with many authors fearing job displacement and unauthorized use of their work to train AI models. A University of Cambridge report found over half of authors worry about being replaced by AI, and two-thirds report their work was used without permission. Conversely, some writers utilize AI for research or editing, and Daunt acknowledged that massive tech investments might eventually produce high-quality AI literature, though he doubts booksellers would prominently feature such works.",
      "source": "BBC Entertainment",
      "time_ago": "6 days ago",
      "image_url": "/article_images/article_ae44b0785eaeb867_c80d57a180ba.webp",
      "category": "Fun"
    },
    {
      "id": "4848eced00bb74e7",
      "title": "Euphoria Season 3: Character Updates and Production Challenges",
      "summary": "Sam Levinson, the creator of HBO's drama Euphoria, has revealed details about the upcoming third season, set to air in April next year after a hiatus of over four years. The show follows young adults navigating issues such as drug addiction, relationships, and crime, with a cast including Zendaya, Sydney Sweeney, and Jacob Elordi. New additions like Rosalía and Trisha Paytas will join the storyline, which jumps five years forward to explore the characters' adult lives. Levinson shared that Rue is in Mexico dealing with debt, Cassie and Nate are engaged but struggling with social media envy, Jules is in art school, Maddy works in Hollywood, and Lexi assists a showrunner. However, production faced delays due to Hollywood strikes and the tragic death of actor Angus Cloud, who played Fezco, and it's unclear how his absence will impact the plot. Some cast members, like Barbie Ferreira, are not returning, adding to the changes for this season.",
      "source": "BBC Entertainment",
      "time_ago": "6 days ago",
      "image_url": "/article_images/article_4848eced00bb74e7_71ba8b0797c9.webp",
      "category": "Fun"
    }
  ]
}