{
  "title": "How a Small Mistake Can Break Super-Safe Quantum Codes",
  "summary": "Quantum key distribution (QKD) is a super-secure way to send secret messages using the rules of quantum physics. It lets two people make a secret key even if someone is spying. The cool part is that if a spy tries to listen in, it messes up the signals, and the users can see errors that warn them. But there's a problem called pointing error, which happens when the sender and receiver aren't lined up perfectly. This can be caused by things like shaking or air moving. Scientists studied this issue and found that pointing error makes the system less reliable. They used math to understand how it affects the key generation. Their results show that bigger misalignments lead to more errors and slower key creation. Sometimes, having different levels of misalignment in different directions can actually help a bit. To keep communication secure, they might need to send more light particles. This research helps make quantum codes stronger by fixing small mistakes.",
  "keywords": [
    {
      "term": "Quantum key distribution",
      "explanation": "A way to send secret messages using quantum physics rules."
    },
    {
      "term": "Pointing error",
      "explanation": "When the sender and receiver aren't perfectly lined up."
    },
    {
      "term": "Secret key",
      "explanation": "A special code that only the sender and receiver know."
    },
    {
      "term": "Errors",
      "explanation": "Mistakes in the signals that can warn about spying."
    },
    {
      "term": "Misalignment",
      "explanation": "Not being lined up correctly."
    },
    {
      "term": "Key generation",
      "explanation": "Making the secret code."
    }
  ],
  "questions": [
    {
      "question": "What is quantum key distribution used for?",
      "options": [
        "Sending secret messages",
        "Playing games",
        "Watching videos",
        "Cooking food"
      ],
      "correct_answer": "Sending secret messages"
    },
    {
      "question": "What happens if a spy tries to listen in on QKD?",
      "options": [
        "Errors appear to warn users",
        "Nothing happens",
        "The message gets louder",
        "The system shuts down"
      ],
      "correct_answer": "Errors appear to warn users"
    },
    {
      "question": "What is pointing error?",
      "options": [
        "When sender and receiver aren't lined up",
        "A typing mistake",
        "A computer virus",
        "A broken wire"
      ],
      "correct_answer": "When sender and receiver aren't lined up"
    },
    {
      "question": "What can cause pointing error?",
      "options": [
        "Shaking or air moving",
        "Too much sunlight",
        "Loud noises",
        "Cold weather"
      ],
      "correct_answer": "Shaking or air moving"
    },
    {
      "question": "What did scientists find about pointing error?",
      "options": [
        "It makes the system less reliable",
        "It makes the system faster",
        "It has no effect",
        "It makes colors brighter"
      ],
      "correct_answer": "It makes the system less reliable"
    },
    {
      "question": "How can they keep communication secure with pointing error?",
      "options": [
        "Send more light particles",
        "Use a bigger screen",
        "Turn off the system",
        "Ignore the errors"
      ],
      "correct_answer": "Send more light particles"
    }
  ],
  "background_read": [
    "Quantum key distribution is like a super-secure lock for messages, using tiny particles of light. It's important for keeping information safe from hackers. Pointing error is a small mistake that can happen when devices aren't aligned, similar to how a flashlight might not point straight. Scientists study this to make sure our secret codes stay strong, even with little errors. This helps protect things like bank information or private chats online."
  ],
  "Article_Structure": [
    "WHO: Scientists and researchers studying quantum key distribution.",
    "WHAT: They found that pointing error, a misalignment issue, can weaken quantum encryption systems.",
    "WHERE: In optical wireless communication systems used for secure messaging.",
    "WHY: To understand and fix flaws to make quantum codes more reliable and secure."
  ],
  "perspectives": [
    {
      "perspective": "Scientific View",
      "description": "Focuses on using math and experiments to improve security by studying errors."
    }
  ],
  "image_url": "/article_images/article_9a08384cce4ca204_2df1dc4abaab.webp"
}