{
  "title": "Shein's Boss Talks About His Chinese Roots",
  "summary": "The founder of Shein, a big fashion company, gave a rare speech in China. He talked about how Shein started in China and is investing a lot of money there to make clothes faster and better. Shein helps create many jobs in China. The boss said China's support is important for Shein's success. Even though Shein has moved its main office to Singapore and wants to sell shares in other countries, he still feels connected to China. This speech was shared online and in the news, which is unusual because he doesn't speak in public often. Shein sells clothes all over the world but faces some problems because of trade rules.",
  "keywords": [
    {
      "term": "Shein",
      "explanation": "a big fashion company that sells clothes online"
    },
    {
      "term": "founder",
      "explanation": "the person who started the company"
    },
    {
      "term": "investing",
      "explanation": "putting money into something to make it better"
    },
    {
      "term": "jobs",
      "explanation": "work that people do to earn money"
    },
    {
      "term": "China",
      "explanation": "a country where Shein began"
    },
    {
      "term": "speech",
      "explanation": "talking to a group of people about ideas"
    }
  ],
  "questions": [
    {
      "question": "Who gave a rare public speech?",
      "options": [
        "Shein's founder",
        "A teacher",
        "A government official",
        "A customer"
      ],
      "correct_answer": "Shein's founder"
    },
    {
      "question": "Where did Shein's boss give his speech?",
      "options": [
        "In China",
        "In Singapore",
        "In the US",
        "In London"
      ],
      "correct_answer": "In China"
    },
    {
      "question": "What is Shein investing money in?",
      "options": [
        "Making clothes faster in China",
        "Building schools",
        "Selling food",
        "Making cars"
      ],
      "correct_answer": "Making clothes faster in China"
    },
    {
      "question": "Why is Shein's boss's speech unusual?",
      "options": [
        "He doesn't speak in public often",
        "He always gives speeches",
        "He only talks to friends",
        "He doesn't like China"
      ],
      "correct_answer": "He doesn't speak in public often"
    },
    {
      "question": "What does Shein help create in China?",
      "options": [
        "Jobs",
        "New cities",
        "Toys",
        "Books"
      ],
      "correct_answer": "Jobs"
    },
    {
      "question": "Where has Shein moved its main office?",
      "options": [
        "Singapore",
        "China",
        "The US",
        "London"
      ],
      "correct_answer": "Singapore"
    }
  ],
  "background_read": [
    "Shein is a fast-fashion company that makes trendy clothes quickly and sells them online. It started in China and has grown to sell in many countries. The founder, Xu Yangtian, rarely appears in public. In his speech, he talked about investing in China to improve how clothes are made and create jobs. This is important because Shein faces challenges from trade rules between countries."
  ],
  "Article_Structure": [
    "WHO: Shein's founder, Xu Yangtian",
    "WHAT: He gave a rare speech in China about investing money and staying connected to China",
    "WHERE: In Guangdong, China",
    "WHY: To show Shein's roots in China and its plans to improve fashion production there"
  ],
  "perspectives": [
    {
      "perspective": "Business Growth",
      "description": "Shein's boss highlights how China's support helps the company grow and create jobs."
    }
  ],
  "image_url": "/article_images/article_d7e392e9a2c2e3d5_c822d6aedcca.webp"
}