{
  "title": "Xu Yangtian's Rare Public Address: Navigating Geopolitical Tensions Through Chinese Investment",
  "summary": "In a rare public appearance, Xu Yangtian, the founder of Shein, delivered a speech at the High-quality Development Conference in Guangzhou, Guangdong, strategically reaffirming the company's deep-rooted connections to China. He announced a substantial 10 billion yuan investment aimed at establishing a high-tech fashion hub in Guangdong, a region integral to Shein's fast-fashion supply chain due to its dense industrial ecosystem. Xu explicitly praised the Chinese government and local officials for fostering a 'world-class business environment' and a 'complete industrial ecosystem,' crediting these factors with Shein's ability to support over 600,000 jobs in the area. This address occurs against a backdrop of Shein's deliberate corporate shifts, including relocating its headquarters to Singapore and pursuing dual stock market listings in New York and London, which reflect efforts to mitigate geopolitical risks and enhance global market access. The speech, widely disseminated on Chinese social media and covered by local news, serves as a calculated public relations maneuver to bolster Shein's image amid increasing Western scrutiny of Chinese firms, particularly concerning trade policies such as US measures targeting low-value parcels that directly impact Shein's export model. Xu's emphasis on digital services and efficiency improvements underscores Shein's adaptation strategies in a volatile international trade landscape, highlighting the complex interplay between national allegiance and corporate globalization.",
  "keywords": [
    {
      "term": "Xu Yangtian",
      "explanation": "the elusive founder and CEO of Shein, also known as Sky or Chris Xu, who rarely engages in public discourse"
    },
    {
      "term": "high-tech fashion hub",
      "explanation": "an advanced manufacturing center in Guangdong leveraging technology to optimize Shein's fast-fashion production and supply chain efficiency"
    },
    {
      "term": "industrial ecosystem",
      "explanation": "the interconnected network of factories, suppliers, logistics, and services in Guangdong that enables Shein's rapid turnaround from design to sale"
    },
    {
      "term": "geopolitical tensions",
      "explanation": "the strained relations between China and Western countries, influencing trade policies and corporate strategies for firms like Shein"
    },
    {
      "term": "stock market listings",
      "explanation": "Shein's plans for initial public offerings in New York and London to raise capital and increase global investor confidence amid regulatory challenges"
    },
    {
      "term": "scrutiny",
      "explanation": "the intensified examination and criticism faced by Chinese companies in Western markets due to concerns over trade practices and political affiliations"
    },
    {
      "term": "trade policies",
      "explanation": "governmental regulations, such as US measures on low-value parcels, that affect cross-border commerce and pose risks to Shein's business model"
    },
    {
      "term": "public relations maneuver",
      "explanation": "a strategic communication effort, like Xu's speech, designed to shape public perception and reinforce Shein's ties to China"
    },
    {
      "term": "supply chain",
      "explanation": "the process of producing and distributing goods, which Shein is enhancing in Guangdong through digitalization and investment"
    },
    {
      "term": "corporate globalization",
      "explanation": "Shein's expansion into over 160 countries, balanced with maintaining operational and political roots in China"
    }
  ],
  "questions": [
    {
      "question": "What is the primary purpose of Xu Yangtian's speech according to the analysis?",
      "options": [
        "To reaffirm Shein's Chinese ties amid geopolitical tensions",
        "To announce a new product launch",
        "To criticize Western trade policies",
        "To promote a merger with another company"
      ],
      "correct_answer": "To reaffirm Shein's Chinese ties amid geopolitical tensions"
    },
    {
      "question": "How does Shein's investment in Guangdong relate to its global strategy?",
      "options": [
        "It strengthens the supply chain while navigating international risks",
        "It reduces reliance on Chinese manufacturing",
        "It focuses solely on local sales",
        "It ignores trade policy impacts"
      ],
      "correct_answer": "It strengthens the supply chain while navigating international risks"
    },
    {
      "question": "What challenge does Shein face from US trade policies?",
      "options": [
        "Measures affecting low-value parcel exports",
        "High tariffs on Chinese imports",
        "Bans on fast-fashion products",
        "Restrictions on digital services"
      ],
      "correct_answer": "Measures affecting low-value parcel exports"
    },
    {
      "question": "Why is Xu Yangtian's public appearance considered rare?",
      "options": [
        "He maintains a low public profile despite global expansion",
        "He frequently gives speeches",
        "He only appears in Western media",
        "He avoids business conferences"
      ],
      "correct_answer": "He maintains a low public profile despite global expansion"
    },
    {
      "question": "What does Xu credit for Shein's success in Guangdong?",
      "options": [
        "The region's industrial ecosystem and business environment",
        "Singapore's corporate laws",
        "US market access",
        "London's financial services"
      ],
      "correct_answer": "The region's industrial ecosystem and business environment"
    },
    {
      "question": "How many jobs does Shein support in Guangdong according to Xu?",
      "options": [
        "Over 600,000",
        "Approximately 300,000",
        "Less than 100,000",
        "None, as jobs are outsourced"
      ],
      "correct_answer": "Over 600,000"
    },
    {
      "question": "Where is Shein pursuing stock market listings?",
      "options": [
        "New York and London",
        "Singapore and Beijing",
        "Tokyo and Paris",
        "Hong Kong and Shanghai"
      ],
      "correct_answer": "New York and London"
    },
    {
      "question": "What is the significance of Shein's headquarters move to Singapore?",
      "options": [
        "It reflects efforts to mitigate geopolitical risks",
        "It indicates a shift away from fast-fashion",
        "It reduces investment in China",
        "It focuses on local manufacturing only"
      ],
      "correct_answer": "It reflects efforts to mitigate geopolitical risks"
    },
    {
      "question": "How was Xu's speech disseminated?",
      "options": [
        "Through Chinese social media and local news",
        "Exclusively in Western media",
        "Via private investor meetings",
        "Through government reports only"
      ],
      "correct_answer": "Through Chinese social media and local news"
    },
    {
      "question": "What broader context influences Shein's strategic decisions?",
      "options": [
        "Geopolitical tensions between China and the West",
        "Climate change policies",
        "Local competition in Guangdong",
        "Technological advancements in unrelated industries"
      ],
      "correct_answer": "Geopolitical tensions between China and the West"
    }
  ],
  "background_read": [
    "Shein, a Chinese-origin fast-fashion giant, has revolutionized retail with its agile supply chain and digital-first approach, operating in over 160 countries. Founded by Xu Yangtian, the company has strategically distanced itself from China by relocating its headquarters to Singapore and exploring IPOs in Western markets to appeal to global investors. However, it remains heavily reliant on Guangdong's manufacturing base. This context is crucial as geopolitical frictions, particularly US-China trade policies targeting e-commerce exports, pose significant risks. Xu's rare public address in Guangzhou serves as a nuanced response, leveraging investment announcements to reinforce political and economic alliances with Chinese authorities while navigating complex international dynamics. Understanding these elements highlights the delicate balance Shein must strike between global expansion and national identity."
  ],
  "Article_Structure": [
    "Main Points: Xu Yangtian's speech emphasizes Shein's 10 billion yuan investment in Guangdong to create a high-tech hub, praising China's ecosystem for supporting jobs and efficiency. Purpose: To strategically reaffirm Chinese ties amid Shein's global expansion and Western scrutiny, serving as a public relations effort. Evidence Evaluation: Relies on Xu's quotes and reported figures, but lacks independent verification or critical analysis of claims. Author Credibility: The BBC provides credible reporting, though the article is descriptive rather than investigative. Methodology: Information is sourced from the speech, local media, and social media, offering a timely but limited perspective. Critical Assessment: Strengths include clear reporting on corporate strategy; limitations involve insufficient depth on geopolitical impacts or alternative viewpoints."
  ],
  "perspectives": [
    {
      "perspective": "Geopolitical Strategy",
      "description": "Xu's address is interpreted as a tactical move to align Shein with Chinese interests while mitigating risks from Western trade policies and enhancing global market positioning."
    }
  ],
  "image_url": "/article_images/article_d7e392e9a2c2e3d5_c822d6aedcca.webp"
}