{
  "title": "Jurisdictional and Political Complexities in Tulip Siddiq's Bangladeshi Corruption Case",
  "summary": "Tulip Siddiq, a Labour MP and former Treasury minister in the United Kingdom, has been convicted and sentenced to two years' imprisonment in Bangladesh for corruption, following a trial conducted in absentia. The charges allege that she exploited her familial relationship with her aunt, ousted Prime Minister Sheikh Hasina, to illicitly acquire a plot of land for her family in Dhaka's outskirts—a claim Siddiq categorically denies, dismissing the proceedings as a 'flawed and farcical' kangaroo court. This case emerges within a broader political landscape marked by regime change in Bangladesh, where Hasina's overthrow has precipitated a series of legal actions against her associates, suggesting potential political motivations behind the prosecution. Siddiq, residing in London, contests her Bangladeshi citizenship, a pivotal jurisdictional issue, as prosecutors cite possession of her passport and ID, while her legal team refutes this, arguing she lacks such documentation. The sentence, imposed by Judge Rabiul Alam, includes a substantial fine with penal enhancements for non-payment, though extradition is improbable, rendering it largely symbolic. Siddiq's response emphasizes her commitment to her constituents in Hampstead and Highgate, framing the case as an attempt to tarnish her reputation through 'dirty politics.' This incident underscores intricate themes of transnational justice, citizenship disputes, and the interplay between legal systems and political agendas.",
  "keywords": [
    {
      "term": "in absentia",
      "explanation": "A Latin term meaning 'in absence,' referring to a trial conducted without the defendant being present, often raising due process concerns."
    },
    {
      "term": "jurisdictional dispute",
      "explanation": "A conflict over which legal authority has the right to judge a case, often involving cross-border issues and citizenship."
    },
    {
      "term": "political persecution",
      "explanation": "The misuse of legal systems to target individuals for political reasons, rather than genuine criminal conduct."
    },
    {
      "term": "extradition",
      "explanation": "The formal process of surrendering an individual from one country to another for trial or punishment, subject to international treaties."
    },
    {
      "term": "due process",
      "explanation": "The legal requirement that governments respect all legal rights owed to a person, ensuring fair treatment through the judicial system."
    },
    {
      "term": "regime transition",
      "explanation": "A change in government, often involving shifts in power dynamics that can lead to legal and political repercussions for previous officials."
    },
    {
      "term": "symbolic sentence",
      "explanation": "A punishment that carries legal weight but is unlikely to be enforced, often used for political statements or international pressure."
    },
    {
      "term": "evidentiary standards",
      "explanation": "The criteria used to evaluate the quality and sufficiency of evidence in legal proceedings, critical for ensuring just outcomes."
    },
    {
      "term": "transnational legal conflict",
      "explanation": "A dispute involving laws and jurisdictions across multiple countries, highlighting complexities in global governance."
    },
    {
      "term": "reputational damage",
      "explanation": "Harm to an individual's or entity's public image, often arising from allegations or media coverage, irrespective of legal guilt."
    }
  ],
  "questions": [
    {
      "question": "What is the significance of the trial being conducted in absentia in Siddiq's case?",
      "options": [
        "It raises due process concerns about fairness",
        "It speeds up the legal process",
        "It is a common practice in Bangladesh",
        "It ensures her presence in court"
      ],
      "correct_answer": "It raises due process concerns about fairness"
    },
    {
      "question": "How does the article link Siddiq's case to broader political events in Bangladesh?",
      "options": [
        "As part of legal actions post-Hasina's regime change",
        "Due to economic reforms",
        "Because of environmental policies",
        "Through sports diplomacy"
      ],
      "correct_answer": "As part of legal actions post-Hasina's regime change"
    },
    {
      "question": "What key evidence do prosecutors cite to establish Siddiq's Bangladeshi citizenship?",
      "options": [
        "Her passport and ID documents",
        "Her birth certificate",
        "Witness testimonies",
        "Financial records"
      ],
      "correct_answer": "Her passport and ID documents"
    },
    {
      "question": "How does Siddiq's legal team counter the citizenship claims?",
      "options": [
        "By stating she lacks such documentation",
        "By proving she renounced citizenship",
        "By showing UK naturalization papers",
        "By arguing she was born in the UK"
      ],
      "correct_answer": "By stating she lacks such documentation"
    },
    {
      "question": "What term does Siddiq use to criticize the trial's legitimacy?",
      "options": [
        "Kangaroo court",
        "Fair hearing",
        "Standard procedure",
        "International tribunal"
      ],
      "correct_answer": "Kangaroo court"
    },
    {
      "question": "What potential consequence does the article suggest if Siddiq does not pay the fine?",
      "options": [
        "Additional jail time",
        "Asset seizure",
        "Travel bans",
        "Political disqualification"
      ],
      "correct_answer": "Additional jail time"
    },
    {
      "question": "How does the article characterize the likelihood of Siddiq serving the sentence?",
      "options": [
        "Unlikely due to her location in the UK",
        "Certain through extradition",
        "Possible if she travels to Bangladesh",
        "Dependent on international courts"
      ],
      "correct_answer": "Unlikely due to her location in the UK"
    },
    {
      "question": "What broader issue does the case highlight regarding legal systems?",
      "options": [
        "Transnational justice and political influence",
        "Technological advancements in law",
        "Environmental law enforcement",
        "Corporate legal disputes"
      ],
      "correct_answer": "Transnational justice and political influence"
    },
    {
      "question": "What role did Siddiq previously hold in the UK government?",
      "options": [
        "Treasury minister",
        "Foreign secretary",
        "Home secretary",
        "Defense minister"
      ],
      "correct_answer": "Treasury minister"
    },
    {
      "question": "How does Siddiq frame her response to the allegations in her statement?",
      "options": [
        "As a distraction from her constituents and politically motivated",
        "As an opportunity for legal reform",
        "As a personal vendetta",
        "As a misunderstanding of facts"
      ],
      "correct_answer": "As a distraction from her constituents and politically motivated"
    }
  ],
  "background_read": [
    "This article provides an in-depth examination of Tulip Siddiq's corruption conviction in Bangladesh, situating it within complex international legal and political frameworks. For high school students, it explores themes such as jurisdictional conflicts arising from disputed citizenship, the ethical implications of trials in absentia, and the potential for political persecution in post-regime contexts. The case serves as a critical study on how legal processes can be instrumentalized for political ends, highlighting Siddiq's defense strategies and the evidentiary disputes over documentation. It encourages analysis of source credibility, with BBC News offering balanced reporting but necessitating scrutiny of biases in transnational conflicts. This background fosters understanding of global governance challenges, due process rights, and the intersection of law with power dynamics in modern geopolitics."
  ],
  "Article_Structure": [
    "This article offers a comprehensive analysis of Tulip Siddiq's case, detailing main points like her conviction for corruption, denial of charges, and criticism of the trial as unfair. The purpose is to report on a transnational legal dispute while critiquing potential political motivations and jurisdictional issues. Evidence evaluation reveals reliance on court documents and statements, but with significant disputes over citizenship evidence and lack of formal evidentiary presentation, raising questions about robustness. Author credibility is supported by BBC News's reputation, though inherent biases in covering political conflicts may affect objectivity. Methodology involves citing official sources, quotes, and contextual analysis, providing a multi-faceted view. Critical assessment notes strengths in balanced reporting and highlighting due process concerns, but limitations include reliance on secondary sources and potential oversimplification of complex legal nuances."
  ],
  "perspectives": [
    {
      "perspective": "Siddiq's legal and political stance",
      "description": "She views the case as an unjust, politically driven attack lacking credible evidence, aimed at damaging her reputation and distracting from her UK duties."
    },
    {
      "perspective": "Bangladesh judicial and political framework",
      "description": "Authorities frame the trial as a legitimate exercise of justice based on citizenship and corruption evidence, part of broader accountability efforts post-regime change."
    }
  ],
  "image_url": "/article_images/article_c60bb53efe55596a_5bc772739c69.webp"
}