{
  "title": "Badenoch Articulates Conservative Strategy: Harnessing Public Discontent to Oppose Labour Governance",
  "summary": "In a BBC interview, Kemi Badenoch, leader of the Conservative Party, outlines a strategic pivot to channel public 'anger' towards the Labour government under Sir Keir Starmer, positioning the Tories as the exclusive party capable of making 'tough decisions' for the UK's future. She critiques Labour for insufficient armed forces funding despite high overall expenditure and labels Reform UK's industrial policies as 'authoritarian,' citing examples in the oil sector and automotive industry. Badenoch asserts that after 18 months of Labour's 'draconian' governance, public clarity on their policies enables the Conservatives to transcend 'reflexive opposition' towards a more calculated adversarial stance. Reflecting on the 2024 general election defeat, she emphasizes lessons learned, advocating for a platform of competence and bravery in addressing national challenges. This discourse highlights the Conservatives' endeavor to reconstitute their political identity as assertive opponents, leveraging socioeconomic frustrations to undermine Labour's authority and reclaim electoral viability in a polarized landscape.",
  "keywords": [
    {
      "term": "strategic pivot",
      "explanation": "a deliberate shift in political approach to adapt to changing circumstances"
    },
    {
      "term": "socioeconomic frustrations",
      "explanation": "public discontent related to economic and social issues, which Badenoch seeks to exploit"
    },
    {
      "term": "adversarial stance",
      "explanation": "a position of active opposition, as the Conservatives aim to adopt against Labour"
    },
    {
      "term": "electoral viability",
      "explanation": "the ability to win elections, a goal in Badenoch's repositioning efforts"
    },
    {
      "term": "polarized landscape",
      "explanation": "a political environment marked by sharp divisions between parties"
    }
  ],
  "questions": [
    {
      "question": "What is the core objective of Badenoch's strategy as per the summary?",
      "options": [
        "To foster bipartisan cooperation",
        "To harness public anger for political opposition",
        "To increase military spending directly",
        "To dissolve the Conservative Party"
      ],
      "correct_answer": "To harness public anger for political opposition"
    },
    {
      "question": "How does Badenoch characterize Labour's governance in the summary?",
      "options": [
        "As draconian",
        "As progressive",
        "As ineffective but benign",
        "As highly popular"
      ],
      "correct_answer": "As draconian"
    },
    {
      "question": "What specific criticism does Badenoch level against Reform UK?",
      "options": [
        "Its authoritarian desire to control industry",
        "Its lack of policy proposals",
        "Its support for Labour",
        "Its focus on social issues"
      ],
      "correct_answer": "Its authoritarian desire to control industry"
    },
    {
      "question": "Why does Badenoch believe the Conservatives can now oppose Labour more effectively?",
      "options": [
        "Due to clearer public understanding of Labour's policies",
        "Because of increased party funding",
        "As a result of external endorsements",
        "Through avoidance of all criticism"
      ],
      "correct_answer": "Due to clearer public understanding of Labour's policies"
    },
    {
      "question": "What historical event does Badenoch reference to justify the Conservatives' new approach?",
      "options": [
        "The 2024 general election loss",
        "A previous economic boom",
        "A foreign policy success",
        "A leadership change in Labour"
      ],
      "correct_answer": "The 2024 general election loss"
    },
    {
      "question": "What does 'reflexive opposition' imply in Badenoch's critique?",
      "options": [
        "Unthinking automatic criticism",
        "Strategic policy analysis",
        "Collaborative governance efforts",
        "Public engagement initiatives"
      ],
      "correct_answer": "Unthinking automatic criticism"
    },
    {
      "question": "Which sectors are cited as examples of Reform UK's control policies?",
      "options": [
        "Oil and automotive",
        "Technology and healthcare",
        "Education and housing",
        "Agriculture and tourism"
      ],
      "correct_answer": "Oil and automotive"
    },
    {
      "question": "What qualities does Badenoch attribute to the Conservatives in their renewed stance?",
      "options": [
        "Competence and bravery",
        "Wealth and influence",
        "Moderation and compromise",
        "Isolation and secrecy"
      ],
      "correct_answer": "Competence and bravery"
    },
    {
      "question": "How does the summary describe the political context for Badenoch's strategy?",
      "options": [
        "A polarized landscape",
        "A period of consensus",
        "An era of economic stability",
        "A time of declining public interest"
      ],
      "correct_answer": "A polarized landscape"
    },
    {
      "question": "What is the broader implication of Badenoch's emphasis on 'tough decisions'?",
      "options": [
        "Positioning the Conservatives as necessary for difficult policy choices",
        "Advocating for increased public spending",
        "Promoting authoritarian governance",
        "Avoiding all political risks"
      ],
      "correct_answer": "Positioning the Conservatives as necessary for difficult policy choices"
    }
  ],
  "background_read": [
    "The UK political arena features intense rivalry between the Conservative and Labour parties, with recent shifts following the 2024 election loss prompting strategic reevaluations. Badenoch's interview exemplifies how opposition leaders leverage media to reshape public perception, using rhetoric like 'draconian' and 'authoritarian' to frame debates. Understanding concepts such as electoral viability and polarized landscapes is essential for analyzing modern political tactics and the role of socioeconomic factors in shaping party narratives."
  ],
  "Article_Structure": [
    "Main Points: Badenoch advocates channeling public anger at Labour, critiques Labour's defense funding and Reform UK's authoritarianism, and positions Conservatives as competent decision-makers post-2024 loss. Purpose: To strategically reposition the Conservatives by exploiting public discontent and clarifying opposition in a polarized context. Evidence Evaluation: Relies on a single BBC interview, offering direct quotes but lacking diverse sources or data, limiting objectivity. Author Credibility: Badenoch, as Conservative leader, provides authoritative insight but exhibits clear partisan bias. Methodology: Based on a televised interview, a qualitative source that captures rhetoric but not empirical analysis. Critical Assessment: Strengths include clear articulation of political strategy; limitations involve one-sided perspective and absence of counterarguments or broader evidence."
  ],
  "perspectives": [
    {
      "perspective": "Strategic political repositioning",
      "description": "Badenoch's approach focuses on leveraging anger and emphasizing decisiveness to rebuild Conservative relevance against Labour."
    }
  ],
  "image_url": "/article_images/article_f8709efa9adbcb34_1e750e3d0bdd.webp"
}