{
  "title": "Corporate Strategy in Media: Netflix's Growth-Oriented Bid for Warner Bros Versus Paramount's Consolidation Approach",
  "summary": "In a significant media industry development, Netflix co-CEO Ted Sarandos has publicly defended the company's $82.7 billion takeover bid for select Warner Bros assets, positioning it against Paramount's $108.4 billion offer for the entire entity. Netflix's strategy focuses on acquiring Warner Bros' studio and streaming networks, such as New Line Cinema and HBO Max, to fill gaps in its content production and distribution capabilities, thereby driving expansion. Sarandos emphasizes a growth-oriented model, citing Netflix's $6 billion investment in UK original programming since 2020 and the creation of 50,000 jobs as evidence of its commitment to industry enlargement. Conversely, Paramount's bid includes Warner Bros' traditional pay-TV networks, which are perceived as declining, and involves substantial cost-cutting measures—$6 billion immediately and an additional $16 billion—potentially leading to consolidation that reduces the number of major Hollywood studios from five to four. The article details Warner Bros' imposition of a deadline for Paramount to submit a final offer before a shareholder vote on the Netflix deal, with Paramount offering to cover a $2.8 billion break-up fee if the Netflix agreement fails. This confrontation underscores divergent corporate philosophies: Netflix advocates for additive growth through strategic asset acquisition, while Paramount pursues efficiency via full integration and expense reduction, reflecting broader trends in media mergers and their implications for market competition, content diversity, and economic impact.",
  "keywords": [
    {
      "term": "strategic asset acquisition",
      "explanation": "The targeted purchase of specific business components to enhance competitive advantage and fill operational gaps"
    },
    {
      "term": "media consolidation",
      "explanation": "The process of merging or acquiring media companies to reduce competition and achieve economies of scale, often impacting content diversity"
    },
    {
      "term": "growth-oriented model",
      "explanation": "A business approach prioritizing expansion through investment and addition of new capabilities, rather than cost reduction"
    },
    {
      "term": "cost-cutting measures",
      "explanation": "Actions taken to reduce operational expenses, which can involve layoffs or reduced investments, potentially affecting long-term growth"
    },
    {
      "term": "shareholder vote",
      "explanation": "A democratic process where company owners decide on major corporate actions, such as mergers, based on financial and strategic considerations"
    },
    {
      "term": "break-up fee",
      "explanation": "A penalty paid by one party if a deal fails, designed to compensate the other for lost opportunities and costs"
    },
    {
      "term": "content production capabilities",
      "explanation": "The ability to create original media, such as films and series, which is crucial for streaming services in attracting subscribers"
    },
    {
      "term": "market competition",
      "explanation": "The rivalry between companies in an industry, influenced by mergers that can alter the number of players and innovation levels"
    },
    {
      "term": "economic impact",
      "explanation": "The effects of corporate decisions on jobs, investments, and overall industry health, as seen in Netflix's UK example"
    },
    {
      "term": "divergent corporate philosophies",
      "explanation": "Different strategic beliefs guiding business decisions, such as growth versus consolidation, shaping long-term outcomes"
    }
  ],
  "questions": [
    {
      "question": "What is the primary strategic difference between Netflix's and Paramount's bids for Warner Bros?",
      "options": [
        "Netflix focuses on growth via asset acquisition, Paramount on consolidation via full purchase",
        "Both aim for full acquisition",
        "Netflix emphasizes cost-cutting, Paramount emphasizes expansion",
        "Both target only streaming networks"
      ],
      "correct_answer": "Netflix focuses on growth via asset acquisition, Paramount on consolidation via full purchase"
    },
    {
      "question": "How does Sarandos justify Netflix's growth model in the context of the UK?",
      "options": [
        "By citing $6 billion investment and 50,000 jobs created",
        "By mentioning cost reductions of $22 billion",
        "By highlighting increased subscription fees",
        "By referencing a new studio purchase"
      ],
      "correct_answer": "By citing $6 billion investment and 50,000 jobs created"
    },
    {
      "question": "What potential effect does Paramount's bid have on the number of major Hollywood studios, according to Sarandos?",
      "options": [
        "Reduction from five to four",
        "Increase from four to five",
        "No change",
        "Elimination of all studios"
      ],
      "correct_answer": "Reduction from five to four"
    },
    {
      "question": "What is the break-up fee associated with the Netflix-Warner Bros deal?",
      "options": [
        "$2.8 billion",
        "$6 billion",
        "$16 billion",
        "$27.75 billion"
      ],
      "correct_answer": "$2.8 billion"
    },
    {
      "question": "Which assets are specifically targeted in Netflix's bid for Warner Bros?",
      "options": [
        "Studio and streaming networks",
        "Pay-TV networks only",
        "The entire company",
        "Only original programming"
      ],
      "correct_answer": "Studio and streaming networks"
    },
    {
      "question": "What deadline has Warner Bros set for Paramount in relation to the takeover battle?",
      "options": [
        "End of Monday to submit a final offer",
        "Next month for the shareholder vote",
        "Immediate acceptance",
        "No specific deadline"
      ],
      "correct_answer": "End of Monday to submit a final offer"
    },
    {
      "question": "How does Paramount's offer address the break-up fee if the Netflix deal fails?",
      "options": [
        "By offering to pay the $2.8 billion fee",
        "By ignoring the fee",
        "By reducing the bid amount",
        "By extending the deadline"
      ],
      "correct_answer": "By offering to pay the $2.8 billion fee"
    },
    {
      "question": "What broader trend in the media industry does this article illustrate?",
      "options": [
        "Media consolidation and strategic mergers",
        "Decline of streaming services",
        "Increase in traditional TV viewership",
        "Reduction in corporate investments"
      ],
      "correct_answer": "Media consolidation and strategic mergers"
    },
    {
      "question": "What is a key limitation of the evidence presented in the article regarding Paramount's perspective?",
      "options": [
        "Reliance on reported statements without direct interviews",
        "Lack of financial data",
        "Overemphasis on Netflix's view",
        "Inclusion of biased sources"
      ],
      "correct_answer": "Reliance on reported statements without direct interviews"
    },
    {
      "question": "How does the article assess the credibility of the sources used?",
      "options": [
        "By referencing BBC News standards and public statements",
        "By conducting independent audits",
        "By excluding all external sources",
        "By focusing solely on Netflix's internal reports"
      ],
      "correct_answer": "By referencing BBC News standards and public statements"
    }
  ],
  "background_read": [
    "This article delves into a complex corporate takeover scenario involving Netflix and Paramount vying for Warner Bros, set against the backdrop of evolving media landscapes. To fully grasp this, one must understand key concepts: media consolidation refers to mergers and acquisitions that reduce the number of competitors, potentially impacting content diversity and innovation; growth-oriented strategies involve investing in new assets to expand market share, as seen with Netflix's focus on streaming and original content; cost-cutting approaches, like Paramount's, aim to improve profitability by reducing expenses, often through layoffs or divestments. The article highlights the strategic implications of these bids, including how they reflect shifts from traditional pay-TV to streaming dominance. Additionally, corporate governance elements such as shareholder votes and break-up fees play crucial roles in determining deal outcomes. This analysis requires knowledge of business economics, media industry trends, and the ethical considerations of mergers, such as their effects on employment and consumer choice. The BBC's reporting provides a balanced view, but critical readers should consider potential biases and the limited depth on Paramount's internal strategies, emphasizing the need for further research into financial disclosures and market analyses."
  ],
  "Article_Structure": [
    "This 100-word in-depth analysis covers: Main Points: Netflix and Paramount present competing bids for Warner Bros, with Netflix targeting specific assets for growth and Paramount seeking full acquisition with cost-cutting, highlighting strategic divergence. Purpose: To analyze corporate strategies in media mergers, exploring implications for industry size, competition, and economic impact. Evidence Evaluation: Uses CEO quotes, financial figures, and investment examples, but relies on reported statements for Paramount, lacking direct sources; evidence is credible from BBC but limited in depth. Author Credibility: BBC News is reputable with journalistic integrity, though potential for bias towards accessible sources like Netflix. Methodology: Based on interviews, public data, and corporate announcements, providing a comprehensive yet surface-level overview. Critical Assessment: Strengths include clear comparison of bids and deadlines; limitations involve insufficient analysis of long-term market effects and reliance on secondary sources for Paramount's perspective."
  ],
  "perspectives": [
    {
      "perspective": "Netflix's strategic perspective",
      "description": "Netflix advocates for a growth model through selective asset acquisition, arguing it expands the industry and fosters innovation, supported by tangible investments and job creation metrics."
    }
  ],
  "image_url": "/article_images/article_82a63493fdd7b175_e27fb6bc9324.webp"
}