{
  "articles": [
    {
      "id": "e138ecafb91db0c2",
      "title": "Decoding Invisible Cosmic Cataclysms: The Evidentiary Challenge of Touchdown Airbursts",
      "summary": "Touchdown airbursts represent a class of cosmic impacts wherein extraterrestrial objects, such as cometary fragments, detonate within Earth's atmosphere, generating extreme thermal and pressure effects without producing enduring craters. Professor James Kennett and colleagues contend that these phenomena warrant enhanced scientific scrutiny due to their destructive potential and historical implications. Recent multidisciplinary studies, including four publications, document evidence for multiple airburst events across temporal scales, utilizing markers like rare extraterrestrial elements (e.g., platinum and iridium), meltglass derived from sediment fusion, microspherules from high-temperature condensation, and shocked quartz with planar deformation features. A pivotal case is the Younger Dryas Impact Hypothesis (YDIH), which posits that circa 12,800 years ago, a fragmented comet induced airbursts, precipitating the Younger Dryas stadial—a abrupt cooling episode—alongside conflagrations that deposited a hemispheric black mat layer enriched with impact proxies. Marine sediment cores from Baffin Bay provide inaugural subaqueous evidence for YDIH, underscoring the event's magnitude and atmospheric dispersal mechanisms. In contrast to definitive crater evidence exemplified by Chicxulub, airbursts often elude detection owing to ephemeral surface alterations, complicating verification. Ongoing investigations, such as sediment analyses of a Louisiana lake with crater-like morphology, aim to corroborate YDIH through terrestrial crater identification. This research elucidates the methodological intricacies in reconstructing paleoclimatic and paleoecological perturbations driven by cryptic cosmic interactions, highlighting gaps in impact hazard assessment and historical narrative.",
      "source": "Science Daily",
      "time_ago": "6 hours ago",
      "image_url": "/article_images/article_e138ecafb91db0c2_114f81a83cd0.webp",
      "category": "Science"
    },
    {
      "id": "e4433df6cbc03fbe",
      "title": "Relativistic Modeling of Gravitational Waves for Dark Matter Detection in Black Hole Environments",
      "summary": "A team from the University of Amsterdam has pioneered a fully relativistic framework to utilize gravitational waves from extreme mass-ratio inspirals (EMRIs) as probes for dark matter surrounding black holes. Their research, published in Physical Review Letters, addresses limitations in prior studies by employing Einstein's theory of general relativity to model how dark matter 'spikes'—dense accumulations hypothesized to form near massive black holes—alter gravitational wave emissions. EMRIs involve a stellar-mass black hole spiraling into a supermassive black hole over extended periods, generating long-duration gravitational signals. The model enhances precision by incorporating relativistic effects often omitted in Newtonian approximations, enabling more accurate predictions of waveform modifications. This advancement is crucial for interpreting data from forthcoming observatories like the European Space Agency's LISA mission, launching in 2035, which will monitor EMRIs for months to years. By detecting distinct imprints in gravitational waves, the study aims to infer dark matter distribution and properties, contributing to broader cosmological inquiries. The work underscores the integration of theoretical astrophysics with observational readiness, potentially revolutionizing our understanding of dark matter, which constitutes approximately 85% of the universe's matter content yet remains enigmatic due to its non-luminous nature.",
      "source": "Science Daily",
      "time_ago": "7 hours ago",
      "image_url": "/article_images/article_e4433df6cbc03fbe_c92d68c2c19c.webp",
      "category": "Science"
    },
    {
      "id": "4d3251a072789ff4",
      "title": "Evaluating DiskSats: A Paradigm Shift in Satellite Architecture and Its Implications",
      "summary": "A recent launch from NASA's Wallops Flight Facility has initiated a proof-of-concept mission for DiskSats, a novel satellite architecture developed by the Aerospace Corporation and jointly funded by NASA and the U.S. Space Force. These disc-shaped satellites, measuring 39 inches in diameter and 1 inch thick, are constructed from composite carbon fiber and feature solar cells, avionics, reaction wheels, and electric thrusters. Launched via a Rocket Lab Electron vehicle, they orbit at 340 miles altitude, aiming to validate their performance against traditional CubeSats. DiskSats offer a superior power-to-weight ratio and increased surface area, enabling enhanced payload capacity and power generation, which addresses limitations of CubeSats that have dominated small satellite markets for decades. The Aerospace Corporation, leveraging its historical role in government R&D, conceived DiskSats after analyzing emerging spaceflight needs, drawing inspiration from stackable designs like SpaceX's Starlink but on a smaller scale. This mission underscores strategic efforts to optimize rideshare launches, reduce costs, and expand capabilities for scientific, commercial, and military applications in an increasingly congested space environment.",
      "source": "Ars Science",
      "time_ago": "9 hours ago",
      "image_url": "/article_images/article_4d3251a072789ff4_8168b7d3eece.webp",
      "category": "Science"
    },
    {
      "id": "f2d666e6907d2dd3",
      "title": "Parasitic Endemicity and Sanitation Challenges in Roman Military Life at Hadrian's Wall",
      "summary": "A recent study in Parasitology investigates the prevalence of parasitic infections among Roman soldiers garrisoned at Hadrian's Wall during the third century CE, utilizing paleoparasitological analysis of sediment from sewer drains at the Vindolanda fort. Researchers collected 58 samples in 2019, revealing that 28% contained eggs of intestinal helminths such as roundworm (Ascaris lumbricoides) and whipworm (Trichuris trichiura), parasites indicative of fecal-oral transmission due to inadequate sanitation practices. Furthermore, employing biomolecular techniques like enzyme-linked immunosorbent assay (ELISA), they identified Giardia duodenalis, a protozoan pathogen causing giardiasis, which leads to diarrhea and malnutrition. This finding suggests that soldiers endured recurrent gastrointestinal distress, exacerbated by the limitations of Roman medical knowledge in treating parasitic diseases. The study contextualizes these results within broader archaeological discourse, referencing prior analyses from urban centers like London and rural sites such as Gerace in Sicily, to highlight the endemic nature of parasites across the Roman Empire. It underscores the paradox of Roman engineering advancements in sanitation, like communal latrines and sewer systems, failing to prevent disease transmission, thereby illuminating the complex interplay between infrastructure, hygiene, and public health in antiquity. This research contributes to historical epidemiology by providing empirical data on disease burden in frontier military communities, offering insights into the socio-environmental factors shaping ancient health outcomes.",
      "source": "Ars Science",
      "time_ago": "12 hours ago",
      "image_url": "/article_images/article_f2d666e6907d2dd3_147d129d2cf1.webp",
      "category": "Science"
    },
    {
      "id": "0514f7348516ead6",
      "title": "Perseverance Rover's Longevity and the Impediments to Mars Sample Return",
      "summary": "NASA's Perseverance rover, operational on Mars since 2021, demonstrates remarkable resilience, having traversed 40 kilometers—double its initial certification—and maintained excellent health with all systems functional, as reported by deputy project manager Steve Lee at JPL. Engineers are advancing certification to enable up to 100 kilometers of driving, facilitating exploration of Jezero Crater's rim and potential return to a rendezvous site for sample handoff. The rover's longevity is supported by a plutonium-based RTG power source, projecting operation until at least 2031, with mechanical wear on the robotic arm and drive train as primary limitations. Perseverance has amassed 33 titanium sample tubes, partially deposited on Mars, integral to the Mars Sample Return (MSR) campaign. However, MSR faces significant setbacks: original plans for a late-2020s launch have stalled due to cost escalations to $11 billion, with a likely delay to the 2030s amid undecided strategies. This juxtaposition highlights the rover's operational success against broader programmatic challenges, emphasizing NASA's adaptive exploration tactics while underscoring fiscal and logistical hurdles in interplanetary missions.",
      "source": "Ars Science",
      "time_ago": "18 hours ago",
      "image_url": "/article_images/article_0514f7348516ead6_ef0851b858f1.webp",
      "category": "Science"
    },
    {
      "id": "5c45074085aebf6b",
      "title": "Empirical Evidence on Swearing as a Disinhibitor for Enhanced Pain Tolerance and Physical Performance",
      "summary": "A series of empirical studies, primarily led by psychologist Richard Stephens, demonstrates that swearing confers significant hypoalgesic and ergogenic effects, enhancing pain tolerance and physical strength. Methodologically rigorous experiments, such as ice water immersion and chair push-up tasks, reveal that participants chanting profanities report reduced pain perception and exhibit prolonged endurance compared to those using neutral words. The underlying mechanism is posited as disinhibition, wherein swearing mitigates social constraints, fostering increased psychological flow, distraction, and self-confidence. Notably, efficacy is heightened in individuals with lower swearing frequency, suggesting emotional salience modulates the effect. While alternative explanations like catharsis or distraction are considered, the consistency across studies, including a 2020 follow-up isolating lexical impact, substantiates swearing as a viable, low-intervention performance enhancer. This research intersects psychology, physiology, and linguistics, offering insights into adaptive human behaviors under stress.",
      "source": "Ars Science",
      "time_ago": "22 hours ago",
      "image_url": "/article_images/article_5c45074085aebf6b_a2a42028269d.webp",
      "category": "Science"
    }
  ]
}