{
  "title": "Zach Top's Grammy Triumph: Catalyzing a Traditional Country Renaissance Among Youth",
  "summary": "Zach Top, a 28-year-old country musician, recently secured his inaugural Grammy Award in the newly instituted best traditional country album category for his sophomore release, Ain't In It For My Health. This accolade not only underscores his rapid ascent in the industry—boasting over six million monthly Spotify listeners—but also signifies a broader cultural shift towards appreciating authentic, roots-oriented country music. Hailing from Washington state, Top's musical foundation was laid in childhood, performing with siblings from age seven, which cultivated his affinity for vintage country sounds, as evidenced in tracks like the Grammy-nominated I Never Lie. The Grammys' introduction of separate categories for traditional and contemporary country albums this year reflects a strategic effort by the Recording Academy to bifurcate the genre, acknowledging its historical lineage while accommodating modern innovations, with Jelly Roll winning the contemporary award. Top articulates that this categorization has democratized opportunities for traditionalists, enabling them to resonate with younger demographics who perceive his music as a refreshing antithesis to the highly produced, hip-hop-infused country prevalent today. He posits that audiences crave simplicity and rawness, driving a resurgence in traditional styles. Analytically, Top's win exemplifies how institutional recognition can amplify niche genres, fostering intergenerational appeal and challenging commercial norms within the evolving country music landscape.",
  "keywords": [
    {
      "term": "sophomore release",
      "explanation": "an artist's second album, often critical in establishing their career trajectory"
    },
    {
      "term": "roots-oriented",
      "explanation": "music that emphasizes original or foundational styles, often with cultural or historical significance"
    },
    {
      "term": "bifurcate",
      "explanation": "to divide something into two distinct parts or categories"
    },
    {
      "term": "democratized opportunities",
      "explanation": "making chances or access more equal and available to diverse groups"
    },
    {
      "term": "intergenerational appeal",
      "explanation": "the ability to attract and engage multiple age groups simultaneously"
    }
  ],
  "questions": [
    {
      "question": "What does Zach Top's Grammy win in the best traditional country album category symbolize in the music industry?",
      "options": [
        "A cultural shift towards authentic roots music",
        "The decline of contemporary country",
        "The end of Grammy categories",
        "A focus only on pop music"
      ],
      "correct_answer": "A cultural shift towards authentic roots music"
    },
    {
      "question": "How does the article describe the Grammys' new categorization strategy for country music?",
      "options": [
        "Bifurcating the genre into traditional and contemporary",
        "Eliminating all country categories",
        "Merging with other genres",
        "Focusing solely on modern sounds"
      ],
      "correct_answer": "Bifurcating the genre into traditional and contemporary"
    },
    {
      "question": "What is the significance of Zach Top having over six million monthly Spotify listeners?",
      "options": [
        "It indicates broad digital engagement and popularity",
        "It shows he only performs live",
        "It means he has no fans",
        "It reflects a decline in streaming"
      ],
      "correct_answer": "It indicates broad digital engagement and popularity"
    },
    {
      "question": "How does Zach Top characterize the appeal of his music to younger audiences?",
      "options": [
        "As a refreshing antithesis to produced, hip-hop-influenced country",
        "As identical to modern country",
        "As only for older listeners",
        "As irrelevant to current trends"
      ],
      "correct_answer": "As a refreshing antithesis to produced, hip-hop-influenced country"
    },
    {
      "question": "What role did Top's childhood in Washington state play in his musical development?",
      "options": [
        "It provided an early foundation in performance and traditional sounds",
        "It discouraged him from music",
        "It focused only on contemporary styles",
        "It had no impact"
      ],
      "correct_answer": "It provided an early foundation in performance and traditional sounds"
    },
    {
      "question": "Why was the best traditional country album category introduced according to the Recording Academy?",
      "options": [
        "To honor the genre's historical roots alongside modern innovations",
        "To replace all other awards",
        "To eliminate traditional music",
        "To focus on international artists"
      ],
      "correct_answer": "To honor the genre's historical roots alongside modern innovations"
    },
    {
      "question": "What does the term 'intergenerational appeal' refer to in the context of this article?",
      "options": [
        "Attracting multiple age groups to traditional country music",
        "Only appealing to teenagers",
        "Ignoring older fans",
        "Focusing on one generation"
      ],
      "correct_answer": "Attracting multiple age groups to traditional country music"
    },
    {
      "question": "How does Top view his motivation for creating music?",
      "options": [
        "As driven by passion rather than awards",
        "As solely for commercial success",
        "As a means to criticize others",
        "As unimportant"
      ],
      "correct_answer": "As driven by passion rather than awards"
    },
    {
      "question": "What broader trend does Zach Top's success illustrate in country music?",
      "options": [
        "A resurgence of traditional styles challenging commercial norms",
        "The dominance of hip-hop in all genres",
        "The decline of award shows",
        "The end of musical evolution"
      ],
      "correct_answer": "A resurgence of traditional styles challenging commercial norms"
    },
    {
      "question": "What methodological approach does the article use to present information about Zach Top?",
      "options": [
        "Interviews and factual reporting on industry events",
        "Only speculative analysis",
        "Exclusive data from streaming platforms",
        "Personal opinions without sources"
      ],
      "correct_answer": "Interviews and factual reporting on industry events"
    }
  ],
  "background_read": [
    "Country music, with its origins in early 20th-century American folk and blues, has undergone significant evolution, branching into subgenres like traditional, contemporary, and alternative country. The Grammy Awards, administered by the Recording Academy, serve as a barometer for industry trends, with category adjustments often reflecting cultural shifts. In recent decades, country music has seen increased hybridization with pop and hip-hop, leading to debates about authenticity and commercialism. Zach Top's emergence coincides with a growing appetite for 'Americana' and roots music, part of a broader revivalist movement that values lyrical storytelling and acoustic instrumentation. This trend is amplified by digital platforms like Spotify, which facilitate niche genre discovery among youth. Understanding Top's win requires examining the socio-cultural dynamics of music consumption, where institutional recognition can legitimize underrepresented styles and foster demographic diversification, highlighting the interplay between tradition and innovation in shaping musical landscapes."
  ],
  "Article_Structure": [
    "Main Points: Zach Top's Grammy win highlights a revival of traditional country music, driven by his authentic style and appeal to younger audiences, amid the Grammys' new categorization. Purpose: To analyze how institutional awards can catalyze genre resurgence and intergenerational engagement in music. Evidence Evaluation: The article relies on direct quotes from Top and industry data, offering credible but limited perspectives; additional statistical analysis could strengthen claims. Author Credibility: BBC Entertainment provides reputable journalism, though the piece may emphasize promotional angles over critical depth. Methodology: Utilizes interviews and event reporting, yielding qualitative insights but lacking comprehensive data on audience trends. Critical Assessment: Strengths include firsthand accounts and timely coverage; limitations involve anecdotal evidence and potential bias towards positive narratives, warranting further research on long-term impacts."
  ],
  "perspectives": [
    {
      "perspective": "Cultural revival",
      "description": "Top's success represents a broader movement where traditional country music is being reclaimed and popularized among younger generations, challenging mainstream commercial trends."
    }
  ],
  "image_url": "/article_images/article_af2e1cfb48c34ef0_5d0a9e472065.webp"
}