{
  "title": "Strategic Restraint: Starmer's Deliberate Avoidance of Criticizing Trump in the Maduro Affair",
  "summary": "In the aftermath of the US's extraordinary capture of Venezuelan President Nicolás Maduro and his wife from Caracas, UK Prime Minister Sir Keir Starmer has meticulously adhered to a strategy of refraining from public criticism of President Donald Trump. This approach, formulated approximately a year ago upon Trump's anticipated return to the White House, is rooted in a calculated assessment of geopolitical pragmatism. Starmer, a former international human rights lawyer, opts for circumspect language, emphasizing a 'transition of power' in Venezuela rather than addressing potential breaches of international law, to avoid public spats with a maverick US leader known for volatile relationships. His rationale centers on preserving a decent bilateral relationship, leveraging private discussions to secure tangible outcomes, such as a tariff deal that mitigated economic impacts and retained thousands of jobs at Jaguar Land Rover. Critics, including left-wing rivals like the Liberal Democrats and SNP, lambast this equivocation as a betrayal of Labour's manifesto pledge to defend the international rule of law, highlighting a tension between principled diplomacy and realpolitik. Starmer's allies defend the strategy as sober and mature, arguing that juvenile public commentary would jeopardize UK interests, thus illustrating the complex interplay of moral authority, national interest, and leadership in contemporary international affairs.",
  "keywords": [
    {
      "term": "geopolitical pragmatism",
      "explanation": "a practical approach to foreign policy that prioritizes national interests over ideological principles in global relations"
    },
    {
      "term": "realpolitik",
      "explanation": "politics based on practical objectives rather than moral or ideological considerations"
    },
    {
      "term": "bilateral relationship",
      "explanation": "the diplomatic and economic interactions between two countries"
    },
    {
      "term": "volatile",
      "explanation": "likely to change rapidly and unpredictably, especially in a tense or dangerous way"
    },
    {
      "term": "circumspect language",
      "explanation": "carefully worded statements that avoid direct criticism or commitment"
    },
    {
      "term": "manifesto pledge",
      "explanation": "a promise made in a political party's official document outlining its policies"
    },
    {
      "term": "equivocation",
      "explanation": "the use of ambiguous language to conceal the truth or avoid commitment"
    },
    {
      "term": "tangible outcomes",
      "explanation": "concrete results or benefits that can be clearly observed or measured"
    },
    {
      "term": "moral authority",
      "explanation": "the credibility and respect gained from adhering to ethical principles"
    },
    {
      "term": "contemporary international affairs",
      "explanation": "current events and issues in global politics and diplomacy"
    }
  ],
  "questions": [
    {
      "question": "What is the primary reason for Starmer's avoidance of criticizing Trump?",
      "options": [
        "To maintain geopolitical pragmatism and avoid public disputes",
        "He secretly supports Trump's actions",
        "To gain approval from Venezuelan authorities",
        "Due to legal constraints in the UK"
      ],
      "correct_answer": "To maintain geopolitical pragmatism and avoid public disputes"
    },
    {
      "question": "How does Starmer's background as a human rights lawyer influence his strategy?",
      "options": [
        "It creates tension with his pragmatic approach to international law",
        "It makes him more critical of Trump",
        "It has no impact on his decisions",
        "It leads him to publicly condemn the US"
      ],
      "correct_answer": "It creates tension with his pragmatic approach to international law"
    },
    {
      "question": "What specific economic benefit resulted from Starmer's strategy?",
      "options": [
        "A tariff deal that saved jobs at Jaguar Land Rover",
        "Increased trade with Venezuela",
        "Reduced UK taxes",
        "New investment from the US"
      ],
      "correct_answer": "A tariff deal that saved jobs at Jaguar Land Rover"
    },
    {
      "question": "Which groups are most vocal in criticizing Starmer's approach?",
      "options": [
        "Left-wing opposition parties like the Liberal Democrats and SNP",
        "US Republican leaders",
        "UK business communities",
        "International human rights organizations"
      ],
      "correct_answer": "Left-wing opposition parties like the Liberal Democrats and SNP"
    },
    {
      "question": "What does the term 'realpolitik' refer to in this context?",
      "options": [
        "Prioritizing practical outcomes over moral principles in diplomacy",
        "Strict adherence to international law",
        "Public criticism of allies",
        "Ideological purity in foreign policy"
      ],
      "correct_answer": "Prioritizing practical outcomes over moral principles in diplomacy"
    },
    {
      "question": "How does the article describe Trump's leadership style?",
      "options": [
        "Maverick and volatile",
        "Pragmatic and circumspect",
        "Sober and diplomatic",
        "Principled and law-abiding"
      ],
      "correct_answer": "Maverick and volatile"
    },
    {
      "question": "What is the significance of Starmer's manifesto pledge mentioned in the article?",
      "options": [
        "It highlights a contradiction with his current strategy",
        "It shows his support for US actions",
        "It is irrelevant to the discussion",
        "It proves his commitment to international law"
      ],
      "correct_answer": "It highlights a contradiction with his current strategy"
    },
    {
      "question": "What methodological approach does the article use to present its analysis?",
      "options": [
        "Reliance on public statements and political critiques",
        "In-depth legal analysis of the capture",
        "Statistical data on UK-US relations",
        "Interviews with key diplomats"
      ],
      "correct_answer": "Reliance on public statements and political critiques"
    },
    {
      "question": "How does Starmer's strategy impact UK-US relations according to his allies?",
      "options": [
        "It secures a stable and beneficial relationship",
        "It causes diplomatic isolation",
        "It increases public support in the UK",
        "It leads to more international conflicts"
      ],
      "correct_answer": "It secures a stable and beneficial relationship"
    },
    {
      "question": "What critical assessment can be made of the article's evidence?",
      "options": [
        "It lacks diverse perspectives and deep legal analysis",
        "It provides comprehensive data on job impacts",
        "It includes direct quotes from Trump",
        "It is based on anonymous sources"
      ],
      "correct_answer": "It lacks diverse perspectives and deep legal analysis"
    }
  ],
  "background_read": [
    "This article examines UK Prime Minister Sir Keir Starmer's foreign policy strategy in response to US actions under President Donald Trump, specifically the capture of Venezuelan President Nicolás Maduro. Starmer, leading the Labour Party with a background in human rights law, faces a dilemma between upholding international legal norms and practicing realpolitik to safeguard national interests. The context involves complex international relations, including US hegemony, UK post-Brexit diplomacy, and Venezuelan political turmoil. Critics argue that Starmer's circumspection undermines Labour's ideological commitments, while supporters view it as a necessary adaptation to Trump's unpredictable leadership. Understanding this requires knowledge of geopolitical theories, international law frameworks, and recent political dynamics in the US and UK. The article raises questions about the balance between moral authority and pragmatic statecraft in global affairs, relevant for studies in political science and international relations."
  ],
  "Article_Structure": [
    "Main Points: Starmer's deliberate avoidance of criticizing Trump over Maduro's capture reflects a calculated geopolitical pragmatism, prioritizing bilateral stability and economic benefits over public moral stands, amid criticism for equivocating on international law. Purpose: To critically analyze the tensions between principled diplomacy and realpolitik in Starmer's foreign policy, exploring leadership strategies in volatile international contexts. Evidence Evaluation: Relies on Starmer's public statements, a tariff deal example, and opposition critiques, but lacks in-depth legal analysis or diverse international perspectives, potentially skewing toward UK-centric views. Author Credibility: BBC News offers reputable journalism, but the analysis may reflect editorial biases toward political narrative over comprehensive investigation. Methodology: Uses qualitative analysis of political rhetoric and events, drawing from public sources without original research, limiting empirical depth. Critical Assessment: Strengths include clear articulation of strategic rationale and political tensions; limitations involve insufficient exploration of legal implications and overreliance on partisan critiques, suggesting a need for broader contextualization."
  ],
  "perspectives": [
    {
      "perspective": "Starmer's strategic realism",
      "description": "Emphasizes pragmatic diplomacy to navigate Trump's volatility, securing national interests through private engagement and avoiding ideological confrontations that could harm UK economic and political standing."
    },
    {
      "perspective": "Critics' normative critique",
      "description": "Contends that Starmer's strategy sacrifices moral leadership and adherence to international law, undermining global norms and Labour's credibility, in favor of short-term realpolitik gains."
    }
  ],
  "image_url": "/article_images/article_cd67db39a4080280_355f36b0c2c1.webp"
}