{
  "title": "Starmer's Strategy of Avoiding Criticism of Trump Over Venezuela Incident",
  "summary": "Following the US capture of Venezuelan President Nicolás Maduro and his wife from Caracas, UK Prime Minister Sir Keir Starmer has adopted a cautious approach, refraining from public criticism of President Donald Trump. This strategy stems from a decision made about a year ago, when Starmer anticipated Trump's return to the White House, to avoid public commentary on what he expected to be a remarkable presidential term. Starmer believes that openly criticizing Trump could lead to public disputes with a powerful leader known for dramatic conflicts, potentially harming UK interests. Instead, he prioritizes maintaining a pragmatic and private dialogue with the US, exemplified by a recent deal that limited tariffs and saved thousands of jobs at Jaguar Land Rover in the UK. Critics, including opposition parties like the Liberal Democrats and SNP, condemn Starmer's reluctance to address potential breaches of international law, arguing it undermines Labour's commitment to defending the rule of law. However, Starmer's allies defend the approach as mature and in the national interest, avoiding juvenile behavior and focusing on tangible benefits.",
  "keywords": [
    {
      "term": "circumspect",
      "explanation": "being careful and not taking risks in speech or action"
    },
    {
      "term": "pragmatic",
      "explanation": "dealing with things in a practical way based on real situations"
    },
    {
      "term": "tariffs",
      "explanation": "taxes on goods traded between countries, which can affect jobs and prices"
    },
    {
      "term": "international law",
      "explanation": "rules that countries agree to follow in their dealings with each other"
    },
    {
      "term": "maverick",
      "explanation": "someone who acts independently and often unpredictably"
    },
    {
      "term": "equivocation",
      "explanation": "avoiding giving a clear answer or taking a definite stand"
    },
    {
      "term": "sober",
      "explanation": "serious and sensible in approach"
    },
    {
      "term": "transition of power",
      "explanation": "a change in leadership or government, often in a political context"
    }
  ],
  "questions": [
    {
      "question": "What event prompted Starmer's cautious response?",
      "options": [
        "US capture of Maduro from Venezuela",
        "UK election manifesto release",
        "Trump's return to the White House",
        "Deal with Jaguar Land Rover"
      ],
      "correct_answer": "US capture of Maduro from Venezuela"
    },
    {
      "question": "Why did Starmer decide to avoid public criticism of Trump?",
      "options": [
        "To prevent public spats and protect UK interests",
        "He agrees with Trump's actions",
        "He is afraid of Maduro",
        "To gain popularity in the UK"
      ],
      "correct_answer": "To prevent public spats and protect UK interests"
    },
    {
      "question": "What example is given to support Starmer's strategy?",
      "options": [
        "A tariff deal that saved UK jobs",
        "A new law in Venezuela",
        "A public speech by Trump",
        "A UN resolution"
      ],
      "correct_answer": "A tariff deal that saved UK jobs"
    },
    {
      "question": "Which parties criticize Starmer's approach?",
      "options": [
        "Liberal Democrats and SNP",
        "US Republicans",
        "Venezuelan government",
        "UK Conservative Party"
      ],
      "correct_answer": "Liberal Democrats and SNP"
    },
    {
      "question": "What does Starmer's manifesto promise regarding international law?",
      "options": [
        "To be a defender of the international rule of law",
        "To ignore international law",
        "To support US actions always",
        "To create new laws"
      ],
      "correct_answer": "To be a defender of the international rule of law"
    },
    {
      "question": "How does Starmer describe his communication with Trump?",
      "options": [
        "Private and pragmatic",
        "Public and critical",
        "Frequent and friendly",
        "Nonexistent"
      ],
      "correct_answer": "Private and pragmatic"
    },
    {
      "question": "What risk does Starmer associate with criticizing Trump?",
      "options": [
        "Ongoing public disputes",
        "Losing UK elections",
        "Hurting Venezuelan relations",
        "Breaking international law"
      ],
      "correct_answer": "Ongoing public disputes"
    },
    {
      "question": "What term is used to describe Trump's behavior?",
      "options": [
        "Maverick",
        "Pragmatic",
        "Circumspect",
        "Sober"
      ],
      "correct_answer": "Maverick"
    }
  ],
  "background_read": [
    "This article discusses UK foreign policy under Prime Minister Sir Keir Starmer, focusing on his response to US actions in Venezuela. Starmer, a former human rights lawyer, leads the Labour Party, which has pledged to uphold international law. The US, under President Donald Trump, captured Venezuelan President Nicolás Maduro, raising questions about legality. Starmer's strategy involves avoiding public criticism to maintain a stable relationship with the US, citing practical benefits like job preservation. Critics argue this contradicts Labour's principles and fails to address potential legal breaches. The context includes broader issues of international diplomacy, where leaders balance moral stands with national interests, especially with unpredictable allies like Trump. Understanding this requires knowledge of political systems, international relations, and recent events in Venezuela and US-UK ties."
  ],
  "Article_Structure": [
    "Main Points: Starmer avoids criticizing Trump over Maduro's capture to prevent conflicts and secure UK benefits, while critics condemn this as undermining international law. Purpose: To analyze Starmer's pragmatic foreign policy strategy and its reception amid US actions. Evidence Evaluation: Relies on Starmer's statements, a job-saving deal example, and opposition critiques, but lacks direct legal analysis or diverse sources. Author Credibility: BBC News provides factual reporting, but the article presents a UK-centric view without deep expert commentary. Methodology: Uses quotes from Starmer and allies, references to events, and opposition responses, based on public statements and political analysis."
  ],
  "perspectives": [
    {
      "perspective": "Starmer's pragmatic view",
      "description": "Prioritizes national interest through private diplomacy, avoiding public clashes with Trump to secure economic benefits and stable relations."
    },
    {
      "perspective": "Critics' principled view",
      "description": "Argues that Starmer's silence fails to uphold international law and Labour's commitments, showing weak leadership on global issues."
    }
  ],
  "image_url": "/article_images/article_cd67db39a4080280_355f36b0c2c1.webp"
}