{
  "title": "Giant Viruses as Catalysts in Eukaryogenesis: Evidence from Ushikuvirus and Evolutionary Implications",
  "summary": "The viral eukaryogenesis hypothesis, independently proposed by Professor Masaharu Takemura and Dr. Philip Bell in 2001, posits that the nucleus of eukaryotic cells may have originated from a large DNA virus, such as a poxvirus, infecting an archaeal ancestor. This theory challenges traditional views of cellular evolution by suggesting viruses played a central role in the emergence of complex life. Supporting evidence emerged with the discovery of giant DNA viruses in 2003, which form virus factories—membrane-bound structures for DNA replication that resemble primitive nuclei—within host cells. Recent research, detailed in the Journal of Virology, describes ushikuvirus, a new giant DNA virus isolated from Lake Ushiku in Japan, which infects vermamoeba and exhibits distinct cytopathic effects and replication strategies. Unlike related viruses like Medusavirus and clandestinovirus that replicate within intact host nuclei, ushikuvirus disrupts the nuclear membrane, suggesting evolutionary adaptations and a possible link to viruses such as pandoravirus. These findings underscore the diversity of giant viruses, including families like Mamonoviridae, and their potential as models for understanding nuclear origins. Professor Takemura emphasizes that giant viruses represent an unexplored 'treasure trove' bridging virology and biology, offering insights into gene transfer and cellular evolution. The study involved collaborations with institutions like the National Institute of Natural Sciences, highlighting interdisciplinary approaches to unraveling life's deep evolutionary history.",
  "keywords": [
    {
      "term": "viral eukaryogenesis",
      "explanation": "a theoretical framework proposing that eukaryotic nuclei evolved from large DNA viruses through stable infection of archaeal hosts"
    },
    {
      "term": "giant DNA viruses",
      "explanation": "a group of viruses with large genomes that form complex virus factories, providing insights into early cellular structures"
    },
    {
      "term": "virus factories",
      "explanation": "intracellular compartments created by giant viruses for replication, analogous to primitive nuclear organizations"
    },
    {
      "term": "ushikuvirus",
      "explanation": "a recently characterized giant DNA virus that infects vermamoeba and exhibits unique capsid structures and nuclear membrane disruption during replication"
    },
    {
      "term": "archaeal ancestor",
      "explanation": "a hypothetical single-celled microorganism from the domain Archaea, considered a potential host in the viral origin of eukaryotes"
    },
    {
      "term": "cytopathic effect",
      "explanation": "cellular changes induced by viral infection, such as abnormal cell enlargement observed with ushikuvirus"
    },
    {
      "term": "Mamonoviridae",
      "explanation": "a family of giant DNA viruses, including Medusavirus, known for icosahedral shapes and infection of amoebas"
    },
    {
      "term": "pandoravirus",
      "explanation": "a genus of giant viruses noted for their large genomes and ability to disrupt nuclear membranes, relevant to evolutionary comparisons"
    }
  ],
  "questions": [
    {
      "question": "What does the viral eukaryogenesis hypothesis specifically propose about eukaryotic nuclei?",
      "options": [
        "They originated from large DNA viruses infecting archaeal cells",
        "They evolved from bacterial endosymbionts",
        "They formed spontaneously from organic molecules",
        "They are unrelated to viral evolution"
      ],
      "correct_answer": "A"
    },
    {
      "question": "How do virus factories created by giant DNA viruses relate to eukaryotic nuclei?",
      "options": [
        "They resemble primitive nuclear structures",
        "They are identical to modern nuclei",
        "They have no structural similarity",
        "They only exist in bacterial cells"
      ],
      "correct_answer": "A"
    },
    {
      "question": "What unique replication strategy does ushikuvirus employ compared to Medusavirus?",
      "options": [
        "It breaks down the nuclear membrane",
        "It replicates in the cytoplasm only",
        "It uses host ribosomes directly",
        "It does not require DNA replication"
      ],
      "correct_answer": "A"
    },
    {
      "question": "Which journal published the recent study on ushikuvirus?",
      "options": [
        "Journal of Virology",
        "Nature",
        "Science",
        "Cell"
      ],
      "correct_answer": "A"
    },
    {
      "question": "What is the significance of ushikuvirus's cytopathic effect?",
      "options": [
        "It causes infected cells to enlarge abnormally",
        "It kills host cells immediately",
        "It has no visible effect",
        "It only affects bacterial cells"
      ],
      "correct_answer": "A"
    },
    {
      "question": "How does the discovery of giant viruses support the viral eukaryogenesis theory?",
      "options": [
        "By showing structural similarities to nuclei",
        "By proving viruses are living organisms",
        "By demonstrating viral destruction of cells",
        "By indicating viruses evolved from eukaryotes"
      ],
      "correct_answer": "A"
    },
    {
      "question": "What role did Professor Takemura play in this research?",
      "options": [
        "He was a leading figure proposing the theory and conducting studies",
        "He only isolated the virus",
        "He criticized the theory",
        "He had no involvement"
      ],
      "correct_answer": "A"
    },
    {
      "question": "What family of giant viruses includes Medusavirus?",
      "options": [
        "Mamonoviridae",
        "Poxviridae",
        "Herpesviridae",
        "Retroviridae"
      ],
      "correct_answer": "A"
    },
    {
      "question": "Why are giant viruses considered difficult to study?",
      "options": [
        "Due to their diversity and isolation challenges",
        "Because they are too small to detect",
        "As they only infect humans",
        "Since they have no genetic material"
      ],
      "correct_answer": "A"
    },
    {
      "question": "What broader implication does Professor Takemura suggest about giant viruses?",
      "options": [
        "They connect the worlds of living organisms and viruses",
        "They are irrelevant to evolutionary biology",
        "They are primarily pathogens",
        "They have been fully understood"
      ],
      "correct_answer": "A"
    }
  ],
  "background_read": [
    "The origin of eukaryotic cells, characterized by membrane-bound nuclei, remains a pivotal question in evolutionary biology, with theories ranging from endosymbiosis to viral influences. Viruses, as obligate intracellular entities, have co-evolved with cellular life, and giant DNA viruses, discovered in the 21st century, challenge definitions of life due to their complexity and large genomes. The viral eukaryogenesis hypothesis integrates virology and cell biology, proposing that viral infections could have driven nuclear evolution through gene transfer and structural adaptations. Research methodologies involve isolating viruses from environmental samples, genomic sequencing, and microscopic analysis to compare infection mechanisms. This field intersects with studies on archaea, early life forms, and viral diversity, offering a framework to re-evaluate the tree of life and the role of viruses in major evolutionary transitions."
  ],
  "Article_Structure": [
    "This article critically examines the viral eukaryogenesis hypothesis, detailing its proposal by Takemura and Bell and its support from giant DNA virus discoveries. Main points include the theory's challenge to traditional evolution, evidence from virus factories and ushikuvirus's unique replication, and implications for understanding eukaryotic origins. The purpose is to advance evolutionary biology by exploring viral roles in cellular complexity, using evidence from peer-reviewed studies and laboratory research. Evidence evaluation notes robust data from the Journal of Virology but acknowledges reliance on correlative observations and hypothetical models. Author credibility is established through Takemura's academic leadership and collaborations, though potential bias toward confirming the theory exists. Methodology involves environmental isolation, genomic analysis, and comparative virology, providing empirical insights but limited by sample diversity and experimental constraints. Critical assessment highlights strengths in interdisciplinary approach and novel findings, but weaknesses include speculative elements and need for further experimental validation to solidify causal links in evolution."
  ],
  "perspectives": [
    {
      "perspective": "Interdisciplinary virology",
      "description": "Integrates virology, evolutionary biology, and cell biology to propose viruses as key agents in eukaryotic evolution."
    }
  ],
  "image_url": "/article_images/article_5b97f705537adade_228eaf51eed3.webp"
}