{
  "title": "Who Should Lead Venezuela?",
  "summary": "This article talks about Venezuela, a country in South America. The leader there is Nicolás Maduro, but many people do not like him. A top aide named David Smolansky, who works for opposition leader María Corina Machado, says Maduro's vice president, Delcy Rodríguez, is not trustworthy to lead the country. The White House in the U.S. is working with parts of Maduro's government after a raid. Smolansky explains that most Venezuelans want Maduro out of power and to face justice. He also mentions that the U.S. is helping guarantee rights, like having an attorney, which Maduro did not do. The article shows there is a big debate about who should be in charge of Venezuela.",
  "keywords": [
    {
      "term": "Venezuela",
      "explanation": "a country in South America where the story takes place"
    },
    {
      "term": "Nicolás Maduro",
      "explanation": "the current leader of Venezuela who many people oppose"
    },
    {
      "term": "Delcy Rodríguez",
      "explanation": "Maduro's vice president who some say is not trustworthy"
    },
    {
      "term": "David Smolansky",
      "explanation": "a top aide to opposition leader María Corina Machado"
    },
    {
      "term": "White House",
      "explanation": "the U.S. government building, representing American leaders"
    },
    {
      "term": "opposition",
      "explanation": "people who disagree with the current government and want change"
    }
  ],
  "questions": [
    {
      "question": "Who is the current leader of Venezuela mentioned in the article?",
      "options": [
        "Nicolás Maduro",
        "Delcy Rodríguez",
        "David Smolansky",
        "María Corina Machado"
      ],
      "correct_answer": "Nicolás Maduro"
    },
    {
      "question": "What does David Smolansky say about Delcy Rodríguez?",
      "options": [
        "She is trustworthy",
        "She is not trustworthy",
        "She is the president",
        "She is from the U.S."
      ],
      "correct_answer": "She is not trustworthy"
    },
    {
      "question": "Who does David Smolansky work for?",
      "options": [
        "Nicolás Maduro",
        "The White House",
        "María Corina Machado",
        "Delcy Rodríguez"
      ],
      "correct_answer": "María Corina Machado"
    },
    {
      "question": "What country's government is working with parts of Maduro's regime?",
      "options": [
        "Venezuela",
        "Mexico",
        "The United States",
        "Canada"
      ],
      "correct_answer": "The United States"
    },
    {
      "question": "What do most Venezuelans want for Maduro according to the article?",
      "options": [
        "To stay in power",
        "To be vice president",
        "Out of power and to face justice",
        "To move to the U.S."
      ],
      "correct_answer": "Out of power and to face justice"
    },
    {
      "question": "What right is the U.S. helping guarantee that Maduro did not do?",
      "options": [
        "Having an attorney",
        "Voting",
        "Traveling",
        "Going to school"
      ],
      "correct_answer": "Having an attorney"
    }
  ],
  "background_read": [
    "Venezuela is a country in South America with a long history of political conflicts. Nicolás Maduro became president after Hugo Chávez, and many people protest against his government because of economic problems and lack of freedom. Opposition leaders like María Corina Machado want fair elections and change. The United States often gets involved in other countries' politics to support democracy and human rights. This article discusses who should lead Venezuela and why some people do not trust the current leaders."
  ],
  "Article_Structure": [
    "WHO: David Smolansky, a top aide to opposition leader María Corina Machado, and other Venezuelan leaders like Nicolás Maduro and Delcy Rodríguez.",
    "WHAT: A discussion about who should lead Venezuela, with Smolansky saying Maduro's vice president is not trustworthy and most Venezuelans want Maduro out.",
    "WHERE: Venezuela and the United States, as the White House is involved.",
    "WHY: To explain the debate over leadership in Venezuela and the opposition's views on trust and justice."
  ],
  "perspectives": [
    {
      "perspective": "Opposition view",
      "description": "David Smolansky represents the opposition, arguing that Maduro and his vice president are not trustworthy and that most Venezuelans want change and justice."
    }
  ],
  "image_url": "/article_images/article_36cc9deb2df0f19c_64f481dbf476.webp"
}