{
  "title": "Venus Williams Breaks Age Record at Australian Open",
  "summary": "Venus Williams, aged 45, has been awarded the final women's wildcard for the Australian Open, setting a new record as the oldest female player to compete in the main draw of this Grand Slam event. This surpasses the previous record held by Kimiko Date, who was 44 when she played in 2015. Williams, a seven-time Grand Slam champion and former world number one, expressed gratitude for returning to Melbourne Park, where she has been a runner-up twice in 2003 and 2017. Her participation follows a recent return to the US Open in 2023, where she was the third-oldest woman in the Open era. Additionally, Williams has accepted a wildcard for the Hobart International warm-up event starting on January 12, alongside players like Emma Raducanu. Her last appearance at the Australian Open was in 2021, ending in a second-round loss to Sara Errani. This wildcard highlights her enduring career and the tournament's recognition of her legacy in tennis.",
  "keywords": [
    {
      "term": "wildcard",
      "explanation": "an invitation granted to a player for direct entry into a tournament, often based on past achievements or popularity"
    },
    {
      "term": "Grand Slam champion",
      "explanation": "a player who has won one of the four major tennis tournaments: Australian Open, French Open, Wimbledon, or US Open"
    },
    {
      "term": "Melbourne Park",
      "explanation": "the venue in Melbourne, Australia, where the Australian Open is held"
    },
    {
      "term": "Open era",
      "explanation": "the period in tennis since 1968 when professionals were allowed to compete in Grand Slam tournaments"
    },
    {
      "term": "warm-up event",
      "explanation": "a smaller tournament played before a major event to help players prepare"
    }
  ],
  "questions": [
    {
      "question": "What record does Venus Williams set by playing in the Australian Open?",
      "options": [
        "Youngest female player",
        "Most Grand Slam wins",
        "Oldest female player",
        "Fastest serve"
      ],
      "correct_answer": "Oldest female player"
    },
    {
      "question": "Who held the previous age record at the Australian Open?",
      "options": [
        "Serena Williams",
        "Kimiko Date",
        "Emma Raducanu",
        "Sara Errani"
      ],
      "correct_answer": "Kimiko Date"
    },
    {
      "question": "How many times has Venus Williams been a runner-up at the Australian Open?",
      "options": [
        "Once",
        "Twice",
        "Three times",
        "Never"
      ],
      "correct_answer": "Twice"
    },
    {
      "question": "Which warm-up event will Venus Williams play before the Australian Open?",
      "options": [
        "US Open",
        "Hobart International",
        "Wimbledon",
        "French Open"
      ],
      "correct_answer": "Hobart International"
    },
    {
      "question": "In what year did Venus Williams last play at the Australian Open before this wildcard?",
      "options": [
        "2020",
        "2021",
        "2022",
        "2023"
      ],
      "correct_answer": "2021"
    },
    {
      "question": "What is the significance of the Open era in tennis?",
      "options": [
        "When amateurs were allowed",
        "When professionals were allowed in Grand Slams",
        "When tennis became an Olympic sport",
        "When electronic scoring started"
      ],
      "correct_answer": "When professionals were allowed in Grand Slams"
    },
    {
      "question": "Who defeated Venus Williams in the second round in 2021?",
      "options": [
        "Karolina Muchova",
        "Sara Errani",
        "Emma Raducanu",
        "Kimiko Date"
      ],
      "correct_answer": "Sara Errani"
    },
    {
      "question": "What did Venus Williams say about returning to the Australian Open?",
      "options": [
        "She is unhappy",
        "She is grateful",
        "She is nervous",
        "She is retiring"
      ],
      "correct_answer": "She is grateful"
    }
  ],
  "background_read": [
    "The Australian Open is one of the four Grand Slam tennis tournaments, held annually in Melbourne, Australia. Wildcards are entries given to players who do not qualify through rankings, often to promote the sport or honor legendary players. Venus Williams is an American tennis icon, known for her powerful play and longevity in the sport, with seven Grand Slam singles titles. Her career spans decades, and she has faced challenges like injuries and age, but continues to compete. The Open era began in 1968, allowing professional players to participate in major tournaments, changing the landscape of tennis."
  ],
  "Article_Structure": [
    "Main Points: Venus Williams receives a wildcard for the Australian Open, becoming the oldest female player in the main draw, breaking Kimiko Date's record. She expresses gratitude and will play in the Hobart International warm-up. Purpose: To report on Williams' wildcard award and highlight her career milestones and age record. Evidence Evaluation: The article cites specific facts like her age, past performances, and tournament dates, but lacks direct sources beyond her statement. Author Credibility: The BBC is a reputable news source, but the article is brief and doesn't detail the author's tennis expertise. Methodology: Information is gathered from tournament announcements and Williams' quotes, typical for sports news reporting."
  ],
  "perspectives": [
    {
      "perspective": "Career Longevity",
      "description": "Venus Williams' wildcard demonstrates how athletes can maintain relevance and compete at older ages in professional sports."
    }
  ],
  "image_url": "/article_images/article_12becf155e667419_8aba640833ce.webp"
}