{
  "title": "Resilience and Solidarity: Analyzing the Miss Universe Bullying Controversy",
  "summary": "The Miss Universe pageant recently witnessed a significant episode where Fátima Bosch Fernández from Mexico secured the crown, but her triumph was overshadowed by a controversy stemming from bullying by a local organizer. The incident began with sharp criticisms directed at Fátima, which many interpreted as verbal harassment, leading to a walkout by participants and attendees. This act of protest was coupled with expressions of feminist solidarity, emphasizing the broader struggle for gender equality and respect in competitive environments. The organizer subsequently offered a tearful and melodramatic apology, acknowledging the detrimental impact of his actions. Fátima's ability to persevere and ultimately win the title underscores themes of resilience and the power of collective support in confronting injustice. This event not only highlights personal courage but also raises questions about the ethics and pressures within beauty pageants, reflecting societal issues such as bullying, power dynamics, and the role of public figures in advocating for change. The coverage by PBS NewsHour provides a lens through which to examine how media narratives shape public perception of such incidents.",
  "keywords": [
    {
      "term": "bullying",
      "explanation": "a pattern of repeated, unwanted aggressive behavior that involves a real or perceived power imbalance, often causing psychological harm"
    },
    {
      "term": "feminist solidarity",
      "explanation": "a collective action rooted in feminist theory that seeks to challenge patriarchal norms and support gender equality through unified efforts"
    },
    {
      "term": "walkout",
      "explanation": "a strategic form of protest where individuals exit an event to dissent against perceived injustices, often used to amplify social messages"
    },
    {
      "term": "apology",
      "explanation": "a communicative act expressing regret for wrongdoing, which can involve emotional displays and is critical in conflict resolution and public relations"
    },
    {
      "term": "resilience",
      "explanation": "the psychological capacity to adapt and thrive in the face of adversity, often developed through supportive networks and personal determination"
    },
    {
      "term": "controversy",
      "explanation": "a complex dispute arising from conflicting viewpoints, frequently involving moral, social, or ethical dimensions that attract public debate"
    },
    {
      "term": "pageant",
      "explanation": "a culturally significant competition that often scrutinizes aesthetics and poise, but increasingly engages with issues of identity and empowerment"
    },
    {
      "term": "organizer",
      "explanation": "an individual with authority in event management, whose actions can influence participant experiences and public outcomes, potentially reflecting broader institutional biases"
    },
    {
      "term": "solidarity",
      "explanation": "a principle of unity and mutual aid among individuals or groups, often mobilized in social movements to address systemic inequalities"
    },
    {
      "term": "adversity",
      "explanation": "challenging circumstances that test an individual's fortitude, often serving as a catalyst for personal growth and social change"
    },
    {
      "term": "ethics",
      "explanation": "moral principles that govern behavior, particularly relevant in contexts like pageants where fairness and respect are paramount"
    },
    {
      "term": "power dynamics",
      "explanation": "the ways in which power is distributed and exercised in relationships, often leading to issues like bullying in hierarchical settings"
    }
  ],
  "questions": [
    {
      "question": "What initiated the controversy at the Miss Universe pageant?",
      "options": [
        "Bullying remarks from the organizer",
        "A judging error",
        "Contestant withdrawal",
        "Media interference"
      ],
      "correct_answer": "Bullying remarks from the organizer"
    },
    {
      "question": "How did the walkout function as a form of protest?",
      "options": [
        "It demonstrated collective dissent and support",
        "It was a random act",
        "It celebrated the winner",
        "It ended the event early"
      ],
      "correct_answer": "It demonstrated collective dissent and support"
    },
    {
      "question": "What broader social issue does the article connect to the incident?",
      "options": [
        "Gender equality and bullying",
        "Economic policies",
        "Environmental concerns",
        "Technological advances"
      ],
      "correct_answer": "Gender equality and bullying"
    },
    {
      "question": "Why is the organizer's apology described as 'melodramatic'?",
      "options": [
        "It was overly emotional and theatrical",
        "It was insincere",
        "It was written formally",
        "It was given in private"
      ],
      "correct_answer": "It was overly emotional and theatrical"
    },
    {
      "question": "What does Fátima's resilience illustrate in this context?",
      "options": [
        "The ability to overcome personal challenges with support",
        "The importance of physical beauty",
        "The need for strict rules",
        "The role of luck in competitions"
      ],
      "correct_answer": "The ability to overcome personal challenges with support"
    },
    {
      "question": "How might this event influence public perception of beauty pageants?",
      "options": [
        "By highlighting ethical issues and the need for reform",
        "By focusing only on winners",
        "By ignoring social aspects",
        "By promoting entertainment over substance"
      ],
      "correct_answer": "By highlighting ethical issues and the need for reform"
    },
    {
      "question": "What role did feminist solidarity play in the incident?",
      "options": [
        "It provided a unified response against injustice",
        "It caused more conflict",
        "It was irrelevant",
        "It supported the organizer"
      ],
      "correct_answer": "It provided a unified response against injustice"
    },
    {
      "question": "Why is the source PBS NewsHour relevant to the article's credibility?",
      "options": [
        "It is a reputable news organization",
        "It is a fictional source",
        "It focuses on entertainment only",
        "It has no journalistic standards"
      ],
      "correct_answer": "It is a reputable news organization"
    },
    {
      "question": "What methodological approach did the article likely use?",
      "options": [
        "Summarizing eyewitness accounts and reports",
        "Conducting original experiments",
        "Using fictional narratives",
        "Relying on anonymous blogs"
      ],
      "correct_answer": "Summarizing eyewitness accounts and reports"
    },
    {
      "question": "How does the article critically assess the incident?",
      "options": [
        "By examining its implications for social justice",
        "By praising everything unconditionally",
        "By ignoring consequences",
        "By focusing solely on Fátima's beauty"
      ],
      "correct_answer": "By examining its implications for social justice"
    },
    {
      "question": "What potential bias might exist in the reporting?",
      "options": [
        "Emphasis on emotional aspects over factual depth",
        "Complete objectivity",
        "Support for the organizer",
        "Disregard for audience impact"
      ],
      "correct_answer": "Emphasis on emotional aspects over factual depth"
    },
    {
      "question": "How does this story relate to larger discussions on power dynamics?",
      "options": [
        "It shows how authority figures can misuse power",
        "It denies any power issues",
        "It only discusses individual achievements",
        "It focuses on economic power"
      ],
      "correct_answer": "It shows how authority figures can misuse power"
    }
  ],
  "background_read": [
    "Beauty pageants like Miss Universe have historical roots in judging women based on appearance but have increasingly incorporated elements of advocacy and social commentary. Bullying in such contexts often reflects deeper societal issues, such as gender-based discrimination and the objectification of women. Feminist theories emphasize solidarity as a tool for resistance, and public apologies in media can shape narratives of accountability. Understanding these dynamics requires knowledge of social psychology, media studies, and ethics, as events like this serve as case studies in how public figures navigate controversy and inspire cultural change."
  ],
  "Article_Structure": [
    "The article's main points detail Fátima Bosch Fernández's victory at the Miss Universe pageant amid a bullying incident by an organizer, which sparked a walkout and feminist solidarity, culminating in an emotional apology. Its purpose is to critique power dynamics and promote discussions on resilience and equality within competitive settings, situating the event in broader social justice contexts. Evidence evaluation notes that the reporting relies on PBS NewsHour's credibility, but as a summary, it lacks primary sources or data, limiting rigorous assessment. Author credibility is inferred from the source's reputation, though potential biases toward emotional storytelling may affect objectivity. Methodology involves synthesizing event accounts, likely from news reports, without original research, offering a narrative that emphasizes human interest over analytical depth. Critical assessment highlights the article's strength in raising awareness but its limitation in providing comprehensive evidence or exploring counter perspectives, underscoring the need for further investigation into pageant ethics and media representation."
  ],
  "perspectives": [
    {
      "perspective": "Fátima's perspective",
      "description": "She embodies resilience, using the platform to challenge bullying and advocate for personal dignity, potentially influencing future pageant norms."
    },
    {
      "perspective": "Feminist perspective",
      "description": "This view frames the incident as symptomatic of patriarchal structures in beauty contests, advocating for systemic change to ensure equity and respect."
    },
    {
      "perspective": "Organizer's perspective",
      "description": "His apology may reflect genuine remorse or strategic damage control, raising questions about accountability and the pressures of event management."
    },
    {
      "perspective": "Media perspective",
      "description": "PBS NewsHour's coverage prioritizes human interest and social issues, potentially shaping public discourse on bullying and solidarity in entertainment."
    },
    {
      "perspective": "Societal perspective",
      "description": "The event resonates with ongoing debates about bullying, gender roles, and the ethical responsibilities of public competitions in modern culture."
    }
  ],
  "image_url": "/article_images/article_69ca306cc4805743_eaf04cf87b57.jpg"
}