{
  "title": "Jurisdictional Accountability in Digital Dissent: The Case of Ghanem al-Masarir vs. Saudi Arabia",
  "summary": "The article chronicles the experiences of Ghanem al-Masarir, a YouTuber residing in Wembley, London, whose satirical critiques of the Saudi Arabian royal family garnered immense online traction, with videos accumulating hundreds of millions of views. This digital prominence, however, precipitated a series of coercive measures attributed to Saudi state actors. In 2018, al-Masarir observed anomalous phone behaviors—diminished performance and accelerated battery depletion—prompting suspicions of surveillance. Concurrently, he faced stalking and harassment in London by individuals purportedly aligned with the Saudi regime, who documented and accosted him publicly. Cybersecurity analyses subsequently verified that his iPhones had been infiltrated using the Pegasus spyware, a tool developed by the NSO Group, facilitating unauthorized access to geolocation data, audiovisual feeds, and personal archives. The breach was traced to phishing attempts via text messages containing malicious links. Escalating to physical violence, al-Masarir was assaulted in central London in August 2018 by two assailants who interrogated him regarding his criticisms of the Saudi monarchy before perpetrating a premeditated attack, mitigated only by bystander intervention. The High Court in London, after extensive litigation, adjudicated that Saudi Arabia bore responsibility for both the cyber espionage and the assault, with Justice Saini's ruling emphasizing a 'compelling basis' for state authorization, motivated by the kingdom's interest in quelling dissent. The court mandated compensation exceeding £3 million, underscoring the extraterritorial implications of state-sponsored repression. This narrative elucidates the interplay between digital activism, advanced surveillance technologies, and international legal frameworks, highlighting the vulnerabilities of dissidents in an interconnected world and the judiciary's capacity to impose accountability on sovereign entities for transnational violations.",
  "keywords": [
    {
      "term": "Pegasus spyware",
      "explanation": "a highly advanced surveillance tool developed by the NSO Group that exploits zero-day vulnerabilities to remotely compromise smartphones, enabling extensive data extraction and real-time monitoring without user consent"
    },
    {
      "term": "extraterritorial jurisdiction",
      "explanation": "the legal principle allowing a state to exercise authority beyond its national borders, often invoked in cases involving cross-border crimes or human rights abuses perpetrated by foreign actors"
    },
    {
      "term": "phishing",
      "explanation": "a cyberattack method that uses deceptive communications, such as fraudulent text messages or emails, to trick individuals into revealing sensitive information or installing malware"
    },
    {
      "term": "state-sponsored repression",
      "explanation": "systematic actions undertaken or sanctioned by a government to suppress political opposition, dissent, or free expression, frequently involving surveillance, harassment, or violence"
    },
    {
      "term": "judicial adjudication",
      "explanation": "the process by which a court examines evidence and legal arguments to render a formal decision or judgment in a dispute, establishing legal precedents and accountability"
    },
    {
      "term": "digital dissent",
      "explanation": "the use of online platforms and digital technologies to express opposition to governmental policies or authorities, often facing risks of censorship, surveillance, or retaliation"
    },
    {
      "term": "cybersecurity forensics",
      "explanation": "the scientific analysis and investigation of digital devices and networks to uncover evidence of cybercrimes, such as hacking incidents, involving techniques like malware detection and data recovery"
    },
    {
      "term": "compensatory damages",
      "explanation": "monetary awards granted by courts to plaintiffs as restitution for losses or injuries suffered due to wrongful acts, calculated based on the extent of harm and intended to restore the victim financially"
    },
    {
      "term": "sovereign immunity",
      "explanation": "a legal doctrine that traditionally shields states from being sued in foreign courts, though exceptions exist for certain acts, such as commercial activities or human rights violations, as challenged in this case"
    },
    {
      "term": "transnational litigation",
      "explanation": "legal proceedings that involve parties or issues spanning multiple countries, requiring navigation of complex international laws and jurisdictional conflicts to seek redress"
    }
  ],
  "questions": [
    {
      "question": "What technological tool was central to the cyber espionage against al-Masarir, and which organization developed it?",
      "options": [
        "Pegasus spyware by the NSO Group",
        "Stuxnet by the US government",
        "Malware by anonymous hackers",
        "Firewall by Apple"
      ],
      "correct_answer": "Pegasus spyware by the NSO Group"
    },
    {
      "question": "How did the High Court judge, Justice Saini, characterize the evidence linking Saudi Arabia to the assault?",
      "options": [
        "As a 'compelling basis' for state authorization",
        "As insufficient for a ruling",
        "As purely circumstantial",
        "As fabricated by al-Masarir"
      ],
      "correct_answer": "As a 'compelling basis' for state authorization"
    },
    {
      "question": "What legal principle did the case challenge regarding Saudi Arabia's liability in a UK court?",
      "options": [
        "Sovereign immunity exceptions for human rights violations",
        "Diplomatic immunity for ambassadors",
        "Extradition treaties between nations",
        "International copyright laws"
      ],
      "correct_answer": "Sovereign immunity exceptions for human rights violations"
    },
    {
      "question": "What method was used to deliver the Pegasus spyware to al-Masarir's phones?",
      "options": [
        "Phishing via text messages with malicious links",
        "Physical installation by attackers",
        "Wi-Fi network interception",
        "App store downloads"
      ],
      "correct_answer": "Phishing via text messages with malicious links"
    },
    {
      "question": "What broader implication does the case have for digital activists operating in exile?",
      "options": [
        "It highlights risks of cross-border state repression using cyber tools",
        "It guarantees safety under international law",
        "It encourages more online criticism without consequences",
        "It focuses solely on financial compensation"
      ],
      "correct_answer": "It highlights risks of cross-border state repression using cyber tools"
    },
    {
      "question": "How did the court assess the motivation behind Saudi Arabia's actions against al-Masarir?",
      "options": [
        "As an interest in silencing public criticism of the government",
        "As a random act of violence",
        "As a response to al-Masarir's support for Qatar",
        "As a misunderstanding of his videos"
      ],
      "correct_answer": "As an interest in silencing public criticism of the government"
    },
    {
      "question": "What role did cybersecurity experts play in the legal proceedings?",
      "options": [
        "They confirmed the hacking and linked it to Pegasus",
        "They testified that al-Masarir hacked himself",
        "They provided evidence for the assault only",
        "They dismissed the hacking claims as false"
      ],
      "correct_answer": "They confirmed the hacking and linked it to Pegasus"
    },
    {
      "question": "What does the term 'extraterritorial' refer to in the context of this case?",
      "options": [
        "Actions by a state beyond its own borders, such as in the UK",
        "Legal proceedings within Saudi Arabia",
        "Digital activities confined to one country",
        "The assault occurring in Wembley only"
      ],
      "correct_answer": "Actions by a state beyond its own borders, such as in the UK"
    },
    {
      "question": "What was the significance of the assailant wearing an earpiece during the attack?",
      "options": [
        "It suggested coordination and premeditation, supporting state involvement",
        "It was irrelevant to the court's decision",
        "It indicated the attacker was listening to music",
        "It proved the attack was spontaneous"
      ],
      "correct_answer": "It suggested coordination and premeditation, supporting state involvement"
    },
    {
      "question": "How does the article frame the intersection of technology and human rights in this case?",
      "options": [
        "As a demonstration of how spyware can facilitate repression against dissidents",
        "As a success story for cybersecurity innovations",
        "As a minor issue unrelated to free speech",
        "As a case solely about physical violence"
      ],
      "correct_answer": "As a demonstration of how spyware can facilitate repression against dissidents"
    }
  ],
  "background_read": [
    "This article provides a nuanced examination of the legal and technological dimensions surrounding Ghanem al-Masarir's case against Saudi Arabia. To fully grasp its implications, background knowledge is required on several fronts: the geopolitical tensions between Saudi Arabia and critics, often involving allegations of human rights abuses and suppression of dissent; the NSO Group and its Pegasus spyware, which has been implicated in global surveillance scandals targeting journalists, activists, and politicians; the UK legal system, particularly the High Court's role in adjudicating international disputes and exceptions to sovereign immunity under laws like the State Immunity Act 1978; cybersecurity concepts such as phishing, zero-day exploits, and forensic analysis; and the broader discourse on digital rights, including how platforms like YouTube enable dissent but also expose users to transnational threats. Understanding these elements illuminates the case's significance as a precedent for holding states accountable for extraterritorial cyber operations and physical attacks, reflecting ongoing debates about privacy, free expression, and the limits of state power in the digital age."
  ],
  "Article_Structure": [
    "The article systematically details al-Masarir's trajectory from a popular YouTuber to a victim of state-sponsored cyber espionage and physical violence, culminating in a landmark High Court ruling. Main points include the use of Pegasus spyware for surveillance, the premeditated assault in London, and the legal attribution of responsibility to Saudi Arabia. Its purpose is to critique the extraterritorial reach of repressive regimes and advocate for judicial accountability in transnational human rights cases. Evidence evaluation highlights credible cybersecurity confirmations and court testimonies, though reliance on al-Masarir's account may introduce subjective elements. Author credibility stems from BBC's journalistic standards, but the piece lacks direct sourcing from Saudi officials, potentially skewing perspective. Methodology combines legal documentation, expert interviews, and narrative storytelling, offering a compelling but potentially one-sided analysis. Critical assessment notes strengths in exposing spyware abuses and legal precedents, but limitations include minimal counter-narrative and complexity in proving state intent, underscoring the challenges of litigating against sovereign entities in digital repression contexts."
  ],
  "perspectives": [
    {
      "perspective": "Human rights perspective",
      "description": "Emphasizes the case as a violation of fundamental rights to free speech and privacy, highlighting the need for stronger international protections against state-sponsored digital surveillance and violence."
    }
  ],
  "image_url": "/article_images/article_a7d66b4b17be057c_8c8c2ea6b44c.webp"
}