{
  "title": "Cannabis Beverages as a Tool for Reducing Alcohol Consumption",
  "summary": "A study led by public health researchers at the University at Buffalo explores the potential of cannabis-infused drinks to reduce alcohol use. Published in the Journal of Psychoactive Drugs, this research is the first to specifically examine cannabis beverages as a harm reduction strategy for alcohol. Harm reduction focuses on minimizing negative effects of substance use rather than insisting on abstinence. The study surveyed 438 anonymous adults who had used cannabis in the past year, with about one-third reporting use of cannabis beverages. Findings show that participants who consumed cannabis drinks were more likely to substitute them for alcohol compared to those using other cannabis products. On average, these individuals reduced their weekly alcohol consumption from 7.02 drinks to 3.35 drinks after starting cannabis beverages. Additionally, nearly two-thirds reported reducing or stopping alcohol use, while only a small portion increased drinking. The study highlights that cannabis generally presents fewer risks than heavy alcohol consumption, which is linked to serious health issues like cancer. However, researchers note that broader acceptance of this approach may take time as cannabis beverages are a new modality. With rising sales and growing interest in reducing alcohol intake, this research suggests cannabis drinks could offer a practical alternative for harm reduction.",
  "keywords": [
    {
      "term": "harm reduction",
      "explanation": "a public health strategy to lower negative effects of substance use without requiring complete abstinence"
    },
    {
      "term": "cannabis beverages",
      "explanation": "drinks infused with cannabis, used as an alternative to alcohol"
    },
    {
      "term": "alcohol consumption",
      "explanation": "the act of drinking alcoholic beverages, which can lead to health risks"
    },
    {
      "term": "substitution",
      "explanation": "replacing one substance, like alcohol, with another, such as cannabis drinks"
    },
    {
      "term": "survey",
      "explanation": "a research method where participants answer questions to gather data on habits and behaviors"
    }
  ],
  "questions": [
    {
      "question": "What journal published the study on cannabis beverages and alcohol reduction?",
      "options": [
        "Journal of Public Health",
        "Journal of Psychoactive Drugs",
        "Science Daily",
        "Medical Research Journal"
      ],
      "correct_answer": "Journal of Psychoactive Drugs"
    },
    {
      "question": "What is the main focus of harm reduction strategies?",
      "options": [
        "Complete abstinence from all substances",
        "Minimizing risks associated with substance use",
        "Increasing alcohol consumption",
        "Promoting only cannabis use"
      ],
      "correct_answer": "Minimizing risks associated with substance use"
    },
    {
      "question": "How many participants in the study reported using cannabis beverages?",
      "options": [
        "About one-third",
        "All 438",
        "Less than 10%",
        "More than half"
      ],
      "correct_answer": "About one-third"
    },
    {
      "question": "What was the average reduction in weekly alcoholic drinks for cannabis beverage users?",
      "options": [
        "From 10 to 5 drinks",
        "From 7.02 to 3.35 drinks",
        "From 5 to 2 drinks",
        "No reduction"
      ],
      "correct_answer": "From 7.02 to 3.35 drinks"
    },
    {
      "question": "What percentage of respondents reduced or stopped alcohol after starting cannabis drinks?",
      "options": [
        "25%",
        "62.6%",
        "90%",
        "10%"
      ],
      "correct_answer": "62.6%"
    },
    {
      "question": "Why might broader acceptance of cannabis drinks as harm reduction take time?",
      "options": [
        "They are too expensive",
        "They are a new modality of use",
        "They are illegal everywhere",
        "They taste bad"
      ],
      "correct_answer": "They are a new modality of use"
    },
    {
      "question": "What health issue is linked to alcohol according to the article?",
      "options": [
        "Improved digestion",
        "Cancer",
        "Better sleep",
        "Increased energy"
      ],
      "correct_answer": "Cancer"
    },
    {
      "question": "What did the study find about substitution rates for cannabis beverage users?",
      "options": [
        "They were less likely to substitute for alcohol",
        "They were more likely to substitute for alcohol compared to other cannabis users",
        "They never substituted for alcohol",
        "They only substituted for tobacco"
      ],
      "correct_answer": "They were more likely to substitute for alcohol compared to other cannabis users"
    }
  ],
  "background_read": [
    "This article discusses a study on cannabis beverages as a harm reduction tool for alcohol use. Harm reduction is a public health approach that aims to reduce negative consequences of substance use, recognizing that complete abstinence may not be realistic for everyone. Alcohol consumption is associated with serious health risks, including cancer and numerous diseases, while cannabis is often considered less harmful. The study, conducted by researchers at the University at Buffalo, surveyed adults who use cannabis to assess if cannabis drinks could help cut back on alcohol. Results indicate that those using cannabis beverages significantly reduced their alcohol intake, suggesting a potential alternative for individuals seeking to moderate their drinking. However, the research is preliminary, and broader societal acceptance may be slow due to the novelty of cannabis drinks. This topic is relevant as sales of such beverages are growing, and many people are looking for ways to reduce alcohol consumption for health reasons."
  ],
  "Article_Structure": [
    "Main Points: The study found that cannabis beverage users reduced weekly alcohol drinks from 7.02 to 3.35 on average, with 62.6% reporting reduced or stopped alcohol use, highlighting substitution as a harm reduction strategy. Purpose: To explore cannabis drinks as a novel tool for alcohol harm reduction, addressing public health concerns over alcohol-related risks. Evidence Evaluation: Based on a survey of 438 adults, providing self-reported data which may have biases but offers initial insights; published in a peer-reviewed journal adds credibility. Author Credibility: Led by Jessica Kruger, PhD, a clinical associate professor at UB, with expertise in public health and behavior. Methodology: Used anonymous surveys to gather data on cannabis and alcohol use patterns, focusing on substitution behaviors and consumption changes."
  ],
  "perspectives": [
    {
      "perspective": "Public health innovation",
      "description": "Cannabis beverages could introduce a new, safer alternative to reduce alcohol-related harms and promote healthier lifestyles."
    }
  ],
  "image_url": "/article_images/article_528aca38a9224cde_30deb35f6804.webp"
}