{
  "title": "Historic Supermajority for Japan's LDP Under Prime Minister Takaichi: Implications for Policy and Geopolitics",
  "summary": "In a pivotal parliamentary election, Prime Minister Sanae Takaichi's Liberal Democratic Party (LDP) achieved a two-thirds supermajority in Japan's lower house, marking a historic electoral triumph. Preliminary results from NHK indicate the LDP secured 316 seats, exceeding the 261-seat absolute majority in the 465-member chamber and surpassing the previous record of 300 seats set in 1986. Combined with 36 seats from its ally, the Japan Innovation Party, the ruling coalition commands 352 seats, providing Takaichi with substantial legislative leverage. As Japan's first female prime minister and an ultraconservative leader, Takaichi aims to pursue a right-wing agenda focused on enhancing economic robustness and military capabilities, addressing escalating tensions with China while strengthening alliances with the United States. Despite recent LDP scandals and funding controversies, Takaichi strategically called an early election after merely three months in office to capitalize on her high popularity, particularly among younger demographics attracted to her blend of playful and tough leadership. This supermajority facilitates progress on constitutional and policy reforms, though challenges persist due to the lack of a majority in the upper house. Takaichi has expressed intentions to adopt a flexible approach, seeking opposition collaboration while advancing her nationalist objectives, which could reshape Japan's domestic and international trajectory.",
  "keywords": [
    {
      "term": "supermajority",
      "explanation": "a legislative threshold where a party controls at least two-thirds of seats, enabling passage of significant laws and potential constitutional amendments without opposition consensus"
    },
    {
      "term": "bicameral parliament",
      "explanation": "a legislative system with two chambers, in Japan comprising the lower house (more influential) and upper house, each with distinct powers"
    },
    {
      "term": "ultraconservative",
      "explanation": "a political ideology emphasizing traditional values, national sovereignty, and assertive foreign policy, often associated with right-wing movements"
    },
    {
      "term": "legislative leverage",
      "explanation": "the strategic advantage gained from controlling a majority of seats, allowing for efficient enactment of preferred policies"
    },
    {
      "term": "constitutional reforms",
      "explanation": "proposed changes to a nation's fundamental legal framework, which in Japan may involve amendments to pacifist clauses under Article 9"
    },
    {
      "term": "geopolitical tensions",
      "explanation": "complex international disputes involving territorial, economic, or military rivalries, such as those between Japan and China in the Asia-Pacific region"
    },
    {
      "term": "strategic election timing",
      "explanation": "the calculated decision to hold elections early to maximize electoral success based on current political capital and public sentiment"
    },
    {
      "term": "coalition dynamics",
      "explanation": "the interactions and power-sharing arrangements between allied political parties within a governing bloc"
    },
    {
      "term": "nationalist objectives",
      "explanation": "policy goals centered on promoting national identity, security, and independence, often driving right-wing agendas"
    },
    {
      "term": "demographic appeal",
      "explanation": "the ability of a leader or party to attract support from specific population segments, such as younger voters in Takaichi's case"
    }
  ],
  "questions": [
    {
      "question": "What historical significance does the LDP's seat count of 316 hold?",
      "options": [
        "It breaks the party's record since 1955",
        "It is the lowest in history",
        "It matches the upper house majority",
        "It indicates a decline in support"
      ],
      "correct_answer": "It breaks the party's record since 1955"
    },
    {
      "question": "How does the supermajority impact Takaichi's ability to pursue constitutional reforms?",
      "options": [
        "It allows easier passage without opposition support",
        "It requires upper house approval only",
        "It has no effect",
        "It prevents any changes"
      ],
      "correct_answer": "It allows easier passage without opposition support"
    },
    {
      "question": "What geopolitical factors influence Takaichi's policy agenda?",
      "options": [
        "Tensions with China and relations with the U.S.",
        "Only domestic economic issues",
        "Climate change exclusively",
        "Cultural exchanges with Europe"
      ],
      "correct_answer": "Tensions with China and relations with the U.S."
    },
    {
      "question": "Why is Takaichi's leadership style described as both playful and tough?",
      "options": [
        "It resonates with younger voters and projects strength",
        "It shows inconsistency",
        "It is solely based on humor",
        "It avoids serious policy matters"
      ],
      "correct_answer": "It resonates with younger voters and projects strength"
    },
    {
      "question": "What challenges does Takaichi face despite the lower house supermajority?",
      "options": [
        "Lack of majority in the upper house",
        "Overwhelming opposition support",
        "No international recognition",
        "Economic stagnation only"
      ],
      "correct_answer": "Lack of majority in the upper house"
    },
    {
      "question": "How did Takaichi address recent LDP scandals in her electoral strategy?",
      "options": [
        "By calling an early election to renew mandate",
        "By ignoring them completely",
        "By resigning from office",
        "By blaming opponents solely"
      ],
      "correct_answer": "By calling an early election to renew mandate"
    },
    {
      "question": "What role does the Japan Innovation Party play in the ruling coalition?",
      "options": [
        "It contributes seats to enhance the supermajority",
        "It acts as the main opposition",
        "It has no influence",
        "It focuses only on innovation policies"
      ],
      "correct_answer": "It contributes seats to enhance the supermajority"
    },
    {
      "question": "How might Takaichi's ultraconservative stance affect Japan's foreign policy?",
      "options": [
        "It could lead to more assertive military and economic postures",
        "It promotes isolationism",
        "It reduces alliances",
        "It has no impact"
      ],
      "correct_answer": "It could lead to more assertive military and economic postures"
    },
    {
      "question": "What demographic shift does Takaichi's popularity among younger fans indicate?",
      "options": [
        "Increased political engagement from youth",
        "Decreased interest in politics",
        "Stable voter turnout",
        "Focus only on older generations"
      ],
      "correct_answer": "Increased political engagement from youth"
    },
    {
      "question": "How does the article assess the credibility of the election results?",
      "options": [
        "Based on NHK's preliminary reports and media sources",
        "Through official government statements only",
        "Using speculative analysis",
        "Ignoring external verification"
      ],
      "correct_answer": "Based on NHK's preliminary reports and media sources"
    }
  ],
  "background_read": [
    "Japan's political landscape is characterized by the long-standing dominance of the Liberal Democratic Party, which has governed for most of the post-war era, often amidst scandals and factional disputes. The bicameral Diet consists of the House of Representatives (lower house) and House of Councillors (upper house), with the lower house holding primacy in legislation and budget approval. A supermajority in the lower house enables not only routine lawmaking but also potential revisions to Japan's pacifist constitution, a contentious issue given regional security dynamics. Takaichi's ascent as the first female prime minister intersects with her ultraconservative ideology, advocating for enhanced military capabilities under Article 9 reinterpretations and economic reforms like 'Abenomics' continuations. Geopolitically, Japan navigates complex relations with China over territorial disputes and historical tensions, while maintaining a key alliance with the U.S. under security treaties. Early elections in Japanese politics often serve as tools for leaders to consolidate power during honeymoon periods, as seen with Takaichi's move to offset LDP's recent credibility issues."
  ],
  "Article_Structure": [
    "Main Points: The article details the LDP's record-breaking supermajority win under Prime Minister Takaichi, highlighting its implications for right-wing policy advancement and geopolitical strategy. Purpose: To analyze the electoral outcome's impact on Japan's domestic governance and international relations, providing context on Takaichi's leadership and political maneuvering. Evidence Evaluation: Sources include NHK's preliminary vote counts and AP reporting, offering reliable but interim data; lacks independent verification or opposition perspectives. Author Credibility: AP journalists provide factual coverage, though the article is primarily descriptive without deep investigative rigor. Methodology: Relies on election night reporting, media summaries, and televised interviews, presenting a news-based narrative rather than original research. Critical Assessment: Strengths lie in timely reporting and clear presentation of key facts; limitations include minimal analysis of opposition views, potential biases in highlighting Takaichi's popularity, and insufficient exploration of long-term consequences for Japanese democracy."
  ],
  "perspectives": [
    {
      "perspective": "Progressive analysis",
      "description": "Takaichi's supermajority could accelerate nationalist policies, potentially altering Japan's pacifist stance and affecting regional stability, while her gender breakthrough may inspire social change."
    },
    {
      "perspective": "Conservative critique",
      "description": "The electoral mandate validates Takaichi's agenda for national strengthening, but overreliance on supermajority power might undermine bipartisan cooperation and democratic oversight."
    }
  ],
  "image_url": "/article_images/article_6c996a30eed09878_35e13e5a7613.webp"
}