{
  "title": "Unveiling Molecular Dynamics with X-Ray Imaging and Lasers",
  "summary": "Researchers have advanced our understanding of molecular behavior under intense laser fields by using X-ray diffraction to create movies of Buckminsterfullerene (C60) disintegration. This football-shaped molecule, composed of 60 carbon atoms, was exposed to powerful infrared lasers at the Linac Coherent Light Source. By analyzing X-ray patterns, scientists measured parameters like radius and Guinier amplitude to track expansion and fragmentation. At low laser intensity, the molecule expands before fragmenting, while at high intensity, rapid electron loss causes immediate breakdown. The study involved international collaboration and combined experimental data with theoretical models, though discrepancies highlighted the need for improved theories. This work is crucial for guiding chemical reactions with light and exploring quantum processes in complex molecules.",
  "keywords": [
    {
      "term": "X-ray diffraction",
      "explanation": "a technique that uses X-rays to study the structure of materials by analyzing how they scatter light"
    },
    {
      "term": "Guinier amplitude",
      "explanation": "a measure in X-ray scattering that indicates the number of atoms contributing to the signal, related to fragmentation"
    },
    {
      "term": "free electron lasers",
      "explanation": "advanced devices that produce intense, short pulses of X-rays for studying fast processes"
    },
    {
      "term": "fragmentation",
      "explanation": "the process where a molecule breaks into smaller pieces due to external forces"
    },
    {
      "term": "quantum mechanics",
      "explanation": "a branch of physics that describes how particles like atoms and electrons behave at very small scales"
    },
    {
      "term": "theoretical model",
      "explanation": "a mathematical representation used to predict and explain scientific phenomena"
    },
    {
      "term": "electron loss",
      "explanation": "when electrons are removed from atoms or molecules, often changing their properties"
    },
    {
      "term": "molecular dynamics",
      "explanation": "the study of how atoms and molecules move and interact over time"
    }
  ],
  "questions": [
    {
      "question": "What molecule was used in the study to observe laser-induced changes?",
      "options": [
        "C60 Buckminsterfullerene",
        "Water H2O",
        "Oxygen O2",
        "Glucose C6H12O6"
      ],
      "correct_answer": "C60 Buckminsterfullerene"
    },
    {
      "question": "Which parameter from X-ray diffraction indicates fragmentation by showing the number of scattering atoms?",
      "options": [
        "Radius R",
        "Guinier amplitude A",
        "Laser intensity",
        "Temperature"
      ],
      "correct_answer": "Guinier amplitude A"
    },
    {
      "question": "At what facility was the experiment conducted?",
      "options": [
        "Linac Coherent Light Source",
        "Large Hadron Collider",
        "Hubble Space Telescope",
        "International Space Station"
      ],
      "correct_answer": "Linac Coherent Light Source"
    },
    {
      "question": "What happens to the molecule's radius at intermediate laser intensity according to the article?",
      "options": [
        "It increases then decreases",
        "It stays the same",
        "It only increases",
        "It disappears"
      ],
      "correct_answer": "It increases then decreases"
    },
    {
      "question": "Why did the theoretical model not fully match the experimental data?",
      "options": [
        "It lacked an ultrafast heating mechanism",
        "It used wrong molecules",
        "The lasers were too weak",
        "The X-rays were not used"
      ],
      "correct_answer": "It lacked an ultrafast heating mechanism"
    },
    {
      "question": "What is the long-term goal of this type of research?",
      "options": [
        "To guide chemical reactions with laser fields",
        "To build bigger lasers",
        "To discover new planets",
        "To make better batteries"
      ],
      "correct_answer": "To guide chemical reactions with laser fields"
    },
    {
      "question": "Which institutes were involved in the research?",
      "options": [
        "Max Planck Institutes and others",
        "Only NASA",
        "Only universities in China",
        "Local high schools"
      ],
      "correct_answer": "Max Planck Institutes and others"
    },
    {
      "question": "What does the drop in Guinier amplitude at high intensity indicate?",
      "options": [
        "Rapid electron loss and fragmentation",
        "Molecule expansion only",
        "No change in the molecule",
        "Increase in size"
      ],
      "correct_answer": "Rapid electron loss and fragmentation"
    }
  ],
  "background_read": [
    "Molecular dynamics under laser fields is a key area in physics and chemistry, focusing on how light can manipulate atoms. Buckminsterfullerene, or C60, is a stable carbon molecule shaped like a soccer ball, often used in studies due to its symmetry. Free electron lasers like the Linac Coherent Light Source produce ultra-short X-ray pulses, allowing real-time observation of fast processes. X-ray diffraction analyzes how X-rays scatter off molecules to reveal structural changes. This research builds on efforts to control chemical reactions, potentially leading to advancements in materials science and drug development. Understanding electron behavior in intense fields remains challenging but essential for quantum mechanics applications."
  ],
  "Article_Structure": [
    "This article details how scientists used X-ray diffraction from free electron lasers to study C60 molecule disintegration under intense infrared lasers. Main points include tracking radius and Guinier amplitude to observe expansion and fragmentation stages, with rapid electron loss at high intensities. The purpose is to advance control of chemical reactions via light and test quantum theories. Evidence is strong, based on direct imaging and international collaboration, but theoretical models initially failed to predict oscillations, indicating gaps. Author credibility is high from Max Planck Institutes, using robust methodology combining experiments and simulations, though limitations in quantum treatments persist."
  ],
  "perspectives": [
    {
      "perspective": "Experimental perspective",
      "description": "Focuses on direct observation using X-ray movies to capture real-time molecular changes"
    },
    {
      "perspective": "Theoretical perspective",
      "description": "Emphasizes model development to explain and predict molecular behavior under lasers"
    }
  ],
  "image_url": "/article_images/article_a694d36c36886194_332445cade6c.webp"
}