{
  "title": "The Debate Over Fitness Trackers in Professional Tennis",
  "summary": "During the Australian Open, top tennis players Carlos Alcaraz, Jannik Sinner, and Aryna Sabalenka were instructed to remove fitness trackers from their wrists before matches, highlighting a controversy in the sport. Fitness trackers, or wearables, are devices that monitor health metrics such as sleep patterns, strain levels, stress, and heart rate, providing valuable data for athletes to optimize performance and prevent injuries. While the ATP and WTA, the governing bodies for men's and women's tours respectively, permit the use of these devices in regular tour matches, they are currently prohibited at Grand Slam tournaments like the Australian Open. The Australian Open officials are engaged in ongoing discussions about potentially allowing wearables in the future, but no collective decision has been reached. Critics, including Whoop founder Will Ahmed, argue that athletes have a right to access their personal health data during competition, calling the ban 'ridiculous.' Supporters of the ban may cite concerns over fairness or the need for consistent policies. This situation underscores the fragmented governance in tennis, where different organizations set varying rules, leading to confusion and debate over technology's role in elite sports.",
  "keywords": [
    {
      "term": "wearables",
      "explanation": "devices like fitness trackers that monitor health and performance data"
    },
    {
      "term": "Grand Slam tournaments",
      "explanation": "the four major tennis events, including the Australian Open, with strict rules"
    },
    {
      "term": "ATP and WTA",
      "explanation": "organizations that govern professional tennis tours and set policies for players"
    },
    {
      "term": "health metrics",
      "explanation": "measurements such as heart rate and sleep that indicate an athlete's condition"
    },
    {
      "term": "fragmented governance",
      "explanation": "when different groups in tennis make separate rules, causing inconsistency"
    }
  ],
  "questions": [
    {
      "question": "What specific players were mentioned as having to remove fitness trackers?",
      "options": [
        "Carlos Alcaraz and Jannik Sinner",
        "Aryna Sabalenka only",
        "All top-ranked players",
        "Only men players"
      ],
      "correct_answer": "Carlos Alcaraz and Jannik Sinner"
    },
    {
      "question": "Which organizations allow fitness trackers in tour matches?",
      "options": [
        "ATP and WTA",
        "Australian Open only",
        "Grand Slam committees",
        "No organizations"
      ],
      "correct_answer": "ATP and WTA"
    },
    {
      "question": "What do fitness trackers monitor according to the summary?",
      "options": [
        "Only heart rate",
        "Sleep, strain, stress, and heart health",
        "Match scores",
        "Opponent strategies"
      ],
      "correct_answer": "Sleep, strain, stress, and heart health"
    },
    {
      "question": "Why are fitness trackers banned at Grand Slam tournaments currently?",
      "options": [
        "Because they are always banned",
        "Due to ongoing discussions and no collective decision",
        "Because players don't want them",
        "Because they are unsafe"
      ],
      "correct_answer": "Due to ongoing discussions and no collective decision"
    },
    {
      "question": "Who criticized the ban on fitness trackers as 'ridiculous'?",
      "options": [
        "Carlos Alcaraz",
        "Will Ahmed, founder of Whoop",
        "The Australian Open",
        "The ATP"
      ],
      "correct_answer": "Will Ahmed, founder of Whoop"
    },
    {
      "question": "What is a key issue highlighted by this controversy?",
      "options": [
        "Player injuries",
        "Fragmented governance in tennis",
        "Lack of technology",
        "Weather conditions"
      ],
      "correct_answer": "Fragmented governance in tennis"
    },
    {
      "question": "What might supporters of the ban be concerned about?",
      "options": [
        "Fairness and consistent policies",
        "Increasing player performance",
        "More data for fans",
        "Reducing match times"
      ],
      "correct_answer": "Fairness and consistent policies"
    },
    {
      "question": "What are the Australian Open officials doing regarding wearables?",
      "options": [
        "Banning them permanently",
        "Having ongoing discussions about future use",
        "Ignoring the issue",
        "Allowing them immediately"
      ],
      "correct_answer": "Having ongoing discussions about future use"
    }
  ],
  "background_read": [
    "Professional tennis involves multiple governing bodies, such as the ATP for men and WTA for women, which oversee tours and set rules, while Grand Slam tournaments operate independently, leading to complex governance. Fitness trackers, or wearables, have become common in sports for monitoring athlete health and performance, using sensors to track metrics like heart rate and sleep. In tennis, the debate over their use centers on balancing athlete access to personal data with concerns over competitive fairness and uniform regulations. The Australian Open, as a major event, reflects broader tensions in sports technology adoption, where advancements can enhance training but also raise questions about equity and policy consistency across different competitions."
  ],
  "Article_Structure": [
    "Main Points: The article discusses how top tennis players were required to remove fitness trackers at the Australian Open, despite ATP and WTA allowing them in other matches, highlighting a ban at Grand Slams due to fragmented governance and ongoing discussions. Purpose: It aims to inform about the controversy over wearable technology in tennis, exploring reasons for the ban and arguments for athlete data access. Evidence Evaluation: The article cites statements from Whoop and Dr. Robby Sikka, providing credible perspectives but lacks detailed data or official documents, relying on expert opinions and brand advocacy. Author Credibility: As a BBC article, it likely has journalistic standards, but the source is not specified beyond BBC Tennis, suggesting general reporting rather than specialized expertise. Methodology: Information is gathered from public statements, social media posts, and interviews, offering a narrative overview without original research or statistical analysis."
  ],
  "perspectives": [
    {
      "perspective": "Pro-tracker view",
      "description": "Advocates like Whoop argue that athletes should have the right to monitor their health data during competition to improve performance and prevent injuries, viewing bans as restrictive."
    },
    {
      "perspective": "Anti-tracker or cautious view",
      "description": "Others may support the ban due to concerns about ensuring fair play, maintaining consistent rules across tournaments, or needing more comprehensive reviews before allowing technology."
    }
  ],
  "image_url": "/article_images/article_6cc66a595f8cc2d7_e44bfb8e078d.webp"
}