{
  "articles": [
    {
      "id": "5d757a837ce4e697",
      "title": "Volunteer Opportunity: Count Puffins on Skomer Island for Conservation",
      "summary": "The Wildlife Trust of South and West Wales is seeking volunteers to live on Skomer Island, a national nature reserve off the Pembrokeshire coast, to assist with seabird monitoring, particularly puffin counts. Volunteers will spend several months during spring, summer, or autumn, receiving free accommodation, travel expenses within the UK, and a bursary of £200-400. Puffins are listed as vulnerable to extinction on the IUCN Red List, making conservation efforts crucial. The counting process involves dividing the island into sections and conducting counts before sunset when puffins are more active on land, sea, and air. Last year, a record 43,626 puffins were recorded on Skomer, attributed to abundant food sources and the absence of predators like rats and foxes. The island also hosts significant populations of Manx shearwaters, guillemots, and razorbills. This volunteer role supports annual seabird counts to track breeding populations and inform conservation strategies.",
      "source": "BBC News",
      "time_ago": "Just now",
      "image_url": "/article_images/article_5d757a837ce4e697_983a3ddd508e.webp",
      "category": "News"
    },
    {
      "id": "ece6ad3374befd31",
      "title": "First Arrest in High-Value Museum Heist Investigation",
      "summary": "Avon and Somerset Police have made their first arrest in connection with a major theft at Bristol Museum's archive, where over 600 artefacts were stolen in late September. The arrested individual, a 41-year-old man, was detained on suspicion of handling stolen goods but has since been released under investigation. The stolen items, which include military memorabilia, jewellery, natural history pieces, and carved figurines made from ivory, bronze, and silver, originated from the former British Empire & Commonwealth Museum and hold significant cultural value. Police are actively searching for four other suspects, believed to be white males, and have released CCTV images and video clips to solicit public assistance in identifying them. The theft occurred between 01:00 and 02:00 BST, and authorities emphasize the importance of recovering these artefacts due to their historical significance. Bristol City Council has shared images of specific stolen pieces, such as an ivory elephant statue and an Emancipation token, to aid in the investigation.",
      "source": "BBC News",
      "time_ago": "1 hour ago",
      "image_url": "/article_images/article_ece6ad3374befd31_71c999122a4f.webp",
      "category": "News"
    },
    {
      "id": "344b96f28ebb4b18",
      "title": "Potential Outcomes of a US Military Strike on Iran",
      "summary": "This article examines seven possible scenarios if the United States were to conduct military strikes against Iran. It begins by outlining potential targets, such as precision strikes on Iran's Islamic Revolutionary Guards Corps (IRGC) bases, ballistic missile sites, and nuclear facilities. The analysis includes optimistic outcomes, like the toppling of Iran's regime leading to democracy, but notes this is unlikely based on past interventions in Iraq and Libya, which resulted in prolonged chaos. Other scenarios involve the 'Venezuelan model,' where US action moderates Iran's policies without regime change, such as curbing support for militias and nuclear programs. However, the article emphasizes that Iran's leadership has historically resisted change, making policy shifts improbable. A more probable outcome is the regime's survival through the use of force and a pervasive security state, despite public unpopularity. Additionally, Iran might retaliate against US attacks, potentially leading to a military government dominated by IRGC figures. The article provides a balanced perspective, weighing hopeful possibilities against historical precedents and current political realities in Iran.",
      "source": "BBC News",
      "time_ago": "6 hours ago",
      "image_url": "/article_images/article_344b96f28ebb4b18_f11dda542369.webp",
      "category": "News"
    },
    {
      "id": "f88d5409d9604972",
      "title": "Cardinal Tobin Calls for Defunding ICE Over Immigration Concerns",
      "summary": "Cardinal Joseph Tobin, the Archbishop of Newark and a high-ranking Catholic leader in the United States, has publicly criticized the Trump administration's immigration enforcement by labeling ICE as a 'lawless organization.' He urges members of the Catholic Church to pressure lawmakers to block funding for ICE, citing moral and theological convictions. His remarks follow tragic incidents, including the deaths of Alex Pretti and Renee Nicole Good, and the detention of Liam Conejo Ramos, a 5-year-old boy taken by federal agents after preschool and sent to a family detention center in Texas. Cardinal Tobin emphasizes the need to recognize and address the injustices occurring in immigration enforcement, arguing that ICE operates outside proper legal boundaries. He calls for collective action to reform immigration policies through defunding, highlighting the role of faith in advocating for humane treatment of immigrants.",
      "source": "PBS NewsHour",
      "time_ago": "13 hours ago",
      "image_url": "/article_images/article_f88d5409d9604972_2c6ae40df52e.webp",
      "category": "News"
    },
    {
      "id": "1d1658f63c0604ac",
      "title": "Remembering the Challenger Disaster: A Discussion on Its Impact",
      "summary": "Forty years ago, the Space Shuttle Challenger tragically exploded just 73 seconds after liftoff, an event broadcast live on television that shocked the nation. All seven astronauts aboard perished, including Christa McAuliffe, an elementary school teacher from New Hampshire who was selected as the first teacher in space through a nationwide contest. This launch captured unprecedented public attention due to McAuliffe's participation, symbolizing broader access to space exploration. In the video podcast 'Settle In,' host Geoff Bennett converses with science correspondent Miles O'Brien, who has extensive experience covering the space program, to reflect on this pivotal moment. They explore why the Challenger launch stood out historically, emphasizing McAuliffe's role in engaging ordinary citizens and how the disaster led to national mourning and prompted significant changes in NASA's safety protocols and public perception of space travel.",
      "source": "PBS NewsHour",
      "time_ago": "13 hours ago",
      "image_url": "/article_images/article_1d1658f63c0604ac_b2733da609b6.webp",
      "category": "News"
    },
    {
      "id": "9f64cf1b50f9489f",
      "title": "Landslide in Sicily Forces Evacuations and Raises Safety Concerns",
      "summary": "A massive landslide triggered by Cyclone Harry's heavy rains has severely impacted Niscemi, a town in Sicily, Italy, spanning 4 kilometers and creating a cliff edge that caused properties to fall and left many homes dangerously perched. Over 1,500 residents were evacuated due to unstable, water-soaked ground that continues to shift, making the area uninhabitable. Italian Premier Giorgia Meloni visited the site, promising emergency funding of 100 million euros initially and more support for displaced families, including alternative housing and restoration of infrastructure. The landslide has highlighted geological risks, as Niscemi is built on sand and clay layers that become permeable in rain, with a similar event occurring in 1997. Geologists warn against construction in such high-risk zones, and the incident has sparked political debate about building permissions. The government declared a state of emergency, with damage estimates reaching 2 billion euros, emphasizing the need for long-term solutions and safety measures.",
      "source": "PBS NewsHour",
      "time_ago": "13 hours ago",
      "image_url": "/article_images/article_9f64cf1b50f9489f_06e42edafdd3.webp",
      "category": "News"
    }
  ]
}