{
  "articles": [
    {
      "id": "210399992301bc50",
      "title": "Intergenerational Health Impacts of Dietary Emulsifiers: A Murine Model of Gut Microbiota Disruption",
      "summary": "A study published in Nature Communications by researchers from the Institut Pasteur and Inserm examines the transgenerational health effects of dietary emulsifiers, specifically carboxymethyl cellulose (E466) and polysorbate 80 (E433). In this murine model, female mice were administered these emulsifiers commencing ten weeks prior to pregnancy and continuing through gestation and lactation. The offspring, which had no direct exposure to the additives, exhibited significant alterations in their gut microbiota during early life, including elevated levels of flagellated bacteria and increased bacterial encroachment toward the intestinal epithelium. This microbial shift precipitated premature closure of gut pathways essential for immune tolerance, disrupting microbiota-immune system crosstalk. Consequently, the adult offspring developed chronic inflammation, heightening susceptibility to inflammatory bowel conditions and obesity. The research underscores the potential for maternal dietary factors to program offspring health via microbiota modulation, even in the absence of direct consumption. It calls for rigorous human clinical trials to elucidate analogous mechanisms, particularly concerning emulsifier-laden infant formulas, and to inform regulatory frameworks for food additive safety.",
      "source": "Science Daily",
      "time_ago": "3 hours ago",
      "image_url": "/article_images/article_210399992301bc50_5b879a56e386.webp",
      "category": "Science"
    },
    {
      "id": "63bd51b460172602",
      "title": "Probing Stellar Anomalies and Dormant Black Holes Through Asteroseismology",
      "summary": "Researchers at the University of Hawaiʻi Institute for Astronomy conducted a detailed analysis of a red giant star in the Gaia BH2 system, a dormant black hole binary, utilizing asteroseismology data from NASA's TESS mission. The detection of starquakes enabled precise internal probing, revealing a discrepancy: the star exhibits an alpha-rich chemical composition indicative of advanced age, yet asteroseismic dating places it at approximately 5 billion years, suggesting a youth-chemistry mismatch. Concurrently, rotational analysis shows a period of 398 days, anomalously rapid for a solitary red giant, implying external influences such as tidal interactions or a past stellar merger. The black hole, identified via the Gaia mission through astrometric tracking of stellar motion, is quiescent, lacking accretion-driven emissions. Comparative study of Gaia BH3 revealed an absence of expected oscillations in a low-metal companion star, challenging current stellar models. This investigation integrates multi-wavelength observations and theoretical frameworks to hypothesize that the red giant underwent a merger event, altering its spin and enrichment history. Future TESS observations aim to validate this hypothesis, contributing to broader astrophysical discourse on binary evolution, black hole demographics, and stellar nucleosynthesis in the Milky Way.",
      "source": "Science Daily",
      "time_ago": "5 hours ago",
      "image_url": "/article_images/article_63bd51b460172602_9961989b9764.webp",
      "category": "Science"
    },
    {
      "id": "b21eb24d0902c036",
      "title": "Discovery of a Large-Scale Rotating Cosmic Filament: Implications for Galaxy Formation and Angular Momentum Transfer",
      "summary": "An international research consortium led by the University of Oxford has identified one of the most extensive rotating structures in the observable universe: a razor-thin alignment of 14 hydrogen-rich galaxies within a cosmic filament approximately 140 million light years distant. Cosmic filaments, constituting the fundamental architecture of the cosmic web, are colossal networks of galaxies and dark matter that channel matter and angular momentum, thereby influencing galactic spin and evolution. This filament, spanning about 50 million light years and encompassing over 280 galaxies, exhibits a coherent rotational pattern, with the central thin strand—measuring 5.5 million light years in length—demonstrating synchronized galaxy spins and an overall filament rotation speed estimated at 110 km/s. The structure is characterized as 'dynamically cold,' indicating minimal internal motion and a youthful, undisturbed state, which provides a pristine laboratory for investigating early galaxy formation processes. Utilizing data from the MeerKAT radio telescope, researchers analyzed atomic hydrogen emissions to trace gas dynamics, revealing how angular momentum propagates through the cosmic web and shapes galaxy rotation. This finding challenges prevailing cosmological models by suggesting that large-scale structures exert a more profound and prolonged influence on galaxy spin than previously theorized. Furthermore, it has potential applications in refining intrinsic alignment models for upcoming weak lensing surveys, such as those conducted by the Euclid mission and Vera C. Rubin Observatory, thereby advancing our comprehension of dark matter distribution and cosmic evolution.",
      "source": "Science Daily",
      "time_ago": "21 hours ago",
      "image_url": "/article_images/article_b21eb24d0902c036_65c7b5aa155c.webp",
      "category": "Science"
    },
    {
      "id": "1bd49bb929fb4ce3",
      "title": "Astronomical Insights into NGC 2264: A Stellar Nursery and Its Features",
      "summary": "NGC 2264, situated approximately 2,700 light-years from Earth in the constellation Monoceros, represents a complex and active star-forming region integral to astronomical research. This stellar nursery comprises extensive interstellar clouds of gas and dust, which serve as the primordial material for star birth. Emission nebulae within the region emit a characteristic red glow due to the ionization of hydrogen gas by ultraviolet radiation from nascent stars, while reflection nebulae exhibit a blue hue as dust particles scatter starlight. Central to NGC 2264 is S Monocerotis, a variable star whose fluctuating luminosity influences the surrounding environment, including a prominent blue reflection nebula. The Christmas Tree star cluster, a configuration of young stars in a triangular arrangement, exemplifies early stellar groupings. Notable structures include the Cone Nebula, a pillar-shaped formation eroded by stellar winds and radiation, and the Fox Fur Nebula, a filamentary cloud with a textured appearance. With an angular size of 1.5 degrees corresponding to a physical span of nearly 80 light-years, this region underscores the vast scales involved in galactic processes. Astronomers utilize cataloging systems like NGC to facilitate study, and the region's proximity to the celestial equator enhances its observational accessibility. Research on NGC 2264 provides critical insights into star formation mechanisms, nebular evolution, and the dynamic interplay between young stars and their natal clouds.",
      "source": "Science Daily",
      "time_ago": "22 hours ago",
      "image_url": "/article_images/article_1bd49bb929fb4ce3_0358a47756b9.webp",
      "category": "Science"
    },
    {
      "id": "7e5f5a8149ab098b",
      "title": "Policy Retreat on Agricultural Inheritance Tax: Implications for Rural Economics and Political Dynamics",
      "summary": "The UK government has significantly diluted its inheritance tax proposal for agricultural land, raising the threshold from £1 million to £2.5 million in response to sustained opposition. Announced in the previous Budget, the initial plan sought to impose a 20% levy on inherited farm assets exceeding £1 million from April 2026, terminating the century-old tax relief that had shielded such properties. This policy reversal emerged after extensive farmer protests and dissent from Labour backbenchers, particularly in rural constituencies, underscoring the political sensitivity of agricultural taxation. Environment Secretary Emma Reynolds framed the adjustment as a measure to safeguard ordinary family farms while ensuring larger estates contribute more, aligning with broader fiscal equity goals. The National Farmers' Union endorsed the change as mitigating impacts on family operations, whereas the Country Land and Business Association warned that many businesses, despite high asset valuations and slim profit margins, could still face prohibitive tax burdens. Farmer Ben Ardern advocated for exempting genuine family farms entirely and redirecting taxation towards corporate entities using land for tax avoidance, highlighting deeper issues of land use and economic justice. The political ramifications included the suspension of MP Markus Campbell-Savours for defying the government, illustrating intra-party tensions. This episode reflects a complex interplay between economic policy, public mobilization, and legislative accountability, with ongoing debates about the sustainability of rural economies and the efficacy of targeted taxation reforms.",
      "source": "BBC Science",
      "time_ago": "2 days ago",
      "image_url": "/article_images/article_7e5f5a8149ab098b_752f6445d80d.webp",
      "category": "Science"
    },
    {
      "id": "adcf30d364425d46",
      "title": "Climate Crisis Intensifies: 2025 Projected as UK's Hottest Year Amid Calls for Resilience",
      "summary": "In a compelling analysis, Professor Rachel Kyte, the UK's special representative for climate, warns that 2025 is poised to break national heat records, with an average temperature of 10.05°C projected, marginally exceeding the 2022 record of 10.03°C. This trend is attributed unequivocally to anthropogenic climate change, fueled by decades of carbon dioxide emissions, which are transforming higher temperatures into a persistent norm. The Met Office corroborates this, noting that the UK's ten warmest years have all occurred within the last two decades, a pattern consistent with global warming driven by human activities. Kyte emphasizes the cascading impacts, including heightened vulnerability to droughts and wildfires due to reduced rainfall and sustained warmth, and advocates for robust resilience-building through strategic investments in natural ecosystems and critical infrastructure. She argues that proactive adaptation is economically prudent, as delayed action will incur greater costs. While the Met Office's methodology—based on observed temperatures up to 21 December and assuming cooler conditions thereafter—introduces some uncertainty, making the 2025 record not absolute, it underscores the high probability of continued warming. This article serves as a critical call to action, highlighting the intersection of scientific evidence, policy imperatives, and societal preparedness in addressing the escalating climate crisis.",
      "source": "BBC Science",
      "time_ago": "3 days ago",
      "image_url": "/article_images/article_adcf30d364425d46_672cefbaa587.webp",
      "category": "Science"
    }
  ]
}