{
  "articles": [
    {
      "id": "210399992301bc50",
      "title": "常见食品添加剂可能影响儿童终身健康",
      "summary": "《自然通讯》期刊上发表的一项研究由巴斯德研究所和法国国家健康与医学研究院的科学家进行，探讨了膳食乳化剂对后代健康的影响。在老鼠模型中，雌性老鼠在怀孕前十周开始摄入羧甲基纤维素和聚山梨酯80这两种常见乳化剂，并持续至怀孕和哺乳期。其后代从未直接接触这些添加剂，但在生命早期显示出肠道微生物群的显著变化，包括鞭毛细菌增加和细菌向肠道内壁靠近。这种微生物变化导致肠道通路过早关闭，破坏了微生物群与免疫系统之间的正常通讯。因此，成年后代出现慢性炎症，增加了患炎症性肠病和肥胖的风险。研究表明，母亲饮食中的乳化剂可能通过改变肠道细菌来塑造孩子的终身健康，即使后代未直接摄入。研究人员强调需要进行人体临床试验，特别是针对含有乳化剂的婴儿配方奶粉，以了解潜在长期影响并为食品添加剂监管提供依据。这项研究由欧洲研究理事会资助，突显了食品添加剂安全性的重要性，尤其是在关键微生物群建立时期的婴儿消费中。",
      "source": "Science Daily",
      "time_ago": "3 hours ago",
      "image_url": "/article_images/article_210399992301bc50_5b879a56e386.webp",
      "category": "Science"
    },
    {
      "id": "63bd51b460172602",
      "title": "一颗靠近黑洞的奇特恒星违背预期",
      "summary": "夏威夷大学天文研究所的天文学家通过研究一颗遥远红巨星的星光变化，揭示了其戏剧性历史。利用NASA的TESS卫星观测，团队检测到被称为“星震”的微弱振动，这些振动帮助探测恒星内部并精确测量核心属性。这颗红巨星围绕一个安静的黑洞运行，该系统名为Gaia BH2。分析显示，恒星约50亿年历史，但其化学成分类似于更古老的恒星，存在年龄与化学成分的不匹配。此外，恒星每398天完成一次自转，对于单独演化的红巨星来说异常快速。研究人员提出，这可能源于过去的恒星合并或相互作用，即恒星与另一颗恒星碰撞，增加了质量和自转速度。黑洞Gaia BH2处于休眠状态，不吸积物质，通过恒星运动而非X射线发射被发现。研究还比较了Gaia BH3系统，其中预期振荡未观测到，暗示当前低金属恒星理论可能需要修订。这项工作增进了对恒星演化和黑洞形成的理解，未来TESS观测旨在确认合并假设并进一步探索这些系统。",
      "source": "Science Daily",
      "time_ago": "5 hours ago",
      "image_url": "/article_images/article_63bd51b460172602_9961989b9764.webp",
      "category": "Science"
    },
    {
      "id": "b21eb24d0902c036",
      "title": "天文学家发现宇宙中最大的旋转结构之一",
      "summary": "由牛津大学领导的一个国际研究团队发现了一个宇宙中最大的旋转结构：一个位于约1.4亿光年外的宇宙细丝中的薄链状星系群。宇宙细丝是宇宙中已知的最大结构，是由星系和暗物质组成的巨大线状网络，构成了宇宙网的基本框架。这项研究聚焦于一个长约5000万光年的细丝，其中包含超过280个星系，而研究人员在其中识别出一条长约550万光年、宽约11.7万光年的薄链，由14个富含氢气的星系组成。这些星系大多以相同方向旋转，且整个细丝本身也作为一个整体旋转，旋转速度估计为110公里/秒。该细丝处于“动态冷”状态，表明它年轻且未受干扰，为研究早期星系形成提供了理想环境。通过使用南非的MeerKAT射电望远镜数据，科学家分析了原子氢的发射，以追踪气体流动和角动量传递。这一发现挑战了现有模型，表明大尺度宇宙结构对星系旋转的影响比先前认为的更强烈或更持久。此外，它可能有助于完善未来弱引力透镜巡天（如欧空局的Euclid任务和智利的Vera C. Rubin天文台）中的本征对齐模型，从而增进对暗物质分布和宇宙演化的理解。",
      "source": "Science Daily",
      "time_ago": "21 hours ago",
      "image_url": "/article_images/article_b21eb24d0902c036_65c7b5aa155c.webp",
      "category": "Science"
    },
    {
      "id": "1bd49bb929fb4ce3",
      "title": "太空中出现80光年宽的圣诞树",
      "summary": "NGC 2264是一个位于独角兽座、距离地球约2,700光年的大型活跃恒星形成区。这个区域作为恒星育婴室，新的恒星正从巨大的星际气体和尘埃云中诞生。主要特征包括发射星云，因年轻恒星激发氢气体而发出红光；以及反射星云，因尘埃反射星光而呈现蓝色。中心是变星S Monocerotis，被蓝色反射光包围，其上方是圣诞树星团，由年轻恒星组成三角形图案。其他结构包括锥状星云，一个由恒星辐射塑造的高柱；以及狐皮毛星云，一个纹理丰富的云团。整个区域在天空中横跨约1.5度，相当于实际尺寸近80光年，突显其巨大规模。天文学家研究NGC 2264以深入了解恒星形成过程，使用如NGC 2264的目录编号进行识别。由于靠近天球赤道和银河系盘面，该区域在某些季节可从地球观测，使其成为观测和研究的受欢迎目标。这项研究有助于揭示恒星生命周期和银河系结构，同时通过如圣诞树的形象比喻，增强公众对天文学的兴趣。",
      "source": "Science Daily",
      "time_ago": "22 hours ago",
      "image_url": "/article_images/article_1bd49bb929fb4ce3_0358a47756b9.webp",
      "category": "Science"
    },
    {
      "id": "7e5f5a8149ab098b",
      "title": "政府淡化农场遗产税计划",
      "summary": "英国政府针对继承农场的税收提案已进行淡化处理，将起征点从100万英镑提高至250万英镑。这一政策退却源于数月来农民的抗议以及部分工党后排议员的担忧。去年预算案中，部长们宣布自2026年4月起，对价值超过100万英镑的农业资产征收20%的遗产税，结束了自1980年代以来的100%税收减免。环境大臣艾玛·雷诺兹在议会圣诞休会后发布声明，表示已倾听全国农民的意见，调整政策以保护更多普通家庭农场。她强调，较大庄园应贡献更多，同时支持作为英国农村社区支柱的农场和贸易企业。全国农民联合会负责人汤姆·布拉德肖欢迎这一变化，称其使许多家庭农场免受恶劣风暴的影响。然而，乡村土地与商业协会主席加文·莱恩指出，此宣布仅限制了损害，并未完全消除，许多家庭企业因昂贵机械和土地估值可能仍高于起征点，但利润微薄难以负担税负。德比郡农民本·阿德恩认为这是正确的一步，主张免除家庭农场税收，仅对有能力纳税的大公司征税。自提案公布14个月以来，农民定期在议会外抗议，一些农村地区的工党议员也表达关切，最近议会投票中，十余名后排议员弃权，一人反对导致被暂停党籍。这一修订反映了政府对公众压力的回应，但遗留了关于公平性和农村经济影响的持续辩论。",
      "source": "BBC Science",
      "time_ago": "2 days ago",
      "image_url": "/article_images/article_7e5f5a8149ab098b_752f6445d80d.webp",
      "category": "Science"
    },
    {
      "id": "adcf30d364425d46",
      "title": "气候顾问警告：2025年将打破高温记录，'这是我们的未来'",
      "summary": "英国政府首席气候顾问雷切尔·凯特教授警告称，随着气候变化持续推动气温上升，2025年有望成为英国有记录以来最热的一年，平均气温预计达到10.05°C，略高于2022年的10.03°C纪录。她指出，人类活动导致的二氧化碳排放是这一趋势的主要原因，使高温成为'新常态'。英国气象局支持这一观点，表示过去二十年中，英国最热的十年全部出现，且人为因素正在全球范围内加速变暖。凯特强调，缺乏降雨和持续温暖使国家在春季和夏季更容易遭受干旱和野火的影响，并呼吁通过投资自然和基础设施来增强韧性。她警告说，如果不立即采取适应措施，未来将付出更高代价。尽管气象局的预测基于截至12月21日的观测数据，并假设剩余日子气温较低，因此并非绝对确定，但这仍是最可能的结果，突显了应对气候变化的紧迫性。这篇文章旨在提高公众和政策制定者对气候风险的认识，促进及时行动以建设更具韧性的社会。",
      "source": "BBC Science",
      "time_ago": "3 days ago",
      "image_url": "/article_images/article_adcf30d364425d46_672cefbaa587.webp",
      "category": "Science"
    }
  ]
}