{
  "title": "2026 Mobo Awards: Nominations Highlight Black Music Excellence",
  "summary": "The 2026 Mobo awards nominations have been announced, with Olivia Dean and Little Simz leading with four nominations each. Olivia Dean's album The Art Of Loving is up for album of the year, while Little Simz's Lotus continues her successful streak despite recent challenges. Other notable nominees include Central Cee, PinkPantheress, Skepta, Flo, and newcomers Kwn and Jim Legxacy, who are gaining recognition. The ceremony will take place in Manchester on March 26, marking the 30th anniversary of the Mobo organization, founded by Kanya King in 1996 to champion music of black origin. King emphasizes that Mobo awards have historically fueled artists' careers, as seen with past winners like Stormzy and Dave. Little Simz is nominated in categories such as best female and best hip-hop act, and Olivia Dean for best soul act and song of the year. Jim Legxacy, a rising star, has four nominations including video and song of the year, and KWN, a breakout R&B singer, is nominated for best newcomer and other awards after a viral hit in 2025. This event underscores the ongoing support for black music talent in the UK.",
  "keywords": [
    {
      "term": "Mobo awards",
      "explanation": "An annual awards ceremony celebrating music of black origin in the UK, established in 1996"
    },
    {
      "term": "nominations",
      "explanation": "The process of selecting artists as candidates for awards based on their work"
    },
    {
      "term": "album of the year",
      "explanation": "A top category award for the best full-length music release"
    },
    {
      "term": "30th anniversary",
      "explanation": "A milestone marking 30 years since the Mobo organization was founded"
    },
    {
      "term": "breakout year",
      "explanation": "A period when an artist achieves significant success or recognition"
    },
    {
      "term": "champion",
      "explanation": "To support or promote something, as the Mobo awards do for black music"
    },
    {
      "term": "viral hit",
      "explanation": "A song that becomes very popular quickly through online sharing"
    },
    {
      "term": "mainstream success",
      "explanation": "When an artist becomes widely known and accepted by the general public"
    }
  ],
  "questions": [
    {
      "question": "How many nominations do Olivia Dean and Little Simz each have for the 2026 Mobo awards?",
      "options": [
        "Two",
        "Three",
        "Four",
        "Five"
      ],
      "correct_answer": "Four"
    },
    {
      "question": "What is the significance of the 2026 Mobo awards ceremony?",
      "options": [
        "It is the first awards show",
        "It marks 30 years since Mobo started",
        "It is held in London",
        "It only features new artists"
      ],
      "correct_answer": "It marks 30 years since Mobo started"
    },
    {
      "question": "Who founded the Mobo organization?",
      "options": [
        "Olivia Dean",
        "Little Simz",
        "Kanya King",
        "Dave"
      ],
      "correct_answer": "Kanya King"
    },
    {
      "question": "Which category is Jim Legxacy nominated in for video of the year?",
      "options": [
        "Father",
        "3x",
        "Lotus",
        "The Art Of Loving"
      ],
      "correct_answer": "Father"
    },
    {
      "question": "What type of music do the Mobo awards primarily celebrate?",
      "options": [
        "Rock and pop",
        "Black origin music",
        "Classical music",
        "Electronic dance music"
      ],
      "correct_answer": "Black origin music"
    },
    {
      "question": "Which artist had a breakout year in 2025 with a viral hit?",
      "options": [
        "Olivia Dean",
        "Little Simz",
        "KWN",
        "Central Cee"
      ],
      "correct_answer": "KWN"
    },
    {
      "question": "Where is the 2026 Mobo awards ceremony being held?",
      "options": [
        "London",
        "Manchester",
        "Birmingham",
        "Glasgow"
      ],
      "correct_answer": "Manchester"
    },
    {
      "question": "What does Kanya King say about Mobo awards?",
      "options": [
        "They are only for new artists",
        "They help artists achieve lasting success",
        "They are held every five years",
        "They focus on international music"
      ],
      "correct_answer": "They help artists achieve lasting success"
    }
  ],
  "background_read": [
    "The Mobo awards, founded by Kanya King in 1996, are a key event in the UK music scene, dedicated to promoting black music. Over 30 years, they have launched careers of artists like Stormzy and Dave. The 2026 nominations highlight both established stars like Olivia Dean and Little Simz, and emerging talents such as Jim Legxacy and KWN, reflecting the organization's role in fostering diversity and recognition in the industry. This anniversary edition in Manchester underscores its enduring impact."
  ],
  "Article_Structure": [
    "Main Points: The 2026 Mobo awards nominations feature Olivia Dean and Little Simz with four each, celebrating black music excellence and including newcomers like Jim Legxacy and KWN. Purpose: To announce the nominees and highlight the 30th anniversary of the Mobo organization, emphasizing its role in supporting black artists. Evidence Evaluation: The article cites specific nominations, artist quotes, and historical context from founder Kanya King, providing credible details. Author Credibility: As a BBC Entertainment article, it likely has reliable sourcing and factual reporting. Methodology: Information is gathered from official announcements, artist interviews, and historical data on the Mobo awards."
  ],
  "perspectives": [
    {
      "perspective": "Cultural Recognition",
      "description": "The awards serve as a platform for acknowledging and elevating black music culture in the UK."
    }
  ],
  "image_url": "/article_images/article_1e1820eadf67a7f1_fa1ffb4b9577.webp"
}