{
  "title": "Advancing Synthetic Chemistry: A Computational-Driven Catalytic Breakthrough",
  "summary": "The persistent challenge in organic chemistry of achieving the one-electron reduction of alkyl ketones to generate ketyl radicals has been addressed through an innovative catalytic strategy developed by researchers at WPI-ICReDD, Hokkaido University. Alkyl ketones, ubiquitous in organic molecules, are notoriously difficult to reduce compared to aryl ketones due to rapid back electron transfer (BET), which quenches the transient ketyl radicals before they can engage in productive transformations. The team utilized a palladium-based photocatalyst, leveraging light activation, and employed computational chemistry via the Virtual Ligand-Assisted Screening (VLAS) method to systematically evaluate phosphine ligands. By analyzing electronic and steric parameters across 38 ligands, they identified tris(4-methoxyphenyl)phosphine as optimal for suppressing BET, enabling high-yield reactions with alkyl ketones. Published in the Journal of the American Chemical Society, this study not only provides a practical tool for synthetic chemists but also exemplifies the integration of computational and experimental approaches to overcome longstanding obstacles, potentially revolutionizing strategies in pharmaceutical research and sustainable chemistry.",
  "keywords": [
    {
      "term": "one-electron reduction",
      "explanation": "a redox process involving the transfer of a single electron, critical for generating radical species in organic synthesis"
    },
    {
      "term": "alkyl ketyl radicals",
      "explanation": "highly reactive intermediates derived from alkyl ketones, essential for constructing complex molecular architectures"
    },
    {
      "term": "back electron transfer",
      "explanation": "a deleterious process in photoredox catalysis where an electron returns to the catalyst, impeding radical propagation"
    },
    {
      "term": "phosphine ligands",
      "explanation": "organic compounds that coordinate to metal centers, modulating catalytic activity and selectivity through steric and electronic effects"
    },
    {
      "term": "Virtual Ligand-Assisted Screening",
      "explanation": "a computational protocol that predicts ligand efficacy by simulating electronic and steric interactions, streamlining catalyst development"
    },
    {
      "term": "palladium photocatalyst",
      "explanation": "a palladium complex that undergoes photoexcitation to facilitate electron transfer processes in light-driven reactions"
    },
    {
      "term": "computational chemistry",
      "explanation": "a discipline using quantum mechanical calculations and simulations to predict chemical behavior and optimize molecular designs"
    },
    {
      "term": "steric and electronic properties",
      "explanation": "molecular characteristics influencing reactivity; steric refers to spatial bulk, electronic to charge distribution"
    },
    {
      "term": "synthetic methodology",
      "explanation": "systematic approaches to constructing organic molecules, often aiming for efficiency and selectivity"
    },
    {
      "term": "interdisciplinary research",
      "explanation": "collaboration across fields like organic and computational chemistry to solve complex problems"
    }
  ],
  "questions": [
    {
      "question": "What specific issue with alkyl ketones did the researchers overcome?",
      "options": [
        "Back electron transfer preventing ketyl radical utilization",
        "Their instability in light",
        "High cost of production",
        "Lack of synthetic applications"
      ],
      "correct_answer": "Back electron transfer preventing ketyl radical utilization"
    },
    {
      "question": "How does the VLAS method contribute to ligand selection?",
      "options": [
        "By predicting ligand effectiveness through computational analysis",
        "By physically testing all possible ligands",
        "By relying on historical data alone",
        "By using machine learning for unrelated tasks"
      ],
      "correct_answer": "By predicting ligand effectiveness through computational analysis"
    },
    {
      "question": "What is the role of light in this catalytic system?",
      "options": [
        "It activates the palladium catalyst for electron transfer",
        "It provides heat for the reaction",
        "It degrades the ketones",
        "It is unnecessary for the process"
      ],
      "correct_answer": "It activates the palladium catalyst for electron transfer"
    },
    {
      "question": "Why are alkyl ketones more challenging than aryl ketones in this context?",
      "options": [
        "They have higher reduction potentials and prone to back electron transfer",
        "They are less common in nature",
        "They are too reactive",
        "They cannot form radicals"
      ],
      "correct_answer": "They have higher reduction potentials and prone to back electron transfer"
    },
    {
      "question": "What journal published this study?",
      "options": [
        "Journal of the American Chemical Society",
        "Nature",
        "Science",
        "Cell"
      ],
      "correct_answer": "Journal of the American Chemical Society"
    },
    {
      "question": "How does the identified ligand, tris(4-methoxyphenyl)phosphine, function?",
      "options": [
        "It suppresses back electron transfer by modifying the catalyst's electronic properties",
        "It acts as the primary reactant",
        "It absorbs light directly",
        "It increases the reaction temperature"
      ],
      "correct_answer": "It suppresses back electron transfer by modifying the catalyst's electronic properties"
    },
    {
      "question": "What broader implication does this research have for chemistry?",
      "options": [
        "It demonstrates how computational tools can accelerate discovery and reduce waste",
        "It makes all chemical reactions instantaneous",
        "It focuses only on theoretical aspects",
        "It eliminates the need for catalysts"
      ],
      "correct_answer": "It demonstrates how computational tools can accelerate discovery and reduce waste"
    },
    {
      "question": "What is the significance of ketyl radicals in synthesis?",
      "options": [
        "They serve as versatile intermediates for forming carbon-carbon bonds",
        "They are stable end products",
        "They are only useful in aryl ketone reactions",
        "They have no practical applications"
      ],
      "correct_answer": "They serve as versatile intermediates for forming carbon-carbon bonds"
    },
    {
      "question": "How did the researchers validate their computational predictions?",
      "options": [
        "By laboratory testing selected ligands",
        "By publishing without experimentation",
        "By surveying other chemists",
        "By using only theoretical models"
      ],
      "correct_answer": "By laboratory testing selected ligands"
    },
    {
      "question": "What interdisciplinary elements are highlighted in this work?",
      "options": [
        "Integration of organic and computational chemistry",
        "Combining biology and physics",
        "Focusing solely on experimental methods",
        "Ignoring computational approaches"
      ],
      "correct_answer": "Integration of organic and computational chemistry"
    }
  ],
  "background_read": [
    "Organic synthesis relies on controlling reactive intermediates like radicals to build complex molecules, with ketyl radicals being pivotal for carbon-centered bond formations. Alkyl ketones, characterized by alkyl groups, pose reduction challenges due to their electronic properties, often leading to inefficiencies in radical generation. Photoredox catalysis, using light to excite catalysts, has emerged as a powerful tool, but issues like back electron transfer limit its scope. Computational chemistry advances, such as density functional theory, enable predictive modeling of molecular interactions, reducing reliance on trial-and-error experiments. This article's context involves a synergy between theoretical predictions and empirical validation, reflecting trends in sustainable and efficient chemical research, with implications for drug discovery and green chemistry initiatives."
  ],
  "Article_Structure": [
    "This article details a catalytic breakthrough for the one-electron reduction of alkyl ketones, addressing decades of stagnation in organic chemistry. Main points include the inherent difficulty with alkyl ketones due to back electron transfer, the development of a light-activated palladium catalyst with optimized phosphine ligands, and the use of Virtual Ligand-Assisted Screening for efficient ligand identification. The purpose is to advance synthetic methodologies for pharmaceuticals and natural products, set in the broader context of sustainable and computational-driven science. Evidence evaluation shows high quality, with peer-reviewed data and experimental validation, though limited to specific ketone types. Author credibility is robust, stemming from Hokkaido University's expertise, but potential biases toward computational methods exist. Methodology integrates computational screening with lab tests, employing VLAS for predictive accuracy, yet critical assessment notes the need for broader applicability tests and long-term stability studies."
  ],
  "perspectives": [
    {
      "perspective": "Technological Integration",
      "description": "Highlights the convergence of computational and experimental techniques to solve intricate chemical problems."
    },
    {
      "perspective": "Sustainable Chemistry",
      "description": "Emphasizes reduced waste and energy efficiency through computational pre-screening, aligning with green chemistry principles."
    }
  ],
  "image_url": "/article_images/article_85552675e8a7cbbd_2e4ba2ba1383.webp"
}