{
  "articles": [
    {
      "id": "d27ae40e9cd95277",
      "title": "Analyzing the Calculated Violence of a Former Marine in a Crowd Attack",
      "summary": "The case of Paul Doyle, a former Royal Marines Commando and cyber security expert, illustrates a stark dichotomy between perceived normalcy and extreme violence. On May 26, Doyle deliberately drove his two-tonne Ford Galaxy into a dense crowd during Liverpool FC's victory parade, resulting in 134 injuries among vulnerable demographics, including infants and the elderly. After months of maintaining his innocence, Doyle entered guilty pleas to multiple counts of grievous bodily harm with intent moments before his trial commenced, a strategic move that may influence sentencing. Testimonies from neighbors in Croxteth depict him as a congenial individual engaged in routine activities like gardening and dog-walking, with no apparent indicators of malice. Chief Crown Prosecutor Sarah Hammond cited dashcam evidence showing Doyle's escalating agitation, framing the act as premeditated violence. This incident raises profound questions about the psychological underpinnings of such behavior, the reliability of external assessments of character, and the legal intricacies of proving intent. The article serves to inform the public while prompting reflection on societal safety and the complexities of criminal psychology in seemingly stable individuals.",
      "source": "BBC News",
      "time_ago": "4 hours ago",
      "image_url": "/article_images/article_d27ae40e9cd95277_5a783891fbfc.webp",
      "category": "News"
    },
    {
      "id": "7d091f1fce8471b7",
      "title": "Decoding the Enigma: Orkney's Archaeological Revelation",
      "summary": "In a significant development in archaeological science, researchers at the Ness of Brodgar in Orkney have utilized cutting-edge 3D Ground Penetrating Radar (GPR) to identify an extraordinary subsurface anomaly, described as entirely dissimilar to any prior findings at this Neolithic site. The Ness of Brodgar, a crucible of prehistoric activity dating from approximately 3,500 BC to 2,400 BC, has been extensively excavated over two decades, uncovering a complex of structures that underscore its importance in Atlantic Europe. The current discovery, however, challenges established chronologies, as it may not belong to the Neolithic period, potentially indicating later human activity or an unprecedented archaeological feature. Led by archaeologist Nick Card, the team is exercising caution by withholding specifics pending further investigation, supported by funding from Time Team for an upcoming documentary. This approach underscores the methodological rigor in archaeology, where non-invasive technologies like GPR enable detailed imaging without disturbing the site. The find's location in an area with minimal deep archaeology suggests it could offer insights without necessitating long-term excavations, possibly rewriting narratives of Orkney's ancient past and highlighting the evolving role of technology in historical research.",
      "source": "BBC News",
      "time_ago": "6 hours ago",
      "image_url": "/article_images/article_7d091f1fce8471b7_fc4ad49e47a5.webp",
      "category": "News"
    },
    {
      "id": "ffb5083b65b40608",
      "title": "Critical Examination of Labour's Fiscal Policy: Tax Increases and Social Spending",
      "summary": "The article delves into the UK's budget under Chancellor Rachel Reeves, characterized by substantial tax increases and expansive social spending, framed as a quintessential Labour initiative. Reeves justifies these measures by emphasizing their role in funding progressive policies, notably the abolition of the two-child limit on Universal Credit, which is estimated to lift approximately 450,000 children out of poverty, potentially rising to 550,000 with ancillary measures. The government asserts that this fiscal approach will benefit all households except the top 10% by the decade's end, reinforcing its progressive agenda. However, the budget encounters internal and external scrutiny; while Labour backbenchers exhibit strong support, dissenting voices highlight opinion poll data suggesting public favor for the previous cap. The Institute for Fiscal Studies provides critical context, noting that these tax hikes are unprecedented since at least 1970, adding a layer of empirical assessment. Strategically, the chancellor must navigate multiple constituencies: ensuring credibility in financial markets to maintain affordable borrowing rates, resonating with a disenchanted electorate to bolster dismal poll numbers, and consolidating party unity. This budget not only aims to enact social welfare enhancements but also serves as a political maneuver to secure temporal leverage for the administration, illustrating the intricate balance between ideological commitments and pragmatic governance in a polarized economic landscape.",
      "source": "BBC News",
      "time_ago": "7 hours ago",
      "image_url": "/article_images/article_ffb5083b65b40608_75817fde5b4c.webp",
      "category": "News"
    },
    {
      "id": "b2a3a0672a83e129",
      "title": "Analyzing Asahi's Cybersecurity Breach: Implications and Responses",
      "summary": "Asahi, a prominent Japanese beverage corporation, has disclosed a severe ransomware attack in September that potentially compromised the personal information of over 1.5 million customers, along with data from employees and external contacts. The cyber-incident, attributed to the Qilin group, involved the encryption of company data and deployment of ransomware, leading to significant operational disruptions where employees had to use manual methods. Asahi's preliminary investigation indicated that while systems were isolated promptly, the attacker had already infiltrated the network, risking exposure of names, genders, addresses, and contact details. The company has postponed its full-year financial results to prioritize addressing the fallout, emphasizing that no credit card data was involved and the impact is confined to Japanese systems. This event underscores critical issues in corporate cybersecurity, data protection protocols, and the broader societal implications of such breaches on trust and privacy.",
      "source": "BBC News",
      "time_ago": "9 hours ago",
      "image_url": "/article_images/article_b2a3a0672a83e129_4005d3892808.webp",
      "category": "News"
    },
    {
      "id": "d4b652d8ac06b2ed",
      "title": "Analysis of the Military Coup in Guinea-Bissau Amid Electoral Controversies",
      "summary": "In Guinea-Bissau, a military coup has unfolded, with soldiers declaring the deposition of President Umaro Sissoco Embaló and the suspension of governmental institutions, occurring merely three days after national elections. The coup was publicly announced via state television by military spokesperson Dinis N'Tchama, who cited an alleged scheme involving politicians and a drug lord to manipulate electoral outcomes, though no substantive evidence was provided. This event is situated within a context of prolonged political instability, as Guinea-Bissau has experienced four coups since independence, alongside its role as a narcotics trafficking hub between Latin America and Europe. The elections themselves were contentious, with both the incumbent and opposition candidate claiming victory prior to official results, exacerbating tensions. Reports from Associated Press journalists detailed gunfire near the presidential palace, road closures, and armed checkpoints, indicating a volatile security situation. The military's actions, including border closures and media suspensions, reflect a broader pattern of authoritarian interventions in West Africa, raising critical questions about democratic consolidation, the rule of law, and the influence of illicit economies on governance. This coup underscores the challenges of electoral integrity and military-civilian relations in fragile states.",
      "source": "PBS NewsHour",
      "time_ago": "13 hours ago",
      "image_url": "/article_images/article_d4b652d8ac06b2ed_5b0c91e5a5b1.webp",
      "category": "News"
    },
    {
      "id": "b39a71e5e603b354",
      "title": "Analyzing the Impact of a Winter Storm on Peak Holiday Travel",
      "summary": "A significant winter storm is severely disrupting Thanksgiving travel across the central and eastern United States, characterized by temperatures dropping 20 degrees below average and substantial snowfall exceeding 18 inches in regions like the Upper Midwest. This meteorological event has led to widespread flight delays, with FlightAware reporting approximately 4,000 affected flights, and hazardous road conditions causing extended travel times and traffic congestion. The Federal Aviation Administration anticipates this week as the busiest in 15 years, with over 360,000 flights scheduled, underscoring the strain on aviation infrastructure. Concurrently, the American Automobile Association notes that 90% of travelers are opting for road trips, amplifying roadway risks. The article, sourced from PBS NewsHour, synthesizes on-the-ground reports and official data to illustrate the compounded challenges of extreme weather and peak travel demand, urging public vigilance and adaptive planning during this critical period.",
      "source": "PBS NewsHour",
      "time_ago": "13 hours ago",
      "image_url": "/article_images/article_b39a71e5e603b354_cfd17f5fe2ce.webp",
      "category": "News"
    }
  ]
}