{
  "title": "Advancing Green Ammonia Synthesis Through Copper Catalyst Mechanisms",
  "summary": "A groundbreaking study by researchers at Tokyo Metropolitan University elucidates the mechanistic role of copper oxide in the electrochemical nitrate reduction reaction for ammonia synthesis, presenting a viable pathway to decarbonize fertilizer production. The traditional Haber-Bosch process, responsible for approximately 1.4% of global CO2 emissions due to its high-energy demands, is contrasted with this innovative approach that operates under ambient conditions. Utilizing operando X-ray absorption spectroscopy, the team delineated how voltage-induced transformations in copper oxide lead to the formation of metallic copper nanoparticles, which catalyze the hydrogenation of nitrite ions to ammonia. This discovery of a previously obscured catalytic step—where surface passivation by nitrate ions under positive voltage inhibits metallic copper formation, while negative voltage promotes it—enables precise optimization of electrocatalysts. The implications extend to enhancing the efficiency and scalability of green ammonia technologies, supported by institutional backing from NEDO, and underscore the integration of advanced analytical methods in driving sustainable industrial chemistry forward.",
  "keywords": [
    {
      "term": "electrocatalyst",
      "explanation": "a catalyst that facilitates electrochemical reactions, often involving electron transfer at electrode surfaces"
    },
    {
      "term": "operando spectroscopy",
      "explanation": "analytical techniques that monitor chemical processes in real-time under operating conditions, providing dynamic insights"
    },
    {
      "term": "nitrate reduction reaction",
      "explanation": "an electrochemical process where nitrate ions are reduced to other nitrogen species, such as ammonia, using electrons"
    },
    {
      "term": "surface passivation",
      "explanation": "a surface chemistry phenomenon where adsorbates reduce the reactivity of a material, affecting catalytic performance"
    },
    {
      "term": "metallic copper nanoparticles",
      "explanation": "nanoscale particles of elemental copper that exhibit unique catalytic properties due to high surface area and electronic structure"
    },
    {
      "term": "green ammonia synthesis",
      "explanation": "the production of ammonia using renewable energy inputs and low-carbon processes to minimize environmental impact"
    },
    {
      "term": "Haber-Bosch process",
      "explanation": "an industrial chemical process that synthesizes ammonia from nitrogen and hydrogen under high pressure and temperature, with significant energy and carbon footprints"
    },
    {
      "term": "carbon dioxide emissions",
      "explanation": "the release of CO2 into the atmosphere, contributing to global warming and climate change"
    },
    {
      "term": "catalyst optimization",
      "explanation": "the process of improving catalyst design and performance through understanding reaction mechanisms and material properties"
    },
    {
      "term": "sustainable agriculture",
      "explanation": "farming practices that meet current food needs without compromising the ability of future generations to do so, often involving reduced environmental impact"
    }
  ],
  "questions": [
    {
      "question": "How does the electrochemical nitrate reduction method differ fundamentally from the Haber-Bosch process in terms of energy requirements?",
      "options": [
        "It uses electricity at ambient conditions, avoiding high temperature and pressure",
        "It requires more fossil fuels",
        "It operates at higher pressures only",
        "It is identical in energy use"
      ],
      "correct_answer": "It uses electricity at ambient conditions, avoiding high temperature and pressure"
    },
    {
      "question": "What critical insight did operando X-ray absorption provide about the copper oxide catalyst?",
      "options": [
        "Real-time observation of metallic copper formation and electronic changes",
        "Only the final product composition",
        "The color changes in the solution",
        "The temperature variations during the reaction"
      ],
      "correct_answer": "Real-time observation of metallic copper formation and electronic changes"
    },
    {
      "question": "Why is surface passivation significant in the context of this research?",
      "options": [
        "It temporarily halts metallic copper formation under positive voltage, affecting reaction efficiency",
        "It permanently deactivates the catalyst",
        "It has no impact on the catalytic process",
        "It enhances ammonia production continuously"
      ],
      "correct_answer": "It temporarily halts metallic copper formation under positive voltage, affecting reaction efficiency"
    },
    {
      "question": "What is the role of metallic copper nanoparticles in the ammonia production mechanism?",
      "options": [
        "They facilitate the hydrogenation of nitrite ions to form ammonia",
        "They act as inhibitors to the reaction",
        "They are byproducts with no functional role",
        "They increase the reaction temperature"
      ],
      "correct_answer": "They facilitate the hydrogenation of nitrite ions to form ammonia"
    },
    {
      "question": "How might this research influence future catalyst design for green chemistry?",
      "options": [
        "By enabling targeted modifications to enhance efficiency and sustainability",
        "By discouraging the use of copper in catalysts",
        "By focusing solely on high-temperature methods",
        "By reducing the need for electrochemical studies"
      ],
      "correct_answer": "By enabling targeted modifications to enhance efficiency and sustainability"
    },
    {
      "question": "What percentage of global CO2 emissions is attributed to the Haber-Bosch process?",
      "options": [
        "Approximately 1.4%",
        "Less than 0.5%",
        "Over 5%",
        "It is not specified in the article"
      ],
      "correct_answer": "Approximately 1.4%"
    },
    {
      "question": "Which analytical method was key to identifying the formation of copper-copper bonds?",
      "options": [
        "Operando X-ray absorption spectroscopy",
        "Gas chromatography",
        "Simple pH testing",
        "Visual inspection"
      ],
      "correct_answer": "Operando X-ray absorption spectroscopy"
    },
    {
      "question": "What broader environmental goal does this research support?",
      "options": [
        "Reducing industrial carbon emissions and promoting sustainable practices",
        "Increasing fertilizer use regardless of impact",
        "Focusing only on economic gains",
        "Ignoring climate change concerns"
      ],
      "correct_answer": "Reducing industrial carbon emissions and promoting sustainable practices"
    },
    {
      "question": "How does the applied voltage affect the reaction pathway in this study?",
      "options": [
        "Positive voltage leads to passivation, while negative voltage promotes metallic copper and ammonia production",
        "Voltage has no effect on the reaction",
        "Only positive voltage drives ammonia formation",
        "Negative voltage stops all reactions"
      ],
      "correct_answer": "Positive voltage leads to passivation, while negative voltage promotes metallic copper and ammonia production"
    },
    {
      "question": "What institution commissioned the project underlying this research?",
      "options": [
        "NEDO",
        "NASA",
        "European Union",
        "World Bank"
      ],
      "correct_answer": "NEDO"
    }
  ],
  "background_read": [
    "Ammonia synthesis is pivotal for global agriculture, with the Haber-Bosch process dominating production but contributing significantly to carbon emissions due to its reliance on fossil fuels and extreme conditions. In response, electrochemical methods like nitrate reduction have emerged as promising alternatives, leveraging renewable electricity to produce ammonia at lower environmental cost. This research delves into the catalytic mechanisms of copper oxide, a material known for its efficacy in such reactions. Using state-of-the-art operando techniques, the study captures dynamic changes in catalyst structure and electronic properties, revealing how voltage modulates surface chemistry and nanoparticle formation. Understanding these intricacies is essential for advancing green ammonia technologies, which align with international sustainability goals and the transition to a circular economy. The support from entities like NEDO highlights the collaborative effort needed to address climate challenges through innovative science and engineering."
  ],
  "Article_Structure": [
    "The article's main points detail the discovery of a catalytic mechanism in copper oxide for electrochemical ammonia production, emphasizing its efficiency and environmental benefits over the Haber-Bosch process. Its purpose is to advance sustainable chemistry by providing insights that could reduce industrial carbon footprints. Evidence evaluation critically assesses the use of operando X-ray absorption as robust for real-time analysis, though reliance on specific experimental conditions may limit generalizability. Author credibility is high, given the academic affiliation and funding from reputable sources, but potential biases towards promoting green technologies should be considered. Methodology involves applying voltage gradients and spectroscopic monitoring, offering a systematic approach, but the study's focus on laboratory-scale experiments necessitates further validation for industrial application. Critical assessment notes strengths in mechanistic clarity and innovation, but limitations include scalability issues and the need for long-term durability tests."
  ],
  "perspectives": [
    {
      "perspective": "Technological Advancement",
      "description": "This research pushes the boundaries of electrocatalysis, enabling more efficient and scalable green ammonia production methods."
    },
    {
      "perspective": "Environmental Policy",
      "description": "Findings support policy initiatives aimed at reducing carbon emissions in agriculture and industry through adoption of cleaner technologies."
    },
    {
      "perspective": "Economic Viability",
      "description": "While promising, the economic feasibility of scaling up electrochemical ammonia production requires cost-benefit analysis and infrastructure development."
    }
  ],
  "image_url": "/article_images/article_c5897a4513a5c505_cb14f3d11769.webp"
}