{
  "title": "Analyzing Epstein's Correspondence: Implications for Royal Accountability",
  "summary": "This BBC News article delves into an email authored by Jeffrey Epstein, which explicitly states that Virginia Giuffre was aboard his private aircraft and had her photograph taken with Prince Andrew. Epstein, a financier convicted for sex trafficking, is central to numerous legal battles, and this correspondence is scrutinized for its evidentiary value in linking high-profile individuals to his illicit activities. Virginia Giuffre has been a key figure in allegations against Epstein and associates, including Prince Andrew, who has faced civil lawsuits and public denials. The article serves to disseminate this primary source, underscoring its role in broader investigative and media contexts. It reflects on how such disclosures can influence judicial processes, public opinion, and the discourse on elite impunity. By presenting the email verbatim, the piece adheres to journalistic ethics, aiming to foster informed debate while navigating the complexities of source credibility and legal implications. This summary encapsulates the nuanced interplay between evidence, media representation, and societal accountability, highlighting the article's contribution to ongoing narratives of justice and power dynamics.",
  "keywords": [
    {
      "term": "correspondence",
      "explanation": "written communications, such as emails, that can be used as documentary evidence"
    },
    {
      "term": "evidentiary value",
      "explanation": "the worth of information in proving or disproving facts in legal settings"
    },
    {
      "term": "sex trafficking",
      "explanation": "the criminal practice of exploiting individuals through coercion for sexual purposes"
    },
    {
      "term": "civil lawsuits",
      "explanation": "legal actions between private parties seeking damages or resolutions, distinct from criminal cases"
    },
    {
      "term": "elite impunity",
      "explanation": "the perception that powerful individuals may avoid consequences for wrongdoing"
    },
    {
      "term": "primary source",
      "explanation": "original documents or direct evidence, like emails, providing firsthand information"
    },
    {
      "term": "journalistic ethics",
      "explanation": "principles guiding responsible reporting, such as accuracy and fairness"
    },
    {
      "term": "public opinion",
      "explanation": "the collective views of society, shaped by media and events"
    },
    {
      "term": "judicial processes",
      "explanation": "the formal procedures in courts for adjudicating legal matters"
    },
    {
      "term": "power dynamics",
      "explanation": "the relationships and influences between individuals or groups with varying levels of authority"
    },
    {
      "term": "source credibility",
      "explanation": "the reliability and trustworthiness of information origins"
    },
    {
      "term": "media representation",
      "explanation": "how news outlets portray events and individuals, affecting perceptions"
    }
  ],
  "questions": [
    {
      "question": "What specific details does Epstein's email provide about Giuffre and Andrew?",
      "options": [
        "Giuffre was on Epstein's plane and photographed with Andrew",
        "Andrew confessed to the allegations",
        "Giuffre denied being on the plane",
        "The email discusses financial transactions"
      ],
      "correct_answer": "Giuffre was on Epstein's plane and photographed with Andrew"
    },
    {
      "question": "How does the article contextualize the email within the Epstein scandal?",
      "options": [
        "As potential evidence in legal investigations",
        "As a minor personal note",
        "As a fictional account",
        "As a promotional piece for the royal family"
      ],
      "correct_answer": "As potential evidence in legal investigations"
    },
    {
      "question": "What is the significance of BBC News as the source in this report?",
      "options": [
        "It adds credibility through established journalistic standards",
        "It biases the report against Epstein",
        "It invents the email content",
        "It avoids all external contexts"
      ],
      "correct_answer": "It adds credibility through established journalistic standards"
    },
    {
      "question": "How might this email impact Prince Andrew's legal position?",
      "options": [
        "It could be used as evidence in lawsuits against him",
        "It exonerates him completely",
        "It is irrelevant to his cases",
        "It only affects public image without legal weight"
      ],
      "correct_answer": "It could be used as evidence in lawsuits against him"
    },
    {
      "question": "What does 'primary source' mean in historical or legal analysis?",
      "options": [
        "Original documents from the time period or event",
        "Interpretations by historians",
        "Secondary summaries of events",
        "Fictional representations"
      ],
      "correct_answer": "Original documents from the time period or event"
    },
    {
      "question": "How does the article evaluate the reliability of the email?",
      "options": [
        "By presenting it neutrally and noting its source",
        "By dismissing it as fake",
        "By adding speculative comments",
        "By comparing it to unrelated events"
      ],
      "correct_answer": "By presenting it neutrally and noting its source"
    },
    {
      "question": "What role does media play in shaping perceptions of high-profile cases?",
      "options": [
        "It informs public discourse and can influence opinions",
        "It has no effect on legal outcomes",
        "It only reports positive news",
        "It avoids controversial topics"
      ],
      "correct_answer": "It informs public discourse and can influence opinions"
    },
    {
      "question": "Why is source credibility critical in journalism?",
      "options": [
        "It ensures the accuracy and trustworthiness of reports",
        "It makes stories more entertaining",
        "It allows for fictional elements",
        "It is unimportant in news reporting"
      ],
      "correct_answer": "It ensures the accuracy and trustworthiness of reports"
    },
    {
      "question": "What are the potential limitations of relying on a single email as evidence?",
      "options": [
        "It may lack context or be taken out of scope",
        "It is always completely reliable",
        "It proves everything definitively",
        "It cannot be used in court at all"
      ],
      "correct_answer": "It may lack context or be taken out of scope"
    },
    {
      "question": "How does this article contribute to discussions on accountability?",
      "options": [
        "By highlighting evidence that may hold powerful figures responsible",
        "By ignoring all allegations",
        "By promoting conspiracy theories",
        "By focusing solely on royal ceremonies"
      ],
      "correct_answer": "By highlighting evidence that may hold powerful figures responsible"
    },
    {
      "question": "What methodological approach does BBC News likely use in reporting this email?",
      "options": [
        "Citing direct sources and verifying facts",
        "Creating fictional narratives",
        "Avoiding any external verification",
        "Relying solely on opinions"
      ],
      "correct_answer": "Citing direct sources and verifying facts"
    },
    {
      "question": "In what ways can public opinion be influenced by such media reports?",
      "options": [
        "Through increased awareness and potential bias formation",
        "It remains unchanged regardless of news",
        "It only affects legal experts",
        "It leads to immediate legal actions"
      ],
      "correct_answer": "Through increased awareness and potential bias formation"
    }
  ],
  "background_read": [
    "This article is situated within the extensive Jeffrey Epstein scandal, where Epstein, a financier with ties to elites, was convicted for sex trafficking and died in jail. Virginia Giuffre has been a prominent accuser, alleging sexual abuse by Epstein and others, including Prince Andrew, leading to civil litigation and global media attention. Prince Andrew, a British royal, has vehemently denied these claims but settled a lawsuit with Giuffre, reflecting the legal and reputational stakes. The email in question emerges as a piece of evidence that could corroborate or challenge narratives in these cases. BBC News, adhering to rigorous journalistic standards, reports this to facilitate public understanding and scrutiny. This context underscores the interplay between media, law, and power, emphasizing how documentary evidence like emails can reshape investigations and societal debates on justice and privilege."
  ],
  "Article_Structure": [
    "This in-depth analysis examines the BBC News article on an email from Jeffrey Epstein confirming Virginia Giuffre's presence on his plane with Prince Andrew. Main Points: The email serves as a key piece of evidence in ongoing investigations, highlighting connections in the Epstein scandal and potential implications for royal accountability. Purpose: Written to inform the public and contribute to transparent discourse on high-profile legal matters, emphasizing media's role in evidence dissemination. Evidence Evaluation: As a primary source, the email's credibility is high if authenticated, but it requires contextual analysis to avoid misinterpretation; the article presents it objectively. Author Credibility: BBC News is a reputable source with a history of accurate reporting, though potential biases in selection are minimal. Methodology: The report relies on direct citation of the email, typical of investigative journalism that uses documentary evidence, with implicit verification processes. Critical Assessment: Strengths include factual presentation and relevance to public interest, but limitations involve the email's brevity and need for corroborating evidence to draw definitive conclusions."
  ],
  "perspectives": [
    {
      "perspective": "Legal evidentiary",
      "description": "Focuses on the email's potential as proof in court cases involving Epstein and associates."
    },
    {
      "perspective": "Media ethics",
      "description": "Examines how journalists handle sensitive documents to balance public interest and privacy."
    },
    {
      "perspective": "Social justice",
      "description": "Advocates for using such evidence to address power imbalances and support victims."
    },
    {
      "perspective": "Royal institutional",
      "description": "Considers the impact on monarchy's reputation and the need for internal reforms."
    },
    {
      "perspective": "Historical documentation",
      "description": "Views the email as part of the archival record for future analyses of the scandal."
    }
  ],
  "image_url": "/article_images/article_328083d2183142ee_eee212076b97.jpg"
}