{
  "title": "Governance Under Scrutiny: The Crans-Montana Fire and Swiss Devolved Politics",
  "summary": "The catastrophic fire at Le Constellation bar in Crans-Montana, Switzerland, on New Year's Eve, resulting in 40 fatalities and 116 injuries, has precipitated a profound crisis of confidence in the nation's devolved political framework. Switzerland's system, lauded for its local autonomy and accountability, delegates fire-safety inspections to municipal authorities, such as Mayor Nicolas Feraud in Crans-Montana. Post-tragedy revelations indicated the bar had not undergone inspection since 2019, with only 40 of 128 local establishments inspected in 2025, attributed by Feraud to insufficient inspectorial resources—a sentiment corroborated by Romy Biner, mayor of Zermatt, citing broader resource deficits in the canton of Valais. However, this justification is contested given the affluence of these resorts, fueling public and journalistic skepticism about potential corruption or nepotism, as evidenced by pointed inquiries into Feraud's personal connections with bar owners. The incident underscores systemic vulnerabilities in decentralized governance, where local officials may lack oversight or capacity, raising critical questions about the efficacy of accountability mechanisms in ensuring public safety. Broader implications include debates on regulatory enforcement, resource allocation, and the need for enhanced transparency within Switzerland's cherished political model, as emphasized by survivors' families demanding comprehensive answers.",
  "keywords": [
    {
      "term": "devolved political framework",
      "explanation": "a governmental structure where legislative and administrative powers are distributed to subnational entities, such as cantons or municipalities, to foster local decision-making and autonomy"
    },
    {
      "term": "municipal authorities",
      "explanation": "local government bodies, including mayors and councils, responsible for administering services and regulations within specific geographic areas"
    },
    {
      "term": "inspectorial resources",
      "explanation": "the personnel, funding, and tools available for conducting official checks and audits to ensure compliance with laws and safety standards"
    },
    {
      "term": "nepotism",
      "explanation": "the practice of favoring relatives or friends, especially by giving them jobs or advantages, often at the expense of fairness and meritocracy"
    },
    {
      "term": "systemic vulnerabilities",
      "explanation": "inherent weaknesses or flaws within an organizational or governmental system that can lead to failures or crises under stress"
    },
    {
      "term": "accountability mechanisms",
      "explanation": "procedures and structures designed to hold individuals or institutions responsible for their actions, including oversight, reporting, and consequences for negligence"
    },
    {
      "term": "regulatory enforcement",
      "explanation": "the process of ensuring that laws and rules are followed through monitoring, inspections, and penalties for non-compliance"
    },
    {
      "term": "transparency",
      "explanation": "the principle of operating in an open manner, with accessible information and clear processes, to build trust and allow for public scrutiny"
    },
    {
      "term": "decentralized governance",
      "explanation": "a model of administration where power is dispersed away from a central authority to local or regional levels, aiming to increase responsiveness and community involvement"
    },
    {
      "term": "crisis of confidence",
      "explanation": "a situation where public trust in institutions or systems is severely undermined due to perceived failures or scandals"
    }
  ],
  "questions": [
    {
      "question": "What is the significance of the devolved political framework in Switzerland regarding the fire?",
      "options": [
        "It delegates fire-safety inspections to local authorities",
        "It centralizes all safety regulations federally",
        "It eliminates the need for inspections",
        "It focuses only on economic policies"
      ],
      "correct_answer": "It delegates fire-safety inspections to local authorities"
    },
    {
      "question": "How did Mayor Feraud explain the lack of inspections in Crans-Montana?",
      "options": [
        "Insufficient inspectorial resources",
        "All bars were compliant",
        "Inspections were not required by law",
        "He prioritized other issues"
      ],
      "correct_answer": "Insufficient inspectorial resources"
    },
    {
      "question": "What contradiction arises from the resource shortage claim?",
      "options": [
        "Crans-Montana and Zermatt are affluent resorts",
        "The canton has excess funding",
        "Inspectors are overpaid",
        "There are too many inspectors"
      ],
      "correct_answer": "Crans-Montana and Zermatt are affluent resorts"
    },
    {
      "question": "What broader issue does the fire highlight about decentralized governance?",
      "options": [
        "Systemic vulnerabilities in accountability mechanisms",
        "The efficiency of local decision-making",
        "The superiority of federal control",
        "The irrelevance of safety checks"
      ],
      "correct_answer": "Systemic vulnerabilities in accountability mechanisms"
    },
    {
      "question": "How did journalists contribute to the scrutiny of Mayor Feraud?",
      "options": [
        "By questioning potential corruption or personal ties",
        "By praising his management",
        "By ignoring the incident",
        "By focusing on tourism"
      ],
      "correct_answer": "By questioning potential corruption or personal ties"
    },
    {
      "question": "What role does transparency play in the aftermath of the fire?",
      "options": [
        "It is demanded by the public for accountability",
        "It is deemed unnecessary by officials",
        "It is only relevant for federal matters",
        "It is already fully implemented"
      ],
      "correct_answer": "It is demanded by the public for accountability"
    },
    {
      "question": "What is the implication of Romy Biner's statement about resource deficits?",
      "options": [
        "It suggests a canton-wide issue affecting multiple communities",
        "It absolves Crans-Montana of responsibility",
        "It indicates federal negligence",
        "It highlights personal failures"
      ],
      "correct_answer": "It suggests a canton-wide issue affecting multiple communities"
    },
    {
      "question": "How does the article assess the evidence presented?",
      "options": [
        "It relies on official statements but notes lack of independent verification",
        "It provides conclusive proof of corruption",
        "It dismisses all claims as false",
        "It uses only statistical data"
      ],
      "correct_answer": "It relies on official statements but notes lack of independent verification"
    },
    {
      "question": "What critical assessment can be made of the methodology used in reporting?",
      "options": [
        "It combines interviews and public records but may reflect media bias",
        "It is purely based on speculation",
        "It ignores local perspectives",
        "It uses experimental research"
      ],
      "correct_answer": "It combines interviews and public records but may reflect media bias"
    },
    {
      "question": "What is the overarching theme of the article regarding Swiss governance?",
      "options": [
        "A reevaluation of local accountability in light of tragedy",
        "A celebration of devolved systems",
        "A call for abolishing local government",
        "An emphasis on economic growth over safety"
      ],
      "correct_answer": "A reevaluation of local accountability in light of tragedy"
    }
  ],
  "background_read": [
    "Switzerland's political system is distinguished by its federalist and devolved structure, rooted in historical cantonal autonomy and direct democratic practices. The canton of Valais, with its prosperous ski resorts like Crans-Montana and Zermatt, exemplifies local governance where municipalities handle regulatory enforcement, including fire-safety inspections under cantonal guidelines. This model prioritizes community involvement but faces challenges such as resource disparities and potential conflicts of interest. The Crans-Montana fire incident illuminates these tensions, prompting academic and public discourse on the balance between local control and effective oversight. Background knowledge includes understanding federalism, public administration theories, and comparative governance studies, which help analyze how tragedies can catalyze institutional critique and reform efforts in decentralized contexts."
  ],
  "Article_Structure": [
    "This in-depth analysis examines the Crans-Montana fire as a case study in Swiss devolved politics. Main Points: The fire exposed inspection failures, with local officials citing resource shortages, yet public skepticism arises due to resort affluence, raising corruption concerns. Purpose: To critically assess the efficacy of decentralized accountability and stimulate debate on governance reforms. Evidence Evaluation: Sources include mayoral statements and media reports, but lack corroborative data on corruption, indicating potential biases. Author Credibility: BBC News provides journalistic rigor, though its framing may emphasize public outrage over official perspectives. Methodology: Employs qualitative methods like interviews and document analysis, offering a narrative but limited quantitative support. Critical Assessment: Strengths lie in highlighting systemic issues, but limitations include reliance on self-reported data and insufficient exploration of alternative solutions, suggesting need for further investigative depth."
  ],
  "perspectives": [
    {
      "perspective": "Institutional analysis perspective",
      "description": "Focuses on structural flaws in devolved governance, arguing that resource allocation and oversight mechanisms are inadequate to prevent such tragedies, calling for systemic reforms."
    },
    {
      "perspective": "Sociopolitical critique perspective",
      "description": "Emphasizes public distrust and media scrutiny, viewing the incident as symptomatic of elite capture or corruption in affluent communities, advocating for greater transparency and democratic engagement."
    }
  ],
  "image_url": "/article_images/article_3a6fb3bd6872ae4a_7dd75aa2573c.webp"
}