{
  "title": "Advancing Medical Imaging: A New 3D Color Technique for Human Body Scans",
  "summary": "Researchers from Caltech and USC have developed an innovative medical imaging technique called RUS-PAT that produces 3D color images, showing both the physical structure of soft tissues and the functional activity of blood vessels. This method combines rotational ultrasound tomography (RUST) with photoacoustic tomography (PAT) to address limitations of existing tools. Standard ultrasound offers fast, affordable imaging but is limited to 2D views and small areas, while photoacoustic imaging provides color views of blood flow but lacks detailed tissue structure. Other methods like CT and MRI involve trade-offs such as radiation exposure or high costs. RUS-PAT uses a simpler design with arc-shaped detectors that rotate, mimicking light excitation ultrasonically, making it more practical and cost-effective. It has been demonstrated in human applications, potentially improving breast cancer imaging by locating tumors and assessing biological activity, monitoring nerve damage in diabetic patients by observing structure and oxygen supply, and aiding brain research by combining anatomy and blood flow studies. Published in Nature Biomedical Engineering, this advancement could lead to broader clinical use for better diagnosis and treatment.",
  "keywords": [
    {
      "term": "RUS-PAT",
      "explanation": "a combined imaging technique using rotational ultrasound and photoacoustic tomography for 3D color images"
    },
    {
      "term": "soft tissues",
      "explanation": "non-bony body parts like organs and muscles that require detailed imaging"
    },
    {
      "term": "blood vessels",
      "explanation": "structures such as arteries and veins that transport blood, visualized functionally"
    },
    {
      "term": "photoacoustic tomography",
      "explanation": "an imaging method where laser light triggers sound waves to create color images of blood flow"
    },
    {
      "term": "rotational ultrasound tomography",
      "explanation": "an ultrasound technique that rotates detectors for comprehensive 3D imaging"
    },
    {
      "term": "diabetic neuropathy",
      "explanation": "nerve damage caused by diabetes, which can be monitored with this new imaging"
    },
    {
      "term": "clinical applications",
      "explanation": "uses in medical settings for diagnosing and treating diseases"
    },
    {
      "term": "contrast agents",
      "explanation": "substances used in some imaging to enhance visibility, but not needed here"
    }
  ],
  "questions": [
    {
      "question": "What does RUS-PAT stand for?",
      "options": [
        "Rapid Ultrasound and Photoacoustic Technique",
        "Rotational Ultrasound Tomography combined with Photoacoustic Tomography",
        "Radial Ultrasound and Photoacoustic Technology",
        "Rotational Ultrasound and Photoacoustic Testing"
      ],
      "correct_answer": "Rotational Ultrasound Tomography combined with Photoacoustic Tomography"
    },
    {
      "question": "Which limitation does standard ultrasound have?",
      "options": [
        "It is too expensive",
        "It only shows 2D images and limited areas",
        "It uses harmful radiation",
        "It cannot image blood vessels"
      ],
      "correct_answer": "It only shows 2D images and limited areas"
    },
    {
      "question": "How does photoacoustic imaging work?",
      "options": [
        "By using magnetic fields",
        "By sending laser light and detecting sound waves from absorbing molecules",
        "By rotating X-rays",
        "By injecting contrast agents"
      ],
      "correct_answer": "By sending laser light and detecting sound waves from absorbing molecules"
    },
    {
      "question": "What is a key advantage of RUS-PAT over traditional systems?",
      "options": [
        "It requires more transducers",
        "It is simpler and less expensive",
        "It takes longer to produce images",
        "It uses ionizing radiation"
      ],
      "correct_answer": "It is simpler and less expensive"
    },
    {
      "question": "Who is Lihong Wang?",
      "options": [
        "A patient in the study",
        "The lead researcher who developed photoacoustic tomography",
        "A doctor at USC",
        "A manufacturer of ultrasound machines"
      ],
      "correct_answer": "The lead researcher who developed photoacoustic tomography"
    },
    {
      "question": "What potential application is mentioned for breast cancer?",
      "options": [
        "Reducing tumor size",
        "Pinpointing location and assessing biological activity",
        "Preventing cancer entirely",
        "Replacing surgery"
      ],
      "correct_answer": "Pinpointing location and assessing biological activity"
    },
    {
      "question": "How does RUS-PAT help with diabetic neuropathy?",
      "options": [
        "By curing the disease",
        "By monitoring nerve structure and oxygen supply in one scan",
        "By using contrast agents",
        "By taking longer scans"
      ],
      "correct_answer": "By monitoring nerve structure and oxygen supply in one scan"
    },
    {
      "question": "Where was the study published?",
      "options": [
        "Science Daily",
        "Nature Biomedical Engineering",
        "Journal of Medical Imaging",
        "USC News"
      ],
      "correct_answer": "Nature Biomedical Engineering"
    }
  ],
  "background_read": [
    "Medical imaging technologies have evolved to diagnose internal conditions without invasive procedures. Ultrasound uses sound waves for real-time imaging but lacks depth and color detail. Photoacoustic imaging, developed by Lihong Wang, employs laser-induced sound waves to visualize blood flow in color, yet it misses tissue structure. CT and MRI offer high resolution but come with drawbacks like radiation or cost. The new RUS-PAT technique merges ultrasound and photoacoustic methods, using a rotational detector system to overcome these issues. This innovation stems from decades of research in biomedical engineering, aiming to enhance clinical tools for diseases such as cancer and diabetes, reflecting ongoing efforts to improve patient care through technological advances."
  ],
  "Article_Structure": [
    "Main Points: The article describes RUS-PAT, a new imaging technique combining ultrasound and photoacoustic methods to produce 3D color images of soft tissues and blood vessels, addressing limitations of existing tools like 2D views and high costs. Purpose: To inform about a technological advancement that could improve medical diagnosis and treatment for conditions such as breast cancer and diabetic neuropathy. Evidence Evaluation: The study is published in a reputable journal (Nature Biomedical Engineering), includes expert quotes from researchers like Lihong Wang and Dr. Charles Y. Liu, and reports demonstrated human applications, suggesting credible and peer-reviewed evidence. Author Credibility: Researchers from Caltech and USC are involved, with Wang being a pioneer in photoacoustic imaging and Liu a medical professor, indicating high expertise. Methodology: The technique uses a rotational system with arc-shaped detectors to merge ultrasound and photoacoustic signals, based on experimental development and testing in human contexts."
  ],
  "perspectives": [
    {
      "perspective": "Technological innovation",
      "description": "RUS-PAT represents a breakthrough in imaging by integrating existing methods for enhanced functionality."
    }
  ],
  "image_url": "/article_images/article_577f53f040187a17_4622425b03de.webp"
}