{
  "title": "Covert Surveillance and Digital Exploitation: A Critical Examination for High School Students",
  "summary": "This investigative article by BBC News delves into the phenomenon of women being covertly filmed by male influencers utilizing smart glasses, such as Meta's models, which feature inconspicuous cameras. The filming occurs in public domains across the UK, US, and Australia, where influencers engage women under deceptive guises, purportedly to furnish dating advice. For instance, Dilara was accosted in a London store, and her video, revealing her phone number, amassed 1.3 million views on TikTok, precipitating a deluge of harassing communications. Similarly, Kim was filmed on a West Sussex beach, with her employer and familial details disclosed in videos that accrued 6.9 million views. The BBC catalogues hundreds of analogous videos on platforms like TikTok and Instagram, posted by numerous influencers who monetize their content through client advisories. The affected women report profound feelings of exploitation and distress, underscoring the psychological ramifications of non-consensual dissemination. Legally, privacy attorney Jamie Hurworth elucidates that in the UK, no specific statute prohibits filming sans consent in public, yet the act of uploading such footage online may not constitute 'fair game,' highlighting jurisprudential ambiguities. Social media platforms exhibit erratic enforcement; TikTok initially deemed Dilara's video compliant, but upon BBC inquiry, removed it for contravening anti-harassment guidelines. This exposé underscores systemic issues: technological advancements facilitating surveillance, lacunae in legal frameworks, and the commodification of personal privacy in digital ecosystems.",
  "keywords": [
    {
      "term": "covert surveillance",
      "explanation": "the secret monitoring or recording of individuals, often using hidden technological devices, without their knowledge or consent"
    },
    {
      "term": "male influencers",
      "explanation": "individuals who leverage social media to cultivate followings and generate revenue, frequently by disseminating advice or content that may exploit others"
    },
    {
      "term": "Meta smart glasses",
      "explanation": "wearable technology with embedded cameras that enable discreet video recording, posing privacy concerns"
    },
    {
      "term": "monetization",
      "explanation": "the process of deriving financial gain from digital content, such as through advertising, subscriptions, or paid advice"
    },
    {
      "term": "non-consensual dissemination",
      "explanation": "the sharing of personal information or media without an individual's permission, often leading to privacy violations"
    },
    {
      "term": "jurisprudential ambiguities",
      "explanation": "uncertainties or gaps in legal systems regarding the application of laws to new technological or social issues"
    },
    {
      "term": "psychological ramifications",
      "explanation": "the emotional and mental effects, such as distress or trauma, resulting from invasive actions like covert filming"
    },
    {
      "term": "commodification of privacy",
      "explanation": "the treatment of personal privacy as a tradable or exploitable asset in digital and economic contexts"
    },
    {
      "term": "systemic issues",
      "explanation": "underlying problems within legal, technological, or social systems that perpetuate harms like privacy violations"
    },
    {
      "term": "erratic enforcement",
      "explanation": "inconsistent application of rules or guidelines by authorities, such as social media platforms, leading to uneven protection for users"
    }
  ],
  "questions": [
    {
      "question": "What technological device is primarily used for covert filming in this article?",
      "options": [
        "Meta smart glasses",
        "Smartphone cameras",
        "Body cams",
        "Security cameras"
      ],
      "correct_answer": "Meta smart glasses"
    },
    {
      "question": "How many views did Kim's video accumulate on TikTok?",
      "options": [
        "6.9 million",
        "1.3 million",
        "100,000",
        "500,000"
      ],
      "correct_answer": "6.9 million"
    },
    {
      "question": "What is the primary motivation for influencers posting these videos?",
      "options": [
        "Monetization through client advice",
        "Artistic expression",
        "Political activism",
        "Educational outreach"
      ],
      "correct_answer": "Monetization through client advice"
    },
    {
      "question": "Which legal expert is cited regarding UK filming laws?",
      "options": [
        "Jamie Hurworth",
        "A judge",
        "A police officer",
        "A tech CEO"
      ],
      "correct_answer": "Jamie Hurworth"
    },
    {
      "question": "What was TikTok's response after BBC intervention in Dilara's case?",
      "options": [
        "Removed the video for guideline violations",
        "Increased the video's visibility",
        "Issued a public apology",
        "Banned the influencer's account"
      ],
      "correct_answer": "Removed the video for guideline violations"
    },
    {
      "question": "What emotional impact do the women report?",
      "options": [
        "Exploitation and distress",
        "Empowerment and joy",
        "Indifference",
        "Curiosity"
      ],
      "correct_answer": "Exploitation and distress"
    },
    {
      "question": "What does the article highlight about legal frameworks in the UK?",
      "options": [
        "Gaps and ambiguities regarding public filming",
        "Strong protections against all filming",
        "Complete bans on smart glasses",
        "Mandatory consent laws"
      ],
      "correct_answer": "Gaps and ambiguities regarding public filming"
    },
    {
      "question": "How does the article characterize social media platform enforcement?",
      "options": [
        "Erratic and inconsistent",
        "Highly effective and swift",
        "Non-existent",
        "Based solely on user reports"
      ],
      "correct_answer": "Erratic and inconsistent"
    },
    {
      "question": "What broader issue does the article connect to covert filming?",
      "options": [
        "Commodification of privacy",
        "Increase in physical safety",
        "Decline in social media usage",
        "Advancement in camera technology"
      ],
      "correct_answer": "Commodification of privacy"
    },
    {
      "question": "What methodology does the BBC employ in its investigation?",
      "options": [
        "Reviewing videos and interviewing affected individuals",
        "Conducting laboratory experiments",
        "Analyzing government databases",
        "Surveying random social media users"
      ],
      "correct_answer": "Reviewing videos and interviewing affected individuals"
    }
  ],
  "background_read": [
    "This article presents a critical investigation into the intersection of technology, privacy, and exploitation in the digital age. It focuses on how smart glasses, particularly Meta's models, enable covert surveillance of women in public spaces by male influencers who frame their actions as offering dating advice. The BBC's methodology involves analyzing hundreds of videos on TikTok and Instagram and conducting interviews with victims like Dilara and Kim, who detail the non-consensual dissemination of their personal information and the subsequent harassment. Legally, the piece references privacy lawyer Jamie Hurworth to discuss the inadequacies of UK law, where filming without consent in public is not explicitly illegal, yet posting such content online raises ethical and potential legal questions. The article also critiques social media platforms for their inconsistent enforcement of community guidelines, as evidenced by TikTok's initial dismissal and later removal of Dilara's video after media scrutiny. This raises broader themes about the commodification of privacy, where personal moments are exploited for views and income, and the psychological toll on victims. It encourages readers to consider the systemic issues at play, including technological advancements outpacing legal protections and the responsibilities of both influencers and platforms in safeguarding digital ethics. The analysis calls for heightened public awareness and potential regulatory reforms to address these privacy violations in an increasingly surveilled world."
  ],
  "Article_Structure": [
    "This 100-word in-depth analysis covers: Main Points: The article exposes covert filming by influencers using smart glasses, leading to privacy violations and online harassment of women. Purpose: It aims to critique legal and platform failures while highlighting the exploitation in digital ecosystems. Evidence Evaluation: The BBC provides case studies with specific metrics and expert testimony, offering credible but limited qualitative evidence. Author Credibility: As a BBC report, it leverages journalistic rigor and authoritative sources. Methodology: The investigation includes content analysis of social media and interviews with victims and a lawyer. Critical Assessment: Strengths include real-world examples and legal insights; limitations involve reliance on anecdotal cases and lack of quantitative data on prevalence."
  ],
  "perspectives": [
    {
      "perspective": "Victim-centric view",
      "description": "Emphasizes the emotional and psychological harm from non-consensual filming, advocating for stronger privacy protections and victim support."
    },
    {
      "perspective": "Influencer economic view",
      "description": "Focuses on the monetization strategies of influencers, who may prioritize content virality over ethical considerations, reflecting broader trends in digital entrepreneurship."
    },
    {
      "perspective": "Legal reformist view",
      "description": "Argues for updating laws to address technological surveillance gaps, balancing free speech with privacy rights in public and online spaces."
    },
    {
      "perspective": "Platform accountability view",
      "description": "Criticizes social media companies for inconsistent moderation, urging more transparent and proactive enforcement of guidelines to prevent exploitation."
    },
    {
      "perspective": "Technological ethics view",
      "description": "Examines the ethical implications of smart glasses and similar devices, calling for design considerations that prioritize user consent and privacy by default."
    }
  ],
  "image_url": "/article_images/article_9d43ce71f2689647_b536495e3cea.webp"
}