{
  "articles": [
    {
      "id": "420b0aeb3f8677ba",
      "title": "Advancing Alzheimer's Prognosis: A Blood-Based Predictive Model Using p tau217 Biomarker",
      "summary": "A groundbreaking study by Washington University School of Medicine researchers, published in Nature Medicine, introduces a predictive model utilizing plasma p tau217 levels to estimate the onset of Alzheimer's disease symptoms with an accuracy margin of approximately three to four years. This model leverages data from 603 cognitively normal older adults enrolled in longitudinal cohorts—the Knight Alzheimer Disease Research Center and the Alzheimer's Disease Neuroimaging Initiative—where p tau217 was measured via platforms such as the clinically available PrecivityAD2 test. The biomarker p tau217 correlates with cerebral amyloid and tau pathology, key neuropathological hallmarks of Alzheimer's, enabling temporal forecasting of symptom manifestation. The research underscores the model's potential to streamline clinical trials for preventive interventions by identifying high-risk individuals earlier, thereby reducing trial durations and costs. Moreover, it highlights the accessibility and cost-effectiveness of blood-based testing compared to conventional neuroimaging or cerebrospinal fluid analyses. While currently restricted to research settings, this advancement could eventually facilitate personalized medicine approaches, allowing clinicians to devise targeted strategies to mitigate symptom progression in at-risk populations, addressing a critical need in neurodegenerative disease management.",
      "source": "Science Daily",
      "time_ago": "Just now",
      "image_url": "/article_images/article_420b0aeb3f8677ba_1cd2682d7bd8.webp",
      "category": "Science"
    },
    {
      "id": "08328e693fb725ec",
      "title": "Cognitive Complexity in Cleaner Wrasse: Evidence of Self-Awareness Through Mirror-Based Contingency Testing",
      "summary": "A groundbreaking study by scientists at Osaka Metropolitan University in Japan reveals advanced cognitive processes in cleaner wrasse (Labroides dimidiatus), challenging conventional views on animal self-awareness. The research employed mirror test methodologies to investigate self-recognition and contingency testing behaviors. Initially, fish marked with artificial parasites utilized their reflections to locate and attempt removal of the marks, with scraping behavior emerging rapidly—within an average of 82 minutes—contrasting with prior studies that required days of habituation. This accelerated response suggests the fish possessed a pre-existing bodily expectation, facilitated by the novel experimental design where marking preceded mirror exposure. Subsequently, individuals engaged in contingency testing by manipulating shrimp fragments: they lifted and released the shrimp near the mirror, meticulously tracking its descent in the reflection and repeatedly contacting the glass. This behavior, analogous to actions observed in dolphins and manta rays, indicates a sophisticated understanding of mirror mechanics and self-referential processing. The findings imply that self-awareness, as measured by mirror self-recognition, may be phylogenetically more widespread, potentially extending across diverse taxonomic groups including fish. The study, published in Scientific Reports, posits implications for revising evolutionary theories of cognition, enhancing animal welfare paradigms, and informing AI development through comparative neuroethology.",
      "source": "Science Daily",
      "time_ago": "5 hours ago",
      "image_url": "/article_images/article_08328e693fb725ec_2e8c3f7200e2.webp",
      "category": "Science"
    },
    {
      "id": "ab48e582df842c86",
      "title": "Subsurface Magma Evolution in Young Martian Volcanism: Insights from Orbital Data Analysis",
      "summary": "A study published in Geology investigates the subsurface magma systems driving young volcanic activity on Mars, focusing on a region south of Pavonis Mons. Utilizing high-resolution orbital imagery and mineralogical data from spacecraft, an international research team conducted detailed surface mapping and compositional analysis to reconstruct the volcanic system's evolution. The findings indicate that the volcano underwent multiple eruptive phases, transitioning from fissure eruptions to cone-building events, all sustained by a persistent magma reservoir. Mineral signatures reveal compositional shifts in the magma, suggesting variations in source depth and storage duration prior to eruption. This research underscores the complexity of Martian volcanism during its recent geological history, demonstrating that magma systems remained active and dynamically evolving. By leveraging remote sensing techniques, the study provides critical insights into the planet's interior processes without direct sample retrieval, emphasizing the utility of orbital observations for comparative planetary geology and enhancing our understanding of volcanic mechanisms on rocky bodies.",
      "source": "Science Daily",
      "time_ago": "6 hours ago",
      "image_url": "/article_images/article_ab48e582df842c86_5212532f0b1c.webp",
      "category": "Science"
    },
    {
      "id": "c155ccdf7784377d",
      "title": "Spinosaurus mirabilis: A Novel Spinosaurid with Keratinous Crest and Inland Habitat Implications from the Sahara",
      "summary": "A groundbreaking study in Science details the discovery of Spinosaurus mirabilis, a new spinosaurid species unearthed in the central Sahara of Niger by a research consortium led by Paul Sereno, Professor of Organismal Biology and Anatomy at the University of Chicago. The fossils, excavated from a remote inland site approximately 500-1000 km from ancient marine shorelines, feature an extraordinary scimitar-shaped crest composed of keratin, inferred from vascular channels to have served as a vivid display structure. Craniodental analysis reveals tightly interlocking maxillary and mandibular teeth, forming a specialized trap for piscivorous prey, analogous to adaptations in ichthyosaurs and crocodilians. This discovery critically challenges prevailing hypotheses positing fully aquatic lifestyles for spinosaurids, instead supporting a semi-aquatic, heron-like ecology in fluvial environments, as corroborated by associated sauropod remains in river sediments. The expedition, initiated via a historical monograph reference from the 1950s, involved advanced methodologies including 3D digital modeling under field conditions and collaboration with indigenous Tuareg guides, culminating in a cover feature in Science. Sereno's narrative emphasizes the emotional and logistical dimensions of paleontological exploration, while the findings significantly augment the fossil record of spinosaurid evolution and elevate Niger's stature in paleontological research.",
      "source": "Science Daily",
      "time_ago": "7 hours ago",
      "image_url": "/article_images/article_c155ccdf7784377d_ad1571923006.webp",
      "category": "Science"
    },
    {
      "id": "c2622ffa1b31ffd8",
      "title": "Technical Setback Forces NASA to Roll Back Artemis II SLS Rocket for Helium System Repairs",
      "summary": "NASA has encountered a significant technical obstacle necessitating the rollback of the Space Launch System (SLS) rocket from Launch Complex 39B to the Vehicle Assembly Building (VAB) at Kennedy Space Center, thereby postponing the Artemis II mission. The issue involves an interruption in helium flow within the Interim Cryogenic Propulsion Stage (ICPS), the rocket's upper stage, detected during a routine repressurization operation on Friday evening. NASA Administrator Jared Isaacman emphasized that remediation is only feasible within the VAB, where work platforms can provide physical access to the ICPS and its umbilical connections. This development follows a recent successful fueling test that addressed persistent hydrogen leaks, underscoring the volatile nature of cryogenic systems. The helium system is critical for purging the RL10 engine and maintaining tank pressure, and while a backup purge system is currently operational, the root cause—potentially a faulty check valve, umbilical interface defect, or filter issue—remains under investigation, echoing a similar failure during Artemis I preparations in 2022. The rollback process, utilizing a crawler-transporter for the 4-mile journey, eliminates the March launch window, with NASA aiming to preserve opportunities in April pending data analysis and repair timelines. However, uncertainties persist regarding post-rollback fueling tests and the integrity of recently installed seals, which may be compromised by transport vibrations, as noted by NASA associate administrator Amit Kshatriya. This delay reflects broader challenges in human spaceflight, balancing rigorous safety protocols with ambitious exploration timelines.",
      "source": "Ars Science",
      "time_ago": "1 day ago",
      "image_url": "/article_images/article_c2622ffa1b31ffd8_19da81697d7b.webp",
      "category": "Science"
    },
    {
      "id": "81f177b6ee74f945",
      "title": "Technical Anomaly in Helium Systems Delays NASA's Artemis II Lunar Mission",
      "summary": "NASA has indefinitely postponed the launch of Artemis II, a crewed lunar mission slated for March 6, following the detection of a helium flow interruption during post-rehearsal inspections. The mission, which involves four astronauts—Reid Wiseman, Victor Glover, Christina Koch, and Jeremy Hansen—aims to conduct a 10-day circumlunar flight to the far side of the Moon, representing the most distant human spaceflight endeavor. The delay emerged after a 'wet rehearsal' at Kennedy Space Center, where engineers fueled the Space Launch System with approximately 730,000 gallons of propellant, initially deemed successful. However, overnight monitoring revealed disruptions in helium circulation, critical for tank pressurization and thermal management, necessitating further maintenance. NASA administrator Jared Isaacman contextualized the setback within historical precedents, referencing Neil Armstrong's Gemini 8 mission abort in 1966, while acknowledging public disappointment. Artemis II serves as a precursor to Artemis III, targeting a lunar landing by 2028, though this timeline is acknowledged as ambitious. The incident underscores the complexities of human spaceflight, where meticulous engineering reviews often supersede schedule adherence to mitigate risks in high-stakes exploration.",
      "source": "BBC Science",
      "time_ago": "1 day ago",
      "image_url": "/article_images/article_81f177b6ee74f945_187a7bfd6f6c.webp",
      "category": "Science"
    }
  ]
}