{
  "title": "Medical Tribunal Examines Ethical Breaches in Social Media Conduct of Former Apprentice Contestant",
  "summary": "Dr. Asif Munaf, a physician and former participant in the 2024 series of The Apprentice, is undergoing a Medical Practitioners Tribunal Service hearing for multiple allegations of misconduct. The General Medical Council (GMC) asserts that from October 2023 to July 2025, Munaf disseminated a range of offensive material on social media platform X, including antisemitic content featuring Holocaust denial, conspiracy theories, and rhetoric likening Jews to Nazism, exemplified by an image merging the Star of David with a swastika. Additionally, he reposted a racist slur targeting Floyd Mayweather and articulated sexist viewpoints advocating for gender-based occupational restrictions and disparaging female empowerment. Munaf, absent from the tribunal and without legal representation, previously contested the characterization of his posts as antisemitic, attributing them to emotional impulsivity inconsistent with his educational background. Concurrently, the GMC charges him with professional dereliction for abruptly departing a cardiology locum position at University Hospitals Coventry and Warwickshire NHS Trust in January 2024 without justification and for issuing a sick note to a patient in November 2024 while under suspension. The tribunal continues to adjudicate these claims, which underscore broader concerns about digital ethics and professional accountability in healthcare.",
  "keywords": [
    {
      "term": "Medical Practitioners Tribunal Service",
      "explanation": "the independent body that conducts hearings for doctors accused of misconduct in the UK"
    },
    {
      "term": "antisemitic rhetoric",
      "explanation": "speech or writing that promotes hatred or discrimination against Jewish people"
    },
    {
      "term": "Holocaust denial",
      "explanation": "the rejection of the historical fact of the Holocaust, often used as a tool of antisemitism"
    },
    {
      "term": "professional dereliction",
      "explanation": "failure to fulfill professional duties, potentially leading to disciplinary action"
    }
  ],
  "questions": [
    {
      "question": "What is the role of the Medical Practitioners Tribunal Service in this case?",
      "options": [
        "To conduct hearings for doctor misconduct",
        "To produce TV shows",
        "To regulate social media",
        "To provide medical care"
      ],
      "correct_answer": "To conduct hearings for doctor misconduct"
    },
    {
      "question": "What time frame do the GMC's allegations against Dr. Munaf cover for his social media posts?",
      "options": [
        "October 2023 to July 2025",
        "2024 only",
        "Before 2023",
        "After 2025"
      ],
      "correct_answer": "October 2023 to July 2025"
    },
    {
      "question": "How did Dr. Munaf respond to the antisemitic allegations at a previous hearing?",
      "options": [
        "He denied they were antisemitic and cited emotional heat",
        "He admitted guilt",
        "He claimed they were jokes",
        "He said he did not post them"
      ],
      "correct_answer": "He denied they were antisemitic and cited emotional heat"
    },
    {
      "question": "What specific antisemitic imagery is mentioned in the article?",
      "options": [
        "A flag with Star of David above a swastika",
        "A cross burning",
        "A Confederate flag",
        "A peace symbol"
      ],
      "correct_answer": "A flag with Star of David above a swastika"
    },
    {
      "question": "What professional misconduct is Dr. Munaf accused of besides the social media posts?",
      "options": [
        "Abandoning a locum placement and providing a sick note while suspended",
        "Misdiagnosing patients",
        "Overbilling insurance",
        "Plagiarizing research"
      ],
      "correct_answer": "Abandoning a locum placement and providing a sick note while suspended"
    },
    {
      "question": "What platform did Dr. Munaf use for his offensive posts?",
      "options": [
        "X (formerly Twitter)",
        "Facebook",
        "Instagram",
        "TikTok"
      ],
      "correct_answer": "X (formerly Twitter)"
    },
    {
      "question": "What broader issue does this case highlight regarding healthcare professionals?",
      "options": [
        "Digital ethics and online behavior",
        "Medical training standards",
        "Hospital funding",
        "Patient privacy laws"
      ],
      "correct_answer": "Digital ethics and online behavior"
    },
    {
      "question": "Who provided additional reporting for this article?",
      "options": [
        "PA Media",
        "The GMC",
        "The Apprentice producers",
        "A local hospital"
      ],
      "correct_answer": "PA Media"
    },
    {
      "question": "What is the significance of Dr. Munaf not attending the tribunal?",
      "options": [
        "It may affect the proceedings and his defense",
        "It means he is guilty",
        "It shows he is cooperating",
        "It has no impact"
      ],
      "correct_answer": "It may affect the proceedings and his defense"
    },
    {
      "question": "What is the current status of the tribunal hearing?",
      "options": [
        "It is ongoing",
        "It has concluded with a verdict",
        "It was dismissed",
        "It is in appeal"
      ],
      "correct_answer": "It is ongoing"
    }
  ],
  "background_read": [
    "This article delves into a complex case at the intersection of medical ethics, social media, and legal accountability. Dr. Asif Munaf's actions are scrutinized by the Medical Practitioners Tribunal Service, which operates under the General Medical Council to enforce professional standards in the UK. Antisemitism, including Holocaust denial, is a pervasive form of hate speech with historical roots, and its dissemination by a healthcare professional raises concerns about public trust and safety. The case also touches on issues of racism and sexism, highlighting how online platforms can amplify discriminatory ideologies. Professional misconduct allegations, such as abandoning a post and providing unauthorized medical notes, underscore the responsibilities inherent in medical practice. Understanding these elements requires knowledge of regulatory frameworks, digital communication impacts, and ethical principles in healthcare, making this a pertinent example for discussions on contemporary professional conduct."
  ],
  "Article_Structure": [
    "Main Points: The article outlines allegations against Dr. Asif Munaf for posting antisemitic, racist, and sexist content on social media and committing professional misconduct, including leaving a hospital job without notice and issuing a sick note while suspended. Purpose: To report on a medical tribunal case that illustrates challenges in maintaining ethical standards in the digital age and the consequences for healthcare professionals. Evidence Evaluation: The GMC presents specific posts and incidents as evidence, but the article does not independently verify these, relying on tribunal proceedings; the evidence appears detailed but may be subject to legal interpretation. Author Credibility: The BBC is a credible source with additional input from PA Media, suggesting thorough journalism, though potential biases in reporting on sensitive topics should be considered. Methodology: Information is sourced from tribunal hearings and GMC documents, employing factual reporting without apparent investigative depth. Critical Assessment: Strengths include clear presentation of allegations and context, but limitations involve lack of direct quotes from Munaf or independent analysis of the evidence's validity, potentially oversimplifying complex ethical issues."
  ],
  "perspectives": [
    {
      "perspective": "Ethical and regulatory perspective",
      "description": "This view emphasizes the need for strict enforcement of professional codes to prevent harm and maintain public confidence in healthcare, particularly as social media blurs personal and professional boundaries."
    }
  ],
  "image_url": "/article_images/article_cf1b09797e4e4af7_9ec67a53126a.webp"
}