{
  "title": "Apprentice Doctor Faces Tribunal Over Offensive Social Media Posts",
  "summary": "Dr. Asif Munaf, a former contestant on the 2024 edition of The Apprentice, is facing a medical tribunal for posting a series of offensive content on social media. The General Medical Council (GMC) alleges that between October 2023 and July 2025, he shared antisemitic posts, including Holocaust denial, conspiracy theories, and imagery equating Jews with Nazism, such as a flag with the Star of David above a swastika. Additionally, he reposted racist comments using a derogatory slur against boxer Floyd Mayweather and expressed sexist views by arguing for gender restrictions in certain professions and criticizing female empowerment. Munaf, who did not attend the tribunal and is unrepresented, previously denied the antisemitic nature of the posts, claiming they were not befitting of an educated person and made in emotional heat. The GMC also accuses him of misconduct for walking out of a locum placement at a hospital without notice in January 2024 and providing a sick note to a patient while suspended in November 2024. The hearing continues to assess these allegations and potential disciplinary actions.",
  "keywords": [
    {
      "term": "medical tribunal",
      "explanation": "a formal meeting where medical professionals are judged for misconduct"
    },
    {
      "term": "antisemitic",
      "explanation": "prejudice or discrimination against Jewish people"
    },
    {
      "term": "Holocaust denial",
      "explanation": "claiming the Holocaust did not happen, which is false and offensive"
    },
    {
      "term": "General Medical Council",
      "explanation": "the organization that regulates doctors in the UK"
    }
  ],
  "questions": [
    {
      "question": "What organization is bringing allegations against Dr. Munaf?",
      "options": [
        "General Medical Council",
        "BBC",
        "The Apprentice producers",
        "A hospital trust"
      ],
      "correct_answer": "General Medical Council"
    },
    {
      "question": "What types of offensive posts did Dr. Munaf share according to the GMC?",
      "options": [
        "Antisemitic, racist, and sexist",
        "Only antisemitic",
        "Only racist",
        "Only sexist"
      ],
      "correct_answer": "Antisemitic, racist, and sexist"
    },
    {
      "question": "When did Dr. Munaf allegedly post these offensive comments?",
      "options": [
        "Between October 2023 and July 2025",
        "In 2024 only",
        "Before 2023",
        "After 2025"
      ],
      "correct_answer": "Between October 2023 and July 2025"
    },
    {
      "question": "What did Dr. Munaf say about his posts at a previous hearing?",
      "options": [
        "They were not befitting of someone educated",
        "They were true",
        "He did not post them",
        "They were jokes"
      ],
      "correct_answer": "They were not befitting of someone educated"
    },
    {
      "question": "What other misconduct is Dr. Munaf accused of besides the social media posts?",
      "options": [
        "Leaving a hospital job without notice and providing a sick note while suspended",
        "Stealing medical supplies",
        "Falsifying patient records",
        "Missing appointments"
      ],
      "correct_answer": "Leaving a hospital job without notice and providing a sick note while suspended"
    },
    {
      "question": "What TV show was Dr. Munaf a contestant on?",
      "options": [
        "The Apprentice",
        "Doctor Who",
        "Britain's Got Talent",
        "Strictly Come Dancing"
      ],
      "correct_answer": "The Apprentice"
    },
    {
      "question": "What symbol was included in one of Dr. Munaf's antisemitic posts?",
      "options": [
        "A flag with Star of David above a swastika",
        "A cross",
        "A heart",
        "A smiley face"
      ],
      "correct_answer": "A flag with Star of David above a swastika"
    },
    {
      "question": "What is the current status of the hearing?",
      "options": [
        "It is continuing",
        "It has ended with a decision",
        "It was canceled",
        "It is postponed"
      ],
      "correct_answer": "It is continuing"
    }
  ],
  "background_read": [
    "This article discusses a serious case involving a doctor's misconduct through social media posts and professional actions. In the UK, doctors are regulated by the General Medical Council (GMC), which sets standards for ethical behavior. Antisemitism refers to hostility toward Jewish people, and Holocaust denial is a form of this that ignores historical facts. Social media platforms allow rapid sharing of content, but posts can have real-world consequences, especially for public figures like TV contestants. Medical tribunals are legal processes to investigate allegations against healthcare professionals, ensuring public safety and trust. Understanding these concepts helps in evaluating the impact of online behavior and professional responsibilities."
  ],
  "Article_Structure": [
    "Main Points: The article details allegations against Dr. Asif Munaf for posting antisemitic, racist, and sexist content on social media, along with professional misconduct including abandoning a hospital job and providing unauthorized medical notes. Purpose: To inform the public about a medical tribunal case highlighting issues of online hate speech and ethical breaches by a healthcare professional. Evidence Evaluation: The GMC provides specific examples of posts and incidents, but the article relies on tribunal statements without independent verification, suggesting the evidence is presented in a legal context. Author Credibility: The BBC is a reputable news source, and the article includes additional reporting by PA Media, enhancing reliability. Methodology: Information is gathered from tribunal hearings and official GMC allegations, using factual reporting without personal commentary."
  ],
  "perspectives": [
    {
      "perspective": "Regulatory view",
      "description": "The GMC aims to uphold medical standards and protect patients by holding doctors accountable for unethical behavior, both online and in practice."
    }
  ],
  "image_url": "/article_images/article_cf1b09797e4e4af7_9ec67a53126a.webp"
}