{
  "title": "Dark Chocolate Ingredient Helps Slow Aging",
  "summary": "Scientists have found that a natural ingredient in dark chocolate might help slow down aging. The ingredient is called theobromine, and it comes from cocoa beans. Researchers at King's College London studied people's blood to see how much theobromine they had. They found that people with more theobromine in their blood tended to have a younger biological age than their actual age. Biological age shows how well your body is working, not just how old you are. The study looked at over 1,600 people from two groups in Europe. The scientists say this research helps us understand how foods like dark chocolate might help us live healthier, longer lives. They are not telling people to eat more chocolate, but they want to learn more about how theobromine works. Theobromine is safe for humans but can be harmful to dogs. The team will keep studying to see if theobromine works alone or with other healthy parts of dark chocolate.",
  "keywords": [
    {
      "term": "theobromine",
      "explanation": "a natural ingredient in dark chocolate that might help slow aging"
    },
    {
      "term": "biological age",
      "explanation": "how well your body is working, not just how many years you have lived"
    },
    {
      "term": "cocoa",
      "explanation": "the plant that dark chocolate comes from"
    },
    {
      "term": "researchers",
      "explanation": "scientists who study things to learn new facts"
    },
    {
      "term": "blood",
      "explanation": "the red liquid in your body that carries oxygen and nutrients"
    }
  ],
  "questions": [
    {
      "question": "What is the name of the ingredient in dark chocolate that might slow aging?",
      "options": [
        "Theobromine",
        "Sugar",
        "Milk",
        "Polyphenols"
      ],
      "correct_answer": "Theobromine"
    },
    {
      "question": "Where did the researchers study come from?",
      "options": [
        "King's College London",
        "Harvard University",
        "Tokyo University",
        "Sydney Hospital"
      ],
      "correct_answer": "King's College London"
    },
    {
      "question": "What does biological age measure?",
      "options": [
        "How well your body is working",
        "How many birthdays you have had",
        "How tall you are",
        "What color your hair is"
      ],
      "correct_answer": "How well your body is working"
    },
    {
      "question": "How many people were in the study?",
      "options": [
        "Over 1,600",
        "100",
        "500",
        "2,000"
      ],
      "correct_answer": "Over 1,600"
    },
    {
      "question": "Is theobromine safe for dogs?",
      "options": [
        "No, it can be harmful",
        "Yes, it is safe",
        "Only in small amounts",
        "It is not mentioned"
      ],
      "correct_answer": "No, it can be harmful"
    },
    {
      "question": "What are the scientists trying to learn next?",
      "options": [
        "If theobromine works alone or with other parts of chocolate",
        "How to make more chocolate",
        "Why dogs like chocolate",
        "How to grow cocoa plants faster"
      ],
      "correct_answer": "If theobromine works alone or with other parts of chocolate"
    }
  ],
  "background_read": [
    "Dark chocolate is made from cocoa beans, which come from the cacao tree. It has been enjoyed for centuries and is known for its rich taste. Scientists study foods to understand how they affect our health. Aging is a natural process where our bodies change over time, and researchers look for ways to help people stay healthy as they get older. This article talks about a study that found a link between a chocolate ingredient and slower aging, but it is important to remember that eating too much chocolate is not healthy because it can have sugar and fat."
  ],
  "Article_Structure": [
    "WHO: Researchers at King's College London",
    "WHAT: Found that theobromine in dark chocolate might slow aging",
    "WHERE: In a study with people from Europe",
    "WHY: To understand how everyday foods can help people live healthier, longer lives"
  ],
  "perspectives": [
    {
      "perspective": "Health Benefits",
      "description": "The study suggests that natural ingredients in foods like dark chocolate might have positive effects on aging and health."
    }
  ],
  "image_url": "/article_images/article_bba9a77e9eb03d6f_5858891954ff.webp"
}