{
  "title": "Theobromine in Dark Chocolate Linked to Slower Biological Aging",
  "summary": "A recent study from King's College London has identified theobromine, a compound found in cocoa, as potentially slowing biological aging. Published in the journal Aging, the research analyzed blood samples from 509 participants in TwinsUK and 1,160 in KORA, totaling over 1,600 individuals from European groups. The study measured theobromine levels in the blood and compared them with biological aging markers, such as DNA methylation and telomere length. Biological age reflects how well the body functions based on epigenetic changes, rather than chronological age. Results showed that higher theobromine concentrations were associated with a younger biological age. The researchers, led by Professor Jordana Bell, emphasized that this finding links a key component of dark chocolate to healthier aging, though they caution against increasing chocolate consumption without further evidence. Theobromine stood out among other cocoa and coffee metabolites as the only compound with this specific association. The team is now investigating whether theobromine acts independently or alongside other compounds like polyphenols. This research aims to explore how dietary metabolites interact with the epigenome to influence aging and disease risks.",
  "keywords": [
    {
      "term": "theobromine",
      "explanation": "an alkaloid compound in cocoa that may slow biological aging by affecting epigenetic markers"
    },
    {
      "term": "biological aging",
      "explanation": "the functional age of the body measured through epigenetic changes like DNA methylation and telomere length"
    },
    {
      "term": "DNA methylation",
      "explanation": "chemical modifications on DNA that change with age and serve as markers for biological age"
    },
    {
      "term": "telomere length",
      "explanation": "protective caps on chromosomes that shorten with age and are linked to health risks"
    },
    {
      "term": "epigenome",
      "explanation": "the collection of chemical modifications that regulate gene activity without changing DNA sequence"
    }
  ],
  "questions": [
    {
      "question": "What journal published the study on theobromine and aging?",
      "options": [
        "Aging",
        "Science",
        "Nature",
        "Cell"
      ],
      "correct_answer": "Aging"
    },
    {
      "question": "How many participants were included from the KORA group?",
      "options": [
        "1,160",
        "509",
        "2,000",
        "100"
      ],
      "correct_answer": "1,160"
    },
    {
      "question": "What two methods were used to estimate biological age in the study?",
      "options": [
        "DNA methylation and telomere length",
        "Blood pressure and heart rate",
        "Height and weight",
        "Sugar levels and cholesterol"
      ],
      "correct_answer": "DNA methylation and telomere length"
    },
    {
      "question": "Who is the senior author of the study?",
      "options": [
        "Professor Jordana Bell",
        "Dr. Ramy Saad",
        "Professor Ana Rodriguez-Mateos",
        "A student researcher"
      ],
      "correct_answer": "Professor Jordana Bell"
    },
    {
      "question": "What type of compound is theobromine classified as?",
      "options": [
        "Alkaloid",
        "Polyphenol",
        "Vitamin",
        "Mineral"
      ],
      "correct_answer": "Alkaloid"
    },
    {
      "question": "What is the main caution given by the researchers regarding chocolate consumption?",
      "options": [
        "Not to eat more chocolate without further evidence",
        "To avoid chocolate entirely",
        "To only eat milk chocolate",
        "To increase intake immediately"
      ],
      "correct_answer": "Not to eat more chocolate without further evidence"
    },
    {
      "question": "What other compound in dark chocolate is mentioned as having positive health effects?",
      "options": [
        "Polyphenols",
        "Caffeine",
        "Sugar",
        "Fat"
      ],
      "correct_answer": "Polyphenols"
    },
    {
      "question": "What is the goal of the next phase of research?",
      "options": [
        "To explore interactions between dietary metabolites and the epigenome",
        "To develop a chocolate-based supplement",
        "To study effects on dogs",
        "To measure chocolate consumption habits"
      ],
      "correct_answer": "To explore interactions between dietary metabolites and the epigenome"
    }
  ],
  "background_read": [
    "Dark chocolate is derived from cocoa beans and contains various bioactive compounds, including theobromine and polyphenols, which have been studied for potential health benefits such as improved heart health and antioxidant effects. Biological aging is a complex process influenced by genetic, environmental, and lifestyle factors, with epigenetic mechanisms like DNA methylation playing a key role in regulating gene expression. Research in epigenomics explores how these modifications affect aging and disease. Theobromine, while beneficial in humans, is toxic to dogs due to differences in metabolism. This study contributes to growing evidence that diet can impact epigenetic aging, highlighting the importance of nutritional science in promoting longevity and preventing age-related diseases. Understanding these interactions may lead to new dietary recommendations or interventions for healthy aging."
  ],
  "Article_Structure": [
    "The article presents main points on theobromine's association with slower biological aging, based on a study analyzing blood samples from European cohorts. Its purpose is to inform about potential dietary influences on aging and encourage further research. Evidence evaluation shows observational data linking theobromine levels to epigenetic markers, but causality is not established. Author credibility is high, with researchers from King's College London specializing in epigenomics and nutrition. Methodology involves cross-sectional analysis of metabolite levels and aging biomarkers, using established techniques like DNA methylation and telomere length measurement, though limitations include reliance on correlation without intervention trials."
  ],
  "perspectives": [
    {
      "perspective": "Nutritional Science",
      "description": "Highlights how dietary components like theobromine may modulate epigenetic processes to promote healthier aging."
    }
  ],
  "image_url": "/article_images/article_bba9a77e9eb03d6f_5858891954ff.webp"
}