{
  "title": "The Plan for U.S. Oil Companies in Venezuela",
  "summary": "President Trump hosted oil executives at the White House to discuss a strategy for American companies to invest in Venezuela's oil sector. Venezuela possesses the largest oil reserves globally but currently produces only 1% of the world's supply due to infrastructure issues. The proposed plan involves companies investing at least $100 billion to rebuild Venezuela's oil capacity and infrastructure. In exchange, the United States would begin refining and selling up to 50 million barrels of Venezuelan crude oil, with the arrangement intended to continue indefinitely. President Trump assured total safety and security for the operations. To provide insight, Bob McNally, founder of Rapidan Energy Group and a former energy advisor to President George W. Bush, was interviewed. This discussion highlights the potential economic and geopolitical implications of such a collaboration, including how it might affect global oil markets and Venezuela's recovery.",
  "keywords": [
    {
      "term": "oil reserves",
      "explanation": "the amount of oil that a country has underground that can be extracted in the future"
    },
    {
      "term": "infrastructure",
      "explanation": "the basic systems and facilities needed for a country or industry to function, like pipelines and refineries for oil"
    },
    {
      "term": "investment",
      "explanation": "putting money into something with the hope of making a profit or achieving a goal, such as fixing oil systems"
    },
    {
      "term": "geopolitical",
      "explanation": "related to how geography and politics influence international relations, like between the U.S. and Venezuela"
    },
    {
      "term": "crude oil",
      "explanation": "unprocessed oil that is extracted from the ground and later refined into products like gasoline"
    }
  ],
  "questions": [
    {
      "question": "What is the main goal of the plan discussed at the White House?",
      "options": [
        "To invest in Venezuela's oil sector",
        "To build new schools in Venezuela",
        "To reduce oil use worldwide",
        "To start a war with Venezuela"
      ],
      "correct_answer": "To invest in Venezuela's oil sector"
    },
    {
      "question": "How much of the global oil supply does Venezuela currently produce?",
      "options": [
        "1%",
        "10%",
        "50%",
        "100%"
      ],
      "correct_answer": "1%"
    },
    {
      "question": "What role does Bob McNally play in the article?",
      "options": [
        "He is an energy expert providing analysis",
        "He is the president of Venezuela",
        "He is a White House reporter",
        "He is an oil company executive"
      ],
      "correct_answer": "He is an energy expert providing analysis"
    },
    {
      "question": "What did President Trump promise to the oil companies?",
      "options": [
        "Total safety and security",
        "Free oil for life",
        "A new law for oil",
        "A big party at the White House"
      ],
      "correct_answer": "Total safety and security"
    },
    {
      "question": "What will the U.S. do with Venezuelan crude oil under the plan?",
      "options": [
        "Refine and sell it",
        "Store it underground",
        "Give it to other countries",
        "Use it for art projects"
      ],
      "correct_answer": "Refine and sell it"
    },
    {
      "question": "Why is Venezuela's oil production low despite large reserves?",
      "options": [
        "Infrastructure problems",
        "Lack of oil in the ground",
        "Too much rain",
        "People don't like oil"
      ],
      "correct_answer": "Infrastructure problems"
    },
    {
      "question": "How might this plan affect global oil markets?",
      "options": [
        "It could increase supply and lower prices",
        "It would have no effect",
        "It would stop all oil production",
        "It would only help Venezuela"
      ],
      "correct_answer": "It could increase supply and lower prices"
    },
    {
      "question": "What is the estimated investment amount for the plan?",
      "options": [
        "$100 billion",
        "$1 million",
        "$500 billion",
        "$10 billion"
      ],
      "correct_answer": "$100 billion"
    }
  ],
  "background_read": [
    "Venezuela is a South American country with the world's largest proven oil reserves, but economic and political crises have damaged its oil infrastructure, leading to low production. The United States has historically been involved in global oil markets, and investments by American companies can influence international relations. Infrastructure refers to physical assets like pipelines and refineries essential for oil extraction and processing. Geopolitical factors involve how countries interact over resources, affecting trade and security. Experts like Bob McNally analyze energy trends to predict outcomes of such plans."
  ],
  "Article_Structure": [
    "Main Points: The article discusses a U.S. plan for oil companies to invest $100 billion in Venezuela's oil infrastructure to boost production, with the U.S. refining and selling Venezuelan crude oil in return. Purpose: To inform about potential economic and geopolitical strategies involving U.S.-Venezuela relations and global oil supply. Evidence Evaluation: Based on a PBS NewsHour interview with expert Bob McNally, providing credible analysis but limited to one perspective. Author Credibility: PBS is a reputable news source, and McNally has expertise as a former energy advisor. Methodology: Uses a news report format with quotes from an interview, offering factual reporting but without detailed data or multiple sources."
  ],
  "perspectives": [
    {
      "perspective": "Economic Opportunity",
      "description": "This view sees the plan as a chance to revitalize Venezuela's economy and benefit U.S. companies through increased oil access."
    }
  ],
  "image_url": "/article_images/article_7e1fb644da054f37_9fe119f5e62b.webp"
}