{
  "title": "Decoding Jupiter's Atmospheric Composition Through Integrated Computational Modeling",
  "summary": "A groundbreaking study led by researchers at the University of Chicago and Jet Propulsion Laboratory has developed the most detailed model of Jupiter's atmosphere to date, addressing long-standing uncertainties about its interior composition. By integrating atmospheric chemistry with hydrodynamics, the model simulates chemical reactions and fluid dynamics simultaneously, providing unprecedented insights into the gas giant's dense cloud layers. Key findings indicate that Jupiter contains approximately 1.5 times more oxygen than the sun, a result that sharpens theories on planetary accretion and solar system formation. Jupiter's atmosphere, characterized by violent phenomena like the Great Red Spot—a storm persisting for centuries—poses challenges for direct observation, as evidenced by the Galileo spacecraft's loss of contact upon atmospheric entry. Current missions, such as NASA's Juno, gather orbital data on chemicals like ammonia and methane, but inferring deeper processes requires sophisticated modeling. This research resolves conflicting past estimates of water and oxygen abundance, demonstrating how computational advancements can transform planetary studies by bridging gaps between chemical analysis and atmospheric behavior. The study, published in The Planetary Science Journal, underscores the importance of multidisciplinary approaches in unraveling the complexities of gas giant atmospheres.",
  "keywords": [
    {
      "term": "integrated modeling",
      "explanation": "a computational approach that combines atmospheric chemistry and hydrodynamics to simulate planetary atmospheres holistically"
    },
    {
      "term": "oxygen enrichment",
      "explanation": "the elevated oxygen levels in Jupiter compared to solar composition, influencing nebular theories of planet formation"
    },
    {
      "term": "atmospheric dynamics",
      "explanation": "the study of fluid motions and storm systems, such as the Great Red Spot, within Jupiter's atmosphere"
    },
    {
      "term": "computational hydrodynamics",
      "explanation": "the use of fluid dynamics simulations to model gas and cloud movements in planetary contexts"
    },
    {
      "term": "planetary accretion",
      "explanation": "the process by which planets accumulate material, informed by chemical composition data from studies like this"
    },
    {
      "term": "indirect observation",
      "explanation": "methods like orbital data collection and modeling used to infer atmospheric properties without direct penetration"
    },
    {
      "term": "multidisciplinary synthesis",
      "explanation": "the integration of chemistry, physics, and computational science to address complex planetary questions"
    },
    {
      "term": "atmospheric chemistry",
      "explanation": "the study of chemical reactions and species distribution in planetary atmospheres, key to understanding composition"
    },
    {
      "term": "data inference",
      "explanation": "the process of drawing conclusions about deeper atmospheric layers from limited upper-atmosphere measurements"
    },
    {
      "term": "scientific resolution",
      "explanation": "the use of advanced techniques to settle debates, such as those over Jupiter's water and oxygen content"
    }
  ],
  "questions": [
    {
      "question": "What does the integrated model combine to study Jupiter's atmosphere?",
      "options": [
        "Atmospheric chemistry and hydrodynamics",
        "Biology and geology",
        "Astronomy and history",
        "Meteorology and oceanography"
      ],
      "correct_answer": "Atmospheric chemistry and hydrodynamics"
    },
    {
      "question": "How does Jupiter's oxygen abundance compare to the sun according to the study?",
      "options": [
        "1.5 times higher",
        "Equal",
        "Lower",
        "Not measured"
      ],
      "correct_answer": "1.5 times higher"
    },
    {
      "question": "What is the significance of the Great Red Spot in this research?",
      "options": [
        "It exemplifies atmospheric dynamics studied in the model",
        "It is a chemical compound analyzed",
        "It is a spacecraft used for data",
        "It is a moon of Jupiter"
      ],
      "correct_answer": "It exemplifies atmospheric dynamics studied in the model"
    },
    {
      "question": "Which mission currently provides orbital data on Jupiter's atmosphere?",
      "options": [
        "Juno",
        "Galileo",
        "Voyager",
        "Cassini"
      ],
      "correct_answer": "Juno"
    },
    {
      "question": "What limitation did the Galileo spacecraft encounter when exploring Jupiter?",
      "options": [
        "Lost contact in dense atmosphere",
        "Failed to launch",
        "Had no imaging capabilities",
        "Could not measure oxygen"
      ],
      "correct_answer": "Lost contact in dense atmosphere"
    },
    {
      "question": "How does the model address past conflicts in Jupiter studies?",
      "options": [
        "By integrating multiple scientific disciplines for accurate simulations",
        "By ignoring previous data",
        "By focusing only on cloud patterns",
        "By using only telescope observations"
      ],
      "correct_answer": "By integrating multiple scientific disciplines for accurate simulations"
    },
    {
      "question": "What broader implication does the study have for planetary science?",
      "options": [
        "Enhances understanding of solar system formation through composition analysis",
        "Proves life exists on Jupiter",
        "Maps all planets in detail",
        "Replaces all physical missions"
      ],
      "correct_answer": "Enhances understanding of solar system formation through composition analysis"
    },
    {
      "question": "What role does computational advancement play in this research?",
      "options": [
        "It enables detailed simulations without direct exploration, transforming study methods",
        "It simplifies models too much",
        "It replaces chemical analysis entirely",
        "It focuses only on Earth comparisons"
      ],
      "correct_answer": "It enables detailed simulations without direct exploration, transforming study methods"
    },
    {
      "question": "How are chemical clues from Jupiter's upper atmosphere used in the model?",
      "options": [
        "Inferred to understand deeper processes through reactions and dynamics",
        "Ignored as irrelevant",
        "Measured directly from the surface",
        "Compared only to Earth's atmosphere"
      ],
      "correct_answer": "Inferred to understand deeper processes through reactions and dynamics"
    },
    {
      "question": "What does the study suggest about the methodology for future planetary research?",
      "options": [
        "Multidisciplinary models are crucial for complex atmospheric studies",
        "Only spacecraft missions are needed",
        "Historical data alone suffices",
        "Chemistry should be studied in isolation"
      ],
      "correct_answer": "Multidisciplinary models are crucial for complex atmospheric studies"
    }
  ],
  "background_read": [
    "Jupiter, as a gas giant, presents a unique challenge for planetary scientists due to its thick, turbulent atmosphere that obscures interior processes. Historical observations, dating back to telescopic studies of the Great Red Spot, have laid the groundwork, but modern research relies on spacecraft like Juno for orbital data and advanced computational models. This study builds on past debates about Jupiter's composition, particularly regarding oxygen and water, which are critical for theories of planetary formation from the solar nebula. By integrating atmospheric chemistry—tracking molecules like ammonia and methane—with hydrodynamics to simulate fluid motions, the model offers a novel approach to inferring deep atmospheric conditions. The research highlights how technological innovations in modeling can overcome limitations of direct exploration, providing insights into accretion processes and atmospheric behavior, with implications for understanding other gas giants in and beyond our solar system."
  ],
  "Article_Structure": [
    "The article details a study using an integrated computational model to analyze Jupiter's atmosphere, revealing enhanced oxygen levels and resolving composition debates, with main points focusing on planetary formation insights. Its purpose is to advance planetary science through multidisciplinary modeling in the context of limited direct observation. Evidence evaluation notes reliance on Juno's orbital data and chemical inferences, which are robust but indirect, with author credibility established through institutional affiliations and lead author expertise. Methodology involves combining atmospheric chemistry and hydrodynamics in simulations, offering a comprehensive yet model-dependent approach. Critical assessment acknowledges strengths in resolving past conflicts and innovative techniques, but limitations include model assumptions and lack of direct atmospheric penetration, suggesting need for future validation."
  ],
  "perspectives": [
    {
      "perspective": "Interdisciplinary Research",
      "description": "The study exemplifies how merging chemistry, physics, and computation can address complex planetary mysteries beyond traditional observational limits."
    }
  ],
  "image_url": "/article_images/article_9fa78a1704c6e721_ddb0c947d21f.webp"
}