{
  "title": "Interdisciplinary Study Exposes Ointment-Induced Failure in Glaucoma MicroShunts",
  "summary": "A groundbreaking interdisciplinary study from Nagoya University in Japan has elucidated a critical risk factor for the PRESERFLO MicroShunt, a globally utilized implant for glaucoma management. The research demonstrates that petrolatum-based eye ointments can induce significant structural compromise in the device, leading to swelling and potential rupture, attributable to the implant's composition of a styrenic thermoplastic elastomer (SIBS). This material, while engineered for high biocompatibility and flexibility, exhibits a pronounced affinity for hydrocarbon components, allowing ointment penetration that alters mechanical integrity. The investigation synergized clinical ophthalmological observations with rigorous engineering analyses, providing the first comprehensive evidence linking such ointments to implant damage. Despite explicit manufacturer contraindications, these warnings are frequently neglected in clinical environments, underscoring a gap in procedural adherence. The collaborative team, comprising medical professionals and material scientists, published their findings in Graefe's Archive for Clinical and Experimental Ophthalmology, advocating for heightened clinical vigilance. This study not only advances understanding of material-biological interactions but also has profound implications for patient safety, as glaucoma affects millions worldwide and the MicroShunt represents a key therapeutic advancement with reduced complication profiles compared to conventional surgeries.",
  "keywords": [
    {
      "term": "PRESERFLO MicroShunt",
      "explanation": "a micro-filtration device implanted surgically to facilitate aqueous humor drainage in glaucoma, made from SIBS polymer"
    },
    {
      "term": "petrolatum-based ointments",
      "explanation": "topical ophthalmic preparations containing petroleum derivatives that can interact with polymeric materials"
    },
    {
      "term": "styrenic thermoplastic elastomer (SIBS)",
      "explanation": "a block copolymer with polystyrene and polyisobutylene segments, selected for its biocompatibility but susceptibility to hydrocarbon absorption"
    },
    {
      "term": "structural compromise",
      "explanation": "the degradation of a device's physical properties, such as swelling or reduced tensile strength, due to chemical interactions"
    },
    {
      "term": "clinical ophthalmological observations",
      "explanation": "empirical data gathered from patient cases in surgical and post-operative settings to identify adverse events"
    },
    {
      "term": "engineering analyses",
      "explanation": "laboratory-based experiments assessing material responses to environmental stressors, like exposure to ointments"
    },
    {
      "term": "manufacturer contraindications",
      "explanation": "explicit warnings provided by the device producer against specific uses or exposures to prevent failure"
    },
    {
      "term": "interdisciplinary collaboration",
      "explanation": "the integration of expertise from distinct fields, such as medicine and engineering, to address complex research questions"
    },
    {
      "term": "biocompatibility",
      "explanation": "the property of a material to perform appropriately in a biological context without eliciting adverse immune or inflammatory responses"
    },
    {
      "term": "aqueous humor drainage",
      "explanation": "the physiological process of fluid outflow from the eye, targeted by glaucoma implants to reduce intraocular pressure"
    }
  ],
  "questions": [
    {
      "question": "What is the primary finding of the Nagoya University study regarding petrolatum-based ointments?",
      "options": [
        "They cause structural damage to the MicroShunt implant",
        "They enhance the biocompatibility of SIBS",
        "They are recommended for post-operative care",
        "They have no impact on glaucoma treatment"
      ],
      "correct_answer": "They cause structural damage to the MicroShunt implant"
    },
    {
      "question": "Which material property of the MicroShunt makes it vulnerable to ointment exposure?",
      "options": [
        "Affinity for hydrocarbons",
        "Resistance to all chemicals",
        "High electrical conductivity",
        "Magnetic properties"
      ],
      "correct_answer": "Affinity for hydrocarbons"
    },
    {
      "term": "styrenic thermoplastic elastomer (SIBS)",
      "explanation": "a block copolymer with polystyrene and polyisobutylene segments, selected for its biocompatibility but susceptibility to hydrocarbon absorption"
    },
    {
      "question": "How did the researchers validate their findings?",
      "options": [
        "By combining clinical cases with lab experiments",
        "Through surveys of patients only",
        "Using theoretical models alone",
        "By reviewing historical literature only"
      ],
      "correct_answer": "By combining clinical cases with lab experiments"
    },
    {
      "question": "What is a significant issue highlighted regarding manufacturer warnings?",
      "options": [
        "They are often overlooked in clinical practice",
        "They are universally followed",
        "They are outdated and irrelevant",
        "They are only for engineers"
      ],
      "correct_answer": "They are often overlooked in clinical practice"
    },
    {
      "question": "What disciplines were involved in this research collaboration?",
      "options": [
        "Ophthalmology and engineering",
        "Only pharmacology",
        "Only surgery",
        "Only chemistry"
      ],
      "correct_answer": "Ophthalmology and engineering"
    },
    {
      "question": "Where were the study results published?",
      "options": [
        "Graefe's Archive for Clinical and Experimental Ophthalmology",
        "A general science magazine",
        "An engineering textbook",
        "A patient blog"
      ],
      "correct_answer": "Graefe's Archive for Clinical and Experimental Ophthalmology"
    },
    {
      "question": "What is the global prevalence of glaucoma mentioned in the article?",
      "options": [
        "Approximately 76 million people",
        "Less than 1 million",
        "Over 200 million",
        "Not specified"
      ],
      "correct_answer": "Approximately 76 million people"
    },
    {
      "question": "What advantage does the MicroShunt offer over traditional glaucoma surgeries?",
      "options": [
        "Fewer post-operative complications",
        "Higher cost",
        "Longer recovery time",
        "More invasive procedures"
      ],
      "correct_answer": "Fewer post-operative complications"
    },
    {
      "question": "What broader implication does this study have for medical device safety?",
      "options": [
        "It emphasizes the need for material compatibility assessments",
        "It suggests abandoning all ointments",
        "It promotes the use of older surgeries",
        "It downplays the role of clinical guidelines"
      ],
      "correct_answer": "It emphasizes the need for material compatibility assessments"
    }
  ],
  "background_read": [
    "Glaucoma is a progressive optic neuropathy often associated with elevated intraocular pressure due to impaired aqueous humor drainage, affecting an estimated 76 million individuals worldwide and representing a leading cause of irreversible blindness. The PRESERFLO MicroShunt, fabricated from a styrenic thermoplastic elastomer (SIBS), is a minimally invasive surgical implant that augments trabecular outflow, offering superior safety profiles and reduced medication reliance compared to traditional trabeculectomy. However, its polymer matrix is intrinsically susceptible to hydrocarbon absorption, a property that can lead to plasticization and mechanical failure. Petrolatum-based ointments, commonly administered for ocular lubrication post-surgery, contain aliphatic hydrocarbons that diffuse into the SIBS, causing swelling and potential rupture. This study from Nagoya University employs a translational research approach, merging clinical insights from ophthalmology with material science methodologies to substantiate this risk. The findings critique current clinical practices for often disregarding manufacturer advisories, proposing enhanced educational initiatives and protocol revisions to mitigate device-related complications and optimize therapeutic outcomes in glaucoma management."
  ],
  "Article_Structure": [
    "Main Points: The research establishes that petrolatum-based eye ointments compromise the structural integrity of the PRESERFLO MicroShunt through hydrocarbon absorption, leading to swelling and rupture risks. Purpose: To address a clinical oversight by providing empirical evidence that reinforces manufacturer warnings and advocates for improved procedural adherence to prevent implant failure. Evidence Evaluation: The study integrates qualitative clinical observations with quantitative laboratory analyses, offering a robust, multi-faceted validation of the risk, though limited by sample size and potential confounding variables. Author Credibility: The team includes credentialed ophthalmologists and engineers from Nagoya University, ensuring expertise in both medical applications and material behavior, though potential biases from institutional focus may exist. Methodology: Employed a mixed-methods approach involving retrospective case reviews of patients with swollen MicroShunts and in vitro experiments simulating ointment exposure to assess material changes. Critical Assessment: Strengths lie in the interdisciplinary design and direct clinical relevance, but limitations include the observational nature of patient data and need for broader validation across diverse populations to generalize findings."
  ],
  "perspectives": [
    {
      "perspective": "Translational research impact",
      "description": "Highlights how integrating medical and engineering insights can identify and mitigate real-world clinical risks, enhancing device safety and patient care protocols."
    }
  ],
  "image_url": "/article_images/article_4418d5dcd71f671e_1d8870b3aa58.webp"
}