{
  "title": "Billie Jean King Highlights Progress in Women's Tennis with Billion-Dollar Sponsorship",
  "summary": "Billie Jean King, a legendary tennis player with 39 Grand Slam titles and founder of the Women's Tennis Association (WTA), emphasizes that the WTA's recent billion-dollar sponsorship deal with Mercedes-Benz demonstrates the tour's leadership in women's sports. This agreement, valued at one billion dollars, is a significant financial boost that enhances the visibility and resources available for women's tennis. King's perspective, based on her extensive experience and advocacy, underscores the progress made in gender equality within sports. The deal not only provides funding for tournaments and player development but also signals growing corporate confidence in women's athletics. By highlighting this achievement, King aims to inspire continued support and investment in women's tennis, reinforcing its role as a pioneer in promoting female athletes and challenging traditional sports dynamics. Her comments reflect a broader trend of increasing recognition and opportunities for women in sports globally.",
  "keywords": [
    {
      "term": "Grand Slam titles",
      "explanation": "Major tennis tournaments that are the most prestigious, such as Wimbledon or the Australian Open."
    },
    {
      "term": "sponsorship deal",
      "explanation": "An agreement where a company provides money or support in exchange for advertising or association with a sports organization."
    },
    {
      "term": "gender equality",
      "explanation": "The idea that men and women should have equal rights and opportunities, including in sports."
    },
    {
      "term": "corporate confidence",
      "explanation": "When businesses show trust and invest in something, like women's sports, indicating its value and potential."
    },
    {
      "term": "player development",
      "explanation": "Programs and support to help athletes improve their skills and careers."
    },
    {
      "term": "sports dynamics",
      "explanation": "The ways in which sports organizations and trends change and interact over time."
    }
  ],
  "questions": [
    {
      "question": "How many Grand Slam titles did Billie Jean King win?",
      "options": [
        "20",
        "39",
        "50",
        "10"
      ],
      "correct_answer": "39"
    },
    {
      "question": "What organization did King help found?",
      "options": [
        "ATP",
        "WTA",
        "NBA",
        "FIFA"
      ],
      "correct_answer": "WTA"
    },
    {
      "question": "Which company is involved in the sponsorship deal with the WTA?",
      "options": [
        "Nike",
        "Mercedes-Benz",
        "Coca-Cola",
        "Adidas"
      ],
      "correct_answer": "Mercedes-Benz"
    },
    {
      "question": "What is the value of the deal mentioned?",
      "options": [
        "One million dollars",
        "One billion dollars",
        "Ten billion dollars",
        "One hundred million dollars"
      ],
      "correct_answer": "One billion dollars"
    },
    {
      "question": "What does King believe the deal shows about women's tennis?",
      "options": [
        "It is declining",
        "It is leading in women's sports",
        "It is only for entertainment",
        "It needs more rules"
      ],
      "correct_answer": "It is leading in women's sports"
    },
    {
      "question": "What broader trend does King's comment reflect?",
      "options": [
        "Decrease in sports popularity",
        "Increasing recognition for women in sports",
        "More focus on individual sports",
        "Less corporate involvement"
      ],
      "correct_answer": "Increasing recognition for women in sports"
    },
    {
      "question": "What is one benefit of the sponsorship deal for women's tennis?",
      "options": [
        "More player development resources",
        "Fewer tournaments",
        "Lower prize money",
        "Less media coverage"
      ],
      "correct_answer": "More player development resources"
    },
    {
      "question": "Why is King considered a credible source on this topic?",
      "options": [
        "She is a car executive",
        "She has extensive experience and advocacy in tennis",
        "She is a news anchor",
        "She is a young athlete"
      ],
      "correct_answer": "She has extensive experience and advocacy in tennis"
    }
  ],
  "background_read": [
    "Women's tennis has evolved significantly since the founding of the WTA in 1973, driven by advocates like Billie Jean King who fought for equal pay and opportunities. Sponsorships are crucial for sports funding, providing money for events, prizes, and athlete support. The Mercedes-Benz deal represents a milestone in corporate investment in women's sports, reflecting broader societal shifts towards gender equality. Understanding this context helps appreciate King's statements and the impact of such agreements on the future of women's athletics."
  ],
  "Article_Structure": [
    "The main points are King's assertion that the WTA's billion-dollar deal with Mercedes-Benz signifies leadership in women's sports, highlighting financial growth and progress in gender equality. The purpose is to inform about positive developments and inspire confidence in women's tennis. Evidence evaluation relies on King's credible opinion as a former champion and WTA founder, though it is based on her statements without independent verification. Author credibility is high due to King's achievements and advocacy. Methodology involves reporting on King's public comments, likely from interviews or press releases, providing a straightforward but limited perspective."
  ],
  "perspectives": [
    {
      "perspective": "Economic and social impact",
      "description": "The deal showcases financial investment in women's sports, promoting gender equality and setting a precedent for other organizations."
    }
  ],
  "image_url": "/article_images/article_ff83a2162d26823b_a00218fdfc97.webp"
}