{
  "title": "Investigating the Anti-Cancer Potential of GLP-1 Agonists in Colon Cancer Mortality",
  "summary": "A comprehensive study conducted by researchers at UC San Diego has established a correlation between GLP-1 receptor agonists, specifically Wegovy and Ozempic, and a marked reduction in mortality among individuals diagnosed with colon cancer. The investigation revealed that patients administered these pharmaceuticals exhibited a mortality rate that was less than half that of their counterparts not receiving such treatments. The postulated mechanisms underlying this phenomenon include the drugs' anti-inflammatory actions, which may mitigate chronic inflammation known to foster tumorigenesis, and their metabolic influences, such as enhancing insulin sensitivity and modulating energy homeostasis, which could impair cancer cell proliferation. Originally developed for managing type 2 diabetes and obesity, these agents' pleiotropic effects are now under scrutiny for their oncological applications. In response to these findings, the scientific community is advocating for randomized controlled trials to elucidate whether the observed associations signify a bona fide anti-cancer mechanism or are merely correlative. Should subsequent research substantiate these results, it could herald a paradigm shift in adjuvant cancer therapies, offering novel strategies to ameliorate patient outcomes and reduce cancer-related fatalities.",
  "keywords": [
    {
      "term": "GLP-1 receptor agonists",
      "explanation": "drugs that activate GLP-1 receptors to regulate blood glucose and appetite, used in diabetes and obesity treatment"
    },
    {
      "term": "mortality rate",
      "explanation": "the frequency of death in a defined population, often expressed as a ratio or percentage"
    },
    {
      "term": "anti-inflammatory",
      "explanation": "pertaining to substances or processes that reduce inflammation, which can be involved in disease pathogenesis including cancer"
    },
    {
      "term": "metabolic influences",
      "explanation": "effects on biochemical processes that convert food into energy, potentially affecting disease states like cancer"
    },
    {
      "term": "tumorigenesis",
      "explanation": "the process by which normal cells transform into cancer cells and form tumors"
    },
    {
      "term": "insulin sensitivity",
      "explanation": "the responsiveness of cells to insulin, influencing glucose uptake and metabolic health"
    },
    {
      "term": "pleiotropic effects",
      "explanation": "multiple diverse effects produced by a single gene or drug, beyond its primary intended action"
    },
    {
      "term": "randomized controlled trials",
      "explanation": "gold-standard research designs where participants are randomly assigned to treatment or control groups to minimize bias"
    },
    {
      "term": "adjuvant therapies",
      "explanation": "additional treatments used alongside primary therapies to enhance effectiveness, such as in cancer care"
    },
    {
      "term": "correlative",
      "explanation": "indicating a relationship between variables without proving causation"
    },
    {
      "term": "paradigm shift",
      "explanation": "a fundamental change in approach or underlying assumptions within a field"
    },
    {
      "term": "oncological applications",
      "explanation": "uses in the field of oncology for cancer prevention, diagnosis, or treatment"
    }
  ],
  "questions": [
    {
      "question": "What is the primary correlation identified in the UC San Diego study?",
      "options": [
        "GLP-1 drugs associated with lower colon cancer mortality",
        "GLP-1 drugs cause colon cancer",
        "GLP-1 drugs have no impact on cancer",
        "GLP-1 drugs increase inflammation in cancer"
      ],
      "correct_answer": "GLP-1 drugs associated with lower colon cancer mortality"
    },
    {
      "question": "Which specific mechanisms are proposed for the drugs' effects?",
      "options": [
        "Anti-inflammatory and metabolic influences",
        "Direct DNA repair",
        "Immune system suppression",
        "Vitamin supplementation"
      ],
      "correct_answer": "Anti-inflammatory and metabolic influences"
    },
    {
      "question": "What type of study was conducted, and what are its limitations?",
      "options": [
        "Observational study, cannot establish causation",
        "Randomized trial, proven causality",
        "Case study, highly generalizable",
        "Survey, no data on mortality"
      ],
      "correct_answer": "Observational study, cannot establish causation"
    },
    {
      "question": "Why are clinical trials recommended as a next step?",
      "options": [
        "To determine if the effect is causal",
        "To increase drug sales",
        "To reduce research costs",
        "To stop using the drugs"
      ],
      "correct_answer": "To determine if the effect is causal"
    },
    {
      "question": "What are GLP-1 receptor agonists originally indicated for?",
      "options": [
        "Type 2 diabetes and obesity",
        "Cancer treatment exclusively",
        "Cardiovascular diseases",
        "Neurological disorders"
      ],
      "correct_answer": "Type 2 diabetes and obesity"
    },
    {
      "question": "How does the mortality rate compare between drug users and non-users?",
      "options": [
        "Less than half for users",
        "Equal for both groups",
        "Higher for users",
        "Not measured"
      ],
      "correct_answer": "Less than half for users"
    },
    {
      "question": "What is tumorigenesis?",
      "options": [
        "The development of tumors from normal cells",
        "The cure for cancer",
        "A type of drug",
        "An inflammatory response"
      ],
      "correct_answer": "The development of tumors from normal cells"
    },
    {
      "question": "What does pleiotropic mean in the context of these drugs?",
      "options": [
        "Having multiple effects beyond the primary use",
        "Causing side effects only",
        "Being ineffective",
        "Targeting a single pathway"
      ],
      "correct_answer": "Having multiple effects beyond the primary use"
    },
    {
      "question": "What is the significance of insulin sensitivity in cancer?",
      "options": [
        "It can influence cancer cell growth and metabolism",
        "It has no role in cancer",
        "It always prevents cancer",
        "It is only relevant for diabetes"
      ],
      "correct_answer": "It can influence cancer cell growth and metabolism"
    },
    {
      "question": "Why might anti-inflammatory properties be beneficial in cancer?",
      "options": [
        "They can reduce chronic inflammation that promotes cancer",
        "They increase tumor size",
        "They have no effect",
        "They cause more infections"
      ],
      "correct_answer": "They can reduce chronic inflammation that promotes cancer"
    },
    {
      "question": "What is a randomized controlled trial?",
      "options": [
        "A study with random assignment to groups to test causality",
        "An observational study without controls",
        "A survey of patient opinions",
        "A lab experiment on cells only"
      ],
      "correct_answer": "A study with random assignment to groups to test causality"
    },
    {
      "question": "How could this research lead to a paradigm shift?",
      "options": [
        "By repurposing existing drugs for new cancer treatments",
        "By disproving all previous cancer theories",
        "By focusing only on diabetes",
        "By reducing the need for any trials"
      ],
      "correct_answer": "By repurposing existing drugs for new cancer treatments"
    }
  ],
  "background_read": [
    "Colon cancer, a malignancy of the large intestine, is a leading cause of cancer-related deaths globally, often associated with lifestyle factors and genetic predispositions. GLP-1 receptor agonists, such as Wegovy and Ozempic, are pharmaceutical agents that mimic the glucagon-like peptide-1 hormone, primarily used to manage type 2 diabetes and obesity by enhancing insulin secretion, suppressing glucagon, and promoting satiety. Their mechanisms involve activation of GLP-1 receptors in various tissues, leading to improved glycemic control and weight reduction. Inflammation plays a critical role in cancer pathogenesis, as chronic inflammatory states can drive mutations and tumor progression through cytokines and immune cell interactions. Metabolic dysregulation, including insulin resistance, is linked to increased cancer risk and aggressiveness. Clinical trials are fundamental in translational research, providing evidence for treatment efficacy and safety, while observational studies like this one offer hypotheses that require verification. Understanding these elements is crucial for evaluating the potential of drug repurposing in oncology, which could expedite the development of cost-effective therapies and improve cancer care outcomes."
  ],
  "Article_Structure": [
    "The article's main points detail that GLP-1 agonists like Wegovy and Ozempic are associated with a significant reduction in colon cancer mortality, based on a UC San Diego study showing users have less than half the death rate of non-users. Its purpose is to report preliminary findings that could inform future cancer treatments and stimulate further investigation into anti-cancer mechanisms. Evidence evaluation indicates the study relies on observational data, which, while suggestive, lacks the rigor of randomized trials, raising questions about confounding variables and causality. Author credibility is inferred from the institutional affiliation with UC San Diego, known for medical research, but specific author expertise and potential biases are not disclosed. Methodology involved retrospective analysis of patient outcomes, which is cost-effective but prone to selection bias, underscoring the need for prospective trials. Critical assessment highlights the study's strength in identifying a promising correlation but notes limitations such as the inability to establish causation and the necessity for more diverse populations and mechanistic studies to validate the findings."
  ],
  "perspectives": [
    {
      "perspective": "Research scientists",
      "description": "They emphasize the need for rigorous trials to confirm causality and explore biological mechanisms, viewing this as a step towards innovative cancer therapies."
    },
    {
      "perspective": "Clinical oncologists",
      "description": "They cautiously consider the potential for integrating these drugs into treatment regimens, balancing hope with the imperative for evidence-based practice."
    },
    {
      "perspective": "Public health officials",
      "description": "They assess the implications for healthcare policies and resource allocation, focusing on the cost-benefit of repurposing drugs for cancer care."
    }
  ],
  "image_url": "/article_images/article_03b04071238bab38_68ce33264de9.webp"
}