{
  "title": "Scrutiny of Mandelson's Diplomatic Pay-Off in Light of Epstein Associations",
  "summary": "The UK Foreign Office has initiated a review of the financial settlement accorded to Lord Mandelson following his termination as ambassador to the United States, a move precipitated by revelations concerning his ongoing contact with Jeffrey Epstein, a convicted sex offender, and the concomitant launch of a police investigation in the UK. Mandelson, a Labour peer, is purported to have received an exit payment approximating £40,000, derived from three months' salary of his ambassadorial post, which typically commands an annual remuneration of £155,000 to £159,999. Senior government figures, including Work and Pensions Secretary Pat McFadden and sources within No 10, have publicly advocated for Mandelson to repatriate the funds or allocate them to a charity dedicated to supporting victims, underscoring a broader discourse on ethical conduct in public service. This review ensues police searches of residences associated with Mandelson, instigated by the recent dissemination of Epstein files in the US, which disclosed email correspondences between Mandelson and Epstein pertaining to fiscal policy during Mandelson's tenure in Gordon Brown's cabinet. Although Mandelson has not faced arrest, the escalation reflects heightened scrutiny over his associations. The Foreign Office asserts that Mandelson's dismissal adhered to legal counsel and standard human resources protocols, with a commitment to divulge further particulars to Parliament in response to a motion mandating the release of governmental records and electronic communications pertinent to his appointment. Notably, Mandelson's nexus with Epstein was acknowledged at his ambassadorial inception in December 2024, yet his ouster was effectuated upon the emergence of supplementary emails evincing supportive messages to Epstein amidst legal proceedings in 2008, thereby intensifying debates on transparency and accountability in diplomatic appointments.",
  "keywords": [
    {
      "term": "financial settlement",
      "explanation": "a contractual agreement involving monetary compensation upon cessation of employment, often subject to legal and ethical scrutiny"
    },
    {
      "term": "termination",
      "explanation": "the formal conclusion of employment, which may involve disciplinary or procedural grounds as in this case"
    },
    {
      "term": "concomitant",
      "explanation": "occurring simultaneously or in association with another event, highlighting the intertwined nature of the review and police investigation"
    },
    {
      "term": "remuneration",
      "explanation": "the total compensation received for employment, including salary and benefits, relevant to calculating the pay-off"
    },
    {
      "term": "transparency",
      "explanation": "the principle of openness in government actions, central to the parliamentary motion for document release"
    }
  ],
  "questions": [
    {
      "question": "What catalyzed the Foreign Office's review of Mandelson's pay-off?",
      "options": [
        "A routine audit",
        "New disclosures about Mandelson's interactions with Jeffrey Epstein",
        "Mandelson's resignation",
        "A change in ambassador salary scales"
      ],
      "correct_answer": "New disclosures about Mandelson's interactions with Jeffrey Epstein"
    },
    {
      "question": "How is the estimated £40,000 pay-off calculated?",
      "options": [
        "As a yearly bonus",
        "Equivalent to three months' ambassador salary",
        "Based on legal fees",
        "As a donation from Epstein"
      ],
      "correct_answer": "Equivalent to three months' ambassador salary"
    },
    {
      "question": "What governmental response has been mandated by Parliament regarding this issue?",
      "options": [
        "Appointment of a new ambassador",
        "Release of government files and communications about Mandelson",
        "Increase in diplomatic budgets",
        "Termination of the police investigation"
      ],
      "correct_answer": "Release of government files and communications about Mandelson"
    },
    {
      "question": "What do the recently released Epstein files reveal about Mandelson?",
      "options": [
        "He was involved in Epstein's crimes",
        "He had email exchanges with Epstein about fiscal policy",
        "He donated to Epstein's charity",
        "He had no contact with Epstein"
      ],
      "correct_answer": "He had email exchanges with Epstein about fiscal policy"
    },
    {
      "question": "How does the Foreign Office defend the handling of Mandelson's dismissal?",
      "options": [
        "By citing legal advice and standard HR processes",
        "By claiming political interference",
        "By asserting Mandelson's innocence",
        "By avoiding public comment"
      ],
      "correct_answer": "By citing legal advice and standard HR processes"
    },
    {
      "question": "What ethical concern is raised by government officials regarding the pay-off?",
      "options": [
        "Its impact on international relations",
        "Mandelson's right to keep it despite his Epstein associations",
        "The need for higher pay-offs in general",
        "Its effect on the UK economy"
      ],
      "correct_answer": "Mandelson's right to keep it despite his Epstein associations"
    },
    {
      "question": "What role did Mandelson's supportive messages to Epstein play in his dismissal?",
      "options": [
        "They were irrelevant to the decision",
        "They provided new information leading to his sacking",
        "They increased his salary",
        "They ended the police investigation"
      ],
      "correct_answer": "They provided new information leading to his sacking"
    },
    {
      "question": "What is the significance of the police searches mentioned in the article?",
      "options": [
        "They indicate Mandelson's arrest is imminent",
        "They are part of an investigation linked to the Epstein case",
        "They are unrelated to the pay-off review",
        "They were conducted at Mandelson's request"
      ],
      "correct_answer": "They are part of an investigation linked to the Epstein case"
    },
    {
      "question": "How does the article address the issue of author credibility?",
      "options": [
        "By highlighting BBC News as a source but noting reliance on anonymous sources",
        "By dismissing all sources as unreliable",
        "By providing direct quotes from Mandelson",
        "By citing only official government documents"
      ],
      "correct_answer": "By highlighting BBC News as a source but noting reliance on anonymous sources"
    },
    {
      "question": "What broader context does this article touch upon regarding public office?",
      "options": [
        "The technicalities of salary negotiations",
        "Ethical standards and accountability in diplomatic roles",
        "The history of UK-US relations",
        "The legal definition of pay-offs"
      ],
      "correct_answer": "Ethical standards and accountability in diplomatic roles"
    }
  ],
  "background_read": [
    "Lord Mandelson, a key figure in the Labour Party and former UK ambassador to the US, represents a case study in the intersection of politics, diplomacy, and personal conduct. His appointment in December 2024 occurred amidst prior knowledge of his associations with Jeffrey Epstein, a financier convicted of sex trafficking, raising initial ethical questions. The Epstein case has broader implications for global elites, involving high-profile connections and ongoing legal scrutiny. In the UK, the Foreign Office operates under civil service regulations, where exit payments are governed by contractual terms but can become contentious when linked to misconduct. Parliamentary motions, such as the one cited, exemplify legislative mechanisms for enforcing transparency. This scenario underscores themes of governance, media scrutiny, and the evolving standards for public officials in an era of increased accountability. Understanding these elements requires familiarity with UK political structures, diplomatic protocols, and contemporary issues in ethics and law enforcement."
  ],
  "Article_Structure": [
    "Main Points: The article details a Foreign Office review of a £40,000 pay-off to Lord Mandelson post-dismissal as US ambassador, driven by new Epstein-related disclosures and a UK police investigation. Purpose: To critically examine ethical lapses in diplomatic appointments and government accountability, reflecting broader societal concerns over elite misconduct. Evidence Evaluation: Sources include Foreign Office statements, government officials, and media reports, but reliance on anonymous sources and speculative figures like the £40,000 estimate may limit verifiability. Author Credibility: BBC News provides reputable journalism, yet the article's depth is constrained by ongoing investigations and lack of direct input from Mandelson. Methodology: Utilizes a combination of official releases, police actions, and document analysis, though methodological transparency is partial due to the sensitive nature of the case. Critical Assessment: Strengths lie in highlighting systemic issues in public service ethics, but limitations include incomplete data and potential bias from political narratives, necessitating cautious interpretation."
  ],
  "perspectives": [
    {
      "perspective": "Political accountability perspective",
      "description": "Analyzes how the review and parliamentary motion reflect mechanisms for holding public figures accountable, emphasizing the role of transparency in democratic governance."
    },
    {
      "perspective": "Societal ethical perspective",
      "description": "Discusses the implications of Mandelson's actions for public trust and the moral expectations placed on individuals in high-office positions, particularly regarding associations with convicted criminals."
    }
  ],
  "image_url": "/article_images/article_49431a444c715f6a_0cc540d313e5.webp"
}