{
  "title": "Review of Mandelson's Ambassador Pay-Off Amid Epstein Links",
  "summary": "The UK Foreign Office is conducting a review of a financial settlement given to Lord Mandelson after his dismissal as ambassador to the United States. This review was initiated following the emergence of new details regarding Mandelson's contact with Jeffrey Epstein, a convicted sex offender, and the launch of a separate police investigation in the UK. Mandelson, a Labour peer, is believed to have received a pay-off of up to £40,000, equivalent to three months' salary from his ambassador role, which typically pays between £155,000 and £159,999 annually. Government figures, including Work and Pensions Secretary Pat McFadden and sources from No 10, have called for Mandelson to return the money or donate it to a charity supporting victims. The review comes after police searches of homes linked to Mandelson, prompted by the release of Epstein files in the US that revealed email exchanges between Mandelson and Epstein about fiscal policy. Although Mandelson has not been arrested, the situation has escalated due to these revelations. The Foreign Office stated that Mandelson's termination followed legal advice and standard HR processes, with further information to be provided to Parliament as part of a government response to a recent motion. Mandelson's association with Epstein was known at the time of his appointment in December 2024, but he was sacked after new emails showed he sent supportive messages to Epstein during legal troubles in 2008.",
  "keywords": [
    {
      "term": "financial settlement",
      "explanation": "an agreement to pay money when ending employment or a dispute"
    },
    {
      "term": "dismissal",
      "explanation": "the act of being fired or removed from a job"
    },
    {
      "term": "police investigation",
      "explanation": "an official inquiry by law enforcement to gather facts about a possible crime"
    },
    {
      "term": "exit payment",
      "explanation": "money given to an employee when they leave a position, often as compensation"
    },
    {
      "term": "Parliament motion",
      "explanation": "a formal proposal made in Parliament to decide on an action or policy"
    }
  ],
  "questions": [
    {
      "question": "What triggered the Foreign Office review of Mandelson's pay-off?",
      "options": [
        "A request from Mandelson",
        "New details about his contact with Jeffrey Epstein",
        "A change in government policy",
        "Mandelson's retirement"
      ],
      "correct_answer": "New details about his contact with Jeffrey Epstein"
    },
    {
      "question": "How much is Mandelson's pay-off estimated to be?",
      "options": [
        "£20,000",
        "£40,000",
        "£80,000",
        "£120,000"
      ],
      "correct_answer": "£40,000"
    },
    {
      "question": "What action have government officials suggested Mandelson take regarding the pay-off?",
      "options": [
        "Keep it as compensation",
        "Return it or donate to charity",
        "Use it for legal fees",
        "Invest it overseas"
      ],
      "correct_answer": "Return it or donate to charity"
    },
    {
      "question": "What role did the Epstein files play in this situation?",
      "options": [
        "They showed Mandelson was innocent",
        "They revealed email exchanges between Mandelson and Epstein",
        "They ended the police investigation",
        "They increased Mandelson's salary"
      ],
      "correct_answer": "They revealed email exchanges between Mandelson and Epstein"
    },
    {
      "question": "How does the Foreign Office justify Mandelson's termination?",
      "options": [
        "It was based on legal advice and standard HR processes",
        "It was due to budget cuts",
        "Mandelson resigned voluntarily",
        "It was a political decision"
      ],
      "correct_answer": "It was based on legal advice and standard HR processes"
    },
    {
      "question": "When was Mandelson's association with Epstein known?",
      "options": [
        "After his dismissal",
        "At the time of his appointment as ambassador",
        "Never disclosed",
        "Only after the police search"
      ],
      "correct_answer": "At the time of his appointment as ambassador"
    },
    {
      "question": "What is the typical salary range for the US ambassador role mentioned?",
      "options": [
        "£100,000-£120,000",
        "£155,000-£159,999",
        "£200,000-£250,000",
        "£50,000-£60,000"
      ],
      "correct_answer": "£155,000-£159,999"
    },
    {
      "question": "What will the government do in response to the Parliament motion?",
      "options": [
        "Ignore it",
        "Release files and communications about Mandelson",
        "Increase Mandelson's pay-off",
        "Appoint a new ambassador immediately"
      ],
      "correct_answer": "Release files and communications about Mandelson"
    }
  ],
  "background_read": [
    "Lord Mandelson is a prominent Labour peer and former UK ambassador to the US, appointed in December 2024. His role involved diplomatic representation in America, with a salary reflecting high-level government positions. Jeffrey Epstein was a financier convicted of sex trafficking, whose case has sparked global scrutiny over his associations with powerful figures. The UK Foreign Office handles international relations and employment matters for diplomats. Pay-offs or exit payments are common in civil service when employment ends, but they can become controversial if linked to misconduct. This review highlights ethical concerns in government appointments and the impact of personal associations on public roles. Understanding UK parliamentary procedures, such as motions that compel information release, is key to grasping the political context."
  ],
  "Article_Structure": [
    "Main Points: The article discusses a Foreign Office review of a £40,000 pay-off to Lord Mandelson after his dismissal as US ambassador, prompted by new details on his contact with Jeffrey Epstein and a police investigation. Purpose: To inform the public about government accountability and ethical issues in diplomatic appointments, emphasizing calls for Mandelson to return the money. Evidence Evaluation: Relies on sources from the Foreign Office, government officials, and media reports like the Times, but lacks direct comments from Mandelson, making some details speculative. Author Credibility: BBC News is a reputable source, but the article uses anonymous sources, which may affect transparency. Methodology: Gathers information from official statements, police actions, and document releases, presenting a factual yet incomplete narrative due to ongoing investigations."
  ],
  "perspectives": [
    {
      "perspective": "Ethical perspective",
      "description": "Focuses on whether Mandelson should retain the pay-off given his association with a convicted criminal, raising questions about moral responsibility in public office."
    },
    {
      "perspective": "Legal perspective",
      "description": "Examines if the pay-off followed proper procedures and legal standards, as defended by the Foreign Office, amidst scrutiny from Parliament and police."
    }
  ],
  "image_url": "/article_images/article_49431a444c715f6a_0cc540d313e5.webp"
}