{
  "title": "Jacob Elordi's Accent Practice and Film Premiere Insights",
  "summary": "Jacob Elordi, a 28-year-old Australian actor, is starring as Heathcliffe in the new film adaptation of Wuthering Heights by Emily Brontë, set in Yorkshire. To master the Northern accent required for his role, he practices repeatedly in the bath, emphasizing words like 'mek' and 'tek'. The film, directed by Emerald Fennell, also features Margot Robbie and has generated controversy over its casting and BDSM-inspired scenes. At the London premiere, fans gathered to see the stars, with Leicester Square decorated to mimic Yorkshire's moors and a charcoal black red carpet for a gothic atmosphere. Singer Charli XCX, who wrote an album for the film including tracks like Chains of Love, discussed her transition from her upbeat Brat album to the darker themes of Wuthering Heights, citing influences from artists like Kate Bush. The article highlights the creative processes behind the film and its cultural impact.",
  "keywords": [
    {
      "term": "adaptation",
      "explanation": "a movie or show based on a book or other work"
    },
    {
      "term": "controversy",
      "explanation": "disagreement or debate about something, often public"
    },
    {
      "term": "premiere",
      "explanation": "the first public showing of a film, often a glamorous event"
    },
    {
      "term": "gothic",
      "explanation": "a style that is dark, mysterious, and often related to horror or romance"
    },
    {
      "term": "album",
      "explanation": "a collection of songs released together, often for a movie or artist"
    },
    {
      "term": "influences",
      "explanation": "people or things that inspire or affect someone's work"
    },
    {
      "term": "cultural impact",
      "explanation": "the effect something has on society or popular culture"
    },
    {
      "term": "creative processes",
      "explanation": "the steps artists take to make their work, like practicing or writing"
    }
  ],
  "questions": [
    {
      "question": "What role does Jacob Elordi play in Wuthering Heights?",
      "options": [
        "Heathcliffe",
        "Edgar Linton",
        "Hindley Earnshaw",
        "Mr. Lockwood"
      ],
      "correct_answer": "Heathcliffe"
    },
    {
      "question": "How does Jacob practice his Northern accent?",
      "options": [
        "In a studio",
        "With a coach",
        "In the bath",
        "On set"
      ],
      "correct_answer": "In the bath"
    },
    {
      "question": "What has caused controversy about the film?",
      "options": [
        "Its music",
        "Its casting and BDSM scenes",
        "Its director",
        "Its setting"
      ],
      "correct_answer": "Its casting and BDSM scenes"
    },
    {
      "question": "Where was the film premiere held?",
      "options": [
        "Leicester Square in London",
        "Times Square in New York",
        "Sydney Opera House",
        "Hollywood Boulevard"
      ],
      "correct_answer": "Leicester Square in London"
    },
    {
      "question": "What did Charli XCX create for the film?",
      "options": [
        "A costume",
        "An album",
        "A script",
        "A trailer"
      ],
      "correct_answer": "An album"
    },
    {
      "question": "Which artist inspired Charli XCX for this project?",
      "options": [
        "Taylor Swift",
        "Kate Bush",
        "Beyoncé",
        "Adele"
      ],
      "correct_answer": "Kate Bush"
    },
    {
      "question": "What style was the red carpet at the premiere?",
      "options": [
        "Charcoal black",
        "Bright red",
        "Green and gold",
        "White and silver"
      ],
      "correct_answer": "Charcoal black"
    },
    {
      "question": "Who directed the new Wuthering Heights film?",
      "options": [
        "Emily Brontë",
        "Emerald Fennell",
        "Margot Robbie",
        "Charli XCX"
      ],
      "correct_answer": "Emerald Fennell"
    }
  ],
  "background_read": [
    "Wuthering Heights is a classic 1847 novel by Emily Brontë, known for its intense romance and gothic elements set on the Yorkshire moors. Film adaptations often update stories, which can lead to debates about casting and modern interpretations. Actors frequently undergo accent training to portray characters authentically, as seen with Jacob Elordi. Premieres are key marketing events in the entertainment industry, blending celebrity culture with artistic promotion. Music plays a vital role in films, with artists like Charli XCX contributing to soundtracks that enhance thematic depth. Understanding these aspects helps appreciate the collaborative effort in filmmaking."
  ],
  "Article_Structure": [
    "Main Points: The article covers Jacob Elordi's accent preparation for his role in Wuthering Heights, the film's controversy over casting and scenes, and the premiere details including Charli XCX's musical contributions. Purpose: To inform readers about the creative behind-the-scenes efforts and public reception of the new adaptation. Evidence Evaluation: Relies on direct quotes from Elordi and Charli XCX, providing firsthand insights, but lacks broader sources on controversy. Author Credibility: BBC Entertainment is a reputable source for entertainment news, though the article is brief and may not delve deeply into all aspects. Methodology: Uses interviews and event coverage, typical for entertainment journalism, to gather information."
  ],
  "perspectives": [
    {
      "perspective": "Artistic dedication",
      "description": "Highlights how actors and musicians invest effort into their roles, such as accent practice and thematic music creation."
    }
  ],
  "image_url": "/article_images/article_d3a14b6590d404cd_3aca95ba9e5c.webp"
}