{
  "title": "FROSTI: A Precision Optics Breakthrough for Enhancing Gravitational-Wave Observatories",
  "summary": "A significant advancement in optical instrumentation, detailed in a paper published in Optica, introduces FROSTI (FROnt Surface Type Irradiator), a prototype developed by physicist Jonathan Richardson and colleagues at the University of California, Riverside. This system addresses a critical limitation in the Laser Interferometer Gravitational-Wave Observatory (LIGO), where increasing laser power to enhance sensitivity induces thermal distortions in the mirrors, compromising the detection of gravitational waves—ripples in spacetime from events such as black hole collisions. FROSTI employs an advanced adaptive optics approach, using precision thermal control to reshape mirror surfaces under megawatt-level laser irradiation, thereby maintaining optical fidelity without introducing additional noise. This innovation is pivotal for upcoming upgrades like LIGO A# and next-generation detectors such as Cosmic Explorer, potentially expanding the observable gravitational-wave universe by a factor of ten. By enabling clearer observations of distant astrophysical phenomena, FROSTI could facilitate the study of millions of black hole and neutron star mergers across cosmic history, offering deeper insights into fundamental physics, cosmology, and matter under extreme conditions.",
  "keywords": [
    {
      "term": "laser interferometry",
      "explanation": "a technique using interference patterns of laser light to measure minute displacements, essential in gravitational-wave detection"
    },
    {
      "term": "thermal projection method",
      "explanation": "a sophisticated approach to apply controlled heat patterns for correcting optical aberrations in real-time"
    },
    {
      "term": "quantum noise limitation",
      "explanation": "fundamental uncertainty in measurements due to quantum effects, which advanced optics aim to mitigate"
    },
    {
      "term": "astrophysical cosmology",
      "explanation": "the study of the universe's origin, structure, and evolution using observations from events like gravitational waves"
    },
    {
      "term": "optical fidelity",
      "explanation": "the degree to which an optical system maintains ideal performance without distortion or degradation"
    },
    {
      "term": "megawatt irradiation",
      "explanation": "exposure to laser power at levels of millions of watts, posing challenges for material stability"
    },
    {
      "term": "higher-order corrections",
      "explanation": "refined adjustments in wavefront shaping that address complex distortions beyond basic fixes"
    },
    {
      "term": "R&D foundation",
      "explanation": "the research and development basis supporting long-term technological progress in a field"
    },
    {
      "term": "signal-to-noise ratio",
      "explanation": "a measure of signal clarity relative to background interference, critical in sensitive detectors"
    },
    {
      "term": "spacetime curvature",
      "explanation": "the bending of space and time by mass, as described by general relativity, which gravitational waves probe"
    }
  ],
  "questions": [
    {
      "question": "How does FROSTI's thermal control mechanism differ from existing systems in LIGO?",
      "options": [
        "It uses cooling instead of heating",
        "It applies fine, higher-order adjustments via thermal projection",
        "It eliminates all thermal effects",
        "It relies on mechanical actuators"
      ],
      "correct_answer": "It applies fine, higher-order adjustments via thermal projection"
    },
    {
      "question": "What is the significance of FROSTI enabling megawatt-level laser power in LIGO?",
      "options": [
        "It reduces operational costs",
        "It allows detection of gravitational waves from closer sources",
        "It mitigates the tension between power increase and quantum precision",
        "It makes mirrors lighter"
      ],
      "correct_answer": "It mitigates the tension between power increase and quantum precision"
    },
    {
      "question": "How might FROSTI contribute to the goals of Cosmic Explorer?",
      "options": [
        "By reducing mirror size",
        "By providing a scalable solution for larger mirrors and complex distortions",
        "By eliminating the need for lasers",
        "By focusing on visible light astronomy"
      ],
      "correct_answer": "By providing a scalable solution for larger mirrors and complex distortions"
    },
    {
      "question": "What broader implications does FROSTI have for gravitational-wave astronomy?",
      "options": [
        "It could limit observations to nearby events",
        "It may expand the observable universe tenfold and enable detailed studies of cosmic mergers",
        "It will make detectors obsolete",
        "It focuses solely on theoretical physics"
      ],
      "correct_answer": "It may expand the observable universe tenfold and enable detailed studies of cosmic mergers"
    },
    {
      "question": "What methodological approach was used in developing FROSTI?",
      "options": [
        "Theoretical modeling only",
        "Prototype testing on LIGO mirrors with thermal projection methods",
        "Survey-based research",
        "Computer simulations without physical experiments"
      ],
      "correct_answer": "Prototype testing on LIGO mirrors with thermal projection methods"
    },
    {
      "question": "How does the article assess the credibility of the research?",
      "options": [
        "By citing peer-reviewed publication in Optica and expert quotes",
        "By relying on anonymous sources",
        "By comparing to unrelated studies",
        "By dismissing alternative technologies"
      ],
      "correct_answer": "By citing peer-reviewed publication in Optica and expert quotes"
    },
    {
      "question": "What critical limitation does FROSTI aim to overcome in LIGO's design?",
      "options": [
        "Insufficient mirror thickness",
        "Thermal distortions from high laser power that obscure signals",
        "Lack of gravitational wave sources",
        "Environmental noise from wind"
      ],
      "correct_answer": "Thermal distortions from high laser power that obscure signals"
    },
    {
      "question": "How does FROSTI align with the evolution of gravitational-wave detectors?",
      "options": [
        "It represents a minor incremental update",
        "It serves as a foundational technology for next-generation observatories like Cosmic Explorer",
        "It is designed only for current LIGO without future applications",
        "It focuses on reducing costs rather than performance"
      ],
      "correct_answer": "It serves as a foundational technology for next-generation observatories like Cosmic Explorer"
    },
    {
      "question": "What potential biases might be present in the article's presentation of FROSTI?",
      "options": [
        "Overemphasis on its success without discussing limitations",
        "Lack of detail on the research team",
        "Ignoring gravitational wave theory",
        "Focusing only on historical context"
      ],
      "correct_answer": "Overemphasis on its success without discussing limitations"
    },
    {
      "question": "How does FROSTI impact the study of extreme matter in the universe?",
      "options": [
        "By providing clearer data on black hole and neutron star mergers",
        "By reducing the need for observational data",
        "By limiting research to theoretical models",
        "By focusing solely on stellar formation"
      ],
      "correct_answer": "By providing clearer data on black hole and neutron star mergers"
    }
  ],
  "background_read": [
    "Gravitational-wave astronomy, initiated by LIGO's 2015 detection, relies on laser interferometers to measure spacetime ripples from cataclysmic events, supporting Einstein's Theory of Relativity. Enhancing detector sensitivity involves increasing laser power, but this introduces thermal distortions in optics, a key challenge addressed by adaptive optics. FROSTI, as an advanced thermal control system, enables higher power operation without compromising quantum states, facilitating future projects like Cosmic Explorer. This technology could revolutionize our understanding of the universe by probing deeper into cosmic history and extreme physical conditions."
  ],
  "Article_Structure": [
    "Main Points: FROSTI is an adaptive optics prototype that uses precision thermal control to correct mirror distortions in LIGO, enabling higher laser power for improved gravitational-wave detection and supporting future observatories. Purpose: To highlight a technological breakthrough that addresses critical limitations in current detectors, fostering advancements in astrophysics and cosmology. Evidence Evaluation: The article cites a peer-reviewed paper in Optica and quotes from lead researcher Jonathan Richardson, offering credible but early-stage evidence from prototype testing. Author Credibility: Richardson is an assistant professor with expertise in physics, though the article is from Science Daily, which may simplify complex details for a general audience. Methodology: Development involved creating a full-scale prototype tested on LIGO mirrors, using thermal projection methods, with plans for iterative design improvements. Critical Assessment: Strengths include addressing a key technical barrier and potential for scalability, but limitations involve the prototype stage and need for further validation in larger systems."
  ],
  "perspectives": [
    {
      "perspective": "Interdisciplinary impact",
      "description": "FROSTI bridges optics engineering and astrophysics, potentially accelerating discoveries in fundamental physics and expanding the frontiers of observational astronomy."
    }
  ],
  "image_url": "/article_images/article_3fafd9c363f1cc31_ce3f26201950.webp"
}