{
  "title": "Analyzing the Weaponisation of Children in Transgender Rights Debates: Dr. Hilary Cass's Critical Review",
  "summary": "Dr. Hilary Cass, in her 2024 government-commissioned review on gender identity treatment for children, contends that young people have been 'weaponised' by polarized factions in the transgender rights debate, leading to significant psychological distress. She critiques the 'toxic' nature of this discourse, where extreme positions and media rhetoric overshadow moderate voices, exacerbating fears among vulnerable youth. Cass identifies unrealistic social media representations as a misleading influence, distorting perceptions of gender transition. Her review asserts that gender medicine is built on 'shaky foundations,' with insufficient evidence for medical interventions like puberty blockers or surgeries, and highlights a critical data gap: clinics such as the Tavistock failed to track outcomes for children who did not pursue medical pathways. Emphasizing developmental variability, Cass notes that most children experiencing gender distress will desist over time, with only a minimal proportion requiring lifelong medical treatment. She condemns the adult-led debate for entangling children in ancillary issues like single-sex spaces, diverting focus from individualized care. Ultimately, Cass advocates for a nuanced, evidence-based approach prioritizing child welfare over ideological battlegrounds.",
  "keywords": [
    {
      "term": "weaponised",
      "explanation": "strategically exploited within contentious debates to advance ideological agendas, often at the expense of vulnerable groups"
    },
    {
      "term": "polarized discourse",
      "explanation": "a divided argument where opposing sides hold extreme views, limiting constructive dialogue"
    },
    {
      "term": "gender medicine",
      "explanation": "the field of medical practice involving interventions for gender dysphoria, such as hormones or surgeries"
    },
    {
      "term": "evidence-based practice",
      "explanation": "clinical decisions grounded in rigorous research and data rather than anecdote or ideology"
    },
    {
      "term": "developmental desistance",
      "explanation": "the phenomenon where children cease to identify with a gender different from their birth sex as they mature"
    },
    {
      "term": "ideological battleground",
      "explanation": "a context where political or social ideologies dominate, often hindering pragmatic solutions"
    }
  ],
  "questions": [
    {
      "question": "What does Dr. Cass mean by children being 'weaponised' in the trans debate?",
      "options": [
        "Used as pawns in ideological conflicts",
        "Given excessive medical treatment",
        "Ignored by all parties",
        "Always supported by evidence"
      ],
      "correct_answer": "Used as pawns in ideological conflicts"
    },
    {
      "question": "How does Dr. Cass characterize the evidence base for gender medicine?",
      "options": [
        "Shaky and insufficient",
        "Comprehensive and reliable",
        "Focused only on adults",
        "Based solely on social media"
      ],
      "correct_answer": "Shaky and insufficient"
    },
    {
      "question": "What role does social media play according to Cass's analysis?",
      "options": [
        "It propagates unrealistic expectations about transition",
        "It provides accurate medical information",
        "It has no influence on gender perception",
        "It solely promotes desistance"
      ],
      "correct_answer": "It propagates unrealistic expectations about transition"
    },
    {
      "question": "What data limitation did Cass identify in the Tavistock Clinic's practices?",
      "options": [
        "Lack of follow-up on non-medical pathway children",
        "Overcollection of surgical data",
        "Excessive focus on adult outcomes",
        "Ignoring social media impacts"
      ],
      "correct_answer": "Lack of follow-up on non-medical pathway children"
    },
    {
      "question": "What does Cass suggest about the proportion of children needing medical treatment into adulthood?",
      "options": [
        "A tiny minority",
        "The majority",
        "All children",
        "None, as they all desist"
      ],
      "correct_answer": "A tiny minority"
    },
    {
      "question": "How does Cass view the inclusion of children in debates over single-sex spaces?",
      "options": [
        "As an unfair entanglement in adult issues",
        "As necessary for their protection",
        "As irrelevant to gender distress",
        "As a positive step for inclusivity"
      ],
      "correct_answer": "As an unfair entanglement in adult issues"
    },
    {
      "question": "What methodological approach did Cass's review employ?",
      "options": [
        "Analysis of clinic data and interviews",
        "Only social media surveys",
        "Exclusive reliance on medical trials",
        "Ignoring qualitative evidence"
      ],
      "correct_answer": "Analysis of clinic data and interviews"
    },
    {
      "question": "What is a key criticism Cass levels at the media's role in the debate?",
      "options": [
        "It amplifies extreme rhetoric, frightening young people",
        "It always presents balanced views",
        "It ignores gender issues entirely",
        "It focuses only on medical evidence"
      ],
      "correct_answer": "It amplifies extreme rhetoric, frightening young people"
    },
    {
      "question": "How does Cass define the purpose of her review in broader context?",
      "options": [
        "To advocate for child-centered, evidence-based care amid polarization",
        "To promote more medical interventions",
        "To dismiss all gender questioning as temporary",
        "To align with extreme ideological positions"
      ],
      "correct_answer": "To advocate for child-centered, evidence-based care amid polarization"
    },
    {
      "question": "What does Cass identify as a strength of her review's methodology?",
      "options": [
        "Comprehensive inclusion of diverse data sources",
        "Sole reliance on anecdotal evidence",
        "Exclusion of clinic data",
        "Focus only on surgical outcomes"
      ],
      "correct_answer": "Comprehensive inclusion of diverse data sources"
    }
  ],
  "background_read": [
    "This article delves into Dr. Hilary Cass's 2024 government review on gender identity treatment for children, commissioned amid rising concerns over clinics like the Tavistock in the UK. Cass, a respected paediatrician, examines how the transgender rights debate has become polarized, with children 'weaponised' by extreme viewpoints, causing distress and overshadowing moderate discourse. She critiques the influence of social media in fostering unrealistic expectations and highlights the 'shaky foundations' of gender medicine, where evidence for treatments is lacking. The review points to significant data gaps, such as the Tavistock's failure to track children who do not pursue medical pathways, and emphasizes that most children desist from gender questioning. Cass argues that adult debates on issues like single-sex spaces inappropriately involve children, detracting from individualized care. Her work calls for a shift towards evidence-based, compassionate approaches that prioritize child welfare over ideological conflicts, reflecting broader societal tensions around gender and youth."
  ],
  "Article_Structure": [
    "Main Points: Cass argues children are 'weaponised' in polarized trans debates, causing harm; gender medicine lacks robust evidence, with most children desisting and few needing medical treatment. Purpose: To critique toxic discourse and advocate for evidence-based, child-focused care in a contentious social context. Evidence Evaluation: Relies on review data but is limited by poor clinic tracking and anecdotal inputs, questioning treatment efficacy. Author Credibility: Dr. Hilary Cass is a paediatrician with government backing, though potential biases from institutional pressures may exist. Methodology: Combines analysis of clinic statistics, interview insights, and literature review, but gaps in longitudinal data weaken conclusions. Critical Assessment: Strengths include highlighting data deficiencies and social media impacts; limitations involve reliance on self-reported data and the politicized environment potentially skewing findings."
  ],
  "perspectives": [
    {
      "perspective": "Dr. Cass's view",
      "description": "Children are casualties of ideological extremes, necessitating a depoliticized, evidence-driven approach to gender care that centers on developmental well-being."
    }
  ],
  "image_url": "/article_images/article_4145df392073fb2e_32a144d25aff.webp"
}