{
  "title": "Coronation Street and Emmerdale Unite in a Crossover Event",
  "summary": "In an unprecedented move, the British TV soaps Coronation Street and Emmerdale are merging for a one-off crossover episode titled Corriedale, airing on Monday as part of a revamped schedule. Executive producer Iain MacLeod, who oversees both shows, conceived the idea to blend the two universes, inspired by his challenging commutes between Manchester and Leeds, where delays and accidents are common. The episode features a dramatic stunt on a dark winter road, bringing characters from both soaps together in a high-speed collision. MacLeod describes it as a 'once-in-a-lifetime opportunity' for fans to see interactions between favorite characters. Filming involved three weeks of intense night shoots, with actors like Joe-Warren Plant from Emmerdale enjoying off-set camaraderie. This crossover aims to boost viewer engagement and attract attention through a spectacular, albeit slightly preposterous, event, highlighting the creative use of personal experiences in storytelling.",
  "keywords": [
    {
      "term": "crossover episode",
      "explanation": "a special TV episode where characters from different shows meet"
    },
    {
      "term": "executive producer",
      "explanation": "the person in charge of making a TV show"
    },
    {
      "term": "stunt",
      "explanation": "an exciting or dangerous action scene in a show"
    },
    {
      "term": "commute",
      "explanation": "the regular journey between home and work"
    },
    {
      "term": "viewer engagement",
      "explanation": "how much audiences are interested and involved in a show"
    },
    {
      "term": "camaraderie",
      "explanation": "friendship and trust among people working together"
    },
    {
      "term": "revamped schedule",
      "explanation": "a changed plan for when shows air"
    },
    {
      "term": "preposterous",
      "explanation": "silly or unbelievable in a fun way"
    }
  ],
  "questions": [
    {
      "question": "What is the main purpose of the Corriedale episode?",
      "options": [
        "To merge two soap universes for viewer excitement",
        "To introduce new characters to both shows",
        "To replace regular episodes permanently",
        "To film in a studio instead of on location"
      ],
      "correct_answer": "To merge two soap universes for viewer excitement"
    },
    {
      "question": "How did Iain MacLeod get the idea for the storyline?",
      "options": [
        "From his difficult commutes between Manchester and Leeds",
        "From watching other crossover episodes",
        "From fan suggestions online",
        "From a scriptwriting competition"
      ],
      "correct_answer": "From his difficult commutes between Manchester and Leeds"
    },
    {
      "question": "What does the episode feature to grab attention?",
      "options": [
        "A high-speed collision stunt",
        "A musical number",
        "A historical flashback",
        "A wedding ceremony"
      ],
      "correct_answer": "A high-speed collision stunt"
    },
    {
      "question": "How long did the night shoots last during filming?",
      "options": [
        "Three weeks",
        "One week",
        "A month",
        "Two days"
      ],
      "correct_answer": "Three weeks"
    },
    {
      "question": "What does MacLeod compare the crossover to?",
      "options": [
        "The Marvel multiverse assembling",
        "A sports tournament",
        "A reality TV show",
        "A documentary series"
      ],
      "correct_answer": "The Marvel multiverse assembling"
    },
    {
      "question": "Why is the episode set on neutral territory?",
      "options": [
        "To avoid favoring one show's location",
        "To reduce filming costs",
        "To include more characters",
        "To make it easier for actors"
      ],
      "correct_answer": "To avoid favoring one show's location"
    },
    {
      "question": "What did actors do during off-set time?",
      "options": [
        "Hung out in dressing rooms and trailers",
        "Went home early",
        "Practiced lines alone",
        "Attended meetings"
      ],
      "correct_answer": "Hung out in dressing rooms and trailers"
    },
    {
      "question": "What is a key benefit of this crossover for the shows?",
      "options": [
        "Boosting viewer engagement and attracting new fans",
        "Saving money on production",
        "Shortening episode lengths",
        "Changing the shows' genres"
      ],
      "correct_answer": "Boosting viewer engagement and attracting new fans"
    }
  ],
  "background_read": [
    "British soaps like Coronation Street and Emmerdale are long-running TV dramas focusing on community life, with loyal fan bases. Crossovers are rare in soap operas, often used to create buzz and increase ratings. Executive producers like Iain MacLeod play a crucial role in shaping storylines and schedules. Stunt episodes involve complex filming and can draw in viewers with dramatic events. This article discusses how personal experiences can inspire creative content in television."
  ],
  "Article_Structure": [
    "Main Points: The article details a crossover episode between Coronation Street and Emmerdale, conceived by executive producer Iain MacLeod to blend the shows' universes through a high-speed collision stunt, inspired by his commutes. Purpose: To revamp the schedule, attract viewer attention, and provide a unique fan experience by merging two popular soaps. Evidence Evaluation: The article uses quotes from MacLeod and actor Joe-Warren Plant, offering firsthand insights but lacking external sources, making it moderately reliable for entertainment news. Author Credibility: As a BBC Entertainment piece, it likely has editorial standards, but the author is not named, limiting assessment of expertise. Methodology: Information is gathered from interviews with key figures and production details, typical for entertainment reporting."
  ],
  "perspectives": [
    {
      "perspective": "Creative Innovation",
      "description": "MacLeod's use of personal commute struggles shows how real-life experiences can fuel imaginative TV storytelling."
    }
  ],
  "image_url": "/article_images/article_3cf65c6895b62d89_3e56ed38b10e.webp"
}