{
  "title": "The Enduring Legacy of Compassion: A 45-Year Companionship Forged from a Christmas Invitation",
  "summary": "In December 1975, Rob and Dianne Parsons, a young couple in Cardiff, UK, extended an invitation to Ronnie Lockwood, an autistic man who appeared at their doorstep with a frozen chicken and his belongings, marking the inception of a transformative 45-year relationship. Rob, recalling Ronnie from childhood Sunday School where he was noted as 'a bit different,' acted on impulse, welcoming him into their home for Christmas. Ronnie, having been homeless since age 15 and navigating precarious employment, was integrated into their household through gestures such as cooking his chicken, facilitating personal hygiene, and orchestrating gift-giving to foster inclusion. The couple's initial plan for a temporary stay evolved into a permanent arrangement after witnessing Ronnie's emotional response to receiving presents—an unprecedented experience of love for him—prompting them to consult authorities and ultimately commit to his long-term care. This narrative elucidates complex themes of altruism, the socio-emotional dimensions of autism, and the ethical considerations of informal caregiving, illustrating how a singular act of compassion can engender a profound, lifelong bond that challenges conventional notions of family and support systems.",
  "keywords": [
    {
      "term": "altruism",
      "explanation": "selfless concern for the well-being of others, often motivating charitable acts"
    },
    {
      "term": "autism spectrum disorder",
      "explanation": "a neurodevelopmental condition characterized by challenges in social interaction, communication, and repetitive behaviors"
    },
    {
      "term": "informal caregiving",
      "explanation": "providing support and assistance to individuals in need outside formal institutional settings, often by family or friends"
    },
    {
      "term": "socio-emotional",
      "explanation": "relating to the interplay between social interactions and emotional experiences"
    },
    {
      "term": "ethical considerations",
      "explanation": "moral principles and dilemmas involved in decision-making, such as responsibilities towards vulnerable individuals"
    }
  ],
  "questions": [
    {
      "question": "What prompted Rob to invite Ronnie into their home?",
      "options": [
        "A vague childhood memory and impulse",
        "A pre-arranged plan",
        "Financial incentive",
        "Social pressure"
      ],
      "correct_answer": "A vague childhood memory and impulse"
    },
    {
      "question": "How did Ronnie's homelessness begin?",
      "options": [
        "At age 15",
        "After losing a job",
        "Due to family conflict",
        "Upon moving to Cardiff"
      ],
      "correct_answer": "At age 15"
    },
    {
      "question": "What role did gifts play in Ronnie's integration?",
      "options": [
        "They elicited an emotional response, reinforcing his sense of belonging",
        "They were ignored as trivial",
        "They caused conflict",
        "They were exchanged for chores"
      ],
      "correct_answer": "They elicited an emotional response, reinforcing his sense of belonging"
    },
    {
      "question": "Why did the couple seek advice from authorities?",
      "options": [
        "To navigate the decision of letting Ronnie stay permanently",
        "To report a crime",
        "To secure funding",
        "To relocate Ronnie"
      ],
      "correct_answer": "To navigate the decision of letting Ronnie stay permanently"
    },
    {
      "question": "What does this story suggest about informal caregiving?",
      "options": [
        "It can arise spontaneously and involve significant commitment",
        "It is always planned and formalized",
        "It is ineffective without professional oversight",
        "It is primarily financial in nature"
      ],
      "correct_answer": "It can arise spontaneously and involve significant commitment"
    },
    {
      "question": "How does the article address autism?",
      "options": [
        "By highlighting Ronnie's unique needs and social challenges",
        "By providing a medical diagnosis",
        "By criticizing support systems",
        "By ignoring its impact"
      ],
      "correct_answer": "By highlighting Ronnie's unique needs and social challenges"
    },
    {
      "question": "What is a key ethical consideration in this narrative?",
      "options": [
        "The responsibility towards vulnerable individuals without formal support",
        "The legality of long-term stays",
        "The economic costs of caregiving",
        "The privacy of personal stories"
      ],
      "correct_answer": "The responsibility towards vulnerable individuals without formal support"
    },
    {
      "question": "How long had Rob and Dianne been married when Ronnie arrived?",
      "options": [
        "4 years",
        "8 years",
        "2 years",
        "6 years"
      ],
      "correct_answer": "4 years"
    },
    {
      "question": "What emotional significance did Christmas hold in this story?",
      "options": [
        "It served as a catalyst for compassion and bonding",
        "It was merely a festive backdrop",
        "It caused stress for the couple",
        "It was irrelevant to the events"
      ],
      "correct_answer": "It served as a catalyst for compassion and bonding"
    },
    {
      "question": "What broader social issue does this story illuminate?",
      "options": [
        "Homelessness and support for neurodiverse individuals",
        "Economic inequality in the UK",
        "Political policies on housing",
        "Technological advancements in care"
      ],
      "correct_answer": "Homelessness and support for neurodiverse individuals"
    }
  ],
  "background_read": [
    "This BBC News article delves into a poignant real-life account from 1975, exploring the intersection of compassion, autism, and homelessness through the lens of Rob and Dianne Parsons' decision to host Ronnie Lockwood. It provides context on the socio-historical backdrop of Cardiff, the challenges faced by autistic individuals in mid-20th century UK, and the evolution of informal caregiving practices. The story raises questions about community responsibility, the limits of kindness, and the long-term implications of such relationships, offering a case study for discussions on ethics, social work, and family dynamics in contemporary society."
  ],
  "Article_Structure": [
    "This article offers an in-depth analysis of a human-interest story centered on Rob and Dianne Parsons' 45-year companionship with Ronnie Lockwood. Main Points: It chronicles how a spontaneous Christmas invitation evolved into a lifelong bond, addressing themes of altruism, autism, and homelessness. Purpose: To inspire reflection on compassion's transformative power and critique societal support gaps for vulnerable populations. Evidence Evaluation: Relies on firsthand interviews, providing authentic emotional depth but lacking diverse perspectives or empirical data. Author Credibility: As a BBC piece, it upholds journalistic integrity, though author anonymity limits bias assessment. Methodology: Based on narrative storytelling from participant accounts, emphasizing qualitative insights over quantitative analysis. Critical Assessment: Strengths include compelling personal testimony and raising awareness; limitations involve potential subjectivity and insufficient exploration of broader systemic issues."
  ],
  "perspectives": [
    {
      "perspective": "Ethical Reflection",
      "description": "Examines the moral dimensions of caregiving and societal obligations towards neurodiverse and homeless individuals."
    }
  ],
  "image_url": "/article_images/article_d4e50c978ad89ddc_7022487477d0.webp"
}