{
  "articles": [
    {
      "id": "c206ac273d779efb",
      "title": "Analyzing Katie Boulter's Strategic Setbacks and Personal Milestones Post-Australian Open",
      "summary": "Katie Boulter's early exit from the Australian Open, culminating in a straight-set defeat (6-0, 7-5) to tenth-seeded Belinda Bencic, underscores a period of professional decline following a tumultuous 2025 season. Boulter, currently ranked world number 113, entered the main draw as a last-minute replacement after a withdrawal, bypassing qualifying rounds. Her performance was characterized by initial vulnerability, conceding the first set in 26 minutes without securing a game, yet she exhibited tactical resilience in the second set by breaking Bencic's serve to equalize at 4-4 before succumbing. This loss aligns with a broader narrative of Boulter's career challenges: she plummeted from a peak ranking of 24th to outside the top 100 in 2025, attributed to inconsistent form and injury woes, resulting in the loss of her British number one status to Emma Raducanu. In response, Boulter has initiated a strategic overhaul by terminating her collaboration with long-term coach Biljana Veselinovic and enlisting Michael Joyce, renowned for guiding Maria Sharapova to Grand Slam successes. Concurrently, Boulter anticipates significant personal developments, notably her planned marriage to Australian tennis professional Alex de Minaur in 2026, which she cites as a source of optimism irrespective of on-court outcomes. Post-match, Boulter articulated her intent to compete in lower-tier WTA Tour events to cultivate match rhythm and rediscover competitive edge, reflecting a pragmatic approach to career rehabilitation. The article synthesizes these elements to portray Boulter's multifaceted journey, balancing athletic recalibration with life milestones.",
      "source": "BBC Tennis",
      "time_ago": "Just now",
      "image_url": "/article_images/article_c206ac273d779efb_32dab85fc03b.webp",
      "category": "Fun"
    },
    {
      "id": "7217012c18460b5b",
      "title": "Jannik Sinner's Serve Refinement: A Critical Analysis Post-Australian Open First Round",
      "summary": "Jannik Sinner, the world number two and reigning Australian Open champion, commenced his title defence with a commanding victory over Hugo Gaston, who retired at 6-2, 6-1. Despite this dominance, Sinner articulated a nuanced self-critique regarding his serve, indicating he does not 'feel very safe' with modifications enacted post his US Open final defeat to Carlos Alcaraz. These adjustments involve altering his service motion and rhythm to decelerate the initial phase, aiming for enhanced control and consistency. Sinner underscored the serve's pivotal role in tennis, citing his 2025 ATP Tour-leading 92% service games won as evidence of its efficacy, yet he perceives substantial room for improvement. Match analytics reveal Sinner's proficiency: he served six aces, maintained a 64% first-serve percentage, and avoided double faults, while recovering from an early 0-40 deficit to secure a hold. His strategic gameplay included a nine-game winning streak, yet his post-match commentary reflects a deliberate focus on technical refinement, illustrating the perpetual evolution required in elite sports. This analysis delves into the interplay between statistical success and subjective confidence in athletic performance.",
      "source": "BBC Tennis",
      "time_ago": "Just now",
      "image_url": "/article_images/article_7217012c18460b5b_62150e96d0d4.webp",
      "category": "Fun"
    },
    {
      "id": "d5b74672911354b0",
      "title": "Analyzing Alexandra Eala's Meteoric Rise: Fandom, National Identity, and the Australian Open Phenomenon",
      "summary": "The article explores the extraordinary popularity of Alexandra Eala, a 20-year-old tennis professional from the Philippines, during the Australian Open, despite her having secured only one Grand Slam main-draw victory. It delves into the socio-cultural dynamics behind this phenomenon, where thousands of Filipino fans created unprecedented queues at Melbourne Park, eclipsing interest in established stars like Carlos Alcaraz and Coco Gauff. Eala's pre-tournament news conference attracted 171,000 online viewers, significantly higher than those of top-ranked players, underscoring her status as a national icon. Her breakthrough includes a surprising win over six-time Grand Slam champion Iga Swiatek at the Miami Open and historic achievements such as becoming the first Filipina to win a WTA Tour match in 2021 and a junior Grand Slam title at the 2022 US Open, which led to her featuring on the cover of Vogue Philippines. Trained at Rafael Nadal's academy in Mallorca, Eala represents a trailblazer in a nation with limited tennis pedigree, and she acknowledges the overwhelming nature of the attention, framing it as a learning process. The analysis highlights how Eala's success taps into broader themes of national pride, media representation, and the globalization of sports, illustrating how athletic achievements can transcend individual performance to become symbols of collective identity and aspiration in underrepresented sporting communities.",
      "source": "BBC Tennis",
      "time_ago": "2 hours ago",
      "image_url": "/article_images/article_d5b74672911354b0_094b934fac87.webp",
      "category": "Fun"
    },
    {
      "id": "304d46fa88e5c44c",
      "title": "Navigating Professional Obligations and Personal Milestones: Casper Ruud's Ethical Dilemma at the Australian Open",
      "summary": "Casper Ruud, a Norwegian tennis professional seeded 12th at the Australian Open, is confronting a significant personal juncture as his wife Maria approaches the delivery of their first child, a daughter. He has explicitly stated that he will immediately withdraw from the tournament in Melbourne if labor commences, articulating a philosophy that 'there's more to life than just tennis.' This stance underscores a broader narrative about athlete priorities and the integration of personal values into high-stakes sports environments. Ruud secured a decisive first-round victory over Mattia Bellucci, while maintaining constant communication readiness via his phone, except during matches. His familial context is integral, with his father Christian, a former player, serving as his coach, and Ruud expressing aspirations to include his wife and daughter in future tournament travels. This scenario reflects evolving dynamics in professional tennis, where athletes increasingly vocalize the importance of family and mental well-being alongside competitive ambitions, challenging traditional notions of single-minded dedication.",
      "source": "BBC Tennis",
      "time_ago": "3 hours ago",
      "image_url": "/article_images/article_304d46fa88e5c44c_ebde64dbdaee.webp",
      "category": "Fun"
    },
    {
      "id": "a27af50886b61a27",
      "title": "Architectural Development Versus Literary Heritage: The Controversy Over Talland House's View",
      "summary": "A contentious development project in St Ives, Cornwall, involves the construction of a five-storey residential building, Elvan House, in front of Talland House, the Grade-II listed former holiday home of Virginia Woolf. The view from Talland House across St Ives Bay to Godrevy lighthouse is historically significant, having inspired Woolf's modernist masterpiece 'To the Lighthouse' and permeating other works such as 'Jacob's Room' and 'The Waves'. Planning permission was initially granted in 2009, with work commencing recently amid a review of amendments. Critics, including local author Patrick Gale and Emeritus Professor Maggie Humm of the Virginia Woolf Society of Great Britain, condemn the project as cultural vandalism, emphasizing the view's indelible association with Woolf's literary output and global pilgrimage site for Woolfians. Conversely, Windingbrook Developments, led by managing director Richard Gartside, asserts that the revised scheme maintains the original scale and massing, with valid planning permissions upheld by lawful commencement notices. This dispute underscores broader tensions between urban development imperatives and the preservation of cultural and historical landmarks, raising questions about heritage valuation in contemporary planning frameworks.",
      "source": "BBC Entertainment",
      "time_ago": "6 hours ago",
      "image_url": "/article_images/article_a27af50886b61a27_0ee421cecff1.webp",
      "category": "Fun"
    },
    {
      "id": "500c73c9ac450208",
      "title": "Jacob Alon's Brits Critics' Choice Award: A Case Study in Emerging Artistic Identity and Industry Recognition",
      "summary": "Jacob Alon, a non-binary Scottish singer-songwriter, has been crowned the winner of the Brits Critics' Choice Award, a significant accolade in the UK music industry that identifies and promotes burgeoning talent. Selected by a panel of industry experts, Jacob surpassed contenders Sienna Spiro and Rose Gray, underscoring their distinctive position within the folk music genre. This award, formerly titled Brits Rising Star, has historically served as a launchpad for artists such as Adele and Sam Fender, thereby cementing its role in career advancement. Jacob's reaction—described as 'bonkers'—reflects a sense of imposter syndrome, as they admitted not considering themselves 'Brits material,' yet expressed profound gratitude for the critics' validation. Their artistic journey is marked by a transition from studying theoretical physics and medicine at Edinburgh University to embracing music after dropping out, a decision fueled by disillusionment with academia. Jacob's debut album, In Limerence, delves into narratives of failed romantic relationships, influenced by the storytelling traditions of folk music. After an unproductive stint in London, a return to Scotland catalyzed their creative breakthrough. In their acceptance, Jacob articulated a blend of cheekiness and pride, thanking supporters for recognizing work that originated far from mainstream expectations. This narrative not only highlights individual perseverance but also intersects with broader discourses on gender identity, artistic authenticity, and the evolving pathways to success in the contemporary music landscape.",
      "source": "BBC Entertainment",
      "time_ago": "18 hours ago",
      "image_url": "/article_images/article_500c73c9ac450208_c0927c03677d.webp",
      "category": "Fun"
    }
  ]
}