{
  "articles": [
    {
      "id": "15343eb2c64f7dee",
      "title": "Northern Lights Illuminate UK Skies During Solar Maximum",
      "summary": "The Northern Lights, or Aurora Borealis, recently illuminated skies across the UK with vibrant hues of green and pink, a result of a severe geomagnetic storm caused by a coronal mass ejection (CME) from the sun. This phenomenon occurs when charged particles from solar eruptions interact with gases in Earth's atmosphere, producing colorful displays. On Monday evening, the aurora was visible in Scotland, Northern Ireland, Wales, and various parts of England, with photos submitted to the BBC showcasing the event. It even extended to northern Italy and southern France due to high solar activity. However, for Tuesday night, the signal weakened, making it less likely to be seen in southern areas, and cloudier skies across the UK further reduced visibility, though clear patches in northern and eastern Scotland and Northern Ireland might offer glimpses. We are currently in a solar maximum phase of the sun's 21-year cycle, characterized by increased sunspots and CMEs, leading to more frequent aurorae. While geomagnetic storms are harmless to humans due to atmospheric protection, they can disrupt technology. For optimal viewing, seek clear skies, look northward, and consider using a camera to enhance colors.",
      "source": "BBC News",
      "time_ago": "2 hours ago",
      "image_url": "/article_images/article_15343eb2c64f7dee_16dd9a15391f.webp",
      "category": "News"
    },
    {
      "id": "48132943168be2ef",
      "title": "Europe Shifts Strategy in Response to Trump's Greenland Demands",
      "summary": "President Trump has reiterated his desire for the United States to acquire Greenland, citing national security concerns, and predicted minimal pushback from European leaders. However, at the upcoming World Economic Forum, European officials plan to confront this issue directly. Greenland is a semi-autonomous territory of Denmark, which is both an EU and NATO member. Trump is pressuring Denmark's allies in these organizations to acquiesce to US control of Greenland or face punitive tariffs on exports to the US, a threat that alarms European economies already struggling, particularly export-dependent sectors like Germany's automotive industry and Italy's luxury market. In response, Germany's finance minister declared they would not be blackmailed after emergency talks with France. European governments, having recently settled tariff deals with the US, view Trump's threats as a breach of trust, with French and German ministers emphasizing the unprecedented use of tariffs as a geopolitical weapon and the need for Europe to be prepared. Consequently, Europe is abandoning its softly-softly approach to Trump, adopting a strategy of diplomacy backed by potential retaliation. They will offer support for Arctic security to dissuade unilateral action on Greenland while simultaneously considering imposing €93 billion in tariffs on US goods or restricting American businesses' access to the EU single market if Trump proceeds. This could also impact US consumers, highlighting the interconnected nature of the conflict.",
      "source": "BBC News",
      "time_ago": "4 hours ago",
      "image_url": "/article_images/article_48132943168be2ef_71ebde572817.webp",
      "category": "News"
    },
    {
      "id": "52f6d3ef3f9198dc",
      "title": "Hospital Waiting Times: Challenges and Progress in England",
      "summary": "This article examines the state of hospital waiting times in England, revealing that nearly a quarter of hospitals have seen worsening waits since the government's plan to address the backlog was introduced a year ago. BBC analysis shows that out of 129 hospital trusts, 31 have regressed and 17 have made minimal progress, despite national efforts to improve. Key treatments affected include knee and hip operations, with the government aiming to hit an 18-week waiting target by March 2029, a goal unmet since 2015. Hospitals cite multiple challenges such as staffing shortages, doctor strikes, and IT system issues as barriers to improvement. The article highlights the personal story of Mary Waterhouse, a 72-year-old arthritis patient from Blackpool, who faced an eight-month wait for assessment, leading to deteriorated health and a decision to forgo multiple surgeries due to advanced arthritis. Her experience underscores the broader issue of inequitable access to timely care, as noted by Arthritis UK. While the government prioritizes reducing waits and sets interim targets, the analysis suggests persistent struggles in many trusts, emphasizing the need for sustained action to ensure patients receive prompt treatment.",
      "source": "BBC News",
      "time_ago": "11 hours ago",
      "image_url": "/article_images/article_52f6d3ef3f9198dc_13e0ad8e0f92.webp",
      "category": "News"
    },
    {
      "id": "cd6a056bb8bdc15b",
      "title": "Sundance Film Festival Navigates Transition from Park City and Honors Robert Redford",
      "summary": "The Sundance Film Festival, a premier event for independent cinema in the United States, is experiencing a period of significant change this year. As it begins in Park City, Utah, the festival features a diverse lineup including stars like Natalie Portman and emerging filmmakers, with screenings of restored classics such as 'Little Miss Sunshine' and 'Mysterious Skin'. However, the event is bittersweet due to two major transitions: it is bidding farewell to its longtime home in Park City after decades, and it is moving forward without its founder, Robert Redford, who died in September. Next year, Sundance will relocate to Boulder, Colorado, marking a new chapter. The festival serves as a crucial platform for independent filmmakers, with many attributing their careers to its support, as highlighted by veterans like Gregg Araki and Daniel Roher. This year's edition emphasizes legacy, with tributes to Redford and reflections on Sundance's role in fostering films that often tackle serious themes with humor. Despite the changes, participants view it as a celebration of the festival's enduring impact and a hopeful step into the future, ensuring it remains a vital conduit for cinematic innovation.",
      "source": "PBS NewsHour",
      "time_ago": "12 hours ago",
      "image_url": "/article_images/article_cd6a056bb8bdc15b_cc2218145881.webp",
      "category": "News"
    },
    {
      "id": "9642edbb7f7507f0",
      "title": "Sheinbaum Addresses U.S. Military Actions and Sovereignty Concerns in Mexico",
      "summary": "Mexican President Claudia Sheinbaum responded to concerns about two U.S. military incidents near Mexico. First, the U.S. Federal Aviation Administration issued an advisory for aircraft to exercise caution over the eastern Pacific Ocean due to military activities, which raised alarms in Mexico. Sheinbaum stated that her administration waited for written assurance from the U.S. government that no military flights would occur over Mexican territory, noting that Mexico was not initially informed. Second, a U.S. military transport plane landed at Toluca airport near Mexico City, sparking questions from opposition senator Clemente Castañeda about approval processes. Sheinbaum clarified it was a logistical operation for training Mexican public servants, authorized by Mexico's Secretary of Defense, and compliant with bilateral agreements. These events highlighted heightened sensitivity following the Trump administration's recent unilateral action in Venezuela and threats of military intervention against Mexican drug cartels. Sheinbaum and Trump discussed collaboration on security, with Mexico stressing non-acceptance of sovereignty violations, underscoring ongoing diplomatic tensions and the importance of communication in U.S.-Mexico relations.",
      "source": "PBS NewsHour",
      "time_ago": "12 hours ago",
      "image_url": "/article_images/article_9642edbb7f7507f0_fd9112904fc0.webp",
      "category": "News"
    },
    {
      "id": "5087c54a72f224d2",
      "title": "Trump's Greenland Ambitions Spark Diplomatic Crisis with Europe",
      "summary": "President Trump has escalated tensions by threatening to impose new tariffs on NATO allies if they prevent the U.S. from acquiring Greenland, a Danish territory. In response, European leaders convened to coordinate a unified stance, potentially including counter-tariffs on U.S. imports, as they aim to resolve this crisis. To bolster their position, Denmark and allied European forces are reinforcing military presence in Greenland. Trump linked his aggressive stance to his disappointment over not receiving the Nobel Peace Prize, stating in a letter to Norway's prime minister that this frees him from pursuing solely peaceful means, though he claims peace remains a priority. He argues that U.S. control of Greenland is essential for global security. This situation highlights a significant diplomatic rift, with Europe standing firm in support of Greenland's current status and opposing Trump's demands through strategic meetings and military reinforcements.",
      "source": "PBS NewsHour",
      "time_ago": "13 hours ago",
      "image_url": "/article_images/article_5087c54a72f224d2_54cd78271c6a.webp",
      "category": "News"
    }
  ]
}