{
  "title": "Architectural and Political Controversy Over White House Ballroom Expansion",
  "summary": "This article details a session of the Commission on Fine Arts, where appointees of former President Donald Trump scrutinized the proposed expansion of the White House, focusing on a ballroom project described as 'immense' in scale. The expansion aims to add approximately 90,000 square feet, with 22,000 square feet dedicated to the ballroom, addressing long-standing issues of inadequate space for State Dinners and major events, which have historically necessitated temporary structures. Lead architect Shalom Baranes presented initial renderings during an online meeting, but commissioners, expressing concerns about integration and design, requested 3D scale models for a subsequent in-person review. Public feedback, as reported by executive director Thomas Luebke, was predominantly negative, criticizing both the procedural aspects and aesthetic elements of the proposal. Despite this, the commission broadly supported Trump's vision, with chairman Rodney Mims Cook Jr. emphasizing the need to balance presidential objectives with the preservation of the White House's fundamental architectural character. The project is concurrently challenged by historic preservationists in federal court, underscoring the intersection of political influence, architectural design, and historical conservation in federal projects.",
  "keywords": [
    {
      "term": "aesthetic integration",
      "explanation": "The process of ensuring new designs harmonize with existing structures in terms of appearance and style"
    },
    {
      "term": "federal oversight",
      "explanation": "The review and regulation of projects by government agencies to ensure compliance with standards and laws"
    },
    {
      "term": "historical conservation",
      "explanation": "The practice of protecting and maintaining buildings or sites of historical significance from alteration or destruction"
    },
    {
      "term": "political controversy",
      "explanation": "Disputes and debates arising from differing political viewpoints or interests"
    },
    {
      "term": "architectural renderings",
      "explanation": "Detailed visual representations used to convey design concepts before construction"
    }
  ],
  "questions": [
    {
      "question": "What specific concern did commissioners raise about the ballroom project during the meeting?",
      "options": [
        "Its 'immense' scale and integration with the White House",
        "Its cost and funding sources",
        "Its environmental impact",
        "Its construction timeline"
      ],
      "correct_answer": "Its 'immense' scale and integration with the White House"
    },
    {
      "question": "How does the article characterize the public comments received ahead of the meeting?",
      "options": [
        "Almost all negative in some way",
        "Mostly supportive with minor suggestions",
        "Evenly split between positive and negative",
        "Focused solely on procedural issues"
      ],
      "correct_answer": "Almost all negative in some way"
    },
    {
      "question": "What role does the Commission on Fine Arts play in this context?",
      "options": [
        "Reviewing design aesthetics for federal projects",
        "Approving budgets for White House renovations",
        "Enforcing historical preservation laws",
        "Organizing public events at the White House"
      ],
      "correct_answer": "Reviewing design aesthetics for federal projects"
    },
    {
      "question": "What is the significance of the East Wing demolition mentioned in the article?",
      "options": [
        "It precedes the proposed expansion and adds to historical controversy",
        "It was done to build a new office wing",
        "It occurred in the 1900s as part of routine maintenance",
        "It received unanimous public approval"
      ],
      "correct_answer": "It precedes the proposed expansion and adds to historical controversy"
    },
    {
      "question": "How did the chairman frame the challenge of the ballroom project?",
      "options": [
        "Balancing presidential desires with architectural preservation",
        "Securing funding from Congress",
        "Meeting tight deadlines for completion",
        "Ensuring it uses sustainable materials"
      ],
      "correct_answer": "Balancing presidential desires with architectural preservation"
    },
    {
      "question": "What additional buildings did Baranes agree to include in scale models?",
      "options": [
        "U.S. Treasury Department and Eisenhower Executive Office Building",
        "Capitol Building and Supreme Court",
        "National Archives and Smithsonian",
        "Pentagon and Washington Monument"
      ],
      "correct_answer": "U.S. Treasury Department and Eisenhower Executive Office Building"
    },
    {
      "question": "What legal action are historic preservationists taking regarding the project?",
      "options": [
        "Asking a federal court to slow it down",
        "Filing a lawsuit to stop it entirely",
        "Seeking public referendum on the design",
        "Proposing alternative designs through legislation"
      ],
      "correct_answer": "Asking a federal court to slow it down"
    },
    {
      "question": "What does the article suggest about the project's political sensitivity?",
      "options": [
        "It involves controversy due to Trump's involvement and design scale",
        "It is widely supported across political parties",
        "It is a routine administrative matter",
        "It has no impact on public opinion"
      ],
      "correct_answer": "It involves controversy due to Trump's involvement and design scale"
    },
    {
      "question": "How does the article source its information on public comments?",
      "options": [
        "From the commission's executive director Thomas Luebke",
        "From a survey conducted by the Associated Press",
        "From interviews with White House staff",
        "From social media analytics"
      ],
      "correct_answer": "From the commission's executive director Thomas Luebke"
    },
    {
      "question": "What is the overall tone of the article regarding the ballroom project?",
      "options": [
        "Analytical and neutral, presenting multiple viewpoints",
        "Strongly critical of the design",
        "Enthusiastically supportive of the expansion",
        "Focused solely on technical details"
      ],
      "correct_answer": "Analytical and neutral, presenting multiple viewpoints"
    }
  ],
  "background_read": [
    "The White House, as a symbol of American presidency, has evolved architecturally since its initial construction in the early 19th century, with notable additions like the East Wing (built in 1902 and expanded in the 1940s) reflecting changing needs. State Dinners, integral to diplomatic relations, often strain the existing facilities, prompting discussions on expansion. The Commission on Fine Arts, established in 1910, provides advisory reviews on public art and architecture to ensure aesthetic quality and historical appropriateness. This article situates the ballroom proposal within broader debates over federal project oversight, where political appointees influence design decisions amidst public scrutiny and legal challenges from preservation groups. Understanding this context highlights the complexities of balancing modernization with heritage conservation in government infrastructure."
  ],
  "Article_Structure": [
    "The article provides an in-depth analysis of a Commission on Fine Arts meeting reviewing Trump's White House ballroom expansion. Main Points detail the project's scale, commissioner requests for 3D models, and negative public feedback. Purpose is to explore architectural and political tensions in federal design approvals. Evidence Evaluation notes reliance on meeting transcripts and public comments, offering credible but limited perspectives. Author Credibility stems from Associated Press reporting, ensuring factual accuracy. Methodology involves summarizing a public hearing and online submissions, presenting a balanced view. Critical Assessment highlights strengths in documenting procedural steps but limitations in lacking independent architectural analysis or broader historical context."
  ],
  "perspectives": [
    {
      "perspective": "Architectural pragmatism",
      "description": "Views the expansion as a necessary update to meet functional needs while attempting aesthetic harmony."
    },
    {
      "perspective": "Historical purism",
      "description": "Argues that any significant alteration compromises the White House's integrity and should be minimized or avoided."
    }
  ],
  "image_url": "/article_images/article_a4971bab79f3cfad_c312289ad3e0.webp"
}