{
  "title": "Debating the Design of a New White House Ballroom",
  "summary": "The article reports on a meeting of the Commission on Fine Arts, where appointees selected by former President Donald Trump reviewed plans for a significant expansion of the White House, specifically a new ballroom. The ballroom is proposed to add about 22,000 square feet to the White House, part of a larger 90,000-square-foot addition, aiming to replace temporary structures like tents used for State Dinners and major events. During the online meeting, lead architect Shalom Baranes presented renderings, but commissioners requested 3D scale models for a future in-person session to better assess the design and scale, which they described as 'immense.' Public comments submitted ahead of the meeting were mostly negative, criticizing the process or design. Despite concerns, the commission broadly endorsed Trump's vision, with the chairman emphasizing the importance of balancing the president's desires with preserving the White House's fundamental character. The project faces opposition from historic preservationists seeking to slow it down in court, highlighting political controversy.",
  "keywords": [
    {
      "term": "Commission on Fine Arts",
      "explanation": "A group that reviews designs for federal projects to ensure they are aesthetically appropriate"
    },
    {
      "term": "renderings",
      "explanation": "Drawings or images that show how a building or design will look"
    },
    {
      "term": "historic preservationists",
      "explanation": "People who work to protect old buildings and sites from changes that could harm their historical value"
    },
    {
      "term": "square footage",
      "explanation": "A measurement of area, showing how much space something covers"
    },
    {
      "term": "State Dinners",
      "explanation": "Formal dinners hosted by the president for foreign leaders and other important guests"
    }
  ],
  "questions": [
    {
      "question": "What is the primary purpose of the proposed White House ballroom?",
      "options": [
        "To host State Dinners and major events without tents",
        "To serve as a new office for the president",
        "To create a museum for visitors",
        "To build a gym for staff"
      ],
      "correct_answer": "To host State Dinners and major events without tents"
    },
    {
      "question": "Who presented the renderings at the Commission on Fine Arts meeting?",
      "options": [
        "Shalom Baranes",
        "Rodney Mims Cook Jr.",
        "Thomas Luebke",
        "Davis Ingle"
      ],
      "correct_answer": "Shalom Baranes"
    },
    {
      "question": "What did commissioners request for a future meeting?",
      "options": [
        "3D scale models",
        "More public comments",
        "A video tour",
        "A budget report"
      ],
      "correct_answer": "3D scale models"
    },
    {
      "question": "How were most public comments described in the article?",
      "options": [
        "Negative",
        "Positive",
        "Neutral",
        "Excited"
      ],
      "correct_answer": "Negative"
    },
    {
      "question": "What is the total square footage addition proposed for the White House?",
      "options": [
        "Almost 90,000 square feet",
        "About 55,000 square feet",
        "22,000 square feet",
        "100,000 square feet"
      ],
      "correct_answer": "Almost 90,000 square feet"
    },
    {
      "question": "Who is opposing the project in federal court?",
      "options": [
        "Historic preservationists",
        "The Commission on Fine Arts",
        "The White House staff",
        "Local residents"
      ],
      "correct_answer": "Historic preservationists"
    },
    {
      "question": "What did the chairman say about balancing the project?",
      "options": [
        "It should preserve the White House's character while meeting the president's wants",
        "It should be done quickly without changes",
        "It should be canceled entirely",
        "It should only focus on beauty"
      ],
      "correct_answer": "It should preserve the White House's character while meeting the president's wants"
    },
    {
      "question": "When was the East Wing of the White House first built?",
      "options": [
        "1902",
        "1940s",
        "1800s",
        "2000"
      ],
      "correct_answer": "1902"
    }
  ],
  "background_read": [
    "The White House, located in Washington D.C., is the official residence and workplace of the U.S. president. It has undergone several expansions and renovations since its construction in the early 1800s, including the addition of the East Wing in 1902, which was later expanded in the 1940s and recently demolished for this project. State Dinners are formal events held to honor foreign dignitaries, often requiring large spaces that the current White House lacks, leading to the use of temporary tents. The Commission on Fine Arts is a federal agency that advises on the design of public buildings and monuments to ensure they are aesthetically fitting. This article discusses the controversy around a proposed ballroom that would significantly increase the White House's size, involving debates over historical preservation versus modern needs."
  ],
  "Article_Structure": [
    "The article analyzes a meeting where Trump appointees on the Commission on Fine Arts reviewed plans for a White House ballroom expansion. Main Points include the ballroom's large scale, public criticism, and requests for 3D models. Purpose is to inform about the political and design controversies surrounding the project. Evidence Evaluation shows reliance on meeting details and public comments, but lacks independent verification. Author Credibility is based on Associated Press reporting, known for factual accuracy. Methodology involves summarizing a public hearing and online comments, providing a straightforward account of events."
  ],
  "perspectives": [
    {
      "perspective": "Pro-expansion",
      "description": "Argues that the ballroom is necessary for hosting events and aligns with Trump's vision to enhance the White House."
    },
    {
      "perspective": "Anti-expansion",
      "description": "Contends that the project is too large, threatens historical integrity, and faces public opposition."
    }
  ],
  "image_url": "/article_images/article_a4971bab79f3cfad_c312289ad3e0.webp"
}