{
  "title": "Policy Finalization and Stakeholder Response to UK Farm Inheritance Tax Reforms",
  "summary": "The UK government has definitively ruled out additional modifications to its revised farm inheritance tax policy, marking a conclusion to a contentious legislative process. Initially introduced in Chancellor Rachel Reeves' 2024 budget, the proposal imposed a 20% tax on inherited agricultural assets exceeding £1 million, projected to generate £520 million annually by 2029, with the intent of safeguarding smaller farms and curbing tax avoidance by affluent investors. In response to sustained farmer protests, including a disruptive tractor demonstration at the Oxford Farming Conference, the government enacted a partial retreat in December, elevating the threshold to £2.5 million. Environment Secretary Emma Reynolds emphasized that this adjustment resulted from quiet, constructive dialogue with farmers rather than vocal demonstrations. The revised framework, effective from April, incorporates spousal exemptions, enabling couples to transfer up to £5 million in qualifying assets tax-free. Despite this concession, the Country Land and Business Association (CLA) condemns the policy as detrimental to the rural economy and advocates for its complete abolition, while the National Farmers' Union (NFU) maintains principled opposition but acknowledges the threshold increase as a relief for many families. This article elucidates the intricate dynamics of policy-making, stakeholder engagement, and the economic implications of taxation in the agricultural sector.",
  "keywords": [
    {
      "term": "inheritance tax",
      "explanation": "a fiscal levy on estates transferred posthumously, with specific rates and thresholds for agricultural properties"
    },
    {
      "term": "threshold adjustment",
      "explanation": "the governmental decision to increase the taxable limit from £1 million to £2.5 million, reflecting policy compromise"
    },
    {
      "term": "agricultural assets",
      "explanation": "comprising farmland, equipment, and related holdings subject to inheritance taxation under UK law"
    },
    {
      "term": "policy climbdown",
      "explanation": "a strategic concession by authorities in response to public pressure, altering initial proposals"
    },
    {
      "term": "stakeholder engagement",
      "explanation": "the process of involving groups like CLA and NFU in policy discussions, influencing outcomes through advocacy"
    }
  ],
  "questions": [
    {
      "question": "What was the estimated annual revenue from the original farm inheritance tax proposal by 2029?",
      "options": [
        "£250 million",
        "£520 million",
        "£1 billion",
        "£2.5 million"
      ],
      "correct_answer": "£520 million"
    },
    {
      "question": "Who announced the original tax plans in the 2024 budget?",
      "options": [
        "Emma Reynolds",
        "Gavin Lane",
        "Rachel Reeves",
        "Tom Bradshaw"
      ],
      "correct_answer": "Rachel Reeves"
    },
    {
      "question": "What does the spousal exemption allow in the new tax policy?",
      "options": [
        "Tax-free transfer to children",
        "Tax-free transfer to spouses",
        "Reduced rates for all assets",
        "Exemption for investors"
      ],
      "correct_answer": "Tax-free transfer to spouses"
    },
    {
      "question": "How did the CLA describe the government's December adjustment?",
      "options": [
        "A complete victory",
        "A partial climbdown",
        "An insignificant change",
        "A policy enhancement"
      ],
      "correct_answer": "A partial climbdown"
    },
    {
      "question": "What is the NFU's stance on the inheritance tax?",
      "options": [
        "Full support",
        "Opposition in principle with advocacy for further changes",
        "Neutrality",
        "Legal challenge planned"
      ],
      "correct_answer": "Opposition in principle with advocacy for further changes"
    },
    {
      "question": "What event did protestors target with a horn-blowing tractor demonstration?",
      "options": [
        "A budget speech",
        "The Oxford Farming Conference",
        "A CLA rally",
        "A government meeting"
      ],
      "correct_answer": "The Oxford Farming Conference"
    },
    {
      "question": "What rationale did the government provide for the original tax proposal?",
      "options": [
        "To increase farmer incomes",
        "To protect smaller farms and prevent tax loopholes",
        "To reduce government debt",
        "To encourage urban investment"
      ],
      "correct_answer": "To protect smaller farms and prevent tax loopholes"
    },
    {
      "question": "When is the revised tax threshold scheduled to be implemented?",
      "options": [
        "December 2024",
        "April 2025",
        "January 2025",
        "Immediately"
      ],
      "correct_answer": "April 2025"
    },
    {
      "question": "What did Emma Reynolds attribute the policy change to?",
      "options": [
        "Loud protests",
        "Constructive and quiet engagement from farmers",
        "Political pressure from opposition parties",
        "Economic forecasts"
      ],
      "correct_answer": "Constructive and quiet engagement from farmers"
    },
    {
      "question": "How does the article characterize the government's response to protests?",
      "options": [
        "As a full reversal",
        "As a partial climbdown",
        "As an increase in protests",
        "As a policy failure"
      ],
      "correct_answer": "As a partial climbdown"
    }
  ],
  "background_read": [
    "Inheritance tax in the United Kingdom is governed by complex legislation that affects various asset classes, including agricultural holdings. The tax aims to redistribute wealth and generate government revenue, but it often sparks debate due to its impact on family businesses and rural economies. Policy reforms, such as threshold adjustments, typically result from lobbying efforts by stakeholder groups like the CLA and NFU, which represent landowning and farming interests. Historical context includes previous tax changes influenced by agricultural protests, highlighting the tension between fiscal policy and sectoral sustainability. Understanding these dynamics requires knowledge of UK tax law, economic principles, and the role of advocacy in shaping public policy."
  ],
  "Article_Structure": [
    "Main Points: The article details the UK government's final decision on farm inheritance tax, highlighting the increase from a £1 million to £2.5 million threshold after protests, with spousal exemptions allowing up to £5 million tax-free transfers. Purpose: To analyze the culmination of tax policy reforms, exploring the balance between revenue objectives and agricultural stakeholder pressures within a broader socio-economic context. Evidence Evaluation: Sources include direct quotations from government officials and organizational statements, offering credible insights but limited to qualitative data; lacks empirical analysis on long-term economic effects. Author Credibility: As a BBC Science article, it benefits from reputable journalism, though the scientific focus may be tangential, potentially affecting depth on tax policy specifics. Methodology: Relies on reporting from conferences, official announcements, and stakeholder comments, providing a timely snapshot but without primary research or data verification. Critical Assessment: Strengths include balanced coverage of multiple perspectives and clear timeline of events; limitations involve minimal statistical backing and potential bias towards narrative over analytical rigor."
  ],
  "perspectives": [
    {
      "perspective": "Governmental policy perspective",
      "description": "Frames the tax adjustment as a reasoned response to stakeholder input, aimed at equitable taxation while addressing loopholes, albeit with concessions due to public pressure."
    },
    {
      "perspective": "Agricultural advocacy perspective",
      "description": "Critiques the policy as insufficiently protective of rural economies, with groups like CLA seeking abolition and NFU pushing for incremental reforms despite temporary relief."
    }
  ],
  "image_url": "/article_images/article_77681d4fdb63f032_bb44f3e9e2e9.webp"
}