{
  "title": "Vape Fires Persist Post-Ban: Waste Industry Concerns",
  "summary": "Six months after the UK banned disposable vapes, a major waste firm, Suez, reports that incorrectly discarded vapes continue to cause frequent fires in rubbish trucks and waste facilities. With over 300 fires recorded this year—more than one daily—these incidents endanger workers and result in millions of pounds in damages. Vapes contain lithium batteries that ignite when crushed during waste processing. Although the ban aimed to reduce sales to children and litter, Suez notes that vapes are still commonly dumped in streets, bins, and recycling centers. The Independent British Vape Trade Association acknowledges a sales decline but emphasizes the need for consumer education on proper disposal. Additionally, reusable vapes are often treated as disposable, and illegal sales of single-use vapes persist. Suez advocates for a producer-funded nationwide recycling scheme to address fire risks and environmental harm, highlighting the ban's limitations as a temporary fix.",
  "keywords": [
    {
      "term": "lithium batteries",
      "explanation": "high-energy batteries used in vapes that can combust under pressure, posing fire hazards"
    },
    {
      "term": "disposable vapes",
      "explanation": "single-use electronic cigarettes designed to be discarded after use, now banned in the UK"
    },
    {
      "term": "reusable vapes",
      "explanation": "vapes with rechargeable batteries and refillable tanks, still legal but often misused"
    },
    {
      "term": "waste management",
      "explanation": "the process of handling and disposing of trash, including recycling and safety measures"
    },
    {
      "term": "consumer education",
      "explanation": "efforts to inform people about correct practices, such as safe vape disposal"
    },
    {
      "term": "environmental damage",
      "explanation": "harm to nature caused by pollution or improper waste handling"
    },
    {
      "term": "illegal sales",
      "explanation": "selling products against the law, like banned vapes, leading to fines or penalties"
    },
    {
      "term": "recycling scheme",
      "explanation": "a planned system for collecting and processing recyclable materials to reduce waste"
    }
  ],
  "questions": [
    {
      "question": "What type of batteries in vapes cause fires when crushed?",
      "options": [
        "Alkaline batteries",
        "Lithium batteries",
        "Nickel batteries",
        "Zinc batteries"
      ],
      "correct_answer": "Lithium batteries"
    },
    {
      "question": "How many fires has Suez reported this year related to vapes?",
      "options": [
        "200",
        "339",
        "400",
        "150"
      ],
      "correct_answer": "339"
    },
    {
      "question": "What was the main goal of the disposable vape ban in the UK?",
      "options": [
        "To increase vape sales",
        "To curb sales to children and reduce litter",
        "To make vapes more expensive",
        "To stop all vape use"
      ],
      "correct_answer": "To curb sales to children and reduce litter"
    },
    {
      "question": "What do waste companies suggest to reduce fire risks from vapes?",
      "options": [
        "Ban all vapes",
        "A nationwide recycling scheme paid by producers",
        "Ignore the problem",
        "Use more trucks"
      ],
      "correct_answer": "A nationwide recycling scheme paid by producers"
    },
    {
      "question": "Why are reusable vapes contributing to the waste problem?",
      "options": [
        "They are always safe",
        "People treat them as disposable and bin them early",
        "They don't have batteries",
        "They are illegal"
      ],
      "correct_answer": "People treat them as disposable and bin them early"
    },
    {
      "question": "What penalty can retailers face for selling illegal vapes?",
      "options": [
        "A warning",
        "£10,000 fines and prison sentences",
        "No penalty",
        "A small fee"
      ],
      "correct_answer": "£10,000 fines and prison sentences"
    },
    {
      "question": "What does the IBVTA emphasize as a solution besides the ban?",
      "options": [
        "More vape sales",
        "Greater consumer education",
        "Stopping recycling",
        "Building more waste sites"
      ],
      "correct_answer": "Greater consumer education"
    },
    {
      "question": "How has vape sales changed since the ban according to the article?",
      "options": [
        "Increased dramatically",
        "Halved for disposables",
        "Stayed the same",
        "Stopped completely"
      ],
      "correct_answer": "Halved for disposables"
    }
  ],
  "background_read": [
    "Vapes, or electronic cigarettes, have become popular but pose environmental and safety challenges due to their lithium batteries. In the UK, disposable vapes were banned in June to address youth access and littering. However, improper disposal remains a critical issue, as crushed batteries in waste streams can ignite, causing fires that threaten workers and infrastructure. The waste industry, represented by firms like Suez and Biffa, highlights ongoing problems despite the ban, including misuse of reusable vapes and illegal sales. This context underscores the need for integrated solutions, such as enhanced recycling programs and public awareness, to mitigate risks associated with vape waste in modern waste management systems."
  ],
  "Article_Structure": [
    "This article analyzes the persistent issue of vape-related fires in UK waste systems post-ban. Main Points: Vapes cause frequent fires due to lithium batteries, with over 300 incidents reported; the ban on disposables has reduced sales but not eliminated improper disposal. Purpose: To inform about ongoing safety and environmental risks, advocating for better waste management solutions. Evidence Evaluation: Relies on data from Suez and IBVTA, providing specific fire counts and sales figures, though it lacks independent verification. Author Credibility: BBC Business is a reputable source, but the article cites industry stakeholders who may have biases. Methodology: Uses reports from waste firms and trade associations, along with government announcements, offering a factual but limited perspective on the problem."
  ],
  "perspectives": [
    {
      "perspective": "Waste industry",
      "description": "Views the ban as insufficient and calls for producer responsibility and better recycling to prevent fires and damage."
    },
    {
      "perspective": "Vape trade association",
      "description": "Acknowledges sales drops but focuses on educating consumers to improve disposal practices rather than stricter regulations."
    },
    {
      "perspective": "Government",
      "description": "Implemented the ban and crackdowns on illegal sales, aiming to reduce litter and protect public health, but faces enforcement challenges."
    }
  ],
  "image_url": "/article_images/article_3b5f8e833828357d_e8efa780b746.webp"
}