{
  "title": "Political Crisis: Anger Over Mandelson Hire Threatens Starmer's Leadership",
  "summary": "This BBC News article examines a growing political crisis for UK Prime Minister Sir Keir Starmer, stemming from his decision to hire Peter Mandelson. While MPs express shock and anger at Mandelson's behavior, their fury extends to Starmer for initially appointing him, viewing it as a significant error that exacerbates existing discontent. The article reveals that this incident acts as a proxy for months of simmering unhappiness within the government, spreading beyond usual critics. Interviews with MPs, ministers, and party backers indicate a rising consensus that Starmer's authority is damaged, with many doubting he will remain prime minister until 2027. Some voices argue for sticking it out, but senior figures warn of chaos if he stays, highlighting a pattern of slow decision-making in Starmer's government. The prime minister now acknowledges the hiring was wrong, but the delayed response has fueled frustration, making his leadership appear increasingly untenable amid broader governance issues.",
  "keywords": [
    {
      "term": "political crisis",
      "explanation": "a serious problem that threatens the stability of a government"
    },
    {
      "term": "authority",
      "explanation": "the power or right to give orders and make decisions"
    },
    {
      "term": "consensus",
      "explanation": "general agreement among a group of people"
    },
    {
      "term": "governance",
      "explanation": "the way a country or organization is managed and controlled"
    },
    {
      "term": "proxy",
      "explanation": "something that represents or stands for another issue"
    },
    {
      "term": "simmering unhappiness",
      "explanation": "long-standing discontent that is building up slowly"
    },
    {
      "term": "tenable",
      "explanation": "able to be defended or maintained"
    },
    {
      "term": "delayed response",
      "explanation": "acting too slowly after an event occurs"
    }
  ],
  "questions": [
    {
      "question": "What is the main cause of the political crisis described in the article?",
      "options": [
        "A new law passed by Starmer",
        "The hiring of Peter Mandelson",
        "Economic problems in the UK",
        "A sports analogy"
      ],
      "correct_answer": "The hiring of Peter Mandelson"
    },
    {
      "question": "How does the article describe the anger towards Starmer?",
      "options": [
        "As isolated to Mandelson",
        "As a proxy for broader unhappiness",
        "As only from usual critics",
        "As quickly resolved"
      ],
      "correct_answer": "As a proxy for broader unhappiness"
    },
    {
      "question": "What do many MPs and ministers doubt about Starmer?",
      "options": [
        "His ability to hire staff",
        "His chance of remaining prime minister until 2027",
        "His popularity with voters",
        "His decision to sack Mandelson"
      ],
      "correct_answer": "His chance of remaining prime minister until 2027"
    },
    {
      "question": "What pattern is mentioned in Starmer's government?",
      "options": [
        "Fast decision-making",
        "Slow response to issues",
        "High public approval",
        "Frequent hiring changes"
      ],
      "correct_answer": "Slow response to issues"
    },
    {
      "question": "What is the 'dangerous consensus' that has emerged?",
      "options": [
        "That Mandelson should be rehired",
        "That Starmer is on the way out",
        "That the UK should change parties",
        "That MPs are happy with the government"
      ],
      "correct_answer": "That Starmer is on the way out"
    },
    {
      "question": "Why did Starmer sack Mandelson?",
      "options": [
        "Due to immediate pressure",
        "After information emerged gradually",
        "Because of public praise",
        "To hire someone new"
      ],
      "correct_answer": "After information emerged gradually"
    },
    {
      "question": "What does the article suggest about Starmer's authority?",
      "options": [
        "It is strengthened",
        "It is damaged and may not survive",
        "It is unchanged",
        "It is supported by all"
      ],
      "correct_answer": "It is damaged and may not survive"
    },
    {
      "question": "How is the anger described as spreading?",
      "options": [
        "Only within the Labour Party",
        "Far beyond usual critics",
        "Just among ministers",
        "To international leaders"
      ],
      "correct_answer": "Far beyond usual critics"
    }
  ],
  "background_read": [
    "In UK politics, the prime minister leads the government and is often held accountable for appointments and decisions. The Labour Party, currently in power, faces internal strife when key figures like Peter Mandelson—a controversial former minister—are involved in scandals. Political crises can arise from hiring missteps, especially if they symbolize broader governance failures. MPs and ministers may express discontent through leaks and interviews, as seen here, reflecting power struggles. Understanding terms like 'authority' and 'consensus' helps analyze leadership stability. This context shows how a single event can trigger wider doubts about a leader's future, influenced by historical patterns of slow decision-making in Starmer's administration."
  ],
  "Article_Structure": [
    "This article analyzes a political crisis for Prime Minister Sir Keir Starmer, focusing on main points like anger over hiring Peter Mandelson as a proxy for broader government discontent. The purpose is to report on internal Labour Party strife and leadership threats. Evidence evaluation includes quotes from MPs and ministers, showing credible insider perspectives but potential bias from anonymous sources. Author credibility is implied through BBC News reporting, though specific expertise isn't detailed. Methodology involves interviews with political figures, providing firsthand accounts but limited statistical data. Overall, it highlights Starmer's damaged authority and slow response patterns, making a compelling case for his precarious position."
  ],
  "perspectives": [
    {
      "perspective": "Critical MPs",
      "description": "They view Starmer's hiring of Mandelson as a major error that reflects poor judgment and exacerbates long-standing governance issues, leading to calls for his departure."
    }
  ],
  "image_url": "/article_images/article_ac2b2157f31d9f27_fb2ed9393590.webp"
}