{
  "title": "Deconstructing Celebrity Identity: Timothée Chalamet's Strategic Collaboration with EsDeeKid to Counter Alter-Ego Allegations",
  "summary": "In a calculated move to address pervasive rumors, Timothée Chalamet, the acclaimed Oscar-nominated actor, collaborated with anonymous drill rapper EsDeeKid to produce a video that explicitly debunks speculation of their shared identity. The conjecture originated from fan observations of ocular similarities, as EsDeeKid's signature mask reveals only his eyes, prompting media inquiries to which Chalamet responded ambiguously with 'No comment.' The subsequent release of a music video, filmed at Andover Minimarket Off Licence in north London, features Chalamet rapping on a remix of EsDeeKid's hit '4Raws,' wherein he initially mimics the rapper's masked aesthetic before unveiling his face and delivering self-referential lyrics. This performance not only quashes the alter-ego theories but also integrates promotional elements for Chalamet's forthcoming film, 'Marty Supreme,' demonstrating a nuanced marketing approach. The video garnered viral traction, with endorsements from figures like Central Cee and Tinie Tempah, amplifying its reach. Critically, the article underscores the implausibility of the rumors by noting discrepancies such as EsDeeKid's Liverpudlian accent, which Chalamet could not feasibly replicate. Through this incident, the narrative explores broader themes of celebrity persona management, the interplay between anonymity and fame in digital culture, and the strategic use of multimedia collaborations in contemporary entertainment industries.",
  "keywords": [
    {
      "term": "pervasive",
      "explanation": "spreading widely throughout an area or group"
    },
    {
      "term": "ocular",
      "explanation": "related to the eyes or vision"
    },
    {
      "term": "ambiguously",
      "explanation": "in a way that is unclear or open to multiple interpretations"
    },
    {
      "term": "aesthetic",
      "explanation": "the visual style or appearance of something"
    },
    {
      "term": "self-referential",
      "explanation": "referring to oneself or one's own work"
    },
    {
      "term": "implausibility",
      "explanation": "the quality of being unlikely or not believable"
    },
    {
      "term": "persona management",
      "explanation": "the strategic control of one's public image and identity"
    },
    {
      "term": "multimedia",
      "explanation": "using multiple forms of media, such as video and music, together"
    }
  ],
  "questions": [
    {
      "question": "What specific fan observation initiated the rumors about Chalamet and EsDeeKid?",
      "options": [
        "Their similar hairstyles",
        "Their ocular similarities",
        "Their shared musical genre",
        "Their collaborative history"
      ],
      "correct_answer": "Their ocular similarities"
    },
    {
      "question": "How did Chalamet's initial response to media queries contribute to the speculation?",
      "options": [
        "By confirming the rumors",
        "By providing clear denial",
        "By using ambiguous language",
        "By avoiding all interviews"
      ],
      "correct_answer": "By using ambiguous language"
    },
    {
      "question": "What strategic element did the video incorporate to promote Chalamet's film?",
      "options": [
        "Direct advertisements",
        "Shout-outs to 'Marty Supreme'",
        "Endorsements from critics",
        "Behind-the-scenes footage"
      ],
      "correct_answer": "Shout-outs to 'Marty Supreme'"
    },
    {
      "question": "Which factor does the article cite as evidence against the alter-ego theory?",
      "options": [
        "Chalamet's acting skills",
        "EsDeeKid's Liverpudlian accent",
        "Their different nationalities",
        "The video's production quality"
      ],
      "correct_answer": "EsDeeKid's Liverpudlian accent"
    },
    {
      "question": "How did the video achieve viral status?",
      "options": [
        "Through paid promotions",
        "Via endorsements from other artists on social media",
        "By being featured in news articles only",
        "Through fan petitions"
      ],
      "correct_answer": "Via endorsements from other artists on social media"
    },
    {
      "question": "What broader theme does this incident illustrate regarding celebrity culture?",
      "options": [
        "The decline of traditional media",
        "The importance of persona management in the digital age",
        "The irrelevance of rumors",
        "The focus on musical talent over acting"
      ],
      "correct_answer": "The importance of persona management in the digital age"
    },
    {
      "question": "What methodological approach does the article use to present the story?",
      "options": [
        "Experimental research",
        "Chronological narrative with source citations",
        "Theoretical analysis only",
        "Personal anecdotes"
      ],
      "correct_answer": "Chronological narrative with source citations"
    },
    {
      "question": "How does the article assess the credibility of the rumors?",
      "options": [
        "As highly probable",
        "As entirely fabricated",
        "As plausible but unlikely",
        "As confirmed by insiders"
      ],
      "correct_answer": "As plausible but unlikely"
    },
    {
      "question": "What role did BBC Radio One's Greg James play in the narrative?",
      "options": [
        "He started the rumors",
        "He interviewed Chalamet and updated social media",
        "He produced the video",
        "He denied any connection"
      ],
      "correct_answer": "He interviewed Chalamet and updated social media"
    },
    {
      "question": "What critical limitation might exist in the article's analysis of the event?",
      "options": [
        "Overreliance on fan theories",
        "Lack of direct quotes from EsDeeKid",
        "Ignoring marketing strategies",
        "Focusing only on visual evidence"
      ],
      "correct_answer": "Lack of direct quotes from EsDeeKid"
    }
  ],
  "background_read": [
    "Timothée Chalamet has emerged as a leading figure in contemporary cinema, with an Oscar nomination underscoring his critical acclaim, while EsDeeKid represents a trend in music where artists use anonymity to cultivate mystique and engage audiences. This article situates within the context of digital celebrity culture, where rumors can rapidly proliferate via social media platforms, necessitating strategic responses from public figures. The collaboration exemplifies how entertainment industries blend art and commerce, using multimedia projects to address public discourse and drive promotional campaigns. Analyzing such events requires understanding of media literacy, including evaluating source credibility, narrative construction, and the economic motivations behind celebrity actions. This background aids in critically assessing the interplay between identity, fame, and media in modern society."
  ],
  "Article_Structure": [
    "Main Points: The article analyzes how Timothée Chalamet's video with EsDeeKid serves to debunk alter-ego rumors while functioning as a marketing tool for his film, exploring themes of celebrity identity and digital culture. Purpose: To provide an in-depth report on a celebrity news event, examining its implications for media strategies and public perception. Evidence Evaluation: Sources include the video, social media reactions, and interviews, offering direct but informal evidence; critical assessment notes the lack of EsDeeKid's direct input, potentially limiting perspective. Author Credibility: BBC Entertainment provides factual reporting with some analytical depth, though it may prioritize entertainment value over rigorous investigation. Methodology: Employs a chronological narrative based on publicly available materials, such as video releases and social media posts, without primary research. Critical Assessment: Strengths include clear sourcing and engagement with viral dynamics; limitations involve reliance on secondary accounts and minimal critique of the marketing motives."
  ],
  "perspectives": [
    {
      "perspective": "Cultural Analysis",
      "description": "This incident reflects broader societal fascinations with celebrity duality and the strategic manipulation of digital platforms for image control and commercial gain."
    }
  ],
  "image_url": "/article_images/article_7dc38a95a2e514fe_acac327e1491.webp"
}