{
  "title": "Economic Pressures and Sectoral Resilience in UK Grassroots Music Venues",
  "summary": "Grassroots music venues in the United Kingdom function as essential incubators for emerging musical talent, having fostered the early careers of notable artists such as Ed Sheeran and Olivia Dean. Nevertheless, the sector confronts severe economic challenges, with 53% of venues reporting no profit in the previous year, precipitating the closure of 30 venues in 2025, including culturally significant sites like Liverpool's Zanzibar and Leicester's The Shed, and resulting in the loss of 6,000 jobs, equivalent to nearly 20% of the workforce. Contradictorily, attendance figures demonstrated resilience, rising by 13% to 21 million patrons, while the rate of venue decline decelerated to 1.2%, the lowest since 2018, suggesting a tentative recovery in the post-pandemic landscape. Financial strains are exacerbated by a £15 million increase in National Insurance contributions, compressing average profit margins to a critically low 2.5%, with many owners acknowledging that reported profits often exclude personal remuneration, masking deeper fiscal distress. The cost of living crisis further constrains disposable income for cultural expenditures, as arena concerts absorb a significant portion of music fans' budgets. Despite these adversities, the sector maintains a presence of 801 venues, buoyed by new openings and reactivations, indicating a complex interplay of decline and adaptation. This analysis underscores the precarious balance between artistic cultivation and economic viability within the grassroots music ecosystem.",
  "keywords": [
    {
      "term": "incubators",
      "explanation": "environments that nurture and develop nascent artistic talent"
    },
    {
      "term": "economic challenges",
      "explanation": "financial difficulties arising from market conditions and policy changes"
    },
    {
      "term": "profit margins",
      "explanation": "the ratio of net profit to revenue, indicating financial health"
    },
    {
      "term": "National Insurance contributions",
      "explanation": "mandatory payroll taxes in the UK affecting employer costs"
    },
    {
      "term": "cost of living crisis",
      "explanation": "an economic situation characterized by rising inflation and stagnant wages"
    },
    {
      "term": "sectoral resilience",
      "explanation": "the capacity of an industry to withstand and recover from shocks"
    },
    {
      "term": "fiscal distress",
      "explanation": "financial hardship often leading to insolvency or restructuring"
    },
    {
      "term": "cultural expenditures",
      "explanation": "spending on arts and entertainment within household budgets"
    },
    {
      "term": "post-pandemic landscape",
      "explanation": "the economic and social context following the COVID-19 crisis"
    },
    {
      "term": "artistic cultivation",
      "explanation": "the process of supporting and developing creative talents"
    }
  ],
  "questions": [
    {
      "question": "What is the primary function of grassroots music venues in the UK cultural sector?",
      "options": [
        "To incubate emerging musical talent",
        "To generate maximum profit for investors",
        "To replace arena concerts",
        "To focus solely on established artists"
      ],
      "correct_answer": "To incubate emerging musical talent"
    },
    {
      "question": "What percentage of grassroots venues failed to achieve profitability in the reported year?",
      "options": [
        "53%",
        "47%",
        "30%",
        "20%"
      ],
      "correct_answer": "53%"
    },
    {
      "question": "How many jobs were lost in the grassroots music venue sector in 2025?",
      "options": [
        "6,000",
        "801",
        "21 million",
        "30"
      ],
      "correct_answer": "6,000"
    },
    {
      "question": "What factor contributed to a £15 million increase in sectoral wage costs?",
      "options": [
        "Rise in National Insurance payments",
        "Decrease in ticket sales",
        "Government subsidies",
        "Volunteer labor"
      ],
      "correct_answer": "Rise in National Insurance payments"
    },
    {
      "question": "What was the average profit margin for grassroots venues as described in the article?",
      "options": [
        "2.5%",
        "5%",
        "10%",
        "1.2%"
      ],
      "correct_answer": "2.5%"
    },
    {
      "question": "Why might reported venue profits be misleading according to the analysis?",
      "options": [
        "Owners often do not pay themselves",
        "Attendance figures are inflated",
        "Costs are underreported",
        "Government grants are excluded"
      ],
      "correct_answer": "Owners often do not pay themselves"
    },
    {
      "question": "What trend in venue decline was observed in 2025?",
      "options": [
        "Slowed to 1.2%, the lowest since 2018",
        "Accelerated to 10%",
        "Remained constant",
        "Reversed to growth"
      ],
      "correct_answer": "Slowed to 1.2%, the lowest since 2018"
    },
    {
      "question": "How did attendance at grassroots gigs change in 2025?",
      "options": [
        "Increased by 13% to 21 million",
        "Decreased by 13%",
        "Stayed at 20 million",
        "Doubled to 40 million"
      ],
      "correct_answer": "Increased by 13% to 21 million"
    },
    {
      "question": "What external economic factor is cited as reducing fans' spending on grassroots tickets?",
      "options": [
        "Cost of living crisis",
        "Increase in venue profits",
        "Decline in music quality",
        "Growth of digital streaming"
      ],
      "correct_answer": "Cost of living crisis"
    },
    {
      "question": "What is the total number of grassroots music venues reported for 2025?",
      "options": [
        "801",
        "810",
        "30",
        "6,000"
      ],
      "correct_answer": "801"
    }
  ],
  "background_read": [
    "Grassroots music venues are small-scale, independent spaces pivotal to the UK's music industry, providing platforms for emerging artists and contributing to cultural diversity. The sector operates within a challenging economic framework, influenced by factors such as National Insurance reforms and inflationary pressures from the cost of living crisis. This article draws on data from the Music Venue Trust to analyze profitability, attendance trends, and closure rates, offering insights into the sector's resilience amid financial headwinds and its role in sustaining live music ecosystems post-COVID-19."
  ],
  "Article_Structure": [
    "Main Points: Grassroots venues are critical for artist development but face profitability crises, with over half unprofitable and closures causing significant job losses, yet attendance growth and slowed decline indicate sectoral resilience. Purpose: To examine the economic pressures on UK grassroots music venues and assess their adaptive capacity in a post-pandemic context. Evidence Evaluation: Utilizes quantitative data from MVT reports, such as profit margins and closure rates, supplemented by qualitative insights from venue owners, though limited to sector-specific sources. Author Credibility: BBC reporting ensures journalistic standards, with expert commentary from MVT CEO enhancing reliability. Methodology: Relies on annual sector surveys and interviews, providing a mixed-methods approach to capture financial and operational dynamics. Critical Assessment: Strengths include comprehensive data on sector performance, but limitations involve potential bias from advocacy groups and lack of broader economic context."
  ],
  "perspectives": [
    {
      "perspective": "Economic analysts",
      "description": "Focus on profit margins and external cost pressures, questioning long-term viability without structural support."
    }
  ],
  "image_url": "/article_images/article_1cce31bbe28025dc_0603631877b6.webp"
}