{
  "title": "British Museum Saves Tudor Pendant with Public Support",
  "summary": "The British Museum has successfully raised £3.5 million to acquire and permanently display the Tudor Heart, a gold pendant connected to King Henry VIII's marriage to Katherine of Aragon. Discovered by a metal detectorist in a Warwickshire field in 2019, the pendant was reported under the Treasure Act 1996, allowing museums to acquire such finds. Research suggests it may have been crafted to commemorate the betrothal of Princess Mary to the French heir in 1518, featuring symbols like the Tudor rose and Katherine's pomegranate with an inscription meaning 'always'. To secure it, the museum paid rewards to the finder and landowner. Fundraising efforts included over 45,000 public donations totaling £360,000, alongside major contributions from organizations like The National Heritage Memorial Fund (£1.75 million), Art Fund, and others. Museum director Nicholas Cullinan emphasized the pendant's uniqueness and historical significance, noting the scarcity of artifacts from Henry VIII's marriage to Katherine. This campaign highlights public engagement in preserving cultural heritage.",
  "keywords": [
    {
      "term": "Treasure Act 1996",
      "explanation": "a UK law that allows museums to acquire valuable historical objects found by the public"
    },
    {
      "term": "betrothal",
      "explanation": "an old-fashioned word for an agreement to marry, like an engagement"
    },
    {
      "term": "Tudor rose",
      "explanation": "a symbol of the Tudor family, combining red and white roses from English history"
    },
    {
      "term": "pomegranate symbol",
      "explanation": "a symbol associated with Katherine of Aragon, representing fertility and her Spanish heritage"
    },
    {
      "term": "fundraising appeal",
      "explanation": "a request for money to support a cause, like saving an artifact"
    },
    {
      "term": "cultural heritage",
      "explanation": "the traditions, objects, and history that are important to a society"
    },
    {
      "term": "metal detectorist",
      "explanation": "an individual who uses a metal detector to search for historical or valuable items"
    },
    {
      "term": "public donations",
      "explanation": "money given by ordinary people to help fund a project or cause"
    }
  ],
  "questions": [
    {
      "question": "What law allowed the British Museum to acquire the Tudor Heart pendant?",
      "options": [
        "Treasure Act 1996",
        "Historic Preservation Act",
        "Museum Acquisition Law",
        "Cultural Heritage Act"
      ],
      "correct_answer": "Treasure Act 1996"
    },
    {
      "question": "What event might the pendant have been made to celebrate?",
      "options": [
        "The betrothal of Princess Mary to the French heir",
        "The coronation of Henry VIII",
        "The birth of a royal child",
        "A peace treaty"
      ],
      "correct_answer": "The betrothal of Princess Mary to the French heir"
    },
    {
      "question": "Which symbol on the pendant represents Katherine of Aragon?",
      "options": [
        "Pomegranate",
        "Tudor rose",
        "Crown",
        "Heart"
      ],
      "correct_answer": "Pomegranate"
    },
    {
      "question": "How much did The National Heritage Memorial Fund contribute to the fundraising?",
      "options": [
        "£1.75 million",
        "£360,000",
        "£3.5 million",
        "£500,000"
      ],
      "correct_answer": "£1.75 million"
    },
    {
      "question": "What did the museum have to pay to acquire the pendant?",
      "options": [
        "Rewards to the metal detectorist and landowner",
        "A tax to the government",
        "Fees to other museums",
        "Nothing"
      ],
      "correct_answer": "Rewards to the metal detectorist and landowner"
    },
    {
      "question": "Who is Nicholas Cullinan?",
      "options": [
        "Museum director of the British Museum",
        "The metal detectorist who found the pendant",
        "A historian researching the pendant",
        "A donor from Art Fund"
      ],
      "correct_answer": "Museum director of the British Museum"
    },
    {
      "question": "Why is the pendant considered historically significant?",
      "options": [
        "Few artifacts from Henry VIII's marriage to Katherine survive",
        "It is made of pure gold",
        "It was found in a famous battlefield",
        "It has magical powers"
      ],
      "correct_answer": "Few artifacts from Henry VIII's marriage to Katherine survive"
    },
    {
      "question": "What percentage of the £3.5 million goal came from public donations?",
      "options": [
        "Just over 10%",
        "50%",
        "75%",
        "Less than 5%"
      ],
      "correct_answer": "Just over 10%"
    }
  ],
  "background_read": [
    "The Tudor period in England (1485-1603) was marked by the reign of the Tudor dynasty, including Henry VIII, known for his six marriages and the English Reformation. Katherine of Aragon, his first wife, was a Spanish princess whose marriage ended in annulment, leading to significant religious and political changes. The Treasure Act 1996 is legislation in England that ensures important archaeological finds are reported and can be acquired by museums for public benefit. Fundraising for cultural heritage often involves public campaigns and grants from organizations dedicated to preserving history, such as The National Heritage Memorial Fund and Art Fund. Understanding these contexts helps appreciate the pendant's value and the efforts to save it."
  ],
  "Article_Structure": [
    "The article details the British Museum's successful £3.5 million fundraising to acquire the Tudor Heart pendant, linked to Henry VIII and Katherine of Aragon. Main points include the pendant's discovery via metal detecting, its historical significance as a rare artifact from their marriage, and the fundraising efforts involving public donations and grants. Purpose is to inform about preserving cultural heritage and public engagement. Evidence is solid, with specific facts like donation amounts and legal frameworks, though it relies on museum statements. Author credibility is implied through BBC sourcing, but direct expertise isn't detailed. Methodology involves reporting on museum announcements and interviews, providing a factual account."
  ],
  "perspectives": [
    {
      "perspective": "Public engagement in heritage",
      "description": "The campaign shows how ordinary people can contribute to saving historical artifacts, emphasizing community involvement in cultural preservation."
    }
  ],
  "image_url": "/article_images/article_ec3ebf1646c0d844_1cc4d1cc8efb.webp"
}