{
  "title": "Geopolitical Implications of a Suspected Chinese Cyber Attack on UK Government Data",
  "summary": "The UK government has confirmed a cyber attack resulting in the theft of data from systems operated by the Foreign Office on behalf of the Home Office, with Trade Minister Chris Bryant indicating a low risk to individuals despite the breach. While formal attribution is withheld, suspicions point to a Chinese-affiliated group, potentially involving state actors, amid escalating warnings from UK intelligence agencies about Chinese espionage targeting political and commercial intelligence. The incident, possibly occurring in October and targeting visa details, has been referred to the Information Commissioner's Office for regulatory scrutiny. This event occurs within a broader context of GCHQ allocating enhanced resources to counter Chinese cyber threats, reflecting strategic priorities in national security. The confirmation of state involvement could strain diplomatic relations, particularly with a scheduled visit to Beijing by Prime Minister Sir Keir Starmer, highlighting tensions between engagement on global issues like trade and climate change and the imperative of safeguarding national security. The article underscores the complexities of cyber diplomacy, where incidents like this necessitate careful balancing of cooperative international efforts with assertive responses to malicious activities, while also examining the methodological challenges in attributing cyber attacks and assessing their full impact on governmental operations and public trust.",
  "keywords": [
    {
      "term": "attribution",
      "explanation": "the complex process of identifying perpetrators in cyber attacks, often involving technical and political factors"
    },
    {
      "term": "state-sponsored espionage",
      "explanation": "cyber activities conducted by or on behalf of a government to gather intelligence, often for strategic advantage"
    },
    {
      "term": "cyber diplomacy",
      "explanation": "the use of diplomatic tools to manage international relations in cyberspace, including responses to attacks"
    },
    {
      "term": "regulatory scrutiny",
      "explanation": "examination by authorities like the Information Commissioner's Office to ensure compliance with data protection laws"
    },
    {
      "term": "methodological challenges",
      "explanation": "difficulties in gathering and verifying information in cyber incidents, such as limited transparency or forensic evidence"
    },
    {
      "term": "geopolitical implications",
      "explanation": "the effects on international power dynamics and relations resulting from events like cyber attacks"
    },
    {
      "term": "public trust",
      "explanation": "confidence in government institutions, which can be eroded by data breaches and security failures"
    },
    {
      "term": "strategic priorities",
      "explanation": "key focus areas for national security, as seen in GCHQ's resource allocation against Chinese threats"
    }
  ],
  "questions": [
    {
      "question": "What broader trend in Chinese activities does this incident relate to, according to UK intelligence?",
      "options": [
        "Increasing large-scale espionage",
        "Decreasing cyber threats",
        "Enhanced trade cooperation",
        "Reduced political targeting"
      ],
      "correct_answer": "Increasing large-scale espionage"
    },
    {
      "question": "How does GCHQ's response to Chinese cyber threats reflect strategic priorities?",
      "options": [
        "By devoting more resources than to any other nation",
        "By ignoring the threats",
        "By collaborating exclusively with China",
        "By reducing cybersecurity funding"
      ],
      "correct_answer": "By devoting more resources than to any other nation"
    },
    {
      "question": "What methodological issue is highlighted in attributing this cyber attack?",
      "options": [
        "Lack of formal confirmation and reliance on suspicions",
        "Overwhelming evidence from Chinese operatives",
        "Clear admission by the Chinese state",
        "Complete transparency in government reports"
      ],
      "correct_answer": "Lack of formal confirmation and reliance on suspicions"
    },
    {
      "question": "How might this incident affect UK-China diplomatic relations?",
      "options": [
        "By creating tension ahead of a planned prime ministerial visit",
        "By strengthening trade agreements",
        "By leading to immediate sanctions",
        "By resulting in a formal apology from China"
      ],
      "correct_answer": "By creating tension ahead of a planned prime ministerial visit"
    },
    {
      "question": "What role does the Information Commissioner's Office play in this context?",
      "options": [
        "Conducting regulatory scrutiny for data protection compliance",
        "Leading the cyber attack investigation",
        "Planning diplomatic visits",
        "Allocating GCHQ resources"
      ],
      "correct_answer": "Conducting regulatory scrutiny for data protection compliance"
    },
    {
      "question": "Why is the risk assessment to individuals considered low by officials?",
      "options": [
        "Due to quick closure of the security gap and ongoing investigations",
        "Because no data was stolen",
        "Because the hack was minor",
        "Because individuals were notified immediately"
      ],
      "correct_answer": "Due to quick closure of the security gap and ongoing investigations"
    },
    {
      "question": "What does the article suggest about the balance between engagement and security with China?",
      "options": [
        "It highlights the necessity of trade and climate cooperation despite security risks",
        "It advocates for complete isolation from China",
        "It prioritizes security over all diplomatic efforts",
        "It ignores the issue of cyber attacks"
      ],
      "correct_answer": "It highlights the necessity of trade and climate cooperation despite security risks"
    },
    {
      "question": "What potential impact could this hack have on public trust in government?",
      "options": [
        "Erosion due to data breaches and security concerns",
        "Increase due to transparent handling",
        "No effect as it is a low-risk incident",
        "Strengthening through improved cybersecurity measures"
      ],
      "correct_answer": "Erosion due to data breaches and security concerns"
    },
    {
      "question": "How does the article characterize the evidence for Chinese involvement?",
      "options": [
        "Based on suspicions and indirect reports, not formal attribution",
        "Conclusively proven by government statements",
        "Denied by all officials",
        "Supported by direct admissions from China"
      ],
      "correct_answer": "Based on suspicions and indirect reports, not formal attribution"
    },
    {
      "question": "What is the significance of the planned visit by Sir Keir Starmer in this context?",
      "options": [
        "It adds diplomatic complexity to the incident",
        "It is unrelated to the cyber attack",
        "It is canceled due to the hack",
        "It focuses solely on cybersecurity talks"
      ],
      "correct_answer": "It adds diplomatic complexity to the incident"
    }
  ],
  "background_read": [
    "This article delves into a cyber attack on UK government data, examining its implications within the framework of international relations and cybersecurity. It discusses the suspected involvement of Chinese state-affiliated actors, aligning with broader intelligence assessments of escalating espionage. The incident raises questions about attribution challenges and the adequacy of governmental responses, including GCHQ's strategic focus on Chinese threats. Diplomatic ramifications are explored, particularly in light of upcoming high-level engagements, highlighting the delicate balance between cooperative global initiatives and national security imperatives. Methodological aspects, such as the reliance on official and media sources, are critiqued for their limitations in providing a comprehensive understanding of cyber incidents. This analysis contributes to ongoing debates about cyber governance, public trust, and the evolving nature of state conflict in the digital era."
  ],
  "Article_Structure": [
    "This in-depth analysis covers main points: data theft from UK government systems, suspected Chinese state involvement, and low individual risk. The purpose is to explore geopolitical and security implications. Evidence evaluation notes reliance on official statements and intelligence warnings, but criticizes lack of concrete attribution. Author credibility stems from BBC News' reputable journalism, though potential biases in sourcing are considered. Methodology involves synthesizing public reports and expert insights, offering a nuanced view but limited by information opacity. Critical assessment highlights strengths in contextualizing the incident within broader espionage trends, but weaknesses include speculative elements and insufficient detail on technical aspects or long-term impacts."
  ],
  "perspectives": [
    {
      "perspective": "Cybersecurity expert view",
      "description": "Focuses on technical vulnerabilities, attribution difficulties, and the need for enhanced defensive measures."
    },
    {
      "perspective": "Diplomatic analyst view",
      "description": "Examines how such incidents affect international relations, trade negotiations, and strategic dialogues."
    },
    {
      "perspective": "Public policy view",
      "description": "Considers implications for data protection regulations, public trust, and government accountability in cyber incidents."
    }
  ],
  "image_url": "/article_images/article_d513f29a83c1c777_0c9414a3f6dc.webp"
}