{
  "articles": [
    {
      "id": "4848eced00bb74e7",
      "title": "Euphoria Season 3: Character Updates and Production Challenges",
      "summary": "Sam Levinson, the creator of HBO's drama Euphoria, has revealed details about the upcoming third season, set to air in April next year after a hiatus of over four years. The show follows young adults navigating issues such as drug addiction, relationships, and crime, with a cast including Zendaya, Sydney Sweeney, and Jacob Elordi. New additions like Rosalía and Trisha Paytas will join the storyline, which jumps five years forward to explore the characters' adult lives. Levinson shared that Rue is in Mexico dealing with debt, Cassie and Nate are engaged but struggling with social media envy, Jules is in art school, Maddy works in Hollywood, and Lexi assists a showrunner. However, production faced delays due to Hollywood strikes and the tragic death of actor Angus Cloud, who played Fezco, and it's unclear how his absence will impact the plot. Some cast members, like Barbie Ferreira, are not returning, adding to the changes for this season.",
      "source": "BBC Entertainment",
      "time_ago": "3 days ago",
      "image_url": "/article_images/article_4848eced00bb74e7_71ba8b0797c9.webp",
      "category": "Fun"
    },
    {
      "id": "991fa1782666189c",
      "title": "Engineering Defects to Boost Graphene's Capabilities",
      "summary": "Recent research demonstrates a novel method for enhancing graphene by intentionally incorporating structural defects, which could advance applications in sensors, batteries, and electronics. Scientists from the University of Nottingham, University of Warwick, and Diamond Light Source developed a single-step approach using Azupyrene, a molecule that mimics the desired defect pattern of 5- and 7-atom rings in graphene. Typically, defects degrade material performance, but here they improve graphene's 'stickiness' for better catalytic activity and gas detection in sensors, while also altering electronic and magnetic properties for semiconductor use. The team controlled defect concentration by adjusting temperature during growth and used advanced tools like microscopy and spectroscopy to verify atomic structures. International collaboration with institutions in Germany and Sweden enabled comprehensive analysis, showing that engineered defects remain intact when transferred to surfaces, facilitating integration into devices. This study highlights how strategic imperfections can unlock new functionalities in materials science.",
      "source": "Science Daily - Technology",
      "time_ago": "3 days ago",
      "image_url": "/article_images/article_991fa1782666189c_033027496619.webp",
      "category": "Fun"
    },
    {
      "id": "3fafd9c363f1cc31",
      "title": "Advancing Gravitational-Wave Detection with FROSTI Technology",
      "summary": "A recent breakthrough in optics, led by physicist Jonathan Richardson at the University of California, Riverside, introduces FROSTI (FROnt Surface Type Irradiator), a prototype designed to enhance the Laser Interferometer Gravitational-Wave Observatory (LIGO). LIGO detects gravitational waves—ripples in spacetime from events like black hole collisions—using laser interferometers with highly engineered mirrors. However, increasing laser power to improve sensitivity causes thermal distortions in the mirrors, which can obscure faint signals. FROSTI addresses this by using a precision thermal control system to reshape mirror surfaces under megawatt-level laser power, maintaining optical quality without adding noise. This innovation is crucial for future upgrades like LIGO A# and next-generation observatories such as Cosmic Explorer, potentially expanding the observable gravitational-wave universe tenfold. By enabling clearer detection of distant events, FROSTI could help astronomers study millions of black hole and neutron star mergers with greater detail, advancing our understanding of cosmology and extreme matter.",
      "source": "Science Daily - Technology",
      "time_ago": "3 days ago",
      "image_url": "/article_images/article_3fafd9c363f1cc31_ce3f26201950.webp",
      "category": "Fun"
    },
    {
      "id": "98cb469d9a6c6cd0",
      "title": "Eurovision's Critical Meeting on Israel's Participation",
      "summary": "The Eurovision Song Contest is at a pivotal moment as organizers and member countries gather in Geneva for a crucial meeting. The agenda centers on whether Israel should be allowed to continue participating, amid significant controversy. Several countries, including Ireland, Spain, the Netherlands, and Slovenia, have threatened to boycott the contest if Israel remains, citing objections to Israel's military actions in Gaza. Conversely, Germany has indicated it might withdraw if Israel is excluded, highlighting the divisive nature of the issue. Recent contests have seen protests, such as attempts to disrupt Israel's performance in Basel, where contestant Yuval Raphael placed second. Accusations have also emerged that Israel's government unfairly influenced voting through paid advertising campaigns, though Israel denies this and claims it faces a smear campaign. In response, the European Broadcasting Union (EBU) has introduced stricter voting rules, including reducing individual votes from 20 to 10 and enhancing fraud detection, to safeguard the contest's impartiality. The outcome of this meeting could reshape Eurovision's future, balancing artistic expression with geopolitical tensions.",
      "source": "BBC Entertainment",
      "time_ago": "3 days ago",
      "image_url": "/article_images/article_98cb469d9a6c6cd0_e6b1173b57f2.webp",
      "category": "Fun"
    },
    {
      "id": "bba036e170738bc4",
      "title": "Miley Cyrus Announces Engagement to Musician Maxx Morando",
      "summary": "Miley Cyrus, a three-time Grammy-winning pop star, has publicly confirmed her engagement to musician Maxx Morando, her partner of four years. The announcement was made during an interview on Good Morning America, where Cyrus revealed that Morando proposed during a recent trip to Asia, surprising her despite her tendency to control situations. She was seen wearing a gold and diamond engagement ring at the premiere of Avatar: Fire and Ash in Los Angeles. Cyrus, previously married to actor Liam Hemsworth from 2018 to 2019, met Morando on a blind date in 2023. Morando is a drummer for the LA-based band Liily, which performed on Cyrus's New Year's Eve show in 2022. In the interview, Cyrus expressed how Morando has supported her personal growth and emphasized the importance of having a supportive partner. Additionally, she discussed her latest song featured in the Avatar film and her decision to avoid touring due to challenges with maintaining sobriety and mental health on the road.",
      "source": "BBC Entertainment",
      "time_ago": "3 days ago",
      "image_url": "/article_images/article_bba036e170738bc4_5d21ad3844ce.webp",
      "category": "Fun"
    },
    {
      "id": "c43d79e1355233a3",
      "title": "Emerging Artists Compete for Brits Critics' Choice Award",
      "summary": "The Brits Critics' Choice Award nominees for 2026 have been announced, featuring Sienna Spiro, Jacob Alon, and Rose Gray as the selected up-and-coming artists. This award, previously known as Brits Rising Star, is designed to highlight promising talent in the music industry, chosen by a panel of industry experts. The winner will be revealed in January, ahead of the Brit Awards ceremony on February 28 in Manchester, marking the first time the event is held there. The award aims to boost the careers of new musicians, as seen with past winners like Adele and Sam Fender. Rose Gray, an east London artist, expressed excitement about the nomination, noting it will introduce her to a broader audience. She has already made an impact with her debut album 'Louder, Please' and performances with acts like Confidence Man and the Sugababes. Sienna Spiro shared her overwhelming reaction to the news, highlighting the emotional significance of such recognition. This award serves as a platform for emerging artists to gain visibility and advance their musical journeys in the competitive industry.",
      "source": "BBC Entertainment",
      "time_ago": "3 days ago",
      "image_url": "/article_images/article_c43d79e1355233a3_ea546ccd3af0.webp",
      "category": "Fun"
    }
  ]
}