{
  "title": "Judicial Interventions and Electoral Shifts: Analysis of Recent U.S. Headlines",
  "summary": "Federal District Judge Charles Breyer issued a ruling halting the Trump administration's deployment of National Guard troops in Los Angeles, invoking constitutional checks and balances to critique executive overreach. Simultaneously, Judge Richard Berman in New York reversed a prior decision, granting the Justice Department's request to unseal grand jury transcripts from the 2019 Jeffrey Epstein sex trafficking case, motivated by recent legislation mandating transparency. In Miami, the mayoral election of Eileen Higgins signifies a political realignment, as she becomes the first Democrat and woman mayor in nearly three decades, advocating for immigrant rights amidst a national crackdown. These developments underscore judicial oversight of executive actions, evolving legal standards in high-profile cases, and changing electoral dynamics in urban centers, reflecting broader societal tensions.",
  "keywords": [
    {
      "term": "judicial intervention",
      "explanation": "the action of courts in reviewing and potentially limiting other branches of government"
    },
    {
      "term": "constitutional checks",
      "explanation": "principles derived from the U.S. Constitution that distribute power among government branches to prevent tyranny"
    },
    {
      "term": "grand jury transparency",
      "explanation": "the disclosure of secret jury proceedings to promote accountability in legal cases"
    },
    {
      "term": "sex trafficking litigation",
      "explanation": "legal processes involving crimes of exploiting individuals for sexual purposes"
    },
    {
      "term": "electoral realignment",
      "explanation": "a shift in voting patterns or party dominance in elections over time"
    },
    {
      "term": "immigrant advocacy",
      "explanation": "efforts to support and protect the rights of immigrants within a society"
    },
    {
      "term": "executive overreach",
      "explanation": "instances where the executive branch exceeds its authorized powers"
    },
    {
      "term": "societal tensions",
      "explanation": "conflicts or stresses within a society arising from issues like politics, law, or demographics"
    }
  ],
  "questions": [
    {
      "question": "What constitutional principle did Judge Breyer cite in his ruling?",
      "options": [
        "Checks and balances",
        "Executive privilege",
        "States' rights",
        "Judicial review"
      ],
      "correct_answer": "Checks and balances"
    },
    {
      "question": "Why did Judge Berman unseal the Epstein transcripts?",
      "options": [
        "Due to new legislation",
        "Because of public outcry",
        "At the Justice Department's insistence",
        "For historical preservation"
      ],
      "correct_answer": "Due to new legislation"
    },
    {
      "question": "What does Eileen Higgins' election represent in Miami?",
      "options": [
        "A political realignment",
        "Economic decline",
        "Increased partisanship",
        "Stagnant governance"
      ],
      "correct_answer": "A political realignment"
    },
    {
      "question": "How did Higgins characterize Miami in her speech?",
      "options": [
        "As an immigrant city",
        "As a tourist destination",
        "As a tech hub",
        "As a historical landmark"
      ],
      "correct_answer": "As an immigrant city"
    },
    {
      "question": "What critique did Judge Breyer imply about the administration?",
      "options": [
        "Executive overreach",
        "Lack of funding",
        "Inefficiency",
        "Corruption"
      ],
      "correct_answer": "Executive overreach"
    },
    {
      "question": "What is the significance of the Epstein case transcripts being unsealed?",
      "options": [
        "Increased transparency in legal proceedings",
        "Reduced media attention",
        "Closed investigation",
        "Political favoritism"
      ],
      "correct_answer": "Increased transparency in legal proceedings"
    },
    {
      "question": "How long had it been since a Democrat last served as mayor of Miami?",
      "options": [
        "Nearly 30 years",
        "15 years",
        "5 years",
        "Over 50 years"
      ],
      "correct_answer": "Nearly 30 years"
    },
    {
      "question": "What broader issue did Higgins address in her comments?",
      "options": [
        "Immigration rhetoric",
        "Healthcare reform",
        "Climate change",
        "Education policy"
      ],
      "correct_answer": "Immigration rhetoric"
    },
    {
      "question": "What method did the article use to gather information?",
      "options": [
        "Reporting on court rulings and election results",
        "Conducting surveys",
        "Analyzing economic data",
        "Interviewing experts extensively"
      ],
      "correct_answer": "Reporting on court rulings and election results"
    },
    {
      "question": "What is a limitation of the article's methodology?",
      "options": [
        "Lacks in-depth investigative analysis",
        "Over-reliance on anonymous sources",
        "Bias towards one political party",
        "Inaccurate fact-checking"
      ],
      "correct_answer": "Lacks in-depth investigative analysis"
    }
  ],
  "background_read": [
    "The U.S. federal judiciary operates within a framework of separation of powers, often intervening in executive actions to uphold constitutional norms. Grand jury proceedings are typically secret to protect investigations, but transparency laws can mandate disclosure. Mayoral elections in cities like Miami reflect demographic changes and political trends, with immigration being a contentious national issue. This article situates recent events within these contexts, offering insights into legal precedents, electoral shifts, and societal debates, though it relies on surface-level reporting without deep empirical analysis."
  ],
  "Article_Structure": [
    "This analysis covers main points: judicial rulings on National Guard deployment and Epstein transcripts, and Miami's mayoral election. The purpose is to explore constitutional, legal, and political implications. Evidence is critically assessed from court documents and electoral outcomes, with author credibility based on PBS NewsHour's reputation, though methodology is limited to standard news aggregation without original research, and critical assessment notes strengths in timeliness but weaknesses in depth and contextualization."
  ],
  "perspectives": [
    {
      "perspective": "Legal Analyst View",
      "description": "Emphasizes the role of courts in maintaining democratic safeguards and interpreting new laws."
    },
    {
      "perspective": "Political Scientist View",
      "description": "Focuses on electoral trends and urban governance shifts in response to national policies."
    }
  ],
  "image_url": "/article_images/article_6f0503993088f66a_2764c34cfeeb.webp"
}