{
  "title": "Integrating Traditional Chinese Medicine with Contemporary Science for Hair Regeneration",
  "summary": "Androgenetic alopecia, a prevalent form of hair loss driven by genetic and hormonal factors, currently relies on pharmaceuticals like finasteride and minoxidil, which are associated with adverse effects such as sexual dysfunction and scalp irritation, prompting a search for holistic alternatives. A comprehensive scientific review investigates Polygonum multiflorum, a root utilized in traditional Chinese medicine for millennia to enhance hair pigmentation and vitality, as a promising therapeutic agent. The herb exhibits a multifaceted pharmacological profile: it mitigates the impact of dihydrotestosterone, a key androgen implicated in follicular miniaturization; confers cytoprotection against apoptosis in hair follicle cells; activates critical morphogenic signaling pathways, including Wnt and Shh, which regulate hair cycle progression; and augments scalp microcirculation to optimize oxygen and nutrient supply. Researchers, led by Han bixian, synthesized evidence from historical herbal compendia, in vitro and in vivo studies, and preliminary clinical observations, demonstrating a concordance between ancient empirical knowledge and contemporary molecular understanding of hair biology. This integrative approach suggests that Polygonum multiflorum may not merely attenuate hair thinning but potentially induce active regeneration through modulation of diverse growth factors and signaling cascades. While the herb demonstrates a favorable safety profile when subjected to traditional processing techniques, the authors underscore the necessity for rigorous, high-quality randomized controlled trials to substantiate these findings and establish standardized protocols. This review exemplifies how systematic inquiry into ethnopharmacological traditions can yield novel, multi-targeted interventions for complex conditions like androgenetic alopecia, bridging cultural heritage with biomedical innovation.",
  "keywords": [
    {
      "term": "Pharmacological profile",
      "explanation": "The detailed description of a substance's effects and mechanisms in the body"
    },
    {
      "term": "Cytoprotection",
      "explanation": "Protection of cells from damage or death, such as apoptosis"
    },
    {
      "term": "Morphogenic signaling pathways",
      "explanation": "Biological routes like Wnt and Shh that guide tissue development and regeneration"
    },
    {
      "term": "Ethnopharmacology",
      "explanation": "The study of traditional medicines and their cultural contexts in drug discovery"
    },
    {
      "term": "Randomized controlled trials",
      "explanation": "Gold-standard research designs that randomly assign treatments to minimize bias"
    }
  ],
  "questions": [
    {
      "question": "What are the primary limitations of current pharmaceutical treatments for androgenetic alopecia mentioned in the review?",
      "options": [
        "Adverse effects like sexual dysfunction",
        "High cost and inaccessibility",
        "Lack of scientific backing",
        "Ineffectiveness in all cases"
      ],
      "correct_answer": "Adverse effects like sexual dysfunction"
    },
    {
      "question": "How does Polygonum multiflorum influence dihydrotestosterone in the context of hair loss?",
      "options": [
        "It reduces its effects on follicles",
        "It increases its production",
        "It has no interaction with it",
        "It replaces it entirely"
      ],
      "correct_answer": "It reduces its effects on follicles"
    },
    {
      "question": "What role do Wnt and Shh signaling pathways play in hair biology according to the article?",
      "options": [
        "They regulate hair cycle progression and growth",
        "They cause hair follicle shrinkage",
        "They are unrelated to hair health",
        "They only affect blood circulation"
      ],
      "correct_answer": "They regulate hair cycle progression and growth"
    },
    {
      "question": "What methodological approach did researchers use to assess Polygonum multiflorum?",
      "options": [
        "Synthesis of historical texts, lab studies, and clinical data",
        "Exclusive reliance on modern clinical trials",
        "Only analysis of side effects",
        "Solely theoretical modeling"
      ],
      "correct_answer": "Synthesis of historical texts, lab studies, and clinical data"
    },
    {
      "question": "Why is traditional processing emphasized for the herb's safety?",
      "options": [
        "It mitigates potential toxicity and side effects",
        "It enhances its taste for consumption",
        "It is required for legal approval",
        "It changes its chemical structure entirely"
      ],
      "correct_answer": "It mitigates potential toxicity and side effects"
    },
    {
      "question": "What does the term 'ethnopharmacology' refer to in this context?",
      "options": [
        "Study of traditional medicines in drug discovery",
        "Analysis of modern pharmaceutical drugs",
        "Examination of hair loss statistics",
        "Research on genetic factors only"
      ],
      "correct_answer": "Study of traditional medicines in drug discovery"
    },
    {
      "question": "What critical assessment does the article make regarding the evidence for Polygonum multiflorum?",
      "options": [
        "More high-quality clinical trials are needed for confirmation",
        "It is definitively proven effective",
        "It should replace all current treatments immediately",
        "It has no limitations in application"
      ],
      "correct_answer": "More high-quality clinical trials are needed for confirmation"
    },
    {
      "question": "How does the herb potentially support active hair regeneration beyond slowing thinning?",
      "options": [
        "By modulating growth factors and signaling cascades",
        "By only improving blood flow",
        "By acting as a placebo",
        "By ignoring biological pathways"
      ],
      "correct_answer": "By modulating growth factors and signaling cascades"
    },
    {
      "question": "What broader implication does the review highlight for medical research?",
      "options": [
        "Integrating traditional knowledge can lead to innovative therapies",
        "Modern science should disregard historical practices",
        "All ancient remedies are ineffective",
        "Hair loss is an untreatable condition"
      ],
      "correct_answer": "Integrating traditional knowledge can lead to innovative therapies"
    },
    {
      "question": "What is the significance of the alignment between ancient texts and modern biology in this study?",
      "options": [
        "It validates empirical observations with scientific mechanisms",
        "It proves ancient texts are always accurate",
        "It shows modern biology is flawed",
        "It indicates no need for further research"
      ],
      "correct_answer": "It validates empirical observations with scientific mechanisms"
    }
  ],
  "background_read": [
    "Androgenetic alopecia involves complex interactions between genetic predispositions and hormonal influences, particularly dihydrotestosterone, leading to progressive follicular miniaturization. Conventional therapies like 5-alpha-reductase inhibitors and vasodilators target specific pathways but are limited by side effects and variable efficacy. Traditional Chinese medicine, rooted in holistic and empirical practices, employs botanicals such as Polygonum multiflorum, historically documented for nourishing 'essence' and promoting longevity. Contemporary biomedical research utilizes advanced methodologies, including molecular biology and clinical epidemiology, to deconstruct these traditional interventions. This background underscores the importance of interdisciplinary approaches in developing safer, multi-targeted treatments, reflecting a growing trend in integrative medicine that values both ancestral wisdom and evidence-based science."
  ],
  "Article_Structure": [
    "This article provides an in-depth analysis of a scientific review on Polygonum multiflorum for hair regrowth, with main points detailing its multi-targeted mechanisms against androgenetic alopecia, comparison to conventional drugs, and integration of historical and modern evidence. Its purpose is to advocate for ethnopharmacological research as a source of innovative, safer therapies. Evidence evaluation critically assesses diverse sources, noting strengths in interdisciplinary synthesis but limitations in the need for more rigorous clinical validation. Author credibility is supported by publication in a peer-reviewed journal and expertise in holistic pharmacy. Methodology involves a comprehensive literature review, blending qualitative historical analysis with quantitative experimental data. Critical assessment highlights the potential for novel treatment strategies while emphasizing the necessity for further high-quality trials to address gaps in efficacy and standardization."
  ],
  "perspectives": [
    {
      "perspective": "Interdisciplinary Integration",
      "description": "Combines insights from history, biology, and pharmacology to develop comprehensive treatments"
    },
    {
      "perspective": "Evidence-Based Tradition",
      "description": "Applies rigorous scientific methods to validate and refine ancient medicinal practices"
    }
  ],
  "image_url": "/article_images/article_2c9262f569fb72c8_e69ba694f8a7.webp"
}