{
  "title": "Executive Directive Halts Federal Engagement with Anthropic AI Amid Ethical and Security Controversy",
  "summary": "In a significant escalation of tensions between the U.S. government and the artificial intelligence sector, President Donald Trump has issued a directive mandating the immediate cessation of all federal agency use of technology from Anthropic, an AI developer. This decision follows Anthropic's refusal to accede to White House and Pentagon demands for unrestricted access to its AI tools, including Claude, due to ethical concerns regarding potential applications in mass surveillance and fully autonomous weaponry. Defense Secretary Pete Hegseth concurrently designated Anthropic as a supply chain risk, marking the first public instance of such a label for a U.S. company, which effectively bars military contractors from commercial dealings with the firm. The announcements were disseminated via social media platforms—Trump on Truth Social and Hegseth on X—underscoring the contemporary interplay of digital communication and policy enforcement. Anthropic has vowed to legally contest the designation, arguing it lacks legal foundation and establishes a perilous precedent for corporate-government negotiations, particularly in the realm of emerging technologies. The phased removal of Anthropic's tools from government operations over a six-month period will exclusively impact entities with military contracts, reflecting targeted regulatory measures. Prior to the directive, Anthropic had proactively proposed facilitating a transition to alternative providers, indicative of its strategic positioning within the AI ethics debate. This conflict encapsulates broader discourses on the intersection of technological innovation, ethical governance, and national security imperatives in an era of rapid AI advancement.",
  "keywords": [
    {
      "term": "executive directive",
      "explanation": "an official order issued by the President to federal agencies, carrying administrative authority"
    },
    {
      "term": "supply chain risk designation",
      "explanation": "a regulatory classification indicating a company's products or services threaten the integrity and security of military supply networks"
    },
    {
      "term": "mass surveillance",
      "explanation": "the extensive and systematic monitoring of populations, often raising issues of privacy infringement and civil liberties"
    },
    {
      "term": "fully autonomous weapons",
      "explanation": "lethal systems capable of selecting and engaging targets without human intervention, central to international humanitarian law debates"
    },
    {
      "term": "precedent",
      "explanation": "a legal or procedural decision that serves as an authoritative example for future similar cases, influencing policy and jurisprudence"
    },
    {
      "term": "ethical governance",
      "explanation": "the framework of moral principles guiding the development and deployment of technologies, especially in contentious areas like AI"
    },
    {
      "term": "national security imperatives",
      "explanation": "the strategic priorities and actions deemed essential for protecting a nation's sovereignty and interests, often driving policy decisions"
    },
    {
      "term": "digital communication",
      "explanation": "the use of online platforms for disseminating information, which can shape public perception and policy transparency"
    },
    {
      "term": "regulatory measures",
      "explanation": "official rules and actions implemented by governments to control or manage industry practices, such as in technology sectors"
    },
    {
      "term": "AI ethics debate",
      "explanation": "the ongoing discourse concerning the moral implications of artificial intelligence, including accountability, bias, and societal impact"
    }
  ],
  "questions": [
    {
      "question": "What specific action did President Trump take against Anthropic?",
      "options": [
        "Issued a directive to halt federal use of its technology",
        "Proposed a partnership with Anthropic for AI development",
        "Criticized Anthropic on social media without official action",
        "Increased funding for Anthropic's research"
      ],
      "correct_answer": "Issued a directive to halt federal use of its technology"
    },
    {
      "question": "Why did Anthropic refuse to grant the military unfettered access to its AI tools?",
      "options": [
        "Ethical concerns about surveillance and autonomous weapons",
        "Financial disagreements with the government",
        "Technical limitations of the AI tools",
        "Lack of interest in defense contracts"
      ],
      "correct_answer": "Ethical concerns about surveillance and autonomous weapons"
    },
    {
      "question": "What is the significance of Hegseth's supply chain risk designation for Anthropic?",
      "options": [
        "It is the first public instance for a U.S. company",
        "It awards Anthropic a government contract",
        "It promotes Anthropic as a security leader",
        "It has no legal implications"
      ],
      "correct_answer": "It is the first public instance for a U.S. company"
    },
    {
      "question": "How did Anthropic plan to respond to the government's actions?",
      "options": [
        "Challenge the designation in court",
        "Comply immediately with the directive",
        "Launch a public relations campaign",
        "Cease all AI development"
      ],
      "correct_answer": "Challenge the designation in court"
    },
    {
      "question": "What timeframe did Trump specify for phasing out Anthropic's tools?",
      "options": [
        "Over six months",
        "Within one month",
        "Immediately",
        "No specific timeframe"
      ],
      "correct_answer": "Over six months"
    },
    {
      "question": "Which entities are primarily affected by this directive?",
      "options": [
        "Companies contracting with the military",
        "All federal employees",
        "International AI developers",
        "Academic institutions"
      ],
      "correct_answer": "Companies contracting with the military"
    },
    {
      "question": "What platforms were used for the announcements by Trump and Hegseth?",
      "options": [
        "Truth Social and X",
        "Official press releases only",
        "Television broadcasts",
        "Email newsletters"
      ],
      "correct_answer": "Truth Social and X"
    },
    {
      "question": "What broader issue does this conflict illustrate?",
      "options": [
        "The tension between ethical AI use and national security",
        "The decline of AI innovation in the U.S.",
        "The superiority of government regulation over private sector",
        "The irrelevance of social media in policy"
      ],
      "correct_answer": "The tension between ethical AI use and national security"
    },
    {
      "question": "What did Anthropic offer prior to Trump's directive?",
      "options": [
        "To facilitate a transition to alternative providers",
        "To increase prices for government contracts",
        "To stop all negotiations with the military",
        "To develop new tools for surveillance"
      ],
      "correct_answer": "To facilitate a transition to alternative providers"
    },
    {
      "question": "How does the article characterize the precedent set by this case?",
      "options": [
        "As dangerous for corporate-government negotiations",
        "As beneficial for technological advancement",
        "As irrelevant to future policies",
        "As a standard procedure in business"
      ],
      "correct_answer": "As dangerous for corporate-government negotiations"
    }
  ],
  "background_read": [
    "This article delves into a complex intersection of technology, ethics, and governance, centered on Anthropic's standoff with the U.S. government. Anthropic, as an AI developer, represents the growing sector of companies grappling with the ethical implications of their innovations, particularly in sensitive areas like defense and surveillance. The government's demand for unfettered access underscores national security priorities in an era of geopolitical competition and technological warfare. The supply chain risk designation is a regulatory tool with significant legal and economic ramifications, highlighting how policy can shape industry practices. The use of social media for official announcements reflects modern communication strategies that blend public discourse with policy enforcement. This case study invites analysis of broader themes: the role of executive power in technology regulation, the legal frameworks governing AI ethics, and the dynamics between private innovation and public interest. It requires an understanding of U.S. political structures, AI development trends, and international norms on weaponry and privacy."
  ],
  "Article_Structure": [
    "Main Points: Trump's executive order ceasing federal use of Anthropic AI due to ethical refusals, Hegseth's supply chain risk designation as a regulatory response, and Anthropic's legal challenge based on precedent and ethics. Purpose: To analyze a high-stakes conflict between AI ethics and national security, exploring implications for policy, corporate strategy, and technological governance. Evidence Evaluation: Sources include direct quotes from Trump, Hegseth, and Anthropic via social media and statements, offering primary evidence but limited contextual analysis or independent verification of claims. Author Credibility: The BBC provides reputable journalism, yet the article relies heavily on public figures without deep scrutiny of their biases or the technical nuances of AI. Methodology: Compiles information from public announcements and corporate responses, presenting a timely narrative but lacking investigative depth or diverse expert perspectives. Critical Assessment: Strengths include clear reporting of key events and quotes; limitations involve minimal exploration of underlying ethical debates, potential biases in source selection, and insufficient examination of long-term impacts on AI innovation and international relations."
  ],
  "perspectives": [
    {
      "perspective": "Government and security perspective",
      "description": "Emphasizes the necessity of unrestricted AI access for national defense, viewing Anthropic's refusal as a threat to security and supply chain integrity."
    },
    {
      "perspective": "Corporate and ethical perspective",
      "description": "Advocates for principled AI development, opposing uses in surveillance and autonomous weapons, and frames the government's actions as overreach that could stifle innovation."
    },
    {
      "perspective": "Legal and regulatory perspective",
      "description": "Focuses on the precedent-setting nature of the supply chain risk designation and the potential court battle, analyzing implications for future government-business interactions in tech sectors."
    },
    {
      "perspective": "Societal and ethical discourse perspective",
      "description": "Examines the broader societal implications, such as privacy concerns, the ethics of autonomous weapons, and the role of public communication in shaping policy debates."
    }
  ],
  "image_url": "/article_images/article_1a99850a024b691c_8e8981288973.webp"
}