{
  "title": "Trump Bans Federal Use of Anthropic AI Amid Military Dispute",
  "summary": "President Donald Trump has directed all federal agencies to immediately cease using technology from AI developer Anthropic, following a public conflict over military access to its tools. Anthropic refused demands from the White House and Defense Secretary Pete Hegseth to grant unfettered access to its AI, such as Claude, citing concerns about potential use in mass surveillance and fully autonomous weapons. In response, Hegseth designated Anthropic as a supply chain risk, a first for a U.S. company, which prohibits military contractors from engaging in commercial activities with the firm. Trump announced this on Truth Social, and Hegseth confirmed it on X, stating the designation takes effect immediately. Anthropic plans to challenge the decision in court, arguing it is legally unsound and sets a dangerous precedent for companies negotiating with the government. The phase-out of Anthropic's tools from government work will occur over six months, impacting only companies that also contract with the military. Prior to the directive, Anthropic had offered to facilitate a transition to alternative providers if the Defense Department chose to stop using its tools, highlighting the ongoing tensions between ethical AI use and national security interests.",
  "keywords": [
    {
      "term": "federal agencies",
      "explanation": "government departments in the U.S. that carry out laws and policies"
    },
    {
      "term": "supply chain risk",
      "explanation": "a label indicating a company poses a threat to the reliability of military supplies"
    },
    {
      "term": "mass surveillance",
      "explanation": "widespread monitoring of people, often raising privacy concerns"
    },
    {
      "term": "fully autonomous weapons",
      "explanation": "weapons that can operate without human control, leading to ethical debates"
    },
    {
      "term": "Truth Social",
      "explanation": "a social media platform used by Donald Trump for announcements"
    },
    {
      "term": "precedent",
      "explanation": "an earlier event that serves as an example for future similar cases"
    },
    {
      "term": "military contractors",
      "explanation": "companies that provide goods or services to the armed forces"
    },
    {
      "term": "ethical AI use",
      "explanation": "the responsible application of artificial intelligence considering moral principles"
    }
  ],
  "questions": [
    {
      "question": "What action did President Trump take regarding Anthropic?",
      "options": [
        "Ordered federal agencies to stop using its technology",
        "Asked Anthropic to improve its AI tools",
        "Invited Anthropic to work with the military",
        "Praised Anthropic for its innovations"
      ],
      "correct_answer": "Ordered federal agencies to stop using its technology"
    },
    {
      "question": "Why did Anthropic refuse to give the military access to its AI tools?",
      "options": [
        "Concerns about mass surveillance and autonomous weapons",
        "Lack of interest in government contracts",
        "Technical issues with the tools",
        "High costs involved"
      ],
      "correct_answer": "Concerns about mass surveillance and autonomous weapons"
    },
    {
      "question": "What designation did Defense Secretary Hegseth give to Anthropic?",
      "options": [
        "Supply chain risk",
        "Top partner",
        "Innovation leader",
        "Security threat"
      ],
      "correct_answer": "Supply chain risk"
    },
    {
      "question": "How did Anthropic respond to the government's decision?",
      "options": [
        "Plans to challenge it in court",
        "Agreed to comply immediately",
        "Started a public campaign",
        "Ignored the decision"
      ],
      "correct_answer": "Plans to challenge it in court"
    },
    {
      "question": "What is the timeline for removing Anthropic's tools from government work?",
      "options": [
        "Over six months",
        "Immediately",
        "Within a year",
        "No set timeline"
      ],
      "correct_answer": "Over six months"
    },
    {
      "question": "Which companies are affected by this decision?",
      "options": [
        "Those that contract with the military",
        "All U.S. companies",
        "Only Anthropic's direct customers",
        "International firms"
      ],
      "correct_answer": "Those that contract with the military"
    },
    {
      "question": "What platform did Trump use to announce his directive?",
      "options": [
        "Truth Social",
        "X",
        "Facebook",
        "Email"
      ],
      "correct_answer": "Truth Social"
    },
    {
      "question": "What broader issue does this conflict highlight?",
      "options": [
        "Ethical AI use versus national security",
        "Economic competition between companies",
        "Social media influence",
        "Technological advancements"
      ],
      "correct_answer": "Ethical AI use versus national security"
    }
  ],
  "background_read": [
    "This article discusses a significant dispute between the U.S. government and Anthropic, an AI development company. Under President Trump's administration, tensions arose when Anthropic declined to provide unrestricted access to its AI tools for military purposes, citing ethical worries about surveillance and autonomous weapons. The government, led by Defense Secretary Hegseth, responded by labeling Anthropic a supply chain risk, a move that restricts business with military contractors. This situation reflects broader debates in technology and policy: how to balance innovation and ethical considerations with national security needs. It also touches on legal and procedural aspects, such as court challenges and precedent-setting decisions, which are common in government-business interactions. Understanding this requires knowledge of basic U.S. government structure, AI ethics, and supply chain management."
  ],
  "Article_Structure": [
    "Main Points: The article details Trump's order to halt federal use of Anthropic's AI due to its refusal of military access, Hegseth's supply chain risk designation, and Anthropic's legal challenge. Purpose: To report on a conflict between ethical AI use and government security demands, highlighting political and business implications. Evidence Evaluation: Relies on official statements from Trump, Hegseth, and Anthropic via social media and press releases, providing direct quotes but limited independent verification. Author Credibility: The BBC is a reputable news source, but the article primarily cites public figures without deep analysis of their expertise. Methodology: Gathers information from public announcements and company responses, offering a timely update but lacking in-depth investigative reporting."
  ],
  "perspectives": [
    {
      "perspective": "Government perspective",
      "description": "Views Anthropic as a risk to national security and expects compliance for lawful use of AI tools."
    },
    {
      "perspective": "Anthropic perspective",
      "description": "Prioritizes ethical AI principles, opposing uses in surveillance and autonomous weapons, and sees the designation as unfair."
    },
    {
      "perspective": "Legal perspective",
      "description": "Focuses on the potential court battle and precedent for how companies interact with government regulations."
    }
  ],
  "image_url": "/article_images/article_1a99850a024b691c_8e8981288973.webp"
}