{
  "title": "Parliamentary Summons for Royal Mail Executives Amid Systemic Letter Delivery Failures",
  "summary": "Royal Mail executives face a parliamentary summons before the Business and Trade Committee following BBC investigations into systemic letter delivery failures. Allegations indicate that parcels are being prioritized over letters, resulting in significant delays for time-sensitive mail, including hospital appointment notifications, educational certificates, and financial statements. The committee, chaired by MP Liam Byrne, issued a two-week ultimatum for Royal Mail to respond, but due to persistent service degradation, direct testimony from executives is now mandated. Testimonies from hundreds of affected individuals and over a dozen postal staff reveal daily missed delivery rounds and capacity strains, exacerbating public frustration. Royal Mail, under new ownership by EP Group led by Czech billionaire Daniel Kretinsky, asserts that parliamentary engagement will facilitate discussions on corporate transformation and revisions to the Universal Service Obligation (USO) for financial viability. However, Byrne criticizes the failure to uphold USO commitments post-acquisition, noting deviations in first-class delivery standards. Royal Mail attributes partial disruptions to adverse weather and staff absenteeism, yet the committee seeks comprehensive accountability. This scenario underscores broader challenges in public service provision amid privatization and operational pressures, highlighting tensions between regulatory obligations and commercial imperatives in the postal sector.",
  "keywords": [
    {
      "term": "systemic failures",
      "explanation": "widespread and recurring problems within an organization's operations"
    },
    {
      "term": "parliamentary summons",
      "explanation": "a formal request for individuals to appear before Parliament to provide evidence"
    },
    {
      "term": "capacity strains",
      "explanation": "pressures on resources that exceed available capabilities, leading to service breakdowns"
    },
    {
      "term": "corporate transformation",
      "explanation": "strategic changes within a company to improve performance and sustainability"
    },
    {
      "term": "regulatory obligations",
      "explanation": "legal duties imposed by authorities, such as the Universal Service Obligation"
    }
  ],
  "questions": [
    {
      "question": "What triggers the parliamentary summons for Royal Mail executives?",
      "options": [
        "BBC investigations into delivery failures",
        "A new law on postal services",
        "Employee strikes",
        "Government funding cuts"
      ],
      "correct_answer": "BBC investigations into delivery failures"
    },
    {
      "question": "How does the article characterize the letter delivery issues?",
      "options": [
        "Systemic failures",
        "Minor inconveniences",
        "Seasonal variations",
        "Technological glitches"
      ],
      "correct_answer": "Systemic failures"
    },
    {
      "question": "What evidence supports the allegations of parcel prioritization?",
      "options": [
        "Testimonies from postal staff and public complaints",
        "Royal Mail's annual report",
        "Government statistics",
        "Academic studies"
      ],
      "correct_answer": "Testimonies from postal staff and public complaints"
    },
    {
      "question": "What is the role of the Universal Service Obligation in this context?",
      "options": [
        "A legal requirement for consistent mail delivery",
        "A suggestion for improving service",
        "A new policy for parcel delivery",
        "A financial incentive for Royal Mail"
      ],
      "correct_answer": "A legal requirement for consistent mail delivery"
    },
    {
      "question": "How does Royal Mail justify its need for transformation?",
      "options": [
        "To ensure long-term financial sustainability",
        "To reduce letter delivery entirely",
        "To avoid parliamentary scrutiny",
        "To increase parcel prices"
      ],
      "correct_answer": "To ensure long-term financial sustainability"
    },
    {
      "question": "What criticism does Liam Byrne level against EP Group's takeover?",
      "options": [
        "Failure to maintain USO commitments",
        "Lack of investment in technology",
        "Over-hiring of staff",
        "Ignoring weather issues"
      ],
      "correct_answer": "Failure to maintain USO commitments"
    },
    {
      "question": "What external factors does Royal Mail cite for disruptions?",
      "options": [
        "Poor weather and staff sickness",
        "High demand for letters",
        "Committee investigations",
        "New ownership changes"
      ],
      "correct_answer": "Poor weather and staff sickness"
    },
    {
      "question": "What broader issue does the article highlight regarding public services?",
      "options": [
        "Tensions between regulatory and commercial pressures",
        "The decline of digital communication",
        "Increased government funding",
        "Employee satisfaction"
      ],
      "correct_answer": "Tensions between regulatory and commercial pressures"
    },
    {
      "question": "How does the article assess the credibility of the BBC's reporting?",
      "options": [
        "As reputable with balanced stakeholder quotes",
        "As biased against Royal Mail",
        "Based solely on official statements",
        "Lacking in-depth analysis"
      ],
      "correct_answer": "As reputable with balanced stakeholder quotes"
    },
    {
      "question": "What methodological approach does the article use to gather information?",
      "options": [
        "Investigative journalism with interviews and documents",
        "Surveys and experiments",
        "Theoretical modeling",
        "Historical comparison"
      ],
      "correct_answer": "Investigative journalism with interviews and documents"
    }
  ],
  "background_read": [
    "Royal Mail, historically a public monopoly, was privatized in 2013, introducing market pressures while retaining a Universal Service Obligation (USO) under the Postal Services Act 2011. The USO mandates affordable, consistent mail delivery nationwide, but recent acquisitions, such as by EP Group, raise concerns about service quality amid profit-driven strategies. The Business and Trade Committee operates within the UK Parliament's select committee system, empowered to summon witnesses and scrutinize public bodies, reflecting democratic oversight mechanisms. This context elucidates the intersection of corporate governance, regulatory frameworks, and public accountability in essential services, relevant for understanding the article's implications on policy and consumer rights."
  ],
  "Article_Structure": [
    "Main Points: The article details systemic letter delivery failures at Royal Mail, with evidence of parcel prioritization causing delays in critical mail, prompting a parliamentary summons by the Business and Trade Committee. Purpose: To analyze the accountability of Royal Mail under new ownership and the challenges in balancing USO commitments with operational and financial pressures. Evidence Evaluation: Critically assesses BBC investigations, public and staff testimonies as compelling but potentially anecdotal, alongside official statements for a nuanced view. Author Credibility: BBC demonstrates journalistic rigor through multi-source reporting, though inherent biases in public complaints may require corroboration. Methodology: Employs investigative techniques, including document analysis and stakeholder interviews, to construct a narrative on service disruptions and regulatory responses. Critical Assessment: Strengths include comprehensive coverage of stakeholder perspectives; limitations involve reliance on self-reported data and lack of quantitative analysis on delivery metrics."
  ],
  "perspectives": [
    {
      "perspective": "Regulatory and public interest",
      "description": "Emphasizes enforcement of USO and protection of consumer rights amid service failures."
    },
    {
      "perspective": "Corporate and operational management",
      "description": "Focuses on transformation needs and external challenges, advocating for flexibility in service standards."
    }
  ],
  "image_url": "/article_images/article_e03779b0b1d52c74_efc5e8cfb3cd.webp"
}