{
  "title": "Advancing Quantum Control in Graphene via Floquet Engineering and Ultrafast Spectroscopy",
  "summary": "Recent research spearheaded by the University of Göttingen, in collaboration with institutions in Braunschweig, Bremen, and Fribourg, has elucidated the manifestation of Floquet effects in graphene, a seminal two-dimensional carbon material. Employing femtosecond momentum microscopy, the team subjected graphene samples to rapid light pulses, enabling direct observation of altered electronic states over femtosecond timescales. This empirical evidence confirms that Floquet engineering—a theoretical framework involving periodic perturbations to modulate quantum properties—is efficacious in metallic and semi-metallic quantum materials. Published in Nature Physics, the study addresses a protracted scientific inquiry, demonstrating that light-induced modifications can precisely tailor electronic behaviors. The implications are profound, potentially catalyzing developments in quantum computing, advanced sensors, and next-generation electronics by facilitating targeted electron manipulation. Investigators emphasize the exploration of topological properties, which confer robustness against perturbations and are pivotal for fault-tolerant quantum systems. Funded by the German Research Foundation, this work not only validates Floquet mechanisms but also propels the frontier of quantum material engineering, underscoring the synergy between ultrafast spectroscopy and material science for technological innovation.",
  "keywords": [
    {
      "term": "Graphene",
      "explanation": "A monolayer carbon allotrope with a hexagonal lattice, renowned for its exceptional electronic, mechanical, and thermal properties"
    },
    {
      "term": "Floquet effects",
      "explanation": "Quantum phenomena induced by time-periodic drives, such as light, leading to engineered electronic band structures and states"
    },
    {
      "term": "Femtosecond momentum microscopy",
      "explanation": "An advanced spectroscopic technique that resolves electron dynamics with high temporal and momentum resolution using ultrafast laser pulses"
    },
    {
      "term": "Quantum materials",
      "explanation": "Substances where quantum mechanical effects dominate, often exhibiting superconductivity, magnetism, or topological phases"
    },
    {
      "term": "Topological properties",
      "explanation": "Invariant characteristics under continuous deformations, essential for developing stable quantum bits and devices"
    },
    {
      "term": "Floquet engineering",
      "explanation": "A methodology utilizing periodic external fields to design and control quantum states in materials, enabling on-demand property modifications"
    },
    {
      "term": "Electron manipulation",
      "explanation": "The precise control of electron motion and interactions, critical for optimizing material performance in electronic applications"
    },
    {
      "term": "Ultrafast spectroscopy",
      "explanation": "Experimental approaches that probe rapid processes in materials on timescales of femtoseconds to picoseconds"
    },
    {
      "term": "Quantum computing",
      "explanation": "A computing paradigm leveraging quantum bits for enhanced processing power, reliant on stable quantum states"
    },
    {
      "term": "Material science",
      "explanation": "The interdisciplinary field focusing on the properties, design, and application of materials to advance technology"
    }
  ],
  "questions": [
    {
      "question": "What is the significance of observing Floquet effects in graphene?",
      "options": [
        "It validates Floquet engineering in metallic quantum materials",
        "It proves graphene is the strongest material",
        "It shows graphene can be used in food packaging",
        "It indicates graphene is radioactive"
      ],
      "correct_answer": "It validates Floquet engineering in metallic quantum materials"
    },
    {
      "question": "How does femtosecond momentum microscopy contribute to this study?",
      "options": [
        "By capturing ultrafast electronic changes with high resolution",
        "By measuring the weight of graphene samples",
        "By coloring the material for visibility",
        "By increasing the temperature of graphene"
      ],
      "correct_answer": "By capturing ultrafast electronic changes with high resolution"
    },
    {
      "question": "What role do topological properties play in quantum technologies?",
      "options": [
        "They provide stability for reliable quantum devices",
        "They make materials cheaper to produce",
        "They change color under light",
        "They reduce electrical conductivity"
      ],
      "correct_answer": "They provide stability for reliable quantum devices"
    },
    {
      "question": "Which theoretical concept does Floquet engineering relate to?",
      "options": [
        "Time-periodic quantum systems",
        "Classical mechanics",
        "Thermodynamic laws",
        "Genetic engineering"
      ],
      "correct_answer": "Time-periodic quantum systems"
    },
    {
      "question": "What is the primary funding source for this research?",
      "options": [
        "German Research Foundation",
        "NASA",
        "Bill and Melinda Gates Foundation",
        "United Nations"
      ],
      "correct_answer": "German Research Foundation"
    },
    {
      "question": "How might this research impact future electronics?",
      "options": [
        "By enabling light-controlled quantum material design",
        "By making electronics heavier",
        "By eliminating the need for batteries",
        "By using more plastic components"
      ],
      "correct_answer": "By enabling light-controlled quantum material design"
    },
    {
      "question": "What distinguishes graphene from other carbon allotropes?",
      "options": [
        "Its two-dimensional structure and high conductivity",
        "Its three-dimensional diamond lattice",
        "Its inability to conduct electricity",
        "Its common occurrence in nature"
      ],
      "correct_answer": "Its two-dimensional structure and high conductivity"
    },
    {
      "question": "Why is the publication in Nature Physics important?",
      "options": [
        "It indicates peer-reviewed validation and high impact",
        "It means the study is not credible",
        "It shows the research is only theoretical",
        "It confirms the study was done in space"
      ],
      "correct_answer": "It indicates peer-reviewed validation and high impact"
    },
    {
      "question": "What methodological advantage does femtosecond microscopy offer?",
      "explanation": "It allows observation of electron dynamics on ultrafast timescales",
      "options": [
        "It allows observation of electron dynamics on ultrafast timescales",
        "It measures material density accurately",
        "It detects sound waves in materials",
        "It changes the chemical composition of graphene"
      ],
      "correct_answer": "It allows observation of electron dynamics on ultrafast timescales"
    },
    {
      "question": "How does this study address previous scientific questions?",
      "options": [
        "By providing experimental evidence for Floquet effects in graphene",
        "By disproving all prior graphene research",
        "By focusing only on economic aspects",
        "By ignoring quantum mechanics"
      ],
      "correct_answer": "By providing experimental evidence for Floquet effects in graphene"
    }
  ],
  "background_read": [
    "Graphene, isolated in 2004, represents a paradigm shift in material science due to its unique electronic properties stemming from its two-dimensional honeycomb lattice. Floquet theory, rooted in quantum mechanics, describes systems under periodic driving and has been applied theoretically to engineer material properties, but experimental verification in materials like graphene has been elusive. This study bridges that gap, utilizing ultrafast spectroscopic methods to probe electron behavior. Quantum materials, including topological insulators and superconductors, are central to advancing technologies such as quantum computing, where coherence and control are paramount. Understanding these contexts illuminates the study's contribution to manipulating quantum states with light, potentially revolutionizing electronics and sensing applications through precise, dynamic control."
  ],
  "Article_Structure": [
    "This article's main points detail the experimental confirmation of Floquet effects in graphene via femtosecond momentum microscopy, highlighting its potential for quantum material control. The purpose is to disseminate groundbreaking findings that advance Floquet engineering, situated in the broader context of developing future quantum technologies. Evidence evaluation critically assesses the use of high-resolution data from reputable sources, though limitations in sample variety may affect generalizability. Author credibility is bolstered by affiliations with leading institutions and expertise in quantum physics, while the methodology employs state-of-the-art ultrafast techniques, ensuring robust results. A critical assessment notes strengths in empirical validation but acknowledges that further research is needed to explore scalability and practical applications."
  ],
  "perspectives": [
    {
      "perspective": "Experimental Validation",
      "description": "Provides empirical support for Floquet theory, enhancing credibility in quantum material research"
    },
    {
      "perspective": "Technological Implications",
      "description": "Suggests pathways for innovating quantum computing and electronics through light-based control"
    },
    {
      "perspective": "Scientific Collaboration",
      "description": "Exemplifies interdisciplinary efforts in physics and engineering to address complex quantum challenges"
    },
    {
      "perspective": "Future Research Directions",
      "description": "Highlights the need for extended studies on material varieties and long-term stability of Floquet states"
    }
  ],
  "image_url": "/article_images/article_341c9aca9bd5cd7f_3a66675feeaf.webp"
}