{
  "title": "Engineering a Novel Avian Habitat: Sunk Barges as a Response to Coastal Erosion and Species Decline",
  "summary": "The National Trust has executed a groundbreaking initiative in the Blackwater Estuary, Essex, by submerging three decommissioned Thames barges to construct an artificial island aimed at combating coastal erosion and providing a sanctuary for endangered avian species. Historically utilized for transporting coal and industrial materials, these vessels underwent extensive cleaning and were strategically positioned on inter-tidal mudflats adjacent to Northey Island. The project addresses critical environmental challenges, including the rapid degradation of saltmarsh habitats due to rising sea levels, which threatens species such as dunlin, curlew, ringed plover, and lapwing—all listed on the UK red list for conservation. Described by coastal project manager Katy Gilchrist as 'marine recycling,' this endeavor transforms retired industrial assets into ecological assets, exemplifying a nature-based engineering solution. The barges, measuring 20 to 32 meters, were filled with sediment to stabilize them and create a landmass of 0.55 hectares, approximately the size of a football pitch, which will offer a elevated refuge above high tides. This innovative approach not only mitigates habitat loss but also sets a precedent for sustainable coastal management, integrating historical preservation with contemporary conservation needs in the face of climate change.",
  "keywords": [
    {
      "term": "Thames barges",
      "explanation": "historically significant vessels used for freight transport on the Thames, now repurposed in conservation"
    },
    {
      "term": "Blackwater Estuary",
      "explanation": "a biodiverse estuarine system in Essex characterized by mudflats and saltmarshes, subject to environmental pressures"
    },
    {
      "term": "saltmarsh degradation",
      "explanation": "the decline of coastal wetlands due to factors like sea level rise and erosion, impacting ecosystem services"
    },
    {
      "term": "endangered avian species",
      "explanation": "bird populations at risk of extinction, such as dunlin and curlew, requiring targeted conservation interventions"
    },
    {
      "term": "marine recycling",
      "explanation": "the sustainable practice of reusing decommissioned marine vessels for ecological enhancement, reducing waste and promoting habitat creation"
    },
    {
      "term": "nature-based engineering",
      "explanation": "an approach that utilizes natural processes and materials, like sediment-filled barges, to address environmental issues such as coastal erosion"
    },
    {
      "term": "inter-tidal mudflats",
      "explanation": "ecologically rich zones exposed during low tide, crucial for bird foraging and vulnerable to anthropogenic impacts"
    },
    {
      "term": "coastal management",
      "explanation": "strategies and projects designed to protect and sustain coastal areas against threats like erosion and climate change"
    },
    {
      "term": "National Trust",
      "explanation": "a UK conservation organization with expertise in heritage and environmental stewardship, driving innovative projects"
    },
    {
      "term": "artificial island",
      "explanation": "a human-made landform created to serve specific purposes, such as habitat provision or erosion control"
    }
  ],
  "questions": [
    {
      "question": "What environmental issues does the sunk barge project primarily address?",
      "options": [
        "Coastal erosion and habitat loss for endangered birds",
        "Water pollution and overfishing",
        "Deforestation and urban sprawl",
        "Air quality and noise pollution"
      ],
      "correct_answer": "Coastal erosion and habitat loss for endangered birds"
    },
    {
      "question": "How were the Thames barges prepared before being sunk in the estuary?",
      "options": [
        "Cleaned and filled with sediment",
        "Painted and decorated",
        "Cut into pieces and recycled",
        "Left as is and towed directly"
      ],
      "correct_answer": "Cleaned and filled with sediment"
    },
    {
      "question": "What is the significance of describing the project as 'marine recycling'?",
      "options": [
        "It emphasizes the reuse of industrial vessels for ecological benefits",
        "It refers to the disposal of waste in the ocean",
        "It indicates a focus on boat manufacturing",
        "It suggests a recreational boating activity"
      ],
      "correct_answer": "It emphasizes the reuse of industrial vessels for ecological benefits"
    },
    {
      "question": "Which factor contributes to the degradation of saltmarsh habitats mentioned in the article?",
      "options": [
        "Rising sea levels",
        "Increased bird populations",
        "Agricultural runoff",
        "Tourism development"
      ],
      "correct_answer": "Rising sea levels"
    },
    {
      "question": "What role does the National Trust play in this initiative?",
      "options": [
        "Leading the project as a conservation organization",
        "Funding from government grants only",
        "Opposing the use of old barges",
        "Conducting independent research on birds"
      ],
      "correct_answer": "Leading the project as a conservation organization"
    },
    {
      "question": "How large is the new island expected to be upon completion?",
      "options": [
        "0.55 hectares",
        "1.0 hectare",
        "5.0 hectares",
        "10.0 hectares"
      ],
      "correct_answer": "0.55 hectares"
    },
    {
      "question": "What bird species are specifically targeted for conservation in this project?",
      "options": [
        "Dunlin, curlew, ringed plover, and lapwing",
        "Sparrows, finches, and thrushes",
        "Seagulls and terns",
        "Ravens and crows"
      ],
      "correct_answer": "Dunlin, curlew, ringed plover, and lapwing"
    },
    {
      "question": "What engineering method was used to sink the barges?",
      "options": [
        "Cutting holes in the hulls and filling with sediment",
        "Using explosives to submerge them",
        "Anchoring them with chains",
        "Letting them decay naturally"
      ],
      "correct_answer": "Cutting holes in the hulls and filling with sediment"
    },
    {
      "question": "Why is the project considered innovative in the UK context?",
      "options": [
        "It is the first known use of sunk barges to create a bird habitat",
        "It involves the largest island ever built",
        "It uses only natural materials without human intervention",
        "It focuses solely on historical preservation"
      ],
      "correct_answer": "It is the first known use of sunk barges to create a bird habitat"
    },
    {
      "question": "What broader conservation strategy does this project exemplify?",
      "options": [
        "Nature-based solutions integrating engineering and ecology",
        "Traditional habitat restoration without technology",
        "Ex-situ conservation in captivity",
        "Policy-driven regulatory approaches"
      ],
      "correct_answer": "Nature-based solutions integrating engineering and ecology"
    }
  ],
  "background_read": [
    "The Blackwater Estuary in Essex is a Site of Special Scientific Interest (SSSI) and Ramsar site, recognized for its ecological importance, particularly for wading birds and saltmarsh ecosystems. Saltmarshes provide critical services such as carbon sequestration and flood mitigation but are declining globally due to sea level rise and anthropogenic pressures. The National Trust, established in 1895, is a key player in UK conservation, managing over 250,000 hectares of land and numerous historic properties. Endangered species like dunlin and curlew face threats from habitat loss and climate change, necessitating innovative interventions. This project aligns with broader efforts in sustainable coastal management, utilizing decommissioned infrastructure to enhance biodiversity and resilience. It reflects a growing trend in ecological engineering, where human-made structures are repurposed to support natural processes, offering insights into adaptive strategies for environmental stewardship in the Anthropocene."
  ],
  "Article_Structure": [
    "This article presents a detailed analysis of a National Trust project involving the sinking of Thames barges in the Blackwater Estuary to create an artificial island for birds and reduce erosion. Main points include the transformation of decommissioned vessels into a habitat for endangered species like dunlin and curlew, and the mitigation of saltmarsh loss from rising sea levels. The purpose is to illustrate an innovative, nature-based engineering solution within the context of coastal conservation and climate adaptation. Evidence evaluation shows reliance on quotes from project manager Katy Gilchrist and descriptive details, but lacks independent scientific data or long-term impact assessments. Author credibility is bolstered by the BBC's reputation, though the article primarily serves as a report rather than critical investigation. Methodology involves cleaning, sediment-filling, and strategic placement of barges, demonstrating practical application of marine recycling. Critical assessment notes strengths in creativity and immediate habitat provision, but limitations include potential unknown ecological impacts and scalability issues for broader conservation efforts."
  ],
  "perspectives": [
    {
      "perspective": "Sustainable engineering",
      "description": "This project exemplifies how industrial heritage can be leveraged for ecological restoration, promoting circular economy principles in conservation."
    }
  ],
  "image_url": "/article_images/article_96fa3b9ec9b9cfb9_c07b1f6d8fc7.webp"
}