{
  "title": "Analyzing Quordle Hints: Media Strategy and Puzzle Dynamics",
  "summary": "This TechRadar article delves into the intricacies of Quordle, a enduring word puzzle game that has evolved from the Wordle phenomenon, offering hints and solutions for game #1399 on November 23. It meticulously outlines clues such as the presence of five distinct vowels, one answer with a repeated letter, and the absence of letters Q, Z, X, or J, enabling players to deduce answers through logical reasoning. The piece integrates spoiler warnings to preserve the gaming experience and discusses affiliate commissions, highlighting its role in digital media monetization. By referencing other puzzles like NYT Connections and Strands, it positions Quordle within a broader ecosystem of word games, appealing to enthusiasts seeking cognitive challenges. The analysis underscores how such articles not only aid in skill development but also reflect trends in online content creation, where user engagement and revenue generation are balanced. Ultimately, it serves as a case study in how gaming journalism supports community interaction while navigating ethical considerations in spoiler management.",
  "keywords": [
    {
      "term": "Quordle",
      "explanation": "a complex word puzzle derivative of Wordle requiring the simultaneous guessing of four words based on letter-based clues"
    },
    {
      "term": "vowels",
      "explanation": "linguistic elements A, E, I, O, U central to word structure, with exclusions like Y noted for precision in hints"
    },
    {
      "term": "affiliate commission",
      "explanation": "a revenue model where publishers earn fees through referral links, influencing content presentation"
    },
    {
      "term": "spoiler warning",
      "explanation": "an ethical practice in media to alert audiences to potential plot or answer revelations, safeguarding experiential integrity"
    },
    {
      "term": "streak maintenance",
      "explanation": "the psychological and strategic aspect of consecutive wins in games, driving player retention and engagement"
    },
    {
      "term": "Wordle alternatives",
      "explanation": "games that emerged post-Wordle's viral success, adapting and expanding puzzle mechanics for varied audiences"
    },
    {
      "term": "puzzle hints",
      "explanation": "strategically designed clues that facilitate problem-solving without undermining the challenge, rooted in game theory"
    },
    {
      "term": "time zone synchronization",
      "explanation": "the technical implementation ensuring global accessibility of daily puzzles, affecting user experience and participation"
    },
    {
      "term": "repeated letter",
      "explanation": "a lexical feature in puzzles that constrains possible word combinations, requiring analytical thinking"
    },
    {
      "term": "game answers",
      "explanation": "the definitive solutions provided after warnings, illustrating transparency in gaming journalism"
    },
    {
      "term": "digital monetization",
      "explanation": "strategies like affiliate marketing used by online platforms to generate income from content"
    },
    {
      "term": "cognitive engagement",
      "explanation": "the mental stimulation derived from puzzle-solving, enhancing vocabulary and logical skills"
    }
  ],
  "questions": [
    {
      "question": "How does the article's use of spoiler warnings reflect ethical considerations in gaming journalism?",
      "options": [
        "It ignores player preferences",
        "It prioritizes revenue over experience",
        "It balances information disclosure with user choice",
        "It encourages immediate answer viewing"
      ],
      "correct_answer": "It balances information disclosure with user choice"
    },
    {
      "question": "What role do affiliate commissions play in the article's structure?",
      "options": [
        "They are the primary focus",
        "They supplement revenue without dominating content",
        "They are hidden from readers",
        "They replace editorial integrity"
      ],
      "correct_answer": "They supplement revenue without dominating content"
    },
    {
      "question": "How does the hint about vowels exclude Y, and what does this imply about linguistic assumptions in the game?",
      "options": [
        "It includes Y as a vowel",
        "It adheres to strict vowel definitions for clarity",
        "It confuses players intentionally",
        "It varies by game version"
      ],
      "correct_answer": "It adheres to strict vowel definitions for clarity"
    },
    {
      "question": "What methodological approach does the author use to gather and present Quordle hints?",
      "options": [
        "Surveys of players",
        "Analysis of game data and patterns",
        "Random generation of clues",
        "Criticism of the game design"
      ],
      "correct_answer": "Analysis of game data and patterns"
    },
    {
      "question": "How might the article's credibility be assessed given its source, TechRadar?",
      "options": [
        "High, due to expertise in tech and gaming",
        "Low, as it is not peer-reviewed",
        "Neutral, with potential bias from affiliates",
        "Uncertain without author details"
      ],
      "correct_answer": "Neutral, with potential bias from affiliates"
    },
    {
      "question": "What critical limitation exists in the evidence provided by the hints?",
      "options": [
        "They are always accurate",
        "They may not cover all puzzle aspects",
        "They are based on player opinions",
        "They are irrelevant to solving"
      ],
      "correct_answer": "They may not cover all puzzle aspects"
    },
    {
      "question": "How does the article integrate Quordle into the broader context of word games?",
      "options": [
        "By isolating it completely",
        "By comparing it to NYT Connections and Strands",
        "By dismissing other games",
        "By focusing solely on history"
      ],
      "correct_answer": "By comparing it to NYT Connections and Strands"
    },
    {
      "question": "What is the significance of the repeated letter clue in enhancing puzzle-solving strategies?",
      "options": [
        "It provides exact word matches",
        "It reduces the solution space logically",
        "It is decorative and unhelpful",
        "It only applies to consonants"
      ],
      "correct_answer": "It reduces the solution space logically"
    },
    {
      "question": "How does the time zone-based puzzle reset affect global player engagement?",
      "options": [
        "It causes confusion and disengagement",
        "It ensures fairness and continuous play",
        "It limits access to certain regions",
        "It is irrelevant to the game experience"
      ],
      "correct_answer": "It ensures fairness and continuous play"
    },
    {
      "question": "What strengths does the article demonstrate in supporting player cognitive development?",
      "options": [
        "It offers direct answers without effort",
        "It encourages analytical thinking through hints",
        "It focuses only on entertainment",
        "It avoids educational elements"
      ],
      "correct_answer": "It encourages analytical thinking through hints"
    },
    {
      "question": "How might author bias influence the presentation of hints and links?",
      "options": [
        "It leads to inaccurate information",
        "It promotes affiliated content potentially",
        "It ensures complete objectivity",
        "It avoids all commercial aspects"
      ],
      "correct_answer": "It promotes affiliated content potentially"
    },
    {
      "question": "What broader trends in digital media does this article exemplify?",
      "options": [
        "Decline in puzzle games",
        "Integration of monetization with user-focused content",
        "Avoidance of spoilers entirely",
        "Focus on non-interactive media"
      ],
      "correct_answer": "Integration of monetization with user-focused content"
    }
  ],
  "background_read": [
    "Quordle, as analyzed in this article, represents a significant evolution in the word puzzle genre following Wordle's viral spread. Originating as a fan-made variant, it has sustained popularity through daily challenges that require deductive reasoning and linguistic knowledge. The article's context includes the rise of affiliate marketing in digital journalism, where sites like TechRadar blend editorial content with revenue streams, raising questions about objectivity. For high school students, this serves as an example of how media literacy involves critiquing sources, understanding economic incentives, and appreciating the cognitive benefits of puzzles. The game's design, including time zone adjustments and hint systems, reflects broader digital trends in user engagement and global accessibility, making it a rich subject for critical analysis in media studies and psychology."
  ],
  "Article_Structure": [
    "This article provides a detailed analysis of Quordle game #1399, with main points focusing on specific hints like vowel counts and excluded letters to facilitate puzzle-solving. Its purpose is to aid players in maintaining streaks while generating affiliate revenue, set within the broader context of online gaming communities. Evidence evaluation reveals that hints are derived from game mechanics, but the sources lack peer review, potentially limiting reliability. Author credibility is based on TechRadar's tech expertise, though affiliate links may introduce bias. Methodology involves descriptive presentation of daily clues without original research, and critical assessment notes strengths in user support but limitations in depth and potential commercial influences on content integrity."
  ],
  "perspectives": [
    {
      "perspective": "Media criticism view",
      "description": "The article exemplifies how digital media balances educational content with monetization, potentially affecting objectivity."
    },
    {
      "perspective": "Player advocacy view",
      "description": "It empowers players with tools for success, fostering community and skill development in puzzle-solving."
    }
  ],
  "image_url": "/article_images/article_dff4046bec191977_acb8a7762077.webp"
}