{
  "title": "How Tiny Spins Change a Big Quantum Effect",
  "summary": "Scientists study tiny spins, which are like little magnets inside materials. When many spins work together, they create special effects. One important effect is called the Kondo effect, which happens when spins interact with moving electrons. It is hard to study because electrons do many things at once. Researchers made a simple model with only spins to understand it better. They wondered if changing the size of the spins changes the effect. A team from Osaka Metropolitan University built a material with spins of size 1/2 and then size 1. They found that for spin-1/2, the Kondo effect stops magnetism, but for spin-1, it makes magnetism stronger. This shows that spin size can flip the effect, helping us learn about quantum materials.",
  "keywords": [
    {
      "term": "spins",
      "explanation": "tiny magnets inside materials that can point in different directions"
    },
    {
      "term": "Kondo effect",
      "explanation": "a special effect where spins interact with moving electrons in materials"
    },
    {
      "term": "magnetism",
      "explanation": "the property of materials that can attract or repel each other like magnets"
    },
    {
      "term": "spin-1/2",
      "explanation": "a small spin size that often stops magnetism in the Kondo effect"
    },
    {
      "term": "spin-1",
      "explanation": "a larger spin size that can make magnetism stronger in the Kondo effect"
    }
  ],
  "questions": [
    {
      "question": "What are spins in materials?",
      "options": [
        "Tiny magnets",
        "Big rocks",
        "Moving electrons",
        "Light waves"
      ],
      "correct_answer": "Tiny magnets"
    },
    {
      "question": "What is the Kondo effect?",
      "options": [
        "An effect where spins interact with moving electrons",
        "A type of weather",
        "A way to build houses",
        "A game children play"
      ],
      "correct_answer": "An effect where spins interact with moving electrons"
    },
    {
      "question": "Why is the Kondo effect hard to study?",
      "options": [
        "Electrons do many things at once",
        "It is too easy to see",
        "Spins are too big",
        "Materials are always the same"
      ],
      "correct_answer": "Electrons do many things at once"
    },
    {
      "question": "What did researchers build to study the Kondo effect?",
      "options": [
        "A simple model with only spins",
        "A big machine with many parts",
        "A computer game",
        "A new type of food"
      ],
      "correct_answer": "A simple model with only spins"
    },
    {
      "question": "What happens with spin-1/2 in the Kondo effect?",
      "options": [
        "It stops magnetism",
        "It makes magnetism stronger",
        "It does nothing",
        "It creates light"
      ],
      "correct_answer": "It stops magnetism"
    },
    {
      "question": "What happens with spin-1 in the Kondo effect?",
      "options": [
        "It makes magnetism stronger",
        "It stops magnetism",
        "It changes color",
        "It moves faster"
      ],
      "correct_answer": "It makes magnetism stronger"
    }
  ],
  "background_read": [
    "Quantum physics studies tiny particles like electrons and spins. Spins are like little magnets that can point up or down. When many spins interact, they can create special effects in materials, such as the Kondo effect. This effect is important for understanding how materials behave, like in magnets or computers. Scientists use models and experiments to learn about these effects, helping us make new technologies."
  ],
  "Article_Structure": [
    "WHO: Scientists from Osaka Metropolitan University",
    "WHAT: Studied how spin size changes the Kondo effect",
    "WHERE: In a laboratory using engineered materials",
    "WHY: To understand quantum materials better"
  ],
  "perspectives": [
    {
      "perspective": "Scientific discovery",
      "description": "Researchers found that spin size can flip the Kondo effect from stopping to promoting magnetism."
    }
  ],
  "image_url": "/article_images/article_ea27f89a266e743e_d57e6aa15c6b.webp"
}