{
  "title": "Quantum Spin Size Inversion of the Kondo Effect: Experimental Evidence and Implications",
  "summary": "In condensed matter physics, the Kondo effect represents a quintessential collective quantum phenomenon, wherein localized spins interact with itinerant electrons, profoundly influencing electronic and magnetic properties of materials. Investigating this effect is inherently complex due to concomitant charge motion and orbital degrees of freedom in real systems. The Kondo necklace model, a seminal theoretical construct introduced by Doniach in 1977, circumvents these complexities by isolating spin interactions, yet its experimental realization remained elusive. A pivotal unresolved question pertains to the spin size dependence: whether the Kondo effect's manifestations are invariant or modulated by the magnitude of the localized spin. Addressing this, a research consortium led by Hironori Yamaguchi at Osaka Metropolitan University engineered organic-inorganic hybrid materials via the RaX-D molecular design framework, fabricating Kondo necklace analogs with precise spin values. Comparative analysis of spin-1/2 and spin-1 systems through thermodynamic probes revealed a distinct phase transition in the latter, culminating in long-range magnetic order. Quantum mechanical elucidations attribute this to Kondo coupling engendering effective magnetic interactions among spin-1 moments. This finding subverts the conventional paradigm that the Kondo effect universally quenches magnetism via singlet formation; instead, for spins exceeding 1/2, it catalyzes magnetic ordering. The research furnishes inaugural experimental corroboration that the functional role of the Kondo effect is intrinsically contingent on spin dimensionality, offering profound ramifications for the design and comprehension of quantum materials.",
  "keywords": [
    {
      "term": "Kondo effect",
      "explanation": "a collective quantum phenomenon in condensed matter systems where localized magnetic moments interact with conduction electrons, leading to notable effects like resistance minima and magnetic behavior modulation"
    },
    {
      "term": "Kondo necklace model",
      "explanation": "a theoretical model that idealizes spin-only interactions, excluding charge and orbital complexities, to study quantum criticality and emergent states"
    },
    {
      "term": "spin dimensionality",
      "explanation": "refers to the quantum spin size (e.g., S=1/2, S=1) which influences magnetic properties and interaction strengths in quantum systems"
    },
    {
      "term": "magnetic order",
      "explanation": "a cooperative alignment of spins over macroscopic distances in a material, resulting in phenomena like ferromagnetism or antiferromagnetism"
    },
    {
      "term": "RaX-D framework",
      "explanation": "an advanced molecular design platform enabling atomic-level control over crystal architectures and magnetic couplings for tailored quantum material synthesis"
    },
    {
      "term": "quantum criticality",
      "explanation": "a state near a phase transition where quantum fluctuations dominate, often studied in models like the Kondo necklace for insights into unconventional material behaviors"
    }
  ],
  "questions": [
    {
      "question": "What characterizes the Kondo effect in condensed matter physics?",
      "options": [
        "Interaction between localized spins and conduction electrons",
        "A type of superconductivity",
        "Purely classical magnetic behavior",
        "Optical phenomena in semiconductors"
      ],
      "correct_answer": "Interaction between localized spins and conduction electrons"
    },
    {
      "question": "Why has the Kondo necklace model been significant in theoretical physics?",
      "options": [
        "It simplifies systems to spin-only interactions for studying quantum states",
        "It incorporates all electron degrees of freedom",
        "It is used for high-temperature superconductivity",
        "It ignores quantum effects entirely"
      ],
      "correct_answer": "It simplifies systems to spin-only interactions for studying quantum states"
    },
    {
      "question": "What methodological innovation did researchers employ to create Kondo necklaces?",
      "options": [
        "RaX-D framework for engineering hybrid materials",
        "Traditional solid-state synthesis without control",
        "Computer simulations only",
        "Random chemical mixing"
      ],
      "correct_answer": "RaX-D framework for engineering hybrid materials"
    },
    {
      "question": "What did thermodynamic measurements indicate for the spin-1 system?",
      "options": [
        "A phase transition to long-range magnetic order",
        "No significant change from spin-1/2",
        "Enhanced electrical conductivity",
        "Suppression of all magnetic interactions"
      ],
      "correct_answer": "A phase transition to long-range magnetic order"
    },
    {
      "question": "How does the Kondo effect for spin-1 differ from that for spin-1/2 according to the study?",
      "options": [
        "It promotes magnetic order rather than forming singlets",
        "It has no effect on magnetism",
        "It weakens magnetic interactions further",
        "It only occurs at higher temperatures"
      ],
      "correct_answer": "It promotes magnetic order rather than forming singlets"
    },
    {
      "question": "What theoretical implication does this research challenge?",
      "options": [
        "The view that the Kondo effect universally suppresses magnetism",
        "The existence of quantum spins",
        "The principles of thermodynamics",
        "The role of electrons in conduction"
      ],
      "correct_answer": "The view that the Kondo effect universally suppresses magnetism"
    },
    {
      "question": "What is the role of Kondo coupling in spin-1 systems as explained?",
      "options": [
        "It creates effective magnetic interactions stabilizing order",
        "It destroys all magnetic properties",
        "It increases electron mobility",
        "It leads to superconductivity"
      ],
      "correct_answer": "It creates effective magnetic interactions stabilizing order"
    },
    {
      "question": "What broader impact does this study have on quantum material research?",
      "options": [
        "It shows spin size dependence crucial for material design",
        "It concludes all quantum effects are identical",
        "It limits research to organic materials only",
        "It disproves the Kondo effect entirely"
      ],
      "correct_answer": "It shows spin size dependence crucial for material design"
    },
    {
      "question": "Which aspect of the methodology enhances the study's credibility?",
      "options": [
        "Precise control over spin values using RaX-D",
        "Reliance on theoretical models alone",
        "Use of uncontrolled natural samples",
        "Focus on high-temperature phenomena only"
      ],
      "correct_answer": "Precise control over spin values using RaX-D"
    },
    {
      "question": "What does the study contribute to the field of quantum physics?",
      "options": [
        "First direct experimental evidence of spin size altering the Kondo effect",
        "A new model for classical magnetism",
        "Confirmation that all spins behave uniformly",
        "A method for everyday material production"
      ],
      "correct_answer": "First direct experimental evidence of spin size altering the Kondo effect"
    }
  ],
  "background_read": [
    "The Kondo effect, first observed in metallic systems with magnetic impurities, epitomizes many-body quantum physics, where interactions between localized spins and delocalized electrons lead to phenomena like the resistance minimum. Theoretical advancements, including the Kondo necklace model, have sought to distill essential physics by neglecting charge degrees of freedom. Spin size, quantified by quantum number S, is a fundamental parameter influencing magnetic correlations and phase transitions. Experimental pursuits often grapple with material complexities, but frameworks like RaX-D enable tailored synthesis. This research intersects condensed matter theory, quantum chemistry, and materials science, addressing a decades-old query with implications for quantum computing and spintronics, where spin manipulation is pivotal."
  ],
  "Article_Structure": [
    "This article presents a seminal experimental investigation into the spin size dependence of the Kondo effect. Main Points: Researchers engineered Kondo necklace analogs with spin-1/2 and spin-1 using the RaX-D framework, observing that spin-1 induces magnetic order via Kondo coupling, contrary to spin-1/2's singlet formation. Purpose: To resolve a fundamental question in quantum physics regarding spin dimensionality's impact, thereby refining theoretical models and guiding quantum material design. Evidence Evaluation: Robust, employing thermodynamic measurements and quantum analysis in meticulously controlled systems, though extrapolation to other spin values requires further study. Author Credibility: Led by Hironori Yamaguchi, a recognized expert in condensed matter physics, with a team skilled in quantum material synthesis. Methodology: Utilized the RaX-D design platform for precise crystal engineering, enabling comparative spin studies. Critical Assessment: Strengths include innovative material design and direct experimental validation; limitations involve the specificity to engineered systems and need for broader spin range exploration."
  ],
  "perspectives": [
    {
      "perspective": "Paradigm shift in quantum magnetism",
      "description": "The study overturns the traditional notion that the Kondo effect invariably suppresses magnetism, demonstrating its role in promoting order for higher spins, with implications for quantum material engineering."
    }
  ],
  "image_url": "/article_images/article_ea27f89a266e743e_d57e6aa15c6b.webp"
}