{
  "title": "Analyzing Fender's Philanthropic Gesture in the Music Industry",
  "summary": "In a notable act of philanthropy, the singer Fender has donated his entire £25,000 Mercury Prize award to the Music Venue Trust, an organization focused on safeguarding grassroots music venues throughout the UK. The Mercury Prize, awarded annually for the best album, represents a significant accolade in the music world, and Fender's decision to redirect the funds underscores a commitment to addressing systemic issues within the industry. Grassroots venues are essential for nurturing emerging talent, providing platforms for performances that can launch careers, yet they frequently encounter financial instability due to factors like rising operational costs and limited revenue streams. By channeling the prize money to the Music Venue Trust, Fender not only offers immediate financial relief but also amplifies discourse on the preservation of local music cultures. This gesture reflects broader trends of artist-led advocacy, where successful figures leverage their influence to support foundational elements of their field. It raises questions about the sustainability of such interventions and their long-term impact on venue viability, encouraging critical examination of how philanthropy intersects with cultural policy and economic realities in the arts sector.",
  "keywords": [
    {
      "term": "Mercury Prize",
      "explanation": "a prestigious UK music award that honors artistic achievement in albums, influencing industry recognition and sales"
    },
    {
      "term": "Music Venue Trust",
      "explanation": "a charitable organization that campaigns and fundraises to prevent the closure of small music venues, addressing cultural and economic challenges"
    },
    {
      "term": "grassroots music",
      "explanation": "music originating from local, independent scenes, often characterized by DIY ethics and serving as a incubator for innovation"
    },
    {
      "term": "philanthropy",
      "explanation": "the strategic donation of resources to promote social good, often involving ethical considerations and impact assessment"
    },
    {
      "term": "emerging artists",
      "explanation": "artists in the early stages of their careers who rely on small venues for exposure and development"
    },
    {
      "term": "financial instability",
      "explanation": "a state of uncertain financial health that can lead to closures, influenced by market dynamics and support systems"
    },
    {
      "term": "cultural preservation",
      "explanation": "efforts to maintain artistic heritage and community spaces, often involving policy and funding strategies"
    },
    {
      "term": "advocacy",
      "explanation": "active support for a cause, using influence to drive change and raise public awareness"
    },
    {
      "term": "sustainability",
      "explanation": "the ability to maintain operations long-term, considering economic, social, and environmental factors"
    },
    {
      "term": "systemic issues",
      "explanation": "underlying problems in a system, such as inequalities in funding distribution that affect venue survival"
    },
    {
      "term": "artist-led initiatives",
      "explanation": "projects or actions driven by artists to address industry challenges, often blending creativity with activism"
    },
    {
      "term": "cultural policy",
      "explanation": "government or organizational strategies that shape the arts, including funding and regulation aspects"
    }
  ],
  "questions": [
    {
      "question": "What broader industry issue does Fender's donation address?",
      "options": [
        "Financial instability of small venues",
        "Lack of music awards",
        "Overcrowding in venues",
        "Decline in album sales"
      ],
      "correct_answer": "Financial instability of small venues"
    },
    {
      "question": "How does the Mercury Prize impact an artist's career?",
      "options": [
        "Boosts recognition and sales",
        "Guarantees venue support",
        "Eliminates financial worries",
        "Forces retirement"
      ],
      "correct_answer": "Boosts recognition and sales"
    },
    {
      "question": "What is the role of the Music Venue Trust?",
      "options": [
        "Advocate and fund small venues",
        "Organize music festivals",
        "Manage artist contracts",
        "Produce albums"
      ],
      "correct_answer": "Advocate and fund small venues"
    },
    {
      "question": "Why might one-time donations be insufficient for venue sustainability?",
      "options": [
        "They don't address long-term funding needs",
        "They increase costs",
        "They reduce audience size",
        "They discourage artists"
      ],
      "correct_answer": "They don't address long-term funding needs"
    },
    {
      "question": "How does Fender's action reflect artist-led advocacy?",
      "options": [
        "By using influence for social good",
        "By avoiding public issues",
        "By focusing only on personal gain",
        "By criticizing other artists"
      ],
      "correct_answer": "By using influence for social good"
    },
    {
      "question": "What is a key limitation of the article's evidence?",
      "options": [
        "Lacks detailed data on impact",
        "Includes biased opinions",
        "Overstates donation amount",
        "Ignores venue locations"
      ],
      "correct_answer": "Lacks detailed data on impact"
    },
    {
      "question": "How does cultural policy relate to this donation?",
      "options": [
        "It could complement such efforts",
        "It has no connection",
        "It opposes philanthropy",
        "It replaces private donations"
      ],
      "correct_answer": "It could complement such efforts"
    },
    {
      "question": "What does 'financial instability' mean in this context?",
      "options": [
        "Uncertain ability to cover costs",
        "Guaranteed profits",
        "No need for funding",
        "Excessive wealth"
      ],
      "correct_answer": "Uncertain ability to cover costs"
    },
    {
      "question": "Why are grassroots venues considered incubators?",
      "options": [
        "They nurture new talent",
        "They host only famous acts",
        "They avoid new artists",
        "They focus on profits"
      ],
      "correct_answer": "They nurture new talent"
    },
    {
      "question": "What ethical consideration arises from celebrity philanthropy?",
      "options": [
        "Potential for tokenism",
        "Always solves problems",
        "Increases costs",
        "Reduces awareness"
      ],
      "correct_answer": "Potential for tokenism"
    },
    {
      "question": "How might this donation influence other artists?",
      "options": [
        "Inspire similar actions",
        "Discourage donations",
        "Have no effect",
        "Lead to competition"
      ],
      "correct_answer": "Inspire similar actions"
    },
    {
      "question": "What is a strength of the BBC as a source?",
      "options": [
        "Credibility and wide reach",
        "Lack of bias",
        "Detailed investigative reports",
        "Focus on entertainment only"
      ],
      "correct_answer": "Credibility and wide reach"
    }
  ],
  "background_read": [
    "The Mercury Prize, initiated in 1992, has shaped UK music by highlighting innovative albums and often leading to commercial success for winners. Small music venues face existential threats from urbanization, licensing issues, and economic pressures, with many closures documented in recent years. The Music Venue Trust emerged in response, employing advocacy and grants to sustain these spaces. Fender's donation fits into a larger narrative of artist philanthropy, where figures like him address gaps in cultural funding. Critically, this raises discussions on the efficacy of one-off gifts versus systemic solutions, such as government subsidies or community ownership models, in ensuring long-term venue viability within the evolving music industry landscape."
  ],
  "Article_Structure": [
    "This article centers on Fender's donation of £25,000 from the Mercury Prize to the Music Venue Trust, emphasizing main points like the act's generosity, the critical role of grassroots venues in artist development, and underlying financial challenges. The purpose is to report on a philanthropic event while subtly advocating for support of local music ecosystems within a broader context of cultural sustainability. Evidence evaluation notes the article relies on factual reporting from BBC, a reputable source, but lacks empirical data on donation impacts, limiting depth. Author credibility is inferred from BBC's journalistic standards, though no specific author expertise is mentioned, potentially introducing bias towards positive portrayal. Methodology involves standard news gathering, likely based on press releases or interviews, offering reliability but not original research. Critical assessment highlights strengths in raising awareness and using a trusted source, but limitations include insufficient analysis of long-term effects and potential oversimplification of complex venue issues."
  ],
  "perspectives": [
    {
      "perspective": "Philanthropic critique",
      "description": "While generous, such donations may not address root causes of venue struggles, risking dependency without systemic change."
    },
    {
      "perspective": "Cultural economics view",
      "description": "This highlights the intersection of art and economy, where private philanthropy fills gaps left by public funding inadequacies."
    }
  ],
  "image_url": "/article_images/article_0e2f49327fdddf88_b5a9ea90a823.webp"
}