{
  "title": "Fender's Generous Donation to Music Venues",
  "summary": "The singer Fender has donated his entire £25,000 Mercury Prize award to the Music Venue Trust, an organization dedicated to protecting grassroots music venues across the UK. The Mercury Prize is a prestigious music award recognizing the best album of the year, and Fender's decision to give away the prize money highlights his commitment to supporting the music industry's foundation. Small venues are crucial for emerging artists to perform and build their careers, but they often face financial challenges that threaten their survival. By contributing to the Music Venue Trust, Fender aims to ensure these venues can continue operating, fostering a vibrant music scene. This donation not only provides immediate financial aid but also raises awareness about the importance of preserving local music cultures. It demonstrates how successful artists can give back to the community that supported them, inspiring others to take similar actions.",
  "keywords": [
    {
      "term": "Mercury Prize",
      "explanation": "a high-profile UK music award for the best album, promoting artistic excellence"
    },
    {
      "term": "Music Venue Trust",
      "explanation": "a charity that advocates for and funds small music venues to prevent closures"
    },
    {
      "term": "grassroots music",
      "explanation": "music created by independent or local artists, often starting in small venues"
    },
    {
      "term": "donation",
      "explanation": "a voluntary gift of money to support a cause or organization"
    },
    {
      "term": "emerging artists",
      "explanation": "new musicians who are building their careers and need platforms to perform"
    },
    {
      "term": "financial challenges",
      "explanation": "money problems that can lead to difficulties in maintaining operations"
    },
    {
      "term": "cultural preservation",
      "explanation": "the effort to maintain and support artistic and community traditions"
    },
    {
      "term": "philanthropy",
      "explanation": "the practice of donating money and time to help others and improve society"
    },
    {
      "term": "music industry",
      "explanation": "the business and community involved in creating and distributing music"
    },
    {
      "term": "awareness",
      "explanation": "knowledge or attention brought to an issue to encourage action"
    }
  ],
  "questions": [
    {
      "question": "What is the main purpose of Fender's donation?",
      "options": [
        "To protect grassroots music venues",
        "To promote his own music",
        "To start a new business",
        "To travel the world"
      ],
      "correct_answer": "To protect grassroots music venues"
    },
    {
      "question": "How much money did Fender donate from the Mercury Prize?",
      "options": [
        "£25,000",
        "£20,000",
        "£30,000",
        "£15,000"
      ],
      "correct_answer": "£25,000"
    },
    {
      "question": "Which organization received the donation?",
      "options": [
        "Music Venue Trust",
        "Red Cross",
        "UNICEF",
        "Local government"
      ],
      "correct_answer": "Music Venue Trust"
    },
    {
      "question": "What does the Mercury Prize recognize?",
      "options": [
        "Best album of the year",
        "Best song",
        "Best concert",
        "Best new artist"
      ],
      "correct_answer": "Best album of the year"
    },
    {
      "question": "Why are small music venues important?",
      "options": [
        "They support emerging artists",
        "They sell the most tickets",
        "They are always profitable",
        "They only host famous bands"
      ],
      "correct_answer": "They support emerging artists"
    },
    {
      "question": "What is a key challenge faced by small venues?",
      "options": [
        "Financial difficulties",
        "Lack of artists",
        "Too many customers",
        "No music available"
      ],
      "correct_answer": "Financial difficulties"
    },
    {
      "question": "How does Fender's action raise awareness?",
      "options": [
        "By highlighting venue issues",
        "By ignoring the problem",
        "By criticizing venues",
        "By keeping it secret"
      ],
      "correct_answer": "By highlighting venue issues"
    },
    {
      "question": "What is philanthropy in this context?",
      "options": [
        "Giving to help others",
        "Making more money",
        "Avoiding donations",
        "Competing for prizes"
      ],
      "correct_answer": "Giving to help others"
    },
    {
      "question": "Who benefits from this donation?",
      "options": [
        "Emerging artists and communities",
        "Only Fender",
        "Big corporations",
        "Sports teams"
      ],
      "correct_answer": "Emerging artists and communities"
    },
    {
      "question": "What is the role of the Music Venue Trust?",
      "options": [
        "Advocate for small venues",
        "Organize music awards",
        "Sell concert tickets",
        "Manage famous artists"
      ],
      "correct_answer": "Advocate for small venues"
    }
  ],
  "background_read": [
    "The Mercury Prize, established in 1992, is a significant award in the UK music industry, often boosting the careers of winners. Small music venues serve as incubators for talent, but many have closed due to rising costs and competition. The Music Venue Trust, founded in 2014, works to address these issues through funding and advocacy. Fender, as a successful artist, leverages his platform to support these causes, reflecting a trend of celebrity philanthropy in the arts. Understanding this context helps appreciate the impact of such donations on local music ecosystems."
  ],
  "Article_Structure": [
    "This article discusses Fender's donation of his £25,000 Mercury Prize money to the Music Venue Trust to support grassroots music venues. The main points include the act of generosity, the importance of small venues for emerging artists, and the financial struggles these venues face. The purpose is to inform readers about philanthropic efforts in the music industry and encourage support for local arts. Evidence is based on factual reporting from BBC, a credible source, though it lacks detailed data on venue impacts. Author credibility is assumed high due to BBC's reputation, but specific expertise isn't detailed. Methodology involves news reporting, gathering information from announcements, making it reliable but not deeply investigative."
  ],
  "perspectives": [
    {
      "perspective": "Philanthropic view",
      "description": "Fender's donation is a positive example of giving back to the community and supporting cultural sustainability."
    },
    {
      "perspective": "Economic view",
      "description": "This highlights the financial vulnerabilities of small venues and the need for ongoing support beyond one-time donations."
    }
  ],
  "image_url": "/article_images/article_0e2f49327fdddf88_b5a9ea90a823.webp"
}