{
  "title": "Cleaner Wrasse Demonstrate Self-Awareness Through Mirror Experiments",
  "summary": "Researchers at Osaka Metropolitan University in Japan conducted experiments on cleaner wrasse, a type of reef fish, to explore their cognitive abilities. In the study, fish were given mirrors, and they exhibited behaviors indicating self-recognition. Initially, when marked with artificial parasites, the fish used their reflections to locate and attempt to remove the marks, often within hours, showing quick learning. Later, some fish engaged in contingency testing by picking up shrimp and dropping them near the mirror to observe the reflected movement, comparing it to real motion. This behavior, similar to actions seen in dolphins and manta rays, suggests the fish understand how mirrors work and may possess self-awareness. The findings challenge previous assumptions that self-awareness is limited to a few species, implying it could be more widespread among animals, including fish. The study, published in Scientific Reports, highlights the importance of researching animal cognition to revise evolutionary theories and impact areas like animal welfare and AI studies.",
  "keywords": [
    {
      "term": "cleaner wrasse",
      "explanation": "a species of small fish known for symbiotic cleaning behavior on coral reefs"
    },
    {
      "term": "self-awareness",
      "explanation": "the ability to recognize oneself as an individual, often tested through mirror recognition"
    },
    {
      "term": "contingency testing",
      "explanation": "a cognitive process where an animal tests how an object, like a mirror, functions by manipulating external items"
    },
    {
      "term": "mirror test",
      "explanation": "a method used in animal cognition studies to assess self-recognition by observing reactions to reflections"
    },
    {
      "term": "cognitive abilities",
      "explanation": "mental processes such as learning, problem-solving, and understanding, related to intelligence"
    },
    {
      "term": "evolutionary theory",
      "explanation": "scientific concepts explaining how traits and behaviors develop over time in species"
    },
    {
      "term": "animal welfare",
      "explanation": "concerns related to the well-being and ethical treatment of animals"
    },
    {
      "term": "parasite markings",
      "explanation": "artificial marks placed on animals to simulate parasites for experimental purposes"
    }
  ],
  "questions": [
    {
      "question": "Which university conducted the study on cleaner wrasse?",
      "options": [
        "Osaka Metropolitan University",
        "Tokyo University",
        "Harvard University",
        "Cambridge University"
      ],
      "correct_answer": "Osaka Metropolitan University"
    },
    {
      "question": "What behavior did the fish show when marked with artificial parasites?",
      "options": [
        "They used the mirror to try to remove the marks",
        "They ignored the marks",
        "They ate the marks",
        "They swam away quickly"
      ],
      "correct_answer": "They used the mirror to try to remove the marks"
    },
    {
      "question": "How quickly did the fish typically start scraping behavior after seeing the mirror?",
      "options": [
        "Within 82 minutes on average",
        "After 4 to 6 days",
        "Immediately",
        "Never"
      ],
      "correct_answer": "Within 82 minutes on average"
    },
    {
      "question": "What is contingency testing in this context?",
      "options": [
        "Using an object like shrimp to test how a mirror works",
        "Eating food in front of a mirror",
        "Swimming patterns in a tank",
        "Sleeping near a mirror"
      ],
      "correct_answer": "Using an object like shrimp to test how a mirror works"
    },
    {
      "question": "Which animals have shown similar contingency testing behaviors?",
      "options": [
        "Dolphins and manta rays",
        "Birds and monkeys",
        "Cats and dogs",
        "Insects and worms"
      ],
      "correct_answer": "Dolphins and manta rays"
    },
    {
      "question": "What does the study suggest about self-awareness in animals?",
      "options": [
        "It may be more widespread than previously thought",
        "It is only found in mammals",
        "It does not exist in fish",
        "It is not important for evolution"
      ],
      "correct_answer": "It may be more widespread than previously thought"
    },
    {
      "question": "Where was the study published?",
      "options": [
        "Scientific Reports",
        "Nature",
        "Science Daily",
        "Journal of Fish Biology"
      ],
      "correct_answer": "Scientific Reports"
    },
    {
      "question": "What broader impacts might this research have?",
      "options": [
        "Revising evolutionary theory and affecting animal welfare",
        "Only academic interest in fish behavior",
        "Improving fishing techniques",
        "Creating new pet foods"
      ],
      "correct_answer": "Revising evolutionary theory and affecting animal welfare"
    }
  ],
  "background_read": [
    "Cleaner wrasse are small marine fish found in Indo-Pacific coral reefs, known for their mutualistic relationship where they remove parasites from larger fish. Animal cognition research often uses mirror tests to assess self-awareness, a trait linked to higher intelligence. Self-awareness involves recognizing oneself in a reflection, indicating complex mental processing. Historically, this ability was thought to be rare, observed mainly in primates, dolphins, and elephants. Contingency testing refers to behaviors where animals manipulate objects to understand environmental contingencies, showing advanced problem-solving skills. This study builds on earlier work showing cleaner wrasse can recognize themselves in photographs, pushing boundaries in ethology and evolutionary biology. Understanding animal intelligence has implications for conservation, ethics, and comparative psychology, highlighting the need for broader taxonomic studies."
  ],
  "Article_Structure": [
    "Main Points: The study demonstrates that cleaner wrasse exhibit self-awareness through mirror tests, including quick removal of parasite marks and contingency testing with shrimp. Purpose: To challenge assumptions about animal cognition by showing self-awareness may be more common in fish, influencing evolutionary theory and practical applications. Evidence Evaluation: The evidence is strong, based on controlled experiments with clear behavioral observations, though limited to a single species. Author Credibility: Researchers from Osaka Metropolitan University have expertise in animal behavior, with prior publications on fish cognition. Methodology: Involved mirror test experiments with marked fish and observation of shrimp-dropping behavior, using comparative analysis with other species."
  ],
  "perspectives": [
    {
      "perspective": "Scientific perspective",
      "description": "Researchers argue that the findings indicate broader self-awareness in animals, suggesting cognitive evolution is more diverse than previously assumed."
    }
  ],
  "image_url": "/article_images/article_08328e693fb725ec_2e8c3f7200e2.webp"
}