{
  "articles": [
    {
      "id": "7a22cca1a3ad8246",
      "title": "Autonomous Robotic Exploration of Lava Tubes: A Strategic Approach for Future Lunar Habitats",
      "summary": "This article details a pioneering mission concept developed by a European research consortium, including the Space Robotics Laboratory at the University of Malaga, to deploy autonomous robotic systems for the exploration of lava tubes on the Moon and Mars. Lava tubes are identified as prime candidates for human base camps due to their inherent protection from cosmic radiation and meteoroid impacts, though accessing these subterranean environments poses significant challenges such as rugged terrain and hazardous conditions. The proposed solution involves a synergistic team of three distinct robot types operating through a four-phase autonomous protocol: initial perimeter mapping of the tunnel entrance, deployment of a sensorized payload cube for preliminary environmental assessment, descent of a scout rover via rappelling mechanisms, and comprehensive interior exploration culminating in high-resolution 3D mapping. Field validation was conducted in February 2023 within volcanic caves in Lanzarote, Spain, under the leadership of the German Research Center for Artificial Intelligence, with contributions from academic and industrial partners, confirming technical feasibility and highlighting the efficacy of collaborative robotics. The findings underscore the potential of such systems to revolutionize planetary exploration by enabling pre-mission reconnaissance and infrastructure development for future lunar and Martian outposts. Additionally, the Space Robotics Laboratory emphasizes advancing autonomy through algorithmic innovations for route planning and operational independence, while fostering interdisciplinary education and partnerships with entities like the European Space Agency to propel technological maturation and workforce development in space robotics.",
      "source": "Science Daily",
      "time_ago": "4 hours ago",
      "image_url": "/article_images/article_7a22cca1a3ad8246_dab3f4ac1cac.webp",
      "category": "Science"
    },
    {
      "id": "04709373d6108d98",
      "title": "Socio-Environmental Dilemma: Flood Risk Management and Community Displacement in Wales",
      "summary": "The article examines Clydach Terrace in Ynysybwl, Rhondda Cynon Taf, a residential street confronting acute flooding threats from the Nant Clydach stream, exacerbated by climate change. Historical events, such as Storms Dennis and Bert, have resulted in extensive property damage and submerged infrastructure, compelling residents like Paige Didcote to report heightened anxiety and logistical challenges, particularly regarding pet and child safety during flood warnings. Natural Resources Wales has assessed that constructing a flood defense wall is economically unviable, prompting Rhondda Cynon Taf council to recommend acquiring 16 homes for £2.57 million, inclusive of incidental costs and relocation assistance. This proposal is underpinned by climate change projections indicating increased flood frequency, as detailed in council reports that also cite difficulties in securing insurance and significant health risks. Exclusions apply to elevated properties at numbers 6a and 6b, highlighting nuanced risk assessments. The narrative underscores a broader socio-environmental conflict, where adaptive measures intersect with community displacement, reflecting tensions between economic feasibility, public safety, and individual well-being in the context of escalating climatic uncertainties.",
      "source": "BBC Science",
      "time_ago": "5 hours ago",
      "image_url": "/article_images/article_04709373d6108d98_dee2b2949145.webp",
      "category": "Science"
    },
    {
      "id": "3db389c08baf7dc9",
      "title": "Optical Cavity Innovation: A Pathway to Scalable Million-Qubit Quantum Computing",
      "summary": "A groundbreaking study by Stanford University physicists presents a novel optical cavity architecture that could revolutionize the scalability of quantum computers. Quantum computers leverage qubits—quantum bits encoded in atomic states—which can exist in superpositions, enabling exponential speedups for specific algorithms compared to classical computers. However, a critical bottleneck has been the inefficient readout of qubit information, as atoms emit single photons too slowly and isotropically. The research team addressed this by developing optical cavities integrated with microlenses, which tightly focus light onto individual atoms, thereby enhancing photon collection efficiency and enabling simultaneous readout from multiple qubits. Published in Nature, the study details experimental validation with a 40-cavity system and a larger prototype exceeding 500 cavities, demonstrating a viable route toward quantum computing networks comprising up to a million qubits. This innovation not only improves data rates but also facilitates distributed quantum computing, where interconnected systems communicate rapidly. By overcoming longstanding challenges in atom-photon interaction, this work positions optical cavities as a key enabler for practical, large-scale quantum computers, with implications for advancing fields such as cryptography, materials science, and complex simulation.",
      "source": "Science Daily",
      "time_ago": "7 hours ago",
      "image_url": "/article_images/article_3db389c08baf7dc9_af8ce59376c3.webp",
      "category": "Science"
    },
    {
      "id": "61c1eb6b5eaa5030",
      "title": "Cerebral Amyloid Angiopathy: A Significant Predictor of Dementia Incidence in Older Adults",
      "summary": "Cerebral amyloid angiopathy (CAA), characterized by amyloid protein deposition in cerebral blood vessels, is identified as a substantial risk factor for dementia, with a preliminary study indicating a quadrupled likelihood within five years post-diagnosis. This research, analyzing health records of over 1.9 million Medicare beneficiaries aged 65 and older from 2016 to 2022, demonstrates that CAA elevates dementia risk more profoundly than stroke alone, with similar risks observed in individuals with CAA irrespective of stroke occurrence. The study, slated for presentation at the American Stroke Association's International Stroke Conference 2026, employs longitudinal methodology to track health transitions, revealing that non-stroke mechanisms significantly contribute to cognitive decline in CAA. CAA is implicated in both hemorrhagic and ischemic strokes due to vessel wall degradation, but its association with dementia extends beyond stroke-related pathways, underscoring the necessity for proactive cognitive screening and targeted interventions to mitigate neurodegenerative progression in affected populations.",
      "source": "Science Daily",
      "time_ago": "8 hours ago",
      "image_url": "/article_images/article_61c1eb6b5eaa5030_304ab570ce5e.webp",
      "category": "Science"
    },
    {
      "id": "61b4fcd9898cb8ef",
      "title": "The Pivotal Role of Juvenile Sauropods in Late Jurassic Trophic Dynamics",
      "summary": "A groundbreaking study conducted by researchers at University College London elucidates the critical function of juvenile sauropods within the trophic networks of the Late Jurassic, approximately 150 million years ago. Sauropods, exemplified by genera such as Diplodocus and Brachiosaurus, were colossal herbivorous dinosaurs; however, their ontogenetic early stages rendered them diminutive and susceptible, devoid of substantial defensive mechanisms. Published in the New Mexico Museum of Natural History and Science Bulletin, this research leverages extensive fossil assemblages from the Morrison Formation in the United States, with a focal point on the Dry Mesa Dinosaur Quarry in Colorado, which encapsulates a stratigraphic record spanning up to 10,000 years. Through integrative methodologies—including analyses of osteological metrics, dental microwear, stable isotope geochemistry, and rare instances of preserved gastric contents—the investigators reconstructed a nuanced food web, delineating trophic linkages among flora, herbivores, and carnivores. The findings substantiate that juvenile sauropods constituted a principal dietary resource for theropod predators like Allosaurus, attributable to their parental neglect and minimal anti-predator adaptations, analogous to contemporary chelonian neonates. Furthermore, the study demonstrates that sauropods occupied a keystone position in the ecosystem, exhibiting greater connectivity to both basal resources and apex consumers compared to other herbivorous clades, such as ornithischians (e.g., Stegosaurus). Employing computational tools typically reserved for extant ecosystem modeling, this work facilitates unprecedented quantification of sauropod ecological impact, thereby advancing comparative analyses across mesozoic epochs and illuminating the evolutionary selective pressures that shaped dinosaurian adaptive radiations.",
      "source": "Science Daily",
      "time_ago": "9 hours ago",
      "image_url": "/article_images/article_61b4fcd9898cb8ef_e844f3165de6.webp",
      "category": "Science"
    },
    {
      "id": "a3a3772ed48370f6",
      "title": "SpaceX's Ambitious Proposal: One Million Satellites for AI Infrastructure in Orbit",
      "summary": "SpaceX, under Elon Musk's leadership, has filed an application with the US Federal Communications Commission to deploy up to one million satellites into Earth's orbit, conceptualized as 'orbital data centers' designed to meet the escalating computational demands of artificial intelligence (AI). The proposal posits that space-based data processing offers superior cost and energy efficiency compared to terrestrial alternatives, which struggle with power consumption and cooling requirements. Operating in low-Earth orbit at altitudes of 500-2,000 km, these solar-powered satellites would form an expansive network, building upon the existing Starlink constellation of nearly 10,000 satellites. SpaceX asserts that this infrastructure could serve billions of users globally and represents a preliminary step toward achieving a Kardashev Type II civilization—a theoretical framework for societies capable of harnessing a star's total energy output. However, the plan faces scrutiny from experts who cite potential issues: space congestion exacerbates collision risks and debris accumulation; radio frequency interference from satellites impedes astronomical observations; and the logistical complexities of launching, maintaining, and protecting hardware in orbit remain substantial. Musk counters these concerns by emphasizing the vast scale of space, though regulatory and environmental challenges persist. The application lacks a specified timeline, reflecting uncertainties in implementation amidst ongoing debates over space sustainability and technological feasibility.",
      "source": "BBC Science",
      "time_ago": "1 day ago",
      "image_url": "/article_images/article_a3a3772ed48370f6_a7a11f1c18f3.webp",
      "category": "Science"
    }
  ]
}