{
  "articles": [
    {
      "id": "ddb0ea8904d8164f",
      "title": "Cultural Milestone and Political Protest: Bad Bunny's Grammy Triumph in Context",
      "summary": "Bad Bunny's victory at the Grammy Awards represents a significant cultural breakthrough, as he became the inaugural Latin artist to win album of the year in the ceremony's 68-year history. His album, Debí Tirar Mas Fotos, serves as a profound exploration of Puerto Rican musical traditions, triumphing over notable contenders such as Lady Gaga and Kendrick Lamar. Concurrently, the event transformed into a platform for political dissent, with numerous artists vocally opposing the Trump administration's immigration crackdown. Bad Bunny dedicated his award to immigrants pursuing aspirations, while Olivia Dean, awarded best new artist, emphasized her Windrush generation heritage to underscore immigrant contributions. High-profile figures including Kehlani, Gloria Estefan, and Billie Eilish articulated support for immigrants, with many adorning 'ICE out' badges to critique Immigration and Customs Enforcement. This convergence of artistic achievement and activism highlights broader societal debates on immigration, identity, and the role of celebrities in advocating for marginalized communities, reflecting tensions within contemporary American discourse.",
      "source": "BBC News",
      "time_ago": "2 hours ago",
      "image_url": "/article_images/article_ddb0ea8904d8164f_72ce71b9940c.webp",
      "category": "News"
    },
    {
      "id": "7b796e1b052da666",
      "title": "Navigating Authoritarian Constraints: The Precarious Role of Foreign Correspondents in Post-Invasion Russia",
      "summary": "In this reflective piece, Steve Rosenberg, a veteran BBC Moscow correspondent with over three decades of experience, elucidates the escalating perils of journalism in Russia following the full-scale invasion of Ukraine in February 2022. He juxtaposes his profound affinity for Russian culture—rooted in language, literature, and music—with the stark transformation of the nation under President Putin's regime, which has embarked on a dark path marked by war and repression. The invasion precipitated the enactment of draconian laws designed to quash dissent and penalize criticism, thereby rendering objective reporting a precarious endeavor akin to traversing a legal minefield on a tightrope. Rosenberg confronts vitriolic rhetoric from figures like Vladimir Solovyov, who denounce him as an 'enemy,' emblematic of the hostile milieu for foreign media. The espionage conviction of Wall Street Journal reporter Evan Gershkovich underscores the juridical vulnerabilities, illustrating that diplomatic protections are tenuous in an authoritarian context. This analysis delves into the intricate dynamics of media freedom, state control, and personal resilience, offering a nuanced examination of the challenges in upholding journalistic ethics amidst geopolitical turmoil and domestic crackdowns.",
      "source": "BBC News",
      "time_ago": "6 hours ago",
      "image_url": "/article_images/article_7b796e1b052da666_a4e2edf5d355.webp",
      "category": "News"
    },
    {
      "id": "02bf07c4e21f6a5f",
      "title": "Investigating Covert Filming and Monetization of Women in Public Spaces",
      "summary": "A comprehensive BBC investigation has uncovered a systematic practice wherein men covertly film women during nocturnal outings, subsequently monetizing the footage through online platforms such as YouTube, TikTok, Facebook, and Instagram. These videos, frequently categorized under euphemisms like 'walking tours' or 'nightlife content,' exhibit a predatory focus on women attired in dresses or skirts, often captured from rear or low-angle perspectives that may reveal intimate anatomical regions without consent. The investigation identified in excess of 65 digital channels disseminating this content, which has aggregated over three billion views within a triennial span across metropolitan hubs including London, Oslo, Miami, Bangkok, and Manchester—the latter emerging as a nodal point for such activities. Through victim tracking, nearly 50 women were located, many oblivious to their filming, reporting profound psychological distress including fear, humiliation, and paranoia; illustrative is a 21-year-old woman whose non-consensual video, viewed millions of times, induced persistent anxiety. Employing undercover methodologies in Manchester, the BBC exposed prolific operators associated with 12 accounts, encompassing a local taxi driver and international participants from Sweden, while noting the legal ambiguities: although public filming is not per se criminal, it inhabits a juridical 'grey area' potentially infringing harassment or voyeurism statutes. Platform responses were heterogeneous; YouTube and TikTok enacted selective removals post-investigation, whereas Facebook and Instagram retained active videos, underscoring deficiencies in content moderation. This inquiry situates within a broader context of technological exploitation, referencing prior exposés on smart glasses misuse, and eliciting governmental condemnation, thereby highlighting imperative dialogues on digital ethics, consent jurisprudence, and corporate accountability in mitigating image-based abuse.",
      "source": "BBC News",
      "time_ago": "6 hours ago",
      "image_url": "/article_images/article_02bf07c4e21f6a5f_5750d2db64c3.webp",
      "category": "News"
    },
    {
      "id": "1dddbd9662a57fac",
      "title": "Analyzing Sarah Ferguson's Epstein Emails: Financial Dependence and Familial Embarrassment",
      "summary": "This article examines the latest release of emails involving Sarah Ferguson and Jeffrey Epstein, providing insights into their sustained relationship following Epstein's 2008 conviction for sex trafficking minors. The correspondence, dated post-conviction, features Ferguson expressing profound affection, notably referring to Epstein as 'the brother I have always wished for,' and includes explicit financial requests, such as £20,000 for rent, underscoring her potential dependence on him. Additionally, the emails drag her daughters, Princesses Beatrice and Eugenie, into the scandal through mentions like Eugenie's 'shagging weekend,' exacerbating their embarrassment amidst ongoing royal controversies. While the article emphasizes that the emails do not indicate any legal wrongdoing by Ferguson or her family, they reveal the complexities of personal alliances with convicted criminals and the resultant reputational fallout. The analysis situates this within broader contexts of celebrity culture, media scrutiny, and the ethical implications of maintaining ties with disgraced individuals, highlighting how such associations can perpetuate public shame and complicate personal narratives despite assertions of innocence.",
      "source": "BBC News",
      "time_ago": "14 hours ago",
      "image_url": "/article_images/article_1dddbd9662a57fac_f8d55d8773e9.webp",
      "category": "News"
    },
    {
      "id": "4e3b1eccddc054f4",
      "title": "Geopolitical Escalation: Iran's Supreme Leader Threatens Regional War Amid U.S.-Iran Confrontation",
      "summary": "In a significant escalation of geopolitical tensions, Iran's Supreme Leader Ayatollah Ali Khamenei issued a stark warning that any U.S. military attack would precipitate a 'regional war' in the Middle East. This statement coincides with the deployment of the USS Abraham Lincoln carrier group to the Arabian Sea, ordered by President Donald Trump in response to Iran's violent suppression of nationwide protests that began over economic grievances but evolved into a direct challenge to theocratic rule. Khamenei, speaking during commemorations of Iran's 1979 Islamic Revolution, framed the protests as a 'coup' attempt, leading to mass detentions with sedition charges carrying potential death penalties—a move that raises human rights concerns and international alarm. He accused the U.S. of imperialistic designs on Iran's oil and mineral resources, asserting Iran's defensive posture while threatening severe retaliation. Concurrently, Iran's planned live-fire military drills in the Strait of Hormuz, a critical global oil transit corridor, heighten risks of miscalculation and disruption. Trump's ambiguous response, emphasizing U.S. naval power and a preference for negotiation while reserving military options, underscores the fragile diplomacy and potential for conflict. This complex scenario intertwines domestic unrest, regional power dynamics, and global energy security, reflecting deep-seated animosities and strategic posturing in U.S.-Iran relations.",
      "source": "PBS NewsHour",
      "time_ago": "16 hours ago",
      "image_url": "/article_images/article_4e3b1eccddc054f4_c4d21f30605e.webp",
      "category": "News"
    },
    {
      "id": "c709642140df0ca4",
      "title": "Analyzing the Measles Resurgence: A Comprehensive Guide for Parental Awareness and Prevention",
      "summary": "The article addresses the concerning resurgence of measles in the United States, a virus declared eliminated in 2000, with 2,267 confirmed cases in 2025—the highest since 1991—and 588 cases already in the current year, largely stemming from an ongoing outbreak in South Carolina and reports from states like Florida, North Carolina, and Utah. It functions as a parental guide, emphasizing that measles is a highly contagious respiratory pathogen causing a rash and symptoms such as cough, runny nose, fever, and red watery eyes, with progression to Koplik spots in the mouth and a characteristic rash that spreads from face to trunk. Medical experts, including Dr. William Schaffner and Dr. Peter Chin-Hong, underscore the severity of the virus, noting that even non-hospitalized cases are miserable and that the combination of symptoms during outbreaks is diagnostic. The piece contextualizes this within a landscape where many parents and doctors view measles as historical due to past vaccination success, yet current trends threaten the U.S.'s measles-free status. By providing a crash course on virology and public health, it aims to equip families with knowledge on symptom recognition and preventive measures, highlighting vaccination as a critical tool in mitigating transmission and protecting vulnerable populations, especially young children.",
      "source": "PBS NewsHour",
      "time_ago": "16 hours ago",
      "image_url": "/article_images/article_c709642140df0ca4_92fa153ae6d9.webp",
      "category": "News"
    }
  ]
}