{
  "title": "The Politicization of the NFL: Trump's Influence and Societal Divisions",
  "summary": "This article critically examines former President Donald Trump's efforts to imprint his political agenda onto the National Football League (NFL), which is currently enjoying unprecedented ratings and profitability. As America's predominant sport, the NFL traditionally unites diverse audiences, but the infusion of politics introduces a complex dynamic that risks alienating segments of its fanbase. The piece features an interview with Christine Brennan, a seasoned sports columnist, who contextualizes the NFL's ascendancy over baseball as the national pastime, attributing it to societal shifts such as shortened attention spans and the game's rhythmic appeal. Trump's engagement with the league underscores broader themes of political polarization and the blurring lines between entertainment and governance. The analysis delves into the implications of such interactions, suggesting that while the NFL thrives under Commissioner Roger Goodell's leadership, external political pressures could undermine its cultural cohesion. This exploration highlights the delicate balance between sports as a unifying force and as a battleground for ideological conflicts, urging a nuanced understanding of how public figures shape national narratives.",
  "keywords": [
    {
      "term": "politicization",
      "explanation": "the process of making something subject to political debate or influence"
    },
    {
      "term": "ideological conflicts",
      "explanation": "disagreements arising from differing beliefs or systems of ideas"
    },
    {
      "term": "cultural cohesion",
      "explanation": "the sense of unity and shared identity within a culture or community"
    },
    {
      "term": "external pressures",
      "explanation": "influences from outside sources that can affect an organization's operations"
    },
    {
      "term": "national narratives",
      "explanation": "the stories and themes that define a country's identity and values"
    },
    {
      "term": "expert testimony",
      "explanation": "evidence provided by specialists in a field, used to support arguments"
    },
    {
      "term": "polarization",
      "explanation": "the division of groups into opposing extremes, often in political contexts"
    },
    {
      "term": "apolitical stance",
      "explanation": "a position of avoiding political involvement to maintain neutrality"
    },
    {
      "term": "societal shifts",
      "explanation": "changes in social behaviors and norms over time"
    },
    {
      "term": "governance",
      "explanation": "the act or process of governing or overseeing the management of an entity"
    }
  ],
  "questions": [
    {
      "question": "What is the central argument regarding Trump's influence on the NFL?",
      "options": [
        "It has no effect",
        "It strengthens fan unity",
        "It introduces political divisions",
        "It improves game quality"
      ],
      "correct_answer": "It introduces political divisions"
    },
    {
      "question": "How does the article source its information?",
      "options": [
        "Through scientific studies",
        "Via an expert interview",
        "Using government reports",
        "From fan surveys"
      ],
      "correct_answer": "Via an expert interview"
    },
    {
      "question": "What societal change is cited for football's popularity over baseball?",
      "options": [
        "Increased wealth",
        "Shorter attention spans",
        "Better players",
        "More media coverage"
      ],
      "correct_answer": "Shorter attention spans"
    },
    {
      "question": "What potential risk does political involvement pose to the NFL?",
      "options": [
        "Financial loss",
        "Alienation of fans",
        "Rule changes",
        "Player strikes"
      ],
      "correct_answer": "Alienation of fans"
    },
    {
      "question": "Who is Christine Brennan and what is her role?",
      "options": [
        "A political analyst",
        "A sports columnist",
        "A NFL executive",
        "A fan representative"
      ],
      "correct_answer": "A sports columnist"
    },
    {
      "question": "What does the term 'cultural cohesion' refer to in this context?",
      "options": [
        "Unity among diverse groups",
        "Economic growth",
        "Political agreements",
        "Technological advances"
      ],
      "correct_answer": "Unity among diverse groups"
    },
    {
      "question": "How might the methodology of using an interview affect the article's credibility?",
      "options": [
        "It ensures objectivity",
        "It introduces potential bias",
        "It provides statistical data",
        "It eliminates all errors"
      ],
      "correct_answer": "It introduces potential bias"
    },
    {
      "question": "What is a limitation of the evidence presented?",
      "options": [
        "Lack of expert opinion",
        "Over-reliance on a single source",
        "Absence of historical context",
        "Too much data"
      ],
      "correct_answer": "Over-reliance on a single source"
    },
    {
      "question": "How does the article evaluate author credibility?",
      "options": [
        "By citing multiple experts",
        "By noting Brennan's experience",
        "Through peer review",
        "By ignoring it"
      ],
      "correct_answer": "By noting Brennan's experience"
    },
    {
      "question": "What broader implication does the article suggest about sports and politics?",
      "options": [
        "They should always merge",
        "They can create societal divisions",
        "They have no connection",
        "They improve entertainment"
      ],
      "correct_answer": "They can create societal divisions"
    }
  ],
  "background_read": [
    "The NFL represents a cornerstone of American culture, with its games drawing massive audiences and generating significant revenue. Historically, sports have often intersected with politics, as seen in events like protests during national anthems. This article builds on that context, examining how high-profile political figures like Trump engage with sports leagues to amplify their messages. Understanding this requires knowledge of media dynamics, fan psychology, and political strategy, as well as the ethical considerations of maintaining sports' apolitical nature in a polarized society."
  ],
  "Article_Structure": [
    "This in-depth analysis covers the main points of Trump's political influence on the NFL and fan pushback, highlighting the league's success and societal shifts favoring football. The purpose is to explore the broader implications of politicization in sports, using evidence from an interview with Christine Brennan, whose credibility as a sports columnist adds authority but may introduce bias. The methodology relies on expert testimony, which, while insightful, lacks empirical data, limiting the critical assessment. Strengths include clear articulation of tensions, but limitations involve potential one-sided perspectives and insufficient evaluation of alternative viewpoints, calling for a more balanced approach to assess the evidence's robustness."
  ],
  "perspectives": [
    {
      "perspective": "Trump's perspective",
      "description": "Seeks to leverage the NFL's platform to advance political goals, viewing it as a tool for influence."
    },
    {
      "perspective": "Fan perspective",
      "description": "Varied reactions, with some opposing political intrusion to preserve sports' unifying role, while others may support it."
    }
  ],
  "image_url": "/article_images/article_b916d5b609939814_918d225050f9.webp"
}