{
  "title": "A Transition in Television: Analyzing the Departure of Daly and Winkleman from Strictly Come Dancing",
  "summary": "The imminent departure of Tess Daly and Claudia Winkleman from Strictly Come Dancing, culminating in their final presentation during the Christmas Special on BBC One, signifies a pivotal moment in British television history. Having co-hosted for over a decade, they established themselves as the inaugural female presenting duo on prime-time Saturday night TV, with Daly's tenure extending 21 years since the show's inception alongside Sir Bruce Forsyth, and Winkleman's involvement dating back to her role on the spin-off It Takes Two since 2004 before joining the main show in 2014. Their announcement in October to step down at the series' end elicited widespread shock among fans and contestants, catalyzing intense speculation regarding successors, with names such as Zoe Ball, Rylan, and Janette Manrara circulating in media discourse. In a joint Instagram statement, they characterized their hosting experience as an absolute dream, opting to leave concurrently without divulging specific rationale, merely asserting the timing felt appropriate. BBC chief content officer Kate Phillips framed this as the end of an era, underscoring the program's societal role in familial cohesion, while entertainment journalist Emma Bullimore contended that the position remains a coveted gig despite the show's recent tribulations. This transition prompts broader reflections on the evolution of televised entertainment and the challenges of sustaining legacy formats in a dynamic media landscape.",
  "keywords": [
    {
      "term": "pivotal moment",
      "explanation": "a critical point that marks a significant change or decision"
    },
    {
      "term": "inaugural",
      "explanation": "first or initial in a series, marking a beginning"
    },
    {
      "term": "catalyzing",
      "explanation": "causing or accelerating a reaction or process"
    },
    {
      "term": "media discourse",
      "explanation": "discussion and analysis of topics in the media"
    },
    {
      "term": "divulging",
      "explanation": "revealing or making known information"
    },
    {
      "term": "societal role",
      "explanation": "the function or impact something has on society"
    },
    {
      "term": "coveted",
      "explanation": "highly desired or sought after"
    },
    {
      "term": "tribulations",
      "explanation": "difficulties or troubles faced"
    },
    {
      "term": "legacy formats",
      "explanation": "established types or models of media that have historical significance"
    },
    {
      "term": "dynamic media landscape",
      "explanation": "the constantly changing environment of media and entertainment"
    }
  ],
  "questions": [
    {
      "question": "What does the departure of Daly and Winkleman represent in British TV context?",
      "options": [
        "A pivotal moment marking transition",
        "A minor staffing change",
        "A decline in show quality",
        "An expansion of the show"
      ],
      "correct_answer": "A pivotal moment marking transition"
    },
    {
      "question": "How did Winkleman's role evolve prior to becoming a main host?",
      "options": [
        "From hosting It Takes Two to Strictly",
        "From professional dancer to host",
        "From BBC News to entertainment",
        "From co-hosting with Forsyth"
      ],
      "correct_answer": "From hosting It Takes Two to Strictly"
    },
    {
      "question": "What aspect of their departure did Kate Phillips emphasize?",
      "options": [
        "Its significance as the end of an era",
        "The financial implications for BBC",
        "The need for new talent",
        "The show's ratings boost"
      ],
      "correct_answer": "Its significance as the end of an era"
    },
    {
      "question": "How does Emma Bullimore assess the hosting job's appeal?",
      "options": [
        "As a coveted gig despite challenges",
        "As an outdated role",
        "As easy to fill",
        "As declining in prestige"
      ],
      "correct_answer": "As a coveted gig despite challenges"
    },
    {
      "question": "What methodological approach does the article primarily use?",
      "options": [
        "Compilation of statements and expert commentary",
        "Statistical analysis of viewer data",
        "In-depth interviews with all parties",
        "Historical comparison with other shows"
      ],
      "correct_answer": "Compilation of statements and expert commentary"
    },
    {
      "question": "What critical limitation is noted in the article's evidence?",
      "options": [
        "Lack of explicit reasons for leaving",
        "Overreliance on fan reactions",
        "Absence of replacement names",
        "Inaccurate timeline of events"
      ],
      "correct_answer": "Lack of explicit reasons for leaving"
    },
    {
      "question": "How does the article contextualize Strictly's recent challenges?",
      "options": [
        "As part of a dynamic media landscape",
        "As evidence of show failure",
        "As irrelevant to the departure",
        "As solely financial issues"
      ],
      "correct_answer": "As part of a dynamic media landscape"
    },
    {
      "question": "What broader reflection does the transition prompt?",
      "options": [
        "On sustaining legacy TV formats",
        "On increasing viewer numbers",
        "On reducing production costs",
        "On expanding to international markets"
      ],
      "correct_answer": "On sustaining legacy TV formats"
    },
    {
      "question": "What is implied about the hosts' decision to leave together?",
      "options": [
        "It was a coordinated, symbolic move",
        "It was due to external pressure",
        "It was unexpected by the BBC",
        "It was based on contractual issues"
      ],
      "correct_answer": "It was a coordinated, symbolic move"
    },
    {
      "question": "How does the article evaluate author credibility?",
      "options": [
        "BBC News as reputable but with limited depth",
        "As biased towards the hosts",
        "As lacking journalistic standards",
        "As overly critical of the show"
      ],
      "correct_answer": "BBC News as reputable but with limited depth"
    }
  ],
  "background_read": [
    "Strictly Come Dancing, launched in 2004, is a seminal British television dance competition that has ingrained itself into national culture, renowned for its blend of celebrity participation, professional choreography, and family-oriented entertainment. Tess Daly, as an original host, and Claudia Winkleman, who ascended from the ancillary show It Takes Two, have been instrumental in shaping its identity, particularly through their groundbreaking female duo dynamic in prime-time slots. The show has navigated various challenges, including ratings fluctuations and public controversies, yet maintains a loyal viewership. The departure of Daly and Winkleman intersects with broader media trends, such as the evolution of legacy broadcasting formats and the search for relevancy in an era of streaming and digital fragmentation. Analyzing this transition requires consideration of television history, audience demographics, and industry dynamics, offering insights into how iconic programs manage succession and adapt to changing entertainment paradigms."
  ],
  "Article_Structure": [
    "Main Points: The article analyzes the departure of Tess Daly and Claudia Winkleman from Strictly Come Dancing as a significant transition in British TV, detailing their historic roles as the first female prime-time duo, the shock and speculation following their announcement, and their personal statements. Purpose: To provide an in-depth news report on this cultural shift, exploring implications for the show's future and its societal impact. Evidence Evaluation: Sources include direct quotes from the hosts' Instagram statement and an entertainment journalist, offering credible but limited perspectives; lacks comprehensive data or diverse viewpoints on reasons for leaving. Author Credibility: BBC News ensures factual accuracy and journalistic integrity, though the article's brevity may restrict nuanced analysis. Methodology: Employs standard news-gathering techniques, compiling official announcements and expert commentary without original investigation. Critical Assessment: Strengths lie in timely reporting and contextual quotes, but limitations include insufficient exploration of underlying causes and potential biases towards the show's prestige, highlighting a need for more investigative depth."
  ],
  "perspectives": [
    {
      "perspective": "Media analysis",
      "description": "Examines the departure as a case study in television evolution, considering factors like legacy formats and audience engagement in a shifting media environment."
    }
  ],
  "image_url": "/article_images/article_b9a34fc99f9727ac_1d6c1ed1f82f.webp"
}