{
  "title": "Homicide Investigation Unveiled Following the Deaths of Film Icon Rob Reiner and Spouse Michele",
  "summary": "The deaths of Hollywood luminary Rob Reiner and his wife Michele have prompted a homicide investigation after they were discovered deceased in their Los Angeles residence. Authorities, including the Los Angeles Police Department and Fire Department, responded to an emergency call at the couple's upscale Brentwood home on Sunday afternoon, with the incident being treated as an apparent homicide. Reiner, acclaimed for directing seminal films such as When Harry Met Sally and This is Spinal Tap, leaves behind a legacy spanning decades in the entertainment industry. A family spokesperson issued a formal statement expressing profound sorrow and requesting privacy, while tributes have emerged from influential figures, including former President Barack Obama and Speaker Nancy Pelosi. Police details indicate that a 78-year-old man and 68-year-old woman were pronounced dead at the scene, though official identification and circumstances remain undisclosed. No arrests have been made, and no suspects are currently sought, as robbery homicide detectives delve into the case. At a press conference, Deputy Chief Alan Hamilton revealed that the bodies were still present hours post-response, with the cause of death pending determination by the LA coroner's office. Reiner, son of comedic legend Carl Reiner, launched his career in the 1960s and achieved prominence through his role in the groundbreaking TV sitcom All in The Family, garnering two Emmy Awards and establishing a multifaceted career in film direction.",
  "keywords": [
    {
      "term": "luminary",
      "explanation": "a person who inspires or influences others, especially in a particular field"
    },
    {
      "term": "homicide investigation",
      "explanation": "a formal inquiry by law enforcement into a death suspected to be caused by criminal act"
    },
    {
      "term": "seminal films",
      "explanation": "movies that have a significant and lasting influence on the industry"
    },
    {
      "term": "legacy",
      "explanation": "something left behind or handed down, such as achievements or reputation"
    },
    {
      "term": "undisclosed",
      "explanation": "not revealed or made public"
    },
    {
      "term": "robbery homicide detectives",
      "explanation": "specialized police officers who investigate deaths related to theft or violent crime"
    },
    {
      "term": "prominence",
      "explanation": "the state of being important, famous, or noticeable"
    },
    {
      "term": "multifaceted career",
      "explanation": "a professional life involving many different aspects or roles"
    },
    {
      "term": "groundbreaking",
      "explanation": "innovative or pioneering, introducing new ideas or methods"
    },
    {
      "term": "pending determination",
      "explanation": "awaiting a final decision or conclusion"
    }
  ],
  "questions": [
    {
      "question": "What specific type of detectives are involved in the investigation?",
      "options": [
        "Traffic detectives",
        "Robbery homicide detectives",
        "Cybercrime detectives",
        "Narcotics detectives"
      ],
      "correct_answer": "Robbery homicide detectives"
    },
    {
      "question": "What did Deputy Chief Alan Hamilton state about the bodies during the press conference?",
      "options": [
        "They were identified immediately",
        "They were still inside the house hours later",
        "They showed signs of robbery",
        "They had been moved to a morgue"
      ],
      "correct_answer": "They were still inside the house hours later"
    },
    {
      "question": "Which office is responsible for determining the cause of death?",
      "options": [
        "The LAPD",
        "The family spokesperson",
        "The LA coroner's office",
        "The fire department"
      ],
      "correct_answer": "The LA coroner's office"
    },
    {
      "question": "What aspect of Reiner's career is highlighted as groundbreaking?",
      "options": [
        "His role in All in The Family",
        "His film direction only",
        "His political endorsements",
        "His early acting in the 1960s"
      ],
      "correct_answer": "His role in All in The Family"
    },
    {
      "question": "How many Emmy Awards did Reiner win for All in The Family?",
      "options": [
        "One",
        "Two",
        "Three",
        "None"
      ],
      "correct_answer": "Two"
    },
    {
      "question": "What time did the Los Angeles Fire Department receive the emergency call?",
      "options": [
        "At 15:38 local time",
        "In the morning",
        "At midnight",
        "Not specified"
      ],
      "correct_answer": "At 15:38 local time"
    },
    {
      "question": "What is the current status regarding suspects in the case?",
      "options": [
        "One suspect arrested",
        "No suspects currently being sought",
        "Multiple persons of interest",
        "Suspects identified but not arrested"
      ],
      "correct_answer": "No suspects currently being sought"
    },
    {
      "question": "Which notable figures paid tributes to the couple?",
      "options": [
        "Only Hollywood actors",
        "Barack Obama and Nancy Pelosi",
        "The police chief only",
        "No one publicly"
      ],
      "correct_answer": "Barack Obama and Nancy Pelosi"
    },
    {
      "question": "What genre diversity is noted in Reiner's filmography?",
      "options": [
        "He only directed comedies",
        "He worked across various genres",
        "He focused on dramas exclusively",
        "He avoided mockumentaries"
      ],
      "correct_answer": "He worked across various genres"
    },
    {
      "question": "What was Reiner's role in This is Spinal Tap?",
      "options": [
        "He only acted in it",
        "He directed and played Marty DiBergi",
        "He produced it",
        "He wrote the screenplay"
      ],
      "correct_answer": "He directed and played Marty DiBergi"
    }
  ],
  "background_read": [
    "Rob Reiner's career exemplifies the evolution of Hollywood, from his early days in television to his success as a film director. He is renowned for directing iconic movies that span genres, such as romantic comedies and mockumentaries, influencing contemporary cinema. The article details a tragic event where he and his wife were found dead, leading to a homicide investigation by the LAPD. Homicide investigations involve complex procedures, including evidence collection and coroner reports, to ascertain criminal involvement. The involvement of high-profile figures like Barack Obama underscores the cultural impact of Reiner's work. This case raises questions about celebrity privacy, media scrutiny, and law enforcement transparency in high-stakes investigations. Understanding these elements requires knowledge of criminal justice processes and the entertainment industry's societal role."
  ],
  "Article_Structure": [
    "Main Points: The article reports the deaths of Rob Reiner and Michele, with an ongoing homicide investigation by LAPD, highlighting Reiner's cinematic legacy and tributes from political and entertainment elites. Purpose: To provide timely news on a high-profile tragedy while contextualizing Reiner's contributions to film and the broader implications for public interest. Evidence Evaluation: Sources include official statements from family and police, but evidence is limited, with no details on injuries or weapons, indicating reliance on preliminary reports. Author Credibility: As a BBC article, it benefits from institutional credibility, though the lack of author attribution may affect transparency. Methodology: Information is sourced from press conferences and official releases, lacking independent verification, which could impact depth. Critical Assessment: Strengths include comprehensive coverage of key facts and context; limitations involve sparse details on the investigation and potential sensationalism given the celebrity angle."
  ],
  "perspectives": [
    {
      "perspective": "Journalistic ethics",
      "description": "Balancing the duty to report news with sensitivity to the family's privacy and avoiding speculation."
    },
    {
      "perspective": "Legal procedural",
      "description": "Examining the steps in a homicide investigation, from initial response to coroner involvement, and public transparency issues."
    }
  ],
  "image_url": "/article_images/article_18c32b5d33631c04_02df11db44ab.webp"
}