{
  "title": "Production Disruption and Ethical Context in Love Island: All Stars Due to Wildfires",
  "summary": "The filming of Love Island: All Stars has been indefinitely postponed following the evacuation of its South African villa due to wildfires, as announced by ITV. Citing health and safety as the paramount concern, the premiere delay underscores the vulnerability of entertainment production to environmental crises. The wildfires, occurring in the Western Cape, involve containment efforts by authorities including the South African Air Force, reflecting broader climate-related challenges. Love Island: All Stars, a spin-off featuring former contestants like Jess Harding and Millie Court and hosted by Maya Jama, aims to capitalize on the franchise's popularity, with an initial cast of 12. This incident intersects with historical critiques of the Love Island series, where previous seasons garnered over 14,000 complaints alleging bullying, abusive behavior, and misogyny, though Ofcom declined investigation, deeming the portrayal not glorified. ITV's response includes pre-filming training on respectful relationships and coercive behavior patterns, indicating attempts at mitigation. The article also notes streaming growth on ITVX, suggesting economic stakes, while briefly mentioning unrelated fraud cases, potentially diluting focus. Overall, it presents a multifaceted narrative linking production logistics, safety protocols, and ongoing ethical debates in reality television.",
  "keywords": [
    {
      "term": "evacuation",
      "explanation": "the organized removal of individuals from a hazardous location to ensure safety"
    },
    {
      "term": "postponement",
      "explanation": "the act of deferring an event to a future date, often due to unforeseen circumstances"
    },
    {
      "term": "wildfires",
      "explanation": "large, uncontrolled fires that consume natural vegetation, often driven by dry conditions and wind, posing significant environmental and safety risks"
    },
    {
      "term": "ethical debates",
      "explanation": "discussions concerning moral principles, such as the portrayal of behavior in media and its societal impact"
    },
    {
      "term": "containment efforts",
      "explanation": "strategies and actions taken to control and limit the spread of fires or other hazards"
    }
  ],
  "questions": [
    {
      "question": "What specific region in South Africa is affected by the wildfires?",
      "options": [
        "Western Cape",
        "Eastern Cape",
        "Gauteng",
        "KwaZulu-Natal"
      ],
      "correct_answer": "Western Cape"
    },
    {
      "question": "How did ITV justify the delay of Love Island: All Stars?",
      "options": [
        "Prioritizing health and safety",
        "Addressing viewer complaints",
        "Improving production quality",
        "Responding to actor demands"
      ],
      "correct_answer": "Prioritizing health and safety"
    },
    {
      "question": "What role does the South African Air Force play in the wildfire situation?",
      "options": [
        "Assisting in containment efforts",
        "Evacuating the villa directly",
        "Providing medical aid",
        "Broadcasting updates"
      ],
      "correct_answer": "Assisting in containment efforts"
    },
    {
      "question": "Which regulatory body decided not to investigate past Love Island complaints?",
      "options": [
        "Ofcom",
        "BBC",
        "ITV",
        "SABC"
      ],
      "correct_answer": "Ofcom"
    },
    {
      "question": "What type of training does ITV provide to participants regarding behavior?",
      "options": [
        "Training on respectful relationships and coercive behavior",
        "Training on fire safety protocols",
        "Training on media interviews",
        "Training on physical fitness"
      ],
      "correct_answer": "Training on respectful relationships and coercive behavior"
    },
    {
      "question": "How many viewer complaints were mentioned for the regular Love Island series?",
      "options": [
        "Over 14,000",
        "About 2,600",
        "Less than 1,000",
        "Not specified"
      ],
      "correct_answer": "Over 14,000"
    },
    {
      "question": "What is the significance of the streaming growth on ITVX mentioned in the article?",
      "options": [
        "It indicates economic success and viewer engagement",
        "It shows a decline in traditional TV viewership",
        "It relates directly to the wildfire delay",
        "It is irrelevant to the main topic"
      ],
      "correct_answer": "It indicates economic success and viewer engagement"
    },
    {
      "question": "Who are the two former winners included in the All Stars cast?",
      "options": [
        "Jess Harding and Millie Court",
        "Maya Jama and Amy Hart",
        "Jack Keating and Belle Hassan",
        "Shaq Muhammad and Tommy Bradley"
      ],
      "correct_answer": "Jess Harding and Millie Court"
    },
    {
      "question": "What broader issue does the article link to the wildfire delay?",
      "options": [
        "Climate-related challenges and production vulnerabilities",
        "Political instability in South Africa",
        "Technological failures in broadcasting",
        "Changes in viewer preferences"
      ],
      "correct_answer": "Climate-related challenges and production vulnerabilities"
    },
    {
      "question": "How does the article characterize the portrayal of negative behavior in past Love Island seasons?",
      "options": [
        "As not shown in a positive light",
        "As glorified and encouraged",
        "As completely fabricated",
        "As irrelevant to the current delay"
      ],
      "correct_answer": "As not shown in a positive light"
    }
  ],
  "background_read": [
    "Love Island, a seminal British reality dating show, has evolved into a cultural phenomenon with spin-offs like All Stars, reflecting trends in participatory media and audience interaction. Wildfires in regions like South Africa's Western Cape are increasingly linked to climate change, involving complex mitigation strategies such as aerial firefighting. The entertainment industry's reliance on location-based filming exposes it to natural disaster risks, necessitating contingency planning. Ethical critiques of reality TV often focus on its potential to normalize harmful behaviors, prompting regulatory frameworks like Ofcom's broadcasting codes and producer interventions like ITV's training programs. Historical data on viewer complaints and streaming metrics illustrate the show's societal impact and commercial dynamics, while tangential references, such as fraud cases, may indicate editorial breadth but risk diluting analytical depth."
  ],
  "Article_Structure": [
    "Main Points: The article details the postponement of Love Island: All Stars due to wildfire-induced evacuation, emphasizing ITV's safety focus, and contextualizes this with the show's format, cast, and past ethical issues. Purpose: To report on a production disruption while exploring broader themes of environmental risks and media ethics in reality TV. Evidence Evaluation: Sources include ITV statements, SABC reports, and Ofcom decisions, providing credible but secondary information; however, the inclusion of unrelated fraud content weakens coherence. Author Credibility: As BBC content, it assumes reliability, though author-specific expertise is absent, potentially affecting depth. Methodology: Relies on public announcements, news agency reports, and historical data, employing a journalistic approach without primary investigation. Critical Assessment: Strengths lie in multi-faceted coverage linking production, safety, and ethics, but limitations include tangential details and lack of firsthand accounts or expert analysis on wildfire causes or TV industry practices."
  ],
  "perspectives": [
    {
      "perspective": "Environmental and Logistical Analysis",
      "description": "Highlights how climate events disrupt global media production and necessitate adaptive strategies."
    },
    {
      "perspective": "Media Ethics and Regulation",
      "description": "Examines the balance between entertainment value and responsible portrayal of behavior in reality TV, considering viewer feedback and regulatory responses."
    }
  ],
  "image_url": "/article_images/article_93f8911e97339815_813d456e907c.webp"
}