{
  "title": "Deconstructing the Government Shutdown Accord and Its Implications",
  "summary": "The conclusion of the longest government shutdown in U.S. history is imminent, following the Senate's approval of a deal to reopen the government on Monday night. Despite this legislative action, the shutdown will persist for at least an additional day, underscoring the procedural complexities and lingering uncertainties in the political landscape. This shutdown originated from protracted disputes over federal funding, resulting in the suspension of non-essential services and the furlough of numerous government employees. Lisa Desjardins, serving as a congressional correspondent for PBS NewsHour, offers analytical reporting that delves into the nuances of the negotiation process and the broader ramifications for governance and public welfare. The passage of the deal represents a pivotal moment in addressing the immediate crisis, yet it raises critical questions about the sustainability of such resolutions and the potential for recurrent fiscal standoffs. This analysis emphasizes the importance of understanding governmental mechanics and the implications of political deadlock in a democratic society.",
  "keywords": [
    {
      "term": "government shutdown",
      "explanation": "a cessation of non-essential federal operations due to the failure of Congress to enact appropriations legislation"
    },
    {
      "term": "Senate",
      "explanation": "the upper house of the U.S. Congress, vested with the authority to ratify treaties and confirm appointments, crucial in budgetary processes"
    },
    {
      "term": "deal",
      "explanation": "a bipartisan or negotiated agreement aimed at resolving legislative impasses and reinstating government funding"
    },
    {
      "term": "reopen",
      "explanation": "the process of resuming federal agency functions and services post-shutdown"
    },
    {
      "term": "congressional correspondent",
      "explanation": "a journalist specializing in coverage of legislative activities, providing insights into political dynamics and policy developments"
    },
    {
      "term": "funding disputes",
      "explanation": "conflicts over the allocation of financial resources, often leading to governmental gridlock"
    },
    {
      "term": "furloughs",
      "explanation": "temporary unpaid leaves imposed on federal employees during funding lapses, affecting economic stability"
    },
    {
      "term": "political negotiations",
      "explanation": "strategic discussions among lawmakers to forge compromises on contentious issues, influencing governmental functionality"
    },
    {
      "term": "uncertainties",
      "explanation": "ambiguities regarding future political and economic outcomes, exacerbated by legislative delays"
    },
    {
      "term": "ramifications",
      "explanation": "the far-reaching consequences of political decisions on societal structures and individual livelihoods"
    },
    {
      "term": "sustainability",
      "explanation": "the capacity of political solutions to prevent recurrent crises and ensure long-term governmental stability"
    },
    {
      "term": "fiscal standoffs",
      "explanation": "confrontations over budgetary matters that can paralyze government operations and undermine public trust"
    }
  ],
  "questions": [
    {
      "question": "What distinguishes this government shutdown from others in history?",
      "options": [
        "It was the longest duration",
        "It had no impact on services",
        "It was resolved instantly",
        "It involved only state governments"
      ],
      "correct_answer": "It was the longest duration"
    },
    {
      "question": "Which branch of government is primarily involved in passing the deal to reopen?",
      "options": [
        "The legislative branch, specifically the Senate",
        "The executive branch",
        "The judicial branch",
        "Local governments"
      ],
      "correct_answer": "The legislative branch, specifically the Senate"
    },
    {
      "question": "When did the Senate approve the deal?",
      "options": [
        "On Monday night",
        "On Tuesday morning",
        "Over the weekend",
        "In the previous month"
      ],
      "correct_answer": "On Monday night"
    },
    {
      "question": "What is the timeline for the shutdown's conclusion after the deal?",
      "options": [
        "At least one more day is required",
        "It ends immediately",
        "It continues indefinitely",
        "It ended before the deal"
      ],
      "correct_answer": "At least one more day is required"
    },
    {
      "question": "Who is Lisa Desjardins and what is her role?",
      "options": [
        "A congressional correspondent reporting on the event",
        "A senator involved in the deal",
        "A government agency head",
        "A political theorist"
      ],
      "correct_answer": "A congressional correspondent reporting on the event"
    },
    {
      "question": "What does the term 'furlough' refer to in this context?",
      "options": [
        "Temporary layoff of employees during a shutdown",
        "A type of government benefit",
        "A legislative session",
        "A public holiday"
      ],
      "correct_answer": "Temporary layoff of employees during a shutdown"
    },
    {
      "question": "Why might there be uncertainties after the deal's passage?",
      "options": [
        "Due to unresolved issues about future funding and operations",
        "Because the deal was rejected",
        "As all details are fully disclosed",
        "Since the shutdown has no consequences"
      ],
      "correct_answer": "Due to unresolved issues about future funding and operations"
    },
    {
      "question": "What is the primary cause of government shutdowns?",
      "options": [
        "Failure to pass funding legislation",
        "Natural disasters",
        "International conflicts",
        "Technological failures"
      ],
      "correct_answer": "Failure to pass funding legislation"
    },
    {
      "question": "How does journalistic reporting contribute to public understanding in such events?",
      "options": [
        "By providing analysis and context from credible sources",
        "By making laws",
        "By funding government programs",
        "By ignoring the issues"
      ],
      "correct_answer": "By providing analysis and context from credible sources"
    },
    {
      "question": "What are potential long-term implications of recurrent shutdowns?",
      "options": [
        "Erosion of public trust and economic instability",
        "Improved government efficiency",
        "Increased political unity",
        "Elimination of all disputes"
      ],
      "correct_answer": "Erosion of public trust and economic instability"
    },
    {
      "question": "What methodology is used in the article's reporting?",
      "options": [
        "Journalistic coverage based on official sources and events",
        "Scientific experiments",
        "Historical archives only",
        "Personal opinions without evidence"
      ],
      "correct_answer": "Journalistic coverage based on official sources and events"
    },
    {
      "question": "How does author credibility affect the article's reliability?",
      "options": [
        "Lisa Desjardins' expertise enhances trustworthiness",
        "It has no effect",
        "It makes the article biased",
        "She is not a credible source"
      ],
      "correct_answer": "Lisa Desjardins' expertise enhances trustworthiness"
    }
  ],
  "background_read": [
    "Government shutdowns in the U.S. occur when Congress fails to approve funding bills, leading to the suspension of federal operations. This shutdown, the longest on record, highlights systemic issues in budgetary politics and partisan conflicts. The Senate's role in the legislative process is critical, as it must concur with the House on appropriations. Lisa Desjardins, as an experienced congressional correspondent, brings authority to her reporting by drawing on years of coverage and access to key political figures. Understanding these events requires knowledge of U.S. governance structures, the impacts on public services, and the broader economic and social consequences of political impasses."
  ],
  "Article_Structure": [
    "This article provides an in-depth analysis of the government shutdown resolution, detailing the main points: the Senate's passage of a deal to end the longest shutdown, with a delay in implementation and ongoing uncertainties. The purpose is to elucidate the political and social context of the shutdown, emphasizing its implications for governance. Evidence evaluation shows reliance on credible journalistic sources, such as Lisa Desjardins, though it lacks primary data, potentially limiting depth. Author credibility is strong due to her expertise as a congressional correspondent, but possible biases in media framing should be considered. The methodology involves real-time reporting from legislative events, offering timely insights but not peer-reviewed research. Critical assessment notes the article's strength in accessibility and relevance, yet its limitations include a narrow focus on immediate events without extensive historical or comparative analysis."
  ],
  "perspectives": [
    {
      "perspective": "Federal workers",
      "description": "Experiencing financial and emotional stress due to furloughs, with concerns about job security and income stability"
    },
    {
      "perspective": "Legislators",
      "description": "Balancing political ideologies and public pressure to forge compromises, with implications for reelection and policy legacy"
    },
    {
      "perspective": "Media analysts",
      "description": "Providing critical commentary on the shutdown's causes and effects, influencing public opinion and accountability"
    },
    {
      "perspective": "Economists",
      "description": "Assessing the macroeconomic impacts, such as reduced GDP growth and increased uncertainty in markets"
    },
    {
      "perspective": "Citizens",
      "description": "Facing disruptions in essential services and growing disillusionment with governmental efficiency and transparency"
    }
  ],
  "image_url": "/article_images/article_9aff8c14b0cd2edf_a08399ea1d1e.webp"
}