{
  "title": "A Reporter's Life in Russia",
  "summary": "Steve Rosenberg is a BBC reporter who lives in Russia. He has worked there for over 30 years and loves the country's culture. But things changed when Russia invaded Ukraine in 2022. Now, it is harder for him to report the news because of new laws that limit what people can say. Some Russian TV hosts call him an enemy, which makes him sad. He has to be very careful to tell the truth without getting into trouble. This article shows what it is like to be a journalist in Russia during a war.",
  "keywords": [
    {
      "term": "reporter",
      "explanation": "a person who tells news stories"
    },
    {
      "term": "Russia",
      "explanation": "a big country where Steve works"
    },
    {
      "term": "invasion",
      "explanation": "when one country attacks another"
    },
    {
      "term": "laws",
      "explanation": "rules that people must follow"
    },
    {
      "term": "enemy",
      "explanation": "someone who is against a country"
    }
  ],
  "questions": [
    {
      "question": "Who is the main person in this story?",
      "options": [
        "Steve Rosenberg",
        "Vladimir Putin",
        "Evan Gershkovich",
        "A Russian TV host"
      ],
      "correct_answer": "Steve Rosenberg"
    },
    {
      "question": "What does Steve Rosenberg do for a job?",
      "options": [
        "A teacher",
        "A reporter",
        "A singer",
        "A soldier"
      ],
      "correct_answer": "A reporter"
    },
    {
      "question": "Where does Steve Rosenberg live and work?",
      "options": [
        "In the UK",
        "In Russia",
        "In Ukraine",
        "In the US"
      ],
      "correct_answer": "In Russia"
    },
    {
      "question": "Why is it hard for Steve to report news in Russia now?",
      "options": [
        "Because he doesn't like Russia",
        "Because of new laws",
        "Because he is too old",
        "Because he lost his job"
      ],
      "correct_answer": "Because of new laws"
    },
    {
      "question": "What happened in 2022 that changed things?",
      "options": [
        "Russia invaded Ukraine",
        "Steve moved to a new house",
        "A TV show started",
        "Steve wrote a song"
      ],
      "correct_answer": "Russia invaded Ukraine"
    },
    {
      "question": "How do some Russian TV hosts feel about Steve?",
      "options": [
        "They like him",
        "They call him an enemy",
        "They ignore him",
        "They help him"
      ],
      "correct_answer": "They call him an enemy"
    }
  ],
  "background_read": [
    "This article is about a BBC reporter named Steve Rosenberg who works in Russia. He has been there for many years and enjoys Russian culture. After Russia invaded Ukraine in 2022, the government made new laws that make it risky for journalists to report news. Steve has to be careful to avoid trouble while telling true stories. Some people on Russian TV say mean things about him, which shows how tense things are."
  ],
  "Article_Structure": [
    "WHO: Steve Rosenberg, a BBC reporter in Russia",
    "WHAT: He faces challenges reporting news due to new laws and being called an enemy",
    "WHERE: In Russia, especially Moscow",
    "WHY: Because Russia invaded Ukraine, leading to stricter rules and tensions"
  ],
  "perspectives": [
    {
      "perspective": "Journalist's view",
      "description": "Steve Rosenberg shares his personal experiences and feelings about working in Russia during difficult times."
    }
  ],
  "image_url": "/article_images/article_7b796e1b052da666_a4e2edf5d355.webp"
}