{
  "title": "Analyzing Trump's Preventative MRI and Legal Appointment Controversies",
  "summary": "This article from PBS NewsHour presents a news wrap covering three distinct stories: President Trump's recent MRI, a federal appeals court ruling on Alina Habba's appointment, and a West Virginia National Guard member's recovery. Regarding Trump's health, the White House characterized the MRI as a preventative screening focused on cardiovascular and abdominal health, with his physician reporting 'perfectly normal' results. This occurred at Walter Reed Medical Center in October, despite an annual physical in April, prompting scrutiny over the rationale and transparency. Legally, the court deemed Habba's role as U.S. attorney unlawful due to lack of Senate confirmation or judicial appointment, challenging the Trump administration's appointment strategies and potentially escalating to the Supreme Court. Additionally, the article notes the Guard member's positive recovery signs after a targeted shooting, underscoring ongoing security concerns. The piece aims to consolidate updates, but its brevity limits in-depth analysis, relying on official statements without extensive contextualization.",
  "keywords": [
    {
      "term": "preventative screening",
      "explanation": "A proactive medical assessment conducted to identify potential health issues before symptoms manifest, often used for disease prevention in at-risk populations."
    },
    {
      "term": "federal appeals court ruling",
      "explanation": "A judicial decision by an intermediate appellate court that interprets federal law, which can set precedents and influence higher court reviews."
    },
    {
      "term": "unconventional maneuvers",
      "explanation": "Non-standard strategies employed by an administration to achieve objectives, such as bypassing established legal protocols for appointments."
    },
    {
      "term": "cardiovascular evaluation",
      "explanation": "A comprehensive assessment of heart and blood vessel health, typically involving imaging tests to detect conditions like heart disease."
    },
    {
      "term": "targeted attack",
      "explanation": "A premeditated violent act directed at a specific individual or group, often analyzed in terms of motive and security implications."
    },
    {
      "term": "annual physical discrepancy",
      "explanation": "A inconsistency in health checkup timing, as seen when Trump had an MRI months after his regular physical, raising questions about medical justification."
    },
    {
      "term": "Supreme Court potential",
      "explanation": "The likelihood of a case being appealed to the highest judicial body, indicating significant legal stakes and constitutional questions."
    },
    {
      "term": "recovery prognosis",
      "explanation": "The predicted outcome of a patient's healing process, based on medical indicators and progress observed over time."
    },
    {
      "term": "appointment legitimacy",
      "explanation": "The validity of a government position based on adherence to legal appointment procedures, crucial for maintaining institutional integrity."
    },
    {
      "term": "news wrap format",
      "explanation": "A concise journalistic style that summarizes multiple stories briefly, often prioritizing breadth over depth for audience updates."
    }
  ],
  "questions": [
    {
      "question": "What rationale did the White House provide for President Trump's MRI being preventative?",
      "options": [
        "Men in his age group benefit from cardiovascular and abdominal evaluation.",
        "He had specific symptoms requiring immediate scanning.",
        "It was mandated by law for all presidents.",
        "As part of a research study on aging."
      ],
      "correct_answer": "Men in his age group benefit from cardiovascular and abdominal evaluation."
    },
    {
      "question": "How does the article describe the legal basis for Alina Habba's unlawful appointment?",
      "options": [
        "She wasn't confirmed by the Senate or appointed by district court judges.",
        "She failed a bar exam.",
        "She was appointed by the President alone.",
        "She served beyond her term limit."
      ],
      "correct_answer": "She wasn't confirmed by the Senate or appointed by district court judges."
    },
    {
      "question": "What implication does the Habba ruling have for similar cases mentioned?",
      "options": [
        "It sets a precedent challenging other Trump administration appointments.",
        "It automatically voids all past appointments.",
        "It has no effect on unrelated legal matters.",
        "It leads to immediate legislative changes."
      ],
      "correct_answer": "It sets a precedent challenging other Trump administration appointments."
    },
    {
      "question": "What is the article's tone regarding the timing of Trump's MRI relative to his annual physical?",
      "options": [
        "It raises questions about inconsistency and transparency.",
        "It fully endorses the medical timing.",
        "It ignores the timing as irrelevant.",
        "It criticizes the media for focusing on it."
      ],
      "correct_answer": "It raises questions about inconsistency and transparency."
    },
    {
      "question": "What does the article suggest about the potential outcome of the Habba case?",
      "options": [
        "It could lead to a Supreme Court fight due to its significance.",
        "It will be resolved quickly without appeal.",
        "It has already been settled out of court.",
        "It only affects local New Jersey politics."
      ],
      "correct_answer": "It could lead to a Supreme Court fight due to its significance."
    },
    {
      "question": "How does the article characterize the West Virginia National Guard member's recovery?",
      "options": [
        "Showing positive signs but still in serious condition.",
        "Completely recovered and discharged.",
        "In stable condition with no further updates.",
        "Worsening despite medical efforts."
      ],
      "correct_answer": "Showing positive signs but still in serious condition."
    },
    {
      "question": "What type of medical imaging was emphasized for Trump's age group?",
      "options": [
        "Advanced imaging for cardiovascular and abdominal health.",
        "Routine blood tests only.",
        "Mental health assessments.",
        "Dental X-rays."
      ],
      "correct_answer": "Advanced imaging for cardiovascular and abdominal health."
    },
    {
      "question": "What does the article imply about the Trump administration's appointment practices?",
      "options": [
        "They may involve unconventional maneuvers that bypass standard legal paths.",
        "They strictly follow all constitutional requirements.",
        "They are transparent and widely accepted.",
        "They have never been challenged in court."
      ],
      "correct_answer": "They may involve unconventional maneuvers that bypass standard legal paths."
    },
    {
      "question": "What limitation does the article's format impose on its analysis?",
      "options": [
        "Brevity limits depth and contextualization of each story.",
        "It provides exhaustive details on all aspects.",
        "It avoids using any official sources.",
        "It focuses only on one perspective."
      ],
      "correct_answer": "Brevity limits depth and contextualization of each story."
    },
    {
      "question": "How does the article integrate the three news stories?",
      "options": [
        "By summarizing them as separate but related updates in a wrap format.",
        "By connecting them through a single narrative theme.",
        "By prioritizing one story over the others.",
        "By excluding any linking commentary."
      ],
      "correct_answer": "By summarizing them as separate but related updates in a wrap format."
    }
  ],
  "background_read": [
    "This article from PBS NewsHour serves as a news wrap, summarizing multiple stories for a broad audience. For high school students, it offers insights into contemporary U.S. politics, law, and health journalism. Contextually, President Trump's health disclosures have been a topic of public interest, with preventative screenings debated for their medical necessity versus political transparency. The legal aspect involves U.S. attorney appointments under the Appointments Clause of the Constitution, where Senate confirmation ensures checks and balances; this case reflects ongoing tensions between executive authority and judicial oversight. The shooting incident ties into broader discussions on national security and military welfare. Analyzing this article requires understanding of federal governance, medical ethics, and media reporting standards, encouraging critical evaluation of source credibility and narrative framing in news consumption."
  ],
  "Article_Structure": [
    "This 100-word in-depth analysis covers: Main Points: The article details Trump's preventative MRI, a court ruling on Habba's unlawful appointment, and a soldier's recovery. Purpose: To inform the public on current events, blending health, legal, and human interest updates within a concise news wrap. Evidence Evaluation: Relies on official statements (White House, physician) and court documents, but lacks independent verification or detailed medical data, presenting surface-level reporting. Author Credibility: PBS NewsHour is reputable, yet the brief format may compromise depth, suggesting potential bias towards summarization over critique. Methodology: Compiles information from multiple sources, using a journalistic wrap-up style that prioritizes brevity, with no original research or interviews. Critical Assessment: Strengths include timely updates and clear sourcing, but limitations involve insufficient context, potential oversimplification, and reliance on official narratives without counter-perspectives."
  ],
  "perspectives": [
    {
      "perspective": "Medical Ethics and Transparency",
      "description": "Critically examines the timing and disclosure of Trump's MRI, questioning whether it serves public interest or political image management."
    },
    {
      "perspective": "Constitutional Law and Governance",
      "description": "Analyzes the Habba ruling's implications for executive power and appointment processes, highlighting legal precedents and separation of powers."
    },
    {
      "perspective": "Media and Public Discourse",
      "description": "Evaluates how the news wrap format shapes public understanding, potentially simplifying complex issues for broad consumption."
    }
  ],
  "image_url": "/article_images/article_fec5aae67ead4058_eb79611b1059.webp"
}