{
  "title": "Legal and Social Implications of Graham Linehan's Acquittal and Conviction",
  "summary": "In a recent court case, Graham Linehan, co-creator of Father Ted, was acquitted of harassing a trans activist on social media but convicted of criminal damage for intentionally damaging her phone. District Judge Briony Clarke ruled that while Linehan's posts were deeply unpleasant and irritating, they did not constitute criminal harassment as they were not oppressive or unacceptable under the legal standard. The conviction for phone damage resulted in a £500 fine plus additional costs. Linehan defended his actions by asserting that exposing trans activist tactics served the public interest and that the phone incident was a reflex response. He also claimed his life had been severely impacted by backlash due to his gender identity views. The judge emphasized the court's neutrality in the broader gender identity debate, refusing to take sides. This case illustrates the complex interplay between free speech, criminal law, and societal conflicts over transgender rights, raising questions about the thresholds for harassment and the protection of minority groups in digital and physical spaces.",
  "keywords": [
    {
      "term": "acquittal",
      "explanation": "a legal judgment that a person is not guilty of the crime with which they have been charged"
    },
    {
      "term": "criminal standard",
      "explanation": "the level of proof required in criminal cases, often beyond reasonable doubt"
    },
    {
      "term": "oppressive conduct",
      "explanation": "behavior that is unjustly inflicting hardship or restraint, key in harassment law"
    },
    {
      "term": "public interest defense",
      "explanation": "a legal argument that actions were justified for the benefit of the public"
    },
    {
      "term": "gender identity",
      "explanation": "a person's internal sense of their own gender, which may differ from sex assigned at birth"
    },
    {
      "term": "reflex action",
      "explanation": "an involuntary and nearly instantaneous movement in response to a stimulus"
    },
    {
      "term": "societal conflict",
      "explanation": "disagreements or tensions within society over issues like rights and values"
    },
    {
      "term": "legal impartiality",
      "explanation": "the principle that courts should remain neutral and not favor any side in disputes"
    },
    {
      "term": "digital harassment",
      "explanation": "use of electronic communication to bully, threaten, or annoy someone repeatedly"
    },
    {
      "term": "minority protection",
      "explanation": "legal and social efforts to safeguard the rights of marginalized groups"
    }
  ],
  "questions": [
    {
      "question": "What legal standard did the judge apply to determine that the posts were not harassment?",
      "options": [
        "Beyond reasonable doubt",
        "Preponderance of evidence",
        "Oppressive or unacceptable",
        "Intent to harm"
      ],
      "correct_answer": "Oppressive or unacceptable"
    },
    {
      "question": "How did Linehan justify his social media behavior?",
      "options": [
        "As entertainment",
        "As public interest",
        "As personal opinion",
        "As accidental"
      ],
      "correct_answer": "As public interest"
    },
    {
      "question": "What was the judge's view on the complainant's level of distress?",
      "options": [
        "It was fully credible",
        "It was exaggerated",
        "It was not assessed",
        "It was the main reason for conviction"
      ],
      "correct_answer": "It was exaggerated"
    },
    {
      "question": "What broader issue did the judge avoid addressing?",
      "options": [
        "The amount of the fine",
        "The gender identity debate",
        "The location of the incident",
        "Linehan's career history"
      ],
      "correct_answer": "The gender identity debate"
    },
    {
      "question": "What does the case suggest about the limits of free speech?",
      "options": [
        "All speech is protected",
        "Only physical actions are regulated",
        "Speech can be offensive but not criminal",
        "Harassment is always criminal"
      ],
      "correct_answer": "Speech can be offensive but not criminal"
    },
    {
      "question": "What was Linehan's claim about the impact of his views on his life?",
      "options": [
        "It improved his reputation",
        "It had no effect",
        "It made his life hell",
        "It led to new opportunities"
      ],
      "correct_answer": "It made his life hell"
    },
    {
      "question": "How does the article evaluate the evidence for harassment?",
      "options": [
        "As strong and conclusive",
        "As weak and insufficient",
        "As based solely on Linehan's testimony",
        "As not discussed"
      ],
      "correct_answer": "As weak and insufficient"
    },
    {
      "question": "What is the significance of the reflex response claim?",
      "options": [
        "It reduces criminal intent",
        "It excuses all actions",
        "It is irrelevant to the case",
        "It proves premeditation"
      ],
      "correct_answer": "It reduces criminal intent"
    },
    {
      "question": "How might this case affect future legal proceedings on similar issues?",
      "options": [
        "Set a precedent for acquitting all harassment cases",
        "Clarify thresholds for digital harassment",
        "Encourage more criminal charges",
        "Limit free speech entirely"
      ],
      "correct_answer": "Clarify thresholds for digital harassment"
    },
    {
      "question": "What role did author credibility play in this BBC article?",
      "options": [
        "It is biased against Linehan",
        "It provides balanced reporting",
        "It lacks sources",
        "It promotes activist views"
      ],
      "correct_answer": "It provides balanced reporting"
    }
  ],
  "background_read": [
    "This article covers a court case involving Graham Linehan, highlighting legal distinctions in harassment and criminal damage. Harassment requires proof of oppressive conduct causing alarm or distress, per UK law, while criminal damage involves intentional property destruction. Linehan's acquittal on harassment reflects the high threshold for criminalizing speech, even if offensive. His conviction for phone damage underscores that physical acts are easier to prosecute. The case occurs amid intense debates on transgender rights, where Linehan positions himself as a critic, claiming public interest. Understanding this requires knowledge of legal principles like free speech limits, the role of courts in societal issues, and the dynamics of online activism. Background on gender identity conflicts and media reporting on sensitive topics is essential for a nuanced analysis."
  ],
  "Article_Structure": [
    "This in-depth analysis examines the article's main points: Linehan's acquittal for harassment due to lack of oppressiveness and conviction for criminal damage, highlighting legal standards. Purpose is to inform on court outcomes and societal implications of gender debates. Evidence evaluation notes reliance on judicial reasoning and testimony, with potential biases in distress claims. Author credibility is strong via BBC's reputation, but methodology is descriptive court reporting without independent verification. Critical assessment: strengths include clear legal explanations, but limitations involve minimal exploration of broader social impacts or alternative viewpoints, potentially oversimplifying complex issues."
  ],
  "perspectives": [
    {
      "perspective": "Legal analytical perspective",
      "description": "Focuses on interpretation of harassment laws and evidentiary standards in court"
    },
    {
      "perspective": "Free speech advocacy",
      "description": "Emphasizes protection of offensive speech unless it meets high criminal bars"
    },
    {
      "perspective": "Trans rights perspective",
      "description": "Critiques the acquittal as minimizing the harm of online abuse to marginalized groups"
    },
    {
      "perspective": "Media criticism",
      "description": "Questions how reporting shapes public perception of gender identity conflicts"
    },
    {
      "perspective": "Sociological perspective",
      "description": "Explores how such cases reflect broader societal tensions and power dynamics"
    }
  ],
  "image_url": "/article_images/article_366c9f5ffbf52836_6996701262e8.webp"
}