{
  "title": "La Voix Embarks on Annie UK Tour as Miss Hannigan",
  "summary": "La Voix, a well-known drag queen and former Strictly Come Dancing contestant, has announced her role as Miss Hannigan in the upcoming UK tour of the Annie musical, starting in May 2026. The tour will commence in Wimbledon and extend to cities including Birmingham, Manchester, Plymouth, Canterbury, Cardiff, Milton Keynes, and Edinburgh, with additional performances planned for 2027 in Norwich, Sheffield, and Glasgow. La Voix expressed immense excitement, describing Miss Hannigan as a loud, chaotic, and glamorous character that she feels destined to portray. This role has been previously held by notable figures such as Paul O'Grady, Craig Revel Horwood, and Miranda Hart. The article also touches on La Voix's recent departure from Strictly Come Dancing due to an injury, highlighting her resilience and transition to this new venture. Overall, it covers her career move, the tour's schedule, and her personal enthusiasm for the role.",
  "keywords": [
    {
      "term": "drag queen",
      "explanation": "an entertainer who performs in drag, often involving exaggerated gender presentation for artistic expression"
    },
    {
      "term": "musical tour",
      "explanation": "a traveling series of performances of a musical production across multiple locations"
    },
    {
      "term": "Miss Hannigan",
      "explanation": "a fictional character from Annie, known as the alcoholic and harsh matron of the orphanage"
    },
    {
      "term": "Strictly Come Dancing",
      "explanation": "a popular British television dance competition where celebrities partner with professional dancers"
    },
    {
      "term": "injury",
      "explanation": "physical harm that can affect a performer's ability to participate in activities, often requiring recovery time"
    },
    {
      "term": "RuPaul's Drag Race UK",
      "explanation": "a reality competition series focusing on drag queens, based on the American version"
    },
    {
      "term": "tour venues",
      "explanation": "the specific locations, such as theaters or arenas, where performances are held during a tour"
    },
    {
      "term": "career transition",
      "explanation": "the process of moving from one job or role to another, often involving new opportunities"
    }
  ],
  "questions": [
    {
      "question": "What role is La Voix taking on in the Annie tour?",
      "options": [
        "Miss Hannigan",
        "Annie",
        "A dancer",
        "A judge"
      ],
      "correct_answer": "Miss Hannigan"
    },
    {
      "question": "When does the Annie tour begin?",
      "options": [
        "May 2025",
        "May 2026",
        "May 2027",
        "May 2024"
      ],
      "correct_answer": "May 2026"
    },
    {
      "question": "Which city is the first stop on the tour?",
      "options": [
        "Wimbledon",
        "Birmingham",
        "Manchester",
        "Plymouth"
      ],
      "correct_answer": "Wimbledon"
    },
    {
      "question": "Why did La Voix leave Strictly Come Dancing?",
      "options": [
        "She sustained an injury",
        "She didn't enjoy it",
        "The show was canceled",
        "She wanted to focus on singing"
      ],
      "correct_answer": "She sustained an injury"
    },
    {
      "question": "Who has not played Miss Hannigan before?",
      "options": [
        "La Voix",
        "Paul O'Grady",
        "Craig Revel Horwood",
        "Miranda Hart"
      ],
      "correct_answer": "La Voix"
    },
    {
      "question": "What is La Voix's background in entertainment?",
      "options": [
        "Drag queen and TV contestant",
        "Singer only",
        "Dancer only",
        "Actress only"
      ],
      "correct_answer": "Drag queen and TV contestant"
    },
    {
      "question": "Which year includes performances in Glasgow?",
      "options": [
        "2026",
        "2027",
        "2025",
        "2024"
      ],
      "correct_answer": "2027"
    },
    {
      "question": "How does La Voix describe Miss Hannigan?",
      "options": [
        "Loud and chaotic",
        "Quiet and gentle",
        "Serious and boring",
        "Funny and kind"
      ],
      "correct_answer": "Loud and chaotic"
    }
  ],
  "background_read": [
    "Annie is a classic musical based on the comic strip Little Orphan Annie, featuring songs like 'Tomorrow' and telling the story of an optimistic orphan. Miss Hannigan is the antagonist who runs the orphanage. La Voix, whose real name is not mentioned, is a drag performer from Buckinghamshire who gained fame on RuPaul's Drag Race UK and Strictly Come Dancing. Drag involves performance art that challenges gender norms. The UK tour system allows productions to reach wider audiences across the country. Injuries are common in physically demanding shows like Strictly, and La Voix's exit highlights the risks in entertainment careers. This article serves to update fans on her new projects and the musical's schedule."
  ],
  "Article_Structure": [
    "This article outlines La Voix's announcement of her role as Miss Hannigan in the Annie UK tour, starting in 2026. Main Points include her excitement, the tour's extensive schedule across UK cities, and her recent injury from Strictly Come Dancing. Purpose is to inform fans and promote the tour, while also highlighting her career resilience. Evidence Evaluation shows reliance on direct quotes from La Voix and factual tour details, but lacks independent verification. Author Credibility is implied through the BBC source, known for reliable entertainment news, though specific author expertise isn't stated. Methodology involves reporting based on interviews and press releases, typical for entertainment journalism, ensuring timely updates for readers."
  ],
  "perspectives": [
    {
      "perspective": "La Voix's personal joy",
      "description": "She views the role as a perfect fit and expresses high enthusiasm"
    },
    {
      "perspective": "Production logistics",
      "description": "The tour is carefully planned with multiple stops over two years to maximize audience reach"
    }
  ],
  "image_url": "/article_images/article_4dca59dd3f4e6ddb_dcf0f16f8013.webp"
}