{
  "title": "UK Government Invests £15bn in Green Tech to Reduce Energy Costs",
  "summary": "The UK government has launched the Warm Homes Plan, committing £15 billion over five years to support households in adopting green technologies such as solar panels, heat pumps, and batteries. Announced as part of efforts to address rising energy bills and fuel poverty, the plan aims to triple solar installations and lift one million people out of financial hardship related to heating costs. Funding will be provided through low-interest loans and grants, making these technologies more accessible. While the energy industry and unions praise the long-term investment for driving private sector growth, critics, including the Conservative Party, express concerns about potential high ongoing costs for households. Estimates suggest average savings of £500 annually on energy bills, though charities like Nesta and MCS Foundation project higher benefits. Prime Minister Sir Keir Starmer emphasizes that warm homes should be a basic right, highlighting the plan's role in tackling the cost of living crisis.",
  "keywords": [
    {
      "term": "Warm Homes Plan",
      "explanation": "a government initiative to fund green technologies in homes to reduce energy bills"
    },
    {
      "term": "fuel poverty",
      "explanation": "a situation where households cannot afford to adequately heat their homes"
    },
    {
      "term": "low-interest loans",
      "explanation": "borrowed money with reduced rates to help finance green tech installations"
    },
    {
      "term": "private investment",
      "explanation": "money from businesses and investors to support green technology development"
    },
    {
      "term": "cost of living crisis",
      "explanation": "a period when the prices of essentials like energy rise faster than incomes"
    }
  ],
  "questions": [
    {
      "question": "What is the primary goal of the Warm Homes Plan?",
      "options": [
        "to increase government revenue",
        "to reduce energy bills and fuel poverty",
        "to build new homes",
        "to promote fossil fuels"
      ],
      "correct_answer": "to reduce energy bills and fuel poverty"
    },
    {
      "question": "How long will the £15 billion funding be distributed?",
      "options": [
        "one year",
        "three years",
        "five years",
        "ten years"
      ],
      "correct_answer": "five years"
    },
    {
      "question": "Which group has expressed concerns about the plan's costs?",
      "options": [
        "Energy UK",
        "the Conservative Party",
        "Nesta charity",
        "workers' unions"
      ],
      "correct_answer": "the Conservative Party"
    },
    {
      "question": "What technologies are specifically mentioned in the plan?",
      "options": [
        "wind turbines and electric cars",
        "solar panels, heat pumps, and batteries",
        "insulation and boilers",
        "smart meters and LEDs"
      ],
      "correct_answer": "solar panels, heat pumps, and batteries"
    },
    {
      "question": "Who estimated that savings could exceed £1000 annually?",
      "options": [
        "the government",
        "Energy UK",
        "charities Nesta and MCS Foundation",
        "the Prime Minister"
      ],
      "correct_answer": "charities Nesta and MCS Foundation"
    },
    {
      "question": "What did Dhara Vyas highlight about the £15 billion commitment?",
      "options": [
        "it is too small",
        "it provides certainty for investors",
        "it will increase taxes",
        "it is only for renters"
      ],
      "correct_answer": "it provides certainty for investors"
    },
    {
      "question": "Why was the plan delayed after being first touted in 2024?",
      "options": [
        "due to lack of funding",
        "it took two years to publish details",
        "because of political opposition",
        "as a result of technical issues"
      ],
      "correct_answer": "it took two years to publish details"
    },
    {
      "question": "What does the plan aim to create regarding solar power?",
      "options": [
        "a national grid",
        "a rooftop revolution",
        "a tax incentive",
        "a research center"
      ],
      "correct_answer": "a rooftop revolution"
    }
  ],
  "background_read": [
    "The Warm Homes Plan emerges in response to the UK's cost of living crisis, where rising energy prices have strained household budgets. Fuel poverty affects millions, making it difficult to afford adequate heating. Green technologies like solar panels and heat pumps offer sustainable solutions by reducing reliance on traditional energy sources. Government initiatives often use grants and loans to incentivize adoption, balancing environmental goals with economic feasibility. This plan reflects broader global trends toward renewable energy and climate action, highlighting the role of public investment in spurring private sector innovation and addressing social inequalities."
  ],
  "Article_Structure": [
    "The article outlines the UK government's Warm Homes Plan, with main points including a £15 billion investment over five years for solar panels, heat pumps, and batteries to cut energy bills and reduce fuel poverty. Its purpose is to address the cost of living crisis and promote green technology adoption. Evidence includes government announcements, industry endorsements, and charity estimates, though some criticism from political opponents questions cost-effectiveness. Author credibility is supported by sourcing from BBC Science and quotes from officials like the Prime Minister and Energy Secretary. Methodology relies on public statements and expert analyses, providing a balanced view of the plan's potential impacts and challenges."
  ],
  "perspectives": [
    {
      "perspective": "Pro-industry view",
      "description": "Energy and finance sectors welcome the plan for driving investment and job creation in green tech."
    },
    {
      "perspective": "Consumer-focused view",
      "description": "Concerns center on whether households can afford installation and maintenance costs despite savings."
    }
  ],
  "image_url": "/article_images/article_4e10096cf79ea196_438e55252282.webp"
}