{
  "title": "Analyzing the Million Dollar One Point Slam: A Convergence of Sport and Spectacle",
  "summary": "The Million Dollar One Point Slam, scheduled prior to the Australian Open in Melbourne, represents a novel tennis competition designed to merge professional athletics with amateur participation and celebrity entertainment. Featuring 48 competitors—24 top-tier professionals such as Carlos Alcaraz, Jannik Sinner, and Iga Swiatek, alongside 24 amateurs selected through state championship rounds and wildcard entries including celebrities like Taiwanese singer Jay Chou—the event employs a knockout tournament format where each match comprises a single point. The server is determined by rock, paper, scissors, adding an element of chance and spectacle. With a prize of one million Australian dollars, the competition aims to democratize access to high-stakes tennis, though notable absences like Aryna Sabalenka and Madison Keys highlight selective participation. The final at Rod Laver Arena underscores its integration into the Australian Open festivities, leveraging the venue's 14,800 capacity for audience engagement. This event reflects broader trends in sports marketing, utilizing simplified rules and media-friendly elements to enhance viewer appeal while providing amateurs with unprecedented competitive opportunities against elite athletes.",
  "keywords": [
    {
      "term": "democratize access",
      "explanation": "to make something, like high-level sports competition, available to a wider range of people, including amateurs"
    },
    {
      "term": "knockout tournament format",
      "explanation": "a competition structure where participants are eliminated after a loss, ensuring a single winner through successive rounds"
    },
    {
      "term": "spectacle",
      "explanation": "an event that is visually impressive or dramatic, often designed for entertainment and public viewing"
    },
    {
      "term": "selective participation",
      "explanation": "the process of choosing specific players or participants, which may exclude some top athletes due to scheduling or other factors"
    },
    {
      "term": "sports marketing",
      "explanation": "strategies used to promote sports events, often involving celebrity involvement, simplified formats, and media coverage to attract audiences"
    },
    {
      "term": "elite athletes",
      "explanation": "highly skilled professional sports players who compete at the pinnacle of their sport, often with global rankings"
    },
    {
      "term": "media-friendly elements",
      "explanation": "aspects of an event, such as quick matches or celebrity appearances, that are easily broadcastable and appealing to media outlets"
    },
    {
      "term": "unprecedented competitive opportunities",
      "explanation": "unique chances for amateurs to compete in settings typically reserved for professionals, breaking traditional barriers in sports"
    }
  ],
  "questions": [
    {
      "question": "What is the primary objective of the Million Dollar One Point Slam in terms of sports dynamics?",
      "options": [
        "To replace the Australian Open",
        "To democratize access to high-stakes tennis for amateurs",
        "To increase prize money for professionals only",
        "To eliminate knockout tournaments"
      ],
      "correct_answer": "To democratize access to high-stakes tennis for amateurs"
    },
    {
      "question": "How does the event incorporate elements of chance?",
      "options": [
        "Through random player selection",
        "By using rock, paper, scissors to decide serves",
        "By allowing audience votes",
        "Through lottery-based prize distribution"
      ],
      "correct_answer": "By using rock, paper, scissors to decide serves"
    },
    {
      "question": "Which trend in sports does this event exemplify?",
      "options": [
        "Traditional tournament structures",
        "Sports marketing and spectacle",
        "Exclusive professional competitions",
        "Reduction in prize money"
      ],
      "correct_answer": "Sports marketing and spectacle"
    },
    {
      "question": "What critical limitation is suggested by the absence of players like Aryna Sabalenka?",
      "options": [
        "The event lacks global appeal",
        "Selective participation may affect competitive balance",
        "It is only for male players",
        "The prize money is insufficient"
      ],
      "correct_answer": "Selective participation may affect competitive balance"
    },
    {
      "question": "How does the event's format contribute to media appeal?",
      "options": [
        "By having long matches",
        "Through simplified, quick one-point games",
        "By excluding celebrities",
        "By using complex rules"
      ],
      "correct_answer": "Through simplified, quick one-point games"
    },
    {
      "question": "What role do wildcards play in this competition?",
      "options": [
        "They ensure only professionals participate",
        "They add entertainment value through celebrities and invited personalities",
        "They replace state championship qualifiers",
        "They reduce the number of amateurs"
      ],
      "correct_answer": "They add entertainment value through celebrities and invited personalities"
    },
    {
      "question": "How is the event integrated into the broader tennis calendar?",
      "options": [
        "It is held after the Australian Open",
        "It is a standalone tournament with no connection to major events",
        "It occurs before the Australian Open at Melbourne Park",
        "It replaces other pre-Open exhibitions"
      ],
      "correct_answer": "It occurs before the Australian Open at Melbourne Park"
    },
    {
      "question": "What does the use of Rod Laver Arena signify about the event's scale?",
      "options": [
        "It is a small, local competition",
        "It is a high-profile event with significant audience capacity",
        "It is primarily for amateur players only",
        "It lacks professional oversight"
      ],
      "correct_answer": "It is a high-profile event with significant audience capacity"
    },
    {
      "question": "How does the article assess the credibility of the information presented?",
      "options": [
        "By relying on unverified sources",
        "Through specific details and confirmed entrants from organizers",
        "By omitting player names",
        "Through speculative analysis"
      ],
      "correct_answer": "Through specific details and confirmed entrants from organizers"
    },
    {
      "question": "What broader implication does this event have for amateur sports?",
      "options": [
        "It reinforces exclusivity in tennis",
        "It provides a model for inclusive, high-profile amateur-professional competitions",
        "It reduces opportunities for amateurs",
        "It focuses solely on celebrity participation"
      ],
      "correct_answer": "It provides a model for inclusive, high-profile amateur-professional competitions"
    }
  ],
  "background_read": [
    "The Million Dollar One Point Slam is set against the backdrop of the Australian Open, one of tennis's Grand Slam tournaments, highlighting innovations in sports entertainment. This event reflects evolving strategies in sports marketing, where simplified formats and celebrity involvement are used to engage broader audiences. Understanding it requires knowledge of tennis governance, professional rankings, and the economic aspects of prize money. Critically, it raises questions about the commercialization of sports, the balance between competition and spectacle, and the opportunities for amateur athletes in elite settings. The article's reporting, based on organizer confirmations and player lists, offers a factual basis for analyzing these trends, though it may overlook deeper issues like athlete welfare or long-term impacts on tennis."
  ],
  "Article_Structure": [
    "Main Points: The article details the Million Dollar One Point Slam as a tennis event combining professional and amateur players in one-point matches for a million-dollar prize, with elements like rock, paper, scissors and celebrity wildcards. Purpose: To explore how this event serves as a spectacle that democratizes tennis access while enhancing sports marketing through media-friendly features. Evidence Evaluation: The article cites specific player names, tournament logistics, and organizer confirmations, providing credible but surface-level evidence without critical analysis of underlying biases. Author Credibility: As a BBC source, it implies journalistic reliability, though potential biases towards promoting the event as innovative may exist. Methodology: Information is gathered from official announcements and confirmed lists, presented descriptively without primary research or statistical analysis. Critical Assessment: Strengths include clear factual reporting and engagement with current sports trends; limitations involve lack of depth on economic impacts, athlete perspectives, or long-term effects on tennis."
  ],
  "perspectives": [
    {
      "perspective": "Commercialization of sports",
      "description": "This event illustrates how tennis is increasingly commercialized, using simplified formats and celebrity appeal to generate revenue and media attention, potentially at the expense of traditional competitive values."
    }
  ],
  "image_url": "/article_images/article_a48afe2c4de1e297_063c0ca8324d.webp"
}