{
  "title": "Should Magic Mushrooms Help People Feel Better?",
  "summary": "This article talks about magic mushrooms and how they might help people with sadness or fear. Larissa Hope took a small amount of a substance from magic mushrooms in a safe place with doctors. It made her feel safe and happy for the first time. She says it saved her life when she was very sad. But Jules Evans had a scary experience with a similar drug when he was younger. It made him feel afraid and anxious for years. Now, doctors and scientists are studying if magic mushrooms can be used as medicine to treat problems like depression and PTSD. Some studies show they help, but others are not sure. The big question is whether doctors should be allowed to give these drugs to patients. Right now, it's mostly only allowed in research studies.",
  "keywords": [
    {
      "term": "magic mushrooms",
      "explanation": "a type of fungus that can affect how people think and feel"
    },
    {
      "term": "depression",
      "explanation": "a feeling of deep sadness that lasts a long time"
    },
    {
      "term": "doctors",
      "explanation": "people who help others stay healthy and treat illnesses"
    },
    {
      "term": "studies",
      "explanation": "research done by scientists to learn new things"
    },
    {
      "term": "safe place",
      "explanation": "a location where people are protected and watched over"
    }
  ],
  "questions": [
    {
      "question": "What did Larissa Hope take to help her feel better?",
      "options": [
        "A substance from magic mushrooms",
        "A regular medicine",
        "A vitamin",
        "A candy"
      ],
      "correct_answer": "A substance from magic mushrooms"
    },
    {
      "question": "How did Larissa feel after taking the substance?",
      "options": [
        "Safe and happy",
        "Scared and anxious",
        "Tired and bored",
        "Angry and upset"
      ],
      "correct_answer": "Safe and happy"
    },
    {
      "question": "What problem did Jules Evans have after taking a similar drug?",
      "options": [
        "He felt afraid and anxious",
        "He felt very energetic",
        "He felt nothing at all",
        "He felt hungry"
      ],
      "correct_answer": "He felt afraid and anxious"
    },
    {
      "question": "What are doctors studying about magic mushrooms?",
      "options": [
        "If they can be used as medicine",
        "If they taste good",
        "If they grow fast",
        "If they are colorful"
      ],
      "correct_answer": "If they can be used as medicine"
    },
    {
      "question": "Where is it mostly allowed to use magic mushrooms as medicine right now?",
      "options": [
        "In research studies",
        "In schools",
        "At home",
        "In parks"
      ],
      "correct_answer": "In research studies"
    },
    {
      "question": "What is the big question in the article?",
      "options": [
        "Should doctors give magic mushrooms to patients?",
        "Should people eat more mushrooms?",
        "Should doctors stop working?",
        "Should studies be fun?"
      ],
      "correct_answer": "Should doctors give magic mushrooms to patients?"
    }
  ],
  "background_read": [
    "Magic mushrooms are a type of fungus that some people use for fun, but scientists are now looking at them as a possible medicine. Depression is when someone feels very sad for a long time and might need help. Doctors are people who study health and try to make patients better. Research studies are experiments where scientists test things to see if they work safely. It's important to always be in a safe place with adults when trying new treatments."
  ],
  "Article_Structure": [
    "WHO: Larissa Hope and Jules Evans, who had different experiences with psychedelic drugs, and doctors and scientists studying them.",
    "WHAT: A debate about whether magic mushrooms should be used as medicine to treat depression and other mental health problems.",
    "WHERE: In clinical settings like research studies and trials, mostly in places like the UK where the NHS is involved.",
    "WHY: To help people with mental health issues who might not get better with regular treatments, but there are risks and disagreements."
  ],
  "perspectives": [
    {
      "perspective": "Supportive view",
      "description": "Some people like Larissa believe magic mushrooms can save lives and help with sadness when used safely."
    },
    {
      "perspective": "Cautious view",
      "description": "Others like Jules warn that these drugs can cause scary experiences and long-term problems, so we need to be careful."
    }
  ],
  "image_url": "/article_images/article_c8d54ed79ac73836_b5400e7ba9e5.webp"
}