{
  "title": "James Watson: Legacy of Discovery and Ethical Controversy in Genetics",
  "summary": "James Watson, co-discoverer of the DNA double helix, died at 97, leaving a complex legacy marked by profound scientific contributions and significant ethical controversies. His collaboration with Francis Crick in 1953, utilizing Rosalind Franklin's X-ray diffraction data, elucidated the structure of DNA, fundamentally transforming molecular biology and genetics. This achievement earned them the Nobel Prize and paved the way for advancements such as genetic engineering and personalized medicine. However, Watson's career was overshadowed by his repeated public assertions linking race to intelligence, which were widely condemned as racist and unsupported by scientific evidence. These views led to his ostracism from academic circles and revocation of honors, raising critical questions about the intersection of science and morality. The BBC Science article examines this duality, prompting reflection on how society evaluates scientific pioneers amidst their personal failings, and emphasizing the necessity of integrating ethical scrutiny with scientific acclaim.",
  "keywords": [
    {
      "term": "DNA double helix",
      "explanation": "the molecular structure of DNA, consisting of two strands coiled around each other, key to genetic inheritance"
    },
    {
      "term": "molecular biology",
      "explanation": "the branch of biology that deals with the molecular basis of biological activity"
    },
    {
      "term": "ethical controversy",
      "explanation": "disputes arising from actions or statements that conflict with moral principles, often impacting public perception"
    },
    {
      "term": "genetic engineering",
      "explanation": "the direct manipulation of an organism's genes using biotechnology"
    },
    {
      "term": "racist assertions",
      "explanation": "claims that attribute characteristics or abilities to racial groups, often lacking empirical support and promoting discrimination"
    },
    {
      "term": "scientific legacy",
      "explanation": "the enduring influence of a scientist's work, including both positive contributions and negative aspects"
    },
    {
      "term": "Nobel Prize",
      "explanation": "an international award recognizing academic, cultural, or scientific advances, awarded annually in several categories"
    },
    {
      "term": "X-ray diffraction",
      "explanation": "a technique used to determine the atomic and molecular structure of a crystal, instrumental in DNA discovery"
    },
    {
      "term": "ostracism",
      "explanation": "exclusion from a group or society, often as a result of disapproval or controversy"
    },
    {
      "term": "personalized medicine",
      "explanation": "medical care tailored to an individual's genetic profile, enabled by advances in genetics"
    },
    {
      "term": "critical assessment",
      "explanation": "a thorough evaluation that considers strengths, weaknesses, and implications of a subject"
    },
    {
      "term": "methodology",
      "explanation": "the systematic approach or techniques used in research or analysis"
    }
  ],
  "questions": [
    {
      "question": "What specific structure did Watson and Crick propose for DNA?",
      "options": [
        "Double helix",
        "Single strand",
        "Triple coil",
        "Linear chain"
      ],
      "correct_answer": "Double helix"
    },
    {
      "question": "How did Rosalind Franklin contribute to the DNA discovery?",
      "options": [
        "Provided X-ray data",
        "Wrote the theory",
        "Funded the research",
        "Built the model"
      ],
      "correct_answer": "Provided X-ray data"
    },
    {
      "question": "What ethical issue marred Watson's reputation?",
      "options": [
        "Racist comments on intelligence",
        "Plagiarism of research",
        "Financial fraud",
        "Political activism"
      ],
      "correct_answer": "Racist comments on intelligence"
    },
    {
      "question": "What award recognized Watson's scientific work?",
      "options": [
        "Nobel Prize",
        "Fields Medal",
        "Turing Award",
        "Grammy Award"
      ],
      "correct_answer": "Nobel Prize"
    },
    {
      "question": "How has the DNA discovery influenced modern medicine?",
      "options": [
        "Enabled genetic engineering",
        "Cured all diseases",
        "Ended poverty",
        "Started space exploration"
      ],
      "correct_answer": "Enabled genetic engineering"
    },
    {
      "question": "What is a key criticism of Watson's statements?",
      "options": [
        "Lack of scientific evidence",
        "They were too vague",
        "They supported equality",
        "They were humorous"
      ],
      "correct_answer": "Lack of scientific evidence"
    },
    {
      "question": "At what age did Watson pass away?",
      "options": [
        "97",
        "88",
        "105",
        "76"
      ],
      "correct_answer": "97"
    },
    {
      "question": "What does the article suggest about evaluating historical scientists?",
      "options": [
        "Consider both achievements and flaws",
        "Ignore personal lives",
        "Focus only on discoveries",
        "Disregard controversies"
      ],
      "correct_answer": "Consider both achievements and flaws"
    },
    {
      "question": "Which technique was crucial in determining DNA's structure?",
      "options": [
        "X-ray diffraction",
        "Microscopy",
        "Chromatography",
        "Spectroscopy"
      ],
      "correct_answer": "X-ray diffraction"
    },
    {
      "question": "What broader societal issue does Watson's case highlight?",
      "options": [
        "Ethics in science",
        "Economic inequality",
        "Climate change",
        "Art criticism"
      ],
      "correct_answer": "Ethics in science"
    },
    {
      "question": "How did the scientific community respond to Watson's controversies?",
      "options": [
        "Ostracized him",
        "Promoted him",
        "Ignored him",
        "Celebrated him"
      ],
      "correct_answer": "Ostracized him"
    },
    {
      "question": "What is personalized medicine based on?",
      "options": [
        "Genetic profiles",
        "Age groups",
        "Income levels",
        "Geographic location"
      ],
      "correct_answer": "Genetic profiles"
    }
  ],
  "background_read": [
    "James Watson, born in 1928, was a central figure in 20th-century biology. His work with Francis Crick on the DNA double helix in 1953 relied on X-ray crystallography data from Rosalind Franklin and Maurice Wilkins, though Franklin's contributions were initially underacknowledged. This discovery unlocked the mechanisms of heredity and gene expression, fueling the rise of molecular biology and technologies like CRISPR. Watson held influential positions, including directing Cold Spring Harbor Laboratory, but his career was compromised by public statements asserting correlations between race and IQ, which were debunked by geneticists and led to his fall from grace. The BBC article contextualizes his life within broader debates on scientific ethics, illustrating how personal biases can impact public trust and the responsible dissemination of scientific knowledge."
  ],
  "Article_Structure": [
    "The article from BBC Science details James Watson's pivotal role in elucidating the DNA double helix structure with Francis Crick, a breakthrough that defined modern genetics by explaining genetic inheritance and enabling advances like gene editing. Its purpose is to critically examine his legacy, juxtaposing his scientific accolades with ethical failings, such as his unsupported racist remarks, to foster discourse on integrity in science. Evidence is drawn from historical records and public statements, evaluated as credible through reputable sourcing, though potential biases in historical narration are noted. Author credibility stems from BBC's journalistic integrity, but the piece lacks deep expert analysis, relying on summarized facts. Methodology involves synthesizing existing reports and events, offering a balanced yet critical assessment that highlights both the transformative impact of his work and the limitations posed by his controversial views, urging readers to reflect on the moral dimensions of scientific progress."
  ],
  "perspectives": [
    {
      "perspective": "Scientific Revolution",
      "description": "Watson's discovery of DNA's structure catalyzed a paradigm shift in biology, leading to unprecedented innovations in medicine and technology."
    },
    {
      "perspective": "Ethical Scrutiny",
      "description": "His controversial statements reveal the perils of conflating personal bias with scientific authority, emphasizing the need for ethical vigilance in research and public discourse."
    }
  ],
  "image_url": "/article_images/article_ca0ff547140c0c5e_46aafa7e5c8e.webp"
}