{
  "title": "Comprehensive Analysis of a Widespread Winter Storm's Societal and Infrastructural Impacts",
  "summary": "A severe winter storm swept across a broad swath of the United States on Sunday, characterized by sleet, freezing rain, and snow that precipitated subzero temperatures and disrupted air and road traffic. The storm's most acute effects were observed in the Southeast, where catastrophic ice accumulation led to the fracturing of tree branches and power lines, resulting in extensive power outages affecting hundreds of thousands of customers. The National Weather Service issued warnings of prolonged hazardous conditions, forecasting continued precipitation into Monday and emphasizing risks of \"dangerous travel and infrastructure impacts\" due to persistently low temperatures. Meteorologist Allison Santorelli highlighted the storm's uniqueness in its expansive geographical scope, spanning approximately 2,000 miles from New Mexico to New England. In response to the escalating crisis, President Donald Trump authorized emergency declarations for at least a dozen states by Saturday, facilitating the Federal Emergency Management Agency's pre-positioning of rescue teams and essential commodities. Record-breaking subzero temperatures were documented in New York near the Canadian border, exemplifying the storm's intensity, while in Mississippi, corporate entities like Caterpillar mandated remote work, and residents recounted harrowing experiences of tree fractures on social media. The storm underscored significant vulnerabilities in critical infrastructure and elicited coordinated governmental and community responses, illustrating broader themes of climate resilience and emergency preparedness.",
  "keywords": [
    {
      "term": "catastrophic ice accumulation",
      "explanation": "an extreme buildup of ice that poses severe risks to structures and utilities, often leading to widespread damage"
    },
    {
      "term": "infrastructure vulnerabilities",
      "explanation": "weaknesses in systems such as power grids and transportation networks that become apparent during extreme weather events"
    },
    {
      "term": "emergency management",
      "explanation": "the process of preparing for, responding to, and recovering from disasters through coordinated efforts by authorities"
    },
    {
      "term": "climate resilience",
      "explanation": "the capacity of communities and systems to withstand and adapt to climate-related hazards like severe storms"
    },
    {
      "term": "geographical scope",
      "explanation": "the extent of area affected by an event, indicating its scale and reach across regions"
    },
    {
      "term": "subzero temperatures",
      "explanation": "temperatures below zero on the Fahrenheit or Celsius scale, associated with extreme cold and potential health risks"
    },
    {
      "term": "Federal Emergency Management Agency",
      "explanation": "a U.S. federal agency tasked with disaster response coordination, resource allocation, and recovery support"
    },
    {
      "term": "meteorological analysis",
      "explanation": "the scientific study and interpretation of weather data to forecast and understand atmospheric phenomena"
    },
    {
      "term": "societal disruptions",
      "explanation": "interruptions to daily life, economic activities, and social routines caused by external events like natural disasters"
    },
    {
      "term": "critical infrastructure",
      "explanation": "essential systems and assets, such as electricity and transportation, whose failure would have debilitating effects on security and economy"
    }
  ],
  "questions": [
    {
      "question": "What meteorological phenomena contributed to the winter storm's severity across the U.S.?",
      "options": [
        "Sleet, freezing rain, and snow leading to ice accumulation",
        "Exclusively high winds and tornadoes",
        "Persistent drought conditions",
        "Heatwaves and humidity spikes"
      ],
      "correct_answer": "Sleet, freezing rain, and snow leading to ice accumulation"
    },
    {
      "question": "How did the storm impact critical infrastructure in the Southeast?",
      "options": [
        "Ice caused power lines and tree branches to snap, resulting in widespread outages",
        "It enhanced grid stability through cooling effects",
        "It had no effect on infrastructure due to advanced preparations",
        "It only damaged agricultural lands"
      ],
      "correct_answer": "Ice caused power lines and tree branches to snap, resulting in widespread outages"
    },
    {
      "question": "What role did the National Weather Service play in addressing the storm?",
      "options": [
        "Issuing forecasts and warnings about dangerous conditions",
        "Directly managing power restoration efforts",
        "Providing financial aid to affected households",
        "Conducting rescue operations independently"
      ],
      "correct_answer": "Issuing forecasts and warnings about dangerous conditions"
    },
    {
      "question": "Why was the storm described as unique by meteorologist Allison Santorelli?",
      "options": [
        "Due to its extensive geographical reach of about 2,000 miles",
        "Because it occurred only in desert regions",
        "As it was the first storm ever recorded in the U.S.",
        "Since it lacked any precipitation entirely"
      ],
      "correct_answer": "Due to its extensive geographical reach of about 2,000 miles"
    },
    {
      "question": "What governmental actions were taken in response to the storm's emergency status?",
      "options": [
        "President Trump approved emergency declarations, and FEMA pre-positioned resources",
        "All states declared independence from federal aid",
        "The government imposed nationwide curfews",
        "No official response was initiated"
      ],
      "correct_answer": "President Trump approved emergency declarations, and FEMA pre-positioned resources"
    },
    {
      "question": "How did record-breaking temperatures in New York illustrate the storm's intensity?",
      "options": [
        "Subzero readings as low as minus 34°F demonstrated extreme cold conditions",
        "They showed unusually warm trends for winter",
        "They indicated stable and moderate weather patterns",
        "They were irrelevant to the storm's impact"
      ],
      "correct_answer": "Subzero readings as low as minus 34°F demonstrated extreme cold conditions"
    },
    {
      "question": "What societal disruptions were highlighted by residents in Mississippi?",
      "options": [
        "Canceled play dates, remote work advisories, and unsettling experiences shared on social media",
        "Increased social gatherings and community events",
        "Enhanced travel and tourism activities",
        "No disruptions reported by locals"
      ],
      "correct_answer": "Canceled play dates, remote work advisories, and unsettling experiences shared on social media"
    },
    {
      "question": "Which concept relates to the storm's exposure of weaknesses in power grids and roads?",
      "options": [
        "Infrastructure vulnerabilities",
        "Economic booms",
        "Cultural celebrations",
        "Technological advancements"
      ],
      "correct_answer": "Infrastructure vulnerabilities"
    },
    {
      "question": "What broader theme does the storm's impact on emergency responses and community adaptation suggest?",
      "options": [
        "Climate resilience and preparedness in facing extreme weather events",
        "The decline of governmental effectiveness in crises",
        "A shift towards ignoring weather warnings",
        "The irrelevance of infrastructure in modern society"
      ],
      "correct_answer": "Climate resilience and preparedness in facing extreme weather events"
    },
    {
      "question": "How does the article's use of sources like the Associated Press and social media anecdotes affect its credibility?",
      "options": [
        "It enhances credibility through diverse, real-time reporting but may lack depth in analysis",
        "It reduces credibility by relying solely on unofficial accounts",
        "It makes the article entirely fictional",
        "It focuses only on historical data without current relevance"
      ],
      "correct_answer": "It enhances credibility through diverse, real-time reporting but may lack depth in analysis"
    }
  ],
  "background_read": [
    "Winter storms of this magnitude involve complex atmospheric dynamics, where systems like polar vortices or low-pressure areas collide with moisture, producing mixed precipitation types. The article's context lies in increasing frequency and intensity of extreme weather events linked to climate change, raising questions about infrastructure resilience and emergency management. Historically, the U.S. has faced similar storms, such as the 2021 Texas freeze, highlighting systemic vulnerabilities in power grids and response mechanisms. The Federal Emergency Management Agency's role evolved from the Cold War era to address natural disasters, emphasizing pre-positioning and interagency coordination. For high school students, this connects to interdisciplinary studies in environmental science, civics, and economics, illustrating how meteorological events intersect with policy, technology, and societal behavior. Analyzing such events fosters critical thinking on sustainability, risk assessment, and the ethical dimensions of disaster response, preparing students for engaged citizenship in a climate-challenged world."
  ],
  "Article_Structure": [
    "This in-depth analysis examines a widespread winter storm's multifaceted impacts. Main Points detail extensive power outages from ice-damaged infrastructure, hazardous travel conditions, and coordinated emergency responses. Purpose is to elucidate the storm's societal and infrastructural implications within broader climate and preparedness discourses. Evidence Evaluation critically assesses sources: official reports from the National Weather Service and FEMA provide reliable data, while social media anecdotes offer human perspective but may lack verification. Author Credibility is bolstered by PBS NewsHour's reputation and AP journalists' expertise, though potential biases in framing emergency actions exist. Methodology involves synthesizing weather forecasts, government releases, and citizen reports, employing descriptive analysis to convey scope. Critical Assessment notes strengths in real-time coverage and highlighting vulnerabilities, but limitations include minimal statistical depth and oversight of long-term recovery strategies, suggesting areas for further investigative reporting."
  ],
  "perspectives": [
    {
      "perspective": "Governmental and institutional",
      "description": "Emphasizes crisis management, policy implementation, and resource allocation to mitigate immediate threats and reinforce infrastructure."
    },
    {
      "perspective": "Community and individual",
      "description": "Focuses on lived experiences, adaptive behaviors, and social media as platforms for sharing real-time impacts and fostering collective resilience."
    }
  ],
  "image_url": "/article_images/article_088f0faab24b2d5f_8a360b89f2b7.webp"
}