{
  "title": "Daniil Medvedev's Big Comeback in Tennis",
  "summary": "Daniil Medvedev is a tennis player from Russia who played in the Australian Open tournament. In one match, he was losing by two sets but fought back to win the next three sets and the whole match. This was exciting because last year, he lost matches even after coming back from being down. He felt nervous but stayed strong. Medvedev has played many long matches at the Australian Open and has won some of them. He also joked with an interviewer after the match. The article talks about his journey to the final and how he handles tough situations.",
  "keywords": [
    {
      "term": "tennis",
      "explanation": "a sport where players hit a ball over a net with rackets"
    },
    {
      "term": "sets",
      "explanation": "parts of a tennis match; players need to win sets to win the match"
    },
    {
      "term": "comeback",
      "explanation": "when someone is losing but then starts winning again"
    },
    {
      "term": "Australian Open",
      "explanation": "a big tennis tournament held in Australia"
    },
    {
      "term": "player",
      "explanation": "a person who plays a sport"
    }
  ],
  "questions": [
    {
      "question": "What sport does Daniil Medvedev play?",
      "options": [
        "Tennis",
        "Soccer",
        "Basketball",
        "Baseball"
      ],
      "correct_answer": "Tennis"
    },
    {
      "question": "How many sets was Medvedev losing before he came back to win?",
      "options": [
        "One set",
        "Two sets",
        "Three sets",
        "Four sets"
      ],
      "correct_answer": "Two sets"
    },
    {
      "question": "Where is the Australian Open tournament held?",
      "options": [
        "Australia",
        "Russia",
        "United States",
        "France"
      ],
      "correct_answer": "Australia"
    },
    {
      "question": "What did Medvedev feel during the match?",
      "options": [
        "Happy",
        "Nervous",
        "Bored",
        "Angry"
      ],
      "correct_answer": "Nervous"
    },
    {
      "question": "What did Medvedev do after winning the match?",
      "options": [
        "He cried",
        "He joked with an interviewer",
        "He left immediately",
        "He sang a song"
      ],
      "correct_answer": "He joked with an interviewer"
    },
    {
      "question": "Why was Medvedev's win special compared to last year?",
      "options": [
        "He won faster",
        "He lost after coming back last year",
        "He played a different sport",
        "He didn't play last year"
      ],
      "correct_answer": "He lost after coming back last year"
    }
  ],
  "background_read": [
    "Tennis is a popular sport played around the world. In tournaments like the Australian Open, players compete in matches that are divided into sets. Winning a set means scoring enough points, and players need to win more sets than their opponent to win the match. Sometimes, players fall behind but make a comeback, which makes the game exciting. Daniil Medvedev is a professional tennis player known for his skills and determination in tough matches."
  ],
  "Article_Structure": [
    "WHO: Daniil Medvedev, a Russian tennis player",
    "WHAT: He won a match after being down by two sets at the Australian Open",
    "WHERE: At the Australian Open tournament in Australia",
    "WHY: To show his ability to overcome challenges and reach the final"
  ],
  "perspectives": [
    {
      "perspective": "Athlete's View",
      "description": "Medvedev felt nervous but stayed strong to win, showing perseverance in sports."
    }
  ],
  "image_url": "/article_images/article_c9283f1702daa9a9_444ff0717b1e.webp"
}