{
  "title": "Medvedev's Resilience: A Comeback Victory at the Australian Open",
  "summary": "Daniil Medvedev, a Russian tennis player, achieved a notable comeback at the 2024 Australian Open by winning a match after trailing by two sets, defeating Fabian Marozsan. This victory is significant as Medvedev has reached the Australian Open final three times and endured a challenging 2023 season where he lost similar comeback matches. In this tournament, his run included four five-set matches, totaling over 24 hours on court—the longest in Open era history—highlighting his endurance. Medvedev admitted to nerves during the match, recalling past failures, but managed to stay composed to secure the win. His record in five-setters at the Australian Open is now 7-4, with a 10-13 record in deciding sets, illustrating his competitive spirit. The article also touches on his humorous interactions post-match, such as joking with interviewer Mats Wilander, adding a personal touch to his athletic journey.",
  "keywords": [
    {
      "term": "comeback",
      "explanation": "recovering from a deficit to win, often in sports"
    },
    {
      "term": "five-setter",
      "explanation": "a tennis match that goes to five sets, indicating a long and competitive game"
    },
    {
      "term": "endurance",
      "explanation": "the ability to withstand prolonged physical or mental effort"
    },
    {
      "term": "Open era",
      "explanation": "the period in tennis since 1968 when professionals were allowed to compete in major tournaments"
    },
    {
      "term": "deciding set",
      "explanation": "the final set in a match that determines the winner"
    }
  ],
  "questions": [
    {
      "question": "Who did Medvedev beat in his comeback match at the Australian Open?",
      "options": [
        "Fabian Marozsan",
        "Quentin Halys",
        "Mats Wilander",
        "A Hungarian player"
      ],
      "correct_answer": "Fabian Marozsan"
    },
    {
      "question": "How many five-set matches did Medvedev play in his 2024 Australian Open run?",
      "options": [
        "Two",
        "Three",
        "Four",
        "Five"
      ],
      "correct_answer": "Four"
    },
    {
      "question": "What is Medvedev's win-loss record in five-setters at the Australian Open after this match?",
      "options": [
        "5-6",
        "6-5",
        "7-4",
        "8-3"
      ],
      "correct_answer": "7-4"
    },
    {
      "question": "Why was Medvedev nervous during the match?",
      "options": [
        "He was playing a final",
        "He recalled losing similar matches last year",
        "The crowd was loud",
        "He was injured"
      ],
      "correct_answer": "He recalled losing similar matches last year"
    },
    {
      "question": "What did Medvedev write on the camera after his second-round win?",
      "options": [
        "'five sets again :|'",
        "'not five sets :)'",
        "'I won!'",
        "'Good game'"
      ],
      "correct_answer": "'not five sets :)'"
    },
    {
      "question": "Who interviewed Medvedev on court after the match?",
      "options": [
        "Mats Wilander",
        "A BBC reporter",
        "His coach",
        "No one"
      ],
      "correct_answer": "Mats Wilander"
    },
    {
      "question": "What is the total time Medvedev spent on court in this tournament?",
      "options": [
        "20 hours",
        "24 hours and 17 minutes",
        "30 hours",
        "15 hours"
      ],
      "correct_answer": "24 hours and 17 minutes"
    },
    {
      "question": "How does Medvedev's 2024 performance compare to 2023 in comeback matches?",
      "options": [
        "He lost all comebacks in 2024",
        "He won this comeback after losing similar ones in 2023",
        "He didn't play in 2023",
        "He won all comebacks in both years"
      ],
      "correct_answer": "He won this comeback after losing similar ones in 2023"
    }
  ],
  "background_read": [
    "The Australian Open is one of the four Grand Slam tennis tournaments, held annually in Melbourne. It features top players from around the world competing in singles, doubles, and mixed doubles events. Matches can be best-of-five sets for men, leading to intense and lengthy games. Daniil Medvedev is a prominent player known for his strategic play and resilience, having reached multiple Grand Slam finals. The Open era, starting in 1968, marks when professional players were permitted in major tournaments, increasing competition levels. Understanding tennis scoring and match structure helps appreciate the challenges players like Medvedev face in high-stakes environments."
  ],
  "Article_Structure": [
    "Main Points: Medvedev's comeback win from two sets down at the 2024 Australian Open, his history of similar matches including losses in 2023, and his endurance shown through long five-set matches. Purpose: To highlight Medvedev's resilience and growth as a player, emphasizing his ability to overcome past failures. Evidence Evaluation: The article uses specific match scores, player quotes, and statistical records (e.g., 7-4 in five-setters) to support claims, though it relies on BBC reporting without external verification. Author Credibility: As a BBC Sport article, it benefits from reputable journalism but lacks direct author attribution for expertise assessment. Methodology: Information is gathered from match reports, player interviews, and historical data, typical for sports journalism."
  ],
  "perspectives": [
    {
      "perspective": "Psychological View",
      "description": "Medvedev's admission of nerves and focus on past failures shows the mental challenges athletes face in high-pressure situations."
    }
  ],
  "image_url": "/article_images/article_c9283f1702daa9a9_444ff0717b1e.webp"
}