{
  "title": "Investigating the Link Between Food Preservatives and Type 2 Diabetes",
  "summary": "A comprehensive study published in Nature Communications has linked higher consumption of food preservatives to an increased risk of developing type 2 diabetes. Conducted by researchers from Inserm, INRAE, and several French universities, the study analyzed data from over 100,000 adults in the NutriNet-Santé cohort between 2009 and 2023. Preservatives, which are additives used to extend shelf life in processed foods, were categorized into non-antioxidant and antioxidant types, identified by European codes E200-E299 and E300-E399. Participants provided detailed food records, allowing scientists to estimate long-term exposure to 58 preservative additives. After adjusting for factors like age, diet quality, and lifestyle, the analysis revealed that greater intake of certain preservatives correlated with higher diabetes incidence. This research addresses gaps in previous studies by providing large-scale human evidence, suggesting that preservatives may interfere with metabolic processes. The findings highlight the need for further investigation into food additives and public health recommendations to reduce preservative consumption.",
  "keywords": [
    {
      "term": "preservative additives",
      "explanation": "chemicals added to food to prevent spoilage, including non-antioxidant and antioxidant types"
    },
    {
      "term": "type 2 diabetes",
      "explanation": "a chronic condition where the body becomes resistant to insulin, leading to high blood sugar levels"
    },
    {
      "term": "NutriNet-Santé cohort",
      "explanation": "a large French study tracking diet and health in adults over time"
    },
    {
      "term": "metabolic processes",
      "explanation": "bodily functions that convert food into energy, which preservatives might disrupt"
    },
    {
      "term": "European codes",
      "explanation": "labeling system (E200-E399) used in Europe to identify food additives on ingredients lists"
    },
    {
      "term": "incidence",
      "explanation": "the rate at which new cases of a disease occur in a population"
    },
    {
      "term": "processed foods",
      "explanation": "foods altered during manufacturing, often containing additives like preservatives"
    },
    {
      "term": "lifestyle factors",
      "explanation": "habits such as smoking, exercise, and diet that can influence health risks"
    }
  ],
  "questions": [
    {
      "question": "What was the main finding of the study regarding preservatives?",
      "options": [
        "They reduce diabetes risk",
        "They have no effect on health",
        "They increase the risk of type 2 diabetes",
        "They only affect children"
      ],
      "correct_answer": "They increase the risk of type 2 diabetes"
    },
    {
      "question": "Which research team conducted this study?",
      "options": [
        "A team from the US",
        "Scientists from Inserm and French universities",
        "A private company",
        "International health organizations"
      ],
      "correct_answer": "Scientists from Inserm and French universities"
    },
    {
      "question": "How did researchers categorize preservatives in the study?",
      "options": [
        "By color and taste",
        "Into non-antioxidant and antioxidant types",
        "Based on cost",
        "By country of origin"
      ],
      "correct_answer": "Into non-antioxidant and antioxidant types"
    },
    {
      "question": "What data source was used to track preservative consumption?",
      "options": [
        "Social media posts",
        "The NutriNet-Santé cohort with food records",
        "Government reports only",
        "Animal studies"
      ],
      "correct_answer": "The NutriNet-Santé cohort with food records"
    },
    {
      "question": "What European codes are used for preservatives on labels?",
      "options": [
        "E100-E199",
        "E200-E399",
        "E400-E499",
        "E500-E599"
      ],
      "correct_answer": "E200-E399"
    },
    {
      "question": "Why is this study significant compared to earlier research?",
      "options": [
        "It focused on animals only",
        "It provided large-scale human evidence linking preservatives to diabetes",
        "It studied only children",
        "It ignored diet factors"
      ],
      "correct_answer": "It provided large-scale human evidence linking preservatives to diabetes"
    },
    {
      "question": "What factors did the analysis adjust for?",
      "options": [
        "Only age and sex",
        "Age, sex, education, smoking, alcohol, and diet quality",
        "Weather conditions",
        "Political views"
      ],
      "correct_answer": "Age, sex, education, smoking, alcohol, and diet quality"
    },
    {
      "question": "What should be considered based on the study's implications?",
      "options": [
        "Eating more preservatives is safe",
        "Reducing preservative intake might benefit public health",
        "Preservatives only affect packaging",
        "No changes to diet are needed"
      ],
      "correct_answer": "Reducing preservative intake might benefit public health"
    }
  ],
  "background_read": [
    "Type 2 diabetes is a growing global health issue, often linked to obesity and poor diet. Food preservatives are additives used widely in processed foods to prevent spoilage and extend shelf life; they include substances like sulfites and nitrates. Previous experimental studies suggested preservatives might harm cells, but evidence in humans was limited. The NutriNet-Santé study is a long-term French cohort that collects detailed health and dietary data, making it ideal for investigating such links. This new research adds to understanding how modern food processing affects chronic diseases, emphasizing the role of environmental factors in health. For middle school students, it's important to learn about nutrition labels and the impact of food choices on long-term well-being."
  ],
  "Article_Structure": [
    "Main Points: The study found that higher intake of food preservatives is associated with increased risk of type 2 diabetes, based on data from over 100,000 adults. Purpose: To provide large-scale human evidence on the health effects of preservatives, addressing gaps in previous research. Evidence Evaluation: The evidence is strong due to the large cohort, detailed food records, and adjustment for confounding factors, but it is observational, so causation cannot be proven. Author Credibility: Researchers from reputable French institutions like Inserm and universities, with expertise in nutritional epidemiology. Methodology: Used the NutriNet-Santé cohort with long-term tracking, cross-referenced food databases to estimate preservative exposure, and applied statistical adjustments."
  ],
  "perspectives": [
    {
      "perspective": "Public health",
      "description": "The study suggests that reducing preservative consumption could help prevent diabetes and improve population health"
    }
  ],
  "image_url": "/article_images/article_52a7fae92fa741b6_f54c2525462d.webp"
}