{
  "title": "Financial and Cultural Implications of Insuring the Bayeux Tapestry's £800m Loan",
  "summary": "The UK Treasury is set to provide an estimated £800 million in insurance coverage for the Bayeux Tapestry through the Government Indemnity Scheme (GIS), facilitating its loan from France to the British Museum. This 70-meter-long 11th-century embroidery, depicting the Battle of Hastings and comprising 58 scenes, will be displayed in London from September 2025 to July 2027 during renovations at the Bayeux Museum. The GIS, established in 1980, mitigates financial barriers by offering indemnity insurance for loss or damage, saving UK museums approximately £81 million annually compared to commercial premiums. While French art experts have raised concerns regarding the artifact's fragility and risks associated with transportation, French officials have countered these assertions, ensuring the loan's viability. This arrangement is part of a bilateral cultural exchange, with the British Museum reciprocating by loaning significant items such as Sutton Hoo Anglo-Saxon artefacts and the Lewis chess pieces to France. The article underscores the intersection of heritage preservation, economic policy, and international diplomacy, highlighting how government schemes enable public access to high-value cultural assets while addressing logistical and conservation challenges.",
  "keywords": [
    {
      "term": "indemnity insurance",
      "explanation": "a type of coverage that protects against financial loss from specified risks, such as damage or loss of property"
    },
    {
      "term": "bilateral cultural exchange",
      "explanation": "a mutual agreement between two nations to share cultural artifacts to enhance diplomatic and educational ties"
    },
    {
      "term": "heritage preservation",
      "explanation": "the practice of maintaining and protecting historical artifacts and sites for future generations"
    },
    {
      "term": "logistical challenges",
      "explanation": "the practical difficulties involved in planning and executing the movement or display of items, especially fragile ones"
    },
    {
      "term": "economic policy",
      "explanation": "government strategies related to financial matters, such as funding for cultural institutions"
    }
  ],
  "questions": [
    {
      "question": "What is the primary purpose of the Government Indemnity Scheme in this context?",
      "options": [
        "To reduce insurance costs for museums and enable cultural loans",
        "To increase government revenue from art exhibitions",
        "To restrict access to high-value artifacts",
        "To replace commercial insurance entirely"
      ],
      "correct_answer": "To reduce insurance costs for museums and enable cultural loans"
    },
    {
      "question": "How does the article source the £800m valuation figure?",
      "options": [
        "From the Financial Times citing unnamed officials",
        "From direct Treasury confirmation",
        "From French art experts",
        "From historical records"
      ],
      "correct_answer": "From the Financial Times citing unnamed officials"
    },
    {
      "question": "What historical period does the Bayeux Tapestry primarily depict?",
      "options": [
        "The Norman conquest of England in 1066",
        "The Renaissance in France",
        "The Anglo-Saxon era in England",
        "The medieval French monarchy"
      ],
      "correct_answer": "The Norman conquest of England in 1066"
    },
    {
      "question": "What are the key items the British Museum will loan to France in exchange?",
      "options": [
        "Sutton Hoo artefacts and Lewis chess pieces",
        "Bayeux Tapestry replicas",
        "Vincent van Gogh paintings",
        "Modern British art"
      ],
      "correct_answer": "Sutton Hoo artefacts and Lewis chess pieces"
    },
    {
      "question": "What annual savings does the GIS provide compared to commercial insurance?",
      "options": [
        "Approximately £81 million",
        "Approximately £800 million",
        "Approximately £70 million",
        "Approximately £1 million"
      ],
      "correct_answer": "Approximately £81 million"
    },
    {
      "question": "What is a major concern raised by French art experts regarding the loan?",
      "options": [
        "The fragility and potential damage during transport",
        "The insurance value being too low",
        "The lack of public interest in London",
        "The political implications of the exchange"
      ],
      "correct_answer": "The fragility and potential damage during transport"
    },
    {
      "question": "How does the article characterize the role of the Treasury in this loan?",
      "options": [
        "As a facilitator through financial indemnity",
        "As a direct owner of the tapestry",
        "As an opponent of cultural exchanges",
        "As a minor administrative body"
      ],
      "correct_answer": "As a facilitator through financial indemnity"
    },
    {
      "question": "What is the significance of the Sainsbury Exhibitions Gallery in this context?",
      "options": [
        "It is the display venue for the tapestry in London",
        "It is the permanent home of the tapestry in France",
        "It is where the insurance is negotiated",
        "It is a storage facility for the tapestry"
      ],
      "correct_answer": "It is the display venue for the tapestry in London"
    },
    {
      "question": "How does the article address the methodology of information gathering?",
      "options": [
        "By citing official statements and media reports",
        "By conducting original scientific research",
        "By relying solely on expert opinions",
        "By using anonymous surveys"
      ],
      "correct_answer": "By citing official statements and media reports"
    },
    {
      "question": "What broader theme does the article explore beyond the loan details?",
      "options": [
        "The intersection of heritage, economics, and international relations",
        "The technical aspects of embroidery preservation",
        "The history of the British Museum",
        "The personal stories of historical figures"
      ],
      "correct_answer": "The intersection of heritage, economics, and international relations"
    }
  ],
  "background_read": [
    "The Bayeux Tapestry is a seminal work of medieval art, created in the 11th century to commemorate the Norman invasion of England. Its loan involves complex considerations in art conservation, as the embroidery's age and material composition pose significant risks during transit. The Government Indemnity Scheme represents a key element of UK cultural policy, designed to subsidize public access to heritage by assuming insurance liabilities. This case study illustrates the balancing act between promoting cultural diplomacy through exchanges and adhering to conservation ethics. Understanding this requires knowledge of international loan agreements, insurance mechanisms, and the historical context of Anglo-French relations, highlighting how economic incentives can drive cultural initiatives while raising questions about artifact safety and patrimony."
  ],
  "Article_Structure": [
    "Main Points: The article details the £800m insurance for the Bayeux Tapestry's loan via the GIS, addressing conservation concerns and the reciprocal cultural exchange with France. Purpose: To analyze the financial, logistical, and diplomatic dimensions of a high-profile art loan, emphasizing government support for cultural accessibility. Evidence Evaluation: Sources include Treasury statements, Financial Times reports, and expert opinions, offering credible but partially anonymized data; evidence is robust for official aspects but limited on conservation specifics. Author Credibility: BBC News provides reliable journalism with balanced reporting, though depth may be constrained by news format. Methodology: The article employs a descriptive approach, synthesizing information from official releases, media outlets, and historical context without primary research. Critical Assessment: Strengths include clear explanation of economic benefits and international cooperation; limitations involve reliance on indirect sources and minimal technical detail on conservation risks."
  ],
  "perspectives": [
    {
      "perspective": "Policy-oriented view",
      "description": "Highlights the GIS as an effective tool for cultural democratization and fiscal efficiency."
    },
    {
      "perspective": "Conservation-critical view",
      "description": "Questions the ethical and practical risks of transporting fragile heritage items despite assurances."
    }
  ],
  "image_url": "/article_images/article_cb7d842a2da9853f_e79f2dd56f6b.webp"
}