{
  "title": "Insuring History: The Bayeux Tapestry's £800m Journey to London",
  "summary": "The UK Treasury is planning to insure the Bayeux Tapestry for an estimated £800 million as part of a loan agreement to bring it to the British Museum in London from France. This 70-meter-long embroidery, depicting the 1066 Battle of Hastings, will be displayed from September next year until July 2027 while the Bayeux Museum undergoes renovations. The insurance is provided through the Government Indemnity Scheme (GIS), a long-standing program that saves museums money by covering risks like loss or damage without high commercial premiums. While French art experts have expressed concerns about the fragility of the nearly 1,000-year-old artifact during transport, French officials have denied these issues. The loan is part of a cultural exchange, with the British Museum sending items such as Sutton Hoo Anglo-Saxon artefacts and Lewis chess pieces to France in return. The GIS, established in 1980, has facilitated many high-value loans, like Vincent van Gogh's The Bedroom, and is estimated to save UK institutions around £81 million annually compared to commercial insurance costs.",
  "keywords": [
    {
      "term": "Government Indemnity Scheme",
      "explanation": "a UK government program that provides insurance for cultural objects to reduce costs for museums"
    },
    {
      "term": "cultural exchange",
      "explanation": "an agreement between countries to share art or historical items to promote understanding"
    },
    {
      "term": "fragility",
      "explanation": "the quality of being easily damaged or broken, especially for old artifacts"
    },
    {
      "term": "premium",
      "explanation": "the money paid regularly for insurance coverage"
    },
    {
      "term": "renovations",
      "explanation": "repairs or improvements made to a building, like a museum"
    }
  ],
  "questions": [
    {
      "question": "What is the estimated insurance value for the Bayeux Tapestry?",
      "options": [
        "£800 million",
        "£81 million",
        "£70 million",
        "£1 million"
      ],
      "correct_answer": "£800 million"
    },
    {
      "question": "How long is the Bayeux Tapestry?",
      "options": [
        "70 meters",
        "58 meters",
        "626 meters",
        "202 meters"
      ],
      "correct_answer": "70 meters"
    },
    {
      "question": "What scheme is the UK Treasury using to insure the tapestry?",
      "options": [
        "Government Indemnity Scheme",
        "Commercial Insurance Plan",
        "French Art Protection Program",
        "Museum Loan Agreement"
      ],
      "correct_answer": "Government Indemnity Scheme"
    },
    {
      "question": "Why are some French art experts concerned about the loan?",
      "options": [
        "They think the tapestry is too delicate to transport",
        "They believe it should stay in France forever",
        "They want a higher insurance value",
        "They disagree with the cultural exchange"
      ],
      "correct_answer": "They think the tapestry is too delicate to transport"
    },
    {
      "question": "What will the British Museum send to France in exchange?",
      "options": [
        "Sutton Hoo artefacts and Lewis chess pieces",
        "Vincent van Gogh paintings",
        "Money and gold",
        "New embroidery works"
      ],
      "correct_answer": "Sutton Hoo artefacts and Lewis chess pieces"
    },
    {
      "question": "When was the Government Indemnity Scheme first set up?",
      "options": [
        "1980",
        "1066",
        "2000",
        "1995"
      ],
      "correct_answer": "1980"
    },
    {
      "question": "How much does the GIS save museums annually compared to commercial insurance?",
      "options": [
        "Around £81 million",
        "Around £800 million",
        "Around £70 million",
        "Around £1 million"
      ],
      "correct_answer": "Around £81 million"
    },
    {
      "question": "Where will the tapestry be displayed in London?",
      "options": [
        "Sainsbury Exhibitions Gallery at the British Museum",
        "National Gallery",
        "Bayeux Museum",
        "A French art center"
      ],
      "correct_answer": "Sainsbury Exhibitions Gallery at the British Museum"
    }
  ],
  "background_read": [
    "The Bayeux Tapestry is an 11th-century embroidery that narrates the events leading to the Norman conquest of England, including the Battle of Hastings. It is a key historical artifact for understanding medieval Anglo-French relations. The Government Indemnity Scheme in the UK was created to support public access to art by reducing insurance costs, enabling museums to host high-value loans. Cultural exchanges like this loan help foster international cooperation and public engagement with heritage. However, transporting ancient artifacts involves risks, requiring careful handling and valuation to ensure preservation."
  ],
  "Article_Structure": [
    "Main Points: The article discusses the UK Treasury's plan to insure the Bayeux Tapestry for £800m under the Government Indemnity Scheme for its loan to the British Museum, highlighting concerns about its fragility and the benefits of cultural exchange. Purpose: To inform the public about the financial and logistical aspects of a major cultural loan, emphasizing government support for museums and international cooperation. Evidence Evaluation: The article cites sources like the Financial Times and Treasury statements, providing credible figures and official perspectives, though some details rely on unnamed officials. Author Credibility: As BBC News, it is a reputable source with journalistic standards, but may simplify complex issues for a general audience. Methodology: Information is gathered from official announcements, expert opinions, and historical context, presented in a news report format."
  ],
  "perspectives": [
    {
      "perspective": "Economic view",
      "description": "The GIS saves public money and enables affordable access to cultural treasures."
    },
    {
      "perspective": "Conservation view",
      "description": "Experts worry about potential damage to the fragile tapestry during transit."
    }
  ],
  "image_url": "/article_images/article_cb7d842a2da9853f_e79f2dd56f6b.webp"
}