{
  "title": "Analysis of Arrest for Alleged Naval Impersonation at Remembrance Ceremony",
  "summary": "An individual was apprehended by law enforcement on suspicions of impersonating a navy admiral during a Remembrance event, a ceremonial occasion dedicated to commemorating military service and sacrifices. Authorities confiscated a naval uniform and an assortment of medals from the suspect's residence as part of their investigation. This episode raises significant issues regarding identity fraud, the sanctity of memorial events, and the potential psychological or motivational factors behind such deceptive acts. Impersonation of military personnel is not only a criminal offense in many jurisdictions but also poses risks to national security and public morale by eroding trust in institutional symbols. The case may involve examining the suspect's background, intent, and any possible patterns of similar behavior, while also reflecting broader societal concerns about the exploitation of honorific traditions. It underscores the necessity for rigorous verification protocols at public gatherings to safeguard against fraudulent activities and preserve the integrity of commemorative practices.",
  "keywords": [
    {
      "term": "apprehended",
      "explanation": "arrested or taken into custody by authorities"
    },
    {
      "term": "impersonation",
      "explanation": "the fraudulent act of assuming another's identity, often for deceptive purposes"
    },
    {
      "term": "confiscated",
      "explanation": "officially seized or taken possession of, typically by legal authority"
    },
    {
      "term": "sanctity",
      "explanation": "the state of being sacred or inviolable, often associated with solemn traditions"
    },
    {
      "term": "identity fraud",
      "explanation": "the illegal use of someone else's personal information to deceive"
    },
    {
      "term": "jurisdictions",
      "explanation": "areas or systems where particular laws and authorities apply"
    },
    {
      "term": "national security",
      "explanation": "the protection of a nation's interests and citizens from threats"
    },
    {
      "term": "public morale",
      "explanation": "the confidence, enthusiasm, and discipline of the general population"
    },
    {
      "term": "exploitation",
      "explanation": "the unethical use of something for personal gain"
    },
    {
      "term": "verification protocols",
      "explanation": "established procedures to confirm the authenticity of identities or claims"
    },
    {
      "term": "commemorative practices",
      "explanation": "traditions and rituals designed to honor and remember past events or people"
    },
    {
      "term": "institutional symbols",
      "explanation": "emblems or items representing organizations, such as military uniforms"
    }
  ],
  "questions": [
    {
      "question": "What specific offense is the man suspected of committing?",
      "options": [
        "Impersonating a navy admiral",
        "Organizing an illegal protest",
        "Stealing military equipment",
        "Evading taxes"
      ],
      "correct_answer": "Impersonating a navy admiral"
    },
    {
      "question": "What evidence was gathered by police in this case?",
      "options": [
        "A naval uniform and medals from his home",
        "Digital records and emails",
        "Witness testimonies only",
        "Surveillance footage from the event"
      ],
      "correct_answer": "A naval uniform and medals from his home"
    },
    {
      "question": "How does impersonation at a Remembrance event affect public trust?",
      "options": [
        "It erodes trust in military symbols and traditions",
        "It enhances community bonding",
        "It has no significant impact",
        "It increases event participation"
      ],
      "correct_answer": "It erodes trust in military symbols and traditions"
    },
    {
      "question": "What broader issue does this incident highlight regarding national security?",
      "options": [
        "Risks associated with identity fraud and deception",
        "Improvements in military recruitment",
        "Advances in event planning",
        "Reductions in public spending"
      ],
      "correct_answer": "Risks associated with identity fraud and deception"
    },
    {
      "question": "Why might the suspect's motives be a key focus of the investigation?",
      "options": [
        "To understand intent and prevent future incidents",
        "To determine his favorite hobbies",
        "To assess his physical fitness",
        "To plan his retirement"
      ],
      "correct_answer": "To understand intent and prevent future incidents"
    },
    {
      "question": "What is the significance of confiscated items in legal proceedings?",
      "options": [
        "They serve as physical evidence for building a case",
        "They are returned immediately",
        "They are used for decoration",
        "They have no legal value"
      ],
      "correct_answer": "They serve as physical evidence for building a case"
    },
    {
      "question": "How do verification protocols help at public events?",
      "options": [
        "They prevent fraud and ensure authenticity",
        "They make events more expensive",
        "They delay proceedings unnecessarily",
        "They are only for entertainment"
      ],
      "correct_answer": "They prevent fraud and ensure authenticity"
    },
    {
      "question": "What ethical concerns arise from exploiting commemorative practices?",
      "options": [
        "Disrespect for sacrifices and manipulation of public sentiment",
        "Increased funding for events",
        "Improved attendance rates",
        "Enhanced media coverage"
      ],
      "correct_answer": "Disrespect for sacrifices and manipulation of public sentiment"
    },
    {
      "question": "In what ways might this case reflect societal issues?",
      "options": [
        "It shows vulnerabilities in honoring traditions and trust",
        "It indicates economic growth",
        "It demonstrates technological advances",
        "It highlights environmental concerns"
      ],
      "correct_answer": "It shows vulnerabilities in honoring traditions and trust"
    },
    {
      "question": "What role does author credibility play in reporting such incidents?",
      "options": [
        "It affects the reliability and trustworthiness of the information",
        "It determines the length of the article",
        "It influences the choice of images",
        "It has no impact on reader perception"
      ],
      "correct_answer": "It affects the reliability and trustworthiness of the information"
    },
    {
      "question": "How could the methodology of the article's sourcing be critiqued?",
      "options": [
        "It relies on police statements without independent verification",
        "It includes extensive eyewitness accounts",
        "It uses fictional elements for engagement",
        "It avoids any official sources"
      ],
      "correct_answer": "It relies on police statements without independent verification"
    },
    {
      "question": "What is a potential limitation of the evidence presented in the article?",
      "options": [
        "Lack of context on the suspect's background or intent",
        "Overabundance of detailed forensic analysis",
        "Inclusion of irrelevant personal anecdotes",
        "Excessive focus on historical comparisons"
      ],
      "correct_answer": "Lack of context on the suspect's background or intent"
    }
  ],
  "background_read": [
    "Remembrance events are deeply rooted in traditions to honor military personnel who have died in service, often symbolizing national respect and collective memory. Impersonation of military figures, such as navy admirals, is a serious crime under laws like the Uniform Code of Military Justice or similar statutes, as it can facilitate fraud, espionage, or public disorder. Navy admirals hold command roles with significant responsibilities, and their uniforms are protected symbols. Police investigations typically involve evidence collection, interviews, and legal assessments to establish intent and build cases. This incident connects to broader issues of identity theft, psychological factors driving deception, and the need for societal safeguards to protect ceremonial integrity, reflecting ongoing debates about security and morality in public life."
  ],
  "Article_Structure": [
    "This article details the arrest of a man for allegedly impersonating a navy admiral at a Remembrance event, with police seizing a uniform and medals as evidence. The main points emphasize the deception's impact on event sanctity and public trust, while the purpose is to report on the incident and highlight legal and ethical implications. Evidence evaluation notes the reliance on seized items and police accounts, which are credible but lack independent verification, potentially limiting depth. Author credibility is supported by BBC News' reputation, though the article does not specify journalists, raising minor concerns about bias. Methodology involves summarizing official statements, providing a factual basis but missing investigative rigor. Critical assessment reveals strengths in timely reporting and public awareness, but limitations include insufficient analysis of motives or broader context, suggesting areas for further inquiry into psychological or societal factors driving such impersonations."
  ],
  "perspectives": [
    {
      "perspective": "Legal analysis",
      "description": "Examines the criminal aspects of impersonation, potential charges, and judicial outcomes."
    },
    {
      "perspective": "Sociological critique",
      "description": "Discusses how such acts reflect societal values, trust issues, and the exploitation of symbolic traditions."
    }
  ],
  "image_url": "/article_images/article_9c3f68ff94517488_ce98d488f398.jpg"
}