{
  "title": "Critical Analysis of the UK Puberty Blockers Trial Amid Ethical and Evidentiary Challenges",
  "summary": "The UK has announced a new clinical trial, Pathway, to investigate the risks and benefits of puberty-blocking drugs for children under 16 diagnosed with gender incongruence. This initiative comes in the wake of a nationwide ban on these drugs, instituted after the Cass review exposed significant gaps in clinical evidence regarding their safety and efficacy for adolescents. The trial, led by researchers from King's College London including Prof Emily Simonoff, will enroll approximately 220 participants to assess multidimensional impacts—encompassing physical health, social dynamics, emotional stability, and pioneering research on brain development. Prof Simonoff articulates that the study aims to elucidate the trade-offs between potential mental health improvements and adverse effects, rather than seeking a one-size-fits-all outcome. Nonetheless, the trial faces substantial ethical scrutiny from certain clinicians and activists who contest its propriety, citing concerns over subjecting minors to experimental treatments with uncertain outcomes. Participants must satisfy stringent criteria and undergo comprehensive medical and psychological evaluations before inclusion, reflecting heightened precautions. This trial represents a critical response to the Cass review's recommendations, striving to generate robust data that could inform future gender care policies, yet it underscores ongoing debates about medical ethics, evidence-based practice, and the welfare of vulnerable youth in rapidly evolving healthcare landscapes.",
  "keywords": [
    {
      "term": "puberty blockers",
      "explanation": "pharmaceutical agents that inhibit the onset or progression of puberty by suppressing gonadotropin-releasing hormone"
    },
    {
      "term": "clinical trial",
      "explanation": "a rigorous scientific study conducted to evaluate the safety, efficacy, and mechanisms of medical interventions under controlled conditions"
    },
    {
      "term": "gender incongruence",
      "explanation": "a diagnostic term indicating a discrepancy between an individual's experienced gender and their sex assigned at birth, often associated with distress"
    },
    {
      "term": "Cass review",
      "explanation": "an extensive independent assessment of gender identity services for young people, highlighting deficiencies in evidence and calling for more research"
    },
    {
      "term": "ethics",
      "explanation": "the philosophical and practical considerations of moral principles in research, particularly involving informed consent, risk-benefit analysis, and protection of minors"
    },
    {
      "term": "methodology",
      "explanation": "the systematic approach to research design, including participant selection, data collection, and analysis techniques"
    },
    {
      "term": "evidence evaluation",
      "explanation": "the critical appraisal of research findings for validity, reliability, and applicability, considering sources and potential biases"
    },
    {
      "term": "NHS",
      "explanation": "the National Health Service, a publicly funded healthcare system in the UK, integral to providing and regulating medical services"
    },
    {
      "term": "brain development",
      "explanation": "the neurological and cognitive maturation processes during adolescence, which may be influenced by hormonal interventions"
    },
    {
      "term": "screening",
      "explanation": "a preliminary assessment process to determine eligibility for studies, involving medical, psychological, and ethical evaluations"
    },
    {
      "term": "ban",
      "explanation": "a legislative or regulatory prohibition, in this context restricting prescription of puberty blockers to research settings due to safety concerns"
    },
    {
      "term": "critical assessment",
      "explanation": "an in-depth analysis of strengths and limitations in research, considering methodological rigor, ethical implications, and potential impacts"
    }
  ],
  "questions": [
    {
      "question": "What was the primary catalyst for the UK ban on puberty blockers?",
      "options": [
        "The Cass review's findings on insufficient evidence",
        "A surge in adverse event reports",
        "Political pressure from advocacy groups",
        "Economic constraints in the NHS"
      ],
      "correct_answer": "A"
    },
    {
      "question": "How does the Pathway trial aim to address gaps in knowledge?",
      "options": [
        "By studying physical, social, emotional, and brain development impacts",
        "Focusing solely on cost-effectiveness",
        "Ignoring previous research",
        "Promoting unrestricted use"
      ],
      "correct_answer": "A"
    },
    {
      "question": "What is Prof Emily Simonoff's role in the trial?",
      "options": [
        "Study leader and professor of child and adolescent psychiatry",
        "Government regulator",
        "Independent ethicist",
        "Participant advocate"
      ],
      "correct_answer": "A"
    },
    {
      "question": "Why is the trial considered ethically contentious?",
      "options": [
        "Due to concerns about experimenting on children with uncertain drugs",
        "Because it excludes parental consent",
        "As it mandates drug use for all participants",
        "Since it lacks any oversight"
      ],
      "correct_answer": "A"
    },
    {
      "question": "What specific criterion must participants meet regarding age?",
      "options": [
        "Be under 16 and have reached puberty",
        "Be over 18",
        "Be exactly 12 years old",
        "Have no age restrictions"
      ],
      "correct_answer": "A"
    },
    {
      "question": "How does the Cass review influence current gender care practices?",
      "options": [
        "By recommending restricted use pending more evidence",
        "By endorsing widespread prescription",
        "By dismissing all previous studies",
        "By focusing only on adult care"
      ],
      "correct_answer": "A"
    },
    {
      "question": "What innovative aspect does the trial introduce to puberty blocker research?",
      "options": [
        "First study on brain development effects",
        "Exclusive use in private settings",
        "Ignoring mental health outcomes",
        "Relying on anecdotal evidence"
      ],
      "correct_answer": "A"
    },
    {
      "question": "What is the significance of the NHS's involvement in the trial?",
      "options": [
        "It ensures care within a public health framework",
        "It privatizes the research process",
        "It limits participant access",
        "It avoids ethical reviews"
      ],
      "correct_answer": "A"
    },
    {
      "question": "How does the trial handle potential risks to participants?",
      "options": [
        "Through intensive screening and monitoring",
        "By ignoring risks entirely",
        "Via financial compensation only",
        "By allowing self-administration"
      ],
      "correct_answer": "A"
    },
    {
      "question": "What broader issue does the trial highlight in medical research?",
      "options": [
        "Balancing innovation with ethical safeguards in pediatric care",
        "The inevitability of drug bans",
        "The superiority of adult studies",
        "The irrelevance of evidence-based medicine"
      ],
      "correct_answer": "A"
    },
    {
      "question": "What term best describes the trial's approach to findings?",
      "options": [
        "Nuanced, assessing individual variability",
        "Dogmatic, insisting on uniform results",
        "Speculative, without data collection",
        "Retrospective, based on past cases"
      ],
      "correct_answer": "A"
    },
    {
      "question": "How might the trial's outcomes impact future policies?",
      "options": [
        "By informing evidence-based guidelines on puberty blocker use",
        "By justifying immediate lifting of the ban",
        "By discouraging all gender-related research",
        "By focusing only on economic factors"
      ],
      "correct_answer": "A"
    }
  ],
  "background_read": [
    "Puberty blockers, or gonadotropin-releasing hormone agonists, are used in medical contexts to delay puberty, originally for conditions like precocious puberty but extended to gender-affirming care for youth with gender dysphoria. The Cass review, a pivotal 2022 report by Dr Hilary Cass, critically evaluated NHS gender identity services, emphasizing the poor quality of evidence supporting puberty blockers and gonadotropin-releasing hormone analogues for minors, leading to recommendations for caution and further research. This has fueled debates on medical ethics, particularly regarding informed consent, long-term outcomes, and the balance between alleviating distress and potential iatrogenic harm. The new Pathway trial emerges against this backdrop, aiming to conduct a controlled study with rigorous methodologies, but it must navigate complex ethical landscapes, including autonomy issues for adolescents and the historical context of medical experimentation. Understanding these elements is crucial for critically assessing the trial's design, potential biases, and implications for evidence-based healthcare policy."
  ],
  "Article_Structure": [
    "The article details the initiation of the Pathway clinical trial in the UK to evaluate puberty blockers for children with gender incongruence, following a ban spurred by the Cass review's critique of inadequate evidence. Main points include the trial's scope on physical, social, emotional, and brain development, involvement of 220 participants under 16, and ethical controversies. Purpose is to generate reliable data on risks and benefits in response to evidence gaps, within the broader context of improving gender care. Evidence evaluation notes the reliance on prospective research methods, but current evidence is limited and derived from reviews like Cass, requiring critical assessment of source credibility and potential biases. Author credibility is supported by BBC News' reputation and expert citations, though inherent media biases may shape narrative. Methodology involves controlled trials with screening, yet limitations include small sample size and ethical concerns, necessitating a critical assessment of generalizability and ethical safeguards in pediatric research."
  ],
  "perspectives": [
    {
      "perspective": "Pro-research stance",
      "description": "Advocates emphasize the necessity of empirical data to guide clinical practice, arguing that the trial addresses critical evidence deficits and could enhance patient care through rigorous science."
    },
    {
      "perspective": "Ethical opposition",
      "description": "Critics highlight potential harms and ethical violations, contending that experimenting on minors with unproven treatments may exploit vulnerability and overlook long-term consequences."
    }
  ],
  "image_url": "/article_images/article_0dd60ce99301b3dd_e567c2e94346.webp"
}