{
  "title": "The Rollercoaster Ride of Gold and Silver Prices in 2025",
  "summary": "In 2025, gold and silver experienced significant volatility, ending the year with their largest annual gains since 1979. Gold prices surged over 60%, peaking at a record high above $4,500 per ounce before declining to around $4,330 by year-end, while silver reached an all-time high of $83.62 per ounce before settling near $71. This dramatic increase was driven by multiple factors: expectations of interest rate cuts by the US Federal Reserve in 2026, substantial gold purchases by central banks worldwide, and investors flocking to these 'safe haven' assets amid concerns over global tensions, inflation, and economic uncertainty. Experts like Rania Gule from XS.com and Dan Coatsworth from AJ Bell highlighted these drivers, noting that high government debt, trade policies, and fears of an AI bubble also contributed to bullish sentiment. However, they cautioned that the sharp gains in 2025 make gold and silver vulnerable to a pullback in 2026, as investors might liquidate these assets during market downturns. Despite this, some analysts predict continued growth at a more stable pace, supported by supply constraints and industrial demand for silver.",
  "keywords": [
    {
      "term": "volatility",
      "explanation": "rapid and unpredictable changes in price, often seen in financial markets"
    },
    {
      "term": "interest rate cuts",
      "explanation": "reductions in the cost of borrowing money by central banks, which can boost investment in assets like gold"
    },
    {
      "term": "safe haven assets",
      "explanation": "investments like gold and silver that people buy to protect wealth during economic or geopolitical crises"
    },
    {
      "term": "liquidation",
      "explanation": "the process of selling assets quickly to convert them into cash, often during financial stress"
    },
    {
      "term": "bullish sentiment",
      "explanation": "a positive outlook on market prices, expecting them to rise"
    },
    {
      "term": "supply constraints",
      "explanation": "limitations in the availability of a commodity, such as silver, which can drive up prices"
    }
  ],
  "questions": [
    {
      "question": "What was the approximate percentage increase in gold prices in 2025?",
      "options": [
        "Over 60%",
        "About 30%",
        "Less than 10%",
        "Exactly 50%"
      ],
      "correct_answer": "Over 60%"
    },
    {
      "question": "Which factor is NOT mentioned as a driver for gold and silver price rises?",
      "options": [
        "Increased mining output",
        "Expectations of interest rate cuts",
        "Central bank purchases",
        "Investor demand for safe havens"
      ],
      "correct_answer": "Increased mining output"
    },
    {
      "question": "What did Dan Coatsworth warn about for 2026?",
      "options": [
        "Prices might drop due to investor liquidation",
        "Prices will definitely double",
        "Interest rates will rise sharply",
        "Silver will become worthless"
      ],
      "correct_answer": "Prices might drop due to investor liquidation"
    },
    {
      "question": "Why are gold and silver considered 'safe haven' assets?",
      "options": [
        "They protect wealth during economic uncertainty",
        "They always increase in value",
        "They are easy to mine",
        "They are used only in jewelry"
      ],
      "correct_answer": "They protect wealth during economic uncertainty"
    },
    {
      "question": "What role did central banks play in 2025?",
      "options": [
        "They added hundreds of tons of gold to reserves",
        "They sold all their gold",
        "They only bought silver",
        "They ignored precious metals"
      ],
      "correct_answer": "They added hundreds of tons of gold to reserves"
    },
    {
      "question": "How does supply tightness affect silver prices?",
      "options": [
        "It pushes prices up due to limited availability",
        "It lowers prices because of excess",
        "It has no effect",
        "It only affects gold"
      ],
      "correct_answer": "It pushes prices up due to limited availability"
    },
    {
      "question": "What is a potential risk for gold and silver in 2026 according to experts?",
      "options": [
        "A sharp pullback after 2025 gains",
        "They will become illegal to trade",
        "Interest rates will stop affecting them",
        "Demand will disappear completely"
      ],
      "correct_answer": "A sharp pullback after 2025 gains"
    },
    {
      "question": "What does Rania Gule predict for gold in 2026?",
      "options": [
        "Continued rise at a more stable pace",
        "A sudden crash",
        "No change",
        "Only silver will rise"
      ],
      "correct_answer": "Continued rise at a more stable pace"
    }
  ],
  "background_read": [
    "Gold and silver are precious metals with historical significance as stores of value and mediums of exchange. In modern finance, they are traded as commodities and investments, influenced by factors such as interest rates, inflation, geopolitical events, and market sentiment. The US Federal Reserve's monetary policies, including interest rate adjustments, can impact investor behavior, as lower rates often make non-yielding assets like gold more attractive. Central banks hold gold reserves to diversify assets and hedge against currency risks. In 2025, global economic uncertainties, including high debt levels and trade tensions, led investors to seek safe havens, driving up prices. However, such surges can lead to volatility, as seen in past cycles, making it crucial to understand the interplay of supply, demand, and macroeconomic indicators in predicting future trends."
  ],
  "Article_Structure": [
    "This article analyzes the volatile performance of gold and silver in 2025, highlighting record price gains driven by expectations of interest rate cuts, central bank purchases, and safe-haven demand amid economic worries. The purpose is to inform readers about the factors behind these movements and expert warnings for 2026. Evidence includes quotes from analysts like Rania Gule and Dan Coatsworth, data on price peaks, and references to central bank actions, though it relies on expert opinions rather than primary data. Author credibility is supported by sourcing from BBC Business and named experts from trading platforms, but potential biases may arise from focusing on financial perspectives. Methodology involves summarizing market reports and expert insights, providing a balanced view of bullish and cautious outlooks for future price trends."
  ],
  "perspectives": [
    {
      "perspective": "Economic driver perspective",
      "description": "Focuses on how macroeconomic factors like interest rates and inflation drive gold and silver prices, emphasizing their role as hedges."
    },
    {
      "perspective": "Market risk perspective",
      "description": "Highlights the vulnerabilities of precious metals to market corrections, warning that rapid gains can lead to sell-offs during downturns."
    }
  ],
  "image_url": "/article_images/article_7050b99edad6db07_906dc74c006f.webp"
}