{
  "title": "Massive Meteorite Crater in China Reveals New Insights into Earth's Past",
  "summary": "Researchers have uncovered a significant impact crater in Guangdong, China, which dates back to the Holocene epoch. This crater spans 900 meters in diameter, making it notably larger than other known craters from this period. The discovery was confirmed through the analysis of shock-damaged quartz, which indicates the intense forces generated by a meteorite impact. What makes this finding particularly remarkable is the crater's preservation in an environment typically characterized by high erosion rates, suggesting unique geological conditions that protected it from degradation. This crater challenges previous understandings of Earth's recent history by providing concrete evidence of a substantial meteorite strike that could have influenced local and possibly global environments. The study, published via Science Daily, highlights how such discoveries can reshape scientific knowledge and prompt further investigations into impact events and their effects on planetary evolution.",
  "keywords": [
    {
      "term": "impact crater",
      "explanation": "a depression on a planet's surface caused by the collision of a meteoroid, asteroid, or comet"
    },
    {
      "term": "Holocene",
      "explanation": "the current geological epoch, beginning approximately 11,700 years ago, marked by stable climate and human civilization development"
    },
    {
      "term": "shock-damaged quartz",
      "explanation": "quartz crystals that show deformations due to high-pressure events, often used as evidence for meteorite impacts"
    },
    {
      "term": "erosion rates",
      "explanation": "the speed at which natural processes like water and wind remove soil and rock from the land surface"
    },
    {
      "term": "meteorite strike",
      "explanation": "an event where a meteorite collides with a planetary body, potentially causing craters and other geological changes"
    },
    {
      "term": "geological rarity",
      "explanation": "a feature or event that is uncommon in geology due to specific conditions or preservation"
    },
    {
      "term": "Science Daily",
      "explanation": "a popular science news website that reports on the latest research and discoveries"
    },
    {
      "term": "planetary evolution",
      "explanation": "the long-term changes and development of planets, including processes like impacts and erosion"
    },
    {
      "term": "evidence",
      "explanation": "data or observations that support a scientific claim or hypothesis"
    },
    {
      "term": "research",
      "explanation": "systematic investigation to discover new facts or verify existing knowledge"
    }
  ],
  "questions": [
    {
      "question": "What is the diameter of the crater found in Guangdong?",
      "options": [
        "500 meters",
        "700 meters",
        "900 meters",
        "1100 meters"
      ],
      "correct_answer": "900 meters"
    },
    {
      "question": "Which mineral provided evidence for the meteorite impact?",
      "options": [
        "Calcite",
        "Quartz",
        "Feldspar",
        "Mica"
      ],
      "correct_answer": "Quartz"
    },
    {
      "question": "In which geological epoch did this impact occur?",
      "options": [
        "Pleistocene",
        "Holocene",
        "Cretaceous",
        "Jurassic"
      ],
      "correct_answer": "Holocene"
    },
    {
      "question": "Why is the crater considered a geological rarity?",
      "options": [
        "It is made of rare minerals",
        "It survived in a high-erosion area",
        "It is the smallest known crater",
        "It was found by accident"
      ],
      "correct_answer": "It survived in a high-erosion area"
    },
    {
      "question": "What does shock-damaged quartz indicate?",
      "options": [
        "Volcanic activity",
        "Meteorite impact",
        "Earthquake damage",
        "Flood erosion"
      ],
      "correct_answer": "Meteorite impact"
    },
    {
      "question": "Where was the crater discovered?",
      "options": [
        "Guangdong, China",
        "Sichuan, China",
        "Mongolia",
        "Vietnam"
      ],
      "correct_answer": "Guangdong, China"
    },
    {
      "question": "What is the source of this article?",
      "options": [
        "Science Daily",
        "National Geographic",
        "BBC News",
        "NASA"
      ],
      "correct_answer": "Science Daily"
    },
    {
      "question": "How might this discovery rewrite Earth's history?",
      "options": [
        "By showing older impacts",
        "By revealing a recent large impact",
        "By disproving all previous theories",
        "By finding new life forms"
      ],
      "correct_answer": "By revealing a recent large impact"
    },
    {
      "question": "What is erosion?",
      "options": [
        "Building up of land",
        "Wearing away of land",
        "Formation of mountains",
        "Creation of oceans"
      ],
      "correct_answer": "Wearing away of land"
    },
    {
      "question": "What role do scientists play in this discovery?",
      "options": [
        "They made the crater",
        "They studied and confirmed it",
        "They ignored it",
        "They caused the erosion"
      ],
      "correct_answer": "They studied and confirmed it"
    }
  ],
  "background_read": [
    "Impact craters are formed when objects from space, such as meteorites, collide with Earth's surface, creating depressions that can vary in size. The Holocene epoch is the most recent geological time period, starting around 11,700 years ago, and it includes the development of human civilizations. Erosion is a natural process where environmental factors like water, wind, and ice gradually wear down rocks and landscapes; high erosion areas typically have rapid loss of geological features. Shock-damaged quartz is a key indicator in impact geology, as it shows planar deformation features that result from high-pressure shocks, often linked to meteorite impacts. Science Daily is a reliable source for science news, aggregating research from various institutions. This discovery emphasizes how well-preserved craters can provide insights into past cosmic events and their effects on Earth's environment and history."
  ],
  "Article_Structure": [
    "This article reports on the discovery of a large impact crater in Guangdong, China, from the Holocene epoch, measuring 900 meters wide. The main points include its size surpassing other Holocene craters, evidence from shock-damaged quartz confirming a meteorite impact, and its rarity due to preservation in a high-erosion environment. The purpose is to inform about a significant geological find that challenges existing knowledge of Earth's recent history by highlighting a major impact event. Evidence evaluation shows strong support from geological analysis of quartz, which is a standard method in impact studies, but the article relies on a secondary source (Science Daily) rather than primary research, so direct verification is needed. Author credibility is implied through association with scientific discovery, but specific experts are not named, requiring caution. Methodology involves field observations and mineral analysis, common in geology, though details on data collection are limited, suggesting the need for peer-reviewed studies to confirm findings."
  ],
  "perspectives": [
    {
      "perspective": "Scientific Advancement",
      "description": "This discovery advances our understanding of meteorite impacts in the Holocene, suggesting more frequent or larger events than previously thought."
    },
    {
      "perspective": "Geological Preservation",
      "description": "The crater's survival in an erosive environment raises questions about factors that protect geological features, aiding in better models of landscape evolution."
    }
  ],
  "image_url": "/article_images/article_4114dee7acf69b67_89692b6d3c9d.webp"
}