{
  "title": "Fire at Climate Meeting in Brazil",
  "summary": "A big fire happened at a climate meeting in Brazil where thousands of people were talking about how to protect our planet. The fire made everyone leave the building quickly to stay safe. Firefighters came to put out the fire and help people. This event shows that even important meetings can have emergencies, and it reminds us to be prepared. The climate talks are about finding ways to stop pollution and keep Earth healthy. After the fire, people will need to make sure the meeting can continue safely. It's important to learn from this to prevent fires in the future.",
  "keywords": [
    {
      "term": "climate",
      "explanation": "the weather patterns on Earth over a long time"
    },
    {
      "term": "fire",
      "explanation": "a dangerous event with flames that can burn things"
    },
    {
      "term": "evacuated",
      "explanation": "when people leave a place quickly to stay safe"
    },
    {
      "term": "talks",
      "explanation": "meetings where people discuss important topics"
    },
    {
      "term": "Brazil",
      "explanation": "a big country in South America"
    },
    {
      "term": "UN",
      "explanation": "a group of countries that work together for peace"
    },
    {
      "term": "firefighters",
      "explanation": "people whose job is to put out fires and rescue others"
    },
    {
      "term": "safety",
      "explanation": "being protected from danger or harm"
    }
  ],
  "questions": [
    {
      "question": "What happened at the climate talks in Brazil?",
      "options": [
        "A fire broke out",
        "It started raining",
        "People had a party",
        "The talks ended early"
      ],
      "correct_answer": "A"
    },
    {
      "question": "Why were people evacuated?",
      "options": [
        "To stay safe from the fire",
        "To go home for lunch",
        "Because the talks were over",
        "To watch a movie"
      ],
      "correct_answer": "A"
    },
    {
      "question": "Who came to help put out the fire?",
      "options": [
        "Firefighters",
        "Teachers",
        "Doctors",
        "Pilots"
      ],
      "correct_answer": "A"
    },
    {
      "question": "What is the main topic of the climate talks?",
      "options": [
        "Protecting the planet from pollution",
        "Playing sports",
        "Cooking food",
        "Building houses"
      ],
      "correct_answer": "A"
    },
    {
      "question": "Where did the fire happen?",
      "options": [
        "In Brazil",
        "In the United States",
        "In China",
        "In Australia"
      ],
      "correct_answer": "A"
    },
    {
      "question": "What does UN stand for?",
      "options": [
        "United Nations",
        "Universal Network",
        "Unique Numbers",
        "Under Night"
      ],
      "correct_answer": "A"
    },
    {
      "question": "Why is it important to be prepared for emergencies?",
      "options": [
        "To keep people safe",
        "To have more fun",
        "To save money",
        "To make friends"
      ],
      "correct_answer": "A"
    },
    {
      "question": "What might happen after the fire is put out?",
      "options": [
        "The talks may continue safely",
        "Everyone goes home forever",
        "A new fire starts",
        "People have a celebration"
      ],
      "correct_answer": "A"
    }
  ],
  "background_read": [
    "Climate talks are meetings where leaders from many countries discuss how to reduce pollution and fight climate change. Climate change means the Earth is getting warmer, which can cause problems like stronger storms and melting ice. Brazil is hosting this meeting to help find solutions. Fires can happen unexpectedly, so it's important to have safety plans in place to protect everyone."
  ],
  "Article_Structure": [
    "WHO: Thousands of people and firefighters",
    "WHAT: A fire broke out and people were evacuated",
    "WHERE: At the UN climate talks in Brazil",
    "WHY: To ensure safety and continue important discussions on climate change"
  ],
  "perspectives": [
    {
      "perspective": "Safety first",
      "description": "The evacuation shows that keeping people safe is the top priority during emergencies."
    },
    {
      "perspective": "Climate action",
      "description": "Even with interruptions, the climate talks are crucial for protecting our environment."
    }
  ],
  "image_url": "/article_images/article_5a1eea6b3c31b1d2_155f6049e4cc.jpg"
}