{
  "articles": [
    {
      "id": "e4f556214d616c19",
      "title": "Analyzing the 2026 Arctic Blast: Meteorological Warnings and Public Health Implications in the UK",
      "summary": "The commencement of 2026 in the UK is marked by a significant Arctic blast, prompting the Met Office to issue comprehensive snow and ice warnings effective from New Year's Day through the ensuing weekend. This meteorological event is projected to persist for over a week, engendering substantial travel disruption characterized by potential large snow accumulations and blizzards. Overnight temperatures have descended to notably low levels, such as -9.6°C in Braemar, Aberdeenshire, representing some of the most severe readings this winter. In tandem, the UK Health Security Agency has escalated cold health alerts to amber status across England, valid until January 6, to address heightened public health risks. These alerts delineate concerns including an anticipated rise in mortality rates, particularly among elderly and vulnerable demographics, complications in sustaining recommended indoor temperatures in residential and healthcare settings, and the exacerbating effects of strengthening northerly winds on perceived cold. While New Year's Eve may remain dry for majority regions, snow showers are forecasted to impact northern Scotland and other areas, with maximum daytime temperatures ranging from 0 to 7°C before a further decline. This scenario underscores the interplay between extreme weather phenomena and societal vulnerabilities, necessitating robust public awareness and adaptive strategies to mitigate adverse outcomes.",
      "source": "BBC News",
      "time_ago": "1 hour ago",
      "image_url": "/article_images/article_e4f556214d616c19_d64753425c74.webp",
      "category": "News"
    },
    {
      "id": "cee47ca0099f2404",
      "title": "Analysis of Channel Tunnel Service Restoration Post-Disruption",
      "summary": "Following a significant disruption on Tuesday, Eurostar and Le Shuttle services through the Channel Tunnel have been reinstated, though residual effects persist. The incident, triggered by an overhead power supply malfunction and a failed Le Shuttle train, resulted in the blockage of all routes, compelling Eurostar to cancel the majority of its London-based services to key European destinations such as Paris, Amsterdam, and Brussels. This disruption severely impacted thousands of passengers, many embarking on New Year's Eve travels, leading to extensive delays and logistical challenges. Overnight remediation efforts by Getlink, the tunnel operator, addressed the power supply issue, enabling a resumption of rail services by Wednesday morning. Eurostar has indicated that most morning departures proceeded as scheduled, with only three cancellations, yet the company cautions about potential knock-on delays and last-minute cancellations due to the cascading effects of the initial outage. In mitigation, Eurostar is implementing enhanced compensation protocols, including full ticket refunds and e-vouchers equivalent to 150% of the fare, underscoring a customer-centric response. Concurrently, Le Shuttle services from Folkestone have normalized, although delays at Calais have been reduced from six hours to approximately one hour. This event underscores the vulnerabilities inherent in critical transnational infrastructure and the complex interplay between technical failures, operational responses, and passenger welfare during peak travel periods.",
      "source": "BBC News",
      "time_ago": "2 hours ago",
      "image_url": "/article_images/article_cee47ca0099f2404_b324e2123a16.webp",
      "category": "News"
    },
    {
      "id": "e7eccc4137267568",
      "title": "An Obituary Analysis: Cultural Icons and Their Legacies in 2025",
      "summary": "This article serves as a comprehensive obituary for distinguished individuals who passed away in 2025, examining their profound influences across diverse domains. It delves into the careers of Hollywood icons such as Diane Keaton, whose Oscar-winning performance in Annie Hall and collaborative dynamic with Woody Allen reshaped comedic cinema, and Robert Redford, whose acting prowess in films like All The President's Men was complemented by his entrepreneurial vision in founding the Sundance Film Festival, a cornerstone for independent filmmaking. The piece also addresses historical figures like Pope Francis, marking his tenure as the first non-European Pope in over a millennium, and Ozzy Osbourne, a seminal figure in rock music. Additional profiles include Gene Hackman's embodiment of tough-guy archetypes in The French Connection, Prunella Scales' iconic role in Fawlty Towers, and Dharmendra's Bollywood legacy. By synthesizing biographical details with cultural context, the article aims to critically assess their contributions, highlighting how their work transcended entertainment to affect societal narratives and artistic evolution.",
      "source": "BBC News",
      "time_ago": "4 hours ago",
      "image_url": "/article_images/article_e7eccc4137267568_f9b5ef669721.webp",
      "category": "News"
    },
    {
      "id": "b09069f277bb2f1d",
      "title": "The Precarious Leadership of Keir Starmer: A Critical Analysis of 2026's Political Crossroads",
      "summary": "Keir Starmer's tenure as prime minister, following a decisive general election victory with a 174-seat majority for the Labour Party, is under unprecedented scrutiny merely 18 months into his term. This article explores the paradox of his vulnerability amidst a strong parliamentary position, noting that speculation about his future permeates Westminster, domestic political circles, and international diplomatic channels. The fulcrum of this discourse is the scheduled elections on May 7, 2026, for the Welsh Parliament (Senedd), Scottish Parliament, and numerous local authorities in England. These elections carry profound implications for regional governance and the career trajectories of political leaders, particularly Starmer, as Labour currently governs the Senedd and holds many urban councils. Anticipated poor performance could result in significant losses of councillors and devolved parliament members, eroding the party's grassroots infrastructure essential for electoral campaigns. Internal Labour dynamics reveal discreet, deniable planning for potential leadership succession, described as campaigning with a 'small c,' indicating underlying unrest. Starmer's acknowledgment of the speculation, albeit with levity, underscores the gravity of the situation. The article posits that 2026 represents a make-or-break year, where electoral outcomes may either consolidate Starmer's authority or catalyze a leadership crisis, reflecting broader themes of political instability in contemporary UK governance.",
      "source": "BBC News",
      "time_ago": "12 hours ago",
      "image_url": "/article_images/article_b09069f277bb2f1d_854e2c47fa0f.webp",
      "category": "News"
    },
    {
      "id": "178719d49a976f25",
      "title": "Political Protests at Kennedy Center and Multifaceted Global Developments",
      "summary": "This article provides a comprehensive news wrap detailing several significant events. Central to the report is the ongoing protest by artists against the Kennedy Center in Washington, D.C., following the addition of former President Trump's name to the institution. The jazz ensemble The Cookers canceled their New Year's Eve performance, implicitly opposing the renaming by emphasizing their dedication to music that fosters unity, though without explicit reference to Trump. Preceding this, musician Chuck Redd canceled his Christmas Eve show, directly citing the name change as his rationale, and subsequently faced a $1 million lawsuit threat from Richard Grenell, the center's president and a Trump ally. Concurrently, meteorological disturbances, characterized by arctic air influx, precipitated heavy snowfall and gale-force winds across the Great Lakes and Northeastern United States, resulting in widespread power outages for tens of thousands and over 5,000 flight delays, exacerbating travel woes ahead of the new year. In the sports domain, New England Patriots wide receiver Stefon Diggs is confronting serious criminal charges, including strangulation, as per court disclosures; he vehemently denies these allegations, with the Patriots organization publicly endorsing him amidst legal proceedings. On the international front, the United Arab Emirates has initiated the withdrawal of its residual military contingent from Yemen subsequent to a Saudi Arabian assault on an Emirati logistical shipment in a Yemeni port, an incident that has intensified bilateral tensions and threatens to rekindle the protracted civil war in Yemen. The Saudi-backed Yemeni Presidential Council has responded by annulling a defense pact with the UAE, underscoring the geopolitical ramifications of this escalation.",
      "source": "PBS NewsHour",
      "time_ago": "12 hours ago",
      "image_url": "/article_images/article_178719d49a976f25_aa85f6378b2f.webp",
      "category": "News"
    },
    {
      "id": "7d5dcbbdd295562f",
      "title": "Federal Probe into Fraud Allegations Involving Somali Child Care Providers: A Case Study in Minnesota",
      "summary": "The Trump administration has deployed federal officers to Minnesota to investigate fraud allegations targeting Somali child care providers in Minneapolis, following unsubstantiated claims by right-wing influencer Nick Shirley, who alleged in a YouTube video that these centers misappropriated over $100 million. In response, FBI Director Kash Patel indicated an ongoing investigation, describing it as \"the tip of a very large iceberg,\" while Homeland Security Secretary Kristi Noem disseminated footage of agents on-site. Concurrently, federal prosecutors are examining approximately $9 billion in fraud across numerous Medicaid-funded programs in the state, representing a significant escalation in scope. State and city officials, however, question Shirley's assertions, contextualizing them within the administration's immigration crackdown that already burdens the Somali community. Investigative reporter Jeff Meitrodt elucidates that the fraud originated from a COVID-era relief initiative aimed at providing meals for children during school closures, which subsequently expanded into a pervasive issue affecting multiple assistance programs. This scenario underscores complex interplay between federal intervention, social media influence, and socio-political tensions, raising critical questions about evidence standards, community impact, and the evolution of fraud in public welfare systems.",
      "source": "PBS NewsHour",
      "time_ago": "13 hours ago",
      "image_url": "/article_images/article_7d5dcbbdd295562f_6cdf488f2272.webp",
      "category": "News"
    }
  ]
}