{
  "articles": [
    {
      "id": "91c9f48667a65628",
      "title": "Alcaraz's Historic Triumph: Redefining Tennis Legacy at the Australian Open",
      "summary": "Carlos Alcaraz's victory over Novak Djokovic in the Australian Open final represents a seminal moment in tennis, as the 22-year-old Spaniard became the youngest man to complete a career Grand Slam, shattering an 87-year-old record held by Don Budge. In a match characterized by strategic shifts, Alcaraz recovered from a 2-6 first-set loss to secure a 6-2, 6-3, 7-5 win, claiming his seventh major title and solidifying his status as world number one. This achievement places Alcaraz among an elite group of nine men who have won all four Grand Slam tournaments—Australian Open, French Open, Wimbledon, and US Open—while simultaneously thwarting Djokovic's quest for a standalone 25th major, leaving him tied with Margaret Court at 24. The contest, held at Melbourne's Rod Laver Arena, underscores the evolving dynamics in men's tennis, with Alcaraz and Jannik Sinner emerging as dominant forces, having collectively won the past nine majors. Djokovic, at 38, faces diminishing opportunities to cement his legacy as the greatest of all time, amid the rise of younger competitors. The presence of Rafael Nadal and other luminaries at the event accentuates its historical weight, illustrating the intergenerational narrative shaping the sport's future.",
      "source": "BBC News",
      "time_ago": "Just now",
      "image_url": "/article_images/article_91c9f48667a65628_e86a000344d8.webp",
      "category": "News"
    },
    {
      "id": "c25592350db393c8",
      "title": "Political Discourse on Drug Policy Reform: An Analysis of Polanski's Advocacy",
      "summary": "Zack Polanski, leader of the Green Party in England and Wales, has articulated a compelling case for systemic reform in drugs policy, advocating for the legalisation of drugs and a transition to a public health paradigm. He critiques the prevailing 'war on drugs' framework, contending that it exacerbates risks by fostering unregulated black markets and impeding access to medical intervention for individuals with substance use disorders. Polanski's argument is bolstered by references to Anyone's Child, an advocacy group comprising families bereaved by drug-related fatalities, which underscores the societal imperative for a national dialogue grounded in empirical evidence. In response to accusations from Prime Minister Keir Starmer of being 'soft on drugs,' Polanski rebuffs such characterizations as reductive, emphasizing the necessity for a mature, evidence-based conversation that prioritizes prevention, intervention, and post-use support. Personally, Polanski's abstinence from drugs and alcohol, rooted in a desire for sobriety amidst peer influences, informs his nuanced perspective: he endorses individual autonomy in safe practices while advocating for structural changes to enhance public safety. As an eco-populist, Polanski positions the Green Party on the leftist spectrum, leveraging his leadership to champion progressive policy shifts that challenge conventional punitive approaches and promote holistic health strategies.",
      "source": "BBC News",
      "time_ago": "1 hour ago",
      "image_url": "/article_images/article_c25592350db393c8_c11e2f38e19d.webp",
      "category": "News"
    },
    {
      "id": "814e4fc53a53cbf6",
      "title": "Analyzing the UK's Elite Taxpayers: Contributions, Policy Impacts, and Avoidance Trends",
      "summary": "This article examines The Sunday Times Tax List, an annual ranking of the UK's 100 highest taxpayers, revealing significant insights into fiscal contributions and economic behavior. Fred and Peter Done, founders of the gambling conglomerate Betfred, top the list with an estimated £400.1 million tax payment, nearly doubling from the previous year. The list features a diverse array of individuals, including celebrities such as Harry Styles (£24.7 million) and Anthony Joshua (£11 million), as well as business leaders like Alex Gerko (£331.4 million) and Chris Rokos (£330 million). Total tax contributions rose to £5.758 billion from £4.985 billion, attributed largely to increased corporation tax rates implemented by the Labour government to fund higher welfare spending. However, the article also identifies a trend of tax avoidance, with six taxpayers, including Revolut founder Nik Storonsky, relocating from the UK amid the abolition of non-dom status and rising tax burdens. Compiled by Robert Watts, the list underscores the critical role of elite taxpayers in public finance while highlighting challenges in tax policy enforcement and equity. This analysis provides a nuanced view of how wealth distribution, government interventions, and global mobility intersect in contemporary UK taxation.",
      "source": "BBC News",
      "time_ago": "1 hour ago",
      "image_url": "/article_images/article_814e4fc53a53cbf6_a3b78f52ab41.webp",
      "category": "News"
    },
    {
      "id": "87f3c29813165873",
      "title": "Judicial Analysis: Denial of Preliminary Injunction in Minnesota Immigration Enforcement Surge",
      "summary": "In a significant legal development, U.S. District Judge Katherine M. Menendez has denied a preliminary injunction sought by Minnesota state and local officials to halt Operation Metro Surge, an immigration enforcement initiative by the Department of Homeland Security in the Twin Cities region. The lawsuit, filed by Attorney General Keith Ellison and the mayors of Minneapolis and St. Paul, alleges that the surge violates constitutional protections, particularly the 10th Amendment, by infringing on state sovereignty and constituting retaliation for failed federal attempts to coerce immigration cooperation through funding threats. They argue that the operation has led to unconstitutional resource drains, with reports of school and business closures due to aggressive tactics by federal officers. Conversely, the Department of Justice, representing the federal government, contends that the surge is essential for removing criminal immigrants from communities, citing impediments from state and local sanctuary policies. Judge Menendez's ruling emphasized the unclear likelihood of success for the plaintiffs' constitutional claims, as evidence presented supported both motivational arguments, and she was swayed by a recent 8th U.S. Circuit Court of Appeals decision that overturned limits on force used against protesters, suggesting judicial deference to federal enforcement authority. This decision permits the continuation of enforcement actions while the lawsuit proceeds, underscoring complex intergovernmental tensions and the judicial balancing of federal immigration powers against state rights in contemporary U.S. policy debates.",
      "source": "PBS NewsHour",
      "time_ago": "13 hours ago",
      "image_url": "/article_images/article_87f3c29813165873_8edb96dacfaa.webp",
      "category": "News"
    },
    {
      "id": "f5edb09c6c564ec4",
      "title": "Legal and Ethical Critique of Immigration Enforcement in Father-Son Detention Case",
      "summary": "Federal Judge Fred Biery mandated the release of 5-year-old Liam Conejo Ramos and his father, Adrian Conejo Arias, from an ICE detention facility in Texas, condemning the Trump administration's immigration enforcement strategies as driven by deportation quotas that risk traumatizing children. The case originated from their detention in Minnesota, where Adrian, an Ecuadorian national with a pending asylum claim, was apprehended. Allegations surfaced that ICE officers exploited Liam as 'bait' to facilitate his mother's arrest, a claim vehemently denied by the Department of Homeland Security as an 'abject lie.' Biery's ruling invoked the Declaration of Independence, drawing parallels between contemporary enforcement tactics and historical grievances against oppressive governance. The detention incited public outcry, protests at the Texas center, and congressional scrutiny, underscoring broader debates over immigration policy, due process, and the treatment of minors in enforcement operations.",
      "source": "PBS NewsHour",
      "time_ago": "14 hours ago",
      "image_url": "/article_images/article_f5edb09c6c564ec4_3e4f94190b33.webp",
      "category": "News"
    },
    {
      "id": "fde6e8eb04d10c30",
      "title": "Legal and Royal Implications of New Epstein Allegations Against Prince Andrew",
      "summary": "In a recent development, attorney Brad Edwards alleges that a second woman was dispatched to the United Kingdom by Jeffrey Epstein for a sexual encounter with Prince Andrew in 2010. The accuser, a non-British national in her twenties, contends that the incident transpired at Royal Lodge, Andrew's residence, followed by a tour of Buckingham Palace and tea. The BBC has solicited a response from Prince Andrew, who remains silent. Edwards, representing over 200 Epstein survivors including Virginia Giuffre—who previously accused Andrew of sexual abuse as a minor—frames this within broader legal efforts for victim compensation. Epstein's 2008 conviction for soliciting a minor underscores the scandal's gravity. In 2022, King Charles stripped Andrew of his royal titles, a move Edwards criticizes as impeding financial restitution for survivors by allowing Andrew to plead impoverishment. The article delves into evidentiary challenges, such as verifying the palace visit without disclosing the woman's identity, and examines the cessation of communications post-title removal, highlighting systemic issues in addressing high-profile sexual misconduct allegations within royal and legal frameworks.",
      "source": "BBC News",
      "time_ago": "14 hours ago",
      "image_url": "/article_images/article_fde6e8eb04d10c30_31eb22497bc6.webp",
      "category": "News"
    }
  ]
}