{
  "articles": [
    {
      "id": "91c9f48667a65628",
      "title": "Alcaraz Makes History as Youngest Career Grand Slam Champion",
      "summary": "In a thrilling Australian Open final, Carlos Alcaraz defeated Novak Djokovic to become the youngest man in tennis history to complete a career Grand Slam. At 22 years old, Alcaraz overcame a slow start, losing the first set 2-6, but rallied to win the next three sets 6-2, 6-3, 7-5, securing his seventh major title. This achievement breaks an 87-year-old record previously held by American Don Budge, making Alcaraz only the ninth man ever to win all four Grand Slam tournaments: the Australian Open, French Open, Wimbledon, and US Open. The match, held in Melbourne's Rod Laver Arena, was significant as it halted Djokovic's pursuit of a standalone record 25th major title. Djokovic, aged 38, remains tied with Margaret Court at 24 majors. Alcaraz's victory underscores his emergence as a dominant force in men's tennis, alongside Jannik Sinner, with the pair having won the last nine majors between them. The event was watched by tennis legends like Rafael Nadal, highlighting its importance in the sport's narrative.",
      "source": "BBC News",
      "time_ago": "Just now",
      "image_url": "/article_images/article_91c9f48667a65628_e86a000344d8.webp",
      "category": "News"
    },
    {
      "id": "c25592350db393c8",
      "title": "Green Party Leader Advocates for Drug Policy Reform",
      "summary": "Zack Polanski, the Green Party leader of England and Wales, has called for a significant shift in drugs policy, advocating for legalisation and a public health approach. He argues that current policies, often described as a 'war on drugs,' are ineffective and actually increase dangers by pushing drug use into unregulated black markets. Polanski emphasizes the need for medical professionals to assist individuals with problematic drug use, focusing on prevention, intervention, and support. He references the organisation Anyone's Child, formed by families affected by drug-related deaths, to highlight the urgency for a national conversation. Despite criticism from Prime Minister Keir Starmer, who labeled Polanski as 'soft on drugs,' Polanski defends his stance as evidence-based and necessary for public safety. Personally abstaining from drugs and alcohol, Polanski explains his choice stems from a desire to remain sober among peers, but he supports safe practices for others. His leadership, described as eco-populist, positions the Green Party on the left, pushing for progressive changes in societal attitudes towards drugs.",
      "source": "BBC News",
      "time_ago": "1 hour ago",
      "image_url": "/article_images/article_c25592350db393c8_c11e2f38e19d.webp",
      "category": "News"
    },
    {
      "id": "814e4fc53a53cbf6",
      "title": "UK's Top Taxpayers: Celebrities and Business Leaders Contribute Billions",
      "summary": "This article reports on The Sunday Times Tax List, which ranks the 100 highest taxpayers in the UK. Topping the list are Fred and Peter Done, brothers who founded the gambling company Betfred, with an estimated £400.1 million tax payment. Other notable entries include celebrities like Harry Styles, who paid £24.7 million, Anthony Joshua with £11 million, and JK Rowling at £47.5 million. Sports figures such as Erling Haaland and Mo Salah also feature, contributing millions in taxes. The total tax paid by the top 100 increased to £5.758 billion from £4.985 billion the previous year, partly due to higher corporation tax rates implemented by the Labour government. The list highlights a diverse group, including business owners, athletes, and artists. However, it also notes that six taxpayers have left the UK recently, possibly to avoid increased taxes and the end of non-dom status, raising concerns about tax avoidance. The compilation by Robert Watts emphasizes the significant role these individuals play in funding public services through their tax contributions.",
      "source": "BBC News",
      "time_ago": "1 hour ago",
      "image_url": "/article_images/article_814e4fc53a53cbf6_a3b78f52ab41.webp",
      "category": "News"
    },
    {
      "id": "87f3c29813165873",
      "title": "Federal Judge Denies Injunction in Minnesota Immigration Enforcement Case",
      "summary": "A federal judge, Katherine Menendez, has refused to issue a preliminary injunction to halt an immigration enforcement surge in Minnesota, allowing Operation Metro Surge to continue as a lawsuit proceeds. The lawsuit was filed by Minnesota Attorney General Keith Ellison and the mayors of Minneapolis and St. Paul, who argue that the Department of Homeland Security's actions violate constitutional protections, specifically the 10th Amendment, which limits federal power over states. They claim the surge is retaliatory after failed attempts to withhold funding and that it unconstitutionally drains local resources, causing school and business closures. In contrast, the federal government, represented by the Department of Justice, defends the surge as necessary to remove criminal immigrants from streets, citing hindrances from state sanctuary policies. Judge Menendez ruled that the likelihood of success for the state's argument is unclear, as evidence supports both sides, and she was influenced by a recent appeals court victory for the government in a related protest case. This decision means the enforcement operations will persist while the legal battle unfolds, highlighting tensions between federal and state authorities over immigration control.",
      "source": "PBS NewsHour",
      "time_ago": "13 hours ago",
      "image_url": "/article_images/article_87f3c29813165873_8edb96dacfaa.webp",
      "category": "News"
    },
    {
      "id": "f5edb09c6c564ec4",
      "title": "Judge Criticizes Immigration Enforcement in Release of Father and Son",
      "summary": "A federal judge ordered the release of 5-year-old Liam Conejo Ramos and his father, Adrian Conejo Arias, from an ICE detention center in Texas by Tuesday. They were detained by immigration officers in Minnesota after the father allegedly entered the U.S. illegally from Ecuador. Judge Fred Biery harshly criticized the Trump administration's enforcement approach, citing a pursuit of deportation quotas that traumatizes children. The case gained attention due to images of Liam surrounded by officers and allegations that officers used him as 'bait' to lure his mother, though the Department of Homeland Security denies this. The father has a pending asylum claim, and their detention sparked protests and a visit by Congress members. Biery's ruling referenced historical grievances from the Declaration of Independence, comparing the administration's actions to oppressive tactics.",
      "source": "PBS NewsHour",
      "time_ago": "14 hours ago",
      "image_url": "/article_images/article_f5edb09c6c564ec4_3e4f94190b33.webp",
      "category": "News"
    },
    {
      "id": "fde6e8eb04d10c30",
      "title": "New Accusations Against Prince Andrew in Epstein Case",
      "summary": "A lawyer representing a second woman alleges that she was sent to the UK by Jeffrey Epstein for a sexual encounter with Prince Andrew in 2010. The woman, who was in her 20s and not British, claims the encounter occurred at Royal Lodge, Prince Andrew's residence. After spending the night, she says she received a tour of Buckingham Palace and tea. The BBC has sought comment from Prince Andrew, but he has not responded. The lawyer, Brad Edwards, represents over 200 Epstein survivors, including Virginia Giuffre, who previously accused Prince Andrew of sexual misconduct in 2001 when she was 17. Epstein was convicted in 2008 for soliciting sex from a minor. In 2022, Prince Andrew was stripped of his royal titles by King Charles, which the lawyer argues hinders compensation for victims. The article highlights ongoing legal and royal implications from the Epstein scandal.",
      "source": "BBC News",
      "time_ago": "14 hours ago",
      "image_url": "/article_images/article_fde6e8eb04d10c30_31eb22497bc6.webp",
      "category": "News"
    }
  ]
}