{
  "articles": [
    {
      "id": "62845d62ac14d55c",
      "title": "Quantum Geometry: How Hidden Shapes Influence Electron Motion",
      "summary": "Researchers from the University of Geneva, in collaboration with the University of Salerno and CNR-SPIN Institute, have made a breakthrough by identifying a geometric feature called the quantum metric in quantum materials. This feature alters electron movement in a way analogous to how gravity bends light, as described by Einstein's theory. The study focused on the interface between strontium titanate and lanthanum aluminate, where quantum behaviors are prominent. Using intense magnetic fields, the team detected distortions in electron trajectories caused by the quantum metric, proving its existence experimentally after years of theoretical speculation. The quantum metric describes the curvature of quantum space and affects material properties like optical and transport characteristics. This discovery suggests that the quantum metric is common in many materials, not rare, opening new avenues for advanced technologies. Potential applications include terahertz-frequency electronics, superconductivity, and enhanced light-matter interactions, which could revolutionize future electronic devices and energy efficiency.",
      "source": "Science Daily",
      "time_ago": "2 hours ago",
      "image_url": "/article_images/article_62845d62ac14d55c_c06e29aab7b2.webp",
      "category": "Science"
    },
    {
      "id": "b4eaccadb354363b",
      "title": "Harnessing Gut Bacteria for Anti-Aging Therapies",
      "summary": "Researchers have developed a method to manipulate gut bacteria into producing compounds that extend lifespan, offering a novel approach to anti-aging drug development. Led by Meng Wang, the team focused on colanic acid, a substance naturally made by gut microbes that has been shown to increase longevity in roundworms and fruit flies. By administering low doses of the antibiotic cephaloridine, they stimulated gut bacteria to produce higher levels of colanic acid, which in turn improved health markers in mice, such as better cholesterol profiles and reduced insulin levels. A key advantage of cephaloridine is its lack of absorption into the bloodstream when taken orally, minimizing side effects by targeting only the gut microbiome. This study suggests a shift in medicine towards drugs that influence microbial communities to generate beneficial molecules, potentially leading to safer and more effective treatments for aging-related conditions.",
      "source": "Science Daily",
      "time_ago": "4 hours ago",
      "image_url": "/article_images/article_b4eaccadb354363b_93b1c858e9bd.webp",
      "category": "Science"
    },
    {
      "id": "a3a3772ed48370f6",
      "title": "SpaceX's Plan for a Million Satellites to Fuel AI Growth",
      "summary": "SpaceX, led by Elon Musk, has submitted an application to launch up to one million satellites into Earth's orbit, aiming to create 'orbital data centers' that power artificial intelligence (AI). The company argues that this approach is more cost-effective and energy-efficient than traditional terrestrial data centers, which are large warehouses filled with computers. As AI usage expands, processing demands are surpassing ground-based capabilities, prompting this innovative solution. The satellites would be solar-powered and operate in low-Earth orbit, similar to the existing Starlink network of nearly 10,000 satellites that provides internet access. SpaceX claims this system could serve billions globally and represents a step toward a Kardashev II civilization, capable of harnessing the Sun's full energy. However, experts raise concerns about space congestion, increased risk of collisions, and interference with astronomical research due to radio waves from satellites. Musk disputes these issues, emphasizing the vastness of space. The application was filed with the US Federal Communications Commission, though no timeline is specified.",
      "source": "BBC Science",
      "time_ago": "20 hours ago",
      "image_url": "/article_images/article_a3a3772ed48370f6_a7a11f1c18f3.webp",
      "category": "Science"
    },
    {
      "id": "1abd2f659d6582c0",
      "title": "Uncovering the Mechanism Behind Statin-Induced Muscle Pain",
      "summary": "Statins are widely prescribed drugs that lower cholesterol and significantly reduce the risk of heart attacks and strokes, benefiting millions globally. However, a common side effect is muscle pain and weakness, which can range from mild soreness to severe muscle damage in rare cases. Researchers from the University of British Columbia and University of Wisconsin-Madison have identified the biological mechanism behind these issues. Using cryo-electron microscopy, an advanced imaging technique, they observed how statins interact with the ryanodine receptor (RyR1), a protein that regulates calcium flow in muscle cells. The study, published in Nature Communications, found that statins bind to RyR1 and force it into an open position, causing continuous calcium leakage. This calcium toxicity damages muscle tissue, explaining the pain and complications. Focusing on atorvastatin, a common statin, the researchers noted that three statin molecules cluster in the protein, with the first initiating opening and two others locking it open. This discovery provides a roadmap for developing safer statins by modifying the parts that cause harmful interactions, potentially reducing side effects and improving patient adherence to heart-protective treatments.",
      "source": "Science Daily",
      "time_ago": "21 hours ago",
      "image_url": "/article_images/article_1abd2f659d6582c0_da85bb9bd647.webp",
      "category": "Science"
    },
    {
      "id": "9fa78a1704c6e721",
      "title": "Unveiling Jupiter's Atmospheric Mysteries Through Advanced Modeling",
      "summary": "Jupiter's dense clouds have long obscured its interior, but a recent study by researchers at the University of Chicago and Jet Propulsion Laboratory has advanced our understanding. Using a detailed computer model, scientists created the most comprehensive simulation of Jupiter's atmosphere to date, allowing them to peer beneath the cloud layers without physical descent. A key finding indicates that Jupiter contains approximately one and a half times more oxygen than the sun, resolving debates about its composition and shedding light on planetary formation in the solar system. Jupiter's atmosphere features violent storms like the Great Red Spot, a persistent storm twice Earth's size, and is studied by missions such as NASA's Juno from orbit. Past studies, including data from the Galileo spacecraft, faced limitations due to the atmosphere's density. The new model integrates atmospheric chemistry and hydrodynamics to track chemical reactions and gas movements, providing insights into water and oxygen levels. This research demonstrates how computational techniques can transform planetary science by addressing long-standing questions about gas giants.",
      "source": "Science Daily",
      "time_ago": "21 hours ago",
      "image_url": "/article_images/article_9fa78a1704c6e721_ddb0c947d21f.webp",
      "category": "Science"
    },
    {
      "id": "1924a2590abe37c3",
      "title": "Archaeological Discoveries from HS2 Construction Reveal Britain's Past",
      "summary": "During the construction of the HS2 high-speed railway in the UK, archaeologists have uncovered an unprecedented collection of 450,000 artifacts, offering new insights into British history. The finds, stored in a secret warehouse in Yorkshire for security, include significant items such as a possible Roman gladiator's tag, a hand axe potentially over 40,000 years old, and 19th-century gold dentures. This massive archaeological effort involved around 1,000 experts conducting 60 digs along the route from London to Birmingham since 2018, as part of mandatory assessments to protect heritage sites. While the fieldwork is largely complete, the future of the artifacts—whether they will remain in storage or be displayed—is still undecided. The project has sparked debate: organizations like Historic England praise the discoveries, but critics, including MP Greg Smith, argue that HS2's soaring costs, delays, and environmental damage outweigh its benefits. HS2's response acknowledges past issues but highlights the careful work of their archaeology team.",
      "source": "BBC Science",
      "time_ago": "2 days ago",
      "image_url": "/article_images/article_1924a2590abe37c3_d3f15c00e07c.webp",
      "category": "Science"
    }
  ]
}