{
  "articles": [
    {
      "id": "8af6e13c3ec4860d",
      "title": "Strategic Resurgence: Elena Rybakina's Australian Open Triumph and Its Implications for Women's Tennis",
      "summary": "Elena Rybakina's victory at the Australian Open represents a significant milestone in her career, ending a nearly four-year gap since her Wimbledon triumph and reasserting her status among tennis elites. In a gripping final against world number one Aryna Sabalenka, Rybakina secured a 6-4, 4-6, 6-4 win, demonstrating tactical prowess and mental fortitude. Her understated celebration—a clenched fist and head shake—contrasts with typical exuberance, reflecting a composed demeanor that may enhance her competitive edge. This win challenges the duopoly of Sabalenka and Iga Swiatek, who have claimed eight of the last thirteen Grand Slams, suggesting a potential shift in the women's tour dynamics. Rybakina attributes her resurgence to rigorous teamwork and psychological resilience during periods of self-doubt, emphasizing that victories over top-tier opponents have fortified her confidence. The article posits that Rybakina's consistent performance against high-ranked players, including Swiatek and Jessica Pegula en route to the title, indicates her capacity to sustain elite levels, potentially altering future tournament landscapes. Her narrative underscores themes of perseverance, strategic development, and the evolving hierarchy in professional tennis.",
      "source": "BBC Tennis",
      "time_ago": "20 hours ago",
      "image_url": "/article_images/article_8af6e13c3ec4860d_c248bcd7feb2.webp",
      "category": "Fun"
    },
    {
      "id": "b1e3c8eb83599054",
      "title": "Systemic Failures and Political Tensions Culminate in Closure of Glasgow's Centre for Contemporary Arts",
      "summary": "The Centre for Contemporary Arts (CCA) in Glasgow is entering permanent closure following a culmination of financial crises, governance failures, and political controversies. Despite securing a £3.4 million multi-year funding agreement from Creative Scotland in the previous year, the venue failed to demonstrate ongoing viability, leading to the cessation of payments and subsequent liquidation. All staff have been made redundant via abrupt online notification, with upcoming events cancelled, exacerbating the cultural loss. The CCA, operational since 1992, faced intensified scrutiny due to pro-Palestine artists demanding an official boycott of Israel, which sparked protests and criticism of the board's ethical policies. A whistleblower alleged financial irregularities, including unexplained expenses and payment issues, undermining organizational integrity. Governance instability was evident through rapid board turnovers, with key figures like Muse Greenwood and Louise Norris involved in short-lived roles. Creative Scotland aims to explore reopening possibilities, but the closure underscores systemic issues in arts management, including the interplay between political activism, financial sustainability, and leadership efficacy. The Unite Hospitality union highlighted staff devastation, citing prolonged uncertainty and absent leadership as contributing factors, reflecting broader challenges in sustaining cultural institutions amid fiscal and ethical pressures.",
      "source": "BBC Entertainment",
      "time_ago": "20 hours ago",
      "image_url": "/article_images/article_b1e3c8eb83599054_eee1198db0b2.webp",
      "category": "Fun"
    },
    {
      "id": "68c018395214432b",
      "title": "Assessing Sabalenka's Grand Slam Efficacy: A Critical Examination of Performance Under Pressure",
      "summary": "Aryna Sabalenka's ascendancy in women's tennis is marked by formidable baseline power and consistent dominance, evidenced by nine WTA titles and a sustained position as world number one. However, her Grand Slam record reveals a nuanced narrative: with four victories and four defeats in finals, alongside six semi-final losses, questions persist regarding her psychological fortitude in pivotal matches. The recent Australian Open final against Elena Rybakina epitomizes this concern; despite leading 3-0 in the decisive set, Sabalenka's performance deteriorated under pressure, culminating in a loss that analysts attribute to mental collapse rather than technical deficiency. Commentary from former professional Annabel Croft underscores this perspective, suggesting that panic precipitated her decline. This article delves into the dichotomy between Sabalenka's athletic prowess and her competitive mentality, probing whether she is underachieving relative to her capabilities. Sabalenka's own reflections emphasize resilience and continued effort, yet the statistical pattern of close losses in majors invites scrutiny of her ability to execute in high-stakes environments. The discussion extends to broader themes in sports psychology, evaluating how elite athletes navigate expectation and performance anxiety.",
      "source": "BBC Tennis",
      "time_ago": "23 hours ago",
      "image_url": "/article_images/article_68c018395214432b_dc6692b42493.webp",
      "category": "Fun"
    },
    {
      "id": "51544c0d5c226c1b",
      "title": "Analyzing Rybakina's Strategic Triumph Over Sabalenka at the Australian Open",
      "summary": "Elena Rybakina clinched her inaugural Australian Open championship by overcoming world number one Aryna Sabalenka in a captivating final characterized by a resilient third-set resurgence. This Grand Slam event, held annually in Melbourne, Australia, served as a platform for Rybakina to demonstrate tactical prowess and mental fortitude against a formidable opponent. Sabalenka, renowned for her aggressive baseline play, entered as the favorite, yet Rybakina's adept adjustment in momentum during critical junctures precipitated a pivotal shift. The victory not only constitutes a career-defining milestone for Rybakina, augmenting her Grand Slam portfolio following her Wimbledon success, but also instigates discourse on the fluid dynamics of women's tennis rankings. The match's intensity, underscored by strategic exchanges and psychological endurance, resonates with broader themes of athletic perseverance and the capricious nature of elite sports competitions.",
      "source": "BBC Tennis",
      "time_ago": "23 hours ago",
      "image_url": "/article_images/article_51544c0d5c226c1b_1ef09080166b.webp",
      "category": "Fun"
    },
    {
      "id": "680eeedb7b093695",
      "title": "Geopolitical Tensions and Corporate Accountability: Pokémon's Cancellation at Yasukuni Shrine",
      "summary": "The Pokémon Company's cancellation of a card game event at Tokyo's Yasukuni Shrine underscores the complex interplay between corporate actions and international geopolitical tensions. Following backlash from China, Pokémon apologized for advertising the event on its official website, attributing the error to a lack of due diligence in approving third-party activities. Yasukuni Shrine, which commemorates approximately 2.5 million Japanese war dead including over 1,000 convicted war criminals, remains a highly contentious symbol of Japan's imperial past, particularly for nations like China that endured occupation. This incident occurred amidst deteriorating Sino-Japanese relations, fueled by Prime Minister Sanae Takaichi's remarks on Taiwan's defense, which Beijing views as a challenge to its territorial claims. Chinese state media, including the People's Daily and Global Times, condemned the event as a disregard for historical truth and an affront to victims, urging brands to exercise social responsibility. Pokémon's response involved immediate cancellation and a commitment to enhance approval protocols, reflecting broader corporate strategies to mitigate reputational risks in sensitive markets. The article highlights how entertainment entities must navigate historical narratives and political dynamics to avoid exacerbating diplomatic strains.",
      "source": "BBC Entertainment",
      "time_ago": "1 day ago",
      "image_url": "/article_images/article_680eeedb7b093695_b8930fc31894.webp",
      "category": "Fun"
    },
    {
      "id": "08f829d70e262f75",
      "title": "Rybakina's Strategic Triumph: Analyzing Her Australian Open Victory Over Sabalenka",
      "summary": "Elena Rybakina secured her maiden Australian Open title with a resilient performance against world number one Aryna Sabalenka, prevailing 6-4, 4-6, 6-4 in a final marked by dramatic shifts in momentum. As the fifth seed from Kazakhstan, Rybakina faced a 3-0 deficit in the decisive third set but orchestrated a remarkable comeback, winning five consecutive games to clinch the victory. This outcome underscores Sabalenka's recurring challenges in Grand Slam finals, with this defeat representing her third loss in four major title matches, including previous setbacks at the Australian Open and French Open. Rybakina's triumph was fueled by her ability to neutralize Sabalenka's formidable power through precise ball-striking and effective serving, particularly in clutch moments. The match highlighted tactical nuances, as Sabalenka initially broke Rybakina's serve to gain control but succumbed to unforced errors under pressure. Rybakina's path to the championship included victories over top-10 opponents Iga Swiatek and Jessica Pegula, demonstrating her capacity to excel against elite competition. Statistically, she has now won 10 consecutive matches against top-10 players and is the first since Naomi Osaka in 2019 to defeat three top-10 players from the quarter-finals onward en route to the title. This victory not only adds a second Grand Slam to Rybakina's accolades but also positions her as a key rival to Sabalenka, against whom she holds a 7-2 advantage on hard courts in recent encounters.",
      "source": "BBC Tennis",
      "time_ago": "1 day ago",
      "image_url": "/article_images/article_08f829d70e262f75_ac2b07b6d821.webp",
      "category": "Fun"
    }
  ]
}