{
  "title": "Harry and Meghan Help Refugees in the Middle East",
  "summary": "Prince Harry and Meghan, also known as the Duke and Duchess of Sussex, have traveled to Jordan in the Middle East. This is their first trip together to another country in 18 months. They are there to learn about and help people who have been forced to leave their homes because of wars and conflicts. They were invited by Dr. Tedros from the World Health Organization (WHO). In Jordan, they met with leaders and visited places that provide health care, food, and support for children. Harry and Meghan's foundation, called Archewell, has given money to help children from places like Gaza and Ukraine get medical care and artificial limbs. Their visit shows they care about helping vulnerable communities.",
  "keywords": [
    {
      "term": "refugees",
      "explanation": "people who have to leave their homes because of danger or war"
    },
    {
      "term": "Jordan",
      "explanation": "a country in the Middle East where Harry and Meghan are visiting"
    },
    {
      "term": "World Health Organization",
      "explanation": "a group that helps people stay healthy around the world"
    },
    {
      "term": "Archewell Foundation",
      "explanation": "Harry and Meghan's charity that gives money to help others"
    },
    {
      "term": "Gaza",
      "explanation": "a place where many people need help because of conflict"
    }
  ],
  "questions": [
    {
      "question": "Who traveled to Jordan?",
      "options": [
        "Prince Harry and Meghan",
        "The King of England",
        "A group of doctors",
        "Some tourists"
      ],
      "correct_answer": "Prince Harry and Meghan"
    },
    {
      "question": "Why did Harry and Meghan go to Jordan?",
      "options": [
        "To help refugees",
        "To go on vacation",
        "To visit family",
        "To make a movie"
      ],
      "correct_answer": "To help refugees"
    },
    {
      "question": "Who invited Harry and Meghan to Jordan?",
      "options": [
        "Dr. Tedros from WHO",
        "The British Ambassador",
        "A Jordanian leader",
        "A charity worker"
      ],
      "correct_answer": "Dr. Tedros from WHO"
    },
    {
      "question": "What does the Archewell Foundation do?",
      "options": [
        "Gives money to help people",
        "Builds houses",
        "Teaches sports",
        "Makes clothes"
      ],
      "correct_answer": "Gives money to help people"
    },
    {
      "question": "Which place is mentioned as needing help?",
      "options": [
        "Gaza",
        "France",
        "Australia",
        "Canada"
      ],
      "correct_answer": "Gaza"
    },
    {
      "question": "What did Harry and Meghan visit in Jordan?",
      "options": [
        "Health and food programs",
        "A shopping mall",
        "A zoo",
        "A school for cooking"
      ],
      "correct_answer": "Health and food programs"
    }
  ],
  "background_read": [
    "Harry and Meghan are a famous couple who used to be part of the British royal family but now live in the United States. They often work to help people in need through their charity. Refugees are people who have to leave their homes because of wars or other dangers, and they often need food, shelter, and medical care. Jordan is a country in the Middle East that helps many refugees from nearby conflicts. The World Health Organization is a global group that works to improve health for everyone."
  ],
  "Article_Structure": [
    "WHO: Prince Harry and Meghan, the Duke and Duchess of Sussex",
    "WHAT: They visited Jordan to support refugees and vulnerable communities",
    "WHERE: In Jordan, specifically Amman, the capital city",
    "WHY: To highlight efforts to help people affected by conflict and displacement"
  ],
  "perspectives": [
    {
      "perspective": "Humanitarian",
      "description": "Harry and Meghan are focusing on helping people in need, showing compassion and support for refugees."
    }
  ],
  "image_url": "/article_images/article_bc8b12c3fbcf638d_41d3a695abfb.webp"
}