{
  "title": "Analyzing the FTSE 100 Record High: A Critical Perspective on Investment Timing and Financial Strategy",
  "summary": "The FTSE 100, a benchmark index comprising the 100 largest companies listed on the London Stock Exchange, recently surpassed 10,000 points for the first time since its inception in 1984, marking a significant milestone amid a 20% rise in 2025. This article critically examines whether such market peaks constitute an optimal entry point for novice investors, juxtaposing the potential long-term lucrative nature of investments against the inherent volatility and risks. Investing entails allocating capital into equities or other assets, which may appreciate over time and yield dividends, but with no assurance against depreciation, as values fluctuate based on market conditions. Conversely, savings accounts provide a secure repository with predictable, albeit potentially declining, interest rates, favored for liquidity and emergency preparedness. Financial experts, including Anna Bowes and Jema Arnold, advocate for a foundational cash buffer prior to investing to mitigate the risk of untimely divestment during market downturns. Regulatory insights from the Financial Conduct Authority reveal concerning statistics, such as one in ten individuals lacking any cash savings, underscoring broader financial literacy gaps. The article synthesizes these elements to propose a nuanced financial strategy, recommending a hybrid approach that balances the growth-oriented potential of investments with the stability of savings, while critically assessing market euphoria and overvaluation concerns. This analysis encourages readers to evaluate personal risk tolerance, time horizons, and economic contexts before making informed financial decisions.",
  "keywords": [
    {
      "term": "FTSE 100",
      "explanation": "a capitalization-weighted index that tracks the performance of the 100 largest publicly traded companies in the UK, serving as a key indicator of stock market trends and economic health"
    },
    {
      "term": "volatility",
      "explanation": "the degree of variation in investment prices over time, reflecting market uncertainty and risk, which can lead to significant gains or losses"
    },
    {
      "term": "liquidity",
      "explanation": "the ease with which an asset can be converted into cash without affecting its market price, a critical factor for savings and emergency funds"
    },
    {
      "term": "divestment",
      "explanation": "the process of selling off investments, often discussed in contexts of market timing risks, such as cashing out during unfavorable conditions"
    },
    {
      "term": "financial literacy",
      "explanation": "the understanding of financial concepts and products, essential for making informed decisions about saving, investing, and managing personal finances"
    }
  ],
  "questions": [
    {
      "question": "What historical significance does the FTSE 100's rise above 10,000 points hold?",
      "options": [
        "It is the first time since 1984",
        "It happens every year",
        "It indicates a market crash",
        "It is unrelated to company performance"
      ],
      "correct_answer": "It is the first time since 1984"
    },
    {
      "question": "How does the article describe the risk associated with investing?",
      "options": [
        "Values can fluctuate with no guarantee of returns",
        "It is always safe and predictable",
        "Risks are eliminated over long periods",
        "Only experts face risks"
      ],
      "correct_answer": "Values can fluctuate with no guarantee of returns"
    },
    {
      "question": "What role do dividends play in investing according to the article?",
      "options": [
        "They provide income or reinvestment opportunities from profits",
        "They are fees paid to banks",
        "They guarantee investment growth",
        "They are only for short-term investors"
      ],
      "correct_answer": "They provide income or reinvestment opportunities from profits"
    },
    {
      "question": "Why is liquidity emphasized for savings accounts?",
      "options": [
        "It allows quick access to funds for emergencies",
        "It increases interest rates over time",
        "It is required for investing",
        "It reduces tax liabilities"
      ],
      "correct_answer": "It allows quick access to funds for emergencies"
    },
    {
      "question": "What statistic from the FCA highlights a financial concern?",
      "options": [
        "Many people have insufficient cash savings",
        "Most investors achieve high returns",
        "Savings rates are consistently rising",
        "Everyone has adequate emergency funds"
      ],
      "correct_answer": "Many people have insufficient cash savings"
    },
    {
      "question": "What is the recommended strategy for first-time investors in the article?",
      "options": [
        "Maintain a cash buffer before investing",
        "Invest all available funds immediately",
        "Avoid savings entirely",
        "Focus only on high-risk stocks"
      ],
      "correct_answer": "Maintain a cash buffer before investing"
    },
    {
      "question": "How does the article assess market conditions regarding overvaluation?",
      "options": [
        "It mentions talk of some stocks being overvalued",
        "It claims all stocks are undervalued",
        "It ignores valuation concerns",
        "It states markets are always fair"
      ],
      "correct_answer": "It mentions talk of some stocks being overvalued"
    },
    {
      "question": "What broader context does the article provide for investment timing?",
      "options": [
        "Economic factors and personal risk tolerance",
        "Only historical data",
        "Guaranteed success stories",
        "Political opinions only"
      ],
      "correct_answer": "Economic factors and personal risk tolerance"
    },
    {
      "question": "What critical element does the article suggest evaluating before investing?",
      "options": [
        "Personal time horizons and risk tolerance",
        "Current fashion trends",
        "Social media popularity",
        "Weather patterns"
      ],
      "correct_answer": "Personal time horizons and risk tolerance"
    },
    {
      "question": "How does the article characterize the advice from financial experts?",
      "options": [
        "As advocating for a balanced, cautious approach",
        "As promoting reckless investing",
        "As dismissing savings entirely",
        "As focusing only on short-term gains"
      ],
      "correct_answer": "As advocating for a balanced, cautious approach"
    }
  ],
  "background_read": [
    "This article offers an advanced exploration of financial markets and personal finance strategies, relevant for high school students studying economics or business. The FTSE 100's record high serves as a case study to analyze investment timing, market psychology, and risk management. It delves into concepts like volatility, liquidity, and dividends, while incorporating expert insights and regulatory data to critique common investment narratives. Understanding these elements prepares students for real-world financial decision-making, emphasizing critical thinking about market trends, the importance of emergency funds, and the interplay between savings and investments in achieving long-term financial goals."
  ],
  "Article_Structure": [
    "This 100-word in-depth analysis covers: Main Points: The FTSE 100's unprecedented rise prompts debate on investment entry points, highlighting contrasts between investment growth potential and savings stability. Purpose: To critically assess financial strategies in light of market highs, encouraging informed decision-making amidst economic uncertainties. Evidence Evaluation: Relies on market data, expert testimonials, and FCA statistics, though sources are not extensively detailed, limiting depth. Author Credibility: BBC-sourced with expert contributions, offering reputable but generalized insights without disclosed biases. Methodology: Utilizes descriptive analysis from current reports and interviews, lacking primary research. Critical Assessment: Strengths include balanced perspectives and practical advice; limitations involve superficial evidence treatment and assumption of reader financial literacy."
  ],
  "perspectives": [
    {
      "perspective": "Market-optimistic perspective",
      "description": "Views the FTSE 100's peak as a bullish signal for investing, emphasizing historical growth trends and long-term wealth accumulation opportunities."
    },
    {
      "perspective": "Risk-averse perspective",
      "description": "Cautions against market timing, stressing the importance of savings and emergency funds to safeguard against volatility and personal financial crises."
    }
  ],
  "image_url": "/article_images/article_09ad61ecce2a136b_49fba5b74adb.webp"
}