{
  "title": "Decoding Theia: Isotopic Insights into the Lunar-Forming Impact",
  "summary": "The giant impact hypothesis posits that approximately 4.5 billion years ago, the protoplanet Theia collided with proto-Earth, fundamentally altering Earth's geophysical properties and leading to the Moon's formation. Despite the cataclysmic nature of this event, direct evidence of Theia is absent, necessitating indirect methods for reconstruction. A seminal 2025 study published in Science by collaborators from the Max Planck Institute for Solar System Research and the University of Chicago employs high-precision isotopic analysis to infer Theia's characteristics. By examining iron, chromium, molybdenum, and zirconium isotopes in terrestrial and lunar samples, including those from Apollo missions, the research reveals negligible isotopic disparities between Earth and the Moon. This homogeneity challenges some collision models but supports scenarios where Earth and Theia originated in the inner Solar System, potentially as neighboring bodies. The investigators utilized advanced modeling techniques to simulate various impact parameters, concluding that Theia's composition aligns with inner Solar System materials. This study not only refines our understanding of lunar genesis but also demonstrates the efficacy of isotopic geochemistry in elucidating planetary accretion processes, offering insights into the dynamical history of the early Solar System.",
  "keywords": [
    {
      "term": "Theia",
      "explanation": "a hypothesized protoplanet whose impact with Earth catalyzed lunar formation"
    },
    {
      "term": "isotopic analysis",
      "explanation": "a technique measuring element variants to deduce planetary origins and histories"
    },
    {
      "term": "giant impact hypothesis",
      "explanation": "the theory that a colossal collision between Earth and a Mars-sized body formed the Moon"
    },
    {
      "term": "protoplanet",
      "explanation": "an embryonic planetary body during the Solar System's formation phase"
    },
    {
      "term": "planetary accretion",
      "explanation": "the process by which planets form from the accumulation of smaller bodies"
    },
    {
      "term": "isotopic homogeneity",
      "explanation": "the similarity in isotope ratios between Earth and Moon, suggesting common origins"
    },
    {
      "term": "collision modeling",
      "explanation": "computational simulations used to test impact scenarios and their outcomes"
    },
    {
      "term": "inner Solar System",
      "explanation": "the region proximate to the Sun, characterized by specific isotopic signatures"
    },
    {
      "term": "geochemical tracing",
      "explanation": "using chemical elements to track planetary formation and evolution"
    },
    {
      "term": "Apollo samples",
      "explanation": "lunar materials collected during NASA's Apollo missions, vital for comparative planetology"
    }
  ],
  "questions": [
    {
      "question": "What does the giant impact hypothesis explain?",
      "options": [
        "The formation of the Sun",
        "The origin of the Moon from a collision",
        "The creation of Earth's oceans",
        "The extinction of dinosaurs"
      ],
      "correct_answer": "B"
    },
    {
      "question": "Which elements' isotopes were central to the 2025 study?",
      "options": [
        "Sodium and potassium",
        "Iron, chromium, molybdenum, and zirconium",
        "Uranium and plutonium",
        "Carbon and nitrogen"
      ],
      "correct_answer": "B"
    },
    {
      "question": "What does isotopic homogeneity between Earth and Moon imply?",
      "options": [
        "They formed in different regions",
        "They share a common origin region",
        "The Moon is older than Earth",
        "Isotopes are irrelevant to origins"
      ],
      "correct_answer": "B"
    },
    {
      "question": "How did researchers model Theia's characteristics?",
      "options": [
        "Through telescope observations",
        "By interviewing astronauts",
        "Using mathematical combinations and collision simulations",
        "By digging on Earth"
      ],
      "correct_answer": "C"
    },
    {
      "question": "What is a key limitation of studying Theia directly?",
      "options": [
        "It is too small to see",
        "It was destroyed in the impact",
        "It left no chemical traces",
        "It never existed"
      ],
      "correct_answer": "B"
    },
    {
      "question": "Which institution led the research?",
      "options": [
        "NASA",
        "Max Planck Institute for Solar System Research",
        "European Space Agency",
        "Harvard University"
      ],
      "correct_answer": "B"
    },
    {
      "question": "What role does planetary differentiation play in the study?",
      "options": [
        "It explains how elements separated during Earth's formation",
        "It describes Moon's orbit",
        "It measures collision speed",
        "It predicts future impacts"
      ],
      "correct_answer": "A"
    },
    {
      "question": "Why are meteorites mentioned in the context of Theia?",
      "options": [
        "They are pieces of Theia",
        "They provide analogies for inner Solar System materials",
        "They caused the collision",
        "They are unrelated"
      ],
      "correct_answer": "B"
    },
    {
      "question": "What does the study suggest about Theia's formation location?",
      "options": [
        "In the Kuiper Belt",
        "In the inner Solar System",
        "Around Jupiter",
        "In interstellar space"
      ],
      "correct_answer": "B"
    },
    {
      "question": "How does isotopic analysis contribute to planetary science?",
      "options": [
        "By dating events precisely",
        "By tracing formation regions and histories",
        "By measuring planetary temperatures",
        "By identifying life forms"
      ],
      "correct_answer": "B"
    }
  ],
  "background_read": [
    "The early Solar System, forming around 4.6 billion years ago, was a turbulent environment where planetesimals and protoplanets collided frequently. The giant impact hypothesis, developed in the 1970s, proposes that a Mars-sized body, Theia, struck Earth, ejecting debris that formed the Moon. Isotopic systems, such as those of iron and chromium, are critical tools in cosmochemistry because they record nucleosynthetic processes and spatial gradients in the protoplanetary disk. For example, isotopic ratios vary between carbonaceous and non-carbonaceous meteorites, reflecting formation distances from the Sun. The Apollo missions (1969-1972) provided essential lunar samples, enabling comparisons with terrestrial rocks. Recent technological advances, like multi-collector inductively coupled plasma mass spectrometry, allow for unprecedented precision in isotope measurements. This study builds on prior work by integrating multiple isotopic systems to constrain dynamical models of the impact, highlighting the interdisciplinary nature of planetary science involving geology, physics, and chemistry."
  ],
  "Article_Structure": [
    "The article outlines main points on the Theia impact and isotopic evidence for its origin, aiming to present new research on lunar formation. Purpose includes educating on planetary science advances. Evidence is evaluated as robust, using precise isotopic data from Apollo samples and Earth rocks, though indirect. Authors have high credibility from esteemed institutions, but potential biases in modeling assumptions exist. Methodology involves isotopic ratio measurement and computational modeling, critically assessed for strengths in data precision but limitations in simulating complex collisions."
  ],
  "perspectives": [
    {
      "perspective": "Scientific perspective",
      "description": "Focuses on empirical data and modeling to test hypotheses about Solar System formation."
    },
    {
      "perspective": "Theoretical perspective",
      "description": "Explores collision dynamics and isotopic constraints to refine planetary accretion theories."
    }
  ],
  "image_url": "/article_images/article_e961ce82bc1b792c_a4c0a68b7370.webp"
}