{
  "title": "Atmospheric Chemistry and Methane Dynamics: Unraveling the COVID-19 Lockdown Effect",
  "summary": "The COVID-19 pandemic in 2020 induced unprecedented reductions in anthropogenic activities, leading to a sharp decline in nitrogen dioxide emissions and temporarily improved air quality. Concurrently, atmospheric methane concentrations experienced a significant surge, with a growth rate of 16.2 parts per billion, the highest since systematic monitoring began. A seminal study in Science investigates this paradox through a detailed examination of tropospheric chemistry. Methane, a potent greenhouse gas, is primarily removed via oxidation by hydroxyl radicals, which are generated through photochemical reactions involving nitrogen oxides. The lockdown-induced drop in nitrogen oxides, by approximately 15-20% globally, impeded hydroxyl radical production, thereby weakening the methane sink. This mechanism accounted for roughly 80% of the 2020 methane increase. Furthermore, isotopic analysis revealed a shift toward lighter methane, indicative of biogenic origins rather than fossil fuel sources. Utilizing data from satellites like the Greenhouse Gases Observing Satellite and atmospheric models, researchers traced these emissions to tropical wetlands in Africa and Southeast Asia, where prolonged La Niña conditions from 2020-2023 caused excessive rainfall and flooding. In these anaerobic environments, methanogenic microbes proliferated, enhancing methane production. The study underscores the intricate linkages between air pollution control, atmospheric chemistry, and climate feedbacks, suggesting that environmental interventions must consider multifaceted impacts to avoid unintended consequences in greenhouse gas management.",
  "keywords": [
    {
      "term": "tropospheric chemistry",
      "explanation": "the study of chemical processes in the lowest layer of the atmosphere, including reactions involving pollutants and greenhouse gases"
    },
    {
      "term": "hydroxyl radical oxidation",
      "explanation": "a key atmospheric process where hydroxyl radicals react with and remove methane, influenced by precursor pollutants like nitrogen oxides"
    },
    {
      "term": "isotopic analysis",
      "explanation": "a technique examining carbon isotope ratios (e.g., carbon-12 vs. carbon-13) to discriminate between biogenic and thermogenic methane sources"
    },
    {
      "term": "methanogenic microbes",
      "explanation": "microorganisms that produce methane under anaerobic conditions, prevalent in environments like wetlands and landfills"
    },
    {
      "term": "climate feedbacks",
      "explanation": "interconnected processes where changes in one component of the climate system amplify or dampen effects, such as wetland methane emissions responding to rainfall patterns"
    }
  ],
  "questions": [
    {
      "question": "What atmospheric mechanism is primarily responsible for methane removal, and how was it affected by COVID-19 lockdowns?",
      "options": [
        "Photolysis by sunlight, increased due to clearer skies",
        "Oxidation by hydroxyl radicals, reduced due to lower nitrogen oxide levels",
        "Absorption by oceans, enhanced by cooler temperatures",
        "Deposition on land surfaces, unchanged during lockdowns"
      ],
      "correct_answer": "Oxidation by hydroxyl radicals, reduced due to lower nitrogen oxide levels"
    },
    {
      "question": "What was the approximate global reduction in nitrogen oxide levels during the 2020 lockdowns, according to the study?",
      "options": [
        "5-10%",
        "15-20%",
        "25-30%",
        "35-40%"
      ],
      "correct_answer": "15-20%"
    },
    {
      "question": "How did researchers determine that the additional methane emissions were biogenic rather than from fossil fuels?",
      "options": [
        "By measuring methane concentration alone",
        "Through isotopic analysis showing lighter carbon signatures",
        "By surveying oil and gas facilities",
        "Using economic data on industrial output"
      ],
      "correct_answer": "Through isotopic analysis showing lighter carbon signatures"
    },
    {
      "question": "What role did La Niña play in the observed methane emissions from wetlands?",
      "options": [
        "It caused droughts that reduced microbial activity",
        "It led to increased rainfall and flooding, creating anaerobic conditions for methanogens",
        "It had no significant impact on methane levels",
        "It increased fossil fuel extraction"
      ],
      "correct_answer": "It led to increased rainfall and flooding, creating anaerobic conditions for methanogens"
    },
    {
      "question": "Which satellite data was utilized to trace methane sources to tropical wetlands?",
      "options": [
        "Hubble Space Telescope",
        "Greenhouse Gases Observing Satellite",
        "International Space Station sensors",
        "Weather satellites only"
      ],
      "correct_answer": "Greenhouse Gases Observing Satellite"
    },
    {
      "question": "What percentage of the methane growth in 2020 was attributed to increased emissions from the ground, as opposed to the weakened sink?",
      "options": [
        "20%",
        "50%",
        "80%",
        "100%"
      ],
      "correct_answer": "20%"
    },
    {
      "question": "What is the significance of the hydroxyl radical's short lifespan in atmospheric chemistry?",
      "options": [
        "It makes methane removal inefficient without constant regeneration",
        "It allows methane to accumulate regardless of pollution levels",
        "It has no impact on methane dynamics",
        "It means hydroxyl radicals are stored in the atmosphere long-term"
      ],
      "correct_answer": "It makes methane removal inefficient without constant regeneration"
    },
    {
      "question": "How does this study contribute to understanding the trade-offs in environmental policy?",
      "options": [
        "By showing that reducing air pollution always benefits climate goals",
        "By highlighting that decreasing one pollutant can inadvertently increase another greenhouse gas",
        "By proving that lockdowns are an effective climate strategy",
        "By suggesting that methane is not a concern compared to carbon dioxide"
      ],
      "correct_answer": "By highlighting that decreasing one pollutant can inadvertently increase another greenhouse gas"
    },
    {
      "question": "What methodological approach combined satellite data and atmospheric models in this research?",
      "options": [
        "Qualitative interviews",
        "Experimental lab studies",
        "Inverse modeling to trace emission sources",
        "Historical document analysis"
      ],
      "correct_answer": "Inverse modeling to trace emission sources"
    },
    {
      "question": "What broader implication does this study have for climate change mitigation strategies?",
      "options": [
        "Focus should be solely on carbon dioxide reduction",
        "Integrated approaches considering multiple gases and feedbacks are necessary",
        "Natural methane sources are negligible and can be ignored",
        "Pollution control measures are ineffective and should be abandoned"
      ],
      "correct_answer": "Integrated approaches considering multiple gases and feedbacks are necessary"
    }
  ],
  "background_read": [
    "Methane is a critical greenhouse gas with a high global warming potential, and its atmospheric lifetime is influenced by complex chemical interactions, particularly with hydroxyl radicals. The COVID-19 lockdowns offered a unique case study in atmospheric science, revealing how abrupt changes in anthropogenic emissions can alter greenhouse gas budgets. Isotopic fractionation in methane provides insights into emission sources, distinguishing between biogenic (e.g., wetlands) and thermogenic (e.g., fossil fuels) origins. Climate phenomena like El Niño-Southern Oscillation affect global weather patterns, with La Niña phases increasing tropical precipitation and potentially boosting wetland methane production. Advanced remote sensing technologies, such as satellites, enable precise tracking of atmospheric composition, while atmospheric models help simulate and validate emission pathways. This research underscores the need for holistic environmental management that accounts for interconnected atmospheric processes."
  ],
  "Article_Structure": [
    "This 100-word in-depth analysis covers: Main Points: The article details how reduced nitrogen oxides during COVID-19 lockdowns weakened hydroxyl radical production, impairing the methane sink and causing a record surge, with isotopic evidence pointing to biogenic sources from wetlands enhanced by La Niña. Purpose: To elucidate the unintended consequences of pollution reduction on methane dynamics, advocating for comprehensive climate policies. Evidence Evaluation: Relies on peer-reviewed data from satellites, ground networks, and isotopic analysis, though uncertainties remain in model estimates. Author Credibility: Led by experts like Shushi Peng, with institutional support from Peking University, ensuring scientific rigor. Methodology: Employs a multi-faceted approach combining atmospheric chemistry modeling, satellite remote sensing, and isotopic tracing to attribute methane sources. Critical Assessment: Strengths include robust data integration and novel insights into feedback loops; limitations involve potential oversimplification of complex atmospheric interactions and reliance on model assumptions."
  ],
  "perspectives": [
    {
      "perspective": "Interdisciplinary environmental science",
      "description": "Integrates chemistry, climatology, and remote sensing to reveal how human-induced changes in air quality can trigger natural feedback mechanisms, complicating climate mitigation efforts."
    }
  ],
  "image_url": "/article_images/article_ba39ba71c8f3bb2e_08e24d9da410.webp"
}