{
  "title": "The Unintended Consequences of Cleaner Air: Methane Surge During COVID-19",
  "summary": "In 2020, the COVID-19 pandemic led to widespread lockdowns, drastically reducing industrial activity and transportation. This resulted in a significant drop in nitrogen dioxide pollution, making the air cleaner. However, scientists observed a paradoxical increase in methane, a potent greenhouse gas, with its growth rate reaching a record high of 16.2 parts per billion. A study published in Science explains this phenomenon by examining atmospheric chemistry. Methane is typically removed from the atmosphere by hydroxyl radicals, highly reactive molecules that break it down. These radicals are produced through chemical reactions involving nitrogen oxides, which are pollutants from vehicles and factories. During the lockdowns, reduced nitrogen oxide levels slowed hydroxyl radical production, weakening the methane sink. This accounted for about 80% of the methane surge in 2020. Additionally, researchers found that the remaining 20% and subsequent increases in 2021-2022 came from actual emissions on the ground. By analyzing isotopic data, they determined that the methane was lighter, indicating biogenic sources like wetlands rather than fossil fuels. Satellite data traced these emissions to tropical regions in Africa and Southeast Asia, where La Niña events caused heavy rainfall, flooding wetlands and boosting microbial methane production. This study highlights the complex interplay between air quality, climate, and natural processes.",
  "keywords": [
    {
      "term": "hydroxyl radical",
      "explanation": "a short-lived, reactive molecule in the atmosphere that oxidizes and removes methane"
    },
    {
      "term": "nitrogen oxides",
      "explanation": "pollutants from combustion processes that are key in forming hydroxyl radicals"
    },
    {
      "term": "methane sink",
      "explanation": "a process or mechanism that removes methane from the atmosphere, such as hydroxyl radical oxidation"
    },
    {
      "term": "isotopic signature",
      "explanation": "the ratio of carbon isotopes in methane, used to identify its source (e.g., biogenic vs. fossil fuel)"
    },
    {
      "term": "La Niña",
      "explanation": "a climate pattern that brings increased rainfall to tropical regions, affecting wetland methane emissions"
    }
  ],
  "questions": [
    {
      "question": "What was the primary reason for the decrease in nitrogen dioxide levels in 2020?",
      "options": [
        "Increased industrial activity",
        "COVID-19 lockdowns reducing travel and industry",
        "More rainfall washing pollutants away",
        "New pollution control technologies"
      ],
      "correct_answer": "COVID-19 lockdowns reducing travel and industry"
    },
    {
      "question": "How did reduced nitrogen oxide levels affect methane in the atmosphere?",
      "options": [
        "They increased methane production",
        "They slowed the production of hydroxyl radicals, reducing methane removal",
        "They directly destroyed methane",
        "They had no effect on methane"
      ],
      "correct_answer": "They slowed the production of hydroxyl radicals, reducing methane removal"
    },
    {
      "question": "What percentage of the 2020 methane surge was attributed to the weakened methane sink?",
      "options": [
        "20%",
        "50%",
        "80%",
        "100%"
      ],
      "correct_answer": "80%"
    },
    {
      "question": "What method did researchers use to determine the source of the extra methane emissions?",
      "options": [
        "Surveying factories",
        "Analyzing isotopic signatures of methane",
        "Measuring car emissions",
        "Interviewing farmers"
      ],
      "correct_answer": "Analyzing isotopic signatures of methane"
    },
    {
      "question": "What does a lighter isotopic signature in methane indicate?",
      "options": [
        "Fossil fuel sources",
        "Biogenic sources like wetlands",
        "Industrial leaks",
        "Volcanic activity"
      ],
      "correct_answer": "Biogenic sources like wetlands"
    },
    {
      "question": "Which climate pattern contributed to increased methane from wetlands in the early 2020s?",
      "options": [
        "El Niño",
        "La Niña",
        "Monsoon",
        "Drought"
      ],
      "correct_answer": "La Niña"
    },
    {
      "question": "What regions were identified as sources of biogenic methane emissions?",
      "options": [
        "Arctic tundra",
        "Tropical Africa and Southeast Asia",
        "Deserts in the Middle East",
        "Urban areas in Europe"
      ],
      "correct_answer": "Tropical Africa and Southeast Asia"
    },
    {
      "question": "What is the main implication of this study for environmental policy?",
      "options": [
        "We should increase industrial pollution",
        "Reducing air pollution can have unintended effects on greenhouse gases",
        "Methane is not important for climate change",
        "Lockdowns are the best solution for climate issues"
      ],
      "correct_answer": "Reducing air pollution can have unintended effects on greenhouse gases"
    }
  ],
  "background_read": [
    "Methane is a significant greenhouse gas with a global warming potential much higher than carbon dioxide over short timescales. Atmospheric chemistry involves complex interactions between pollutants and natural compounds; for example, hydroxyl radicals play a crucial role in cleansing the atmosphere of methane. The COVID-19 pandemic provided a unique natural experiment to study these dynamics, as lockdowns led to abrupt changes in human emissions. Climate patterns like La Niña influence weather conditions, such as increased rainfall in tropics, which can enhance methane production from wetlands. Understanding these connections is vital for predicting and mitigating climate change impacts."
  ],
  "Article_Structure": [
    "This 100-word analysis covers: Main Points: The article explains how COVID-19 lockdowns reduced air pollution, which inadvertently weakened the atmospheric methane sink by limiting hydroxyl radical production, leading to a record methane surge in 2020. It also identifies biogenic sources, particularly wetlands in tropical regions affected by La Niña, as contributors to increased emissions. Purpose: To highlight the complex and unintended consequences of pollution reduction on climate change, emphasizing the need for integrated environmental policies. Evidence Evaluation: The study uses robust data from satellites, ground monitoring, and isotopic analysis, published in a reputable journal. Author Credibility: Researchers from institutions like Peking University contribute expertise in atmospheric science. Methodology: Combines atmospheric modeling, satellite observations, and chemical analysis to trace methane sources and sinks."
  ],
  "perspectives": [
    {
      "perspective": "Climate science",
      "description": "Demonstrates how atmospheric processes and human activities interact, showing that reducing one pollutant can exacerbate another greenhouse gas issue."
    }
  ],
  "image_url": "/article_images/article_ba39ba71c8f3bb2e_08e24d9da410.webp"
}