{
  "title": "Hewett Advances in Singles but Falls Short in Doubles at Australian Open",
  "summary": "Alfie Hewett, a top-seeded British wheelchair tennis player, has advanced to the men's wheelchair singles semi-finals at the Australian Open by defeating his compatriot and doubles partner Gordon Reid. The match, held on Margaret Court Arena, lasted one hour and 33 minutes, with Hewett winning 6-2, 6-3. This victory brings him closer to defending his singles title from last year, which was his 10th Grand Slam singles title overall. In the semi-finals, Hewett will face Spain's Martin de la Puente, who beat France's Stephane Houdet. However, in the doubles event, Hewett and Reid's quest for a seventh consecutive Australian Open doubles title ended with a loss in the semi-finals to Japan's Tokito Oda and Argentina's Gustavo Fernandez, with a score of 6-4, 2-6, 10-4 in a match tie-break. The British pair had previously dominated the doubles format, winning 18 of the last 23 Grand Slam titles. Meanwhile, in the quad doubles, Great Britain's Andy Lapthorne and Australia's Heath Davidson secured a spot in the final after a tight semi-final match. The article highlights Hewett's mixed results, emphasizing his ongoing success in singles and the end of a dominant doubles streak.",
  "keywords": [
    {
      "term": "Grand Slam",
      "explanation": "one of the four major annual tennis tournaments: Australian Open, French Open, Wimbledon, and US Open"
    },
    {
      "term": "match tie-break",
      "explanation": "a special tie-break played to 10 points, used in some doubles matches to decide the winner"
    },
    {
      "term": "defending title",
      "explanation": "trying to win a championship again after winning it the previous year"
    },
    {
      "term": "compatriot",
      "explanation": "a person from the same country"
    },
    {
      "term": "quad doubles",
      "explanation": "a wheelchair tennis event for players with impairments in three or more limbs"
    },
    {
      "term": "semi-finals",
      "explanation": "the penultimate round in a tournament, where winners advance to the final"
    },
    {
      "term": "dominant streak",
      "explanation": "a period of repeated success or victories in a particular event"
    },
    {
      "term": "Margaret Court Arena",
      "explanation": "a famous tennis court at the Australian Open venue in Melbourne"
    }
  ],
  "questions": [
    {
      "question": "What was the score in Hewett's singles victory over Reid?",
      "options": [
        "6-2, 6-3",
        "6-4, 2-6, 10-4",
        "6-3, 6-2",
        "4-6, 7-6, 10-6"
      ],
      "correct_answer": "6-2, 6-3"
    },
    {
      "question": "How many Grand Slam singles titles had Hewett won before this tournament?",
      "options": [
        "10",
        "7",
        "18",
        "23"
      ],
      "correct_answer": "10"
    },
    {
      "question": "Who did Martin de la Puente defeat to reach the semi-finals?",
      "options": [
        "Stephane Houdet",
        "Gordon Reid",
        "Tokito Oda",
        "Gustavo Fernandez"
      ],
      "correct_answer": "Stephane Houdet"
    },
    {
      "question": "In which round did Hewett and Reid lose in the doubles event?",
      "options": [
        "Quarter-finals",
        "Semi-finals",
        "Final",
        "First round"
      ],
      "correct_answer": "Semi-finals"
    },
    {
      "question": "What is the format of the match tie-break used in the doubles loss?",
      "options": [
        "Played to 10 points",
        "Played to 7 points",
        "Played to 15 points",
        "Played to 20 points"
      ],
      "correct_answer": "Played to 10 points"
    },
    {
      "question": "How many of the previous 23 Grand Slam doubles titles had Hewett and Reid won?",
      "options": [
        "18",
        "10",
        "7",
        "23"
      ],
      "correct_answer": "18"
    },
    {
      "question": "Which players are competing in the quad doubles final?",
      "options": [
        "Andy Lapthorne and Heath Davidson vs. Guy Sasson and Niels Vink",
        "Alfie Hewett and Gordon Reid vs. Tokito Oda and Gustavo Fernandez",
        "Martin de la Puente vs. Stephane Houdet",
        "Serena Williams vs. another player"
      ],
      "correct_answer": "Andy Lapthorne and Heath Davidson vs. Guy Sasson and Niels Vink"
    },
    {
      "question": "What is Hewett trying to do in the singles event?",
      "options": [
        "Defend his title",
        "Win his first title",
        "Lose in the semi-finals",
        "Play in the doubles final"
      ],
      "correct_answer": "Defend his title"
    }
  ],
  "background_read": [
    "The Australian Open is a premier tennis tournament held annually in Melbourne, part of the Grand Slam circuit. Wheelchair tennis is an adaptive sport featured in the Paralympics, with events like singles, doubles, and quad doubles for athletes with physical disabilities. Alfie Hewett is a renowned British player ranked world number two, known for his success in both singles and doubles. Grand Slam titles are highly prestigious, and defending a title adds pressure. Match tie-breaks are used in doubles to expedite decisions. This article covers Hewett's performance, highlighting the competitive nature of professional wheelchair tennis and the significance of maintaining winning streaks."
  ],
  "Article_Structure": [
    "Main Points: The article reports Alfie Hewett's advancement to the singles semi-finals at the Australian Open with a win over Gordon Reid, while his doubles partnership with Reid ends their title defense after a loss. It notes Hewett's previous Grand Slam successes and the dominance of the British pair in doubles. Purpose: To update readers on Hewett's mixed results in the tournament, emphasizing his ongoing singles campaign and the conclusion of a notable doubles streak. Evidence Evaluation: The article provides specific scores, match durations, and historical data (e.g., 18 of 23 Grand Slam titles), sourced from the BBC, which is credible for sports reporting. Author Credibility: As a BBC Tennis article, it likely relies on official tournament data and expert commentary, though no specific author is named. Methodology: Information is gathered from live match reports, player statistics, and tournament updates, typical for real-time sports journalism."
  ],
  "perspectives": [
    {
      "perspective": "Competitive Analysis",
      "description": "Focuses on Hewett's strategic performance and the impact of losing a key doubles match on his overall tournament goals."
    }
  ],
  "image_url": "/article_images/article_2d1dc5d98f9270da_04864216ebe9.webp"
}