{
  "title": "EPA Shifts Policy on Evaluating Air Pollution Health Benefits",
  "summary": "The U.S. Environmental Protection Agency (EPA) is implementing a significant policy change in its regulatory process for air pollution. Historically, the EPA conducted cost-benefit analyses for regulations on pollutants like fine particulate matter (PM2.5) and ozone, comparing the economic costs of compliance—such as expenses for new pollution control equipment—with the monetized health benefits, estimated through metrics like the 'value of a statistical life.' This approach helped justify stricter limits by showing that health improvements, such as reduced healthcare costs and increased productivity, outweighed costs. However, the EPA now plans to exclude these monetized benefits from analyses for PM2.5 and ozone, citing scientific uncertainties in quantifying them accurately. Instead, it will qualitatively describe health impacts while precisely calculating costs. This shift, revealed through internal documents and a New York Times report, could influence future regulations by emphasizing financial burdens over public health gains. Critics argue it may lead to weaker pollution standards, as costs alone might appear prohibitive, whereas proponents claim it addresses overconfidence in benefit estimates. The change reflects ongoing political debates, with past administrations adjusting valuation methods, but current actions focus on leveraging uncertainty to potentially relax environmental protections.",
  "keywords": [
    {
      "term": "cost-benefit analysis",
      "explanation": "A method used to compare the expenses of a policy with its expected advantages, often in monetary terms."
    },
    {
      "term": "PM2.5",
      "explanation": "Fine particulate matter under 2.5 micrometers, produced by combustion, that can enter the bloodstream and cause health issues."
    },
    {
      "term": "ozone",
      "explanation": "A pollutant in smog formed from reactions involving nitrogen oxides and volatile organic compounds, harmful to respiratory health."
    },
    {
      "term": "value of a statistical life",
      "explanation": "An estimate of how much people are willing to pay to reduce small risks of death, used to monetize health benefits."
    },
    {
      "term": "regulatory impact analysis",
      "explanation": "A study assessing the effects of proposed regulations, including costs and benefits, to inform decision-making."
    },
    {
      "term": "scientific uncertainty",
      "explanation": "The lack of precise knowledge in scientific estimates, which the EPA cites as a reason for changing its analysis methods."
    },
    {
      "term": "stationary combustion turbines",
      "explanation": "Equipment like those in power plants that emit pollutants and are subject to EPA regulations."
    },
    {
      "term": "political targets",
      "explanation": "Refers to how valuation methods have been influenced by different presidential administrations to align with policy goals."
    }
  ],
  "questions": [
    {
      "question": "What is the main change the EPA is making to its cost-benefit analysis for air pollution?",
      "options": [
        "Excluding monetized health benefits for PM2.5 and ozone",
        "Increasing the value of a statistical life",
        "Adding more costs to the analysis",
        "Stopping all analyses for pollutants"
      ],
      "correct_answer": "Excluding monetized health benefits for PM2.5 and ozone"
    },
    {
      "question": "Which pollutants are specifically affected by this policy shift?",
      "options": [
        "PM2.5 and ozone",
        "Carbon monoxide and sulfur dioxide",
        "Lead and mercury",
        "All air pollutants equally"
      ],
      "correct_answer": "PM2.5 and ozone"
    },
    {
      "question": "What metric has the EPA used to estimate the economic value of health benefits?",
      "options": [
        "Value of a statistical life",
        "Gross domestic product",
        "Inflation rate",
        "Stock market index"
      ],
      "correct_answer": "Value of a statistical life"
    },
    {
      "question": "Why does the EPA justify this change according to the summary?",
      "options": [
        "Due to scientific uncertainties in monetizing benefits",
        "Because health benefits are no longer important",
        "To reduce costs for industries",
        "Because pollution levels have decreased"
      ],
      "correct_answer": "Due to scientific uncertainties in monetizing benefits"
    },
    {
      "question": "What could be a potential consequence of focusing only on costs in regulations?",
      "options": [
        "Weaker pollution standards and increased health risks",
        "Stronger enforcement of all environmental rules",
        "Automatic improvement in air quality",
        "Higher profits for all companies"
      ],
      "correct_answer": "Weaker pollution standards and increased health risks"
    },
    {
      "question": "How have past administrations, like under Bush and Trump, influenced EPA valuation methods?",
      "options": [
        "By adjusting the value of a statistical life or leveraging uncertainty",
        "By eliminating all pollution regulations",
        "By increasing health benefit estimates",
        "By ignoring scientific evidence entirely"
      ],
      "correct_answer": "By adjusting the value of a statistical life or leveraging uncertainty"
    },
    {
      "question": "What is an example of a cost considered in EPA analyses?",
      "options": [
        "Expenses for new pollution control equipment",
        "The price of clean air technology for homes",
        "Salaries of EPA employees",
        "Costs of weather forecasting"
      ],
      "correct_answer": "Expenses for new pollution control equipment"
    },
    {
      "question": "What does the summary suggest about the role of internal documents in revealing this change?",
      "options": [
        "They were key sources for news reports on the policy shift",
        "They are kept secret from the public",
        "They only discuss benefits, not costs",
        "They are no longer used by the EPA"
      ],
      "correct_answer": "They were key sources for news reports on the policy shift"
    }
  ],
  "background_read": [
    "Air pollution regulation in the U.S. involves complex evaluations by the EPA to balance environmental protection with economic impacts. Cost-benefit analysis has been a cornerstone, requiring estimates of both compliance costs—like upgrades for industrial equipment—and health benefits, such as reduced mortality and morbidity from diseases linked to pollutants like PM2.5 and ozone. The 'value of a statistical life' is a controversial but standard tool for monetizing these benefits, reflecting societal willingness to pay for risk reduction. Political influences have historically shaped these valuations, with administrations adjusting figures to align with policy agendas. This article discusses a current shift where the EPA, under scrutiny, is moving away from monetizing benefits for key pollutants, citing uncertainty, which could alter regulatory outcomes and public health protections. Understanding this requires knowledge of environmental science, economics, and government policy processes."
  ],
  "Article_Structure": [
    "The article analyzes the EPA's policy change on cost-benefit analysis for air pollution regulations. Main Points: The EPA is excluding monetized health benefits for PM2.5 and ozone, focusing only on costs, due to claimed scientific uncertainties. Purpose: To inform the public about a regulatory shift that may weaken pollution standards by emphasizing financial burdens over health gains. Evidence Evaluation: Relies on internal EPA documents and a New York Times report, providing credible but potentially biased insights into agency decisions. Author Credibility: Ars Technica is a reputable science news source, though the article may reflect critical perspectives on environmental policy. Methodology: Uses document analysis and reporting to detail the change, referencing past examples like Bush and Trump administrations to contextualize political influences."
  ],
  "perspectives": [
    {
      "perspective": "EPA justification",
      "description": "The EPA argues that excluding monetized benefits addresses overconfidence in uncertain scientific estimates, ensuring analyses are more transparent and accurate."
    },
    {
      "perspective": "Environmental advocacy view",
      "description": "Critics contend that this change undermines public health by making pollution limits seem less justified, potentially leading to increased emissions and health risks."
    }
  ],
  "image_url": "/article_images/article_f3dab960eb5f2820_436ba1f686ef.webp"
}