{
  "title": "Analyzing Claudia Winkleman's Tease of Structural Innovations in The Traitors",
  "summary": "In anticipation of the fourth series of The Traitors, host Claudia Winkleman has provocatively teased \"truly extraordinary\" twists, centering on a red cloak featured in a Christmas Day trailer—a stark departure from the established green attire of traitors. This visual cue has ignited extensive fan speculation on digital platforms regarding potential new roles or fundamental alterations to the game's mechanics. Winkleman, in her statements to journalists, underscored the producers' creative ingenuity, describing their ideas as gasp-inducing and emphasizing the series' escalated intensity with \"hardcore\" confrontations and \"juicy\" roundtables. The forthcoming premiere on New Year's Day at 20:00 GMT is strategically timed to capitalize on the momentum from The Celebrity Traitors, a spin-off that emerged as a televisual phenomenon in 2025, according to creative director Mike Cotton. This context suggests a deliberate evolution in the show's format to sustain viewer engagement and competitive novelty. The article delineates the traditional framework—Winkleman's selection of three traitors from a cohort exceeding twenty, with dynamic recruitment possibilities—while hinting at subversions that challenge audience expectations, as Winkleman asserts the cast's unprecedented gameplay strategies.",
  "keywords": [
    {
      "term": "structural innovations",
      "explanation": "significant changes to the game's format or rules, aimed at enhancing complexity and viewer interest"
    },
    {
      "term": "visual cue",
      "explanation": "the red cloak as a symbolic element in the trailer, signaling potential narrative shifts"
    },
    {
      "term": "fan speculation",
      "explanation": "theorizing and discourse among audiences on social media, reflecting participatory culture"
    },
    {
      "term": "televisual phenomenon",
      "explanation": "The Celebrity Traitors' status as a major cultural and ratings success in 2025"
    },
    {
      "term": "competitive novelty",
      "explanation": "the introduction of fresh elements to maintain the show's appeal and strategic depth"
    },
    {
      "term": "dynamic recruitment",
      "explanation": "the process by which traitors can enlist new members during the game, adding unpredictability"
    },
    {
      "term": "subversions",
      "explanation": "deliberate twists that defy conventional expectations, as highlighted by Winkleman"
    },
    {
      "term": "participatory culture",
      "explanation": "the engagement of fans in creating and sharing content related to the show"
    },
    {
      "term": "strategic timing",
      "explanation": "scheduling the premiere to leverage prior success and holiday viewership"
    },
    {
      "term": "narrative shifts",
      "explanation": "changes in the story arc or role dynamics within the series"
    }
  ],
  "questions": [
    {
      "question": "What does the red cloak in the trailer symbolize according to the article?",
      "options": [
        "A potential format change or new role",
        "A production error",
        "A tribute to past series",
        "A marketing gimmick"
      ],
      "correct_answer": "A potential format change or new role"
    },
    {
      "question": "How does Winkleman characterize the producers' contributions?",
      "options": [
        "As having the greatest minds and introducing gasp-inducing ideas",
        "As lacking creativity",
        "As focusing solely on ratings",
        "As being resistant to change"
      ],
      "correct_answer": "As having the greatest minds and introducing gasp-inducing ideas"
    },
    {
      "question": "What strategic context influences the New Year's Day premiere?",
      "options": [
        "The success of The Celebrity Traitors and holiday viewership",
        "A competitor's cancellation",
        "Winkleman's personal schedule",
        "A change in broadcasting regulations"
      ],
      "correct_answer": "The success of The Celebrity Traitors and holiday viewership"
    },
    {
      "question": "How does the article describe the confrontations in the new series?",
      "options": [
        "Hardcore and heated, with juicy roundtables",
        "Mild and predictable",
        "Scripted and artificial",
        "Focused on physical challenges"
      ],
      "correct_answer": "Hardcore and heated, with juicy roundtables"
    },
    {
      "question": "What role does fan speculation play in the article's narrative?",
      "options": [
        "It demonstrates audience engagement and anticipation",
        "It is dismissed as irrelevant",
        "It is the primary source of information",
        "It is criticized for spreading misinformation"
      ],
      "correct_answer": "It demonstrates audience engagement and anticipation"
    },
    {
      "question": "What is the traditional traitor selection process in The Traitors?",
      "options": [
        "Winkleman chooses three from over 20 contestants",
        "Contestants vote democratically",
        "Producers assign roles based on auditions",
        "It is random and undisclosed"
      ],
      "correct_answer": "Winkleman chooses three from over 20 contestants"
    },
    {
      "question": "How does the article assess the credibility of Winkleman's statements?",
      "options": [
        "As promotional but based on direct quotes and show context",
        "As entirely factual and unbiased",
        "As speculative and unverified",
        "As critical of the producers"
      ],
      "correct_answer": "As promotional but based on direct quotes and show context"
    },
    {
      "question": "What methodological approach does the article use to gather information?",
      "options": [
        "Interviews with Winkleman, analysis of trailers, and social media reactions",
        "Scientific surveys of viewers",
        "Historical comparisons to other shows",
        "Internal production documents"
      ],
      "correct_answer": "Interviews with Winkleman, analysis of trailers, and social media reactions"
    },
    {
      "question": "How does the success of The Celebrity Traitors impact the main series?",
      "options": [
        "It provides momentum and justifies format innovations",
        "It leads to cancellation plans",
        "It reduces interest in the regular series",
        "It introduces the red cloak earlier"
      ],
      "correct_answer": "It provides momentum and justifies format innovations"
    },
    {
      "question": "What critical assessment does the article imply about the show's evolution?",
      "options": [
        "It highlights a deliberate strategy to maintain novelty through twists",
        "It suggests stagnation and lack of ideas",
        "It criticizes the over-reliance on celebrity appeal",
        "It questions the ethical implications of deception games"
      ],
      "correct_answer": "It highlights a deliberate strategy to maintain novelty through twists"
    }
  ],
  "background_read": [
    "The Traitors, a reality competition series originating in the UK, has garnered acclaim for its intricate blend of psychological gameplay and social dynamics. Hosted by Claudia Winkleman, the show operates on a framework where traitors covertly eliminate faithfuls, who in turn attempt to uncover the deceivers through strategic discussions and challenges. The format has evolved since its inception, with producers at Studio Lambert continuously iterating to prevent predictability, as evidenced by the introduction of recruitment mechanisms and now teased structural changes like the red cloak. The recent celebrity spin-off, The Celebrity Traitors, achieved significant cultural penetration in 2025, reflecting broader trends in reality TV's adaptation to audience demands for novelty and celebrity integration. This article situates the upcoming series within a media landscape characterized by participatory fandom, where trailer releases and host teasers on platforms like social media drive speculative engagement. Analyzing Winkleman's rhetoric and the production context offers insights into how entertainment properties leverage anticipation and format innovation to sustain relevance in a competitive broadcasting environment."
  ],
  "Article_Structure": [
    "Main Points: The article details Claudia Winkleman's teasers about extraordinary twists in The Traitors, focusing on a red cloak as a symbol of potential format changes, fan speculation, and the strategic timing post-Celebrity Traitors success. Purpose: To analyze promotional strategies and audience engagement mechanisms within the entertainment industry, providing a critical perspective on show evolution. Evidence Evaluation: Relies on direct quotes from Winkleman and references to trailers, offering credible but inherently promotional content; social media reactions add participatory evidence but lack verification. Author Credibility: As a BBC Entertainment piece, it holds journalistic standards but may exhibit bias towards positive portrayal to align with network interests. Methodology: Employs qualitative analysis of interviews, visual media (trailers), and digital discourse, though limited by the absence of behind-the-scenes data. Critical Assessment: Strengths include timely updates and engagement with fan culture, but limitations involve potential oversimplification of production complexities and reliance on promotional narratives without counterpoints."
  ],
  "perspectives": [
    {
      "perspective": "Production Strategy View",
      "description": "Examines how producers and Winkleman use teasers and format changes to maintain viewer interest and competitive edge in the reality TV market."
    },
    {
      "perspective": "Cultural Analysis View",
      "description": "Explores the role of fan speculation and social media in shaping the show's reception and its status as a televisual phenomenon."
    }
  ],
  "image_url": "/article_images/article_799a7f9ebb579b23_bac38f3a6c26.webp"
}