{
  "title": "DNA Evidence Links Glove to Suspect in Guthrie Mother Disappearance",
  "summary": "In the ongoing investigation into the disappearance of Nancy Guthrie, the 84-year-old mother of 'Today' show host Savannah Guthrie, the FBI has reported a significant development. A glove containing DNA was discovered approximately two miles from her Tucson, Arizona home, and preliminary tests suggest it matches gloves worn by a masked individual captured on surveillance video outside her front door on the night she vanished. Nancy Guthrie was last seen on January 31, with her blood found on the porch, and ransom notes were sent to media outlets, though deadlines have passed without resolution. Authorities have labeled the masked person, described as a man around 5'9\" with a medium build carrying an Ozark Trail backpack, as a suspect. Additional evidence includes the towing of a Range Rover SUV and the detention of a person for questioning, though no arrests have been made. Concerns are high due to Nancy's medical needs, including a pacemaker and heart conditions. The investigation has also involved collecting non-matching DNA from her property and finding numerous gloves nearby, mostly discarded by searchers, as law enforcement continues to gather clues in the third week of the search.",
  "keywords": [
    {
      "term": "preliminary results",
      "explanation": "early findings from tests that are not yet final or confirmed"
    },
    {
      "term": "surveillance video",
      "explanation": "recorded footage from cameras used to monitor areas for security"
    },
    {
      "term": "ransom notes",
      "explanation": "messages demanding money in exchange for the safe return of a missing person"
    },
    {
      "term": "suspect",
      "explanation": "a person believed to be involved in a crime, based on evidence"
    },
    {
      "term": "forensics vehicles",
      "explanation": "specialized vehicles used by police to collect and analyze evidence at crime scenes"
    },
    {
      "term": "pacemaker",
      "explanation": "a medical device implanted in the chest to help control heartbeats"
    },
    {
      "term": "DNA testing",
      "explanation": "scientific analysis of genetic material to identify individuals"
    },
    {
      "term": "law enforcement",
      "explanation": "agencies like police and FBI responsible for enforcing laws and investigating crimes"
    }
  ],
  "questions": [
    {
      "question": "What was the key evidence found near Nancy Guthrie's home?",
      "options": [
        "A ransom note",
        "A glove with DNA",
        "A backpack",
        "A mask"
      ],
      "correct_answer": "A glove with DNA"
    },
    {
      "question": "How was the masked person described by the FBI?",
      "options": [
        "Tall and thin",
        "Short and heavy",
        "About 5'9\" with medium build",
        "With a beard"
      ],
      "correct_answer": "About 5'9\" with medium build"
    },
    {
      "question": "What medical issue increases concern for Nancy Guthrie?",
      "options": [
        "A broken leg",
        "A pacemaker and heart problems",
        "A cold",
        "Diabetes"
      ],
      "correct_answer": "A pacemaker and heart problems"
    },
    {
      "question": "What action did authorities take with a Range Rover SUV?",
      "options": [
        "Sold it",
        "Towed it for investigation",
        "Returned it to owner",
        "Ignored it"
      ],
      "correct_answer": "Towed it for investigation"
    },
    {
      "question": "How many gloves were reportedly found near the house?",
      "options": [
        "5",
        "10",
        "16",
        "20"
      ],
      "correct_answer": "16"
    },
    {
      "question": "What was found on Nancy Guthrie's porch?",
      "options": [
        "A glove",
        "Her blood",
        "A backpack",
        "A note"
      ],
      "correct_answer": "Her blood"
    },
    {
      "question": "What type of backpack was the suspect carrying?",
      "options": [
        "School backpack",
        "Ozark Trail Hiker Pack",
        "Laptop bag",
        "Duffel bag"
      ],
      "correct_answer": "Ozark Trail Hiker Pack"
    },
    {
      "question": "How long has the search for Nancy Guthrie been ongoing?",
      "options": [
        "One week",
        "Two weeks",
        "Three weeks",
        "One month"
      ],
      "correct_answer": "Three weeks"
    }
  ],
  "background_read": [
    "Nancy Guthrie, an 84-year-old resident of Tucson, Arizona, is the mother of Savannah Guthrie, a well-known television host on the 'Today' show. She disappeared under suspicious circumstances on January 31, with her blood discovered on her front porch, indicating potential foul play. The case has attracted national attention, involving the FBI and local sheriff's departments in a complex investigation. Ransom notes were sent to news outlets, suggesting a kidnapping, but deadlines have passed without payment or resolution. Authorities are using advanced techniques like DNA analysis and surveillance video review to identify a masked suspect seen outside her home. The investigation highlights challenges in missing persons cases, especially when the individual has serious health issues requiring daily medication. Law enforcement is coordinating multiple leads, including vehicle seizures and person detentions, to piece together events leading to her disappearance."
  ],
  "Article_Structure": [
    "Main Points: The article details the FBI's discovery of a glove with DNA near Nancy Guthrie's home, potentially linking it to a masked suspect seen on surveillance video, amid her disappearance and blood evidence on the porch. Purpose: To inform the public about ongoing investigative developments in a high-profile missing persons case, emphasizing evidence collection and suspect identification. Evidence Evaluation: The evidence includes preliminary DNA results, surveillance footage, and physical items like gloves and a backpack, though some details like ransom notes lack verification and official confirmation is pending. Author Credibility: The article is sourced from PBS NewsHour and Associated Press reporter Jacques Billeaud, known for reliable journalism, but it primarily reports FBI statements without independent analysis. Methodology: Information is gathered from official FBI releases, law enforcement updates, and public records, presented in a factual news report style."
  ],
  "perspectives": [
    {
      "perspective": "Law enforcement focus",
      "description": "Authorities are systematically collecting and analyzing physical and digital evidence to solve the crime and ensure public safety."
    }
  ],
  "image_url": "/article_images/article_5335eea3288d8c23_33fb0a7bf158.webp"
}