{
  "title": "Rapper Pras Michel Goes to Jail for Illegal Donations",
  "summary": "Rapper Pras Michel, who was part of the famous music group the Fugees, has been sentenced to 14 years in prison. He was found guilty of illegally giving millions of dollars from other countries to help Barack Obama's campaign for president in 2012. This is against the law because it is not allowed to use foreign money in U.S. elections. The case shows how important it is to follow election rules to keep things fair. Pras Michel is a Grammy-winning artist, and this legal trouble has affected his life and career. The judge decided on the sentence after the trial, emphasizing that breaking election laws is a serious crime.",
  "keywords": [
    {
      "term": "rapper",
      "explanation": "a person who performs music with rhyming words"
    },
    {
      "term": "sentence",
      "explanation": "the punishment given by a judge in court"
    },
    {
      "term": "illegal",
      "explanation": "something that is not allowed by law"
    },
    {
      "term": "donations",
      "explanation": "money or gifts given to help someone or something"
    },
    {
      "term": "campaign",
      "explanation": "a plan to get someone elected to a job like president"
    },
    {
      "term": "foreign",
      "explanation": "coming from another country"
    },
    {
      "term": "convicted",
      "explanation": "found guilty of a crime in court"
    },
    {
      "term": "election",
      "explanation": "a vote to choose a leader"
    }
  ],
  "questions": [
    {
      "question": "Who was sentenced to prison?",
      "options": [
        "Pras Michel",
        "Barack Obama",
        "A Fugees member",
        "A judge"
      ],
      "correct_answer": "Pras Michel"
    },
    {
      "question": "How many years was the sentence?",
      "options": [
        "10 years",
        "14 years",
        "20 years",
        "5 years"
      ],
      "correct_answer": "14 years"
    },
    {
      "question": "What was the illegal action?",
      "options": [
        "Singing a song",
        "Funneling foreign donations",
        "Winning a Grammy",
        "Running for president"
      ],
      "correct_answer": "Funneling foreign donations"
    },
    {
      "question": "Which president's campaign was involved?",
      "options": [
        "Barack Obama",
        "Donald Trump",
        "Joe Biden",
        "George Washington"
      ],
      "correct_answer": "Barack Obama"
    },
    {
      "question": "What year was the campaign?",
      "options": [
        "2008",
        "2012",
        "2016",
        "2020"
      ],
      "correct_answer": "2012"
    },
    {
      "question": "What group was Pras Michel part of?",
      "options": [
        "The Fugees",
        "The Beatles",
        "The Rolling Stones",
        "The Eagles"
      ],
      "correct_answer": "The Fugees"
    },
    {
      "question": "Why are foreign donations illegal in U.S. elections?",
      "options": [
        "They are too small",
        "They can influence elections unfairly",
        "They are always allowed",
        "They are not money"
      ],
      "correct_answer": "They can influence elections unfairly"
    },
    {
      "question": "What award did Pras Michel win?",
      "options": [
        "Grammy",
        "Oscar",
        "Nobel Prize",
        "Pulitzer Prize"
      ],
      "correct_answer": "Grammy"
    }
  ],
  "background_read": [
    "Pras Michel is a famous rapper from the group the Fugees, known for hit songs. In the United States, election laws say that only U.S. citizens can donate money to political campaigns to keep elections fair. Using money from other countries is illegal because it might let outsiders control who gets elected. This case helps people understand why rules are important in politics."
  ],
  "Article_Structure": [
    "WHO: Pras Michel, a rapper from the Fugees",
    "WHAT: He was sentenced to 14 years in prison for illegal donations",
    "WHERE: In the United States, related to Obama's campaign",
    "WHY: To punish him for breaking election laws by using foreign money"
  ],
  "perspectives": [
    {
      "perspective": "Legal View",
      "description": "The law was enforced to protect election integrity."
    },
    {
      "perspective": "Public View",
      "description": "People might feel surprised that a celebrity broke the law."
    }
  ],
  "image_url": "/article_images/article_2a70b83d9e5d4572_e14ad4386cc8.jpg"
}