{
  "title": "Glowing Plastic Helps Scientists See Inside Your Body",
  "summary": "Tiny plastic pieces called microplastics are everywhere, even inside people and animals. Scientists want to know what happens when these plastics get inside living things, but it's hard to see them. A new study shows a way to make microplastics glow so they can be watched in real time. This helps scientists see how the plastics move, change, and break down inside the body. The method uses special materials that glow brighter when they stick together. This is important because it can help us understand if microplastics are harmful to health and the environment. The research is still being tested, but it could lead to better ways to protect people and nature from plastic pollution.",
  "keywords": [
    {
      "term": "microplastics",
      "explanation": "tiny plastic pieces that are found everywhere"
    },
    {
      "term": "glow",
      "explanation": "to give off light, like a firefly"
    },
    {
      "term": "real time",
      "explanation": "watching something as it happens, without waiting"
    },
    {
      "term": "break down",
      "explanation": "when something falls apart into smaller pieces"
    },
    {
      "term": "health risks",
      "explanation": "possible dangers to our bodies"
    }
  ],
  "questions": [
    {
      "question": "What are microplastics?",
      "options": [
        "Tiny plastic pieces",
        "Big plastic toys",
        "Metal fragments",
        "Paper scraps"
      ],
      "correct_answer": "Tiny plastic pieces"
    },
    {
      "question": "Why do scientists want to make microplastics glow?",
      "options": [
        "To watch them in real time",
        "To make them prettier",
        "To hide them",
        "To eat them"
      ],
      "correct_answer": "To watch them in real time"
    },
    {
      "question": "What happens when the glowing materials stick together?",
      "options": [
        "They glow brighter",
        "They disappear",
        "They change color",
        "They get smaller"
      ],
      "correct_answer": "They glow brighter"
    },
    {
      "question": "What can scientists learn by watching glowing microplastics?",
      "options": [
        "How they move and break down",
        "How to make more plastic",
        "What they taste like",
        "How to build with them"
      ],
      "correct_answer": "How they move and break down"
    },
    {
      "question": "Why is this research important?",
      "options": [
        "To understand health risks",
        "To make plastic toys",
        "To clean oceans",
        "To grow plants"
      ],
      "correct_answer": "To understand health risks"
    },
    {
      "question": "Is the glowing method fully ready to use?",
      "options": [
        "No, it's still being tested",
        "Yes, it's used everywhere",
        "No, it's too expensive",
        "Yes, but only for animals"
      ],
      "correct_answer": "No, it's still being tested"
    }
  ],
  "background_read": [
    "Microplastics are very small plastic pieces that come from things like bottles and bags breaking down. They are found all over the world, in water, soil, and even inside animals and people. Scientists are worried because we don't know exactly what they do inside our bodies. This article talks about a new way to study them by making them glow, so we can watch them and learn more about their effects."
  ],
  "Article_Structure": [
    "WHO: Scientists and researchers studying microplastics",
    "WHAT: A new method to make microplastics glow for real-time tracking inside living organisms",
    "WHERE: In laboratories and potentially inside bodies and environments worldwide",
    "WHY: To understand how microplastics behave and assess health and environmental risks"
  ],
  "perspectives": [
    {
      "perspective": "Scientific Innovation",
      "description": "The study introduces a new glowing technique to track microplastics, helping scientists learn more about their effects."
    }
  ],
  "image_url": "/article_images/article_5b35214a27a8fff7_2832cd30feaa.webp"
}