{
  "articles": [
    {
      "id": "6068f127599f594b",
      "title": "Breakthrough Simulation Models Black Hole Accretion with Full Physics",
      "summary": "A recent study has achieved a major milestone in astrophysics by developing the most detailed simulation yet of black hole accretion, the process where black holes attract surrounding matter and emit intense radiation. Using advanced supercomputers, researchers successfully modeled this phenomenon by fully incorporating Einstein's theory of general relativity and the effects of radiation, without relying on simplifying approximations. This marks the first time such calculations have been done under radiation-dominated conditions in full general relativity, providing new insights into extreme black hole environments. Led by Lizhong Zhang from the Institute for Advanced Study and Flatiron Institute, the research was published in The Astrophysical Journal. The simulation helps explain observations of black hole systems like ultraluminous X-ray sources and X-ray binaries, offering a virtual 'observation' tool that complements telescope data. This breakthrough addresses previous limitations where models used fluid-like approximations for radiation, now enabling more accurate predictions of black hole behavior.",
      "source": "Science Daily",
      "time_ago": "2 hours ago",
      "image_url": "/article_images/article_6068f127599f594b_982632719199.webp",
      "category": "Science"
    },
    {
      "id": "95081a685e092017",
      "title": "England's Plan to Ban Animal Cages and Improve Welfare",
      "summary": "The government in England has announced plans to ban hen cages and pig farrowing crates as part of a comprehensive animal welfare strategy. Hen cages, including larger colony cages, will be prohibited, building on existing bans on battery cages. Pig farrowing crates, used to protect piglets during birth, will also be outlawed. Additionally, the proposals include bans on trail hunting and puppy farming. Environment Secretary Emma Reynolds described this as the most ambitious animal welfare strategy in a generation. However, the National Farmers' Union expressed concerns, urging that imported food must meet the same standards to prevent unfair competition for British farmers. Animal welfare organizations like Compassion in World Farming and the RSPCA support the measures, highlighting benefits for farmed animals. The RSPCA noted that removing the remaining caged hens should not cause major commercial issues. Critics, including the Conservatives, argue that Labour does not care about rural Britain. The government is also considering bans on fast-growing chicken breeds, termed 'Frankenchickens' by campaigners. Overall, this initiative aims to raise welfare standards while addressing economic impacts on farmers.",
      "source": "BBC Science",
      "time_ago": "2 hours ago",
      "image_url": "/article_images/article_95081a685e092017_7917ca5c3388.webp",
      "category": "Science"
    },
    {
      "id": "ba27c21cf66e4f5d",
      "title": "Exploring the Link Between Full-Fat Dairy and Reduced Dementia Risk",
      "summary": "A recent study published in Neurology in December 2025 suggests that consuming higher amounts of full-fat cheese and cream may be associated with a lower risk of developing dementia later in life. Conducted by researchers at Lund University in Sweden, the study analyzed data from 27,670 adults over approximately 25 years, starting when participants were around 58 years old. During this period, 3,208 individuals were diagnosed with dementia. The research focused on high-fat dairy products, defining high-fat cheese as having over 20% fat (e.g., cheddar, Brie) and high-fat cream as containing 30-40% fat (e.g., whipping cream). Participants recorded their food intake for a week and answered questions about long-term eating habits. Results showed that those consuming 50 grams or more of high-fat cheese daily had a 13% lower dementia risk compared to those eating less than 15 grams, with a stronger association for vascular dementia (29% lower risk). High-fat cream consumption of 20 grams or more daily was linked to a 16% lower risk. The study notes that this is an association, not proof of causation, and highlights how it challenges previous dietary guidelines that often limited high-fat foods. Factors like age, sex, education, and overall diet were adjusted for in the analysis.",
      "source": "Science Daily",
      "time_ago": "7 hours ago",
      "image_url": "/article_images/article_ba27c21cf66e4f5d_b7354766b35f.webp",
      "category": "Science"
    },
    {
      "id": "0722a92d0dc1aab0",
      "title": "The Surprising Link Between Global Warming and Ice Ages",
      "summary": "Researchers at UC Riverside have uncovered a critical gap in Earth's carbon recycling system, suggesting that global warming could paradoxically trigger an ice age. Traditionally, scientists believed rock weathering regulated climate by absorbing carbon dioxide as temperatures rose, cooling the planet gradually. However, geological evidence indicates ancient ice ages were extreme, covering nearly the entire planet, which cannot be explained by this slow balancing act. The new study highlights an additional process involving oceans, nutrients, and plankton. As warming increases rainfall, more nutrients like phosphorus flow into the ocean, boosting plankton growth. These microscopic organisms absorb carbon dioxide through photosynthesis and, upon death, sink to the ocean floor, burying carbon in sediments. In warmer conditions, this can create a feedback loop: increased plankton growth depletes oxygen, releasing phosphorus back into the water to fuel more growth, leading to massive carbon burial and significant cooling. This overshoot mechanism explains how climate systems can swing from warming to freezing, offering insights into past extreme ice ages and potential future climate shifts.",
      "source": "Science Daily",
      "time_ago": "20 hours ago",
      "image_url": "/article_images/article_0722a92d0dc1aab0_b841026360ae.webp",
      "category": "Science"
    },
    {
      "id": "7d1ade4a80e4b883",
      "title": "Investigating Seismic Signals to Assess Tsunami Risks from Alaska's Barry Landslide",
      "summary": "Researchers have installed monitoring instruments around the Barry Landslide in Alaska's Prince William Sound since 2020 to track seismic activity and detect early warning signs for potential tsunamis. By analyzing seismic data, they identified a new type of signal characterized by sharp, high-frequency pulses that occur more frequently from late summer to mid-winter and stop in late winter or early spring. Gabrielle Davy and her team from the University of Alaska Fairbanks, publishing in Seismological Research Letters, propose these signals result from water freezing and thawing within tiny cracks in the rock beneath the nearby Cascade Glacier. Although these signals do not indicate landslide movement, they offer insights into changes in underground water conditions that could influence slope stability. The Barry Landslide poses a significant risk due to its large size—approximately 500 million cubic meters—and unstable setting with weak bedrock and loss of support from the retreating Barry Glacier. A rapid collapse could trigger a tsunami affecting kayakers, cruise ships, and communities like Whittier. The study involved manually reviewing a year of seismic recordings to establish a baseline of normal signals, helping distinguish unusual events for future detection algorithms and enhancing public safety through better hazard understanding.",
      "source": "Science Daily",
      "time_ago": "21 hours ago",
      "image_url": "/article_images/article_7d1ade4a80e4b883_fc044dc87462.webp",
      "category": "Science"
    },
    {
      "id": "7f1563696d2ffd70",
      "title": "Ant Evolution: Trading Armor for Colony Size",
      "summary": "This article explores how ants evolved to prioritize colony size over individual armor, based on a study by international researchers. Using 3D X-ray microtomography scans from a global database called Antscan, scientists analyzed over 880 ant specimens from 500 species to measure their exoskeleton investment. They discovered that ants with larger colonies invest less in their cuticles—the protective exoskeleton—because in a colony of thousands, losing a few workers to predators has minimal impact. This trade-off allows colonies to allocate resources like nitrogen and minerals toward producing more ants rather than reinforcing each individual. Factors such as diet and temperature influenced cuticle size, but colony size was the strongest predictor. Interestingly, this reduction in armor correlated with higher diversification rates, meaning ants with thinner exoskeletons could evolve and adapt to new environments more quickly. The study highlights how social insects like ants balance quality versus quantity, demonstrating that collective success can drive evolutionary changes by favoring numerical advantage over individual defense mechanisms.",
      "source": "Ars Science",
      "time_ago": "2 days ago",
      "image_url": "/article_images/article_7f1563696d2ffd70_1c40fec48983.webp",
      "category": "Science"
    }
  ]
}