{
  "title": "Who Could Beat Sinner and Alcaraz in Tennis?",
  "summary": "Jannik Sinner and Carlos Alcaraz are two top tennis players who have won many big tournaments recently. They won all the last eight Grand Slam events, which are the most important tennis competitions. This article asks if anyone can beat them in 2026. It talks about other players who might challenge them, like Ben Shelton. Shelton is a young American player with a very fast serve. He has done well in some Grand Slams but lost to Sinner and Alcaraz. The article includes opinions from experts, like coach Patrick Mouratoglou, who says it's hard to imagine others catching up because Sinner and Alcaraz are so good. It encourages readers to think about who might win next.",
  "keywords": [
    {
      "term": "Grand Slam",
      "explanation": "a big tennis tournament like Wimbledon or the US Open"
    },
    {
      "term": "serve",
      "explanation": "hitting the ball to start a point in tennis"
    },
    {
      "term": "expert",
      "explanation": "someone who knows a lot about tennis"
    },
    {
      "term": "challenge",
      "explanation": "try to beat someone in a game"
    },
    {
      "term": "tournament",
      "explanation": "a series of tennis matches to find a winner"
    }
  ],
  "questions": [
    {
      "question": "Who are the two top tennis players mentioned in the article?",
      "options": [
        "Jannik Sinner and Carlos Alcaraz",
        "Roger Federer and Rafael Nadal",
        "Ben Shelton and Patrick Mouratoglou",
        "Serena Williams and Novak Djokovic"
      ],
      "correct_answer": "Jannik Sinner and Carlos Alcaraz"
    },
    {
      "question": "How many Grand Slams have Sinner and Alcaraz won recently?",
      "options": [
        "All the last eight",
        "Only one",
        "Five",
        "Ten"
      ],
      "correct_answer": "All the last eight"
    },
    {
      "question": "What is Ben Shelton known for in tennis?",
      "options": [
        "A very fast serve",
        "Winning many Grand Slams",
        "Being a coach",
        "Playing with a right hand"
      ],
      "correct_answer": "A very fast serve"
    },
    {
      "question": "What does Patrick Mouratoglou think about other players catching up?",
      "options": [
        "It's hard to imagine",
        "They will catch up soon",
        "They are already better",
        "It's easy to predict"
      ],
      "correct_answer": "It's hard to imagine"
    },
    {
      "question": "What does the article ask readers to do?",
      "options": [
        "Think about who might win next",
        "Watch a tennis match",
        "Learn to play tennis",
        "Forget about tennis"
      ],
      "correct_answer": "Think about who might win next"
    },
    {
      "question": "What are Grand Slam events?",
      "options": [
        "Important tennis tournaments",
        "Small tennis games",
        "Practice sessions",
        "Tennis lessons"
      ],
      "correct_answer": "Important tennis tournaments"
    }
  ],
  "background_read": [
    "Tennis is a sport where players hit a ball over a net. Grand Slams are the biggest tournaments, like Wimbledon or the US Open. Top players like Sinner and Alcaraz win these to become champions. Other players try to beat them to win trophies. This article talks about who might challenge them in the future."
  ],
  "Article_Structure": [
    "WHO: Jannik Sinner, Carlos Alcaraz, Ben Shelton, and Patrick Mouratoglou",
    "WHAT: Discusses if other players can beat Sinner and Alcaraz in tennis by 2026",
    "WHERE: In tennis tournaments around the world, like Grand Slams",
    "WHY: To explore potential challengers and encourage predictions about future winners"
  ],
  "perspectives": [
    {
      "perspective": "Expert opinion",
      "description": "Patrick Mouratoglou believes it's difficult for others to catch up due to Sinner and Alcaraz's dominance."
    }
  ],
  "image_url": "/article_images/article_9eeac360b2ddfb25_13b8b326ee81.webp"
}