{
  "title": "Geopolitical Implications of North Korea's Missile Tests Preceding South Korea-China Summit",
  "summary": "North Korea executed a series of ballistic missile launches into its eastern maritime zone on a Sunday morning, an action confirmed by South Korean and Japanese authorities. These launches, detected from the capital region with a range of approximately 900 kilometers, coincided with the imminent departure of South Korean President Lee Jae Myung for a diplomatic summit in China, where agenda items were anticipated to include North Korea's nuclear ambitions. South Korea's Joint Chiefs of Staff condemned the tests as breaches of U.N. Security Council resolutions, urging cessation of provocations and a return to dialogue for peninsula stability. Japanese Defense Minister Shinjiro Koizumi highlighted the grave implications for regional and international security, while the U.S. military assessed no immediate threat but reiterated defensive commitments to allies. Analysts interpret these demonstrations as part of North Korea's strategy to showcase military advancements ahead of the Workers' Party congress, a pivotal event that may recalibrate policies toward the U.S. and potentially revive stalled negotiations. Since the disintegration of high-level talks with the U.S. in 2019, North Korea has accelerated weapons testing to augment its nuclear arsenal, with Kim Jong Un bolstering diplomatic standing through alliances with Russia regarding Ukraine and enhanced relations with China. South Korea's diplomatic overture to China seeks to leverage its role as North Korea's primary ally and economic partner to foster a constructive role in peace initiatives, though the efficacy of China's influence is questioned given its historical alignment with Russia in obstructing stringent sanctions. This scenario underscores complex geopolitical dynamics involving nuclear proliferation, alliance politics, and multilateral diplomacy in East Asia.",
  "keywords": [
    {
      "term": "ballistic missile launches",
      "explanation": "the deployment of rockets designed for strategic strike capabilities, often subject to international prohibitions"
    },
    {
      "term": "U.N. Security Council resolutions",
      "explanation": "binding international legal instruments that mandate member state compliance, frequently targeting proliferation activities"
    },
    {
      "term": "Workers' Party congress",
      "explanation": "a seminal political assembly in North Korea that sets ideological and policy directives, influencing state behavior"
    },
    {
      "term": "nuclear proliferation",
      "explanation": "the spread of nuclear weapons technology and capabilities, posing significant global security challenges"
    },
    {
      "term": "geopolitical dynamics",
      "explanation": "the interplay of political, economic, and military factors among nations that shape international relations and conflicts"
    }
  ],
  "questions": [
    {
      "question": "What strategic timing is noted between North Korea's missile launches and South Korea's diplomatic agenda?",
      "options": [
        "Immediately prior to South Korea's president traveling to China",
        "After the conclusion of the U.N. Security Council session",
        "During a joint military exercise with the U.S.",
        "Coinciding with North Korea's party congress"
      ],
      "correct_answer": "Immediately prior to South Korea's president traveling to China"
    },
    {
      "question": "How do South Korean authorities frame the missile launches in legal terms?",
      "options": [
        "As violations of U.N. Security Council resolutions",
        "As legitimate self-defense measures",
        "As compliant with international treaties",
        "As responses to economic sanctions"
      ],
      "correct_answer": "As violations of U.N. Security Council resolutions"
    },
    {
      "question": "What did Japanese Defense Minister Shinjiro Koizumi emphasize about the security impact?",
      "options": [
        "Threats to peace at national, regional, and global levels",
        "Minimal risk to Japan's territory",
        "Opportunities for diplomatic engagement",
        "Alignment with U.S. defense policies"
      ],
      "correct_answer": "Threats to peace at national, regional, and global levels"
    },
    {
      "question": "What analytical perspective do experts provide on North Korea's motivations for the tests?",
      "options": [
        "To display military achievements before a party congress",
        "To directly challenge U.S. military presence",
        "To celebrate economic reforms",
        "To test new cyber capabilities"
      ],
      "correct_answer": "To display military achievements before a party congress"
    },
    {
      "question": "How has North Korea's foreign policy evolved post-2019 U.S. talks?",
      "options": [
        "By strengthening ties with Russia and China",
        "By joining multilateral disarmament forums",
        "By reducing its missile testing frequency",
        "By opening embassies in Western countries"
      ],
      "correct_answer": "By strengthening ties with Russia and China"
    },
    {
      "question": "What is the objective of South Korea's diplomatic mission to China as described?",
      "options": [
        "To solicit China's constructive involvement in Korean Peninsula peace efforts",
        "To negotiate a bilateral trade agreement exclusively",
        "To request military intervention against North Korea",
        "To discuss climate change policies"
      ],
      "correct_answer": "To solicit China's constructive involvement in Korean Peninsula peace efforts"
    },
    {
      "question": "What historical action has China taken regarding North Korea sanctions?",
      "options": [
        "Blocked tougher economic sanctions in collaboration with Russia",
        "Unilaterally imposed comprehensive sanctions",
        "Supported all U.S.-led sanction initiatives",
        "Advocated for North Korea's U.N. membership"
      ],
      "correct_answer": "Blocked tougher economic sanctions in collaboration with Russia"
    },
    {
      "question": "What uncertainty exists regarding China's role in North Korean affairs?",
      "options": [
        "The extent of its actual diplomatic leverage",
        "Whether it provides economic aid",
        "If it hosts regular summits",
        "When it will mediate talks"
      ],
      "correct_answer": "The extent of its actual diplomatic leverage"
    },
    {
      "question": "How does the article characterize the broader implications of these events?",
      "options": [
        "As reflective of complex geopolitical dynamics in East Asia",
        "As isolated incidents with no regional impact",
        "As primarily economic in nature",
        "As focused on domestic politics only"
      ],
      "correct_answer": "As reflective of complex geopolitical dynamics in East Asia"
    },
    {
      "question": "What methodological limitation is implied in the article's reporting?",
      "options": [
        "Lack of direct sources from North Korea",
        "Overreliance on expert speculation",
        "Exclusion of South Korean perspectives",
        "Use of outdated data"
      ],
      "correct_answer": "Lack of direct sources from North Korea"
    }
  ],
  "background_read": [
    "The Korean Peninsula's division stems from post-World War II geopolitical arrangements, culminating in the Korean War (1950-1953) and an enduring armistice. North Korea, under the Kim dynasty, has pursued a juche ideology emphasizing self-reliance and military prowess, leading to the development of nuclear weapons and ballistic missiles since the 1990s. International responses have included U.N. Security Council resolutions imposing sanctions, though enforcement is hampered by geopolitical rivalries, particularly between the U.S. and China/Russia. The 2018-2019 summits between Kim Jong Un and Donald Trump raised hopes for denuclearization but collapsed over verification issues. Subsequently, North Korea has expanded its arsenal and aligned with Russia and China, exploiting great power tensions. South Korea, under various administrations, has oscillated between engagement and pressure, with current efforts focusing on multilateral diplomacy involving China. This backdrop informs the article's analysis of missile tests and diplomatic strategies, highlighting issues of proliferation, alliance politics, and the limits of international governance."
  ],
  "Article_Structure": [
    "This article provides an in-depth analysis of North Korea's ballistic missile tests, situating them within broader geopolitical contexts. Main points detail the launches' timing, regional responses, and expert interpretations linking them to a party congress and stalled U.S. talks. The purpose is to examine escalating tensions and diplomatic strategies, particularly South Korea's outreach to China. Evidence evaluation notes reliance on official statements and expert analysis, with critical assessment pointing to a lack of North Korean perspectives. Author credibility is bolstered by Associated Press affiliation, ensuring factual reporting. Methodology involves synthesizing multi-source data, though it may reflect Western biases. Critical assessment highlights strengths in comprehensive coverage but limitations in accessing closed regimes, affecting nuance in understanding North Korean motives."
  ],
  "perspectives": [
    {
      "perspective": "Strategic signaling",
      "description": "North Korea employs missile tests as a tool of strategic communication to assert dominance and influence international negotiations."
    },
    {
      "perspective": "Multilateral diplomacy",
      "description": "South Korea and allies engage in complex diplomatic efforts, involving China, to address security challenges through cooperative frameworks."
    }
  ],
  "image_url": "/article_images/article_531a0270b98a6832_a1c71c126b73.webp"
}