{
  "title": "Unveiling Marine Darkwaves: Hidden Threats to Ocean Ecosystems",
  "summary": "Marine darkwaves are intense, short-lived periods of underwater darkness caused by factors such as sediment runoff, algae blooms, and organic debris, which drastically reduce light reaching the seafloor. An international team of scientists developed the first framework to identify and compare these events, analyzing decades of data from coastal regions in California and New Zealand. The research, published in Communications Earth & Environment, reveals that marine darkwaves can last from a few days to over two months and are often linked to powerful storms and large-scale weather systems like Cyclone Gabrielle. These events pose significant risks to photosynthetic marine organisms, including kelp forests, seagrass meadows, and corals, by impairing photosynthesis and affecting the behavior of fish, sharks, and marine mammals. Previously, scientists focused on long-term declines in water clarity, but this study highlights the damaging impact of sudden darkwaves. The new framework adds to tools for monitoring ocean stressors like marine heatwaves and acidification, providing coastal communities and conservation groups with a way to detect immediate ecosystem stress and inform management strategies.",
  "keywords": [
    {
      "term": "marine darkwaves",
      "explanation": "intense, short-lived periods of underwater darkness that reduce light for marine life"
    },
    {
      "term": "sediment runoff",
      "explanation": "soil and particles washed into the ocean, blocking sunlight"
    },
    {
      "term": "photosynthetic organisms",
      "explanation": "marine plants and algae that use light to produce food"
    },
    {
      "term": "framework",
      "explanation": "a system developed by scientists to measure and compare darkwave events"
    },
    {
      "term": "coastal ecosystems",
      "explanation": "ocean areas near shore that support diverse life and are vulnerable to changes"
    },
    {
      "term": "monitoring tools",
      "explanation": "methods used to track ocean conditions like darkwaves, heatwaves, and acidification"
    },
    {
      "term": "data analysis",
      "explanation": "the process of studying long-term information to find patterns"
    },
    {
      "term": "ecological effects",
      "explanation": "impacts on marine life and habitats from events like darkwaves"
    }
  ],
  "questions": [
    {
      "question": "What causes marine darkwaves?",
      "options": [
        "Sediment runoff, algae blooms, and organic debris",
        "Fish migrations and coral bleaching",
        "Ocean currents and tides",
        "Solar flares and moon phases"
      ],
      "correct_answer": "Sediment runoff, algae blooms, and organic debris"
    },
    {
      "question": "How did scientists study marine darkwaves?",
      "options": [
        "By analyzing decades of data from coastal regions",
        "By conducting laboratory experiments only",
        "By interviewing fishermen",
        "By using weather balloons"
      ],
      "correct_answer": "By analyzing decades of data from coastal regions"
    },
    {
      "question": "What is the primary risk marine darkwaves pose to ocean life?",
      "options": [
        "Impairing photosynthesis in organisms like kelp and seagrass",
        "Increasing water temperature",
        "Reducing salt levels",
        "Causing tsunamis"
      ],
      "correct_answer": "Impairing photosynthesis in organisms like kelp and seagrass"
    },
    {
      "question": "How long can marine darkwaves last?",
      "options": [
        "From a few days to over two months",
        "Only a few hours",
        "Exactly one week",
        "Several years"
      ],
      "correct_answer": "From a few days to over two months"
    },
    {
      "question": "What weather events are often associated with marine darkwaves?",
      "options": [
        "Powerful storms and large-scale weather systems",
        "Calm, sunny days",
        "Light breezes",
        "Snowstorms"
      ],
      "correct_answer": "Powerful storms and large-scale weather systems"
    },
    {
      "question": "What tool does the marine darkwave framework add to?",
      "options": [
        "Existing tools for monitoring ocean stressors like heatwaves",
        "Tools for measuring air pollution",
        "Instruments for deep-sea exploration",
        "Devices for tracking bird migrations"
      ],
      "correct_answer": "Existing tools for monitoring ocean stressors like heatwaves"
    },
    {
      "question": "Who can benefit from the new framework?",
      "options": [
        "Coastal communities, conservation groups, and resource managers",
        "Only scientists in laboratories",
        "Tourists and beachgoers",
        "Airlines and pilots"
      ],
      "correct_answer": "Coastal communities, conservation groups, and resource managers"
    },
    {
      "question": "What did previous scientific focus often overlook regarding ocean threats?",
      "options": [
        "The impact of sudden darkwave events",
        "The importance of long-term water clarity declines",
        "The role of fish behavior",
        "The effects of ocean acidification"
      ],
      "correct_answer": "The impact of sudden darkwave events"
    }
  ],
  "background_read": [
    "Marine darkwaves represent a newly identified phenomenon where underwater light is sharply reduced due to natural and human-influenced factors like sediment runoff from land or algal overgrowth. This concept builds on existing knowledge of ocean stressors, such as marine heatwaves and acidification, which are monitored to assess ecosystem health. Photosynthetic marine organisms, including kelp, seagrass, and corals, rely on light for energy production, and sudden darkness can disrupt their growth and survival, with cascading effects on entire food webs. The study's use of long-term data from research sites in California and New Zealand highlights the global relevance of these events, often triggered by extreme weather. Understanding marine darkwaves is crucial for coastal management, as it provides early warning signs of ecosystem stress, aiding in conservation efforts and sustainable resource use."
  ],
  "Article_Structure": [
    "Main Points: The article introduces marine darkwaves as intense underwater darkness events caused by sediment, algae, and debris, posing risks to photosynthetic marine life. Scientists developed a framework to measure these events using data from coastal regions, revealing links to storms and durations from days to months. Purpose: To raise awareness of sudden light reductions as a significant ocean stressor and provide a tool for global comparison and monitoring. Evidence Evaluation: The study uses robust long-term data from multiple sites, including 16-21 years of measurements, enhancing credibility. Author Credibility: Lead and co-authors are affiliated with reputable institutions like UC Santa Barbara and University of Waikato, indicating expertise. Methodology: Analysis of historical light data from research stations and satellite estimates, employing a systematic approach to identify patterns."
  ],
  "perspectives": [
    {
      "perspective": "Environmental management view",
      "description": "This perspective sees the framework as a practical tool for coastal managers to mitigate ecosystem damage from darkwaves."
    }
  ],
  "image_url": "/article_images/article_dcd5ffa93577aecd_23ea0f5e3b81.webp"
}