{
  "title": "Geopolitical Implications of the US Peace Initiative in the Ukraine Conflict",
  "summary": "The article details escalating concerns among Ukraine's allies regarding a US-devised peace plan aimed at concluding the Russia-Ukraine war, underscoring a complex interplay of international diplomacy and security apprehensions. At the G20 summit in South Africa, a coalition including Canada, France, and the UK issued a joint statement acknowledging the plan's potential for a just peace but highlighting substantive issues such as proposed alterations to Ukraine's borders and restrictions on its military capabilities, which could perpetuate vulnerabilities. Ukrainian President Volodymyr Zelensky's characterization of the predicament as historically challenging reflects the intense pressure on Kyiv to acquiesce to terms perceived as advantageous to Moscow, as leaked outlines suggest concessions like troop withdrawals from Donetsk and de facto recognition of Russian control over Crimea, Luhansk, and parts of Kherson and Zaporizhzhia. The plan, enforced by US President Donald Trump with a November 27 deadline, envisions capping Ukraine's armed forces at 600,000, positioning European fighter jets in Poland, and offering nebulous security guarantees, while facilitating Russia's economic reintegration through sanction relief and G7 readmission. Critics argue that these measures might undermine Ukrainian sovereignty and embolden Russian aggression, with allies insisting that border integrity must not be compromised by force and that EU and NATO approvals are imperative for implementation, thereby illustrating broader strategic rivalries and the fragility of post-conflict settlements in contemporary geopolitics.",
  "keywords": [
    {
      "term": "allies",
      "explanation": "nations aligned in support of Ukraine, providing diplomatic, economic, and military assistance in the conflict"
    },
    {
      "term": "peace plan",
      "explanation": "a comprehensive strategy proposed to terminate hostilities, often involving negotiated terms on territories, military, and political conditions"
    },
    {
      "term": "borders",
      "explanation": "internationally recognized boundaries subject to disputes; changes can have profound implications for state sovereignty and international law"
    },
    {
      "term": "military limitations",
      "explanation": "imposed constraints on a nation's defense forces, potentially affecting its ability to deter aggression and maintain security"
    },
    {
      "term": "G20 summit",
      "explanation": "a premier forum for international economic cooperation that also addresses geopolitical crises, reflecting global power dynamics"
    },
    {
      "term": "sanctions",
      "explanation": "coercive measures such as trade barriers or asset freezes used by states to influence behavior, with significant economic and political impacts"
    },
    {
      "term": "annexation",
      "explanation": "the unlawful acquisition of territory by one state from another, often leading to prolonged conflicts and legal challenges"
    },
    {
      "term": "security guarantees",
      "explanation": "formal commitments from allies or organizations to provide military support, crucial for deterring threats in post-conflict scenarios"
    },
    {
      "term": "geopolitical tensions",
      "explanation": "strains arising from competition over territory, influence, and resources, shaping international relations and conflict resolutions"
    },
    {
      "term": "leaked proposals",
      "explanation": "unauthorized disclosures of confidential plans that can sway public opinion, reveal biases, and impact diplomatic negotiations"
    },
    {
      "term": "sovereignty",
      "explanation": "the principle of a state's supreme authority over its territory and affairs, central to discussions on intervention and peace agreements"
    },
    {
      "term": "international law",
      "explanation": "a body of rules governing relations between states, relevant to assessing the legality of actions like annexation and use of force"
    }
  ],
  "questions": [
    {
      "question": "What critical concerns do Ukraine's allies raise about the US peace plan?",
      "options": [
        "It may compromise Ukraine's sovereignty and security",
        "It will enhance global economic growth",
        "It focuses solely on environmental protection",
        "It promotes unilateral disarmament"
      ],
      "correct_answer": "It may compromise Ukraine's sovereignty and security"
    },
    {
      "question": "How does the plan address the status of Russian-controlled territories?",
      "options": [
        "By de facto recognizing Russian control",
        "By requiring immediate Russian withdrawal",
        "By establishing joint administration",
        "By ignoring the issue entirely"
      ],
      "correct_answer": "By de facto recognizing Russian control"
    },
    {
      "question": "What is the significance of the G20 summit in this context?",
      "options": [
        "It serves as a platform for allied statements on the plan",
        "It is where the plan was originally drafted",
        "It focuses only on economic issues",
        "It has no relevance to the conflict"
      ],
      "correct_answer": "It serves as a platform for allied statements on the plan"
    },
    {
      "question": "How might the plan's military limitations affect Ukraine?",
      "options": [
        "Increase vulnerability to future attacks",
        "Strengthen its defensive capabilities",
        "Lead to economic prosperity",
        "Result in internal political stability"
      ],
      "correct_answer": "Increase vulnerability to future attacks"
    },
    {
      "question": "What does the reintegration of Russia into the global economy entail?",
      "options": [
        "Lifting sanctions and rejoining the G7",
        "Imposing new trade barriers",
        "Isolating Russia further",
        "Providing direct aid to Ukraine"
      ],
      "correct_answer": "Lifting sanctions and rejoining the G7"
    },
    {
      "question": "Why is consent from EU and NATO members emphasized?",
      "options": [
        "Their approval is needed for plan elements affecting them",
        "They funded the plan's development",
        "They have veto power over all international agreements",
        "They are the primary combatants in the war"
      ],
      "correct_answer": "Their approval is needed for plan elements affecting them"
    },
    {
      "question": "What does Zelensky's warning indicate about Ukraine's dilemma?",
      "options": [
        "A choice between dignity and partnership",
        "An opportunity for economic growth",
        "A shift in military strategy",
        "A focus on cultural exchanges"
      ],
      "correct_answer": "A choice between dignity and partnership"
    },
    {
      "question": "How does the article evaluate the evidence from leaked documents?",
      "options": [
        "As influential but potentially biased sources",
        "As entirely fabricated information",
        "As official government releases",
        "As irrelevant to the discussion"
      ],
      "correct_answer": "As influential but potentially biased sources"
    },
    {
      "question": "What broader geopolitical issue does the plan highlight?",
      "options": [
        "Tensions between Western allies and Russia",
        "Climate change impacts",
        "Technological advancements",
        "Healthcare reforms"
      ],
      "correct_answer": "Tensions between Western allies and Russia"
    },
    {
      "question": "What is the proposed cap on Ukraine's military personnel?",
      "options": [
        "600,000",
        "500,000",
        "700,000",
        "1 million"
      ],
      "correct_answer": "600,000"
    },
    {
      "question": "How might the plan's implementation impact international law?",
      "options": [
        "It could challenge norms on territorial integrity",
        "It would reinforce existing laws",
        "It has no legal implications",
        "It promotes new environmental treaties"
      ],
      "correct_answer": "It could challenge norms on territorial integrity"
    },
    {
      "question": "What role do security guarantees play in the plan?",
      "options": [
        "They are promised but unspecified, raising reliability concerns",
        "They are detailed and enforceable",
        "They are rejected by all parties",
        "They focus on economic aspects only"
      ],
      "correct_answer": "They are promised but unspecified, raising reliability concerns"
    }
  ],
  "background_read": [
    "The Russia-Ukraine conflict escalated in 2022 from earlier tensions, including the 2014 annexation of Crimea, rooted in historical, ethnic, and geopolitical factors. Ukraine's alignment with Western institutions like the EU and NATO has intensified rivalries with Russia, leading to widespread sanctions and military aid. Peace plans in such contexts often involve difficult trade-offs between cessation of violence and principles of sovereignty and justice. The G20 and other international forums are arenas for diplomatic maneuvering, where power balances and legal frameworks are tested. This background is essential for critically assessing the US plan's potential to reshape European security architecture and uphold or undermine international norms."
  ],
  "Article_Structure": [
    "The article's main points detail the US peace plan's specifics—troop withdrawals, border acknowledgments, and military caps—and the allied criticisms focusing on sovereignty risks and security flaws. Its purpose is to analyze the diplomatic fallout and the plan's implications for global power dynamics, set against the urgency of the war. Evidence evaluation notes the use of leaked proposals and official statements, which, while credible from BBC sourcing, may reflect selective disclosure and require cross-verification due to potential biases in international reporting. Author credibility is bolstered by BBC's reputation for balanced journalism, though inherent editorial perspectives on Western alliances could subtly shape the narrative. Methodology involves synthesizing summit declarations and leaked details, employing descriptive analysis to convey complex issues, but it lacks primary source verification, limiting depth. Critical assessment reveals strengths in highlighting multilateral concerns and the plan's contentious elements, but limitations include insufficient exploration of Russian perspectives and the plan's full strategic rationale, potentially oversimplifying the negotiation complexities."
  ],
  "perspectives": [
    {
      "perspective": "Ukraine's allies",
      "description": "They prioritize upholding international law and Ukrainian sovereignty, viewing the plan as potentially legitimizing aggression and weakening deterrence."
    },
    {
      "perspective": "US administration",
      "description": "They aim for a pragmatic resolution to reduce conflict costs and reintegrate Russia, possibly reflecting realpolitik considerations over idealistic principles."
    },
    {
      "perspective": "Ukrainian government",
      "description": "They face a moral and strategic quandary, balancing the imperative to end human suffering against the risk of perpetual vulnerability and loss of territorial integrity."
    },
    {
      "perspective": "Russian government",
      "description": "They likely perceive the plan as a validation of their strategic gains, leveraging it to ease isolation while maintaining influence over disputed regions."
    },
    {
      "perspective": "International organizations",
      "description": "Entities like the EU and NATO must navigate the plan's demands, weighing collective security against member state interests and legal obligations."
    }
  ],
  "image_url": "/article_images/article_836b4a1582aae819_811fceeed994.webp"
}