{
  "title": "Analyzing the Cultural Impact of Catherine O'Hara Through Celebrity Tributes",
  "summary": "The article details the passing of Catherine O'Hara, an acclaimed Canadian comedic actress, at age 71 due to a brief illness in Los Angeles. It highlights her distinguished career, including Emmy-winning performances and iconic roles in films such as Beetlejuice and Home Alone, as well as television series like Schitt's Creek. In response to her death, a multitude of celebrities, including Meryl Streep, Pedro Pascal, and Ben Stiller, have offered tributes that underscore her profound influence on the entertainment industry. Streep's commentary emphasizes O'Hara's ability to infuse 'love and light' into her portrayals of eccentric characters, while Pascal expresses a sense of personal loss and gratitude for their professional collaboration. Ben Stiller articulates the challenge of quantifying her impact on comedy, asserting her unparalleled talent. Additional reflections from co-stars like Michael Keaton, who references their long-standing friendship, and Macaulay Culkin, who shares an emotional Instagram post, further illustrate her enduring personal and professional relationships. Director Tim Burton and actor Alec Baldwin contribute to the narrative by praising her unique artistic qualities and comic genius. The article situates O'Hara's legacy within the context of her beginnings in Canada's comedy scene and her subsequent critical acclaim, presenting a comprehensive overview of her contributions to film and television.",
  "keywords": [
    {
      "term": "acclaimed",
      "explanation": "highly praised or recognized, often by critics or peers"
    },
    {
      "term": "profound influence",
      "explanation": "a deep and significant effect on something or someone"
    },
    {
      "term": "artistic qualities",
      "explanation": "characteristics related to creativity and expression in art"
    },
    {
      "term": "narrative",
      "explanation": "a story or account of events, often structured to convey meaning"
    },
    {
      "term": "critical acclaim",
      "explanation": "formal recognition and positive evaluation from experts in a field"
    },
    {
      "term": "legacy",
      "explanation": "the lasting impact or memory left by a person's life and work"
    },
    {
      "term": "professional collaboration",
      "explanation": "working together in a work-related context to achieve common goals"
    },
    {
      "term": "entertainment industry",
      "explanation": "the sector involved in producing and distributing media like films and TV"
    },
    {
      "term": "eccentric characters",
      "explanation": "unconventional or quirky personas depicted in artistic works"
    },
    {
      "term": "Instagram post",
      "explanation": "a message or image shared on the social media platform Instagram"
    }
  ],
  "questions": [
    {
      "question": "What aspect of O'Hara's career does Meryl Streep highlight in her tribute?",
      "options": [
        "Her compassionate portrayals",
        "Her financial success",
        "Her directing skills",
        "Her political activism"
      ],
      "correct_answer": "Her compassionate portrayals"
    },
    {
      "question": "How does the article describe O'Hara's impact according to Ben Stiller?",
      "options": [
        "Hard to explain",
        "Easily measurable",
        "Minimal",
        "Overstated"
      ],
      "correct_answer": "Hard to explain"
    },
    {
      "question": "What does Pedro Pascal imply about the world after O'Hara's death?",
      "options": [
        "It has less light",
        "It is more chaotic",
        "It is unchanged",
        "It is brighter"
      ],
      "correct_answer": "It has less light"
    },
    {
      "question": "Which platform did Macaulay Culkin use for his emotional tribute?",
      "options": [
        "Instagram",
        "Facebook",
        "Twitter",
        "LinkedIn"
      ],
      "correct_answer": "Instagram"
    },
    {
      "question": "What does Michael Keaton refer to in his message about O'Hara?",
      "options": [
        "Their long friendship",
        "Their business partnership",
        "Their rivalry",
        "Their family ties"
      ],
      "correct_answer": "Their long friendship"
    },
    {
      "question": "How does the article characterize O'Hara's beginnings in comedy?",
      "options": [
        "In Canada's comedy scene",
        "In Hollywood studios",
        "In New York theaters",
        "In European films"
      ],
      "correct_answer": "In Canada's comedy scene"
    },
    {
      "question": "What quality does Alec Baldwin attribute to O'Hara's talent?",
      "options": [
        "All her own",
        "Derivative",
        "Commonplace",
        "Unremarkable"
      ],
      "correct_answer": "All her own"
    },
    {
      "question": "What role did Tim Burton play in O'Hara's career?",
      "options": [
        "Directed her in films",
        "Co-starred with her",
        "Managed her agent",
        "Wrote scripts for her"
      ],
      "correct_answer": "Directed her in films"
    },
    {
      "question": "How does the article evaluate the evidence presented?",
      "options": [
        "As emotional but credible",
        "As purely factual",
        "As biased and unreliable",
        "As speculative"
      ],
      "correct_answer": "As emotional but credible"
    },
    {
      "question": "What is the broader context of O'Hara's legacy as discussed in the article?",
      "options": [
        "Her contributions to comedy and film",
        "Her political views",
        "Her personal finances",
        "Her health issues"
      ],
      "correct_answer": "Her contributions to comedy and film"
    }
  ],
  "background_read": [
    "Catherine O'Hara's career spans decades, marked by her evolution from Canadian comedy to international stardom. Her work in films like Beetlejuice and TV shows like Schitt's Creek has cemented her status as a comedic icon. The tributes from peers reflect not only personal loss but also her artistic influence, highlighting themes of collaboration, creativity, and cultural impact. This context is essential for understanding the significance of her death and the responses it has elicited within the entertainment community."
  ],
  "Article_Structure": [
    "Main Points: The article centers on Catherine O'Hara's death and the ensuing tributes from celebrities, detailing her career achievements and personal relationships. Purpose: To memorialize O'Hara by showcasing her cultural impact through the lens of colleague testimonials, providing insight into her legacy. Evidence Evaluation: Sources include direct quotes from high-profile figures and factual reports from her agent, offering credible though emotionally charged evidence; however, it lacks counter-perspectives or critical analysis. Author Credibility: As a BBC News piece, it benefits from journalistic standards, but the focus on tributes may limit objective depth. Methodology: Information is compiled from public statements, social media, and official sources, using a narrative approach to convey remembrance. Critical Assessment: Strengths lie in its comprehensive coverage of tributes and career highlights, while limitations include a potential bias towards positive portrayals and insufficient exploration of broader industry contexts or criticisms."
  ],
  "perspectives": [
    {
      "perspective": "Artistic Legacy",
      "description": "Examines how O'Hara's work shaped comedic acting and influenced future generations."
    }
  ],
  "image_url": "/article_images/article_539307e33654ef99_ad752c7a6dda.webp"
}