{
  "title": "Celebrities Honor Catherine O'Hara's Legacy in Comedy",
  "summary": "Catherine O'Hara, an Emmy-winning comedic actress from Canada, died at 71 after a brief illness at her Los Angeles home. She was renowned for her roles in iconic films such as Beetlejuice and Home Alone, as well as TV series like Schitt's Creek and The Studio. Following her death, numerous celebrities, including Meryl Streep, Pedro Pascal, and Ben Stiller, expressed heartfelt tributes. Streep praised O'Hara for bringing 'love and light' through her compassionate portrayals of eccentric characters, while Pascal expressed eternal gratitude for their collaboration. Ben Stiller highlighted her significant impact on comedy, stating there was 'no one better.' Other co-stars, such as Michael Keaton and Macaulay Culkin, shared emotional messages, with Keaton recalling their long friendship and Culkin expressing sorrow on Instagram. Director Tim Burton and actor Alec Baldwin also commemorated her unique talent and contributions to the film industry. O'Hara began her career in Canada's comedy scene and earned critical acclaim for her unforgettable performances, leaving a lasting legacy in entertainment.",
  "keywords": [
    {
      "term": "Emmy-winning",
      "explanation": "having won an Emmy award, which honors excellence in television"
    },
    {
      "term": "comedic actress",
      "explanation": "an actress who specializes in funny or humorous roles"
    },
    {
      "term": "tributes",
      "explanation": "expressions of praise or respect, often given after someone's death"
    },
    {
      "term": "critical acclaim",
      "explanation": "positive reviews and recognition from critics for artistic work"
    },
    {
      "term": "legacy",
      "explanation": "something left behind or remembered, like a person's impact or achievements"
    },
    {
      "term": "collaboration",
      "explanation": "working together with others on a project or task"
    },
    {
      "term": "eccentric characters",
      "explanation": "unusual or quirky people portrayed in acting roles"
    },
    {
      "term": "Instagram",
      "explanation": "a social media platform where people share photos and messages"
    }
  ],
  "questions": [
    {
      "question": "What award did Catherine O'Hara win?",
      "options": [
        "Emmy",
        "Oscar",
        "Grammy",
        "Tony"
      ],
      "correct_answer": "Emmy"
    },
    {
      "question": "Which film series did Michael Keaton co-star with O'Hara in?",
      "options": [
        "Beetlejuice",
        "Home Alone",
        "Schitt's Creek",
        "Heartburn"
      ],
      "correct_answer": "Beetlejuice"
    },
    {
      "term": "question",
      "question": "What did Ben Stiller say about O'Hara's impact?",
      "options": [
        "Hard to explain",
        "Easy to understand",
        "Not significant",
        "Overrated"
      ],
      "correct_answer": "Hard to explain"
    },
    {
      "question": "Where did O'Hara start her career?",
      "options": [
        "Canada's comedy scene",
        "Los Angeles theaters",
        "New York TV",
        "Hollywood films"
      ],
      "correct_answer": "Canada's comedy scene"
    },
    {
      "question": "Who directed the Beetlejuice films mentioned?",
      "options": [
        "Tim Burton",
        "Steven Spielberg",
        "Christopher Nolan",
        "James Cameron"
      ],
      "correct_answer": "Tim Burton"
    },
    {
      "question": "What platform did Macaulay Culkin use for his tribute?",
      "options": [
        "Instagram",
        "Facebook",
        "Twitter",
        "TikTok"
      ],
      "correct_answer": "Instagram"
    },
    {
      "question": "What quality did Alec Baldwin attribute to O'Hara?",
      "options": [
        "All her own",
        "Common in actors",
        "Boring",
        "Unprofessional"
      ],
      "correct_answer": "All her own"
    },
    {
      "question": "How did Pedro Pascal describe the world after O'Hara's death?",
      "options": [
        "Less light",
        "More joyful",
        "Unchanged",
        "Brighter"
      ],
      "correct_answer": "Less light"
    }
  ],
  "background_read": [
    "Catherine O'Hara was a prominent figure in comedy, known for her versatile roles in film and television. She rose to fame through her work in Canadian comedy and later gained international recognition. Her death has sparked widespread mourning in the entertainment industry, with tributes highlighting her influence on peers and audiences alike. Understanding her career helps appreciate the depth of these tributes and her contributions to popular culture."
  ],
  "Article_Structure": [
    "Main Points: The article reports on the death of Catherine O'Hara and the tributes from celebrities like Meryl Streep and Pedro Pascal, emphasizing her impact on comedy through roles in Beetlejuice and Home Alone. Purpose: To inform readers about O'Hara's passing and celebrate her legacy by sharing heartfelt messages from colleagues. Evidence Evaluation: The article uses direct quotes from celebrities and factual details from her agent, providing credible but emotional evidence. Author Credibility: As a BBC News article, it likely has reliable sourcing, though it focuses on tributes rather than in-depth analysis. Methodology: Information is gathered from celebrity statements, social media posts, and official announcements, presenting a narrative of remembrance."
  ],
  "perspectives": [
    {
      "perspective": "Industry Impact",
      "description": "Focuses on how O'Hara's work influenced comedy and her peers' careers."
    }
  ],
  "image_url": "/article_images/article_539307e33654ef99_ad752c7a6dda.webp"
}