{
  "title": "Analyzing the BBC-Trump Defamation Lawsuit: Media Editing and Legal Accountability",
  "summary": "The BBC is embroiled in a $5 billion defamation lawsuit initiated by former US President Donald Trump, centering on an editorial decision in a Panorama documentary that edited his January 6, 2021 speech. Trump alleges that the BBC intentionally and deceptively doctored his speech to imply he directly incited violence during the Capitol riot, constituting defamation under US law. In response, the BBC has issued an apology for the edit, acknowledging it created a mistaken impression, but vehemently disputes the defamation claim, arguing there was no malicious intent and that Trump suffered no tangible harm, as evidenced by his subsequent re-election. The legal battle, filed in Florida, highlights complex issues of media ethics, as the edit prompted internal scrutiny at the BBC, leading to the resignations of Director General Tim Davie and Head of News Deborah Turness following a leaked critical memo. This case underscores the interplay between journalistic practices, such as selective editing for narrative clarity, and legal standards for defamation, particularly for public figures who must prove actual malice. The BBC's stance reflects a defense of editorial discretion, while Trump's lawsuit challenges the boundaries of acceptable media conduct in politically charged contexts.",
  "keywords": [
    {
      "term": "defamation claim",
      "explanation": "a legal assertion that false statements have damaged one's reputation, requiring proof of falsity, publication, fault, and harm"
    },
    {
      "term": "actual malice",
      "explanation": "a legal standard in US defamation law for public figures, requiring knowledge of falsity or reckless disregard for the truth"
    },
    {
      "term": "editorial discretion",
      "explanation": "the authority of media organizations to make content decisions, including editing, based on journalistic standards"
    },
    {
      "term": "Capitol riot",
      "explanation": "the violent attack on the US Capitol on January 6, 2021, following Trump's speech, with significant political and legal ramifications"
    },
    {
      "term": "narrative clarity",
      "explanation": "the practice of editing media content to enhance storytelling, which can raise ethical questions about accuracy and bias"
    },
    {
      "term": "legal accountability",
      "explanation": "the responsibility of entities, like media outlets, to answer for their actions under law, particularly in defamation cases"
    }
  ],
  "questions": [
    {
      "question": "What legal standard must Trump meet to prove defamation as a public figure?",
      "options": [
        "Actual malice",
        "Negligence",
        "Strict liability",
        "Intentional harm"
      ],
      "correct_answer": "Actual malice"
    },
    {
      "question": "How does the BBC justify its edit of Trump's speech?",
      "options": [
        "As editorial discretion with no malice",
        "As a truthful representation",
        "As required by law",
        "As approved by Trump"
      ],
      "correct_answer": "As editorial discretion with no malice"
    },
    {
      "question": "What was the consequence of the leaked internal BBC memo?",
      "options": [
        "Resignations of senior leaders",
        "Increased viewership",
        "A settlement with Trump",
        "Changes to defamation law"
      ],
      "correct_answer": "Resignations of senior leaders"
    },
    {
      "question": "In which jurisdiction is the lawsuit filed?",
      "options": [
        "Florida",
        "Federal court in DC",
        "UK High Court",
        "International Court"
      ],
      "correct_answer": "Florida"
    },
    {
      "question": "What does the BBC argue regarding harm to Trump?",
      "options": [
        "No harm as he was re-elected",
        "Significant financial loss",
        "Emotional distress",
        "Political disqualification"
      ],
      "correct_answer": "No harm as he was re-elected"
    },
    {
      "question": "What key event is associated with Trump's edited speech?",
      "options": [
        "The US Capitol riot",
        "The 2024 election",
        "A BBC awards ceremony",
        "A trade negotiation"
      ],
      "correct_answer": "The US Capitol riot"
    },
    {
      "question": "What is the monetary value of the lawsuit?",
      "options": [
        "$5 billion",
        "$1 million",
        "$10 billion",
        "Undisclosed"
      ],
      "correct_answer": "$5 billion"
    },
    {
      "question": "How does the article describe the BBC's apology?",
      "options": [
        "Acknowledging a mistaken impression",
        "Admitting defamation",
        "Refusing any wrongdoing",
        "Offering compensation"
      ],
      "correct_answer": "Acknowledging a mistaken impression"
    },
    {
      "question": "What broader issue does this case highlight?",
      "options": [
        "Media ethics vs. legal accountability",
        "Copyright infringement",
        "Political campaigning",
        "International diplomacy"
      ],
      "correct_answer": "Media ethics vs. legal accountability"
    },
    {
      "question": "What role did the Panorama documentary play?",
      "options": [
        "It edited Trump's speech for broadcast",
        "It reported on the lawsuit",
        "It defended the BBC in court",
        "It interviewed Trump"
      ],
      "correct_answer": "It edited Trump's speech for broadcast"
    }
  ],
  "background_read": [
    "This article delves into a significant legal and media controversy involving the BBC and Donald Trump, set against the backdrop of the January 6, 2021 Capitol riot. The BBC, as a public service broadcaster, operates under journalistic principles that include editorial discretion, but this case tests the limits of such practices under US defamation law. Defamation requires the plaintiff to prove false statements causing reputational harm, with public figures like Trump facing the higher burden of actual malice—knowledge of falsity or reckless disregard. The edit in question condensed Trump's speech to suggest a direct call for violence, raising ethical questions about narrative clarity versus accuracy. The internal BBC memo and subsequent resignations indicate organizational accountability and internal dissent. This lawsuit exemplifies the tension between media freedom and legal restraints, particularly in politically sensitive contexts, and may influence future editorial policies and defamation jurisprudence. Understanding this requires knowledge of First Amendment protections, media ethics frameworks, and the socio-political climate surrounding the Capitol events."
  ],
  "Article_Structure": [
    "Main Points: The BBC faces a $5bn defamation lawsuit from Trump over an edit in a Panorama documentary that implied he incited violence, with the BBC defending based on lack of malice and harm. Purpose: To analyze the legal and ethical dimensions of media editing, exploring how journalistic practices intersect with defamation law in high-profile political cases. Evidence Evaluation: Relies on court filings and BBC statements, but lacks independent analysis of edit intent or impact, potentially reflecting institutional perspectives. Author Credibility: BBC News is authoritative, but the article's brevity may limit critical depth, and it could harbor bias as a self-report. Methodology: Uses secondary sources like legal documents and public announcements, without original investigative reporting, constraining comprehensive assessment. Critical Assessment: Strengths include clear presentation of legal stakes, but limitations involve insufficient exploration of editorial decision-making processes and potential biases in sourcing."
  ],
  "perspectives": [
    {
      "perspective": "Legal analysis perspective",
      "description": "Examines the defamation lawsuit through US legal frameworks, focusing on standards like actual malice and the evidentiary challenges for public figures."
    },
    {
      "perspective": "Media studies perspective",
      "description": "Critiques the editorial practices of the BBC, considering ethical implications of selective editing and its impact on public discourse and trust."
    }
  ],
  "image_url": "/article_images/article_565e6b9012788ea5_3758c5ce896e.webp"
}