{
  "title": "Alcaraz's Comeback Victory at ATP Finals",
  "summary": "In a gripping match at the ATP Finals in Turin, Carlos Alcaraz demonstrated resilience by battling back to defeat Taylor Fritz in a thriller that captivated tennis enthusiasts. The event also featured Lorenzo Musetti, who energized the local Italian crowd with his performance. The ATP Finals is a prestigious year-end tournament where the top eight male tennis players compete based on their annual rankings. Alcaraz's win highlights his growing reputation as a formidable competitor, able to overcome challenges under pressure. This match not only showcased high-level athletic skill but also the emotional intensity of professional tennis, where every point can shift the momentum. Fans witnessed a display of strategic play and endurance, emphasizing why such tournaments are key in the tennis calendar.",
  "keywords": [
    {
      "term": "Resilience",
      "explanation": "the ability to recover quickly from difficulties"
    },
    {
      "term": "Prestigious",
      "explanation": "respected and admired for being of high quality"
    },
    {
      "term": "Momentum",
      "explanation": "the force or speed of movement that helps in continuing success"
    },
    {
      "term": "Strategic play",
      "explanation": "using plans and tactics to win in a game"
    },
    {
      "term": "Endurance",
      "explanation": "the ability to keep going for a long time without getting tired"
    },
    {
      "term": "Competitor",
      "explanation": "a person who takes part in a competition"
    },
    {
      "term": "Rankings",
      "explanation": "a list that shows who is best based on performance"
    },
    {
      "term": "Athletic skill",
      "explanation": "physical abilities needed for sports"
    },
    {
      "term": "Emotional intensity",
      "explanation": "strong feelings during an event"
    },
    {
      "term": "Tournament calendar",
      "explanation": "the schedule of events in a sport"
    }
  ],
  "questions": [
    {
      "question": "What was the key factor in Alcaraz's win?",
      "options": [
        "Battling back",
        "Home advantage",
        "Lucky shots",
        "Opponent's injury"
      ],
      "correct_answer": "Battling back"
    },
    {
      "question": "Where is the ATP Finals held in this article?",
      "options": [
        "Turin",
        "Wimbledon",
        "New York",
        "Melbourne"
      ],
      "correct_answer": "Turin"
    },
    {
      "question": "Who is Lorenzo Musetti?",
      "options": [
        "An Italian tennis player",
        "A Spanish coach",
        "An American referee",
        "A British fan"
      ],
      "correct_answer": "An Italian tennis player"
    },
    {
      "question": "What does the ATP Finals feature?",
      "options": [
        "Top eight male players",
        "All tennis players",
        "Only junior players",
        "Female players only"
      ],
      "correct_answer": "Top eight male players"
    },
    {
      "question": "How did the crowd react to Musetti?",
      "options": [
        "Energized and happy",
        "Disappointed",
        "Indifferent",
        "Angry"
      ],
      "correct_answer": "Energized and happy"
    },
    {
      "question": "What is resilience in sports?",
      "options": [
        "Recovering from setbacks",
        "Winning easily",
        "Avoiding competition",
        "Practicing alone"
      ],
      "correct_answer": "Recovering from setbacks"
    },
    {
      "question": "Why is the ATP Finals prestigious?",
      "options": [
        "It features top players",
        "It is free to enter",
        "It has no rules",
        "It is for amateurs"
      ],
      "correct_answer": "It features top players"
    },
    {
      "question": "What role does momentum play in tennis?",
      "options": [
        "It can shift the game",
        "It stops the match",
        "It is unimportant",
        "It only affects fans"
      ],
      "correct_answer": "It can shift the game"
    },
    {
      "question": "How are players selected for the ATP Finals?",
      "options": [
        "Based on annual rankings",
        "By random draw",
        "By fan vote",
        "By age"
      ],
      "correct_answer": "Based on annual rankings"
    },
    {
      "question": "What does strategic play involve?",
      "options": [
        "Using tactics and plans",
        "Hitting the ball hard",
        "Ignoring the opponent",
        "Playing without thinking"
      ],
      "correct_answer": "Using tactics and plans"
    }
  ],
  "background_read": [
    "The ATP Finals is the season-ending championship for the Association of Tennis Professionals (ATP) Tour, involving the top eight singles players and doubles teams based on their performance throughout the year. It has a rich history, often held in major cities like Turin, and offers significant ranking points and prize money. Carlos Alcaraz, from Spain, is a rising star who won the US Open and is known for his aggressive baseline play. Taylor Fritz, from the United States, is a consistent top player, while Lorenzo Musetti, from Italy, benefits from home support. Understanding tennis tournaments helps appreciate the skill and drama in matches like this one."
  ],
  "Article_Structure": [
    "Main Points: The article highlights Carlos Alcaraz's comeback victory over Taylor Fritz in a thrilling match at the ATP Finals, emphasizing his resilience and the excitement of the event, with Lorenzo Musetti adding to the crowd's enthusiasm. Purpose: It aims to report on key matches and player performances to inform tennis fans and celebrate the sport's intensity. Evidence Evaluation: The evidence is based on factual match outcomes and player actions, typical of sports journalism, but lacks detailed statistics or direct quotes, relying on general descriptions. Author Credibility: As a BBC article, it comes from a reputable source known for accurate sports coverage, though the specific author isn't named, reducing personal bias. Methodology: Information was gathered through event coverage and standard reporting methods, likely involving live updates and summaries."
  ],
  "perspectives": [
    {
      "perspective": "Athlete's perspective",
      "description": "Alcaraz focused on mental toughness and strategy to secure the win"
    },
    {
      "perspective": "Audience perspective",
      "description": "Fans experienced high entertainment value and national pride, especially for Musetti"
    }
  ],
  "image_url": "/article_images/article_4e7102e74f4716aa_6d7f3b3f1de6.webp"
}