{
  "title": "Strategic Acquisition of Birmingham City Women's Team: Integration of Sports Icons and Corporate Investment",
  "summary": "Birmingham City's women's football team has been acquired in a strategic ownership restructuring, with Shelby Companies Limited (SCL), a subsidiary of Knighthead Capital Management, securing a 97% stake. Knighthead, co-founded by Birmingham City chairman Tom Wagner, previously executed a full takeover of the men's team in 2023, indicating a consolidated approach to club management. The remaining 3% is held by a consortium of prominent female business leaders and global sporting icons, notably including Karen Carney, an England football legend with 144 international caps and a history of success with Birmingham, and Kim Clijsters, a three-time US Open tennis champion. This deal is positioned to elevate the focus on the women's team, aligning with ambitions to compete at the highest echelons of women's football, as stated by the club. Birmingham's women's team, currently in the second automatic promotion spot in Women's Super League 2, seeks a return to the top flight after relegation in 2021-22, building on a heritage that includes the 2012 FA Cup victory and development of players like Carney, Kerys Harrop, and Jess Carter. Chief executive Jeremy Dale heralded this as a pivotal historical moment, underscoring the symbolic and practical significance of female investor involvement. The article notes no immediate operational changes, suggesting a phased integration strategy. This acquisition reflects broader trends in sports finance and gender equity, leveraging high-profile figures to enhance brand visibility and competitive potential.",
  "keywords": [
    {
      "term": "consortium",
      "explanation": "a group of companies or individuals working together on a project or investment"
    },
    {
      "term": "echelons",
      "explanation": "levels or ranks in a hierarchy, often used for competitive tiers"
    },
    {
      "term": "integration strategy",
      "explanation": "a plan for combining different parts or groups smoothly"
    },
    {
      "term": "symbolic significance",
      "explanation": "the meaning or importance that represents broader ideas or values"
    },
    {
      "term": "consolidated approach",
      "explanation": "a unified method of managing multiple aspects or entities together"
    }
  ],
  "questions": [
    {
      "question": "What does the acquisition by SCL indicate about Knighthead's management strategy for Birmingham City?",
      "options": [
        "A consolidated approach to club management",
        "A focus only on the men's team",
        "A plan to sell the women's team",
        "An unrelated investment"
      ],
      "correct_answer": "A consolidated approach to club management"
    },
    {
      "question": "How does the involvement of Karen Carney and Kim Clijsters contribute to the deal beyond financial investment?",
      "options": [
        "Enhances brand visibility and symbolic significance",
        "Provides coaching expertise",
        "Guarantees promotion to WSL 1",
        "Reduces operational costs"
      ],
      "correct_answer": "Enhances brand visibility and symbolic significance"
    },
    {
      "question": "What is the significance of Birmingham's women's team being in the second automatic promotion place in WSL 2?",
      "options": [
        "It positions them for a return to the top flight",
        "It ensures they win the FA Cup",
        "It indicates financial stability",
        "It shows they are last in the league"
      ],
      "correct_answer": "It positions them for a return to the top flight"
    },
    {
      "question": "How does the article characterize the historical context of Birmingham's women's team?",
      "options": [
        "As having a strong heritage with FA Cup win and player development",
        "As a new team with no history",
        "As focused only on business aspects",
        "As declining in performance"
      ],
      "correct_answer": "As having a strong heritage with FA Cup win and player development"
    },
    {
      "question": "What broader trend in sports does this acquisition reflect?",
      "options": [
        "Increasing investment and gender equity in women's sports",
        "Decreasing interest in football",
        "Isolation of women's teams from men's",
        "Reduction in celebrity involvement"
      ],
      "correct_answer": "Increasing investment and gender equity in women's sports"
    },
    {
      "question": "What is the role of Tom Wagner in this deal?",
      "options": [
        "Co-founder of Knighthead and chairman of Birmingham City",
        "Primary investor in the women's team only",
        "Former player for Birmingham",
        "Journalist reporting the news"
      ],
      "correct_answer": "Co-founder of Knighthead and chairman of Birmingham City"
    },
    {
      "question": "Why might the club have stated there are no immediate changes to staffing or operations?",
      "options": [
        "To ensure stability during the transition",
        "Because they plan to fire staff later",
        "As a legal requirement",
        "Due to lack of funds"
      ],
      "correct_answer": "To ensure stability during the transition"
    },
    {
      "question": "What does the term 'pivotal moment' imply about the club's perspective on this takeover?",
      "options": [
        "It is seen as a critical turning point in history",
        "It is a minor update",
        "It is a routine business transaction",
        "It is a negative development"
      ],
      "correct_answer": "It is seen as a critical turning point in history"
    },
    {
      "question": "How does the article assess the evidence provided for the takeover's impact?",
      "options": [
        "Relies on club statements without independent verification",
        "Includes extensive interviews with investors",
        "Presents statistical analysis of team performance",
        "Cites multiple external sources"
      ],
      "correct_answer": "Relies on club statements without independent verification"
    },
    {
      "question": "What methodological approach does the article primarily use in reporting this news?",
      "options": [
        "Based on press releases and official statements",
        "Conducting original investigative journalism",
        "Using surveys and data analysis",
        "Interviewing fans and players extensively"
      ],
      "correct_answer": "Based on press releases and official statements"
    }
  ],
  "background_read": [
    "Birmingham City Football Club, established in 1875, has a complex history with its women's team emerging as a significant entity in English women's football. The Women's Super League (WSL), founded in 2010, represents the top tier of women's football in England, with promotion and relegation dynamics influencing team strategies. Investment in women's sports has surged globally, driven by factors like increased media coverage and advocacy for gender equity, often involving cross-sport collaborations and celebrity endorsements. This article situates within discourses on sports management, where takeovers by investment firms like Knighthead reflect neoliberal trends in sports commercialization. Karen Carney's career exemplifies the growth of women's football, while Kim Clijsters' involvement highlights interdisciplinary connections in sports business. Understanding this context requires knowledge of football economics, gender studies, and corporate finance in sports."
  ],
  "Article_Structure": [
    "Main Points: The article outlines the acquisition of Birmingham City's women's team by SCL and a female-led consortium, emphasizing strategic consolidation, heritage, and competitive ambitions. Purpose: To report on a business development in women's football, highlighting investment trends and gender representation. Evidence Evaluation: Sources are limited to club statements and basic facts, lacking critical analysis or diverse viewpoints, which may bias the narrative. Author Credibility: BBC Sport is authoritative, but the piece is news brief, not in-depth analysis, potentially oversimplifying complex issues. Methodology: Relies on secondary sources like press releases, with no original research, limiting depth and objectivity. Critical Assessment: Strengths include clear reporting of key details and context; limitations involve insufficient scrutiny of investor motives and long-term impacts on team dynamics."
  ],
  "perspectives": [
    {
      "perspective": "Corporate Strategy",
      "description": "The takeover aligns with broader business objectives of brand expansion and asset consolidation in sports."
    },
    {
      "perspective": "Feminist Critique",
      "description": "Involvement of female investors challenges traditional gender roles in sports ownership but may tokenize women's contributions."
    }
  ],
  "image_url": "/article_images/article_f32a9d02fba76fb7_ff7fb6e9662a.webp"
}