{
  "title": "Two-Day Oatmeal Diet Reduces LDL Cholesterol by 10% in Metabolic Syndrome Patients",
  "summary": "A clinical trial published in Nature Communications by the University of Bonn demonstrated that a two-day oatmeal-based diet significantly lowers LDL cholesterol by 10% in individuals with metabolic syndrome. Metabolic syndrome is characterized by excess weight, high blood pressure, elevated blood sugar, and abnormal lipid levels, increasing diabetes and heart disease risk. In the study, 32 participants consumed 300 grams of oatmeal daily for 48 hours while halving their calorie intake, compared to a control group that only reduced calories. Results showed greater improvements in cholesterol, weight loss, and blood pressure for the oat group, with effects persisting for six weeks. Researchers linked these benefits to changes in the gut microbiome, where oatmeal increased beneficial bacteria producing compounds like ferulic acid that positively influence cholesterol metabolism. Historically, oats were used in early 20th-century diabetes therapy, but this study revisits their role for metabolic health. The findings suggest short, intensive oat interventions could be a practical strategy for managing cholesterol and related conditions.",
  "keywords": [
    {
      "term": "LDL cholesterol",
      "explanation": "low-density lipoprotein, often called 'bad' cholesterol because high levels can lead to artery plaque buildup and heart disease"
    },
    {
      "term": "metabolic syndrome",
      "explanation": "a cluster of conditions including obesity, hypertension, high blood sugar, and dyslipidemia that increase cardiovascular and diabetes risks"
    },
    {
      "term": "gut microbiome",
      "explanation": "the community of microorganisms in the digestive tract that affect digestion, immunity, and overall health"
    },
    {
      "term": "ferulic acid",
      "explanation": "a phenolic compound produced by gut bacteria from oats, shown in studies to improve cholesterol metabolism"
    },
    {
      "term": "clinical trial",
      "explanation": "a research study involving human participants to test the effects of a treatment or intervention"
    }
  ],
  "questions": [
    {
      "question": "What was the primary outcome of the two-day oatmeal diet in the study?",
      "options": [
        "Increased blood sugar",
        "10% reduction in LDL cholesterol",
        "Weight gain",
        "Higher blood pressure"
      ],
      "correct_answer": "10% reduction in LDL cholesterol"
    },
    {
      "question": "Which group served as the control in this clinical trial?",
      "options": [
        "Those who ate oatmeal without calorie restriction",
        "Those who reduced calories but did not eat oats",
        "Those with diabetes",
        "Those who ate normal diets"
      ],
      "correct_answer": "Those who reduced calories but did not eat oats"
    },
    {
      "question": "How did the gut microbiome change in response to oatmeal consumption?",
      "options": [
        "It decreased bacterial diversity",
        "It increased certain bacteria producing beneficial compounds",
        "It had no effect",
        "It caused inflammation"
      ],
      "correct_answer": "It increased certain bacteria producing beneficial compounds"
    },
    {
      "question": "What historical use of oats is mentioned in the article?",
      "options": [
        "Treating heart disease in ancient times",
        "Early 20th-century diabetes therapy",
        "Weight loss in the 1990s",
        "Cancer prevention"
      ],
      "correct_answer": "Early 20th-century diabetes therapy"
    },
    {
      "question": "How long did the cholesterol-lowering effects last after the intervention?",
      "options": [
        "One day",
        "Two weeks",
        "Six weeks",
        "Three months"
      ],
      "correct_answer": "Six weeks"
    },
    {
      "question": "What is metabolic syndrome defined by in this study?",
      "options": [
        "Only high cholesterol",
        "Excess weight, high blood pressure, elevated blood sugar, and lipid disorders",
        "Low energy levels",
        "Poor diet alone"
      ],
      "correct_answer": "Excess weight, high blood pressure, elevated blood sugar, and lipid disorders"
    },
    {
      "question": "Who led the study as mentioned in the article?",
      "options": [
        "Carl von Noorden",
        "Marie-Christine Simon",
        "Linda Klümpen",
        "A team from Nature Communications"
      ],
      "correct_answer": "Linda Klümpen"
    },
    {
      "question": "What role does ferulic acid play according to the research?",
      "options": [
        "It increases blood pressure",
        "It negatively affects cholesterol",
        "It has a positive effect on cholesterol metabolism",
        "It causes weight gain"
      ],
      "correct_answer": "It has a positive effect on cholesterol metabolism"
    }
  ],
  "background_read": [
    "Metabolic syndrome is a prevalent health issue involving interconnected conditions such as obesity, hypertension, insulin resistance, and dyslipidemia, significantly raising the risk of type 2 diabetes and cardiovascular diseases. Oats, rich in beta-glucan fiber, have been historically recognized for their health benefits, including cholesterol reduction and blood sugar control. The gut microbiome is a key area of research, as microbial metabolites can influence host metabolism and inflammation. Clinical trials are essential for validating dietary interventions, and this study's methodology involved a controlled comparison between an oat-based diet and calorie restriction alone. Understanding LDL cholesterol is crucial, as it contributes to atherosclerosis, leading to heart attacks and strokes. This article highlights how short-term dietary changes can have lasting impacts, emphasizing the importance of microbiome-mediated effects."
  ],
  "Article_Structure": [
    "Main Points: The study shows a two-day oatmeal diet reduces LDL cholesterol by 10% in metabolic syndrome patients, with benefits lasting six weeks and linked to gut microbiome changes. Purpose: To investigate the effects of an oat-based intervention on cholesterol and metabolic health, revisiting historical uses of oats. Evidence Evaluation: The evidence is strong from a clinical trial published in a reputable journal, but sample size is small (32 participants), and long-term effects are unclear. Author Credibility: Researchers from the University of Bonn have expertise in nutrition and health, with lead author Linda Klümpen and supervisor Marie-Christine Simon. Methodology: A controlled trial with two groups—oatmeal plus calorie restriction vs. calorie restriction alone—using dietary tracking and microbiome analysis."
  ],
  "perspectives": [
    {
      "perspective": "Dietary intervention for metabolic health",
      "description": "Short-term oatmeal consumption offers a practical, non-pharmacological approach to improving cholesterol and metabolic markers, supported by microbiome research."
    }
  ],
  "image_url": "/article_images/article_752cab320248f48a_5fb30fde23ed.webp"
}