{
  "title": "Decoding Stonehenge's Origins: A Geochemical Investigation into Bluestone Transport Mechanisms",
  "summary": "A groundbreaking study from Curtin University employs advanced geochemical methodologies to address the perennial archaeological enigma of how Stonehenge's bluestones were transported, providing compelling evidence against glacial theories and bolstering the hypothesis of anthropogenic movement. The research meticulously analyzes microscopic mineral grains, specifically over 500 zircon crystals, extracted from river sediments proximate to Salisbury Plain, utilizing state-of-the-art instrumentation at the John de Laeter Centre for mineral fingerprinting. These zircon crystals, renowned for their resilience and capacity to chronicle geological timelines, revealed no indicia of glacial provenance, thereby refuting the notion that ice sheets conveyed the stones from distal locales such as Scotland or Wales. Lead researcher Dr. Anthony Clarke articulates that the absence of expected glacial signatures necessitates a reconsideration of human agency, implicating deliberate planning and labor-intensive efforts in the Neolithic era. While the precise modalities of transport—potentially involving maritime navigation or terrestrial log-rolling—remain speculative, the study underscores the sophistication of ancient engineering and the efficacy of contemporary analytical techniques in elucidating historical conundrums, thereby enriching our comprehension of prehistoric societal capabilities.",
  "keywords": [
    {
      "term": "geochemical methodologies",
      "explanation": "scientific techniques that analyze chemical properties of earth materials to study geological processes"
    },
    {
      "term": "anthropogenic movement",
      "explanation": "transport or alteration caused by human activity, as opposed to natural forces"
    },
    {
      "term": "zircon crystals",
      "explanation": "highly durable minerals used in geochronology and provenance studies due to their ability to retain isotopic signatures"
    },
    {
      "term": "mineral fingerprinting",
      "explanation": "a precise analytical method that identifies unique compositional markers in minerals to trace their origins"
    },
    {
      "term": "glacial provenance",
      "explanation": "the source or origin of materials as indicated by evidence of glacial transport"
    },
    {
      "term": "Neolithic era",
      "explanation": "a period in prehistory characterized by the development of agriculture and stone tools, relevant to Stonehenge's construction"
    },
    {
      "term": "John de Laeter Centre",
      "explanation": "a premier research facility specializing in isotopic and geochemical analysis with cutting-edge technology"
    },
    {
      "term": "archaeological enigma",
      "explanation": "a persistent mystery or puzzle within the field of archaeology that challenges existing explanations"
    },
    {
      "term": "provenance studies",
      "explanation": "research focused on determining the origin and history of artifacts or materials"
    },
    {
      "term": "societal capabilities",
      "explanation": "the skills, knowledge, and organizational structures possessed by ancient cultures, as inferred from archaeological evidence"
    }
  ],
  "questions": [
    {
      "question": "What primary hypothesis does the Curtin University study challenge regarding Stonehenge's bluestones?",
      "options": [
        "That they were formed in situ",
        "That they were transported by glaciers",
        "That they were placed by extraterrestrials",
        "That they are modern replicas"
      ],
      "correct_answer": "That they were transported by glaciers"
    },
    {
      "question": "Which analytical technique is central to the study's methodology?",
      "options": [
        "Radiocarbon dating",
        "Mineral fingerprinting",
        "Genetic sequencing",
        "Remote sensing"
      ],
      "correct_answer": "Mineral fingerprinting"
    },
    {
      "question": "What characteristic of zircon crystals makes them ideal for this research?",
      "options": [
        "Their color variability",
        "Their durability and ability to preserve geological history",
        "Their abundance in Salisbury Plain",
        "Their use in construction"
      ],
      "correct_answer": "Their durability and ability to preserve geological history"
    },
    {
      "question": "What did the analysis of river sediments near Stonehenge reveal?",
      "options": [
        "Evidence of glacial transport",
        "No signs of glacial activity",
        "Signs of human alteration",
        "Mixed geological signals"
      ],
      "correct_answer": "No signs of glacial activity"
    },
    {
      "question": "How does the absence of glacial signatures influence the transport theory?",
      "options": [
        "Supports human transport",
        "Confirms glacial transport",
        "Suggests natural erosion",
        "Indicates volcanic activity"
      ],
      "correct_answer": "Supports human transport"
    },
    {
      "question": "What era is associated with Stonehenge's construction according to the study?",
      "options": [
        "Medieval period",
        "Neolithic era",
        "Industrial Revolution",
        "Bronze Age"
      ],
      "correct_answer": "Neolithic era"
    },
    {
      "question": "What facility provided the advanced instruments for the analysis?",
      "options": [
        "British Museum",
        "John de Laeter Centre",
        "NASA laboratory",
        "University of Oxford"
      ],
      "correct_answer": "John de Laeter Centre"
    },
    {
      "question": "What remains uncertain despite the study's findings?",
      "options": [
        "The origin of the stones",
        "The exact methods of human transport",
        "The age of Stonehenge",
        "The purpose of the monument"
      ],
      "correct_answer": "The exact methods of human transport"
    },
    {
      "question": "What broader implication does the study have for understanding ancient societies?",
      "options": [
        "They lacked technological skills",
        "They possessed sophisticated engineering capabilities",
        "They relied solely on natural forces",
        "They were isolated from trade networks"
      ],
      "correct_answer": "They possessed sophisticated engineering capabilities"
    },
    {
      "question": "How does the study contribute to archaeological debates?",
      "options": [
        "By providing definitive answers",
        "By offering evidence-based insights that shift perspectives",
        "By dismissing all previous theories",
        "By focusing only on modern tools"
      ],
      "correct_answer": "By offering evidence-based insights that shift perspectives"
    }
  ],
  "background_read": [
    "Stonehenge, a UNESCO World Heritage Site, represents a monumental achievement of Neolithic engineering, with its bluestones sourced from the Preseli Hills in Wales, over 150 miles away. The glacial transport theory posits that ice sheets during the Pleistocene epoch could have moved these stones, but this has been contentious due to lack of direct evidence. Recent advancements in geochemistry, such as isotopic analysis and mineral provenance studies, enable precise tracing of stone origins. This research intersects archaeology, geology, and history, highlighting how interdisciplinary approaches can resolve long-standing mysteries. Understanding Stonehenge's construction not only illuminates prehistoric technological prowess but also reflects on human cultural evolution, making it a critical case study in academic curricula."
  ],
  "Article_Structure": [
    "The article delineates main points on human versus glacial transport of Stonehenge's bluestones, with a purpose to resolve archaeological controversies through empirical geochemical analysis. It evaluates evidence critically by assessing zircon crystal data that shows no glacial signatures, thereby supporting anthropogenic hypotheses. Author credibility is reinforced by Dr. Anthony Clarke's affiliation with Curtin University's Earth and Planetary Sciences, and methodology involves sophisticated mineral fingerprinting at the John de Laeter Centre. A critical assessment notes strengths in robust data collection but limitations in uncertain transport mechanisms, offering a nuanced perspective on Neolithic capabilities and the efficacy of modern scientific tools in historical inquiry."
  ],
  "perspectives": [
    {
      "perspective": "Interdisciplinary scientific perspective",
      "description": "Integrates geology and archaeology to challenge glacial theories and advocate for human agency, using advanced analytical techniques to inform historical interpretations."
    }
  ],
  "image_url": "/article_images/article_9ee33a30d3966f17_74cc82bf0168.webp"
}