{
  "articles": [
    {
      "id": "c27613bca37c0f5a",
      "title": "Analysis of the Crans-Montana Ski Resort Fire Incident",
      "summary": "A catastrophic fire erupted at Le Constellation bar in Crans-Montana, southern Switzerland, during New Year's celebrations, leading to significant loss of life and injuries. Authorities, including regional chief prosecutor Beatrice Pilloud, have preliminarily assessed the incident as a fire with no terrorist implications, though the exact cause remains undetermined. Casualty estimates vary, with Italian foreign ministry sources citing approximately 40 fatalities and Swiss officials reporting over 100 injuries, predominantly severe burns, straining local medical facilities such as Valais hospital's intensive care unit. The emergency response mobilized substantial resources, including ten helicopters and 150 personnel, to manage the crisis. Victims encompass multiple nationalities, prompting diplomatic engagement from embassies like the UK's, which are providing consular support. Initial reports of an explosion were clarified by security official Stéphane Ganzer, who attributed it to fire progression rather than an explosive device, underscoring the dynamic nature of the incident. Ongoing efforts focus on victim identification and familial assistance, amid broader questions about safety protocols in tourist-heavy venues.",
      "source": "BBC News",
      "time_ago": "1 hour ago",
      "image_url": "/article_images/article_c27613bca37c0f5a_c400718f6512.webp",
      "category": "News"
    },
    {
      "id": "dc45ad2195576633",
      "title": "Analysis of Arctic Air Influx and Severe Weather Warnings in the UK",
      "summary": "The United Kingdom is confronting a pronounced cold spell initiated by the influx of Arctic air, resulting in the Met Office issuing amber severe weather warnings for snow and ice, complemented by extensive yellow warnings across the nation. This meteorological event signifies the commencement of a protracted colder period, with temperatures plunging below freezing in southern England and South Wales; notable recordings include -6.2°C in Bournemouth and -2.5°C in Cardiff. Concurrently, Northern Scotland is experiencing heavy snowfall, triggering an amber warning effective from Friday to Saturday, with projected accumulations of 10-20 cm at lower elevations and 30-40 cm on elevated terrain, accompanied by risks of blizzards and drifting. The UK Health Security Agency has promulgated amber cold health alerts encompassing all of England, underscoring public health vulnerabilities. Anticipated disruptions encompass travel impediments, such as road delays and potential isolation of rural communities. This scenario unfolds in the aftermath of New Year's festivities, illustrating the interplay between natural phenomena and societal activities, while highlighting the imperative for robust warning systems and adaptive responses to mitigate adverse impacts.",
      "source": "BBC News",
      "time_ago": "2 hours ago",
      "image_url": "/article_images/article_dc45ad2195576633_80079ffb0833.webp",
      "category": "News"
    },
    {
      "id": "b62f3e9cd035ba01",
      "title": "Analyzing UK New Year Festivities: Spectacle, Cultural Integration, and Meteorological Challenges",
      "summary": "The article details the multifaceted new year celebrations across the UK, emphasizing large-scale pyrotechnic spectacles and their socio-cultural significance. In London, the display along the Thames, touted as Europe's largest, utilized 12,000 fireworks and attracted 100,000 spectators, integrating a soundtrack featuring artists like Raye and Ed Sheeran, and honoring milestones such as England's Women's Rugby World Cup victory and Cynthia Erivo's performance in Wicked. Edinburgh's Hogmanay event featured a six-minute choreographed explosion sequence at the castle, with approximately 45,000 attendees and salvaged fireworks from the previous year's cancellation due to extreme weather, accompanied by Scottish musicians like Lewis Capaldi. The festivities unfolded amidst adverse meteorological conditions, with yellow warnings for snow and ice issued across northern Scotland and parts of England and Wales, highlighting the intersection of celebration and environmental challenges. London Mayor Sadiq Khan's commentary framed the events as legendary and centered on themes of togetherness, while familial participation, exemplified by the Browns in Edinburgh, underscored the personal dimension of communal gatherings. The narrative weaves together elements of entertainment, cultural reflection, and resilience, offering a comprehensive overview of how UK cities navigate tradition and modernity in annual observances.",
      "source": "BBC News",
      "time_ago": "2 hours ago",
      "image_url": "/article_images/article_b62f3e9cd035ba01_93de5648c8bf.webp",
      "category": "News"
    },
    {
      "id": "9880c6ba71ebf30a",
      "title": "Ellie Goldstein: A Case Study in Disability Representation and Media Impact",
      "summary": "Ellie Goldstein, a 24-year-old individual with Down's syndrome, has garnered significant attention through her participation in Strictly Come Dancing alongside professional dancer Vito, challenging conventional narratives about disability. Her trajectory is marked by a deliberate process of manifestation, wherein she vocalized her aspiration to join the show, ultimately realizing it through persistent effort and familial support from her mother, Yvonne. Prior to this, Ellie established a multifaceted career, modeling for prestigious publications such as Vogue and brands including Gucci and Adidas, while also securing an acting role in the BBC series Malory Towers, which earned her an Emmy nomination. This article situates Ellie's achievements within a broader socio-cultural context, referencing Yvonne's recollections of being advised to abandon Ellie at birth due to her condition—a stark illustration of historical stigma. Ellie's story serves as a catalyst for discourse on inclusion, as her visibility in mainstream media like Strictly and high-fashion platforms promotes a re-evaluation of capabilities associated with learning disabilities. By dancing weekly on national television, she not only fulfills a personal ambition but also embodies resilience, contributing to shifting public perceptions and advocating for greater acceptance and opportunities for disabled individuals in entertainment and beyond.",
      "source": "BBC News",
      "time_ago": "12 hours ago",
      "image_url": "/article_images/article_9880c6ba71ebf30a_6afc31e03835.webp",
      "category": "News"
    },
    {
      "id": "b49bf3f7da26de71",
      "title": "Geopolitical Dynamics: CIA Intelligence, Trump's Diplomatic Shifts, and Civilian Toll in Ukraine",
      "summary": "This article delves into the intricate geopolitical landscape of the Ukraine-Russia conflict, analyzing a specific incident where the CIA assessed that Ukraine did not target Russian President Vladimir Putin's residence in a drone attack, countering Putin's claim conveyed to President Trump. Initially, Trump appeared receptive to Putin's assertion, but he later signaled alignment with European leaders in contending that Russia is obstructing a peace agreement. The piece further explores Russia's military strategy, exemplified by New Year's Eve strikes on civilian infrastructure in a Ukrainian city, resulting in casualties among vulnerable demographics such as the elderly and a 7-month-old infant, and causing significant displacement. This narrative underscores the humanitarian ramifications of the conflict and the complexities of international diplomacy, where intelligence evaluations, leader communications, and on-ground violence intersect to influence peace processes. It highlights how divergent narratives—rooted in intelligence versus political rhetoric—shape perceptions and policy decisions, while also pointing to the broader implications for global security and human rights.",
      "source": "PBS NewsHour",
      "time_ago": "12 hours ago",
      "image_url": "/article_images/article_b49bf3f7da26de71_d0fab9e2db55.webp",
      "category": "News"
    },
    {
      "id": "5ec26aa98681c939",
      "title": "Scientific Expedition to Assess the Thwaites Glacier: Implications for Global Sea-Level Rise",
      "summary": "A comprehensive two-month expedition involving nearly 40 researchers is underway to investigate the Thwaites Glacier in Antarctica, colloquially termed the 'Doomsday Glacier' due to its substantial potential to elevate global sea levels. This glacier, comparable in size to Florida, is experiencing accelerated melting driven by anthropogenic climate change, posing a severe risk to coastal infrastructures and ecosystems worldwide. Science correspondent Miles O'Brien is embedded with the team, reporting from an icebreaker traversing the Southern Ocean to one of Earth's most remote locales. The research aims to elucidate the glaciological mechanisms underpinning the rapid disintegration, including basal melt rates and ice shelf stability, through advanced data collection techniques such as satellite imagery and on-site measurements. By analyzing these factors, scientists seek to refine predictive models for sea-level rise and inform policy decisions on climate adaptation and mitigation. This expedition exemplifies the interdisciplinary collaboration required to tackle complex environmental challenges, highlighting the intersection of field science, technology, and global climate governance. The findings could have profound implications for understanding tipping points in polar regions and shaping international responses to the climate crisis.",
      "source": "PBS NewsHour",
      "time_ago": "13 hours ago",
      "image_url": "/article_images/article_5ec26aa98681c939_d8e94b9011e8.webp",
      "category": "News"
    }
  ]
}