{
  "title": "US Senate Approves Funding Bill to Avert Government Shutdown",
  "summary": "The US Senate has passed a funding bill aimed at ending a potential government shutdown. This legislative action requires approval from the House of Representatives and the president's signature to become law. If enacted, the bill would allocate funds to government operations, allowing agencies to reopen and resume services. A government shutdown occurs when funding lapses, leading to furloughs for federal employees and disruptions in public services. The Senate's move is a critical step in the budgetary process, reflecting efforts to maintain governmental stability. This development highlights the importance of bipartisan cooperation in Congress to address fiscal challenges and ensure continuous governance for the benefit of citizens.",
  "keywords": [
    {
      "term": "Senate",
      "explanation": "the upper chamber of the US Congress, composed of senators who debate and vote on legislation"
    },
    {
      "term": "funding bill",
      "explanation": "a legislative proposal that authorizes government spending for specific purposes and periods"
    },
    {
      "term": "government shutdown",
      "explanation": "a situation where non-essential government services cease due to lack of appropriated funds"
    },
    {
      "term": "House of Representatives",
      "explanation": "the lower chamber of Congress, responsible for initiating revenue bills and collaborating with the Senate"
    },
    {
      "term": "presidential signature",
      "explanation": "the act of the president formally approving a bill, making it law under the US Constitution"
    },
    {
      "term": "legislative process",
      "explanation": "the steps involved in creating laws, including introduction, debate, voting, and enactment"
    },
    {
      "term": "bipartisan cooperation",
      "explanation": "collaboration between different political parties to achieve common goals in governance"
    },
    {
      "term": "fiscal challenges",
      "explanation": "issues related to government budgeting, spending, and revenue that can lead to crises like shutdowns"
    },
    {
      "term": "furlough",
      "explanation": "temporary leave for employees without pay, often during government shutdowns"
    },
    {
      "term": "governmental stability",
      "explanation": "the state of having a functioning and reliable government without interruptions"
    }
  ],
  "questions": [
    {
      "question": "What is the primary purpose of the funding bill passed by the Senate?",
      "options": [
        "To end a government shutdown",
        "To increase taxes",
        "To start new programs",
        "To reduce spending"
      ],
      "correct_answer": "To end a government shutdown"
    },
    {
      "question": "Which branch of government must approve the bill after the Senate?",
      "options": [
        "House of Representatives",
        "Senate",
        "President",
        "Supreme Court"
      ],
      "correct_answer": "House of Representatives"
    },
    {
      "question": "What role does the president play in this process?",
      "options": [
        "Sign the bill into law",
        "Vote in the Senate",
        "Appoint new members",
        "Declare a shutdown"
      ],
      "correct_answer": "Sign the bill into law"
    },
    {
      "question": "What is a government shutdown?",
      "options": [
        "Cessation of non-essential services due to lack of funds",
        "A holiday for government workers",
        "A new law being passed",
        "An election period"
      ],
      "correct_answer": "Cessation of non-essential services due to lack of funds"
    },
    {
      "question": "Why is bipartisan cooperation important in this context?",
      "options": [
        "To pass legislation efficiently",
        "To avoid elections",
        "To increase partisanship",
        "To delay the process"
      ],
      "correct_answer": "To pass legislation efficiently"
    },
    {
      "question": "What happens to federal employees during a shutdown?",
      "options": [
        "They may be furloughed without pay",
        "They get bonuses",
        "They work overtime",
        "They are promoted"
      ],
      "correct_answer": "They may be furloughed without pay"
    },
    {
      "question": "How does the bill help maintain governmental stability?",
      "options": [
        "By providing funds to keep services running",
        "By reducing the number of employees",
        "By closing agencies",
        "By increasing debt"
      ],
      "correct_answer": "By providing funds to keep services running"
    },
    {
      "question": "What is the legislative process described in the article?",
      "options": [
        "Senate passes, House approves, president signs",
        "President proposes, Senate debates, House votes",
        "Courts review, Senate amends, House enacts",
        "House initiates, president signs, Senate approves"
      ],
      "correct_answer": "Senate passes, House approves, president signs"
    },
    {
      "question": "What does 'furlough' mean in relation to a shutdown?",
      "options": [
        "Temporary unpaid leave for employees",
        "Permanent job loss",
        "Increased work hours",
        "Early retirement"
      ],
      "correct_answer": "Temporary unpaid leave for employees"
    },
    {
      "question": "Why might a funding bill be critical during a shutdown threat?",
      "options": [
        "To prevent service disruptions and pay issues",
        "To start new political campaigns",
        "To build infrastructure",
        "To change immigration laws"
      ],
      "correct_answer": "To prevent service disruptions and pay issues"
    }
  ],
  "background_read": [
    "In the US government, funding bills are essential for allocating money to federal agencies. The legislative process involves both chambers of Congress—the Senate and the House—passing identical bills, which then require the president's signature. Government shutdowns occur when Congress fails to pass appropriations bills, leading to furloughs and halted services. This article discusses a recent Senate action to avert such a shutdown, emphasizing the need for timely legislative action to ensure continuous government operations and avoid economic and social disruptions."
  ],
  "Article_Structure": [
    "The article's main points focus on the Senate passing a funding bill to end a government shutdown, with the next steps involving House approval and presidential action. Its purpose is to inform the public about legislative efforts to maintain government functionality and avoid crises. Evidence is based on factual reporting from BBC News, a credible source, though specific data on bill details is limited. The author's credibility stems from BBC's reputation for reliable journalism, but potential biases in framing the urgency could exist. Methodology involves summarizing official proceedings without in-depth analysis, relying on standard news gathering. Overall, it provides a clear but brief overview of a critical governmental process."
  ],
  "perspectives": [
    {
      "perspective": "Political perspective",
      "description": "Lawmakers may view the bill as a necessary compromise to ensure governance and avoid blame for shutdowns."
    },
    {
      "perspective": "Public interest perspective",
      "description": "Citizens are concerned about the impact on services and jobs, favoring quick resolution to minimize disruptions."
    }
  ],
  "image_url": "/article_images/article_a40d9cf8ca429de3_70b4a5204892.webp"
}