{
  "title": "Advancing Quantum Computing with Optical Cavities",
  "summary": "Researchers at Stanford University have developed a novel optical cavity design that could significantly accelerate the development of quantum computers. Quantum computers utilize qubits, which are quantum bits stored in atoms and can represent multiple states simultaneously, enabling them to perform calculations far more efficiently than classical computers. A major hurdle has been the slow and inefficient readout of information from these qubits, as atoms emit photons (light particles) too slowly and in all directions. The team's solution involves creating optical cavities—devices that trap light between reflective surfaces—equipped with microlenses to focus light onto individual atoms. This allows for efficient collection of photons, enabling simultaneous readout from all qubits. In their study published in Nature, they demonstrated this with a system of 40 cavities and a larger prototype with over 500, suggesting a scalable path toward networks with up to a million qubits. This advancement addresses the challenge of scaling quantum computers, potentially transforming fields like cryptography and drug discovery by solving complex problems in hours rather than millennia.",
  "keywords": [
    {
      "term": "optical cavities",
      "explanation": "devices that trap light between reflective surfaces to control photon emission from atoms"
    },
    {
      "term": "qubits",
      "explanation": "quantum bits that store information in atoms and can be in multiple states at once for faster computing"
    },
    {
      "term": "photons",
      "explanation": "particles of light emitted by atoms that carry quantum information"
    },
    {
      "term": "microlenses",
      "explanation": "tiny lenses used in the new cavity design to focus light onto single atoms for better interaction"
    },
    {
      "term": "scalability",
      "explanation": "the ability to increase the number of qubits in a quantum computer system efficiently"
    },
    {
      "term": "Nature journal",
      "explanation": "a prestigious scientific publication where the research findings were reported"
    },
    {
      "term": "quantum networks",
      "explanation": "systems of interconnected quantum computers that can communicate and share data"
    },
    {
      "term": "classical computers",
      "explanation": "traditional computers that use bits representing only zero or one, limiting their speed for certain tasks"
    }
  ],
  "questions": [
    {
      "question": "What is the primary function of the optical cavity developed by Stanford researchers?",
      "options": [
        "To trap and guide light from atoms for qubit readout",
        "To create new atoms for quantum computing",
        "To slow down photon emission",
        "To replace classical computer bits"
      ],
      "correct_answer": "To trap and guide light from atoms for qubit readout"
    },
    {
      "question": "How do qubits differ from classical bits?",
      "options": [
        "Qubits can represent zero, one, or both states simultaneously",
        "Qubits are larger and slower",
        "Qubits only use light particles",
        "Qubits are not based on atoms"
      ],
      "correct_answer": "Qubits can represent zero, one, or both states simultaneously"
    },
    {
      "question": "What innovation did the team add to the optical cavity design?",
      "options": [
        "Microlenses to focus light onto atoms",
        "More reflective surfaces to increase size",
        "Faster atoms to emit light",
        "Larger cavities to hold more light"
      ],
      "correct_answer": "Microlenses to focus light onto atoms"
    },
    {
      "question": "In which scientific journal was this research published?",
      "options": [
        "Nature",
        "Science Daily",
        "Stanford Journal",
        "Physics Review"
      ],
      "correct_answer": "Nature"
    },
    {
      "question": "What challenge does the optical cavity address in quantum computing?",
      "options": [
        "Inefficient readout of information from qubits",
        "Lack of atoms for qubits",
        "Slow processing in classical computers",
        "High cost of building computers"
      ],
      "correct_answer": "Inefficient readout of information from qubits"
    },
    {
      "question": "How many cavities were in the larger prototype tested by the team?",
      "options": [
        "Over 500",
        "40",
        "1 million",
        "100"
      ],
      "correct_answer": "Over 500"
    },
    {
      "question": "What is a potential application of scalable quantum computers mentioned in the summary?",
      "options": [
        "Solving complex problems in cryptography and drug discovery faster",
        "Making classical computers obsolete",
        "Creating new types of light",
        "Building smaller optical cavities"
      ],
      "correct_answer": "Solving complex problems in cryptography and drug discovery faster"
    },
    {
      "question": "Who is the senior author of the study as mentioned in the summary?",
      "options": [
        "Jon Simon",
        "Adam Shaw",
        "A Stanford physicist",
        "A Nature editor"
      ],
      "correct_answer": "Jon Simon"
    }
  ],
  "background_read": [
    "Quantum computing is an emerging field that leverages quantum mechanics to process information using qubits, which are based on atomic states and can exist in superpositions, allowing for parallel computation. This contrasts with classical computing, where bits are binary and process sequentially. A key barrier to practical quantum computers has been the difficulty in reading qubit information efficiently, as atoms emit photons slowly and isotropically. Optical cavities, which confine light between mirrors, have been explored to enhance photon collection, but integrating them with atoms has been challenging due to weak interactions. The Stanford team's breakthrough involves incorporating microlenses into cavities to focus light onto individual atoms, improving readout speeds and scalability. Published in Nature, this research demonstrates systems with 40 and over 500 cavities, pointing toward million-qubit networks. Understanding this requires knowledge of basic physics, such as light-particle interactions and quantum states, as well as the goals of quantum computing to solve complex problems in science and technology."
  ],
  "Article_Structure": [
    "Main Points: The article highlights a new optical cavity design with microlenses that efficiently captures photons from atom-based qubits, enabling faster readout and scalability toward million-qubit quantum computers. Purpose: It aims to report a scientific breakthrough that addresses a major scalability challenge in quantum computing, providing a realistic path for building powerful quantum networks. Evidence Evaluation: The evidence is strong, based on experimental results published in the reputable journal Nature, with systems of 40 and over 500 cavities demonstrating practical feasibility. Author Credibility: The authors are physicists from Stanford University, including senior author Jon Simon and first author Adam Shaw, indicating expertise in quantum physics and optics. Methodology: The research involved designing and testing optical cavities with microlenses, using experimental setups to measure photon collection efficiency and scalability, as detailed in the Nature publication."
  ],
  "perspectives": [
    {
      "perspective": "Technological Breakthrough",
      "description": "This represents a significant step in overcoming engineering challenges to make quantum computers more practical and scalable."
    }
  ],
  "image_url": "/article_images/article_3db389c08baf7dc9_af8ce59376c3.webp"
}