{
  "title": "Celebrities Advocate for Fair Ticket Pricing",
  "summary": "Dua Lipa and Coldplay, prominent musicians, have taken a stand against ticket touts by signing a formal letter urging government intervention. Ticket touts, or scalpers, purchase large quantities of event tickets and resell them at inflated prices, exploiting fans and undermining fair access to concerts. The artists have committed to capping resale prices, which involves setting maximum limits on how much tickets can be resold for, aiming to prevent excessive profiteering. This action highlights growing concerns in the entertainment industry about the ethics of ticket sales and the need for regulatory measures. By involving the government, they seek to enforce policies that protect consumers and promote transparency in the ticketing market. The move reflects a broader trend where celebrities use their influence to address social issues, emphasizing the importance of affordability and equity in live events. Ultimately, this effort could lead to more sustainable and fan-friendly practices in the music world.",
  "keywords": [
    {
      "term": "ticket touts",
      "explanation": "individuals or groups who buy tickets in bulk to resell at higher prices, often exploiting demand"
    },
    {
      "term": "resale prices",
      "explanation": "the amounts charged for tickets when they are sold again, which can be much higher than the original price"
    },
    {
      "term": "government intervention",
      "explanation": "when authorities step in to regulate or control certain activities, like ticket sales"
    },
    {
      "term": "capping",
      "explanation": "imposing a maximum limit on something, such as prices, to prevent excess"
    },
    {
      "term": "ethics",
      "explanation": "moral principles that guide behavior, relevant here in fair business practices"
    },
    {
      "term": "regulatory measures",
      "explanation": "rules or laws designed to control and improve practices in an industry"
    },
    {
      "term": "transparency",
      "explanation": "openness and clarity in processes, helping consumers make informed decisions"
    },
    {
      "term": "consumer protection",
      "explanation": "efforts to safeguard buyers from unfair practices, like overpricing"
    },
    {
      "term": "profiteering",
      "explanation": "making excessive profits, often in unethical ways"
    },
    {
      "term": "influence",
      "explanation": "the power that famous people have to affect opinions and actions"
    }
  ],
  "questions": [
    {
      "question": "What is the primary action taken by Dua Lipa and Coldplay?",
      "options": [
        "Signing a letter for government action",
        "Organizing a concert",
        "Selling tickets directly",
        "Ignoring the issue"
      ],
      "correct_answer": "Signing a letter for government action"
    },
    {
      "question": "How do ticket touts affect the ticket market?",
      "options": [
        "By reselling tickets at high prices",
        "By giving tickets away for free",
        "By reducing ticket prices",
        "By improving concert quality"
      ],
      "correct_answer": "By reselling tickets at high prices"
    },
    {
      "question": "What does capping resale prices aim to achieve?",
      "options": [
        "Limit how much tickets can be resold for",
        "Increase ticket availability",
        "Encourage more touting",
        "Lower original ticket prices"
      ],
      "correct_answer": "Limit how much tickets can be resold for"
    },
    {
      "question": "Why is government intervention sought in this case?",
      "options": [
        "To enforce fair practices in ticketing",
        "To promote ticket touts",
        "To cancel all concerts",
        "To increase artist profits"
      ],
      "correct_answer": "To enforce fair practices in ticketing"
    },
    {
      "question": "What broader issue does this article highlight?",
      "options": [
        "Ethics in entertainment ticket sales",
        "The popularity of concerts",
        "Government funding for arts",
        "New music releases"
      ],
      "correct_answer": "Ethics in entertainment ticket sales"
    },
    {
      "question": "How might fans benefit from this initiative?",
      "options": [
        "By having fairer access to affordable tickets",
        "By paying more for tickets",
        "By attending fewer concerts",
        "By ignoring ticket prices"
      ],
      "correct_answer": "By having fairer access to affordable tickets"
    },
    {
      "question": "What role do celebrities play in this context?",
      "options": [
        "Using their influence for social change",
        "Selling tickets themselves",
        "Avoiding public issues",
        "Criticizing fans"
      ],
      "correct_answer": "Using their influence for social change"
    },
    {
      "question": "What is a potential outcome of capping resale prices?",
      "options": [
        "Reduced profiteering by touts",
        "Increased tout activities",
        "Higher original ticket prices",
        "Fewer concerts being held"
      ],
      "correct_answer": "Reduced profiteering by touts"
    },
    {
      "question": "Why is transparency important in ticketing?",
      "options": [
        "It helps consumers understand pricing",
        "It makes tickets more expensive",
        "It hides true costs",
        "It benefits only touts"
      ],
      "correct_answer": "It helps consumers understand pricing"
    },
    {
      "question": "What does the term 'consumer protection' refer to here?",
      "options": [
        "Safeguarding fans from unfair ticket practices",
        "Protecting ticket touts",
        "Increasing government taxes",
        "Promoting artist royalties"
      ],
      "correct_answer": "Safeguarding fans from unfair ticket practices"
    }
  ],
  "background_read": [
    "This article discusses how famous musicians Dua Lipa and Coldplay are addressing the problem of ticket touts in the music industry. Ticket touts, also known as scalpers, buy up large numbers of tickets for popular events and resell them at much higher prices, making it difficult for genuine fans to afford them. This practice has raised ethical concerns about fairness and access in live entertainment. The artists have promised to cap resale prices, meaning they want to set a maximum price for resold tickets to prevent exploitation. They are calling for government intervention, which could involve new laws or regulations to control ticket resales. This situation is part of a larger conversation about consumer rights and the role of celebrities in advocating for social issues. Understanding this requires knowledge of how ticketing markets work, the impact of supply and demand, and the importance of regulatory frameworks in ensuring equitable access to cultural events. It also touches on the power of public figures to influence policy and promote positive change in society."
  ],
  "Article_Structure": [
    "This article's main points focus on Dua Lipa and Coldplay urging government action to address ticket touting by capping resale prices, highlighting key arguments for fair ticketing. The purpose is to inform the public about celebrity-led initiatives for consumer protection and ethical practices in the entertainment industry. Evidence evaluation shows the article relies on factual reporting from BBC, a credible source, but lacks detailed data or studies, making it somewhat anecdotal. Author credibility is implied through BBC's reputation, though specific journalist expertise isn't mentioned. Methodology involves summarizing a public letter and artist statements, using standard news gathering without original research, which is typical for entertainment news but may limit depth. Overall, it effectively raises awareness but could benefit from more robust evidence."
  ],
  "perspectives": [
    {
      "perspective": "Artist perspective",
      "description": "Advocates for fair pricing to protect fans and maintain integrity in live events."
    },
    {
      "perspective": "Consumer perspective",
      "description": "Supports measures that ensure affordable and transparent access to concerts."
    },
    {
      "perspective": "Economic perspective",
      "description": "Examines how price caps might affect market dynamics and tout behaviors."
    },
    {
      "perspective": "Regulatory perspective",
      "description": "Focuses on the need for government rules to prevent exploitation in ticketing."
    }
  ],
  "image_url": "/article_images/article_08784c7f1aac8cd8_6a1700acafd8.jpg"
}