{
  "title": "Diplomatic Revisions in the Ukraine-U.S. Peace Initiative Amid Scrutiny",
  "summary": "The article details ongoing diplomatic efforts between U.S. and Ukrainian officials to revise a peace plan intended to conclude the nearly four-year conflict in Ukraine. Initially comprising 28 points, the proposal faced substantial bipartisan and international scrutiny for allegedly incorporating demands favorable to Russia, such as limitations on Ukraine's military capacity, renunciation of NATO membership aspirations, and cession of territories in Donetsk. In response, negotiations have condensed the plan to 19 points, with key discussions facilitated by Secretary of State Marco Rubio and Ukrainian presidential chief of staff Andriy Yermak. The U.S. identifies two major sticking points and, through high-level meetings in Geneva, has engaged in dialogue to address Ukrainian apprehensions. White House spokesperson Karoline Leavitt's expression of optimism underscores a cautious yet proactive approach to bridging divides. This process highlights the intricate balance of power dynamics, sovereignty issues, and the challenges of crafting a mutually acceptable resolution in a protracted international conflict, reflecting broader geopolitical tensions and the role of external actors in mediation.",
  "keywords": [
    {
      "term": "diplomatic efforts",
      "explanation": "strategic negotiations and actions taken by governments to resolve international disputes"
    },
    {
      "term": "bipartisan scrutiny",
      "explanation": "critical examination and concern from both major political factions, indicating widespread issue relevance"
    },
    {
      "term": "sovereignty issues",
      "explanation": "matters pertaining to a nation's independent authority and control over its territory and policies"
    },
    {
      "term": "geopolitical tensions",
      "explanation": "strains in international relations driven by geographical, political, and economic factors"
    },
    {
      "term": "mediation",
      "explanation": "the process where a neutral party assists in resolving conflicts between disputing sides"
    },
    {
      "term": "proposal revision",
      "explanation": "the act of modifying an initial plan to address criticisms and improve acceptability"
    },
    {
      "term": "international criticism",
      "explanation": "negative evaluations from global entities, often influencing diplomatic outcomes"
    },
    {
      "term": "conflict resolution",
      "explanation": "methods and processes used to end disputes and establish peaceful relations"
    },
    {
      "term": "power dynamics",
      "explanation": "the distribution and exercise of influence among actors in a political context"
    },
    {
      "term": "territorial cession",
      "explanation": "the surrender of land from one entity to another, often a contentious issue in wars"
    }
  ],
  "questions": [
    {
      "question": "What catalyzed the revision of the peace plan?",
      "options": [
        "Economic pressures",
        "Bipartisan and international concerns over pro-Russian demands",
        "Technological advancements",
        "Environmental issues"
      ],
      "correct_answer": "Bipartisan and international concerns over pro-Russian demands"
    },
    {
      "question": "How does the article characterize the U.S. role in the negotiations?",
      "options": [
        "As a neutral observer",
        "As an active mediator revising the plan",
        "As a direct combatant",
        "As an uninterested party"
      ],
      "correct_answer": "As an active mediator revising the plan"
    },
    {
      "question": "What specific demand was part of the original proposal?",
      "options": [
        "Ukraine surrendering territory in Donetsk",
        "Increasing military aid to Russia",
        "Dissolving NATO",
        "Imposing sanctions on the U.S."
      ],
      "correct_answer": "Ukraine surrendering territory in Donetsk"
    },
    {
      "question": "Who is Karoline Leavitt and what did she express?",
      "options": [
        "A Ukrainian official who criticized the plan",
        "The White House spokesperson expressing optimism",
        "A Russian diplomat opposing revisions",
        "A journalist reporting the events"
      ],
      "correct_answer": "The White House spokesperson expressing optimism"
    },
    {
      "question": "What is implied about the methodology of the reporting?",
      "options": [
        "It relies on firsthand interviews and documents",
        "It uses official statements and reporter summaries",
        "It is based solely on historical data",
        "It involves experimental research"
      ],
      "correct_answer": "It uses official statements and reporter summaries"
    },
    {
      "question": "Why might the evidence in the article be considered limited?",
      "options": [
        "Lack of direct sources or detailed data",
        "Too many personal opinions",
        "Excessive use of statistics",
        "Focus on unrelated topics"
      ],
      "correct_answer": "Lack of direct sources or detailed data"
    },
    {
      "question": "What broader context does the peace plan revision reflect?",
      "options": [
        "Geopolitical struggles and mediation challenges",
        "Purely economic reforms",
        "Cultural exchanges",
        "Technological cooperation"
      ],
      "correct_answer": "Geopolitical struggles and mediation challenges"
    },
    {
      "question": "How does the article address author credibility?",
      "options": [
        "By detailing the reporter's expertise and biases",
        "Through PBS's reputation without specific credentials",
        "By citing multiple peer-reviewed studies",
        "Through personal anecdotes"
      ],
      "correct_answer": "Through PBS's reputation without specific credentials"
    },
    {
      "question": "What critical assessment can be made of the peace process?",
      "options": [
        "It may overlook deeper root causes of the conflict",
        "It is entirely successful and unbiased",
        "It has no limitations",
        "It ignores all international laws"
      ],
      "correct_answer": "It may overlook deeper root causes of the conflict"
    },
    {
      "question": "What role do sticking points play in the negotiations?",
      "options": [
        "They are minor issues easily resolved",
        "They represent major obstacles requiring resolution",
        "They are irrelevant to the outcome",
        "They have been completely eliminated"
      ],
      "correct_answer": "They represent major obstacles requiring resolution"
    }
  ],
  "background_read": [
    "The war in Ukraine, initiated by Russia's invasion nearly four years ago, is rooted in historical tensions over territory, such as Crimea and Donbas, and Ukraine's geopolitical orientation towards the West versus Russian influence. NATO expansion has been a key flashpoint, with Ukraine's aspirations threatening Russia's security perceptions. Diplomatic efforts, like those described, involve complex power dynamics where mediators like the U.S. must navigate sovereignty concerns and international law. Previous peace attempts have often failed due to unmet core issues, highlighting the need for inclusive and evidence-based approaches in conflict resolution to avoid perpetuating imbalances."
  ],
  "Article_Structure": [
    "The article's main points detail the revision of a U.S.-Ukraine peace plan from 28 to 19 points, addressing criticisms of pro-Russian demands like military caps and territorial concessions. Its purpose is to report on diplomatic progress and contextualize it within international concerns. Evidence evaluation notes reliance on official statements and journalist reporting, which, while timely, lacks depth and independent verification, potentially affecting objectivity. Author credibility is supported by PBS NewsHour's established reputation, though specific expertise or potential biases are not examined. Methodology involves summarizing recent meetings and spokespersons' comments, indicating a news-based approach but limited critical analysis. A critical assessment reveals strengths in highlighting ongoing negotiations but weaknesses in exploring underlying causes or alternative perspectives, suggesting a need for more comprehensive coverage."
  ],
  "perspectives": [
    {
      "perspective": "U.S. diplomatic stance",
      "description": "Emphasizes mediation and optimism, aiming to balance international pressures while advancing peace efforts."
    },
    {
      "perspective": "Ukrainian sovereignty concerns",
      "description": "Focuses on protecting national interests against demands that could undermine independence and security."
    },
    {
      "perspective": "International observer view",
      "description": "Critiques the plan's fairness and implications for global stability, urging transparent and equitable solutions."
    },
    {
      "perspective": "Russian influence perspective",
      "description": "Implied through the demands in the original plan, suggesting strategic interests in shaping the outcome."
    }
  ],
  "image_url": "/article_images/article_37d30dd9aa80bfe1_4e6cd14ab0cd.webp"
}