{
  "title": "Conditional Federal Funding in Rural Health Policy",
  "summary": "The Trump administration's Rural Health Transformation Program allocates $10 billion for rural health care in 2026, with a total of $50 billion over five years, designed to mitigate prior budget cuts to rural hospitals. Funding distribution is bifurcated: half is equally apportioned to states, while the remainder utilizes a CMS formula incorporating rural population size, medical facility financial viability, and population health outcomes. Notably, $12 billion is contingent upon state implementation of policies under the 'Make America Healthy Again' initiative, including mandates for nutrition education among health care providers, school participation in fitness assessments, and restrictions on SNAP benefits for items deemed junk foods. States such as Arkansas and Texas have already enacted related regulations. Critics contend that these conditions could lead to funding retraction for non-compliant states, potentially exacerbating health disparities and infringing on state autonomy. Proponents, including CMS administrator Dr. Mehmet Oz, argue the program fosters state-level innovation and addresses public health priorities. This initiative reflects broader federal strategies to leverage funding for policy alignment, raising questions about equity, federalism, and the efficacy of conditional grants in health care delivery.",
  "keywords": [
    {
      "term": "bifurcated distribution",
      "explanation": "A funding method split into two parts: equal shares and formula-based allocation."
    },
    {
      "term": "CMS formula",
      "explanation": "A quantitative model by the Centers for Medicare and Medicaid Services used to determine fund allocation based on demographic and health metrics."
    },
    {
      "term": "contingent funding",
      "explanation": "Financial resources provided only if recipients meet specified policy or performance criteria."
    },
    {
      "term": "Make America Healthy Again initiative",
      "explanation": "A Trump administration policy framework promoting specific health interventions and regulations."
    },
    {
      "term": "SNAP benefit restrictions",
      "explanation": "Limitations on the use of Supplemental Nutrition Assistance Program funds for certain food categories, often targeting unhealthy items."
    },
    {
      "term": "health disparities",
      "explanation": "Differences in health outcomes and access to care among population groups, often linked to socioeconomic factors."
    },
    {
      "term": "federalism",
      "explanation": "The division of power between national and state governments, relevant in funding conditionalities."
    },
    {
      "term": "conditional grants",
      "explanation": "Federal funds awarded to states with requirements that must be met to receive or retain the money."
    },
    {
      "term": "rural hospital viability",
      "explanation": "The financial and operational sustainability of medical facilities in non-urban areas."
    },
    {
      "term": "policy alignment",
      "explanation": "The process of ensuring state actions conform to federal priorities, often through incentives or mandates."
    }
  ],
  "questions": [
    {
      "question": "What is the total financial commitment of the Rural Health Transformation Program over five years?",
      "options": [
        "$10 billion",
        "$50 billion",
        "$12 billion",
        "$62 billion"
      ],
      "correct_answer": "$50 billion"
    },
    {
      "question": "How does the CMS formula allocate the non-equal portion of funding?",
      "options": [
        "Based on rural population, financial health, and health outcomes",
        "Solely on political affiliation",
        "Randomly among states",
        "Only to states with existing policies"
      ],
      "correct_answer": "Based on rural population, financial health, and health outcomes"
    },
    {
      "question": "What percentage of the five-year funding is tied to the 'Make America Healthy Again' policies?",
      "options": [
        "$12 billion",
        "24%",
        "$10 billion",
        "50%"
      ],
      "correct_answer": "24%"
    },
    {
      "question": "Which of the following is NOT a policy example under the initiative?",
      "options": [
        "Mandating hospital construction",
        "Nutrition education for providers",
        "School fitness tests",
        "SNAP benefit restrictions"
      ],
      "correct_answer": "Mandating hospital construction"
    },
    {
      "question": "What is a primary concern raised by critics regarding the funding?",
      "options": [
        "Potential funding retraction for policy non-compliance",
        "Insufficient total amount",
        "Lack of state applications",
        "Overfunding of urban areas"
      ],
      "correct_answer": "Potential funding retraction for policy non-compliance"
    },
    {
      "question": "Who is cited as a key official announcing the program details?",
      "options": [
        "Dr. Mehmet Oz",
        "The Secretary of Health",
        "State governors",
        "CMS statisticians"
      ],
      "correct_answer": "Dr. Mehmet Oz"
    },
    {
      "question": "How does the program aim to address prior budget cuts?",
      "options": [
        "By providing offsetting funding to rural hospitals",
        "By reducing federal oversight",
        "By increasing state taxes",
        "By privatizing health care"
      ],
      "correct_answer": "By providing offsetting funding to rural hospitals"
    },
    {
      "question": "What broader governmental concept does this funding strategy exemplify?",
      "options": [
        "Federalism with conditional grants",
        "Direct democracy",
        "Laissez-faire economics",
        "Isolationism"
      ],
      "correct_answer": "Federalism with conditional grants"
    },
    {
      "question": "Which states are mentioned as having adopted related SNAP restrictions?",
      "options": [
        "Arkansas and Texas",
        "California and New York",
        "Florida and Georgia",
        "Illinois and Ohio"
      ],
      "correct_answer": "Arkansas and Texas"
    },
    {
      "question": "What is a potential limitation of the article's methodology?",
      "options": [
        "Reliance on official sources without independent verification",
        "Excessive length and detail",
        "Lack of historical context",
        "Focus on urban health issues"
      ],
      "correct_answer": "Reliance on official sources without independent verification"
    }
  ],
  "background_read": [
    "Rural health care in the United States is characterized by systemic challenges, including hospital closures, provider shortages, and higher rates of chronic diseases, often worsened by federal budget reductions. The Rural Health Transformation Program represents a significant federal intervention, utilizing conditional funding to influence state health policies, akin to mechanisms in Medicaid expansion under the Affordable Care Act. This approach sparks debates on federalism, as it tests the balance between national objectives and state autonomy. The 'Make America Healthy Again' initiative aligns with broader public health trends targeting social determinants, but its conditional funding raises ethical and practical concerns about equity, especially in politically divergent states. Understanding this requires knowledge of health policy, federal grant structures, and the socio-political landscape affecting rural communities."
  ],
  "Article_Structure": [
    "Main Points: The article details a $50 billion, five-year rural health funding program with $10 billion for 2026, using a bifurcated distribution system and tying $12 billion to Trump administration policies like SNAP restrictions. Purpose: To report on a federal initiative that combines financial support for rural hospitals with policy conditions, highlighting tensions between aid and control. Evidence Evaluation: Sources include CMS announcements and examples from Republican states, but evidence is primarily declarative without robust data analysis or independent verification, limiting critical depth. Author Credibility: Associated Press provides reliable journalism, though the article's brevity may omit nuanced perspectives or comprehensive data. Methodology: Based on press releases and official statements, standard for news reporting but lacking investigative rigor or multi-source validation. Critical Assessment: Strengths include clear presentation of funding mechanics and policy links; limitations involve insufficient exploration of critic arguments, potential biases in source selection, and minimal context on long-term impacts or alternative solutions."
  ],
  "perspectives": [
    {
      "perspective": "Pro-administration",
      "description": "Views the funding as a strategic tool to advance public health goals and incentivize state innovation in rural care."
    },
    {
      "perspective": "Critical-analytical",
      "description": "Argues that conditional funding may compromise health equity, infringe on state rights, and lack evidence-based efficacy."
    }
  ],
  "image_url": "/article_images/article_71e9d6230bb6c2cc_39991ed1d314.webp"
}