{
  "title": "Rural Health Funding with Policy Conditions",
  "summary": "The Trump administration has announced a $10 billion allocation for rural health care in 2026, as part of the Rural Health Transformation Program, which totals $50 billion over five years. This funding aims to counteract previous budget cuts to rural hospitals. While all states applied, distribution is unequal: half is divided equally among states, and half uses a CMS formula based on rural population, facility financial health, and health outcomes. Additionally, $12 billion is contingent on states adopting policies aligned with the 'Make America Healthy Again' initiative, such as nutrition education for providers, school participation in fitness tests, or restrictions on SNAP benefits for junk foods. States like Arkansas and Texas have already implemented some rules. Critics express concerns that funding could be withdrawn if states deviate from administration priorities, potentially impacting health care access. Officials, including Dr. Mehmet Oz, argue the program fosters state creativity in health solutions.",
  "keywords": [
    {
      "term": "Rural Health Transformation Program",
      "explanation": "A federal program providing funding to improve health care in rural areas."
    },
    {
      "term": "CMS formula",
      "explanation": "A method used by the Centers for Medicare and Medicaid Services to allocate funds based on specific factors."
    },
    {
      "term": "Make America Healthy Again",
      "explanation": "A Trump administration initiative promoting certain health policies."
    },
    {
      "term": "SNAP benefits",
      "explanation": "Supplemental Nutrition Assistance Program, which helps low-income individuals buy food."
    },
    {
      "term": "budget cuts",
      "explanation": "Reductions in government funding that can affect services like health care."
    },
    {
      "term": "contingent funding",
      "explanation": "Money that is given only if certain conditions are met."
    },
    {
      "term": "health outcomes",
      "explanation": "The results of health care, such as disease rates or life expectancy."
    },
    {
      "term": "state creativity",
      "explanation": "Encouraging states to develop unique solutions to health challenges."
    }
  ],
  "questions": [
    {
      "question": "What is the total funding for the Rural Health Transformation Program over five years?",
      "options": [
        "$10 billion",
        "$50 billion",
        "$12 billion",
        "$200 million"
      ],
      "correct_answer": "$50 billion"
    },
    {
      "question": "How is half of the funding distributed among states?",
      "options": [
        "Equally",
        "Based on population only",
        "Only to Republican states",
        "Randomly"
      ],
      "correct_answer": "Equally"
    },
    {
      "question": "What does the CMS formula consider for allocating funds?",
      "options": [
        "Rural population, financial health, health outcomes",
        "Urban population, hospital size, political affiliation",
        "State GDP, education levels, crime rates",
        "None of the above"
      ],
      "correct_answer": "Rural population, financial health, health outcomes"
    },
    {
      "question": "How much funding is tied to the 'Make America Healthy Again' policies?",
      "options": [
        "$12 billion",
        "$10 billion",
        "$50 billion",
        "$200 million"
      ],
      "correct_answer": "$12 billion"
    },
    {
      "question": "What is one example of a policy states might need to adopt?",
      "options": [
        "Banning junk food purchases with SNAP",
        "Building new urban hospitals",
        "Increasing taxes",
        "Reducing school hours"
      ],
      "correct_answer": "Banning junk food purchases with SNAP"
    },
    {
      "question": "Why are critics concerned about the funding?",
      "options": [
        "States might lose money for not following rules",
        "It's too little for rural needs",
        "It only benefits cities",
        "It has no conditions"
      ],
      "correct_answer": "States might lose money for not following rules"
    },
    {
      "question": "Who announced the program details?",
      "options": [
        "Dr. Mehmet Oz",
        "The President",
        "State governors",
        "Hospital administrators"
      ],
      "correct_answer": "Dr. Mehmet Oz"
    },
    {
      "question": "What is the goal of the funding according to officials?",
      "options": [
        "Offset budget cuts and encourage creativity",
        "Close rural hospitals",
        "Fund urban health programs",
        "Reduce health care costs"
      ],
      "correct_answer": "Offset budget cuts and encourage creativity"
    }
  ],
  "background_read": [
    "Rural health care in the U.S. faces challenges like hospital closures and provider shortages, often exacerbated by federal budget cuts. The Trump administration's Rural Health Transformation Program seeks to address this with substantial funding, but it introduces policy conditions through the 'Make America Healthy Again' initiative. This reflects broader debates about federalism, where the government uses funding to influence state policies, similar to programs like Medicaid expansion. Critics argue such conditions can limit state autonomy and affect equitable access to care, while supporters believe they promote public health improvements."
  ],
  "Article_Structure": [
    "Main Points: The article discusses a $10 billion rural health funding program for 2026, part of a $50 billion five-year plan, with unequal distribution based on a CMS formula and $12 billion tied to Trump administration policies like nutrition rules. Purpose: To inform about new federal funding aimed at offsetting rural hospital budget cuts while incentivizing state adoption of specific health policies. Evidence Evaluation: Relies on official announcements from Dr. Mehmet Oz and CMS, with examples from Republican-led states, but lacks independent data or counter-evidence from critics. Author Credibility: Associated Press journalists provide factual reporting, though the article is brief and may not explore all perspectives deeply. Methodology: Based on press releases and reporter calls, typical for news coverage, but limited in investigative depth."
  ],
  "perspectives": [
    {
      "perspective": "Administration view",
      "description": "Funding supports rural health and encourages innovative, policy-aligned solutions."
    },
    {
      "perspective": "Critical view",
      "description": "Conditions may unfairly penalize states and undermine health care access."
    }
  ],
  "image_url": "/article_images/article_71e9d6230bb6c2cc_39991ed1d314.webp"
}