{
  "title": "Daniil Medvedev Wins Tennis Title in Dubai",
  "summary": "Daniil Medvedev won the Dubai Tennis Championships title, but not in the way he wanted. His opponent, Tallon Griekspoor, could not play the final match because he hurt his leg in the semi-final. Medvedev said he hoped Griekspoor gets better soon. This is the first time Medvedev has won the same tournament twice. He played very well in Dubai without losing a set. The article also talks about travel problems because of airspace closures in the Middle East. In doubles, Henry Patten and Harri Heliovaara won their match in Dubai too.",
  "keywords": [
    {
      "term": "title",
      "explanation": "a prize for winning a tennis tournament"
    },
    {
      "term": "final",
      "explanation": "the last match in a tournament to decide the winner"
    },
    {
      "term": "injury",
      "explanation": "when someone gets hurt and cannot play"
    },
    {
      "term": "tournament",
      "explanation": "a series of tennis games where players compete"
    },
    {
      "term": "doubles",
      "explanation": "a tennis match with two players on each team"
    }
  ],
  "questions": [
    {
      "question": "Who won the Dubai Tennis Championships title?",
      "options": [
        "Daniil Medvedev",
        "Tallon Griekspoor",
        "Andrey Rublev",
        "Henry Patten"
      ],
      "correct_answer": "Daniil Medvedev"
    },
    {
      "question": "Why did Tallon Griekspoor not play the final match?",
      "options": [
        "He was sick",
        "He hurt his leg",
        "He lost in the semi-final",
        "He did not want to play"
      ],
      "correct_answer": "He hurt his leg"
    },
    {
      "question": "How did Medvedev feel about winning this way?",
      "options": [
        "Very happy",
        "Not how he wanted",
        "Angry",
        "Surprised"
      ],
      "correct_answer": "Not how he wanted"
    },
    {
      "question": "What is special about Medvedev winning this title?",
      "options": [
        "It was his first title",
        "He won without playing",
        "He won the same tournament twice for the first time",
        "He played in a different city"
      ],
      "correct_answer": "He won the same tournament twice for the first time"
    },
    {
      "question": "Who won the men's doubles match in Dubai?",
      "options": [
        "Marcelo Arevalo and Mate Pavic",
        "Henry Patten and Harri Heliovaara",
        "Daniil Medvedev and Tallon Griekspoor",
        "Andrey Rublev and Harri Heliovaara"
      ],
      "correct_answer": "Henry Patten and Harri Heliovaara"
    },
    {
      "question": "What caused travel problems mentioned in the article?",
      "options": [
        "Bad weather",
        "Airspace closures",
        "Too many flights",
        "No tickets available"
      ],
      "correct_answer": "Airspace closures"
    }
  ],
  "background_read": [
    "Tennis is a sport where players hit a ball over a net. Tournaments like the Dubai Tennis Championships have many matches to find a winner. Sometimes players get injured and cannot play, which affects the game. Doubles is when two players team up against another pair. Travel can be tricky for athletes going to different countries for tournaments."
  ],
  "Article_Structure": [
    "WHO: Daniil Medvedev, a tennis player from Russia, and Tallon Griekspoor, a tennis player from the Netherlands.",
    "WHAT: Medvedev won the Dubai Tennis Championships title because Griekspoor withdrew due to a leg injury.",
    "WHERE: The tournament happened in Dubai, a city in the United Arab Emirates.",
    "WHY: The article explains how Medvedev won, his feelings about it, and other tennis news like doubles and travel issues."
  ],
  "perspectives": [
    {
      "perspective": "Medvedev's view",
      "description": "He is happy to win but disappointed not to play the final, showing sportsmanship by wishing Griekspoor well."
    }
  ],
  "image_url": "/article_images/article_d6c4ff8837064162_d69eb1c38aec.webp"
}