{
  "title": "Investigating Failures in England's Maternity Services",
  "summary": "A recent review into maternity care in England, led by Baroness Amos, has revealed severe issues that are worse than anticipated. The report highlights problems such as hungry mothers, dirty wards, and poor care, with staff in some units facing death threats. Baroness Amos noted that some women feel blamed for their baby's death, while others experience a lack of empathy, care, or apology when things go wrong, with discriminatory practices often affecting poor and black mothers. Health Secretary Wes Streeting, who initiated the review, emphasized that systemic failures causing preventable tragedies cannot be ignored. Baroness Amos, speaking on BBC R4's Today programme, expressed confidence that change will result from her review, though she lacks the powers of a statutory public inquiry. She is focusing on identifying systemic changes to improve care across hospital trusts, citing examples like women left alone for hours or bleeding in bathrooms. However, she acknowledged that many trusts provide good care. The review aims to develop national recommendations to enhance maternity and neonatal services, building on previous inquiries that exposed problems but led to insufficient improvements. An interim report outlines ingrained poor care, with a final report due in the Spring. Baroness Amos recognized skepticism about her approach but stressed the importance of Secretary Streeting's involvement in driving change. Past inquiries have produced 748 recommendations, underscoring the need for sustained action.",
  "keywords": [
    {
      "term": "systemic failures",
      "explanation": "problems that are built into the way a system works, causing ongoing issues"
    },
    {
      "term": "discriminatory practices",
      "explanation": "unfair treatment based on factors like race or income"
    },
    {
      "term": "interim report",
      "explanation": "a temporary document that shares early findings before the final version"
    },
    {
      "term": "national recommendations",
      "explanation": "suggestions made at a country-wide level to improve services"
    },
    {
      "term": "preventable tragedies",
      "explanation": "sad events that could have been stopped with better care or actions"
    }
  ],
  "questions": [
    {
      "question": "What did Baroness Amos say about the state of maternity care compared to her expectations?",
      "options": [
        "It is much worse",
        "It is better",
        "It is the same",
        "It is improving"
      ],
      "correct_answer": "It is much worse"
    },
    {
      "question": "Which group of mothers is often affected by discriminatory services according to the report?",
      "options": [
        "Poor and black mothers",
        "Rich mothers",
        "Young mothers",
        "Old mothers"
      ],
      "correct_answer": "Poor and black mothers"
    },
    {
      "question": "What type of inquiry does Baroness Amos's review lack the powers of?",
      "options": [
        "A statutory public inquiry",
        "A private investigation",
        "A medical trial",
        "A government audit"
      ],
      "correct_answer": "A statutory public inquiry"
    },
    {
      "question": "What example did Baroness Amos give of poor care in hospitals?",
      "options": [
        "Women bleeding out in bathrooms",
        "Women getting too much food",
        "Women having quick births",
        "Women receiving awards"
      ],
      "correct_answer": "Women bleeding out in bathrooms"
    },
    {
      "question": "What is the goal of the National Maternity and Neonatal Investigation?",
      "options": [
        "To draw up national recommendations",
        "To close hospitals",
        "To reduce births",
        "To increase staff pay"
      ],
      "correct_answer": "To draw up national recommendations"
    },
    {
      "question": "When is the final report from Baroness Amos expected?",
      "options": [
        "In the Spring",
        "Next month",
        "Last year",
        "In five years"
      ],
      "correct_answer": "In the Spring"
    },
    {
      "question": "How many recommendations have past inquiries produced according to the Amos review?",
      "options": [
        "748",
        "100",
        "50",
        "1000"
      ],
      "correct_answer": "748"
    },
    {
      "question": "What did Baroness Amos say about the quality of care in many trusts?",
      "options": [
        "They are doing a good job",
        "They are all failing",
        "They are closing down",
        "They are too expensive"
      ],
      "correct_answer": "They are doing a good job"
    }
  ],
  "background_read": [
    "Maternity services in England provide care for pregnant women and newborns, but recent reviews have exposed significant flaws. Baroness Amos, a former UN diplomat, is chairing a review to assess these services, following high-profile inquiries into units like Morecambe Bay and Shrewsbury & Telford. The review focuses on systemic issues such as inadequate staffing, discriminatory practices, and poor communication, aiming to propose changes that prevent tragedies. Health Secretary Wes Streeting supports this effort, highlighting the need for accountability and improvement in the NHS. Understanding this context helps grasp the urgency and scope of the review's findings."
  ],
  "Article_Structure": [
    "Main Points: The review reveals severe problems in England's maternity care, including hungry mothers, dirty wards, and discriminatory practices, with staff facing threats. Purpose: To expose systemic failures and drive improvements through national recommendations, as previous inquiries have not led to enough change. Evidence Evaluation: Based on Baroness Amos's interim report and testimonies, highlighting real cases but acknowledging that many trusts provide good care. Author Credibility: Baroness Amos is a respected former UN diplomat leading the review, with support from Health Secretary Wes Streeting. Methodology: The review involves gathering stories and data from hospital trusts, focusing on worst cases to identify systemic changes, with a final report due in Spring."
  ],
  "perspectives": [
    {
      "perspective": "Baroness Amos",
      "description": "She leads the review, finding care worse than expected but confident in driving change through systemic improvements."
    }
  ],
  "image_url": "/article_images/article_89a0e84656a570d0_339655d9dfce.webp"
}