{
  "title": "Celebrities' Home Robbed While They Were Away",
  "summary": "Maya Jama, who hosts Love Island, and Ruben Dias, a soccer player for Manchester City, had their home in Cheshire, England, broken into on a Wednesday night. They were not home at the time—Maya was filming in South Africa, and Ruben was at a soccer game. Burglars stole some things from their house. The police are looking into what happened. This home is in an area where many other soccer players live. In the past, other soccer players have also had their homes robbed when they were away. The couple is very upset about the burglary.",
  "keywords": [
    {
      "term": "burglary",
      "explanation": "when someone breaks into a home to steal things"
    },
    {
      "term": "Cheshire",
      "explanation": "a place in England where the home is located"
    },
    {
      "term": "soccer player",
      "explanation": "a person who plays soccer, like Ruben Dias"
    },
    {
      "term": "host",
      "explanation": "a person who leads a TV show, like Maya Jama"
    },
    {
      "term": "police",
      "explanation": "people who help keep us safe and solve crimes"
    },
    {
      "term": "stolen",
      "explanation": "taken without permission"
    }
  ],
  "questions": [
    {
      "question": "Who had their home burgled?",
      "options": [
        "Maya Jama and Ruben Dias",
        "A teacher and a doctor",
        "A family in London",
        "A soccer team"
      ],
      "correct_answer": "Maya Jama and Ruben Dias"
    },
    {
      "question": "Where is the home located?",
      "options": [
        "Cheshire, England",
        "South Africa",
        "Manchester",
        "London"
      ],
      "correct_answer": "Cheshire, England"
    },
    {
      "question": "What were Maya and Ruben doing when the burglary happened?",
      "options": [
        "Maya was filming and Ruben was at a game",
        "They were both at home",
        "They were on vacation together",
        "They were working in London"
      ],
      "correct_answer": "Maya was filming and Ruben was at a game"
    },
    {
      "question": "What did the burglars do?",
      "options": [
        "Stole items from the home",
        "Left a note",
        "Fixed something in the house",
        "Played a game"
      ],
      "correct_answer": "Stole items from the home"
    },
    {
      "question": "Who is helping to solve the crime?",
      "options": [
        "The police",
        "A TV host",
        "A soccer coach",
        "A neighbor"
      ],
      "correct_answer": "The police"
    },
    {
      "question": "Why might this area be targeted by burglars?",
      "options": [
        "Many soccer players live there",
        "It is always empty",
        "It has no police",
        "It is far from cities"
      ],
      "correct_answer": "Many soccer players live there"
    }
  ],
  "background_read": [
    "This article is about a crime that happened to famous people. Maya Jama is a TV host for Love Island, a popular show. Ruben Dias is a soccer player for Manchester City, a top team in England. They live in Cheshire, which is known for having homes of rich people, including other soccer players. Burglaries can happen when people are not home, and it's important to stay safe. The police work to catch criminals and protect everyone."
  ],
  "Article_Structure": [
    "WHO: Maya Jama and Ruben Dias, a TV host and a soccer player",
    "WHAT: Their home was burgled while they were away, and items were stolen",
    "WHERE: In Cheshire, England",
    "WHY: Burglars targeted their home, possibly because they knew the couple was not there, and it's in an area with other wealthy people"
  ],
  "perspectives": [
    {
      "perspective": "Victim's view",
      "description": "Maya and Ruben are upset and feel unsafe after their home was invaded."
    }
  ],
  "image_url": "/article_images/article_76b4f7f02da55320_5881e07da7f0.webp"
}