{
  "title": "Analysis of Celebrity Burglary: Security Vulnerabilities and Media Reporting",
  "summary": "The burglary at the Cheshire residence of Maya Jama, host of Love Island, and Ruben Dias, Manchester City defender, underscores significant security vulnerabilities for high-profile individuals. Occurring on Wednesday evening while Jama was filming in South Africa and Dias participated in a Champions League match, the incident involved forced entry and theft of items, as confirmed by Cheshire Police. The couple, who publicized their home on social media after moving in together in late 2024, reside in Alderley Edge, an affluent area frequented by Premier League footballers. This event is not isolated; it reflects a broader pattern where burglars target footballers during absences, as seen with Jack Grealish, Raheem Sterling, and Riyad Mahrez. The article, sourced from BBC Entertainment, utilizes police statements and media quotes to illustrate the emotional devastation experienced by the victims and the ongoing investigations. However, it also raises critical questions about the exploitation of public information regarding celebrities' whereabouts and the effectiveness of current security measures. The reporting blends factual crime coverage with societal commentary on wealth, fame, and crime prevention, while noting unrelated content about neurodivergent assessments that may distract from the main narrative.",
  "keywords": [
    {
      "term": "security vulnerabilities",
      "explanation": "weaknesses in protection that allow crimes like burglaries to occur"
    },
    {
      "term": "affluent area",
      "explanation": "a region with wealthy residents, such as Alderley Edge in Cheshire"
    },
    {
      "term": "pattern of targeting",
      "explanation": "a recurring strategy by criminals to victimize specific groups, like footballers"
    },
    {
      "term": "public information exploitation",
      "explanation": "the use of openly available details, such as social media posts, to plan crimes"
    },
    {
      "term": "emotional devastation",
      "explanation": "profound distress and trauma resulting from the burglary"
    },
    {
      "term": "investigative journalism",
      "explanation": "reporting that delves into facts and contexts, as seen in this BBC article"
    },
    {
      "term": "societal commentary",
      "explanation": "analysis linking the event to broader issues like celebrity culture and crime"
    },
    {
      "term": "narrative distraction",
      "explanation": "the inclusion of unrelated content, like neurodivergent assessments, that may dilute the focus"
    }
  ],
  "questions": [
    {
      "question": "What are the primary factors contributing to the burglary's occurrence?",
      "options": [
        "Celebrities' absence and public sharing of locations",
        "Poor police presence in Cheshire",
        "Economic downturn in the area",
        "Lack of security cameras"
      ],
      "correct_answer": "Celebrities' absence and public sharing of locations"
    },
    {
      "question": "How does the article source its information?",
      "options": [
        "Police statements and media quotes",
        "Direct interviews with the victims",
        "Social media rumors only",
        "Government reports"
      ],
      "correct_answer": "Police statements and media quotes"
    },
    {
      "question": "What broader issue does the burglary highlight regarding celebrity life?",
      "options": [
        "Vulnerabilities due to public exposure",
        "The need for more TV shows",
        "Issues with soccer contracts",
        "Problems in South Africa"
      ],
      "correct_answer": "Vulnerabilities due to public exposure"
    },
    {
      "question": "Which other individuals are mentioned as previous burglary victims?",
      "options": [
        "Jack Grealish, Raheem Sterling, Riyad Mahrez",
        "Pep Guardiola and other coaches",
        "Only Love Island hosts",
        "No one else"
      ],
      "correct_answer": "Jack Grealish, Raheem Sterling, Riyad Mahrez"
    },
    {
      "question": "What is the role of social media in this context?",
      "options": [
        "It may provide information that burglars exploit",
        "It is used only for police investigations",
        "It has no impact on crime",
        "It is banned in Cheshire"
      ],
      "correct_answer": "It may provide information that burglars exploit"
    },
    {
      "question": "How does the article assess the credibility of its sources?",
      "options": [
        "It relies on BBC standards but lacks named authorship",
        "It uses only anonymous tips",
        "It cites academic studies",
        "It ignores source evaluation"
      ],
      "correct_answer": "It relies on BBC standards but lacks named authorship"
    },
    {
      "question": "What methodological approach does the article take?",
      "options": [
        "Combining crime reporting with pattern analysis",
        "Conducting original interviews",
        "Using statistical data only",
        "Focusing solely on emotional aspects"
      ],
      "correct_answer": "Combining crime reporting with pattern analysis"
    },
    {
      "question": "What critical limitation is noted in the article's content?",
      "options": [
        "Inclusion of unrelated neurodivergent assessment topic",
        "Lack of police contact details",
        "Overemphasis on soccer statistics",
        "Failure to mention the victims' names"
      ],
      "correct_answer": "Inclusion of unrelated neurodivergent assessment topic"
    },
    {
      "question": "How does the article address the emotional impact on the victims?",
      "options": [
        "By quoting sources describing them as devastated",
        "By ignoring their feelings",
        "By suggesting they are unharmed",
        "By focusing only on material losses"
      ],
      "correct_answer": "By quoting sources describing them as devastated"
    },
    {
      "question": "What societal implications are inferred from the burglary pattern?",
      "options": [
        "Issues of wealth disparity and celebrity targeting",
        "The decline of soccer popularity",
        "Improvements in police technology",
        "Changes in Love Island format"
      ],
      "correct_answer": "Issues of wealth disparity and celebrity targeting"
    }
  ],
  "background_read": [
    "This article provides an in-depth look at a burglary involving celebrities Maya Jama and Ruben Dias, set against the backdrop of celebrity culture and crime dynamics. Maya Jama is a prominent media figure as the host of Love Island, a show with significant cultural influence, while Ruben Dias is a key player in Manchester City, a top-tier football club with global recognition. Their home in Alderley Edge, Cheshire, is part of an elite enclave often associated with Premier League athletes, raising questions about security measures in affluent communities. The burglary occurred during their absences, highlighting how public schedules and social media disclosures can be exploited by criminals. The article references previous incidents with footballers like Jack Grealish, suggesting a systemic issue rather than an isolated event. From a journalistic perspective, the BBC article employs standard reporting techniques but includes an unrelated segment on neurodivergent assessments, which may reflect editorial choices or source limitations. This analysis encourages critical thinking about media narratives, the intersection of fame and vulnerability, and the broader societal factors influencing crime patterns in high-profile settings."
  ],
  "Article_Structure": [
    "Main Points: The burglary at Maya Jama and Ruben Dias' home reveals security flaws for celebrities, with forced entry and theft during their absences, linked to a pattern of targeting footballers. Purpose: To report the crime while critiquing celebrity vulnerability and media reporting practices, within the context of societal issues like wealth and public exposure. Evidence Evaluation: Sources include police statements and media quotes, offering factual basis but limited primary verification; reliance on outlets like The Sun may affect reliability. Author Credibility: As a BBC piece, it upholds journalistic integrity, though anonymous authorship limits bias assessment. Methodology: Utilizes crime reporting and comparative analysis with past incidents, but methodological rigor is constrained by secondary sourcing and tangential content inclusion. Critical Assessment: Strengths lie in highlighting a recurring crime pattern and emotional impacts, but weaknesses include potential sensationalism and narrative distraction from unrelated topics."
  ],
  "perspectives": [
    {
      "perspective": "Media critique",
      "description": "The article's reporting style and inclusion of extraneous content may affect its focus and credibility."
    }
  ],
  "image_url": "/article_images/article_76b4f7f02da55320_5881e07da7f0.webp"
}