{
  "title": "Initial Arrest in Sophisticated Museum Artefact Theft: Investigation Ongoing",
  "summary": "In a significant development following a high-value raid on Bristol Museum's archive, Avon and Somerset Police have executed their first arrest, detaining a 41-year-old man on suspicion of handling stolen goods, though he has been released under investigation pending further inquiry. The theft, which occurred between 01:00 and 02:00 BST on 25 September, resulted in the loss of over 600 artefacts, including military memorabilia, jewellery, natural history specimens, and intricately carved figurines composed of ivory, bronze, and silver. These items, endowed with considerable cultural value, were originally part of the collection of the former British Empire & Commonwealth Museum, donated to Bristol Museum after its liquidation in 2013. Law enforcement authorities are intensively pursuing four additional suspects, described as white males, and have disseminated CCTV imagery and video footage to galvanize public cooperation in their identification. Bristol City Council has supplemented these efforts by publicizing images of specific stolen pieces, such as an ivory elephant carving and an Emancipation token, underscoring the artefacts' historical import. The police emphasize the ongoing nature of the investigation and continue to solicit information from the community to facilitate the recovery of these culturally significant objects.",
  "keywords": [
    {
      "term": "high-value raid",
      "explanation": "a theft targeting items of substantial monetary or cultural worth, often involving planning and sophistication"
    },
    {
      "term": "handling stolen goods",
      "explanation": "a criminal offense involving the receipt, possession, or disposal of property known to be illegally obtained"
    },
    {
      "term": "cultural value",
      "explanation": "the significance of artefacts based on their historical, artistic, or social context, beyond mere economic worth"
    },
    {
      "term": "CCTV dissemination",
      "explanation": "the strategic release of surveillance footage to engage the public in criminal investigations"
    },
    {
      "term": "investigation pending",
      "explanation": "a legal status where a suspect is released without charge but remains under scrutiny as inquiries proceed"
    }
  ],
  "questions": [
    {
      "question": "What is the legal basis for the arrest of the 41-year-old man?",
      "options": [
        "Suspicion of handling stolen goods",
        "Direct involvement in the theft",
        "Trespassing",
        "Vandalism"
      ],
      "correct_answer": "Suspicion of handling stolen goods"
    },
    {
      "question": "From which institution did the stolen artefacts originate before being donated to Bristol Museum?",
      "options": [
        "Former British Empire & Commonwealth Museum",
        "National History Museum",
        "Local private collector",
        "International auction house"
      ],
      "correct_answer": "Former British Empire & Commonwealth Museum"
    },
    {
      "question": "How many suspects remain at large according to the police?",
      "options": [
        "Four",
        "Two",
        "Six",
        "None"
      ],
      "correct_answer": "Four"
    },
    {
      "question": "What materials were used in the carved figurines among the stolen items?",
      "options": [
        "Ivory, bronze, and silver",
        "Only wood",
        "Plastic and glass",
        "Gold and platinum"
      ],
      "correct_answer": "Ivory, bronze, and silver"
    },
    {
      "question": "What evidence have police released to aid public identification of suspects?",
      "options": [
        "CCTV images and video clips",
        "Only witness statements",
        "Forensic reports",
        "Social media posts"
      ],
      "correct_answer": "CCTV images and video clips"
    },
    {
      "question": "Why are the stolen artefacts deemed to have significant cultural value?",
      "options": [
        "They represent historical and artistic heritage",
        "They are mass-produced",
        "They are recently created",
        "They have no historical context"
      ],
      "correct_answer": "They represent historical and artistic heritage"
    },
    {
      "question": "What does 'released under investigation' imply for the arrested man?",
      "options": [
        "He is not charged but remains part of the inquiry",
        "He is cleared of all suspicion",
        "He is sentenced",
        "He is detained indefinitely"
      ],
      "correct_answer": "He is not charged but remains part of the inquiry"
    },
    {
      "question": "What role has Bristol City Council played in the investigation?",
      "options": [
        "Released images of specific stolen artefacts",
        "Conducted the arrest",
        "Closed the museum",
        "Issued a public apology"
      ],
      "correct_answer": "Released images of specific stolen artefacts"
    },
    {
      "question": "When did the theft occur?",
      "options": [
        "Between 01:00 and 02:00 BST on 25 September",
        "During the day",
        "On a weekend",
        "In early October"
      ],
      "correct_answer": "Between 01:00 and 02:00 BST on 25 September"
    },
    {
      "question": "What is the primary purpose of the police's public appeal?",
      "options": [
        "To gather information for identifying suspects and recovering artefacts",
        "To announce the case is closed",
        "To criticize the museum's security",
        "To reward informants"
      ],
      "correct_answer": "To gather information for identifying suspects and recovering artefacts"
    }
  ],
  "background_read": [
    "The theft of museum artefacts raises complex issues regarding cultural heritage preservation, security vulnerabilities, and legal frameworks for handling stolen goods. The artefacts in question, from the defunct British Empire & Commonwealth Museum, reflect colonial history and require nuanced understanding of their provenance and significance. Police investigations in such cases involve forensic analysis, public engagement strategies, and international cooperation if artefacts are trafficked. The concept of 'cultural value' extends beyond economics to encompass identity and memory, influencing recovery efforts. This incident highlights challenges in protecting cultural assets in an era of increasing thefts targeting museums."
  ],
  "Article_Structure": [
    "Main Points: The article details the first arrest in a museum theft involving over 600 culturally significant artefacts, with police actively seeking four other suspects and leveraging public assistance through released evidence. Purpose: To update the public on investigative progress, emphasize the cultural importance of the stolen items, and mobilize community support for resolution. Evidence Evaluation: Sources include official police statements and CCTV footage, providing credible but preliminary insights; however, the article lacks depth on evidence chain or independent verification. Author Credibility: BBC News is a reputable outlet with editorial standards, though the piece is concise and may omit investigative complexities. Methodology: Information is derived from police releases and council announcements, typical for breaking news, but without detailed methodological scrutiny. Critical Assessment: Strengths include timely reporting and clear public appeal; limitations involve minimal analysis of security lapses or broader implications for cultural heritage crime."
  ],
  "perspectives": [
    {
      "perspective": "Cultural heritage perspective",
      "description": "Focuses on the loss of artefacts as a detriment to public history and the need for enhanced protection of cultural assets."
    }
  ],
  "image_url": "/article_images/article_ece6ad3374befd31_71c999122a4f.webp"
}