{
  "title": "A Happy Valentine's Day Photo from Prince William and Princess Catherine",
  "summary": "Prince William and Princess Catherine shared a new photo for Valentine's Day. The picture is black and white and was taken in Norfolk last year by a photographer named Josh Shinner. They posted it on social media with a heart emoji and a message saying 'Happy Valentine's Day.' This is the second year they have done this. Last year, they shared a photo from a video when Princess Catherine finished her cancer treatment. The new photo shows them smiling together. They also released a Christmas card with their family, including their three children, taken by the same photographer. The article talks about how Princess Catherine is slowly returning to public life after her illness.",
  "keywords": [
    {
      "term": "photo",
      "explanation": "a picture taken with a camera"
    },
    {
      "term": "Valentine's Day",
      "explanation": "a special day for showing love to others"
    },
    {
      "term": "social media",
      "explanation": "websites and apps where people share things online"
    },
    {
      "term": "cancer treatment",
      "explanation": "medicine and care to help someone get better from cancer"
    },
    {
      "term": "Christmas card",
      "explanation": "a card sent during Christmas with a picture or message"
    },
    {
      "term": "public life",
      "explanation": "doing things that many people can see, like events or photos"
    }
  ],
  "questions": [
    {
      "question": "Who shared the Valentine's Day photo?",
      "options": [
        "Prince William and Princess Catherine",
        "The King and Queen",
        "A photographer",
        "Their children"
      ],
      "correct_answer": "Prince William and Princess Catherine"
    },
    {
      "question": "What color is the new photo?",
      "options": [
        "Black and white",
        "Colorful",
        "Red and pink",
        "Blue and green"
      ],
      "correct_answer": "Black and white"
    },
    {
      "question": "Where was the photo taken?",
      "options": [
        "Norfolk",
        "London",
        "Saudi Arabia",
        "Wales"
      ],
      "correct_answer": "Norfolk"
    },
    {
      "question": "Who took the photo?",
      "options": [
        "Josh Shinner",
        "Prince George",
        "A friend",
        "A doctor"
      ],
      "correct_answer": "Josh Shinner"
    },
    {
      "question": "What did Princess Catherine finish last year?",
      "options": [
        "Cancer treatment",
        "A school project",
        "A trip",
        "A book"
      ],
      "correct_answer": "Cancer treatment"
    },
    {
      "question": "What was on the Christmas card?",
      "options": [
        "A family portrait",
        "A Valentine's message",
        "A map",
        "A drawing"
      ],
      "correct_answer": "A family portrait"
    }
  ],
  "background_read": [
    "Valentine's Day is celebrated on February 14th as a day for love and affection. Royal families often share photos to connect with people. Cancer treatment involves medical care to fight illness, and recovery can take time. Social media helps share news quickly."
  ],
  "Article_Structure": [
    "WHO: Prince William and Princess Catherine",
    "WHAT: They released a Valentine's Day photo and a Christmas card",
    "WHERE: The photo was taken in Norfolk, England",
    "WHY: To mark Valentine's Day and show Princess Catherine's return to public life after cancer treatment"
  ],
  "perspectives": [
    {
      "perspective": "Royal family sharing personal moments",
      "description": "The article shows how the royal couple uses photos to share happy times with the public."
    }
  ],
  "image_url": "/article_images/article_7153537f05a1a945_35387f966245.webp"
}