{
  "title": "Analyzing Royal Imagery: Valentine's Day Photo as a Symbol of Recovery and Public Engagement",
  "summary": "The article details the release of a previously unseen black-and-white photograph by Prince William and Princess Catherine for Valentine's Day, captured by photographer Josh Shinner in Norfolk during April of the preceding year. Shared via social media with a succinct caption and heart emoji, this act represents their second consecutive public observance of the day, following a 2025 image derived from a video that announced the conclusion of Catherine's cancer treatment. Further context is provided by a 2025 Christmas card featuring a familial portrait amidst spring daffodils, also photographed by Shinner in Norfolk, which accentuates Catherine's incremental re-entry into public spheres post-chemotherapy. The piece extends to mention Prince William's philanthropic contribution of £5,000 to a rural mental health campaign and his diplomatic visits, including to contentious regions like Saudi Arabia, though these elements are peripheral to the core narrative. Overall, the article synthesizes personal milestones with royal duties, employing imagery as a tool for public relations and symbolic communication during a period of health recovery.",
  "keywords": [
    {
      "term": "previously unseen photograph",
      "explanation": "an image released for the first time, often to generate public interest"
    },
    {
      "term": "social media dissemination",
      "explanation": "the process of sharing content through online platforms to reach a wide audience"
    },
    {
      "term": "cancer treatment conclusion",
      "explanation": "the end of medical interventions for cancer, marking a recovery phase"
    },
    {
      "term": "incremental re-entry",
      "explanation": "a slow and phased return to public or professional activities"
    },
    {
      "term": "philanthropic contribution",
      "explanation": "a donation made to support charitable causes, reflecting social responsibility"
    },
    {
      "term": "diplomatic visits",
      "explanation": "official trips to other countries for political or relational purposes"
    },
    {
      "term": "public relations tool",
      "explanation": "strategic use of media or events to shape public perception"
    },
    {
      "term": "symbolic communication",
      "explanation": "conveying messages through symbols or imagery that represent broader themes"
    },
    {
      "term": "peripheral elements",
      "explanation": "aspects of a narrative that are secondary or not central to the main focus"
    },
    {
      "term": "synthesizes personal milestones",
      "explanation": "combines individual achievements or events into a cohesive story"
    }
  ],
  "questions": [
    {
      "question": "What is the significance of the Valentine's Day photo being 'previously unseen'?",
      "options": [
        "It generates public interest and marks a new release",
        "It indicates a mistake in timing",
        "It is a common practice for all photos",
        "It shows it was taken recently"
      ],
      "correct_answer": "It generates public interest and marks a new release"
    },
    {
      "question": "How does the article connect the Valentine's Day photo to broader royal activities?",
      "options": [
        "By linking it to Catherine's recovery and public engagements",
        "By focusing solely on photography techniques",
        "By ignoring other events",
        "By comparing it to commercial ads"
      ],
      "correct_answer": "By linking it to Catherine's recovery and public engagements"
    },
    {
      "question": "What role does social media play in the release of the photo?",
      "options": [
        "It facilitates direct public dissemination and engagement",
        "It is used only for private sharing",
        "It replaces traditional media entirely",
        "It is mentioned but not detailed"
      ],
      "correct_answer": "It facilitates direct public dissemination and engagement"
    },
    {
      "question": "How is the Christmas card of 2025 contextualized within the article?",
      "options": [
        "As part of Catherine's gradual return to public life",
        "As a standalone family event",
        "As a commercial product",
        "As unrelated to health recovery"
      ],
      "correct_answer": "As part of Catherine's gradual return to public life"
    },
    {
      "question": "What does the mention of Prince William's donation imply about royal duties?",
      "options": [
        "They include philanthropic and mental health advocacy",
        "They are limited to photo releases",
        "They focus only on diplomatic visits",
        "They are unrelated to public image"
      ],
      "correct_answer": "They include philanthropic and mental health advocacy"
    },
    {
      "question": "How does the article evaluate the evidence provided for Catherine's recovery?",
      "options": [
        "It relies on descriptive imagery and events",
        "It uses statistical data",
        "It cites medical reports",
        "It ignores recovery aspects"
      ],
      "correct_answer": "It relies on descriptive imagery and events"
    },
    {
      "question": "What methodological approach is evident in the article's reporting?",
      "options": [
        "Narrative synthesis of public information",
        "Experimental research",
        "In-depth interviews",
        "Historical analysis"
      ],
      "correct_answer": "Narrative synthesis of public information"
    },
    {
      "question": "What critical assessment can be made of the article's focus?",
      "options": [
        "It prioritizes symbolic imagery over in-depth analysis of broader issues",
        "It provides comprehensive coverage of all royal activities",
        "It criticizes the royal family openly",
        "It avoids personal elements entirely"
      ],
      "correct_answer": "It prioritizes symbolic imagery over in-depth analysis of broader issues"
    },
    {
      "question": "How does the article address author credibility?",
      "options": [
        "Implicitly through BBC's reputation as a news source",
        "By listing author qualifications",
        "Through peer review",
        "By dismissing other sources"
      ],
      "correct_answer": "Implicitly through BBC's reputation as a news source"
    },
    {
      "question": "What is a limitation of the article's perspective on royal engagements?",
      "options": [
        "It briefly mentions sensitive visits without deep exploration",
        "It covers all aspects equally",
        "It avoids any controversy",
        "It focuses only on positive events"
      ],
      "correct_answer": "It briefly mentions sensitive visits without deep exploration"
    }
  ],
  "background_read": [
    "Valentine's Day has historical roots in romantic tradition but is now heavily commercialized. Royal families utilize media strategies, including controlled imagery releases, to manage public relations and convey messages of stability or change. Cancer recovery involves complex medical and psychological processes, often reflected in public narratives. Philanthropy and diplomatic visits are integral to modern royal duties, balancing personal and state functions. Critical media analysis considers sources, bias, and narrative construction in reporting."
  ],
  "Article_Structure": [
    "This in-depth analysis examines the article's portrayal of royal imagery, focusing on a Valentine's Day photo as a symbol of recovery. Main Points detail the photo's release, its connection to Catherine's health journey, and ancillary royal activities. Purpose is to inform and shape public perception through symbolic communication. Evidence Evaluation notes reliance on factual reporting from BBC but lacks critical depth on broader societal issues. Author Credibility is supported by BBC's journalistic standards, though potential bias towards positive framing exists. Methodology involves descriptive reporting based on public events, with a narrative that synthesizes personal and official elements. Critical Assessment highlights strengths in human-interest storytelling but limitations in exploring contentious aspects like diplomatic sensitivities or media manipulation."
  ],
  "perspectives": [
    {
      "perspective": "Media framing of royal narratives",
      "description": "The article constructs a narrative of resilience and normalcy through selective imagery, potentially glossing over complexities in royal life and public duties."
    }
  ],
  "image_url": "/article_images/article_7153537f05a1a945_35387f966245.webp"
}