{
  "title": "Arrest Following Defacement of Churchill Statue: Protest, History, and Legal Responses",
  "summary": "The Metropolitan Police arrested a 38-year-old man on suspicion of racially aggravated criminal damage after the Winston Churchill statue in Parliament Square, London, was defaced with graffiti. Early on February 27, the perpetrator sprayed red paint featuring phrases such as 'Zionist war criminal,' 'Stop the Genocide,' 'Free Palestine,' 'Never again is Now,' and 'Globalise the Intifada.' The incident prompted a swift police response, with officers arriving within two minutes, and the statue was subsequently cordoned off and cleaned. This act of vandalism occurs within a context of recurring targeting of the statue, including during the 2020 Black Lives Matter protests and by an Extinction Rebellion activist, reflecting ongoing debates over Churchill's legacy and methods of political expression. Authorities, including the Greater London Authority, condemned the damage, while police have linked chants of 'globalise the intifada' to arrests following terror attacks in Bondi Beach and Heaton Park. The statue, a 12-foot bronze monument by Ivor Roberts-Jones unveiled in 1973, stands among other statesmen in Parliament Square, symbolizing historical commemoration amidst contemporary tensions.",
  "keywords": [
    {
      "term": "racially aggravated criminal damage",
      "explanation": "a legal charge in the UK for property damage motivated by racial hostility, carrying enhanced penalties"
    },
    {
      "term": "defaced",
      "explanation": "to mar the surface of a monument or object with unauthorized markings, often as a political statement"
    },
    {
      "term": "intifada",
      "explanation": "a Palestinian uprising against Israeli occupation, with the term 'globalise' suggesting international solidarity movements"
    },
    {
      "term": "heritage wardens",
      "explanation": "officials tasked with safeguarding cultural heritage sites, providing surveillance and reporting incidents"
    },
    {
      "term": "vandalised",
      "explanation": "the deliberate destruction or degradation of public or private property, frequently in protest contexts"
    },
    {
      "term": "monument",
      "explanation": "a structure erected to memorialize a historical figure or event, often subject to reinterpretation"
    },
    {
      "term": "legacy",
      "explanation": "the lasting impact or reputation of a historical figure, debated in terms of achievements and controversies"
    },
    {
      "term": "political expression",
      "explanation": "the articulation of views through actions like protests or graffiti, intersecting with legal boundaries"
    },
    {
      "term": "terror attacks",
      "explanation": "violent acts intended to instill fear, referenced here to contextualize police warnings on specific chants"
    },
    {
      "term": "contextual tensions",
      "explanation": "the complex interplay of historical memory, current events, and societal conflicts influencing such incidents"
    }
  ],
  "questions": [
    {
      "question": "What specific legal charge was the man arrested under?",
      "options": [
        "Racially aggravated criminal damage",
        "Trespassing",
        "Public nuisance",
        "Theft of public property"
      ],
      "correct_answer": "Racially aggravated criminal damage"
    },
    {
      "question": "Which phrases on the graffiti relate to the Israeli-Palestinian conflict?",
      "options": [
        "'Zionist war criminal' and 'Globalise the Intifada'",
        "'Stop the Traffic' and 'Clean Air'",
        "'Save the Whales' and 'Ocean Life'",
        "'Education for All' and 'Health Care'"
      ],
      "correct_answer": "'Zionist war criminal' and 'Globalise the Intifada'"
    },
    {
      "question": "How does the article connect the graffiti to broader police policies?",
      "options": [
        "By mentioning arrests for chanting 'globalise the intifada' after terror attacks",
        "By discussing new laws on statue protection",
        "By highlighting increased funding for heritage sites",
        "By noting changes in protest permits"
      ],
      "correct_answer": "By mentioning arrests for chanting 'globalise the intifada' after terror attacks"
    },
    {
      "question": "What historical context is provided for the statue's previous vandalism?",
      "options": [
        "During Black Lives Matter protests and by Extinction Rebellion",
        "As part of official renovations",
        "Due to natural wear and tear",
        "In celebration of national holidays"
      ],
      "correct_answer": "During Black Lives Matter protests and by Extinction Rebellion"
    },
    {
      "question": "Who alerted the police to the graffiti incident?",
      "options": [
        "Heritage wardens",
        "Tourists",
        "Local residents",
        "News reporters"
      ],
      "correct_answer": "Heritage wardens"
    },
    {
      "question": "What is the significance of the statue's location in Parliament Square?",
      "options": [
        "It houses statues of multiple statesmen, making it a symbolic protest site",
        "It is a secluded area rarely visited",
        "It is primarily a commercial district",
        "It is known for its nightlife"
      ],
      "correct_answer": "It houses statues of multiple statesmen, making it a symbolic protest site"
    },
    {
      "question": "How does the article address Churchill's legacy?",
      "options": [
        "By noting criticisms during protests and historical debates",
        "By praising him unconditionally",
        "By ignoring his role in history",
        "By focusing only on his wartime achievements"
      ],
      "correct_answer": "By noting criticisms during protests and historical debates"
    },
    {
      "question": "What methodological approach does the article use?",
      "options": [
        "Relies on police reports and historical references",
        "Conducts interviews with the accused",
        "Uses statistical analysis of vandalism rates",
        "Includes primary research from archaeologists"
      ],
      "correct_answer": "Relies on police reports and historical references"
    },
    {
      "question": "What critical assessment can be made of the evidence presented?",
      "options": [
        "It is based on official sources but may lack diverse perspectives",
        "It is comprehensive and unbiased",
        "It is entirely speculative",
        "It includes detailed eyewitness testimonies"
      ],
      "correct_answer": "It is based on official sources but may lack diverse perspectives"
    },
    {
      "question": "How do authorities' responses reflect broader societal issues?",
      "options": [
        "They highlight tensions between free speech and criminal law in protest contexts",
        "They show unanimous support for the vandalism",
        "They indicate a lack of concern for historical monuments",
        "They focus solely on economic costs"
      ],
      "correct_answer": "They highlight tensions between free speech and criminal law in protest contexts"
    }
  ],
  "background_read": [
    "Winston Churchill's legacy is contested: as a wartime leader, he is celebrated for defending Britain, but his policies, such as those during the Bengal famine and views on race, are criticized as racist. Statues serve as public history, often becoming flashpoints in culture wars over memory and identity. Graffiti has evolved from ancient inscriptions to modern protest art, raising questions about vandalism versus expression. The Israeli-Palestinian conflict involves complex terms like 'Zionism' and 'intifada,' with global activism sparking debates on genocide allegations. UK law on racially aggravated crimes stems from efforts to combat hate speech, while police balance public order with human rights. Historical vandalism of monuments, such as during BLM, reflects movements to reassess colonial and racist histories. Parliament Square's statues represent democratic ideals, yet their preservation intersects with ongoing political demonstrations."
  ],
  "Article_Structure": [
    "Main Points: Details the arrest for defacing Churchill's statue with politically charged graffiti, linking it to past vandalism and police warnings on chants. Purpose: To report a news incident while exploring themes of historical reevaluation, protest legality, and societal tensions. Evidence Evaluation: Sources include police statements and historical accounts, but evidence is limited to official perspectives, lacking input from the accused or activist groups. Author Credibility: BBC News provides reliable reporting, though the article may simplify complex issues like the Israeli-Palestinian conflict. Methodology: Uses secondary reporting from authorities and contextual references, without primary investigation or diverse sourcing. Critical Assessment: Strengths include timely coverage and contextual depth, but limitations involve potential bias towards institutional views and insufficient analysis of protest motivations."
  ],
  "perspectives": [
    {
      "perspective": "Institutional view",
      "description": "Emphasizes legal frameworks and public safety, framing graffiti as criminal damage requiring enforcement."
    },
    {
      "perspective": "Protest and historical critique view",
      "description": "Views the act as a legitimate challenge to Churchill's controversial legacy and a call for justice in global conflicts."
    }
  ],
  "image_url": "/article_images/article_0342cfe6e9f9fda9_1fcc2e58ad06.webp"
}