{
  "title": "Immigration Officials Defend Tactics in Minneapolis Amidst Controversy",
  "summary": "During a press conference in Minneapolis, top immigration officials from Border Patrol and ICE highlighted their recent operations, reporting over 10,000 arrests of what they termed 'criminal illegal aliens' in the past year, with 3,000 in the last six weeks. They defended aggressive tactics, such as breaking down doors without judicial warrants, claiming these methods are necessary and legally grounded. Greg Bovino, a senior Border Patrol official, asserted that all actions are 'legal, ethical and moral.' In contrast, Julia Decker of the Immigrant Law Center of Minnesota expressed frustration over the lack of transparency, questioning the accuracy of arrest data and descriptions. Concurrently, federal prosecutors are investigating Minnesota officials, including the governor and mayors, for potentially obstructing immigration enforcement through public statements, using grand jury subpoenas to seek records. This situation underscores ongoing debates about immigration enforcement, civil liberties, and government accountability.",
  "keywords": [
    {
      "term": "criminal illegal aliens",
      "explanation": "a term used by officials to describe non-citizens accused of crimes"
    },
    {
      "term": "judicial warrant",
      "explanation": "a legal document issued by a judge authorizing police actions like searches"
    },
    {
      "term": "transparency",
      "explanation": "the quality of being open and honest so people can see what is happening"
    },
    {
      "term": "grand jury subpoenas",
      "explanation": "legal orders requiring people to provide evidence in an investigation"
    },
    {
      "term": "obstructing enforcement",
      "explanation": "actions that may hinder or delay law enforcement efforts"
    },
    {
      "term": "civil liberties",
      "explanation": "basic rights and freedoms protected by law, such as privacy and due process"
    },
    {
      "term": "accountability",
      "explanation": "the responsibility to explain and justify actions"
    },
    {
      "term": "immigration enforcement",
      "explanation": "the process of applying laws related to immigration, including arrests and deportations"
    }
  ],
  "questions": [
    {
      "question": "How many arrests did officials report in Minneapolis over the past year?",
      "options": [
        "Over 10,000",
        "About 1,000",
        "Less than 500",
        "Exactly 5,000"
      ],
      "correct_answer": "Over 10,000"
    },
    {
      "question": "What aggressive tactic did officers use during the crackdown?",
      "options": [
        "Breaking down doors without warrants",
        "Issuing fines only",
        "Holding community meetings",
        "Providing legal aid"
      ],
      "correct_answer": "Breaking down doors without warrants"
    },
    {
      "question": "Who is Greg Bovino?",
      "options": [
        "A senior Border Patrol official",
        "A Minnesota mayor",
        "A federal prosecutor",
        "An immigrant advocate"
      ],
      "correct_answer": "A senior Border Patrol official"
    },
    {
      "question": "What did Julia Decker criticize about the government's actions?",
      "options": [
        "Lack of transparency in arrest data",
        "The weather in Minneapolis",
        "School policies",
        "Sports events"
      ],
      "correct_answer": "Lack of transparency in arrest data"
    },
    {
      "question": "What are federal prosecutors investigating regarding Minnesota officials?",
      "options": [
        "Potential obstruction of immigration enforcement",
        "Tax fraud",
        "Environmental violations",
        "Traffic accidents"
      ],
      "correct_answer": "Potential obstruction of immigration enforcement"
    },
    {
      "question": "What legal tool are prosecutors using in their investigation?",
      "options": [
        "Grand jury subpoenas",
        "Arrest warrants",
        "Fines",
        "Public speeches"
      ],
      "correct_answer": "Grand jury subpoenas"
    },
    {
      "question": "Which officials received subpoenas?",
      "options": [
        "Governor, attorney general, and mayors",
        "Only local police",
        "School principals",
        "Business owners"
      ],
      "correct_answer": "Governor, attorney general, and mayors"
    },
    {
      "question": "What broader issue does this article highlight?",
      "options": [
        "Debates over immigration enforcement and civil liberties",
        "Sports rivalries",
        "Weather patterns",
        "Food recipes"
      ],
      "correct_answer": "Debates over immigration enforcement and civil liberties"
    }
  ],
  "background_read": [
    "Immigration enforcement in the U.S. involves agencies like Border Patrol, which monitors borders, and ICE, which handles interior enforcement. Tactics such as warrantless entries can raise legal and ethical questions under the Fourth Amendment, which protects against unreasonable searches. Transparency and accountability are key in government operations to ensure public trust. Investigations into obstruction often involve conspiracy laws, which address agreements to hinder legal processes. This context helps understand the tensions between security measures and individual rights in immigration debates."
  ],
  "Article_Structure": [
    "This article analyzes a press conference where Border Patrol and ICE leaders defended aggressive immigration tactics in Minneapolis, citing over 10,000 arrests as necessary and legal. Main points include officials' claims of targeting dangerous offenders and the use of warrantless methods, countered by advocates' concerns over data accuracy. The purpose is to report on enforcement actions and ongoing legal scrutiny, highlighting debates on civil liberties. Evidence includes direct quotes from officials and advocates, though reliance on anonymous sources for investigation details may affect credibility. Author credibility stems from PBS NewsHour's reputation, but the article lacks in-depth methodology on data verification. Overall, it presents a balanced view but could benefit from more independent verification of arrest claims."
  ],
  "perspectives": [
    {
      "perspective": "Law enforcement perspective",
      "description": "Officials argue that aggressive tactics are essential for public safety and are legally justified."
    },
    {
      "perspective": "Civil rights perspective",
      "description": "Advocates emphasize the need for transparency and protection of individuals' rights against potential overreach."
    }
  ],
  "image_url": "/article_images/article_490b1eaf117ef9c8_ae4f4908f233.webp"
}