{
  "title": "Reevaluating Earth's Hydrological Origins: Bridgmanite as a Deep Mantle Water Reservoir",
  "summary": "Approximately 4.6 billion years ago, Earth underwent a tumultuous formation period characterized by a global magma ocean, rendering surface conditions inhospitable for liquid water. The persistence of water through this phase to form contemporary oceans has been a central enigma in planetary science. A seminal study led by Prof. Zhixue Du posits that bridgmanite, the predominant mineral in Earth's mantle, functioned as a critical water reservoir during planetary solidification. Employing sophisticated methodologies such as diamond anvil cell systems with laser heating and cryogenic three-dimensional electron diffraction, the researchers replicated extreme pressures and temperatures exceeding 4,100°C to investigate bridgmanite's water partition coefficient. Their findings indicate a pronounced increase in water storage capacity at elevated temperatures, contradicting prior assumptions of an arid lower mantle. Through computational modeling, they estimate that this deep mantle reservoir could encompass 0.08 to 1 times the volume of modern oceans, potentially up to 100-fold larger than previous estimates. This research not only elucidates Earth's transition from a molten state to a hydrologically active planet but also has implications for exoplanetary studies and the origins of life.",
  "keywords": [
    {
      "term": "bridgmanite",
      "explanation": "a silicate mineral dominant in Earth's lower mantle, exhibiting enhanced water solubility under high-temperature conditions"
    },
    {
      "term": "magma ocean",
      "explanation": "a planetary-scale layer of molten rock during accretion, inhibiting hydrosphere formation"
    },
    {
      "term": "water partition coefficient",
      "explanation": "a thermodynamic parameter quantifying mineral-water affinity, crucial for modeling mantle hydration"
    },
    {
      "term": "diamond anvil cell",
      "explanation": "a high-pressure device utilizing diamonds to simulate deep Earth environments for experimental petrology"
    },
    {
      "term": "cryogenic three-dimensional electron diffraction",
      "explanation": "an advanced imaging technique for atomic-scale analysis of mineral structures and water incorporation"
    },
    {
      "term": "NanoSIMS",
      "explanation": "secondary ion mass spectrometry at nanoscale resolution, used for trace element and isotopic mapping"
    },
    {
      "term": "lower mantle reservoir",
      "explanation": "a hypothesized storage zone for water within Earth's interior, influencing long-term geodynamic and climatic processes"
    },
    {
      "term": "planetary solidification",
      "explanation": "the cooling and crystallization phase of a planet post-accretion, critical for habitability development"
    },
    {
      "term": "exoplanetary studies",
      "explanation": "research on planets beyond our solar system, informed by Earth's geological history"
    },
    {
      "term": "hydrological origins",
      "explanation": "the genesis and evolution of water systems on a planetary body"
    }
  ],
  "questions": [
    {
      "question": "What characterized Earth's early geological state 4.6 billion years ago?",
      "options": [
        "A global magma ocean",
        "Stable continental crust",
        "Extensive ice sheets",
        "Atmospheric oxygen abundance"
      ],
      "correct_answer": "A"
    },
    {
      "question": "Which mineral is identified as the primary water carrier in Earth's mantle?",
      "options": [
        "Bridgmanite",
        "Olivine",
        "Pyroxene",
        "Garnet"
      ],
      "correct_answer": "A"
    },
    {
      "question": "What experimental apparatus was used to simulate deep mantle conditions?",
      "options": [
        "Diamond anvil cell with laser heating",
        "Scanning electron microscope",
        "Gas chromatography system",
        "Seismic tomography array"
      ],
      "correct_answer": "A"
    },
    {
      "question": "How does bridgmanite's water partition coefficient behave with increasing temperature?",
      "options": [
        "Increases sharply",
        "Decreases linearly",
        "Remains constant",
        "Exhibits no correlation"
      ],
      "correct_answer": "A"
    },
    {
      "question": "What analytical technique was employed for atomic-scale water distribution mapping?",
      "options": [
        "Cryogenic three-dimensional electron diffraction",
        "X-ray fluorescence",
        "Infrared spectroscopy",
        "Gravimetric analysis"
      ],
      "correct_answer": "A"
    },
    {
      "question": "What does the study challenge regarding the lower mantle?",
      "options": [
        "Its presumed dryness",
        "Its mineral composition",
        "Its temperature gradient",
        "Its seismic properties"
      ],
      "correct_answer": "A"
    },
    {
      "question": "What is the estimated range for the deep mantle water reservoir relative to modern oceans?",
      "options": [
        "0.08 to 1 times",
        "10 to 50 times",
        "0.001 to 0.01 times",
        "100 to 1000 times"
      ],
      "correct_answer": "A"
    },
    {
      "question": "Which institution led the research on bridgmanite water storage?",
      "options": [
        "Guangzhou Institute of Geochemistry",
        "NASA",
        "MIT",
        "University of Tokyo"
      ],
      "correct_answer": "A"
    },
    {
      "question": "What broader field does this research impact beyond Earth science?",
      "options": [
        "Exoplanetary studies",
        "Marine biology",
        "Atmospheric chemistry",
        "Agricultural science"
      ],
      "correct_answer": "A"
    },
    {
      "question": "What key process does the study help explain in Earth's history?",
      "options": [
        "Transition to a hydrologically active planet",
        "Formation of the Moon",
        "Evolution of atmospheric oxygen",
        "Development of plate tectonics"
      ],
      "correct_answer": "A"
    }
  ],
  "background_read": [
    "Earth's accretion involved intense bombardment and energy dissipation, resulting in a magma ocean that precluded surface water retention. The origin of terrestrial water has been debated, with hypotheses including late veneer delivery via comets or asteroids versus endogenous storage. This article details a groundbreaking investigation utilizing high-pressure-temperature experiments and nanoscale analytical methods to demonstrate that bridgmanite can incorporate substantial water under conditions mimicking the early lower mantle. The findings necessitate a revision of mantle hydration models and offer insights into planetary differentiation processes. Contextually, this research intersects with astrobiology and comparative planetology, providing a framework for assessing water budgets on rocky exoplanets and the prerequisites for habitability in the universe."
  ],
  "Article_Structure": [
    "Main Points: Bridgmanite's enhanced water storage at high temperatures suggests a significant deep mantle reservoir, revising estimates of Earth's internal water inventory. Purpose: To resolve the paradox of water survival during the magma ocean phase and inform planetary formation theories. Evidence Evaluation: Robust evidence from controlled experiments with advanced tools, though extrapolated to planetary scales. Author Credibility: Experts from prestigious Chinese academies, with publication in a high-impact journal. Methodology: Integrated diamond anvil cell simulations with cutting-edge imaging and spectroscopy for precise measurements. Critical Assessment: Strengths include innovative techniques and model implications; limitations involve assumptions in scaling lab data to Earth's history and potential sample biases."
  ],
  "perspectives": [
    {
      "perspective": "Interdisciplinary impact",
      "description": "The study bridges geology, chemistry, and planetary science, offering a new paradigm for understanding water's role in terrestrial planet evolution."
    }
  ],
  "image_url": "/article_images/article_c0669af8b054adbe_fc170215ea2f.webp"
}