{
  "title": "Deconstructing Normality: Psychological Exploitation in the Louvre Theft and Its Implications for Artificial Intelligence",
  "summary": "The article details a sophisticated theft at the Louvre Museum in Paris on October 19, 2025, where four individuals allegedly stole crown jewels valued at 88 million euros by exploiting human psychological mechanisms. Disguised as construction workers with hi-vis vests and using a furniture lift, they capitalized on social categorization—the mental process whereby humans overlook stimuli that conform to expected norms. This incident is framed through Erving Goffman's sociological theory of 'presentation of self,' illustrating how performed roles can serve as effective camouflage. The analysis extends to artificial intelligence (AI), noting that AI systems, such as those employed in facial recognition and anomaly detection, operate analogously by relying on mathematical patterns derived from training data. However, this reliance introduces vulnerabilities; both human and AI systems may fail to identify threats that deviate from learned categories. The article argues that this parallel underscores inherent flaws in security paradigms and highlights the necessity for AI development that incorporates robustness against such exploits. By drawing connections between social psychology and machine learning, it prompts a critical examination of how normality is constructed and leveraged, with broader implications for enhancing technological and human vigilance in high-stakes environments.",
  "keywords": [
    {
      "term": "social categorization",
      "explanation": "a cognitive process where individuals classify people and objects based on societal expectations, influencing attention and perception"
    },
    {
      "term": "presentation of self",
      "explanation": "Goffman's dramaturgical concept that individuals perform roles in social interactions to manage impressions and adhere to normative expectations"
    },
    {
      "term": "AI vulnerabilities",
      "explanation": "weaknesses in artificial intelligence systems arising from dependencies on biased or incomplete data patterns, leading to errors in classification and decision-making"
    },
    {
      "term": "learned patterns",
      "explanation": "algorithmic structures in AI derived from training datasets, which shape how systems interpret and respond to inputs, analogous to human experiential learning"
    },
    {
      "term": "anomaly detection",
      "explanation": "the process in AI and security systems of identifying deviations from normal patterns, often compromised when 'normal' is narrowly defined"
    },
    {
      "term": "Goffman's dramaturgy",
      "explanation": "a theoretical framework viewing social life as a performance, where individuals act out roles to fit contextual norms, relevant to understanding disguise efficacy"
    },
    {
      "term": "hi-vis vests",
      "explanation": "high-visibility clothing used in occupational safety, here serving as a prop in a performed role to manipulate perceptual cues"
    },
    {
      "term": "facial recognition AI",
      "explanation": "advanced computational systems that identify individuals based on facial features, susceptible to errors if training data lacks diversity or context"
    },
    {
      "term": "psychological exploitation",
      "explanation": "the strategic manipulation of cognitive biases, such as inattentional blindness, to achieve objectives like theft"
    },
    {
      "term": "security paradigms",
      "explanation": "established models and practices in protection systems, which may be inadequate if they overlook psychological and technological vulnerabilities"
    },
    {
      "term": "robustness in AI",
      "explanation": "the capacity of AI systems to perform reliably under varied or adversarial conditions, crucial for mitigating exploitation risks"
    },
    {
      "term": "normality construction",
      "explanation": "the social and cultural processes that define what is considered ordinary, influencing both human judgment and AI algorithms"
    }
  ],
  "questions": [
    {
      "question": "What was the specific date of the alleged Louvre theft?",
      "options": [
        "October 19, 2025",
        "November 15, 2024",
        "December 25, 2025",
        "January 1, 2026"
      ],
      "correct_answer": "October 19, 2025"
    },
    {
      "question": "How does the article relate Goffman's theory to the theft?",
      "options": [
        "As an example of presentation of self",
        "As a critique of AI",
        "As a historical analysis",
        "As a economic study"
      ],
      "correct_answer": "As an example of presentation of self"
    },
    {
      "question": "What is a key difference between human and AI categorization?",
      "options": [
        "Human is cultural, AI is mathematical",
        "Human is faster, AI is slower",
        "Human uses emotions, AI does not",
        "Human is objective, AI is subjective"
      ],
      "correct_answer": "Human is cultural, AI is mathematical"
    },
    {
      "question": "Why might AI systems be prone to missing threats?",
      "options": [
        "They rely on limited data patterns",
        "They are too intelligent",
        "They ignore all inputs",
        "They operate randomly"
      ],
      "correct_answer": "They rely on limited data patterns"
    },
    {
      "question": "What does the term 'anomaly detection' refer to in AI?",
      "options": [
        "Identifying deviations from normal",
        "Creating new patterns",
        "Deleting data",
        "Enhancing speed"
      ],
      "correct_answer": "Identifying deviations from normal"
    },
    {
      "question": "How did the thieves' use of a furniture lift contribute to the theft?",
      "options": [
        "It provided access to a balcony",
        "It stored the jewels",
        "It alerted security",
        "It was a decoy"
      ],
      "correct_answer": "It provided access to a balcony"
    },
    {
      "question": "What broader implication does the article suggest for AI development?",
      "options": [
        "Need for robustness against exploits",
        "Reduction in AI usage",
        "Focus on speed over accuracy",
        "Elimination of human oversight"
      ],
      "correct_answer": "Need for robustness against exploits"
    },
    {
      "question": "What is Goffman's dramaturgy primarily concerned with?",
      "options": [
        "Social performances and roles",
        "Economic theories",
        "Biological processes",
        "Technological advances"
      ],
      "correct_answer": "Social performances and roles"
    },
    {
      "question": "How does the article evaluate the evidence presented?",
      "options": [
        "It notes the hypothetical nature of the event",
        "It confirms all details with data",
        "It dismisses psychological aspects",
        "It focuses only on AI"
      ],
      "correct_answer": "It notes the hypothetical nature of the event"
    },
    {
      "question": "What is a potential limitation of AI's learned patterns?",
      "options": [
        "They may reinforce biases",
        "They are always accurate",
        "They avoid categorization",
        "They require no data"
      ],
      "correct_answer": "They may reinforce biases"
    },
    {
      "question": "Why is social categorization significant in this context?",
      "options": [
        "It explains why normal appearances are overlooked",
        "It describes economic trends",
        "It predicts weather patterns",
        "It measures physical strength"
      ],
      "correct_answer": "It explains why normal appearances are overlooked"
    },
    {
      "question": "What does the article imply about improving security systems?",
      "options": [
        "Integrating psychological insights and AI robustness",
        "Relying solely on technology",
        "Ignoring human factors",
        "Reducing surveillance"
      ],
      "correct_answer": "Integrating psychological insights and AI robustness"
    }
  ],
  "background_read": [
    "The Louvre Museum, located in Paris, is a premier cultural institution with extensive security measures, including surveillance, making the described theft notable for its exploitation of perceptual gaps. Artificial intelligence encompasses machine learning techniques where systems learn from datasets to perform tasks like image recognition; however, biases in data can lead to vulnerabilities. Erving Goffman, a prominent sociologist, developed theories on impression management, which are relevant to understanding how disguises function in social contexts. This background aids in critically assessing the article's arguments on the intersections of psychology, security, and technology, highlighting the importance of interdisciplinary approaches to address such challenges."
  ],
  "Article_Structure": [
    "This article provides an in-depth analysis of a Louvre theft to draw parallels between human psychology and AI vulnerabilities. Main Points: The theft demonstrates how perpetrators used social categorization and Goffman's presentation of self to avoid detection, with AI systems similarly relying on pattern-based learning that can be exploited. Purpose: To critically examine the flaws in human and AI perception, advocating for enhanced robustness in security technologies by understanding these psychological and algorithmic limitations. Evidence Evaluation: The evidence is descriptive and theoretical, citing a specific theft incident and sociological concepts, but as a hypothetical future event, it lacks empirical validation, relying on analogical reasoning rather than verified data. Author Credibility: Sourced from Ars Technica, which has a reputation for science journalism, though the absence of author details may limit assessment of expertise, potentially introducing bias towards speculative analysis. Methodology: The article employs a case study approach combined with theoretical synthesis, linking anecdotal evidence to broader concepts without rigorous research methods, which affects the strength of its conclusions. Critical Assessment: Strengths include clear analogies and interdisciplinary insights, but limitations involve the speculative nature of the event and insufficient empirical support, suggesting the need for caution in generalizing the findings to real-world AI applications."
  ],
  "perspectives": [
    {
      "perspective": "Sociological analysis",
      "description": "Emphasizes how social roles and performances, per Goffman, enable deception by aligning with normative expectations."
    },
    {
      "perspective": "Technological critique",
      "description": "Highlights AI's dependency on data patterns as a flaw, urging developments in adversarial robustness and ethical AI design."
    }
  ],
  "image_url": "/article_images/article_3e7dd958c1ad37b5_f1d76eedb065.webp"
}