{
  "title": "Analyzing Trump's Defamation Lawsuit Against the BBC: Media Manipulation and Legal Implications",
  "summary": "Former US President Donald Trump has filed a $5 billion defamation lawsuit against the BBC in Florida, centering on an edited segment from the Panorama documentary 'Trump: A Second Chance?' broadcast in October 2024. The documentary spliced two parts of Trump's January 2021 speech—'We're going to walk down to the Capitol' and 'And we fight. We fight like hell'—originally separated by over 50 minutes, into a contiguous clip that implied immediate incitement. Trump's legal team alleges the BBC 'intentionally, maliciously, and deceptively doctored' the footage, constituting defamation. In response, the BBC issued an apology, describing the edit as an 'error of judgement,' and confirmed the documentary would not be rebroadcast, but rejected the defamation claim and compensation demands, pledging to defend the case. The controversy gained traction after the Telegraph published a leaked internal BBC memo, prompting the resignations of director general Tim Davie and head of news Deborah Turness. This case intersects with broader issues of media ethics, political bias, and First Amendment protections, as it raises questions about editorial discretion versus misinformation in the context of Trump's post-presidency legal battles and the ongoing scrutiny of the Capitol riot.",
  "keywords": [
    {
      "term": "defamation",
      "explanation": "a tort involving false statements that harm an individual's reputation, requiring proof of malice in public figure cases"
    },
    {
      "term": "editorial discretion",
      "explanation": "the authority of media outlets to edit content, balanced against ethical standards and legal liabilities"
    },
    {
      "term": "First Amendment",
      "explanation": "US constitutional protection for free speech and press, often invoked in defamation defenses"
    },
    {
      "term": "malice",
      "explanation": "in defamation law, knowledge of falsity or reckless disregard for the truth, a key element for public figures"
    },
    {
      "term": "media ethics",
      "explanation": "principles guiding journalistic conduct, including accuracy, fairness, and accountability in editing"
    },
    {
      "term": "political bias",
      "explanation": "perceived slant in media coverage that may influence public perception and legal interpretations"
    }
  ],
  "questions": [
    {
      "question": "What legal claim does Trump assert against the BBC?",
      "options": [
        "Defamation",
        "Breach of contract",
        "Copyright violation",
        "Invasion of privacy"
      ],
      "correct_answer": "A"
    },
    {
      "question": "How did the Panorama documentary alter Trump's speech?",
      "options": [
        "Spliced phrases to imply immediacy",
        "Added false statements",
        "Removed context entirely",
        "Changed the location"
      ],
      "correct_answer": "A"
    },
    {
      "question": "What is the significance of the 50-minute gap in the original speech?",
      "options": [
        "It shows the edit distorted timing",
        "It proves Trump's innocence",
        "It indicates BBC bias",
        "It is irrelevant"
      ],
      "correct_answer": "A"
    },
    {
      "question": "What did the BBC chairman describe the edit as?",
      "options": [
        "An error of judgement",
        "Intentional deception",
        "Standard practice",
        "A legal requirement"
      ],
      "correct_answer": "A"
    },
    {
      "question": "What triggered the resignations at the BBC?",
      "options": [
        "A leaked internal memo",
        "The lawsuit filing",
        "Public outcry",
        "Government pressure"
      ],
      "correct_answer": "A"
    },
    {
      "question": "Which US constitutional amendment is relevant to this case?",
      "options": [
        "First Amendment",
        "Fourth Amendment",
        "Fifth Amendment",
        "Fourteenth Amendment"
      ],
      "correct_answer": "A"
    },
    {
      "question": "What must Trump prove to win a defamation case as a public figure?",
      "options": [
        "Actual malice",
        "Negligence",
        "Intentional harm",
        "Financial loss"
      ],
      "correct_answer": "A"
    },
    {
      "question": "What was the BBC's response to Trump's compensation demand?",
      "options": [
        "Rejected it",
        "Agreed to pay",
        "Ignored it",
        "Negotiated a lower amount"
      ],
      "correct_answer": "A"
    },
    {
      "question": "How does this case relate to media ethics?",
      "options": [
        "It questions editing standards and accuracy",
        "It focuses on funding models",
        "It discusses advertising practices",
        "It examines audience ratings"
      ],
      "correct_answer": "A"
    },
    {
      "question": "What broader context does this lawsuit occur in?",
      "options": [
        "Post-presidency legal battles and Capitol riot scrutiny",
        "Election fraud allegations",
        "International trade disputes",
        "Climate change debates"
      ],
      "correct_answer": "A"
    }
  ],
  "background_read": [
    "Donald Trump, as a former president, is a public figure under US defamation law, requiring proof of actual malice—knowledge of falsity or reckless disregard. The BBC operates under UK media regulations but faces US legal standards in this suit. Defamation cases often hinge on editorial intent and impact; here, the edit's effect on public perception of the Capitol riot is key. Media ethics debates include the balance between narrative storytelling and factual integrity, especially in documentaries. The Capitol riot on January 6, 2021, remains a contentious event, with Trump's speech analyzed for incitement, adding layers to this lawsuit's political and legal dimensions."
  ],
  "Article_Structure": [
    "Main Points: Trump's lawsuit alleges defamation from a spliced speech edit in a BBC documentary, demanding $5 billion, while the BBC apologizes but disputes the claim. Purpose: To explore legal and ethical ramifications of media editing in politically charged contexts, highlighting tensions between free speech and reputation rights. Evidence Evaluation: The edited clip and leaked memo provide basis, but lack of proven intent weakens defamation claims; sources are secondary news reports. Author Credibility: BBC Entertainment offers reliable reporting but may lack depth in legal analysis, with potential bias in framing. Methodology: Relies on public documents and statements, not original research, limiting investigative rigor. Critical Assessment: Strengths include clear factual reporting; limitations involve minimal legal expertise and oversight of broader media landscape impacts."
  ],
  "perspectives": [
    {
      "perspective": "Legal analysis perspective",
      "description": "Examines defamation standards, burden of proof for public figures, and potential courtroom strategies."
    },
    {
      "perspective": "Media studies perspective",
      "description": "Analyzes editing techniques, journalistic accountability, and the role of documentaries in shaping political narratives."
    }
  ],
  "image_url": "/article_images/article_c43a1ea0942494af_23db123a116a.webp"
}