{
  "title": "Commemorating a Broadcasting Icon: BBC's Centennial Tribute to David Attenborough",
  "summary": "The BBC has unveiled comprehensive plans to commemorate Sir David Attenborough's centennial birthday on May 8, featuring a week-long programming slate designed to celebrate his prolific career. This initiative includes three new productions: Making Life on Earth: Attenborough's Greatest Adventure, offering retrospective insights into the 1979 series Life on Earth, which documented 600 species across 40 countries and addressed production challenges such as political instability and wildlife encounters; Secret Garden, a five-episode series investigating micro-ecosystems within British gardens to advocate for public conservation actions; and David Attenborough's 100 Years on Planet Earth, a live orchestral event at the Royal Albert Hall. Additionally, the schedule will incorporate archival episodes from seminal series like Planet Earth and Blue Planet. Jack Bootle, BBC's head of commissioning for specialist factual, articulates Attenborough's transformative influence on natural history broadcasting and public ecological consciousness. This celebratory framework not only acknowledges Attenborough's legacy but also reinforces the BBC's commitment to educational outreach and environmental stewardship, positioning the event as a cultural milestone in media history.",
  "keywords": [
    {
      "term": "Centennial",
      "explanation": "pertaining to a hundredth anniversary, often used to denote significant historical or personal milestones"
    },
    {
      "term": "Retrospective",
      "explanation": "looking back on or dealing with past events or situations, particularly in an analytical context"
    },
    {
      "term": "Micro-ecosystems",
      "explanation": "small-scale ecological communities, such as those found in localized habitats like gardens"
    },
    {
      "term": "Ecological consciousness",
      "explanation": "awareness and understanding of environmental issues and the interconnectedness of ecosystems"
    },
    {
      "term": "Archival",
      "explanation": "relating to or consisting of historical records or documents, often preserved for reference"
    },
    {
      "term": "Cultural milestone",
      "explanation": "a significant event that marks an important point in the development of society or culture"
    }
  ],
  "questions": [
    {
      "question": "What specific challenges are highlighted in the Making Life on Earth program?",
      "options": [
        "Technical issues with cameras",
        "A coup in the Comoros and being shot at",
        "Budget constraints",
        "Actor disagreements"
      ],
      "correct_answer": "A coup in the Comoros and being shot at"
    },
    {
      "question": "How many episodes does the Secret Garden series comprise?",
      "options": [
        "Three episodes",
        "Five episodes",
        "Ten episodes",
        "One episode"
      ],
      "correct_answer": "Five episodes"
    },
    {
      "question": "What is the primary focus of the Secret Garden series?",
      "options": [
        "Global wildlife conservation",
        "Exploring micro-ecosystems in UK gardens and promoting public conservation",
        "Historical analysis of broadcasting",
        "Musical performances"
      ],
      "correct_answer": "Exploring micro-ecosystems in UK gardens and promoting public conservation"
    },
    {
      "question": "Which venue hosts the live event David Attenborough's 100 Years on Planet Earth?",
      "options": [
        "BBC Headquarters",
        "London Natural History Museum",
        "Royal Albert Hall",
        "Wembley Stadium"
      ],
      "correct_answer": "Royal Albert Hall"
    },
    {
      "question": "What role does Jack Bootle hold at the BBC?",
      "options": [
        "Director of programming",
        "Head of commissioning for specialist factual",
        "Producer of Life on Earth",
        "Conductor of the BBC Concert Orchestra"
      ],
      "correct_answer": "Head of commissioning for specialist factual"
    },
    {
      "question": "According to Bootle, how have Attenborough's programs impacted public perception?",
      "options": [
        "They have only entertained audiences",
        "They have defined science broadcasting and altered views on the planet",
        "They have focused solely on UK wildlife",
        "They have decreased interest in nature"
      ],
      "correct_answer": "They have defined science broadcasting and altered views on the planet"
    },
    {
      "question": "What historical series is revisited in the programming week?",
      "options": [
        "Only new shows",
        "Episodes from Planet Earth, Blue Planet, and other Attenborough series",
        "Sports documentaries",
        "Fictional dramas"
      ],
      "correct_answer": "Episodes from Planet Earth, Blue Planet, and other Attenborough series"
    },
    {
      "question": "What broader purpose does the celebration serve beyond honoring Attenborough?",
      "options": [
        "Increasing BBC profits",
        "Reinforcing the BBC's educational and environmental outreach",
        "Promoting political agendas",
        "Focusing on entertainment only"
      ],
      "correct_answer": "Reinforcing the BBC's educational and environmental outreach"
    },
    {
      "question": "What methodological approach is used in the article to present information?",
      "options": [
        "Independent research studies",
        "BBC announcements and executive quotes",
        "Public surveys",
        "Scientific experiments"
      ],
      "correct_answer": "BBC announcements and executive quotes"
    },
    {
      "question": "How does the article characterize Attenborough's encounter with gorillas in Rwanda?",
      "options": [
        "As a minor incident",
        "As a famous and significant event in his career",
        "As a fictional story",
        "As a safety violation"
      ],
      "correct_answer": "As a famous and significant event in his career"
    }
  ],
  "background_read": [
    "Sir David Attenborough is an iconic figure in broadcasting, with a career spanning decades that has revolutionized natural history documentary filmmaking through series like Life on Earth and Planet Earth. The BBC, as a public service broadcaster, plays a crucial role in shaping cultural and educational discourse in the UK and globally. This centennial celebration intersects with broader themes of media legacy, environmental advocacy, and public science communication. Understanding this context involves examining Attenborough's influence on ecological awareness, the evolution of documentary techniques, and the BBC's strategic use of such events to bolster its reputation and engage audiences. This analysis highlights the interplay between individual achievement and institutional promotion in the media landscape."
  ],
  "Article_Structure": [
    "Main Points: The BBC's programming for Attenborough's 100th birthday includes new shows like Making Life on Earth and Secret Garden, plus a live event, emphasizing his legacy and conservation messages. Purpose: To commemorate Attenborough's impact on broadcasting and foster environmental stewardship within a cultural framework. Evidence Evaluation: Relies on BBC press releases and quotes from Jack Bootle, offering credible but internally sourced evidence without external verification. Author Credibility: BBC Science provides authoritative reporting, though potential bias exists as promotional content. Methodology: Descriptive reporting based on corporate announcements, lacking independent research or critical analysis. Critical Assessment: Strengths include detailed program descriptions and historical context; limitations involve promotional tone and absence of diverse perspectives or audience feedback."
  ],
  "perspectives": [
    {
      "perspective": "Institutional Promotion",
      "description": "The article functions as a promotional tool for the BBC, leveraging Attenborough's legacy to enhance brand image and viewer engagement."
    }
  ],
  "image_url": "/article_images/article_8e0974bf89c0b302_dd04e688174d.webp"
}