{
  "title": "Precision Search for Sterile Neutrinos: KATRIN's Null Result and Implications for Particle Physics",
  "summary": "The KATRIN collaboration has conducted the most precise direct search to date for sterile neutrinos, reporting a null result that challenges earlier anomalies and refines our understanding of particle physics. Neutrinos, as abundant matter particles, exhibit oscillations indicating mass, with the Standard Model encompassing three flavors. Sterile neutrinos, a hypothetical fourth type with minimal interactions, have been proposed to explain discrepancies in reactor-neutrino and gallium-source experiments. KATRIN, located at the Karlsruhe Institute of Technology, employs a windowless gaseous tritium source and high-resolution spectrometer to analyze β-decay, measuring electron energy spectra for distortions indicative of sterile neutrinos. Between 2019 and 2021, the experiment recorded approximately 36 million electrons over 259 days, achieving sub-percent accuracy and finding no evidence of sterile neutrinos. This result rules out a broad parameter space previously suggested by anomalies, including those from the Neutrino-4 experiment, and complements oscillation studies by probing energy distributions at neutrino creation. The collaboration emphasizes the complementary nature of KATRIN and reactor experiments like STEREO, which together constrain light sterile neutrinos across mass splittings. Future plans include continued data collection through 2025 and the TRISTAN detector upgrade in 2026 to enhance sensitivity and statistical power. This research underscores the iterative process of scientific inquiry, where null results are crucial for eliminating hypotheses and guiding theoretical developments in fundamental physics.",
  "keywords": [
    {
      "term": "sterile neutrinos",
      "explanation": "hypothetical neutrino flavors that do not interact via the weak force, proposed to explain experimental anomalies beyond the Standard Model"
    },
    {
      "term": "KATRIN collaboration",
      "explanation": "an international research team operating the Karlsruhe Tritium Neutrino experiment, focused on neutrino mass measurements and sterile neutrino searches"
    },
    {
      "term": "tritium β-decay spectroscopy",
      "explanation": "a technique analyzing the energy spectrum of electrons from tritium decay to infer neutrino properties and search for new particles"
    },
    {
      "term": "electron energy spectrum distortions",
      "explanation": "deviations in the expected energy distribution of decay electrons that could signal the production of sterile neutrinos"
    },
    {
      "term": "anomalies in neutrino experiments",
      "explanation": "unexplained results from prior studies, such as reactor neutrino deficits, that motivated the sterile neutrino hypothesis"
    },
    {
      "term": "complementary experimental approaches",
      "explanation": "the integration of direct methods like KATRIN with oscillation experiments to provide comprehensive constraints on neutrino physics"
    },
    {
      "term": "parameter space exclusion",
      "explanation": "the process of ruling out specific ranges of particle properties, such as mass and mixing angles, based on experimental data"
    },
    {
      "term": "TRISTAN detector upgrade",
      "explanation": "a planned enhancement to KATRIN enabling full-spectrum measurements with increased statistics for improved sensitivity to sterile neutrinos"
    }
  ],
  "questions": [
    {
      "question": "What is the primary objective of the KATRIN experiment as described in the article?",
      "options": [
        "To confirm the existence of sterile neutrinos",
        "To measure neutrino mass and search for sterile neutrinos via tritium β-decay",
        "To study neutrino oscillations in reactor experiments",
        "To develop new detector technologies for space research"
      ],
      "correct_answer": "To measure neutrino mass and search for sterile neutrinos via tritium β-decay"
    },
    {
      "question": "How does KATRIN's methodology differ from neutrino oscillation experiments?",
      "options": [
        "KATRIN observes neutrino changes over distance, while oscillation experiments measure energy at creation",
        "KATRIN analyzes electron energy spectra at neutrino production, while oscillation experiments track flavor transitions over time",
        "KATRIN uses gallium sources, while oscillation experiments use tritium",
        "KATRIN focuses on theoretical models, while oscillation experiments rely on direct detection"
      ],
      "correct_answer": "KATRIN analyzes electron energy spectra at neutrino production, while oscillation experiments track flavor transitions over time"
    },
    {
      "question": "What was the outcome of KATRIN's search for sterile neutrinos in this study?",
      "options": [
        "Evidence supporting sterile neutrinos",
        "A null result with no evidence found",
        "Inconclusive data requiring further analysis",
        "Confirmation of earlier anomalies"
      ],
      "correct_answer": "A null result with no evidence found"
    },
    {
      "question": "Which earlier experiments are mentioned as having suggested sterile neutrinos?",
      "options": [
        "KATRIN and TRISTAN",
        "Reactor-neutrino experiments and Neutrino-4",
        "STEREO and gallium-source measurements only",
        "Hubble Telescope and Large Hadron Collider"
      ],
      "correct_answer": "Reactor-neutrino experiments and Neutrino-4"
    },
    {
      "question": "What role does the TRISTAN detector play in future plans?",
      "options": [
        "It will replace KATRIN entirely",
        "It will measure neutrino oscillations directly",
        "It will record the full tritium β-decay spectrum with enhanced statistics",
        "It will focus on dark matter detection"
      ],
      "correct_answer": "It will record the full tritium β-decay spectrum with enhanced statistics"
    },
    {
      "question": "How does KATRIN's result impact the sterile neutrino hypothesis?",
      "options": [
        "It confirms the hypothesis across all parameter spaces",
        "It rules out a broad range of possibilities and contradicts prior claims",
        "It has no significant impact due to methodological limitations",
        "It suggests sterile neutrinos exist but in a different form"
      ],
      "correct_answer": "It rules out a broad range of possibilities and contradicts prior claims"
    },
    {
      "question": "What is the significance of KATRIN's low background in its measurements?",
      "options": [
        "It allows for detection of more particle types",
        "It ensures most electrons come from tritium decay, enabling clean energy spectrum analysis",
        "It reduces the need for statistical analysis",
        "It makes the experiment cheaper to operate"
      ],
      "correct_answer": "It ensures most electrons come from tritium decay, enabling clean energy spectrum analysis"
    },
    {
      "question": "How do KATRIN and reactor experiments like STEREO complement each other?",
      "options": [
        "They use identical methods to cross-verify results",
        "They probe different mass splitting ranges, providing comprehensive constraints",
        "They focus on different particles entirely",
        "They compete to achieve faster results"
      ],
      "correct_answer": "They probe different mass splitting ranges, providing comprehensive constraints"
    },
    {
      "question": "What is the expected outcome of KATRIN's continued data collection through 2025?",
      "options": [
        "A decrease in sensitivity due to equipment aging",
        "Improved sensitivity and stricter tests for light sterile neutrinos",
        "A shift in focus to dark energy research",
        "Completion of all neutrino-related studies"
      ],
      "correct_answer": "Improved sensitivity and stricter tests for light sterile neutrinos"
    },
    {
      "question": "What broader implication does this research have for particle physics?",
      "options": [
        "It finalizes the Standard Model with no need for revisions",
        "It highlights the importance of null results in refining theories and guiding future inquiries",
        "It suggests abandoning the search for new particles",
        "It confirms all prior experimental anomalies as valid"
      ],
      "correct_answer": "It highlights the importance of null results in refining theories and guiding future inquiries"
    }
  ],
  "background_read": [
    "Neutrinos are elementary particles with minuscule masses and weak interactions, making them pivotal in particle physics and cosmology. The Standard Model includes three neutrino flavors, but neutrino oscillation discoveries imply mass and potential physics beyond the model. Sterile neutrinos are theoretical extensions proposed to address anomalies, such as the reactor antineutrino anomaly and gallium deficit, which could indicate new particles or interactions. Experiments like KATRIN utilize precision spectroscopy of tritium β-decay to probe neutrino properties directly, while oscillation experiments observe flavor changes. The interplay between these methods is essential for constraining neutrino parameters and testing fundamental theories. This context underscores the iterative nature of scientific progress, where both positive and null results drive theoretical advancements and experimental design."
  ],
  "Article_Structure": [
    "Main Points: The article details KATRIN's precise search for sterile neutrinos through tritium β-decay spectroscopy, resulting in a null finding that contradicts earlier anomalies and refines theoretical models. Purpose: To communicate advancements in experimental particle physics, emphasizing the role of high-precision measurements in testing hypotheses and shaping the Standard Model's evolution. Evidence Evaluation: KATRIN's evidence is robust, with low-background data and sub-percent accuracy, though it is contextualized by complementary methods and historical anomalies, requiring critical assessment of source reliability. Author Credibility: The study is authored by the KATRIN collaboration, published in Nature, with contributors from reputable institutions, ensuring expertise but necessitating consideration of potential biases in experimental design. Methodology: The methodology involves a windowless gaseous tritium source and spectrometer for electron energy measurement, with data collection over extended periods and statistical analysis compared to decay models. Critical Assessment: Strengths include unprecedented precision and complementary approaches, while limitations involve the inherent challenges of direct detection and the need for ongoing data to fully exclude sterile neutrino possibilities."
  ],
  "perspectives": [
    {
      "perspective": "Theoretical and experimental synergy",
      "description": "Highlights how null results from precise experiments like KATRIN inform and constrain theoretical models in particle physics, driving scientific progress."
    }
  ],
  "image_url": "/article_images/article_2faf0a5475f0376a_0ff2040924e8.webp"
}