{
  "title": "Heathrow's Adoption of CT Scanners: A Paradigm Shift in Airport Security and Passenger Experience",
  "summary": "Heathrow Airport has achieved a milestone by fully deploying advanced CT scanners across all terminals, positioning itself as the world's largest airport with this comprehensive upgrade. This technological advancement permits passengers to retain liquids in containers up to two liters within their carry-on luggage, abolishing the necessity for clear plastic bags and the extraction of electronic devices such as laptops during security screenings. The primary objectives are to augment operational efficiency, capable of processing thousands of passengers hourly, while upholding stringent safety and security protocols. Nevertheless, this regulatory modification is exclusively applicable to departures from Heathrow, necessitating that travelers ascertain luggage constraints at their destination airports, particularly for return journeys to the UK. Other UK airports, including Gatwick, Edinburgh, and Birmingham, have similarly integrated these scanners and elevated liquid limits, yet some await authorization from the Department for Transport to transition from the 100ml threshold. A Which? report cautions that the heightened sensitivity of the new scanners may precipitate an increase in manual baggage inspections, posing a potential trade-off between convenience and security scrutiny. The rollout has encountered protracted delays, initially promised by Boris Johnson in 2019 for completion by 2022, but impeded by the pandemic, with a subsequent June 2024 deadline partially met by smaller airports while major hubs like Heathrow experienced setbacks. This evolution signifies a transformative overhaul in airport security regulations, reflecting broader technological integration and policy adaptations within the aviation sector.",
  "keywords": [
    {
      "term": "CT scanners",
      "explanation": "computed tomography scanners that generate high-resolution 3D images for enhanced security analysis"
    },
    {
      "term": "operational efficiency",
      "explanation": "the optimization of processes to maximize throughput and reduce bottlenecks in airport security"
    },
    {
      "term": "regulatory modification",
      "explanation": "changes in official rules and guidelines governing airport security procedures"
    },
    {
      "term": "Department for Transport",
      "explanation": "the UK governmental agency overseeing transport infrastructure, policies, and regulatory approvals"
    },
    {
      "term": "sensitivity",
      "explanation": "the ability of scanners to detect minute details, which may increase false positives and manual checks"
    },
    {
      "term": "transformative overhaul",
      "explanation": "a comprehensive and fundamental change in systems or practices, such as airport security rules"
    }
  ],
  "questions": [
    {
      "question": "What distinguishes Heathrow's implementation of CT scanners from other airports?",
      "options": [
        "It is the world's largest airport with full rollout",
        "It is the first to use them in the UK",
        "It has banned liquids entirely",
        "It only uses them for international flights"
      ],
      "correct_answer": "It is the world's largest airport with full rollout"
    },
    {
      "question": "How does the new liquid limit at Heathrow impact passenger procedures?",
      "options": [
        "Eliminates need for clear plastic bags and device removal",
        "Requires more time for security checks",
        "Increases liquid restrictions to 100ml",
        "Mandates additional screening for all liquids"
      ],
      "correct_answer": "Eliminates need for clear plastic bags and device removal"
    },
    {
      "question": "What potential issue arises from the scanners' sensitivity according to the Which? report?",
      "options": [
        "Decreased security standards",
        "Increased manual bag searches",
        "Higher equipment costs",
        "Reduced passenger throughput"
      ],
      "correct_answer": "Increased manual bag searches"
    },
    {
      "question": "Which factor contributed to the delay in meeting the original 2022 deadline for rule changes?",
      "options": [
        "The COVID-19 pandemic",
        "Technical malfunctions",
        "Lack of government funding",
        "Passenger opposition"
      ],
      "correct_answer": "The COVID-19 pandemic"
    },
    {
      "question": "What is the role of the Department for Transport in this context?",
      "options": [
        "Approving liquid limit increases for some airports",
        "Manufacturing the scanners",
        "Operating Heathrow Airport",
        "Setting international security standards"
      ],
      "correct_answer": "Approving liquid limit increases for some airports"
    },
    {
      "question": "How does the article characterize the broader impact of this technological upgrade?",
      "options": [
        "As a minor adjustment",
        "As the biggest shake-up in decades",
        "As irrelevant to passenger experience",
        "As a temporary measure"
      ],
      "correct_answer": "As the biggest shake-up in decades"
    },
    {
      "question": "Which airports are cited as having already increased liquid limits to two liters?",
      "options": [
        "Gatwick, Edinburgh, Birmingham, Bristol, and Belfast",
        "Only Heathrow",
        "All UK airports",
        "None outside London"
      ],
      "correct_answer": "Gatwick, Edinburgh, Birmingham, Bristol, and Belfast"
    },
    {
      "question": "What is a key benefit highlighted by Heathrow regarding the new scanners?",
      "options": [
        "They service thousands of passengers per hour with greater efficiency",
        "They reduce the need for any security personnel",
        "They lower operational costs significantly",
        "They eliminate all manual checks"
      ],
      "correct_answer": "They service thousands of passengers per hour with greater efficiency"
    },
    {
      "question": "Why must passengers check restrictions at other airports when returning to the UK?",
      "options": [
        "Because the rule change only applies to Heathrow departures",
        "Because all airports have uniform rules now",
        "Because international flights have different standards",
        "Because the UK has no security rules"
      ],
      "correct_answer": "Because the rule change only applies to Heathrow departures"
    },
    {
      "question": "What does the article suggest about the June 2024 deadline for scanner installation?",
      "options": [
        "It was achieved by all airports",
        "It was missed by Heathrow but met by some smaller airports",
        "It was extended indefinitely",
        "It was never officially set"
      ],
      "correct_answer": "It was missed by Heathrow but met by some smaller airports"
    }
  ],
  "background_read": [
    "The evolution of airport security measures has been driven by global terror incidents, leading to stringent protocols such as the 100ml liquid limit post-2006. CT scanning technology, originally medical, has been adapted for aviation to provide superior imaging, enabling a reassessment of these restrictions. In the UK, political commitments under Boris Johnson aimed to modernize security by 2022, but logistical and pandemic-related hurdles caused delays. The Department for Transport plays a critical role in regulating these changes, balancing innovation with safety compliance. Consumer advocacy groups like Which? offer independent evaluations, highlighting trade-offs like increased manual searches. This context is essential for high school students to understand the interplay between technology, policy, and public safety in contemporary aviation, illustrating how systemic changes are implemented amidst complex challenges."
  ],
  "Article_Structure": [
    "Main Points: Heathrow's full CT scanner rollout allows two-liter liquids and electronics in bags, enhancing efficiency but limited to departures, with other UK airports adopting similar tech amid regulatory delays. Purpose: To analyze a significant security transformation, its technological drivers, and the socio-political factors influencing implementation. Evidence Evaluation: Sources include airport statements, government announcements, and a Which? report, offering credible but potentially biased perspectives from stakeholders. Author Credibility: BBC News provides journalistic rigor, though the article lacks in-depth technical expertise on scanner functionality. Methodology: Synthesizes official updates, historical context, and consumer research to present a multifaceted view. Critical Assessment: Strengths lie in highlighting efficiency gains and passenger benefits, but limitations include minimal discussion of cost implications or long-term security efficacy, with reliance on provisional data."
  ],
  "perspectives": [
    {
      "perspective": "Technological innovation",
      "description": "Emphasizes how CT scanners drive procedural changes and efficiency in airport security."
    },
    {
      "perspective": "Policy implementation",
      "description": "Examines governmental roles and delays in executing security upgrades across airports."
    }
  ],
  "image_url": "/article_images/article_6d34f1bc1fef2e54_86009009315b.webp"
}