{
  "title": "Ronan Keating's New Year's Eve Performance and Its Impact",
  "summary": "Ronan Keating, a well-known singer and former member of Boyzone, is set to headline BBC One's New Year's Eve show, which airs around the midnight fireworks. He expresses that the performance aims to offer optimism and joy, particularly for individuals who may experience loneliness or hardship during the holiday season. Keating feels honored to follow in the footsteps of previous performers like Robbie Williams and Sophie Ellis-Bextor, acknowledging the show's tradition since 2013 of attracting large TV audiences. During rehearsals at London's Riverside Studios, he reflects on the significance of the event, using humor and personal anecdotes, such as joking about a giant light display of his name. The article also notes that these annual shows often feature guest appearances, with Keating collaborating with an old flatmate, Louise, from the group Eternal, to enhance the entertainment value.",
  "keywords": [
    {
      "term": "headline",
      "explanation": "to be the main performer in a show"
    },
    {
      "term": "optimism",
      "explanation": "a positive outlook or hope for the future"
    },
    {
      "term": "tradition",
      "explanation": "a custom or practice that has been done for a long time"
    },
    {
      "term": "rehearsals",
      "explanation": "practice sessions before a performance"
    },
    {
      "term": "guest appearances",
      "explanation": "when other famous people join a show briefly"
    },
    {
      "term": "collaborating",
      "explanation": "working together with others on a project"
    },
    {
      "term": "anecdotes",
      "explanation": "short, interesting stories from personal experience"
    },
    {
      "term": "significance",
      "explanation": "the importance or meaning of something"
    }
  ],
  "questions": [
    {
      "question": "What is the main purpose of Ronan Keating's New Year's Eve show?",
      "options": [
        "To bring joy and optimism",
        "To promote his new album",
        "To compete with other singers",
        "To raise money for charity"
      ],
      "correct_answer": "To bring joy and optimism"
    },
    {
      "question": "Where did Keating conduct rehearsals for the show?",
      "options": [
        "Riverside Studios in London",
        "A stadium in Manchester",
        "A TV studio in New York",
        "His home in Ireland"
      ],
      "correct_answer": "Riverside Studios in London"
    },
    {
      "question": "Since when has the BBC One New Year's Eve show tradition been running?",
      "options": [
        "2013",
        "2005",
        "2010",
        "2018"
      ],
      "correct_answer": "2013"
    },
    {
      "question": "Who performed in the New Year's Eve slot last year according to the article?",
      "options": [
        "Sophie Ellis-Bextor",
        "Alicia Keys",
        "Madness",
        "Olly Alexander"
      ],
      "correct_answer": "Sophie Ellis-Bextor"
    },
    {
      "question": "What does Keating joke about regarding the giant light display?",
      "options": [
        "Putting it in his bedroom",
        "Selling it after the show",
        "Giving it to a friend",
        "Using it for another concert"
      ],
      "correct_answer": "Putting it in his bedroom"
    },
    {
      "question": "Who is Keating collaborating with for the show?",
      "options": [
        "An old flatmate named Louise",
        "Kylie Minogue",
        "Pet Shop Boys",
        "Justin Hawkins"
      ],
      "correct_answer": "An old flatmate named Louise"
    },
    {
      "question": "How does Keating describe his feelings about performing in the show?",
      "options": [
        "Honored and excited",
        "Nervous and scared",
        "Bored and uninterested",
        "Angry and frustrated"
      ],
      "correct_answer": "Honored and excited"
    },
    {
      "question": "What type of audience does the New Year's Eve show typically attract?",
      "options": [
        "The biggest TV audience for music programs",
        "A small group of fans",
        "Only local viewers",
        "International tourists"
      ],
      "correct_answer": "The biggest TV audience for music programs"
    }
  ],
  "background_read": [
    "Ronan Keating is an Irish singer-songwriter who gained fame as a member of the boy band Boyzone in the 1990s. He has since pursued a successful solo career with hits like 'Life Is a Rollercoaster'. New Year's Eve is a global celebration marking the transition to a new year, often featuring televised events with musical performances and fireworks. The BBC One New Year's Eve show is a prominent UK broadcast that started in 2013, featuring high-profile artists to entertain millions of viewers. This article highlights Keating's role in continuing this tradition, emphasizing themes of community and emotional support during the holidays."
  ],
  "Article_Structure": [
    "Main Points: Ronan Keating headlines BBC One's New Year's Eve show to provide joy and optimism, especially for those feeling lonely. He feels honored to join a tradition since 2013 with past performers like Robbie Williams. Purpose: The article aims to inform readers about Keating's performance and its emotional significance, promoting holiday entertainment. Evidence Evaluation: Relies on direct quotes from Keating during rehearsals and references to past shows, offering credible but informal insights. Author Credibility: As a BBC Entertainment piece, it likely has reliable sourcing but focuses on promotional content. Methodology: Based on an interview with Keating and background on the show's history, using descriptive reporting."
  ],
  "perspectives": [
    {
      "perspective": "Cultural Tradition",
      "description": "The show represents a modern holiday custom that brings people together through media."
    },
    {
      "perspective": "Personal Motivation",
      "description": "Keating's desire to comfort others reflects his empathetic approach to performance."
    }
  ],
  "image_url": "/article_images/article_7e2a16fb5abdd6d8_5b7439fef574.webp"
}