{
  "title": "Unveiling Light's Magnetic Influence",
  "summary": "Recent scientific research has revealed that the magnetic component of light plays a much more significant role than previously assumed. A team of researchers found that this magnetic field substantially influences the rotation of light as it travels through specific materials, challenging the long-standing understanding of the Faraday Effect, which dates back nearly two centuries. The Faraday Effect, discovered by Michael Faraday in 1845, describes how light's polarization rotates in a magnetic field, but the new findings suggest that the magnetic aspect of light itself is crucial. This breakthrough not only deepens our knowledge of electromagnetism but also opens up possibilities for advancing optical technologies, such as improved sensors, imaging systems, and magnetic devices. By re-evaluating fundamental principles, this study encourages further exploration in physics and engineering, potentially leading to innovative applications that enhance everyday technology.",
  "keywords": [
    {
      "term": "magnetic field",
      "explanation": "a region around a magnetic material or moving electric charge where magnetic forces are exerted"
    },
    {
      "term": "Faraday Effect",
      "explanation": "a phenomenon where the polarization plane of light rotates when passing through a material in a magnetic field"
    },
    {
      "term": "light rotation",
      "explanation": "the twisting or change in direction of light waves, often related to polarization"
    },
    {
      "term": "optical technologies",
      "explanation": "devices and systems that use light, such as lasers, lenses, and fiber optics"
    },
    {
      "term": "electromagnetism",
      "explanation": "the branch of physics dealing with electric and magnetic fields and their interactions"
    },
    {
      "term": "polarization",
      "explanation": "the orientation of light waves in a specific direction"
    },
    {
      "term": "research team",
      "explanation": "a group of scientists working together to investigate and validate findings"
    },
    {
      "term": "scientific challenge",
      "explanation": "questioning or updating established theories based on new evidence"
    },
    {
      "term": "materials science",
      "explanation": "the study of the properties and applications of materials"
    },
    {
      "term": "innovation",
      "explanation": "the process of introducing new ideas or methods"
    }
  ],
  "questions": [
    {
      "question": "What is the main finding of the research described in the article?",
      "options": [
        "Light's electric field is weak",
        "Light's magnetic field is highly influential",
        "The Faraday Effect is incorrect",
        "Light does not rotate"
      ],
      "correct_answer": "Light's magnetic field is highly influential"
    },
    {
      "question": "How does the magnetic component affect light?",
      "options": [
        "It stops light",
        "It makes light brighter",
        "It influences light's rotation",
        "It changes light's color"
      ],
      "correct_answer": "It influences light's rotation"
    },
    {
      "question": "What historical concept does this research challenge?",
      "options": [
        "Newton's laws",
        "The Faraday Effect",
        "Einstein's theory",
        "Quantum mechanics"
      ],
      "correct_answer": "The Faraday Effect"
    },
    {
      "question": "When was the Faraday Effect first discovered?",
      "options": [
        "1700s",
        "1800s",
        "1900s",
        "2000s"
      ],
      "correct_answer": "1800s"
    },
    {
      "question": "What potential applications are mentioned?",
      "options": [
        "New optical and magnetic technologies",
        "Faster computers",
        "Space travel",
        "Renewable energy"
      ],
      "correct_answer": "New optical and magnetic technologies"
    },
    {
      "question": "What is the source of this article?",
      "options": [
        "Science Daily",
        "A textbook",
        "A novel",
        "A social media post"
      ],
      "correct_answer": "Science Daily"
    },
    {
      "question": "What branch of physics is primarily involved?",
      "options": [
        "Electromagnetism",
        "Thermodynamics",
        "Mechanics",
        "Acoustics"
      ],
      "correct_answer": "Electromagnetism"
    },
    {
      "question": "Why is this discovery significant for science?",
      "options": [
        "It confirms old theories",
        "It challenges and updates understanding",
        "It has no impact",
        "It only affects magnets"
      ],
      "correct_answer": "It challenges and updates understanding"
    },
    {
      "question": "What does polarization refer to in this context?",
      "options": [
        "The direction of light waves",
        "The speed of light",
        "The color of light",
        "The intensity of light"
      ],
      "correct_answer": "The direction of light waves"
    },
    {
      "question": "How might this research influence future studies?",
      "options": [
        "By encouraging more experiments in light-matter interactions",
        "By ending research on light",
        "By focusing only on electric fields",
        "By disproving all magnetic theories"
      ],
      "correct_answer": "By encouraging more experiments in light-matter interactions"
    }
  ],
  "background_read": [
    "Light is an electromagnetic wave composed of oscillating electric and magnetic fields. The Faraday Effect, discovered by Michael Faraday in 1845, demonstrated that light's polarization rotates when it passes through a material in a magnetic field, leading to insights in optics and magnetism. For nearly 200 years, scientists emphasized the electric component, but recent advances show the magnetic field's greater role. This research builds on classical physics and could impact technologies like optical isolators, sensors, and communication devices. Understanding these principles helps in fields like engineering and physics, driving innovation."
  ],
  "Article_Structure": [
    "This article presents main points about the underestimated influence of light's magnetic field on rotation in materials, challenging the Faraday Effect. The purpose is to report groundbreaking research that updates scientific understanding and highlights potential technological advances. Evidence evaluation relies on experimental findings from a research team, though specific methods aren't detailed, suggesting peer-reviewed sources. Author credibility is implied through publication on Science Daily, which disseminates reputable research. Methodology likely involves laboratory experiments measuring light behavior, but critical assessment notes the need for more details on experimental setup and peer validation to fully assess reliability."
  ],
  "perspectives": [
    {
      "perspective": "Scientific Revision",
      "description": "This perspective emphasizes how new evidence can revise long-held scientific theories, promoting progress."
    },
    {
      "perspective": "Technological Innovation",
      "description": "Focuses on the practical applications, such as developing new optical devices that leverage magnetic effects."
    }
  ],
  "image_url": "/article_images/article_d526e806ae0a7ecb_01296b1cd071.webp"
}