{
  "title": "NASA's Renewed Push for Lunar Exploration Under Artemis",
  "summary": "NASA is advancing its space exploration efforts, with a key focus on sending astronauts around the Moon through the Artemis II mission, marking the first such journey in over five decades. This initiative is part of the broader Artemis campaign, which aims to establish a sustained human presence on the lunar surface by 2028. Under President Trump's administration, NASA has seen increased support through policies like the National Space Policy and funding from the Working Families Tax Cut Act, enabling ambitious goals. The agency has completed multiple human spaceflight and science missions, tested new experimental aircraft, and accelerated work on lunar exploration, Earth science, and Mars technologies. NASA leadership emphasizes that these achievements reflect a clear direction toward American space leadership, with plans to continue launching science missions, such as the Nancy Grace Roman Space Telescope, and developing nuclear propulsion for deep space travel. The overall momentum is driven by a motivated workforce and strong partnerships.",
  "keywords": [
    {
      "term": "Artemis II",
      "explanation": "a NASA mission to send astronauts around the Moon"
    },
    {
      "term": "lunar exploration",
      "explanation": "the study and travel to the Moon"
    },
    {
      "term": "National Space Policy",
      "explanation": "a government plan guiding space activities"
    },
    {
      "term": "Working Families Tax Cut Act",
      "explanation": "a law providing funding for NASA"
    },
    {
      "term": "human spaceflight",
      "explanation": "missions involving astronauts in space"
    },
    {
      "term": "nuclear propulsion",
      "explanation": "technology using nuclear power for space travel"
    },
    {
      "term": "Nancy Grace Roman Space Telescope",
      "explanation": "a NASA telescope for space discovery"
    },
    {
      "term": "Mars technologies",
      "explanation": "tools and systems for future missions to Mars"
    }
  ],
  "questions": [
    {
      "question": "What is the main goal of the Artemis II mission?",
      "options": [
        "Land on Mars",
        "Send astronauts around the Moon",
        "Launch a telescope",
        "Test a new airplane"
      ],
      "correct_answer": "Send astronauts around the Moon"
    },
    {
      "question": "How does NASA's funding support its missions?",
      "options": [
        "Through private donations",
        "From the Working Families Tax Cut Act",
        "By selling rockets",
        "From international fees"
      ],
      "correct_answer": "From the Working Families Tax Cut Act"
    },
    {
      "question": "What policy guides NASA's current direction?",
      "options": [
        "The Apollo Policy",
        "The National Space Policy",
        "The Space Force Act",
        "The Moon Treaty"
      ],
      "correct_answer": "The National Space Policy"
    },
    {
      "question": "What technology is NASA developing for deep space travel?",
      "options": [
        "Solar sails",
        "Nuclear propulsion",
        "Electric cars",
        "Wind turbines"
      ],
      "correct_answer": "Nuclear propulsion"
    },
    {
      "question": "By when does NASA plan to land astronauts on the Moon?",
      "options": [
        "2025",
        "2028",
        "2035",
        "2040"
      ],
      "correct_answer": "2028"
    },
    {
      "question": "What is the Nancy Grace Roman Space Telescope used for?",
      "options": [
        "Studying Earth",
        "Science missions and discovery",
        "Testing airplanes",
        "Monitoring astronauts"
      ],
      "correct_answer": "Science missions and discovery"
    },
    {
      "question": "How many nations are part of the Artemis Accords?",
      "options": [
        "10",
        "30",
        "60",
        "100"
      ],
      "correct_answer": "60"
    },
    {
      "question": "What does NASA aim to establish on the Moon?",
      "options": [
        "A temporary camp",
        "A sustained human presence",
        "A rocket factory",
        "A tourist hotel"
      ],
      "correct_answer": "A sustained human presence"
    }
  ],
  "background_read": [
    "NASA, the U.S. space agency, has a long history of exploration, including the Apollo Moon landings. The Artemis program is its modern effort to return humans to the Moon and beyond, involving international partners through the Artemis Accords. Space policies under recent administrations have shaped NASA's goals, with funding acts like the Working Families Tax Cut Act providing financial support. Key technologies, such as nuclear propulsion, are crucial for future missions to Mars and deeper space, reflecting advances in science and engineering."
  ],
  "Article_Structure": [
    "Main Points: NASA is advancing lunar exploration through Artemis II, with support from policies and funding, aiming for a sustained Moon presence by 2028 and developing technologies for Mars. Purpose: To report on NASA's progress under the Trump administration, emphasizing American leadership in space. Evidence Evaluation: The article cites specific missions, policies, and quotes from NASA officials, but relies on agency statements without independent verification. Author Credibility: Source is Science Daily, a reputable science news outlet, but the content is based on NASA press releases. Methodology: Information is gathered from NASA reports and official statements, presented in a news format."
  ],
  "perspectives": [
    {
      "perspective": "NASA's perspective",
      "description": "NASA views its efforts as successful and driven by clear policy, aiming to inspire and lead in space exploration."
    }
  ],
  "image_url": "/article_images/article_03fdfb4bcd3eeea8_c68ed829024d.webp"
}