{
  "title": "Brigitte Bardot: A Famous Actress Who Loved Animals",
  "summary": "Brigitte Bardot was a French actress who became very famous in the 1950s and 1960s. She starred in movies like 'And God Created Woman,' which made her a big star around the world. Bardot was known for her beauty and her roles that showed women as free and strong. She also started fashion trends with her hair and makeup. Later in her life, she stopped acting to help animals. She started a foundation to protect animals from hunting and testing. Bardot lived in Saint-Tropez and focused on her animal rights work until she died at age 91. Her life was full of glamour, movies, and helping animals.",
  "keywords": [
    {
      "term": "actress",
      "explanation": "a woman who acts in movies or plays"
    },
    {
      "term": "famous",
      "explanation": "known by many people"
    },
    {
      "term": "movies",
      "explanation": "films that tell stories with actors"
    },
    {
      "term": "animal rights",
      "explanation": "protecting animals from harm"
    },
    {
      "term": "foundation",
      "explanation": "an organization that helps a cause"
    }
  ],
  "questions": [
    {
      "question": "What was Brigitte Bardot's job?",
      "options": [
        "Actress",
        "Teacher",
        "Doctor",
        "Chef"
      ],
      "correct_answer": "Actress"
    },
    {
      "question": "In which country was Bardot born?",
      "options": [
        "France",
        "USA",
        "Italy",
        "Germany"
      ],
      "correct_answer": "France"
    },
    {
      "question": "What movie made Bardot famous?",
      "options": [
        "And God Created Woman",
        "The Truth",
        "Contempt",
        "Viva Maria!"
      ],
      "correct_answer": "And God Created Woman"
    },
    {
      "question": "What did Bardot do after she stopped acting?",
      "options": [
        "Helped animals",
        "Became a dancer",
        "Started a restaurant",
        "Wrote books"
      ],
      "correct_answer": "Helped animals"
    },
    {
      "question": "Where did Bardot live later in her life?",
      "options": [
        "Saint-Tropez",
        "Paris",
        "London",
        "New York"
      ],
      "correct_answer": "Saint-Tropez"
    },
    {
      "question": "How old was Bardot when she died?",
      "options": [
        "91",
        "85",
        "75",
        "100"
      ],
      "correct_answer": "91"
    }
  ],
  "background_read": [
    "Brigitte Bardot was a famous actress from France who lived from 1934 to 2025. She became a star in the 1950s with movies that showed new ideas about women. Later, she used her fame to help animals by starting a foundation. This article talks about her life, from her early days as a ballerina to her work as an activist. It shows how she changed from being a movie icon to someone who cared deeply about animal rights."
  ],
  "Article_Structure": [
    "WHO: Brigitte Bardot, a French actress and animal rights activist.",
    "WHAT: She starred in famous movies and later helped animals.",
    "WHERE: She was born in Paris and lived in Saint-Tropez.",
    "WHY: To share her story of fame and her passion for animal protection."
  ],
  "perspectives": [
    {
      "perspective": "Bardot as a movie star",
      "description": "She was a glamorous actress who inspired many with her roles."
    },
    {
      "perspective": "Bardot as an activist",
      "description": "She dedicated her life to fighting for animal rights after retiring from acting."
    }
  ],
  "image_url": "/article_images/article_402da765e9ff5015_10a2be7ff413.webp"
}