{
  "title": "Fiscal Priorities and Social Realities: An Analysis of Scottish Budget Pressures Through Citizen Testimonies",
  "summary": "Amidst Scotland's Budget Day deliberations at Holyrood, this article examines the intersection of fiscal policy and social welfare through the lens of voter testimonies, with implications for the impending election. It foregrounds the narratives of Megan, a retail assistant from Airdrie facing eviction as her landlord sells the property, and Alan, a long-term retail employee from Kilmarnock grappling with low household earnings. Megan articulates a crisis of housing affordability, wherein exorbitant private rents jeopardize her mental well-being and aspirational independence, prompting calls for enhanced governmental oversight of councils and subsidized support mechanisms. Concurrently, she critiques escalating public transport costs, advocating for improved connectivity to Glasgow. Alan's account underscores the precarity of low-wage labor, as even earnings above the National Minimum Wage prove insufficient for financial stability, highlighting systemic economic disparities. The article synthesizes these personal accounts to illustrate broader policy challenges: housing market failures, inadequate social safety nets, and transport infrastructure deficits. By contextualizing individual struggles within macroeconomic frameworks, it underscores the political stakes of budget allocations, urging policymakers to prioritize equitable resource distribution. This analysis reveals how grassroots voices can shape public discourse, emphasizing the need for evidence-based interventions to address structural inequalities in Scotland's socio-economic landscape.",
  "keywords": [
    {
      "term": "fiscal policy",
      "explanation": "government strategies regarding taxation and spending to influence the economy"
    },
    {
      "term": "housing affordability",
      "explanation": "the degree to which housing costs align with income levels, often a barrier to independent living"
    },
    {
      "term": "eviction",
      "explanation": "the legal process of removing tenants from property, often due to landlord decisions"
    },
    {
      "term": "low-wage labor",
      "explanation": "employment that provides minimal earnings, contributing to financial insecurity"
    },
    {
      "term": "social safety nets",
      "explanation": "government programs designed to support individuals in economic hardship"
    },
    {
      "term": "systemic economic disparities",
      "explanation": "inequalities embedded within economic structures, affecting access to resources"
    },
    {
      "term": "grassroots voices",
      "explanation": "perspectives from ordinary citizens, often used to inform policy debates"
    },
    {
      "term": "structural inequalities",
      "explanation": "deep-rooted social and economic imbalances that perpetuate disadvantage"
    }
  ],
  "questions": [
    {
      "question": "How does the article frame Budget Day in relation to social welfare issues?",
      "options": [
        "As a critical juncture for addressing housing and income disparities",
        "As a routine administrative event",
        "As focused solely on tax increases",
        "As irrelevant to citizen concerns"
      ],
      "correct_answer": "As a critical juncture for addressing housing and income disparities"
    },
    {
      "question": "What specific housing challenge does Megan face, and what are its psychological impacts?",
      "options": [
        "Eviction due to landlord sales, leading to mental health issues",
        "High mortgage rates causing stress",
        "Overcrowding in social housing",
        "Lack of home insurance"
      ],
      "correct_answer": "Eviction due to landlord sales, leading to mental health issues"
    },
    {
      "question": "In what way does Alan's experience illustrate the limitations of the National Minimum Wage?",
      "options": [
        "It shows earnings above it can still result in financial instability",
        "It proves it is sufficient for all households",
        "It highlights its role in reducing unemployment",
        "It demonstrates its impact on public transport"
      ],
      "correct_answer": "It shows earnings above it can still result in financial instability"
    },
    {
      "question": "What policy recommendation does Megan make regarding local councils?",
      "options": [
        "Enhanced governmental monitoring and support for housing assistance",
        "Privatization of council services",
        "Reduction in council funding",
        "Elimination of council roles"
      ],
      "correct_answer": "Enhanced governmental monitoring and support for housing assistance"
    },
    {
      "question": "How does the article connect individual testimonies to broader economic frameworks?",
      "options": [
        "By linking personal struggles to systemic issues like market failures",
        "By ignoring macroeconomic contexts",
        "By focusing only on individual solutions",
        "By emphasizing cultural factors over economics"
      ],
      "correct_answer": "By linking personal struggles to systemic issues like market failures"
    },
    {
      "question": "What role does public transport play in Megan's narrative?",
      "options": [
        "As an additional financial burden affecting accessibility",
        "As a minor concern compared to housing",
        "As a solution to housing problems",
        "As unrelated to budget discussions"
      ],
      "correct_answer": "As an additional financial burden affecting accessibility"
    },
    {
      "question": "How does the article assess the evidence provided by voter testimonies?",
      "options": [
        "As qualitative insights that humanize issues but lack statistical rigor",
        "As comprehensive data sets for policy analysis",
        "As irrelevant to budget decisions",
        "As biased and unreliable"
      ],
      "correct_answer": "As qualitative insights that humanize issues but lack statistical rigor"
    },
    {
      "question": "What critical assessment can be made of the article's methodology?",
      "options": [
        "It relies on anecdotal evidence, limiting generalizability",
        "It uses extensive surveys for robust findings",
        "It excludes government perspectives entirely",
        "It focuses solely on economic models"
      ],
      "correct_answer": "It relies on anecdotal evidence, limiting generalizability"
    },
    {
      "question": "How does the article address author credibility?",
      "options": [
        "By sourcing from BBC News, implying journalistic standards",
        "By providing detailed author biographies",
        "By citing academic research extensively",
        "By avoiding any mention of sources"
      ],
      "correct_answer": "By sourcing from BBC News, implying journalistic standards"
    },
    {
      "question": "What broader political implication does the article suggest regarding the upcoming election?",
      "options": [
        "That voter concerns may influence policy priorities and electoral outcomes",
        "That budgets are unrelated to elections",
        "That only economic experts shape decisions",
        "That housing issues are declining in importance"
      ],
      "correct_answer": "That voter concerns may influence policy priorities and electoral outcomes"
    }
  ],
  "background_read": [
    "Scotland's Budget Day is a pivotal event in its political calendar, where the Scottish Parliament at Holyrood allocates funds across sectors such as housing, education, and social benefits. This process occurs within a devolved governance framework, allowing Scotland autonomy over certain fiscal matters. The context includes rising housing costs, with private rents often outpacing wage growth, leading to increased evictions and housing insecurity. Low-wage economies, even with protections like the National Minimum Wage, struggle to provide livable incomes, exacerbating poverty. Public transport infrastructure, particularly in urban centers like Glasgow, faces funding challenges that affect affordability and accessibility. The upcoming election amplifies the significance of budget decisions, as parties vie to address voter grievances. This article draws on qualitative methodologies, interviewing citizens to capture lived experiences, which, while insightful, may not represent broader statistical trends. Understanding these elements is crucial for analyzing how fiscal policies intersect with social justice and electoral politics in contemporary Scotland."
  ],
  "Article_Structure": [
    "This article offers an in-depth analysis of Scottish budget pressures through citizen testimonies. Main points detail Megan's housing affordability crisis and Alan's low-earner struggles, highlighting systemic issues like market failures and inadequate safety nets. The purpose is to contextualize individual narratives within macroeconomic and political frameworks, urging equitable policy responses. Evidence evaluation notes the qualitative, anecdotal nature of testimonies, which provide human depth but lack quantitative support, limiting empirical robustness. Author credibility is inferred from BBC News' reputation, though specific expertise isn't detailed. Methodology involves voter interviews, offering grassroots perspectives but potentially introducing selection bias. Critical assessment acknowledges strengths in highlighting social realities and political stakes, yet limitations include narrow sample size and reliance on personal accounts without broader data integration."
  ],
  "perspectives": [
    {
      "perspective": "Social justice perspective",
      "description": "Advocates for policy interventions to reduce inequalities in housing and income"
    },
    {
      "perspective": "Political economy perspective",
      "description": "Analyzes budget decisions within electoral and economic systems to assess power dynamics"
    }
  ],
  "image_url": "/article_images/article_7afc2a9cf3f8fbd6_fe7e95ea658d.webp"
}