{
  "title": "Debate Over Economic Honesty Before the Budget",
  "summary": "This article covers a political controversy in the UK involving Chancellor Rachel Reeves and the state of public finances ahead of the Budget. Reeves highlighted a downgrade in economic productivity, suggesting it would challenge her fiscal rules and possibly lead to spending cuts or tax hikes. However, the Office for Budget Responsibility (OBR) later revealed that higher wage forecasts would offset this, allowing her to meet the rules without such measures. The Conservative opposition, led by Kemi Badenoch, accused Reeves of misleading the public as a 'smokescreen' for tax increases, while Downing Street defended her actions. The piece explores the tension between political messaging and economic forecasts, showing how pre-Budget statements can influence public perception and political debates. It raises questions about transparency and the use of economic data in government communications.",
  "keywords": [
    {
      "term": "Fiscal rules",
      "explanation": "Guidelines the government follows to manage spending and borrowing"
    },
    {
      "term": "Office for Budget Responsibility",
      "explanation": "An independent group that checks the government's economic plans"
    },
    {
      "term": "Productivity downgrade",
      "explanation": "A reduction in the expected output per worker in the economy"
    },
    {
      "term": "Headroom",
      "explanation": "Extra money or flexibility in the budget to handle unexpected costs"
    },
    {
      "term": "Tax revenues",
      "explanation": "Money the government collects from taxes"
    },
    {
      "term": "Public finances",
      "explanation": "The overall financial situation of the government, including income and spending"
    },
    {
      "term": "Smokescreen",
      "explanation": "Something used to hide the truth or real intentions"
    },
    {
      "term": "Economic forecasts",
      "explanation": "Predictions about how the economy will perform in the future"
    }
  ],
  "questions": [
    {
      "question": "What was the main issue Rachel Reeves discussed before the Budget?",
      "options": [
        "A new health policy",
        "A downgrade in productivity",
        "A sports event",
        "A change in education"
      ],
      "correct_answer": "A downgrade in productivity"
    },
    {
      "question": "How did the OBR's forecast affect Reeves' ability to meet fiscal rules?",
      "options": [
        "It made it impossible",
        "It had no effect",
        "It helped by offsetting with higher wages",
        "It required more borrowing"
      ],
      "correct_answer": "It helped by offsetting with higher wages"
    },
    {
      "question": "What did Kemi Badenoch accuse Reeves of?",
      "options": [
        "Improving the economy",
        "Lying to the public",
        "Supporting the OBR",
        "Reducing taxes"
      ],
      "correct_answer": "Lying to the public"
    },
    {
      "question": "When did the OBR first inform the Treasury about the better public finances?",
      "options": [
        "17 September",
        "31 October",
        "4 November",
        "10 November"
      ],
      "correct_answer": "17 September"
    },
    {
      "question": "What is the role of the OBR?",
      "options": [
        "To set taxes",
        "To provide independent economic forecasts",
        "To lead the government",
        "To manage public spending"
      ],
      "correct_answer": "To provide independent economic forecasts"
    },
    {
      "question": "What did Reeves suggest might be needed if she stuck to manifesto commitments?",
      "options": [
        "More borrowing",
        "Deep cuts in capital spending",
        "Higher wages",
        "New laws"
      ],
      "correct_answer": "Deep cuts in capital spending"
    },
    {
      "question": "How much headroom did Reeves have according to the OBR's update?",
      "options": [
        "£4.2bn",
        "£9.9bn",
        "£0",
        "£10bn"
      ],
      "correct_answer": "£4.2bn"
    },
    {
      "question": "What was the Treasury spokesperson's response to the accusations?",
      "options": [
        "They admitted fault",
        "They denied misleading and focused on policy choices",
        "They ignored the OBR",
        "They supported the Conservatives"
      ],
      "correct_answer": "They denied misleading and focused on policy choices"
    }
  ],
  "background_read": [
    "In UK politics, the Budget is a key event where the government outlines its financial plans. The chancellor, like Rachel Reeves, is responsible for economic policy and must adhere to fiscal rules, such as balancing the budget. The Office for Budget Responsibility (OBR) is an independent body that assesses these plans to ensure accuracy. Political parties often clash over economic data, with accusations of misinformation used to gain advantage. This context helps explain why Reeves' statements and the OBR's revelations sparked controversy, highlighting the importance of transparency in public finance management."
  ],
  "Article_Structure": [
    "This article analyzes a political dispute over economic forecasts before the UK Budget. Main points include Reeves' emphasis on productivity downgrades implying fiscal challenges, contrasted by OBR data showing offsetting wage increases. The purpose is to scrutinize government transparency and opposition accusations of deception. Evidence relies on OBR letters and public statements, evaluated as credible from an independent source, though the Treasury avoids detailed discussion. Author credibility stems from BBC News, a reputable outlet, using factual reporting. Methodology involves citing official documents and interviews, providing a balanced view but limited by ongoing political bias."
  ],
  "perspectives": [
    {
      "perspective": "Government perspective",
      "description": "Argues that Reeves acted appropriately, focusing on policy benefits and denying any intent to mislead."
    },
    {
      "perspective": "Opposition perspective",
      "description": "Claims Reeves used pessimistic forecasts to justify potential tax rises, questioning her honesty."
    }
  ],
  "image_url": "/article_images/article_339485bebb5395c5_45a9087339d2.webp"
}