{
  "title": "Unraveling the Milky Way's Magnetic Mysteries",
  "summary": "Researchers led by Dr. Jo-Anne Brown are investigating the Milky Way's magnetic field, an invisible force crucial for preventing the galaxy from collapsing due to gravity. Using a new radio telescope at the Dominion Radio Astrophysical Observatory in British Columbia, Canada, the team collected high-quality data as part of the Global Magneto-Ionic Medium Survey (GMIMS). They measured Faraday rotation, a phenomenon where radio waves shift when passing through electrons and magnetic fields, to map the magnetic field's structure across the galaxy. In a significant finding, they discovered a diagonal magnetic reversal in the Sagittarius Arm, where the field direction is opposite to the rest of the galaxy. This discovery, published in The Astrophysical Journal, provides insights into the galaxy's evolution and helps improve models for predicting its future behavior. The dataset is now available for astronomers worldwide to use in further research.",
  "keywords": [
    {
      "term": "Faraday rotation",
      "explanation": "a shift in radio waves caused by electrons and magnetic fields in space, used to study magnetic fields"
    },
    {
      "term": "magnetic reversal",
      "explanation": "a change in the direction of a magnetic field, like in the Sagittarius Arm"
    },
    {
      "term": "GMIMS",
      "explanation": "Global Magneto-Ionic Medium Survey, an international project to map the Milky Way's magnetic field"
    },
    {
      "term": "radio frequencies",
      "explanation": "different types of radio waves used by telescopes to scan the sky"
    },
    {
      "term": "astronomers",
      "explanation": "scientists who study stars, galaxies, and other objects in space"
    }
  ],
  "questions": [
    {
      "question": "What is the main purpose of studying the Milky Way's magnetic field?",
      "options": [
        "To find new planets",
        "To prevent galaxy collapse and predict evolution",
        "To listen to radio waves",
        "To build telescopes"
      ],
      "correct_answer": "To prevent galaxy collapse and predict evolution"
    },
    {
      "question": "How did the researchers measure the magnetic field?",
      "options": [
        "By looking through a microscope",
        "By using Faraday rotation of radio waves",
        "By counting stars",
        "By sending satellites"
      ],
      "correct_answer": "By using Faraday rotation of radio waves"
    },
    {
      "question": "What is the GMIMS?",
      "options": [
        "A type of telescope",
        "An international survey to map the magnetic field",
        "A galaxy name",
        "A scientist's name"
      ],
      "correct_answer": "An international survey to map the magnetic field"
    },
    {
      "question": "Where was the radio telescope located?",
      "options": [
        "In the United States",
        "At the Dominion Radio Astrophysical Observatory in Canada",
        "In space",
        "In a laboratory"
      ],
      "correct_answer": "At the Dominion Radio Astrophysical Observatory in Canada"
    },
    {
      "question": "What did they find in the Sagittarius Arm?",
      "options": [
        "A new star",
        "A diagonal magnetic reversal",
        "A black hole",
        "A planet"
      ],
      "correct_answer": "A diagonal magnetic reversal"
    },
    {
      "question": "Why is the magnetic reversal important?",
      "options": [
        "It changes the galaxy's color",
        "It helps understand galaxy structure and evolution",
        "It makes radio waves louder",
        "It creates new stars"
      ],
      "correct_answer": "It helps understand galaxy structure and evolution"
    },
    {
      "question": "Who is Rebecca Booth?",
      "options": [
        "A lead author of one study",
        "A telescope operator",
        "A university professor",
        "A journalist"
      ],
      "correct_answer": "A lead author of one study"
    },
    {
      "question": "What did the team publish their findings in?",
      "options": [
        "A magazine",
        "The Astrophysical Journal",
        "A newspaper",
        "A blog"
      ],
      "correct_answer": "The Astrophysical Journal"
    }
  ],
  "background_read": [
    "The Milky Way is a spiral galaxy with arms like the Sagittarius Arm, containing stars, gas, and dust. Magnetic fields are fundamental forces in space, influencing the movement of charged particles and the structure of galaxies. Radio astronomy uses telescopes to detect radio waves from celestial objects, allowing scientists to study phenomena like Faraday rotation, which reveals magnetic properties. Understanding galactic magnetic fields helps in modeling cosmic evolution and the behavior of interstellar medium."
  ],
  "Article_Structure": [
    "Main Points: The article discusses research on the Milky Way's magnetic field, highlighting its role in galaxy stability, the use of a radio telescope and Faraday rotation for mapping, and the discovery of a diagonal magnetic reversal in the Sagittarius Arm. Purpose: To inform about new scientific findings that enhance understanding of galactic evolution and provide data for future models. Evidence Evaluation: The evidence is strong, based on peer-reviewed studies in The Astrophysical Journal, using advanced radio telescope technology and international collaboration. Author Credibility: Dr. Jo-Anne Brown is a professor with expertise in physics and astronomy, supported by a team including lead authors with PhDs. Methodology: Data collection involved scanning the northern sky at multiple radio frequencies, analyzing Faraday rotation to trace magnetic fields, and publishing results for global use."
  ],
  "perspectives": [
    {
      "perspective": "Technological advancement",
      "description": "The use of new radio telescopes enables more detailed exploration of space, pushing the boundaries of astrophysical research."
    }
  ],
  "image_url": "/article_images/article_add137303b7c7989_e6d71110da6a.webp"
}