{
  "title": "Fun Moments at the Grammy Awards Show",
  "summary": "The Grammy Awards is a big music event where singers and bands win prizes. This year, Bad Bunny got three awards, and Olivia Dean became a new star. Cher surprised everyone by showing up after 18 years to get a special award, but she made a funny mistake when announcing a winner. Trevor Noah hosted the show and joked about a drinking game. There were many performances, like one by Bruno Mars and Rosé. The show had happy speeches and some confusing parts, making it exciting to watch.",
  "keywords": [
    {
      "term": "Grammy Awards",
      "explanation": "a big music award show where artists win prizes for their songs"
    },
    {
      "term": "Bad Bunny",
      "explanation": "a singer who won three awards at the Grammys"
    },
    {
      "term": "Cher",
      "explanation": "a famous singer who made a surprise appearance and got a special award"
    },
    {
      "term": "Trevor Noah",
      "explanation": "the host of the Grammy show who told jokes"
    },
    {
      "term": "Olivia Dean",
      "explanation": "a new British singer who is becoming very popular"
    },
    {
      "term": "performance",
      "explanation": "when artists sing or play music on stage during the show"
    }
  ],
  "questions": [
    {
      "question": "What is the Grammy Awards?",
      "options": [
        "A music award show",
        "A sports event",
        "A movie festival",
        "A cooking competition"
      ],
      "correct_answer": "A"
    },
    {
      "question": "How many awards did Bad Bunny win?",
      "options": [
        "One",
        "Two",
        "Three",
        "Four"
      ],
      "correct_answer": "C"
    },
    {
      "question": "Who made a surprise appearance after 18 years?",
      "options": [
        "Olivia Dean",
        "Cher",
        "Bruno Mars",
        "Trevor Noah"
      ],
      "correct_answer": "B"
    },
    {
      "question": "What funny mistake did Cher make?",
      "options": [
        "She forgot her speech",
        "She announced the wrong winner",
        "She fell on stage",
        "She sang off-key"
      ],
      "correct_answer": "B"
    },
    {
      "question": "Who hosted the Grammy show?",
      "options": [
        "Bad Bunny",
        "Cher",
        "Trevor Noah",
        "Olivia Dean"
      ],
      "correct_answer": "C"
    },
    {
      "question": "What did Olivia Dean become at the Grammys?",
      "options": [
        "A new star",
        "A host",
        "A comedian",
        "A dancer"
      ],
      "correct_answer": "A"
    }
  ],
  "background_read": [
    "The Grammy Awards is an annual event that celebrates the best in music, with awards given to artists for their songs and albums. It is often called 'music's biggest night' and includes performances, speeches, and surprises. This article talks about the 68th Grammys, highlighting key moments like awards, funny errors, and new stars."
  ],
  "Article_Structure": [
    "WHO: Singers like Bad Bunny, Cher, Olivia Dean, and host Trevor Noah.",
    "WHAT: A report on the best and worst moments from the Grammy Awards show.",
    "WHERE: The event took place in Los Angeles.",
    "WHY: To share exciting and funny highlights from the music award ceremony."
  ],
  "perspectives": [
    {
      "perspective": "Entertainment View",
      "description": "The article focuses on fun and surprising moments to entertain readers."
    }
  ],
  "image_url": "/article_images/article_b17e020dab35f3d9_723ac806413b.webp"
}