{
  "title": "Ellie's Big Dream: Dancing on TV",
  "summary": "Ellie Goldstein is a 24-year-old woman with Down's syndrome who loves to dance. She dreamed of being on a TV show called Strictly Come Dancing, where people dance every week. Her mom, Yvonne, always believed Ellie could do anything, even when others said she might not walk or talk. Ellie worked hard and became a model for magazines like Vogue and acted in a TV series. When she got the call to join Strictly, she was very happy and screamed with joy. Now, she dances on the show with her partner Vito, proving that people with disabilities can achieve big dreams. Ellie's story helps change how people see those with learning disabilities, showing that everyone can shine.",
  "keywords": [
    {
      "term": "Down's syndrome",
      "explanation": "a condition some people are born with that can make learning and moving a bit different"
    },
    {
      "term": "Strictly Come Dancing",
      "explanation": "a popular TV show where people dance and compete"
    },
    {
      "term": "Vogue",
      "explanation": "a famous magazine with pictures of models and fashion"
    },
    {
      "term": "model",
      "explanation": "a person who poses for photos in magazines or ads"
    },
    {
      "term": "dream",
      "explanation": "something you really want to do or be in the future"
    },
    {
      "term": "disabilities",
      "explanation": "when someone has a condition that makes some things harder, but they can still do amazing things"
    }
  ],
  "questions": [
    {
      "question": "What is Ellie Goldstein's big dream?",
      "options": [
        "To dance on Strictly Come Dancing",
        "To become a doctor",
        "To travel the world",
        "To write a book"
      ],
      "correct_answer": "To dance on Strictly Come Dancing"
    },
    {
      "question": "Who is Ellie's dance partner on Strictly?",
      "options": [
        "Vito",
        "John",
        "Sarah",
        "Mike"
      ],
      "correct_answer": "Vito"
    },
    {
      "question": "What did Ellie's mom, Yvonne, believe about her?",
      "options": [
        "She could achieve anything",
        "She should stay home",
        "She would never talk",
        "She didn't like dancing"
      ],
      "correct_answer": "She could achieve anything"
    },
    {
      "question": "What magazine did Ellie model for?",
      "options": [
        "Vogue",
        "Sports Illustrated",
        "National Geographic",
        "Time"
      ],
      "correct_answer": "Vogue"
    },
    {
      "question": "Why is Ellie's story important?",
      "options": [
        "It helps change how people see those with disabilities",
        "It shows she is the best dancer",
        "It tells people to watch more TV",
        "It means everyone should be a model"
      ],
      "correct_answer": "It helps change how people see those with disabilities"
    },
    {
      "question": "How did Ellie feel when she got the call for Strictly?",
      "options": [
        "She screamed with joy",
        "She was sad",
        "She didn't care",
        "She was angry"
      ],
      "correct_answer": "She screamed with joy"
    }
  ],
  "background_read": [
    "Ellie Goldstein is a young woman with Down's syndrome, which is a condition that can affect how people learn and move. She lives in Essex with her mom, Yvonne, who always encouraged her to follow her dreams. Ellie loves dancing and wanted to be on Strictly Come Dancing, a fun TV show where celebrities learn to dance. She also worked as a model for big brands and acted in a TV series. Her story shows that with support and hard work, people with disabilities can do amazing things and inspire others."
  ],
  "Article_Structure": [
    "WHO: Ellie Goldstein, a 24-year-old woman with Down's syndrome, and her mom Yvonne",
    "WHAT: Ellie achieved her dream of dancing on Strictly Come Dancing and modeling for Vogue",
    "WHERE: She lives in Essex and appears on TV shows in the UK",
    "WHY: To show that people with learning disabilities can succeed and change attitudes"
  ],
  "perspectives": [
    {
      "perspective": "Ellie's view",
      "description": "She is proud and happy to dance on Strictly, proving her dreams can come true"
    },
    {
      "perspective": "Yvonne's view",
      "description": "She is a supportive mom who believes in Ellie and hopes her success helps others see disabilities differently"
    }
  ],
  "image_url": "/article_images/article_9880c6ba71ebf30a_6afc31e03835.webp"
}