{
  "title": "Advancing Quantum Computing with Error Correction During Operations",
  "summary": "Quantum computers promise to revolutionize fields like materials science and cryptography, but they face significant challenges due to decoherence, which causes errors such as bit flips and phase flips in qubits. To mitigate these errors, researchers use logical qubits formed by combining multiple physical qubits and apply continuous error correction for stable information storage. However, performing quantum operations like gates without introducing new errors has been difficult. A team led by Professor Andreas Wallraff, collaborating with institutions like PSI and RWTH Aachen University, demonstrated a method to execute quantum operations on superconducting logical qubits while simultaneously correcting errors. This approach, detailed in Nature Physics, represents a step toward fault-tolerant quantum computing. The method employs surface codes, where quantum information is distributed across entangled data qubits and monitored with stabilizers to detect and correct errors without direct measurement, enabling more reliable calculations. This advancement addresses the unique challenges of quantum error correction, which differs from classical methods due to the no-cloning theorem and the presence of phase flips.",
  "keywords": [
    {
      "term": "decoherence",
      "explanation": "a process that causes errors in quantum systems by disrupting qubit states"
    },
    {
      "term": "logical qubits",
      "explanation": "groups of physical qubits combined to enhance error resistance and stability"
    },
    {
      "term": "quantum gates",
      "explanation": "basic operations used to manipulate qubits in quantum algorithms"
    },
    {
      "term": "fault-tolerant quantum computing",
      "explanation": "a system where calculations proceed reliably despite errors through correction methods"
    },
    {
      "term": "surface codes",
      "explanation": "a quantum error correction technique that spreads information across qubits and uses stabilizers for detection"
    },
    {
      "term": "no-cloning theorem",
      "explanation": "a principle stating quantum information cannot be copied, complicating error correction"
    },
    {
      "term": "superconducting qubits",
      "explanation": "a type of qubit used in quantum computers that operates at low temperatures"
    },
    {
      "term": "stabilizers",
      "explanation": "additional qubits used to monitor and detect errors in surface codes"
    }
  ],
  "questions": [
    {
      "question": "What causes errors in quantum computers?",
      "options": [
        "Decoherence leading to bit and phase flips",
        "Overheating of components",
        "Lack of power supply",
        "Software bugs"
      ],
      "correct_answer": "Decoherence leading to bit and phase flips"
    },
    {
      "question": "How are logical qubits used to reduce errors?",
      "options": [
        "By combining multiple physical qubits for stability",
        "By using fewer qubits in calculations",
        "By ignoring phase flips",
        "By copying quantum information"
      ],
      "correct_answer": "By combining multiple physical qubits for stability"
    },
    {
      "question": "What is the main challenge in performing quantum operations?",
      "options": [
        "Avoiding new errors during gate manipulations",
        "Building enough physical qubits",
        "Finding funding for research",
        "Training scientists quickly"
      ],
      "correct_answer": "Avoiding new errors during gate manipulations"
    },
    {
      "question": "Who led the research team in this study?",
      "options": [
        "Professor Andreas Wallraff",
        "Dr. Ilya Besedin",
        "Professor Markus Müller",
        "Michael Kerschbaum"
      ],
      "correct_answer": "Professor Andreas Wallraff"
    },
    {
      "question": "What journal published the findings?",
      "options": [
        "Nature Physics",
        "Science Daily",
        "Quantum Computing Review",
        "Physics Today"
      ],
      "correct_answer": "Nature Physics"
    },
    {
      "question": "How does quantum error correction differ from classical methods?",
      "options": [
        "Quantum information cannot be copied due to the no-cloning theorem",
        "It uses the same copying techniques",
        "It ignores phase flips",
        "It relies on majority voting alone"
      ],
      "correct_answer": "Quantum information cannot be copied due to the no-cloning theorem"
    },
    {
      "question": "What role do stabilizers play in surface codes?",
      "options": [
        "They monitor and detect errors without measuring data qubits directly",
        "They store quantum information permanently",
        "They replace logical qubits",
        "They cause decoherence"
      ],
      "correct_answer": "They monitor and detect errors without measuring data qubits directly"
    },
    {
      "question": "What is the goal of fault-tolerant quantum computing?",
      "options": [
        "To enable calculations without disruption from errors",
        "To build the fastest computer possible",
        "To eliminate all physical qubits",
        "To focus only on storage stability"
      ],
      "correct_answer": "To enable calculations without disruption from errors"
    }
  ],
  "background_read": [
    "Quantum computing leverages qubits to perform complex calculations exponentially faster than classical computers for certain tasks. However, qubits are prone to errors from decoherence, a quantum phenomenon where environmental interactions cause loss of information. Error correction is crucial, but quantum systems face unique hurdles like the no-cloning theorem, preventing simple copying of data. Researchers develop methods like surface codes, which use entanglement and stabilizers to protect information. This study advances fault tolerance by enabling operations during correction, a key step toward practical quantum computers that could impact drug discovery, cryptography, and more."
  ],
  "Article_Structure": [
    "This article presents a breakthrough in quantum computing by addressing error correction during active operations. Main Points: Researchers demonstrated a method to perform quantum gates on logical qubits while correcting errors, using surface codes to detect bit and phase flips without direct measurement. Purpose: To advance fault-tolerant quantum computing by solving the challenge of error introduction during calculations, making quantum computers more practical. Evidence Evaluation: The study is based on experimental work with superconducting qubits and theoretical collaboration, published in a reputable journal, Nature Physics, indicating rigorous peer review. Author Credibility: Led by Professor Andreas Wallraff with experts from institutions like PSI and RWTH Aachen, suggesting high expertise in quantum physics. Methodology: Involves combining physical qubits into logical ones, using stabilizers in surface codes for continuous error detection, and testing operations in a controlled lab setting."
  ],
  "perspectives": [
    {
      "perspective": "Technological innovation",
      "description": "This research pushes the boundaries of quantum engineering by integrating error correction with computation."
    }
  ],
  "image_url": "/article_images/article_d1351c038c1a4b5d_80ec6e4a8883.webp"
}