{
  "title": "TikTok Influencer Faces Legal Consequences for Car Crash and Court No-Show",
  "summary": "Harrison Sullivan, a prominent TikTok personality operating under the name HSTikkyTokky, has been given a suspended sentence after being involved in a car accident where he crashed his high-performance McLaren vehicle. Subsequently, he failed to appear in court as required, leading to legal repercussions. In response, Sullivan expressed feelings of shame for his actions. This incident underscores the legal obligations that apply to everyone, including social media influencers, and highlights the potential consequences of neglecting court orders. The case serves as a reminder of the importance of accountability and the role of the justice system in maintaining order, especially when public figures are involved. It also raises questions about the influence of fame on personal behavior and the need for responsible conduct in both online and offline spheres.",
  "keywords": [
    {
      "term": "suspended sentence",
      "explanation": "a judicial decision where imprisonment is deferred contingent on the offender's future behavior"
    },
    {
      "term": "TikTok influencer",
      "explanation": "an individual who gains popularity and sway on the TikTok platform, often shaping trends and opinions"
    },
    {
      "term": "legal repercussions",
      "explanation": "the negative outcomes or penalties resulting from violating laws or court mandates"
    },
    {
      "term": "accountability",
      "explanation": "the state of being responsible for one's actions and accepting the consequences"
    },
    {
      "term": "court orders",
      "explanation": "official directives issued by a court that must be obeyed, with non-compliance leading to penalties"
    },
    {
      "term": "McLaren",
      "explanation": "a British manufacturer known for producing high-end, luxury sports cars"
    },
    {
      "term": "ashamed",
      "explanation": "a feeling of guilt or embarrassment due to one's own actions or failures"
    },
    {
      "term": "social media fame",
      "explanation": "the state of being widely recognized and influential through platforms like TikTok"
    },
    {
      "term": "justice system",
      "explanation": "the framework of courts and laws that enforce legal standards and administer justice"
    },
    {
      "term": "public figures",
      "explanation": "individuals who are well-known to the public, often subject to higher scrutiny"
    }
  ],
  "questions": [
    {
      "question": "What legal outcome did Harrison Sullivan receive?",
      "options": [
        "Suspended sentence",
        "Jail time",
        "Fine only",
        "Community service"
      ],
      "correct_answer": "Suspended sentence"
    },
    {
      "question": "Why was Sullivan required to attend court?",
      "options": [
        "Due to the car crash incident",
        "For a TikTok video award",
        "To buy a new car",
        "For a job interview"
      ],
      "correct_answer": "Due to the car crash incident"
    },
    {
      "question": "How did Sullivan react to the situation?",
      "options": [
        "He said he was ashamed",
        "He denied everything",
        "He celebrated",
        "He ignored it"
      ],
      "correct_answer": "He said he was ashamed"
    },
    {
      "question": "What type of vehicle was involved in the crash?",
      "options": [
        "McLaren",
        "Honda",
        "BMW",
        "Tesla"
      ],
      "correct_answer": "McLaren"
    },
    {
      "question": "What does a suspended sentence typically involve?",
      "options": [
        "No immediate jail time if conditions are met",
        "Automatic imprisonment",
        "A monetary reward",
        "Loss of social media accounts"
      ],
      "correct_answer": "No immediate jail time if conditions are met"
    },
    {
      "question": "Which organization reported this news?",
      "options": [
        "BBC Entertainment",
        "TikTok News",
        "Local newspaper",
        "Car magazine"
      ],
      "correct_answer": "BBC Entertainment"
    },
    {
      "question": "What might happen if Sullivan violates the terms of his sentence?",
      "options": [
        "He could be sent to jail",
        "He gets a new car",
        "He gains more followers",
        "Nothing changes"
      ],
      "correct_answer": "He could be sent to jail"
    },
    {
      "question": "Why is this case significant for public figures?",
      "options": [
        "It shows they are not above the law",
        "It makes them more famous",
        "It allows them to avoid consequences",
        "It gives them special privileges"
      ],
      "correct_answer": "It shows they are not above the law"
    },
    {
      "question": "What is the role of the justice system in this context?",
      "options": [
        "To enforce laws and ensure fairness",
        "To promote social media trends",
        "To sell cars",
        "To ignore minor offenses"
      ],
      "correct_answer": "To enforce laws and ensure fairness"
    },
    {
      "question": "How does social media influence personal accountability?",
      "options": [
        "It can increase scrutiny on actions",
        "It eliminates consequences",
        "It makes laws irrelevant",
        "It only affects online behavior"
      ],
      "correct_answer": "It can increase scrutiny on actions"
    }
  ],
  "background_read": [
    "Harrison Sullivan, known as HSTikkyTokky, is part of the growing trend of social media influencers who amass large followings on platforms like TikTok. These individuals often monetize their fame through endorsements and content creation. The incident involves a McLaren, a luxury sports car brand, highlighting issues of wealth and risk-taking behavior. In legal terms, a suspended sentence is a common punishment in many jurisdictions, designed to rehabilitate offenders without immediate incarceration, provided they adhere to specific conditions. Failure to attend court is a serious offense that can compound legal troubles, as courts rely on appearances to process cases. This story touches on broader themes of celebrity culture, legal accountability, and the intersection of online fame with real-world responsibilities."
  ],
  "Article_Structure": [
    "This article outlines the main points involving TikTok star Harrison Sullivan's legal issues after crashing his McLaren and missing court, resulting in a suspended sentence. The purpose is to inform the public about the consequences faced by influencers, emphasizing that fame does not exempt individuals from legal duties. Evidence evaluation shows the report is based on court proceedings and Sullivan's statements, sourced from BBC Entertainment, which is credible for news. Author credibility is assumed high as BBC is a reputable outlet, though specific author details are not provided. Methodology involves journalistic gathering from legal sources, ensuring factual reporting. Overall, it serves as a cautionary tale on accountability."
  ],
  "perspectives": [
    {
      "perspective": "Legal Perspective",
      "description": "Focuses on the enforcement of laws and the importance of court compliance to uphold justice."
    },
    {
      "perspective": "Social Media Impact Perspective",
      "description": "Examines how online fame can lead to increased public scrutiny and influence on behavior."
    },
    {
      "perspective": "Personal Accountability Perspective",
      "description": "Highlights the individual's responsibility to admit faults and learn from mistakes."
    }
  ],
  "image_url": "/article_images/article_e6b7afcd612a7062_3cce89c5a425.jpg"
}