{
  "title": "Kate Winslet's Narrative on Media Intrusion, Body Image, and Coping Mechanisms",
  "summary": "In a candid interview, Kate Winslet elucidates the profound media intrusion she endured following her rise to fame in Titanic, detailing paparazzi surveillance, phone tapping, and invasive tactics such as bin searches to infer dietary habits. This scrutiny intensified during a marital dissolution, prompting her to adopt coping strategies centered on mundane pleasures: a good meal, conversational exchanges, coffee, musical interludes, and physiological relief. Winslet contextualizes this within a lifelong struggle with body image, recounting childhood pejorative like 'blubber' and discouraging remarks from a drama teacher, which precipitated cycles of restrictive dieting. Post-Titanic, she confronted abusive media portrayals and unauthorized digital alterations of her magazine images, exacerbating feelings of isolation and fear. Nonetheless, she underscores resilience through interpersonal support, exemplified by neighbors' gestures of sustenance. This analysis delves into the intersections of celebrity culture, mental health, and media ethics, illustrating Winslet's advocacy for self-care amid public scrutiny.",
  "keywords": [
    {
      "term": "media intrusion",
      "explanation": "the pervasive and often unethical invasion of privacy by news and photographic media"
    },
    {
      "term": "coping mechanisms",
      "explanation": "psychological strategies employed to manage stress or adversity"
    },
    {
      "term": "body dysmorphia",
      "explanation": "a mental health condition involving obsessive focus on perceived flaws in appearance"
    },
    {
      "term": "digital alteration",
      "explanation": "the process of modifying images using software, often without consent"
    },
    {
      "term": "celebrity culture",
      "explanation": "the societal fascination with and commodification of famous individuals"
    }
  ],
  "questions": [
    {
      "question": "What specific invasive tactics did the media use against Kate Winslet?",
      "options": [
        "Only following her",
        "Phone tapping and bin searches",
        "Sending gifts",
        "Ignoring her"
      ],
      "correct_answer": "Phone tapping and bin searches"
    },
    {
      "question": "How did Winslet's coping mechanisms reflect a holistic approach to well-being?",
      "options": [
        "They focused solely on exercise",
        "They included simple, everyday activities and social interactions",
        "They involved avoiding all media",
        "They required professional therapy only"
      ],
      "correct_answer": "They included simple, everyday activities and social interactions"
    },
    {
      "question": "What long-term impact did childhood teasing have on Winslet's body image?",
      "options": [
        "It had no effect",
        "It led to unhealthy dieting and self-esteem issues",
        "It made her more confident",
        "It caused her to quit acting"
      ],
      "correct_answer": "It led to unhealthy dieting and self-esteem issues"
    },
    {
      "question": "How did unauthorized photo edits contribute to Winslet's distress?",
      "options": [
        "They made her famous",
        "They created unrealistic standards and violated her autonomy",
        "They improved her career",
        "They were done with her approval"
      ],
      "correct_answer": "They created unrealistic standards and violated her autonomy"
    },
    {
      "question": "What role did community support play in Winslet's resilience?",
      "options": [
        "It was insignificant",
        "It provided emotional and practical assistance, like neighborly gestures",
        "It increased media attention",
        "It replaced professional help"
      ],
      "correct_answer": "It provided emotional and practical assistance, like neighborly gestures"
    },
    {
      "question": "How does Winslet's experience critique media ethics?",
      "options": [
        "It praises media practices",
        "It highlights the harms of intrusion and lack of consent",
        "It ignores media issues",
        "It focuses only on positive aspects"
      ],
      "correct_answer": "It highlights the harms of intrusion and lack of consent"
    },
    {
      "question": "What broader societal issue does Winslet's story address regarding celebrity culture?",
      "options": [
        "The benefits of fame",
        "The pressure and objectification of public figures",
        "The irrelevance of media",
        "The simplicity of acting careers"
      ],
      "correct_answer": "The pressure and objectification of public figures"
    },
    {
      "question": "How did Winslet's mental state during Titanic filming influence her later experiences?",
      "options": [
        "It made her ready for fame",
        "It left her unprepared for media scrutiny",
        "It had no connection",
        "It improved her health"
      ],
      "correct_answer": "It left her unprepared for media scrutiny"
    },
    {
      "question": "What methodological approach does the article use to present Winslet's narrative?",
      "options": [
        "Statistical analysis",
        "Direct quotes from an interview",
        "Fictional storytelling",
        "Historical records"
      ],
      "correct_answer": "Direct quotes from an interview"
    },
    {
      "question": "What critical assessment can be made of the article's reliance on Winslet's perspective?",
      "options": [
        "It is entirely objective",
        "It offers subjective but valuable firsthand insights",
        "It is fabricated",
        "It ignores all evidence"
      ],
      "correct_answer": "It offers subjective but valuable firsthand insights"
    }
  ],
  "background_read": [
    "Kate Winslet is a distinguished actress with a career spanning decades, known for her roles in films like Titanic and The Reader. Media intrusion refers to the aggressive pursuit of celebrities by paparazzi and outlets, often crossing ethical boundaries. This article examines her personal account of such experiences, linking them to broader discourses on body image, which involves societal and personal perceptions of physical appearance, and mental health. It also explores coping strategies and the role of support systems in fostering resilience against public scrutiny, relevant to studies in psychology and media studies."
  ],
  "Article_Structure": [
    "Main Points: Kate Winslet details severe media intrusion post-Titanic, including surveillance and unauthorized photo edits, and her coping through simple pleasures and support. She connects this to lifelong body image issues from childhood teasing. Purpose: To provide a personal narrative on the psychological impacts of fame and advocate for ethical media practices and self-care. Evidence Evaluation: Based on her interview quotes, offering credible but anecdotal evidence; lacks external verification but aligns with known media issues. Author Credibility: The BBC is a reputable source, and Winslet's expertise as a subject lends authenticity, though potential bias exists as a personal account. Methodology: Qualitative analysis of a radio interview, using direct quotations to convey her experiences. Critical Assessment: Strengths include firsthand insights and raising awareness; limitations involve subjectivity and lack of broader data or counterperspectives."
  ],
  "perspectives": [
    {
      "perspective": "Psychological resilience",
      "description": "Explores how individuals like Winslet develop coping strategies to manage stress from public life"
    }
  ],
  "image_url": "/article_images/article_40fafa610e407344_bfc5ab51bfb0.webp"
}