{
  "articles": [
    {
      "id": "1bcd5c6cff812c38",
      "title": "National Recognition: Torvill and Dean Awarded Damehood and Knighthood in New Year Honours",
      "summary": "In the New Year Honours list, ice dancing icons Jayne Torvill and Christopher Dean have been conferred with a damehood and knighthood, respectively, marking a pinnacle in their distinguished careers. Their legendary performance at the 1984 Winter Olympics in Sarajevo, which earned perfect scores and set to Ravel's Bolero, remains a cultural milestone in sports history. Alongside them, Sarina Wiegman, the Dutch manager of England's women's football team, receives an honorary damehood for orchestrating back-to-back European Women's Championship triumphs in 2022 and 2025, underscoring her strategic prowess. The honours extend to a broader cohort of athletes, including Leah Williamson appointed as a CBE and multiple MBEs for Lionesses squad members, as well as recognitions for England's Women's Rugby World Cup-winning side. This article elucidates how the New Year Honours serve as a mechanism for valorizing exceptional contributions across disciplines, reinforcing the symbiotic relationship between athletic excellence and national identity.",
      "source": "BBC News",
      "time_ago": "4 hours ago",
      "image_url": "/article_images/article_1bcd5c6cff812c38_5bdefd89109a.webp",
      "category": "News"
    },
    {
      "id": "0c0247688c41d190",
      "title": "Diplomatic Dynamics: Trump's Urgency on Gaza Peace Plan Amid Regional Geopolitics",
      "summary": "In a recent meeting with Israeli Prime Minister Benjamin Netanyahu in Florida, President Donald Trump articulated a sense of urgency to transition to phase two of the Gaza peace plan, which commenced with a ceasefire in October. This phase entails the establishment of a technocratic government in Gaza, mandatory disarmament of Hamas, withdrawal of Israeli troops, and initiation of reconstruction efforts. Trump issued a stark warning to Hamas, asserting that failure to disarm promptly would result in severe repercussions, while concurrently affirming Israel's full compliance with the plan. However, the article reveals underlying complexities: critics allege Netanyahu may strategically delay the process by insisting on disarmament prior to troop withdrawal, and Hamas officials condition complete disarmament on advancements toward an independent Palestinian state. Furthermore, Trump extended the discourse to regional security by indicating potential U.S. support for military strikes against Iran should it resume ballistic missile or nuclear weapons programs, eliciting a firm response from Iran's supreme leader's adviser, Ali Shamkhani, who threatened an immediate harsh counteraction. This analysis underscores the intricate interplay of diplomatic negotiations, security concerns, and divergent stakeholder interests in the Middle East peace process.",
      "source": "BBC News",
      "time_ago": "7 hours ago",
      "image_url": "/article_images/article_0c0247688c41d190_9088b684e619.webp",
      "category": "News"
    },
    {
      "id": "4068d337e96be56e",
      "title": "Analysis of the New Year Honours: Celebrating Civic Engagement and Cultural Impact",
      "summary": "The New Year Honours list for this year, comprising 1,157 recipients, serves as a reflection of societal values by recognizing individuals who have made substantial contributions in fields such as charity, sports, and entertainment. Idris Elba's knighthood is attributed to his philanthropic endeavors through the Elba Hope Foundation, which addresses youth issues like knife crime and provides international grants, highlighting the role of celebrities in social advocacy. In sports, Sarina Wiegman's honorary damehood and the recognition of Lionesses players like Leah Williamson with a CBE underscore the growing prominence of women's football and its cultural impact following their European Championship victory. Figure skaters Jayne Torvill and Christopher Dean's honours further illustrate the celebration of athletic excellence. Within entertainment, Meera Syal's damehood for her work in comedy, literature, and charity, along with OBEs for figures like Warwick Davis and Richard Osman, demonstrates the honours' breadth in acknowledging artistic and literary achievements. The article contextualizes these awards within the British honours system, emphasizing their role in fostering civic engagement and national identity, while also noting the inclusion of activists like Betty Brown for her campaign against wrongful prosecutions.",
      "source": "BBC News",
      "time_ago": "9 hours ago",
      "image_url": "/article_images/article_4068d337e96be56e_1afd16441795.webp",
      "category": "News"
    },
    {
      "id": "7857eb96a4168624",
      "title": "Administrative Mishap and Transparency Debates in Royal Document Release",
      "summary": "The Cabinet Office attributed the inadvertent disclosure of official papers concerning Prince Andrew's tenure as a UK trade envoy from 2004-2005 to an 'administrative error.' These documents, part of the annual transfer to the National Archives pursuant to the 20-year rule, were briefly accessible to journalists under embargo before being withdrawn and redacted. The papers detailed Andrew's international travel itineraries, including visits to China, Russia, southeast Asia, and Spain, which contributed to his moniker 'Airmiles Andy.' The Cabinet Office defended its actions by referencing the Public Records Act's stringent review processes, asserting the papers were never slated for public release. Conversely, anti-monarchy advocates, exemplified by Graham Smith of Republic, condemned the withholding as unjustifiable, particularly in light of Andrew's association with Jeffrey Epstein and subsequent loss of royal titles, arguing for unfettered public access to foster informed scrutiny of the monarchy. The broader archival release also encompassed Foreign Office deliberations on Zimbabwe, concluding military intervention was infeasible due to political isolation and cost, and a Downing Street apology for a misaddressed birthday telegram to the Queen Mother in 1994. This episode underscores ongoing tensions between governmental opacity and democratic accountability, highlighting the complexities of historical record management in a constitutional monarchy.",
      "source": "BBC News",
      "time_ago": "11 hours ago",
      "image_url": "/article_images/article_7857eb96a4168624_3d5ff97670dc.webp",
      "category": "News"
    },
    {
      "id": "71e9d6230bb6c2cc",
      "title": "Conditional Federal Funding in Rural Health Policy",
      "summary": "The Trump administration's Rural Health Transformation Program allocates $10 billion for rural health care in 2026, with a total of $50 billion over five years, designed to mitigate prior budget cuts to rural hospitals. Funding distribution is bifurcated: half is equally apportioned to states, while the remainder utilizes a CMS formula incorporating rural population size, medical facility financial viability, and population health outcomes. Notably, $12 billion is contingent upon state implementation of policies under the 'Make America Healthy Again' initiative, including mandates for nutrition education among health care providers, school participation in fitness assessments, and restrictions on SNAP benefits for items deemed junk foods. States such as Arkansas and Texas have already enacted related regulations. Critics contend that these conditions could lead to funding retraction for non-compliant states, potentially exacerbating health disparities and infringing on state autonomy. Proponents, including CMS administrator Dr. Mehmet Oz, argue the program fosters state-level innovation and addresses public health priorities. This initiative reflects broader federal strategies to leverage funding for policy alignment, raising questions about equity, federalism, and the efficacy of conditional grants in health care delivery.",
      "source": "PBS NewsHour",
      "time_ago": "12 hours ago",
      "image_url": "/article_images/article_71e9d6230bb6c2cc_39991ed1d314.webp",
      "category": "News"
    },
    {
      "id": "d4638496f14e5a4e",
      "title": "Trump's Dual Foreign Policy: Conditioning Gaza Peace on Hamas Disarmament and Escalating Anti-Drug Operations in Venezuela",
      "summary": "President Trump articulated a stringent precondition for the Gaza peace process, asserting that Hamas must disarm to facilitate any substantive advancement in negotiations. This stance aligns with Israeli positions and underscores the complexities of Middle East diplomacy, where disarmament is often a contentious issue in conflict resolution. Concurrently, Trump confirmed a U.S. ground attack in Venezuela, targeting drug trafficking infrastructure as part of an expanded military deployment in the Caribbean, which represents the largest naval presence there in decades. This deployment has enabled strikes on numerous alleged drug vessels and the seizure of sanctioned Venezuelan oil tankers, intensifying pressure on the Maduro regime. Furthermore, Trump referenced an unverified claim from Russian President Vladimir Putin regarding an attempted attack by Ukraine on a residence, highlighting his receptivity to narratives from adversarial leaders. The article encapsulates Trump's multifaceted foreign policy strategy, intertwining diplomatic demands in Gaza with coercive measures in Venezuela and nuanced engagements with global powers, reflecting broader themes of sovereignty, security, and international law in contemporary geopolitics.",
      "source": "PBS NewsHour",
      "time_ago": "12 hours ago",
      "image_url": "/article_images/article_d4638496f14e5a4e_f221ff940ccd.webp",
      "category": "News"
    }
  ]
}