{
  "articles": [
    {
      "id": "218dd6af7bed603b",
      "title": "茶能改善健康与寿命，但饮用方式至关重要",
      "summary": "一篇发表在《饮料植物研究》上的综述指出，茶，尤其是绿茶，与降低心血管疾病、肥胖、糖尿病和多种癌症风险密切相关。除了这些已知益处外，饮茶还与大脑保护、减少老年人肌肉流失以及抗炎和抗菌作用有关。这些发现表明茶是一种具有广泛潜力支持长期健康的饮料。同时，该综述强调了某些现代茶产品的重要问题，特别是瓶装茶和泡泡茶，它们可能含有人工甜味剂、防腐剂和其他添加剂。茶由茶树叶子制成，已在全球消费数百年，最初主要用于药用目的，后来成为广泛享用的日常饮品。研究人员长期关注茶，因为它含有高水平的茶多酚，特别是儿茶素，被认为在其健康效应中起关键作用。该综述通过实验室研究和人类研究证据，考察了茶对多种健康结果的影响。虽然绿茶已被广泛研究，但对其他品种（包括红茶、乌龙茶和白茶）的健康效应知之甚少，尤其是在比较其益处时。该综述还考虑了与一些商业生产茶饮料中发现的添加剂和污染物相关的潜在风险。作者建议，为了获得最佳健康效果，应适量饮用新鲜冲泡的茶，并强调需要更多研究来明确不同人群和茶类型的益处和可能风险。",
      "source": "Science Daily",
      "time_ago": "2 hours ago",
      "image_url": "/article_images/article_218dd6af7bed603b_68397a4e42e8.webp",
      "category": "Science"
    },
    {
      "id": "96fa3b9ec9b9cfb9",
      "title": "沉没的泰晤士驳船为鸟类创造新岛屿",
      "summary": "在英国，国民信托组织进行了一项创新项目，将三艘退役的泰晤士驳船沉入埃塞克斯郡的黑水河口，以创建一个新岛屿栖息地，帮助减少海岸侵蚀并为鸟类提供庇护。这些驳船历史上曾用于运输煤炭和工业材料，经过清洁和填充沉积物后，被安置在诺西岛附近的潮间带泥滩上。该项目旨在保护濒危鸟类，如滨鹬、杓鹬、环颈鸻和凤头麦鸡，这些鸟类均被列入英国保护红色名录。通过将退役船只转化为野生动物保护区，该项目应对了因海平面上升而导致的盐沼栖息地丧失问题。海岸项目经理凯蒂·吉尔克里斯特将其描述为“海洋回收”，将历史转化为栖息地。一旦完成，该岛屿将占地0.55公顷，约等于一个足球场大小，在高潮时提供安全避难所。这种基于自然的解决方案展示了创新工程如何确保海鸟的未来并缓解河口的环境挑战，为可持续海岸管理树立了先例。",
      "source": "BBC Science",
      "time_ago": "5 hours ago",
      "image_url": "/article_images/article_96fa3b9ec9b9cfb9_c07b1f6d8fc7.webp",
      "category": "Science"
    },
    {
      "id": "4b936fb7e97ecec5",
      "title": "无线电波揭示恒星爆炸前的活动",
      "summary": "天文学家首次通过探测来自一种罕见超新星——Ibn型超新星的无线电波，突破了以往对恒星死亡前最后阶段的认识。利用位于新墨西哥州的甚大阵射电望远镜，研究团队对微弱的无线电辐射进行了约18个月的追踪，发现该恒星在爆炸前几年释放了大量富氦气体。主要作者Raphael Baer-Way将这一发现比作“时间机器”，使科学家能够观察恒星最后十年，特别是最后五年的剧烈质量损失。研究结果表明，该恒星可能处于一个双星系统中，与伴星的引力相互作用导致了爆炸前的极端质量抛射。这种基于无线电的观测方法补充了传统光学手段，揭示了恒星死亡过程中先前隐藏的细节，为研究宇宙中的超新星开辟了新途径。未来研究将扩大样本量，以评估此类质量损失事件的普遍性及其对恒星演化理论的启示。专家Maryam Modjaz指出，这项研究为研究这些罕见但关键的超新星打开了新的观测窗口。",
      "source": "Science Daily",
      "time_ago": "6 hours ago",
      "image_url": "/article_images/article_4b936fb7e97ecec5_8e3433657b3d.webp",
      "category": "Science"
    },
    {
      "id": "2858c57e96ff9f55",
      "title": "这只蜘蛛的“珍珠项链”竟是活寄生虫",
      "summary": "巴西圣保罗布坦坦研究所动物收藏实验室的研究人员在检查蜘蛛和蝎子时，发现一只仅几毫米长的蜘蛛身上有异常现象，看起来像戴着精致的珍珠项链。经专家鉴定，这些珠状结构实际上是螨虫幼虫。通过光学显微镜、扫描技术等形态学检查，研究人员确认这是一种新物种，命名为Araneothrombium brasiliensis。这是巴西记录的第二例蜘蛛寄生螨，也是该国该科的首例。螨虫幼虫长约500微米，附着在幼蛛身上，通过蜘蛛身体最脆弱的部位——连接头胸部和腹部的柄部——吸取淋巴液。这些被寄生的蜘蛛采集自里约热内卢州皮涅拉尔市附近洞穴区域，环境与之前发现的另一种蜘蛛寄生螨相似。该发现表明，该螨属可能在热带美洲地区分布更广。研究得到圣保罗研究基金会支持，发表于《国际螨学杂志》，强调了生物多样性探索的重要性，但仅识别了幼虫阶段，成虫生活习性尚待研究。",
      "source": "Science Daily",
      "time_ago": "6 hours ago",
      "image_url": "/article_images/article_2858c57e96ff9f55_0bf2d0abc1eb.webp",
      "category": "Science"
    },
    {
      "id": "3c04ddbc8b0301ce",
      "title": "快速射电暴的隐藏伙伴：信号耀斑揭示双星系统起源",
      "summary": "天文学家通过一项国际研究，包括香港大学物理系的科学家，发现了迄今为止最清晰的证据，表明某些快速射电暴起源于双星系统。快速射电暴是来自遥远星系的极端强大的无线电波闪光，仅持续毫秒，此前广泛认为来自单个孤立恒星。新发现显示，至少一些快速射电暴源是恒星对的一部分，两颗恒星相互绕行。这一发现重塑了关于这些神秘信号来源和产生方式的长期假设。团队利用位于贵州的500米口径球面射电望远镜（俗称“中国天眼”）取得突破。在观测一个距离地球约25亿光年的重复快速射电暴时，研究人员检测到一个独特信号，指向附近伴星的存在。结果发表在《科学》杂志上，基于近20个月的详细监测。无线电波携带它们穿越空间的线索，包括偏振变化。通过研究这些变化，天文学家可以了解快速射电暴源周围的环境。在观测期间，团队检测到一个称为“RM耀斑”的异常事件，涉及无线电信号偏振特性的突然剧烈变化。研究人员认为，这个耀斑是由伴星的日冕物质抛射引起的。这样的喷发会释放密集的磁化等离子体云，暂时改变快速射电暴源周围的视线空间。这一发现为至少一些重复快速射电暴的起源提供了明确线索，证据强烈支持包含磁星（具有极强磁场的中子星）和类似太阳的恒星的双星系统。自2020年以来，FAST通过由张冰教授共同领导的快速射电暴关键科学项目密切监测重复快速射电暴，其中FRB 220529A成为新发现的核心。监测显示，RM在2023年底突然增加超过百倍，然后在两周内迅速下降，回到先前水平，称为“RM耀斑”。这一研究不仅改变了快速射电暴的起源认知，还为恒星环境和宇宙现象的理解提供了新见解。",
      "source": "Science Daily",
      "time_ago": "20 hours ago",
      "image_url": "/article_images/article_3c04ddbc8b0301ce_a61f2595f018.webp",
      "category": "Science"
    },
    {
      "id": "434228e9ea7dab25",
      "title": "贸易战阻碍特朗普金穹导弹防御系统的盟国谈判",
      "summary": "金穹导弹防御系统由迈克尔·盖特林将军领导，旨在到2028年部署天基传感器和拦截器网络，以保护美国免受洲际弹道导弹、高超音速武器和无人机等威胁。这一激进的三年时间表面临预算和技术挑战。支持者认为，这对于应对俄罗斯和中国等对手的军火库至关重要，而批评者则指出其高昂成本和可能破坏全球秩序的潜在风险。五角大楼正通过公司原型和现有传感器技术投资加速发展，但一个关键障碍是需要盟国合作，特别是加拿大和丹麦，以便在北极和格陵兰等地优化传感器部署。这些盟国因其地理优势和北约成员身份而至关重要，但特朗普政府实施的贸易战和关税限制了讨论。盖特林指出，关税阻碍了谈判，尽管计划后期通过能力或领土接入整合盟国。这种防御需求与贸易政策之间的紧张关系导致单边做法，可能削弱该系统的有效性并影响国际关系。文章强调了军事创新、地缘政治战略和经济民族主义之间的复杂互动，展示了国内政策如何阻碍国际安全合作。",
      "source": "Ars Science",
      "time_ago": "21 hours ago",
      "image_url": "/article_images/article_434228e9ea7dab25_3e5a7f58683c.webp",
      "category": "Science"
    }
  ]
}