{
  "articles": [
    {
      "id": "8afac17ec29f8660",
      "title": "Mobo Awards 2024: A Milestone in Celebrating Black Musical Excellence",
      "summary": "The Mobo Awards, commemorating its 30th anniversary, will be held at Manchester's Co-op Live on March 26, featuring a lineup that includes Olivia Dean, Flo, and Tiwa Savage. Olivia Dean's soulful album 'The Art Of Loving' is nominated for four awards, notably album of the year, where it competes with Flo's 'Access All Areas', Little Simz's 'Lotus', and works by Ezra Collective, Kojey Radical, and Central Cee. Additional nominees such as PinkPantheress and Skepta highlight the diversity of black music genres. The ceremony will be co-hosted by hip-hop legend Eve, in her hosting debut, and comedian Eddie Kadi, returning for his third stint. Founder and CEO Kanya King emphasizes the artists' 'bold, brilliant and rooted in creative truth,' underscoring the awards' mission to celebrate black music's cultural impact. Eve reflects on transatlantic cultural connections, while Eddie hints at unexpected performances. This event not only recognizes artistic achievements but also reinforces the Mobo Awards' role as a pivotal institution in promoting black music globally, amidst a competitive landscape and evolving musical trends.",
      "source": "BBC Entertainment",
      "time_ago": "1 hour ago",
      "image_url": "/article_images/article_8afac17ec29f8660_00a232a521f2.webp",
      "category": "Fun"
    },
    {
      "id": "88e6134fe1445db3",
      "title": "Examining Athlete Privacy Advocacy in Professional Tennis: A Case Study of Pegula and Swiatek at the Australian Open",
      "summary": "In a notable development at the Australian Open, elite tennis professionals Jessica Pegula and Iga Swiatek have vocally criticized the extensive deployment of cameras in non-competition zones, aligning with prior concerns raised by Coco Gauff. Their assertion that such surveillance renders them feeling like 'animals in a zoo' underscores a critical discourse on privacy rights within high-profile sports. This advocacy highlights the tension between media demands for access and athletes' needs for personal sanctuary, potentially impacting psychological resilience and competitive focus. The players' demands for enhanced privacy protocols reflect a broader societal shift towards recognizing mental health imperatives in athletic contexts, prompting scrutiny of tournament governance and ethical journalism practices. Analyzing this issue reveals complexities in balancing public engagement with individual dignity, suggesting implications for regulatory frameworks and athlete empowerment movements in tennis and beyond.",
      "source": "BBC Tennis",
      "time_ago": "1 hour ago",
      "image_url": "/article_images/article_88e6134fe1445db3_d9b099748f44.webp",
      "category": "Fun"
    },
    {
      "id": "d686726012fa2a42",
      "title": "Neil Young's Strategic Activism: Free Archives as Political Protest in Greenland Context",
      "summary": "Neil Young, the iconic Canadian-American rock musician, has extended a year of complimentary access to his digital archives exclusively to Greenlanders, framing it as an act of 'peace and love' to mitigate distress stemming from the Trump administration's geopolitical maneuvers. President Trump's earlier threats to annex Greenland, justified under national security pretexts, have since been moderated to calls for negotiation, yet the initial rhetoric has induced anxiety. Young, a perennial critic of Trump, utilizes this offer not merely as benevolence but as a calculated political statement, urging other entities to emulate his stance. Typically monetized at approximately $25, the archives require Greenland-registered mobile verification, ensuring targeted outreach. This initiative is embedded within Young's extensive activist repertoire, which includes litigation against Trump's unauthorized use of his music, advocacy for boycotting Amazon due to Jeff Bezos's political contributions, and a prior boycott of Spotify in protest of Joe Rogan's dissemination of vaccine misinformation. Young resumed Spotify availability after Rogan's multi-platform expansion, underscoring a nuanced approach to corporate engagement. His dual citizenship and historical protests reflect a sustained commitment to leveraging artistic influence for socio-political commentary, amid broader debates on celebrity activism and international relations.",
      "source": "BBC Entertainment",
      "time_ago": "9 hours ago",
      "image_url": "/article_images/article_d686726012fa2a42_490acd85c8cd.webp",
      "category": "Fun"
    },
    {
      "id": "31a9615bcfa0ff28",
      "title": "Diplomatic and Economic Implications of BTS's Tour: Mexico's Presidential Appeal for Expanded Concerts",
      "summary": "In a notable intersection of entertainment and diplomacy, Mexico's President Claudia Sheinbaum has appealed to South Korean President Lee Jae Myung to augment the number of BTS concerts in Mexico, responding to overwhelming demand for the group's comeback tour after a four-year hiatus. BTS, a septet that dominates the global K-pop scene, is scheduled for three performances in Mexico City in May as part of a 79-date world tour, with tickets selling out in under 40 minutes amid competition from approximately one million young fans vying for 150,000 seats. This scarcity has exacerbated ticketing controversies, including allegations of dynamic pricing by Ticketmaster and exploitative resale practices on platforms like StubHub and Viagogo, leading to sanctions by Mexico's consumer watchdog for abusive conduct. Sheinbaum's intervention follows a report from local promoter Ocesa that the band's intensive itinerary precludes additional shows, yet she emphasizes BTS's profound popularity in Mexico, where Spotify data ranks it as the fifth-largest K-pop market globally with over 500% growth in streaming over five years. South Korean officials have remained silent on the matter, reflecting diplomatic caution. The tour, commencing in April in Goyang Stadium, South Korea, is projected by Billboard to yield over $1 billion in revenue from concerts, merchandise, and ancillary streams, underscoring the substantial economic stakes. This scenario illustrates broader themes of cultural globalization, consumer rights in digital marketplaces, and the role of state actors in mediating transnational entertainment flows.",
      "source": "BBC Entertainment",
      "time_ago": "9 hours ago",
      "image_url": "/article_images/article_31a9615bcfa0ff28_930462e73098.webp",
      "category": "Fun"
    },
    {
      "id": "b8433b53c6e12373",
      "title": "Legal and Media Scrutiny of Sir Idris Elba's Speeding Conviction: A Case Study in Celebrity Accountability",
      "summary": "Sir Idris Elba, an acclaimed actor and DJ, was convicted and fined for exceeding a 20mph speed limit while operating his scooter on Chelsea Embankment in London. Captured by a speed camera travelling at 28mph in June, he incurred a £147 fine, three penalty points on his licence, and additional financial penalties totalling £169. The Metropolitan Police submitted three photographic images as evidence to Westminster Magistrates' Court, confirming Sir Idris as the rider. He asserted through his legal representatives at Patterson Law that the fixed penalty notice was never received, implying administrative error, and stated he would have complied if it had arrived. Pleading guilty spared the costs of a trial, with the case processed under the Single Justice Procedure—a streamlined system for low-level offences based solely on written evidence, negating the need for court attendance. Concurrently, Sir Idris was ineligible for a diversionary course per the National Driver Offender Retraining Scheme database, underscoring procedural rigor. This incident juxtaposes his recent knighthood for philanthropic endeavors and collaboration with King Charles on a Netflix film, raising questions about celebrity privilege versus legal impartiality. The article delves into the mechanisms of traffic enforcement, legal accountability, and media portrayal of minor infractions involving public figures.",
      "source": "BBC Entertainment",
      "time_ago": "20 hours ago",
      "image_url": "/article_images/article_b8433b53c6e12373_74a05f79c1d3.webp",
      "category": "Fun"
    },
    {
      "id": "03e64a867352e0a2",
      "title": "Alcaraz's Commanding Quarter-Final Triumph Propels Him Toward Historic Grand Slam Ambition",
      "summary": "Carlos Alcaraz delivered a masterful performance in the Australian Open quarter-finals, decisively overcoming Alex de Minaur in a straight-sets victory that underscores his escalating prowess in professional tennis. This win not only secures his advancement to the semifinals but also reinforces his pursuit of becoming the youngest male athlete to complete the career Grand Slam—a feat encompassing triumphs at the Australian Open, French Open, Wimbledon, and US Open. The match, set against the backdrop of de Minaur's status as a home favorite in Australia, highlighted Alcaraz's tactical acumen and physical dominance, as he controlled play without conceding a set. Analyzing this achievement within the broader context of tennis history, Alcaraz's consistent success at major tournaments positions him as a formidable contender in an era marked by intense competition. The article delves into the implications of this victory for his career trajectory, examining how such milestones contribute to his legacy and the evolving dynamics of the sport. Furthermore, it considers the psychological and strategic elements that enabled Alcaraz to neutralize de Minaur's home-court advantage, offering insights into the high-stakes environment of Grand Slam events.",
      "source": "BBC Tennis",
      "time_ago": "22 hours ago",
      "image_url": "/article_images/article_03e64a867352e0a2_aaec7cc2f50f.webp",
      "category": "Fun"
    }
  ]
}