{
  "articles": [
    {
      "id": "8afac17ec29f8660",
      "title": "奥利维亚·迪恩将在Mobo颁奖典礼上“点亮”舞台",
      "summary": "Mobo颁奖典礼将于3月26日在曼彻斯特的Co-op Live举行，庆祝其30周年纪念。奥利维亚·迪恩、Flo和Tiwa Savage等艺术家将登台表演，奥利维亚·迪恩的专辑《The Art Of Loving》获得四项提名，包括年度专辑奖，与Flo的《Access All Areas》和Little Simz的《Lotus》竞争。其他提名者包括Ezra Collective、Kojey Radical和Central Cee，PinkPantheress和Skepta也获得多项提名。颁奖典礼由嘻哈明星Eve首次主持，喜剧演员Eddie Kadi第三次回归共同主持。创始人Kanya King称赞艺术家们“大胆、才华横溢且扎根于创作真理”，强调该奖项在全球庆祝黑人音乐的作用。Eve提到跨大西洋的文化联系，而Eddie承诺将有意外表演和惊喜。此次活动旨在展示音乐中的卓越和真实性，反映该组织长期以来对文化认可的承诺。",
      "source": "BBC Entertainment",
      "time_ago": "1 hour ago",
      "image_url": "/article_images/article_8afac17ec29f8660_00a232a521f2.webp",
      "category": "Fun"
    },
    {
      "id": "88e6134fe1445db3",
      "title": "网球选手呼吁隐私：我们像动物园里的动物吗？",
      "summary": "在澳大利亚网球公开赛上，职业网球选手杰西卡·佩古拉和伊加·斯瓦泰克对比赛场地外摄像头的广泛使用表示担忧，呼应了可可·高夫先前的关切。她们认为，持续的监控侵犯了她们的私人空间，让她们感觉像“动物园里的动物”，并强调需要更多的隐私来维护心理健康和比赛专注力。这一问题凸显了体育界关于运动员权利、媒体侵扰以及公众利益与个人尊严之间平衡的更广泛辩论。选手们的呼吁表明，人们对媒体报道的心理影响日益关注，敦促赛事组织者实施更严格的隐私政策。她们的倡导反映了在高压力环境中优先考虑运动员福利的转变，可能影响网球及其他体育项目的未来法规。这一案例揭示了在体育明星公众形象与个人隐私需求之间的复杂张力，促使人们重新思考媒体伦理和赛事管理。",
      "source": "BBC Tennis",
      "time_ago": "1 hour ago",
      "image_url": "/article_images/article_88e6134fe1445db3_d9b099748f44.webp",
      "category": "Fun"
    },
    {
      "id": "d686726012fa2a42",
      "title": "尼尔·杨向格陵兰人免费开放其档案库",
      "summary": "加拿大裔美国摇滚明星尼尔·杨宣布向格陵兰人提供一年免费访问其数字档案库的机会，旨在缓解他们因特朗普政府威胁而承受的压力。特朗普总统曾以国家安全为由威胁吞并这片丹麦领土，但近期改为寻求“立即谈判”。尼尔·杨以政治抗议闻名，长期批评特朗普，他在网站上以“和平与爱”的名义宣布此提议，并希望其他组织效仿。通常访问其档案库需支付约25美元，但格陵兰人可通过当地手机号验证获得免费权限。尼尔·杨曾就特朗普在竞选集会上使用其音乐采取法律行动，并呼吁抵制亚马逊，反对其所有者杰夫·贝索斯对特朗普竞选的支持。2024年，他结束了为期两年的Spotify抵制，该抵制源于反对该平台播放乔·罗根传播疫苗错误信息的播客。尼尔·杨出生于加拿大，后移居美国并持有双重国籍，其行动体现了艺术家利用影响力参与社会政治议题的趋势。",
      "source": "BBC Entertainment",
      "time_ago": "9 hours ago",
      "image_url": "/article_images/article_d686726012fa2a42_490acd85c8cd.webp",
      "category": "Fun"
    },
    {
      "id": "31a9615bcfa0ff28",
      "title": "墨西哥总统请求韩国增加BTS演唱会",
      "summary": "墨西哥总统克劳迪娅·辛鲍姆已正式请求韩国总统李在明增加BTS在墨西哥的演唱会场次，以应对该乐队复出巡演门票迅速售罄的情况。BTS作为全球知名的K-pop团体，在四年休整后即将展开一场包含79个日期的世界巡演，其中五月在墨西哥城计划举办三场演出。门票在不到40分钟内售罄，约有一百万年轻粉丝争夺15万张门票，凸显了极高需求。辛鲍姆强调了BTS在墨西哥的受欢迎程度，该国在Spotify上被列为全球第五大K-pop市场，过去五年流媒体播放量增长超过500%。票务过程面临问题，包括Ticketmaster和StubHub、Viagogo等转售平台被指控动态定价，墨西哥消费者监管机构已对这些平台的不公平行为进行制裁。尽管当地推广商Ocesa表示乐队行程紧凑，增加场次不可行，但辛鲍姆仍希望韩国方面给出积极回应，不过韩国官员对此事不予置评。这一情况凸显了BTS的经济和文化影响，该巡演预计通过音乐会、商品销售等渠道产生超过10亿美元的收入，反映了娱乐产业在全球化和数字市场中的重要作用，以及国家行为者在跨国文化流动中的调解角色。",
      "source": "BBC Entertainment",
      "time_ago": "9 hours ago",
      "image_url": "/article_images/article_31a9615bcfa0ff28_930462e73098.webp",
      "category": "Fun"
    },
    {
      "id": "b8433b53c6e12373",
      "title": "伊德瑞斯·艾尔巴爵士因滑板车超速被罚款",
      "summary": "著名演员兼DJ伊德瑞斯·艾尔巴爵士在伦敦切尔西堤岸骑滑板车时，因超过20英里/小时的限速被罚款。六月，他被测速摄像头记录以28英里/小时行驶，导致被处以147英镑罚款，驾照上扣3分，并需支付额外费用169英镑。伦敦警察厅向威斯敏斯特地方法院提交了三张照片作为证据，确认艾尔巴为骑手。他通过其律师表示未收到定额罚款通知，因此未支付，但称若收到会接受。艾尔巴通过法律团队认罪，根据“单一司法程序”避免了审判，该程序基于书面证据处理低级案件，无需出庭。此事发生在他因慈善工作获封爵士及与查尔斯国王合作Netflix项目后不久。警方表示，根据国家驾驶员违法再培训计划数据库的自动检查，他不符合参加改道课程的资格。文章突出了交通违法的法律流程及这位演员在疏忽下的合规性。",
      "source": "BBC Entertainment",
      "time_ago": "20 hours ago",
      "image_url": "/article_images/article_b8433b53c6e12373_74a05f79c1d3.webp",
      "category": "Fun"
    },
    {
      "id": "03e64a867352e0a2",
      "title": "阿尔卡拉斯强势击败德米纳尔晋级四强",
      "summary": "在澳大利亚网球公开赛四分之一决赛中，卡洛斯·阿尔卡拉斯以直落三盘的强势表现击败了本土英雄亚历克斯·德米纳尔，成功晋级半决赛。这场胜利标志着阿尔卡拉斯在追求成为最年轻完成职业生涯全满贯男子选手的道路上迈出了重要一步。全满贯包括赢得澳网、法网、温网和美网这四大满贯赛事。作为西班牙新星，阿尔卡拉斯在比赛中展现了出色的战术意识和体能优势，完全掌控了比赛节奏，未失一盘。德米纳尔作为澳大利亚本土选手，虽然得到了主场观众的大力支持，但未能抵挡住阿尔卡拉斯的攻势。此次晋级不仅巩固了阿尔卡拉斯在职业网球界的崛起地位，还为他接下来的半决赛对决奠定了基础。文章深入分析了这场比赛对阿尔卡拉斯职业生涯轨迹的影响，探讨了他在高压环境下如何克服主场优势，并审视了其在网球历史中的潜在意义。阿尔卡拉斯的持续成功使他成为当今激烈竞争时代中的有力竞争者，其表现值得进一步关注。",
      "source": "BBC Tennis",
      "time_ago": "22 hours ago",
      "image_url": "/article_images/article_03e64a867352e0a2_aaec7cc2f50f.webp",
      "category": "Fun"
    }
  ]
}