{
  "articles": [
    {
      "id": "615770b5b0cb8352",
      "title": "Analyzing Keir Starmer's Political Fortitude Amidst Internal and External Pressures",
      "summary": "At the onset of the new year, UK Prime Minister Keir Starmer projects a renewed demeanor following a politically tumultuous 2025, yet confronts profound challenges to his leadership. In an extended interview, Starmer unequivocally declares his intention to remain in office until 2027, dismissing internal Labour Party critiques that question his efficacy and advocate for his replacement. He posits that his tenure should be evaluated at the forthcoming general election, not through interim assessments like the imminent May local elections across the UK, though he tacitly acknowledges their symbolic weight. The article contextualizes Starmer's assertions within a hectic diplomatic backdrop, including discussions with Ukrainian President Volodymyr Zelensky and reactions to US President Donald Trump's actions in Venezuela. Starmer attributes his declining popularity to public impatience for tangible improvements, forecasting economic amelioration despite rising unemployment, contingent on the fruition of early governmental strategies. However, he adamantly refuses to relinquish leadership, even in scenarios of electoral setbacks, framing his role as pivotal in countering adversaries such as Nigel Farage and Reform UK. This narrative underscores the tension between Starmer's personal resolve and the multifaceted pressures from party dynamics, electoral timelines, and international affairs.",
      "source": "BBC News",
      "time_ago": "1 hour ago",
      "image_url": "/article_images/article_615770b5b0cb8352_8643e5610684.webp",
      "category": "News"
    },
    {
      "id": "4c1889fc5dcae351",
      "title": "Ideological Clash at the Kennedy Center: Composer's Cancellation Amid Political Renaming Controversy",
      "summary": "Stephen Schwartz, the renowned composer of Wicked, has publicly withdrawn from a scheduled performance at the Kennedy Center, citing the institution's board decision to incorporate President Donald Trump's name into its designation as a catalyst for his departure. In a detailed statement, Schwartz articulated that the Kennedy Center, originally conceived as an apolitical sanctuary for artistic freedom across ideologies, has been transformed into a venue where appearances constitute ideological endorsements. He emphasized that his refusal to perform stems from a commitment to preserving the center's foundational principles against politicization. Conversely, Richard Grenell, the center's president, vehemently contested this narrative, labeling reports of Schwartz's cancellation as 'totally bogus' and asserting that no formal agreement existed, thereby questioning the veracity of media coverage. This incident is situated within a broader pattern of artist disengagement from the Kennedy Center, exemplified by The Cookers' recent cancellation, albeit without explicit political attribution. The controversy illuminates deeper societal fissures regarding the intersection of art and politics, prompting critical reflections on how cultural institutions navigate partisan landscapes while upholding artistic integrity. Schwartz's stance underscores a growing discourse on the ethical responsibilities of artists in polarized environments, while Grenell's rebuttal highlights challenges in media representation and institutional communication.",
      "source": "BBC News",
      "time_ago": "2 hours ago",
      "image_url": "/article_images/article_4c1889fc5dcae351_f8b87ca571be.webp",
      "category": "News"
    },
    {
      "id": "f446b179bdf3a674",
      "title": "Navigating Post-Holiday Transition: Psychological Strategies for Work Re-engagement",
      "summary": "The return to work following the Christmas break frequently elicits reluctance, anxiety, and diminished energy levels, phenomena that psychologists and workplace experts attribute not to motivational deficits but to the necessity of cognitive and emotional recalibration. Central to this discussion is the concept of \"Sunday blues,\" a manifestation of anticipatory stress wherein the brain preemptively activates stress responses in anticipation of Monday's demands. To mitigate this, experts advocate for constructing a gradual interface between leisure and professional spheres, thereby attenuating the abruptness of re-entry. Practical interventions include deliberate engagement in absorbing activities such as exercise or creative pursuits on Sundays, alongside the establishment of micro-rituals—like preparatory walks or attire selection—to foster mental cohesion. For persistent cognitive intrusions, the technique of \"thought downloading\" is recommended; this involves transcribing tasks and anxieties to externalize mental clutter, which curtails neural rehearsal and ameliorates sleep quality. In cases where anxiety permeates beyond the initial workday, underlying issues may relate to perceptual overload rather than insufficient drive. This analysis synthesizes insights from executive coach Beth Hope and wellness coach Denise Byrne, proposing a framework that integrates behavioral and cognitive strategies to facilitate a more seamless reintegration into work routines post-holiday.",
      "source": "BBC News",
      "time_ago": "12 hours ago",
      "image_url": "/article_images/article_f446b179bdf3a674_9939004e0edc.webp",
      "category": "News"
    },
    {
      "id": "ec3f1da325ff3ea2",
      "title": "Trump's Venezuela Intervention: Redefining Presidential Legacy and U.S. Global Strategy",
      "summary": "President Donald Trump's intervention in Venezuela represents a pivotal moment in U.S. foreign policy, characterized by the overnight capture of Venezuelan President Nicolas Maduro and a commitment to nation-building. Announced at a Mar-a-Lago press conference, this action involves a collaborative U.S.-Venezuelan team led by Secretary of State Marco Rubio and Secretary of Defence Pete Hegseth, aiming to oversee a transitional government. This marks a profound contradiction for Trump, who previously espoused an 'America first' doctrine and criticized regime change endeavors, such as the Iraq War. His administration now pledges to reconstruct Venezuela's devastated economy and industrial infrastructure through American energy investment, with potential military deployment underscoring the intervention's depth. Trump's optimism, citing a 'perfect track record of winning,' contrasts with the daunting obstacles of political instability and economic collapse. This intervention diverges from his prior use of aerial strikes in conflicts like Syria and Iran, as it entails sustained nation-building responsibilities, invoking Colin Powell's adage, 'If you break it, you own it.' The article posits that this venture could critically shape Trump's legacy and America's international standing, highlighting the complexities of interventionist policy.",
      "source": "BBC News",
      "time_ago": "15 hours ago",
      "image_url": "/article_images/article_ec3f1da325ff3ea2_b5a71973cff6.webp",
      "category": "News"
    },
    {
      "id": "ef191f4f60586901",
      "title": "Multilateral Diplomacy and Economic Strategy in Ukraine Peace Negotiations",
      "summary": "In a significant diplomatic development, national security advisers from European and allied nations convened in Kyiv to deliberate on comprehensive peace proposals aimed at concluding the protracted conflict in Ukraine, now approaching its fourth year. The discussions centered on formulating security guarantees, which entail binding commitments from international partners to ensure Ukraine's defense, and a substantial economic support package estimated at $800 billion over the next decade. President Volodymyr Zelenskyy highlighted the acceleration of this process, as Ukraine has disseminated all pertinent documents to 18 advisers, with subsequent negotiations slated for capitals across Europe, Canada, Japan, and other members of the Coalition of the Willing—a consortium of approximately 30 nations endorsing Ukraine's stance. Forthcoming meetings in Paris will involve military representatives and European leaders to finalize security frameworks, with U.S. engagement. The economic initiative, derived from analyses by the World Bank, International Monetary Fund, and European Union, is designed to address damage compensation, reconstruction, economic stabilization, and a $200 billion growth accelerator, contingent upon Ukraine's implementation of reforms for European Union accession. Funding specifics remain undetermined, though projections indicate $500 billion from public grants and concessional loans, with details to be clarified in the ensuing weeks. Concurrently, Zelenskyy announced governmental reshuffles, proposing Denys Shmyhal as energy minister and first deputy prime minister, and Mykhailo Fedorov as defense minister, reflecting strategic adjustments in Ukraine's administration.",
      "source": "PBS NewsHour",
      "time_ago": "16 hours ago",
      "image_url": "/article_images/article_ef191f4f60586901_a5309e8c5d1e.webp",
      "category": "News"
    },
    {
      "id": "6acbd3941b93f718",
      "title": "Geopolitical Implications of Trump's Venezuelan Intervention: A Critical Examination",
      "summary": "In a news conference at Mar-a-Lago, President Donald Trump characterized a U.S. military operation resulting in the ouster of Venezuelan leader Nicolás Maduro as a landmark demonstration of American military prowess and a cornerstone of his administration's foreign policy. Trump articulated a vision for U.S. stewardship in Venezuela to facilitate a transition toward peace and justice, juxtaposing this against his broader international challenges, such as the Israel-Hamas conflict and Russia's war in Ukraine. The article critically assesses the precarious path forward, noting the necessity for the White House to navigate a potential power vacuum, address Venezuela's entrenched crises of hyperinflation and resource shortages, and consider the strategic responses from adversaries like China and Russia, who may interpret this action as a precedent for their own ambitions in Taiwan and Ukraine. Trump's assurance that American taxpayers will not bear financial responsibility underscores his political messaging, while the absence of visible U.S. ground presence in Caracas raises questions about the operation's execution and long-term sustainability. This event exemplifies Trump's chutzpah-driven approach to foreign affairs, marked by assertive confidence but fraught with complex geopolitical ramifications.",
      "source": "PBS NewsHour",
      "time_ago": "21 hours ago",
      "image_url": "/article_images/article_6acbd3941b93f718_2631f04679ef.webp",
      "category": "News"
    }
  ]
}