{
  "title": "Ecological Implications of Zombie Worm Absence in Deep-Sea Ecosystems",
  "summary": "The unexplained absence of zombie worms (Osedax) from whale bones in a decade-long deep-sea experiment conducted off British Columbia has raised significant scientific concerns regarding ecosystem stability and climate change impacts. Led by Fabio De Leo of Ocean Networks Canada, the study involved placing humpback whale bones in Barkley Canyon, approximately a thousand meters deep, and monitoring them with high-resolution underwater cameras. Despite the well-documented role of Osedax as ecosystem engineers—organisms that drill into bones using root-like structures with symbiotic microbes to recycle nutrients and facilitate biodiversity—no colonization was observed. This negative result is particularly alarming because it may be linked to expanding oxygen minimum zones (OMZs) in the northeast Pacific, driven by long-term climate change. Whale falls, which occur when deceased whales sink and provide substantial organic input, typically support rich deep-sea communities, but the lack of zombie worms suggests OMZs could be disrupting these processes. Early data from additional ONC sites corroborate these findings, indicating potential species loss and weakened food webs, thus highlighting the broader ecological consequences of anthropogenic environmental shifts in marine habitats.",
  "keywords": [
    {
      "term": "Osedax",
      "explanation": "a genus of deep-sea polychaete worms, commonly called zombie worms, that lack a digestive system and consume whale bones through symbiotic bacteria"
    },
    {
      "term": "ecosystem engineers",
      "explanation": "species that significantly modify their environment, such as by creating habitats or recycling nutrients, thereby influencing community structure and function"
    },
    {
      "term": "oxygen minimum zones",
      "explanation": "persistent oceanic regions with severely reduced dissolved oxygen levels, often exacerbated by climate change, that can limit aerobic life and alter biogeochemical cycles"
    },
    {
      "term": "whale falls",
      "explanation": "ecological events where cetacean carcasses descend to the benthos, forming complex, nutrient-rich ecosystems that support specialized fauna over decades"
    },
    {
      "term": "negative result",
      "explanation": "in scientific inquiry, an outcome where expected phenomena are not observed, which can provide critical insights into environmental changes or methodological limitations"
    }
  ],
  "questions": [
    {
      "question": "What is the primary ecological function of Osedax worms in deep-sea environments?",
      "options": [
        "Recycling nutrients from whale bones to support biodiversity",
        "Producing oxygen through photosynthesis",
        "Predating on small fish populations",
        "Stabilizing sediment on the seafloor"
      ],
      "correct_answer": "Recycling nutrients from whale bones to support biodiversity"
    },
    {
      "question": "How do Osedax worms obtain nutrients without a digestive system?",
      "options": [
        "Through root-like structures housing symbiotic microbes",
        "By filtering plankton from the water",
        "Via direct absorption through their skin",
        "By consuming detritus with a hidden mouth"
      ],
      "correct_answer": "Through root-like structures housing symbiotic microbes"
    },
    {
      "question": "What methodological approach was used in the decade-long experiment discussed?",
      "options": [
        "Placement of whale bones with high-resolution camera monitoring",
        "Genetic sequencing of water samples",
        "Satellite tracking of whale migrations",
        "Laboratory culturing of Osedax specimens"
      ],
      "correct_answer": "Placement of whale bones with high-resolution camera monitoring"
    },
    {
      "question": "Why is the absence of zombie worms considered a negative result, and why is it significant?",
      "options": [
        "It indicates potential ecosystem disruption despite expectations, offering insights into environmental changes",
        "It means the experiment failed and data is invalid",
        "It suggests zombie worms are extinct globally",
        "It shows the cameras were malfunctioning"
      ],
      "correct_answer": "It indicates potential ecosystem disruption despite expectations, offering insights into environmental changes"
    },
    {
      "question": "What environmental factor is hypothesized to contribute to the absence of zombie worms in Barkley Canyon?",
      "options": [
        "Expanding oxygen minimum zones due to climate change",
        "Increased whale populations from conservation efforts",
        "Rising sea temperatures alone",
        "Pollution from plastic debris"
      ],
      "correct_answer": "Expanding oxygen minimum zones due to climate change"
    },
    {
      "question": "How do whale falls typically influence deep-sea ecosystems?",
      "options": [
        "They provide concentrated organic input that sustains diverse communities over time",
        "They cause oxygen depletion that kills all nearby life",
        "They attract only scavengers like sharks",
        "They have minimal impact due to rapid decomposition"
      ],
      "correct_answer": "They provide concentrated organic input that sustains diverse communities over time"
    },
    {
      "question": "What broader implications does the study suggest for marine biodiversity?",
      "options": [
        "Potential species loss and weakened food webs due to climate-induced changes",
        "Increased resilience of deep-sea ecosystems to disturbances",
        "No significant impact as other species will compensate",
        "Enhanced nutrient cycling from alternative sources"
      ],
      "correct_answer": "Potential species loss and weakened food webs due to climate-induced changes"
    },
    {
      "question": "Who is Fabio De Leo, and what credentials does he bring to the study?",
      "options": [
        "A senior scientist with Ocean Networks Canada and adjunct professor, expertise in marine biology",
        "A journalist specializing in ocean stories",
        "A whale conservation activist",
        "A government policy maker"
      ],
      "correct_answer": "A senior scientist with Ocean Networks Canada and adjunct professor, expertise in marine biology"
    },
    {
      "question": "What evidence supports the concern about expanding OMZs in the northeast Pacific?",
      "options": [
        "Early data from other ONC sites showing similar zombie worm absences",
        "Historical records of whale fall abundances",
        "Theoretical models of ocean circulation",
        "Anecdotal reports from fishermen"
      ],
      "correct_answer": "Early data from other ONC sites showing similar zombie worm absences"
    },
    {
      "question": "How might anthropogenic activities be indirectly affecting deep-sea ecosystems through this study's findings?",
      "options": [
        "By contributing to climate change that drives oxygen depletion and disrupts habitats",
        "Through direct dumping of waste on whale bones",
        "By overfishing zombie worms for research",
        "Via noise pollution from ships scaring away worms"
      ],
      "correct_answer": "By contributing to climate change that drives oxygen depletion and disrupts habitats"
    }
  ],
  "background_read": [
    "Osedax, or zombie worms, are specialized annelids found in deep-sea environments worldwide, known for their unique adaptation of lacking a mouth and gut while utilizing root-like osedax to penetrate whale bones, facilitated by endosymbiotic bacteria that degrade lipids and proteins. These worms are keystone species in whale fall ecosystems, driving nutrient cycling and succession by creating microhabitats for other organisms. Oxygen minimum zones are expanding globally due to climate change and eutrophication, reducing dissolved oxygen and stressing aerobic marine life. Scientific experiments like those by Ocean Networks Canada employ long-term observational methods, such as camera arrays and sensor networks, to monitor deep-sea processes, with negative results offering valuable data on ecological shifts. This research intersects with broader themes of anthropogenic impact on marine biodiversity, highlighting the need for integrated conservation strategies in the face of environmental change."
  ],
  "Article_Structure": [
    "Main Points: The article details the concerning absence of Osedax worms from whale bones in a long-term deep-sea experiment, emphasizing their role as ecosystem engineers in nutrient recycling and biodiversity support. Purpose: It seeks to elucidate how climate change-induced oxygen minimum zones may be disrupting deep-sea ecosystems, using this case to advocate for heightened environmental monitoring. Evidence Evaluation: The evidence is robust, based on a decade of high-resolution camera data showing no colonization, supplemented by preliminary findings from other sites, though it is geographically limited to the northeast Pacific. Author Credibility: Fabio De Leo possesses strong credentials as a senior scientist and professor, lending authority to the study's conclusions. Methodology: The methodology involved experimental placement of whale bones with continuous camera surveillance, providing direct observational data but potentially lacking controls for variables like bone type. Critical Assessment: Strengths include long-term design and clear implications for climate impacts, while limitations involve site specificity and the need for further research to confirm causal links with OMZs."
  ],
  "perspectives": [
    {
      "perspective": "Climate change impact",
      "description": "The absence of zombie worms serves as an indicator of how anthropogenic climate change, through expanding oxygen minimum zones, is destabilizing deep-sea ecosystems and threatening marine biodiversity."
    }
  ],
  "image_url": "/article_images/article_efebffa34e66a34c_a96e78195b1f.webp"
}