{
  "title": "Prospects for Auroral Displays in 2026: A Post-Peak Solar Cycle Analysis",
  "summary": "This article examines the likelihood of enhanced Northern Lights visibility in the UK during 2026, situated within the context of the Sun's 11-year solar cycle. NASA confirmed the cycle's peak in October 2024, characterized by heightened sunspot activity leading to frequent solar flares and coronal mass ejections. Although the cycle is now in a declining phase toward solar minimum around 2031-32, residual activity remains significant. For instance, an X5.1 solar flare in November 2025 generated a notable auroral event, with sightings extending to southern England. While this flare was less intense than the X8.8 and X9 flares of 2024, it demonstrates that even post-peak, substantial solar emissions can produce widespread auroras. The article posits that as solar activity gradually decreases, individual events in 2026 could still trigger impressive displays, emphasizing the nonlinear nature of solar phenomena. This analysis underscores the interplay between cyclical solar patterns and episodic events, offering insights for both public engagement and scientific observation of space weather impacts.",
  "keywords": [
    {
      "term": "solar cycle dynamics",
      "explanation": "the study of periodic changes in the Sun's activity, including sunspot variation and energy output"
    },
    {
      "term": "coronal mass ejections (CMEs)",
      "explanation": "massive bursts of solar wind and magnetic fields released into space, often associated with solar flares"
    },
    {
      "term": "auroral visibility",
      "explanation": "the extent to which Northern Lights can be observed, influenced by solar activity and geomagnetic conditions"
    },
    {
      "term": "space weather",
      "explanation": "conditions on the Sun and in the solar wind that can affect Earth's magnetosphere and technology"
    },
    {
      "term": "post-peak solar activity",
      "explanation": "the period following the maximum of a solar cycle, where activity declines but remains variable"
    }
  ],
  "questions": [
    {
      "question": "What does the article identify as the key factor for Northern Lights visibility in 2026?",
      "options": [
        "Post-peak solar activity",
        "Lunar phases",
        "Atmospheric pollution",
        "Geomagnetic storms alone"
      ],
      "correct_answer": "Post-peak solar activity"
    },
    {
      "question": "How does the article characterize the solar cycle's phase in 2026?",
      "options": [
        "Declining toward solar minimum",
        "At solar maximum",
        "In a stable plateau",
        "Undergoing rapid increase"
      ],
      "correct_answer": "Declining toward solar minimum"
    },
    {
      "question": "What was the significance of the November 2025 X5.1 solar flare?",
      "options": [
        "It produced a widespread auroral display in the UK",
        "It marked the solar cycle peak",
        "It had no effect on Earth",
        "It was the strongest flare ever recorded"
      ],
      "correct_answer": "It produced a widespread auroral display in the UK"
    },
    {
      "question": "How does the article compare the 2025 flare to those in 2024?",
      "options": [
        "It was less intense but still effective",
        "It was more intense",
        "It was identical in scale",
        "It was unrelated to auroras"
      ],
      "correct_answer": "It was less intense but still effective"
    },
    {
      "question": "What broader concept does the article relate to solar activity impacts?",
      "options": [
        "Space weather",
        "Climate change",
        "Ocean currents",
        "Tectonic shifts"
      ],
      "correct_answer": "Space weather"
    },
    {
      "question": "What is the expected timeline for solar minimum according to the article?",
      "options": [
        "Around 2031-32",
        "2026",
        "2024",
        "2040"
      ],
      "correct_answer": "Around 2031-32"
    },
    {
      "question": "How does the article assess the methodology of its predictions?",
      "options": [
        "Based on solar cycle monitoring and historical data",
        "On speculative models",
        "Through direct experimentation",
        "Using anecdotal evidence"
      ],
      "correct_answer": "Based on solar cycle monitoring and historical data"
    },
    {
      "question": "What limitation might affect the article's credibility?",
      "options": [
        "Lack of direct citations or peer-reviewed sources",
        "Over-reliance on expert interviews",
        "Too much technical detail",
        "Inclusion of unrelated topics"
      ],
      "correct_answer": "Lack of direct citations or peer-reviewed sources"
    },
    {
      "question": "Why might auroral displays remain possible even in a quieter solar year?",
      "options": [
        "Due to episodic large solar events",
        "Because of constant high activity",
        "From moonlight reflection",
        "Through atmospheric changes alone"
      ],
      "correct_answer": "Due to episodic large solar events"
    },
    {
      "question": "What does the article suggest about the nonlinearity of solar phenomena?",
      "options": [
        "That individual events can defy gradual trends",
        "That activity always decreases linearly",
        "That predictions are always accurate",
        "That cycles are irregular and unpredictable"
      ],
      "correct_answer": "That individual events can defy gradual trends"
    }
  ],
  "background_read": [
    "The Northern Lights, or aurora borealis, are a manifestation of space weather, resulting from collisions between charged solar particles and Earth's upper atmosphere. The Sun's 11-year solar cycle, driven by magnetic field changes, influences sunspot numbers and solar activity levels. During solar maximum, increased flares and coronal mass ejections enhance auroral visibility at lower latitudes. Post-peak, activity diminishes but remains sporadic, with events like the November 2025 X5.1 flare illustrating how individual occurrences can produce significant effects. Understanding this requires knowledge of heliophysics, including flare classification (X-class denoting extreme intensity) and geomagnetic storm mechanisms. The article's analysis integrates cycle theory with observational data, relevant for both public astronomy and scientific research on solar-terrestrial interactions."
  ],
  "Article_Structure": [
    "Main Points: The article details how 2026 offers favorable conditions for Northern Lights in the UK due to sustained solar activity post-2024 peak, supported by examples like the November 2025 X5.1 flare. Purpose: To educate on solar cycle dynamics and promote public interest in auroral observations, contextualizing recent events within broader space weather trends. Evidence Evaluation: Uses specific flare measurements and NASA-confirmed cycle data, providing factual basis but lacking in-depth source critique or peer references. Author Credibility: Implied through BBC Science's reputation, yet no explicit author credentials or potential biases are addressed. Methodology: Relies on descriptive analysis of solar monitoring data and historical patterns, without original research or methodological transparency. Critical Assessment: Strengths include clear explanations and timely relevance; limitations involve superficial evidence evaluation and absence of counterarguments or uncertainty discussion."
  ],
  "perspectives": [
    {
      "perspective": "Heliophysical perspective",
      "description": "Analyzes solar activity and its terrestrial impacts through the lens of space science and cycle theory."
    }
  ],
  "image_url": "/article_images/article_819d86f0c8335e74_9215da7521fc.webp"
}