{
  "title": "Analyzing the UK's Comprehensive PFAS Mitigation Strategy",
  "summary": "The UK government has initiated a national strategy to address per- and polyfluoroalkyl substances (PFAS), commonly termed 'forever chemicals,' which are integral to numerous industrial and consumer products due to their hydrophobic and oleophobic properties. This plan emerges amid escalating environmental and health apprehensions, as PFAS exhibit persistence, bioaccumulation, and toxicity, with certain compounds linked to adverse health outcomes. Key components include a 50% augmentation in water sampling across Scotland and Wales, alongside biomonitoring of coastal fauna in England and soil analyses in prioritized zones to delineate contamination hotspots. By 2029, the UK intends to synchronize with evolving EU regulatory frameworks, potentially proscribing non-essential PFAS applications. Environment Minister Emma Hardy characterizes PFAS as a paramount chemical challenge, underscoring objectives to safeguard public health and ecological integrity while facilitating a transition to safer alternatives. Nevertheless, regulatory enactment is protracted, approximately five years, and industry stakeholders, exemplified by the Chemicals Industries Association, cite indispensable roles in sectors like hydrogen production where substitutes are scarce. Concurrently, environmental advocates and the water sector exhort expedited action, emphasizing PFAS ubiquity—from school uniforms to pharmaceutical packaging—and environmental ingress via manufacturing effluents, laundry discharges, and agricultural sludge application. The strategy also encompasses public outreach through a specialized informational portal.",
  "keywords": [
    {
      "term": "hydrophobic and oleophobic",
      "explanation": "properties that repel water and oils, respectively"
    },
    {
      "term": "biomonitoring",
      "explanation": "the use of living organisms to assess environmental contamination"
    },
    {
      "term": "regulatory frameworks",
      "explanation": "structured systems of rules and guidelines governing chemical use"
    },
    {
      "term": "environmental ingress",
      "explanation": "the entry of substances into natural systems from various sources"
    },
    {
      "term": "per- and polyfluoroalkyl substances",
      "explanation": "the scientific name for PFAS, a class of synthetic chemicals"
    },
    {
      "term": "toxicity",
      "explanation": "the degree to which a substance can cause harm to living organisms"
    },
    {
      "term": "public outreach",
      "explanation": "efforts to engage and educate the community on specific issues"
    },
    {
      "term": "industrial stakeholders",
      "explanation": "groups or companies involved in production with vested interests"
    },
    {
      "term": "ecological integrity",
      "explanation": "the health and balance of natural ecosystems"
    },
    {
      "term": "contamination delineation",
      "explanation": "the process of identifying and mapping polluted areas"
    }
  ],
  "questions": [
    {
      "question": "What scientific properties make PFAS useful in industrial applications?",
      "options": [
        "Hydrophobic and oleophobic",
        "Biodegradable and safe",
        "Colorful and fragrant",
        "Conductive and magnetic"
      ],
      "correct_answer": "A"
    },
    {
      "question": "How does the UK plan to identify PFAS contamination hotspots?",
      "options": [
        "Through increased water testing and biomonitoring",
        "By banning all PFAS immediately",
        "Using satellite imagery only",
        "Relying on public reports"
      ],
      "correct_answer": "A"
    },
    {
      "question": "What is the timeline for the UK to align with EU PFAS regulations?",
      "options": [
        "By 2029",
        "By 2025",
        "By 2035",
        "Immediately"
      ],
      "correct_answer": "A"
    },
    {
      "question": "Why do industry groups resist rapid PFAS phase-outs?",
      "options": [
        "Lack of alternatives in critical sectors",
        "PFAS are inexpensive",
        "They are not harmful",
        "Public demand is low"
      ],
      "correct_answer": "A"
    },
    {
      "question": "What does 'bioaccumulation' refer to in the context of PFAS?",
      "options": [
        "Accumulation in organisms over time",
        "Rapid degradation in soil",
        "Evaporation into the atmosphere",
        "Neutralization in water"
      ],
      "correct_answer": "A"
    },
    {
      "question": "What role does public outreach play in the UK's PFAS strategy?",
      "options": [
        "Raising awareness via an informational website",
        "Conducting laboratory experiments",
        "Funding new chemical research",
        "Lobbying for industry exemptions"
      ],
      "correct_answer": "A"
    },
    {
      "question": "Who is Dr. Liz Chadwick and what is her contribution?",
      "options": [
        "A scientist explaining PFAS environmental leakage",
        "A government official setting regulations",
        "An industry representative",
        "A public health advocate"
      ],
      "correct_answer": "A"
    },
    {
      "question": "What are the three concerning characteristics of PFAS mentioned?",
      "options": [
        "Persistence, bioaccumulation, toxicity",
        "Color, smell, taste",
        "Cost, availability, safety",
        "Speed, efficiency, durability"
      ],
      "correct_answer": "A"
    },
    {
      "question": "How do PFAS enter the environment according to the article?",
      "options": [
        "From manufacturing, washing, and waste sludge",
        "Only from direct dumping",
        "Through natural processes",
        "Solely from air pollution"
      ],
      "correct_answer": "A"
    },
    {
      "question": "What is the overarching goal of the UK's PFAS Plan?",
      "options": [
        "Reduce harmful effects while transitioning to alternatives",
        "Increase PFAS production",
        "Ignore international standards",
        "Focus solely on testing"
      ],
      "correct_answer": "A"
    }
  ],
  "background_read": [
    "PFAS encompass over 4,000 synthetic compounds characterized by carbon-fluorine bonds, rendering them exceptionally stable and resistant to degradation. Initially developed for their surfactant properties, they are prevalent in aerospace, electronics, and consumer goods. Environmental persistence leads to widespread contamination in water bodies and biota, with epidemiological studies associating exposure to cancers, immune dysfunction, and developmental issues. Regulatory landscapes are evolving; the EU's REACH regulation is proposing restrictions, while the US EPA has established health advisories. The UK's strategy reflects a risk-management approach, balancing scientific evidence on hazards with socio-economic considerations, highlighting interdisciplinary challenges in toxicology, policy-making, and sustainable chemistry."
  ],
  "Article_Structure": [
    "This article provides an in-depth analysis of the UK's PFAS mitigation strategy, detailing main points such as increased environmental testing, regulatory alignment with the EU by 2029, and the tension between rapid action and industrial feasibility. The purpose is to critically examine governmental response to a pervasive environmental threat within a broader context of global chemical regulation. Evidence evaluation notes reliance on official statements and expert commentary, with moderate credibility from BBC News as a reputable source, though lacking primary data. Author credibility is assumed based on journalistic standards, but potential bias towards balanced reporting may underplay urgency. Methodology involves synthesizing policy documents and stakeholder interviews, offering a descriptive rather than investigative approach. Critical assessment acknowledges the plan's comprehensiveness in testing and awareness but identifies limitations in slow implementation and industry influence, suggesting need for more aggressive timelines and independent scientific validation."
  ],
  "perspectives": [
    {
      "perspective": "Policy-maker perspective",
      "description": "Emphasizes structured, evidence-based regulation to mitigate PFAS risks while considering economic impacts and technological transitions."
    },
    {
      "perspective": "Scientific community perspective",
      "description": "Focuses on the empirical risks of PFAS persistence and toxicity, advocating for precautionary measures and robust monitoring."
    },
    {
      "perspective": "Industrial perspective",
      "description": "Stresses practical constraints and innovation gaps, urging gradual phase-outs to maintain critical production capabilities."
    },
    {
      "perspective": "Environmental advocacy perspective",
      "description": "Calls for urgent, sweeping restrictions to prevent long-term ecological and health damages, critiquing regulatory delays."
    }
  ],
  "image_url": "/article_images/article_0a08220b7634b1ef_0c7e108f1618.webp"
}