{
  "title": "Analyzing the UK's Elite Taxpayers: Contributions, Policy Impacts, and Avoidance Trends",
  "summary": "This article examines The Sunday Times Tax List, an annual ranking of the UK's 100 highest taxpayers, revealing significant insights into fiscal contributions and economic behavior. Fred and Peter Done, founders of the gambling conglomerate Betfred, top the list with an estimated £400.1 million tax payment, nearly doubling from the previous year. The list features a diverse array of individuals, including celebrities such as Harry Styles (£24.7 million) and Anthony Joshua (£11 million), as well as business leaders like Alex Gerko (£331.4 million) and Chris Rokos (£330 million). Total tax contributions rose to £5.758 billion from £4.985 billion, attributed largely to increased corporation tax rates implemented by the Labour government to fund higher welfare spending. However, the article also identifies a trend of tax avoidance, with six taxpayers, including Revolut founder Nik Storonsky, relocating from the UK amid the abolition of non-dom status and rising tax burdens. Compiled by Robert Watts, the list underscores the critical role of elite taxpayers in public finance while highlighting challenges in tax policy enforcement and equity. This analysis provides a nuanced view of how wealth distribution, government interventions, and global mobility intersect in contemporary UK taxation.",
  "keywords": [
    {
      "term": "fiscal contributions",
      "explanation": "financial payments made by individuals or entities to the government, crucial for public funding"
    },
    {
      "term": "corporation tax rates",
      "explanation": "government-imposed percentages on company profits, recently increased in the UK to boost revenue"
    },
    {
      "term": "non-dom status abolition",
      "explanation": "the elimination of a tax regime allowing UK residents with overseas domiciles to avoid UK taxes on foreign income, prompting relocations"
    },
    {
      "term": "tax avoidance trends",
      "explanation": "patterns where wealthy individuals use legal means, such as emigration, to minimize tax liabilities"
    },
    {
      "term": "economic behavior",
      "explanation": "actions taken by taxpayers in response to policy changes, influencing revenue and mobility"
    },
    {
      "term": "public finance",
      "explanation": "the management of government revenues and expenditures, impacted by elite tax payments"
    }
  ],
  "questions": [
    {
      "question": "What factors contributed to the increase in total tax paid by the top 100 taxpayers?",
      "options": [
        "Higher corporation tax rates and policy changes",
        "More celebrities joining the list",
        "Decreased tax avoidance",
        "Government tax cuts for businesses"
      ],
      "correct_answer": "Higher corporation tax rates and policy changes"
    },
    {
      "question": "How did the Done brothers' tax payment change from the previous year?",
      "options": [
        "Nearly doubled to £400.1 million",
        "Decreased slightly",
        "Remained the same",
        "Increased only due to celebrity status"
      ],
      "correct_answer": "Nearly doubled to £400.1 million"
    },
    {
      "question": "What is the significance of non-dom status abolition mentioned in the article?",
      "options": [
        "It led some wealthy individuals to leave the UK to avoid taxes",
        "It increased tax payments for all taxpayers",
        "It was a policy to reduce corporation taxes",
        "It only affected celebrities on the list"
      ],
      "correct_answer": "It led some wealthy individuals to leave the UK to avoid taxes"
    },
    {
      "question": "Who compiled The Sunday Times Tax List, and what was their commentary?",
      "options": [
        "Robert Watts, who noted the list's diversity and tax increase",
        "Fred Done, who emphasized betting industry contributions",
        "The Labour government, who defended tax policies",
        "Harry Styles, who discussed celebrity tax payments"
      ],
      "correct_answer": "Robert Watts, who noted the list's diversity and tax increase"
    },
    {
      "question": "Which taxpayers are highlighted as having left the UK, and why?",
      "options": [
        "Six including Nik Storonsky, due to tax avoidance concerns",
        "All top 10 taxpayers, for business opportunities",
        "Only sports figures, for better training facilities",
        "The Done brothers, to expand Betfred internationally"
      ],
      "correct_answer": "Six including Nik Storonsky, due to tax avoidance concerns"
    },
    {
      "question": "How does the article characterize the diversity of the tax list?",
      "options": [
        "Includes Premier League footballers, pop stars, aristocrats, and business owners",
        "Focuses solely on billionaires from the gambling industry",
        "Limited to individuals paying over £100 million",
        "Excludes celebrities to emphasize business leaders"
      ],
      "correct_answer": "Includes Premier League footballers, pop stars, aristocrats, and business owners"
    },
    {
      "question": "What role do elite taxpayers play in public finance according to the article?",
      "options": [
        "They provide significant revenue for public services through taxes",
        "They primarily avoid taxes to maximize personal wealth",
        "They have no impact on government spending",
        "They only contribute during economic booms"
      ],
      "correct_answer": "They provide significant revenue for public services through taxes"
    },
    {
      "question": "What methodological approach is used in compiling the tax list?",
      "options": [
        "Estimates based on public records and projections",
        "Exact figures from government tax returns",
        "Surveys of taxpayer opinions",
        "Random sampling of UK residents"
      ],
      "correct_answer": "Estimates based on public records and projections"
    },
    {
      "question": "How does the article assess the credibility of the tax data?",
      "options": [
        "It relies on The Sunday Times as a reputable source but notes estimates may have limitations",
        "It dismisses the data as unreliable due to tax avoidance",
        "It claims all figures are verified by the UK government",
        "It suggests the list is biased towards celebrities"
      ],
      "correct_answer": "It relies on The Sunday Times as a reputable source but notes estimates may have limitations"
    },
    {
      "question": "What critical assessment does the article imply about tax policy?",
      "options": [
        "While increasing revenue, it may drive away wealthy taxpayers, posing enforcement challenges",
        "It is fully effective in eliminating tax avoidance",
        "It unfairly targets celebrities over business owners",
        "It has no impact on economic behavior or mobility"
      ],
      "correct_answer": "While increasing revenue, it may drive away wealthy taxpayers, posing enforcement challenges"
    }
  ],
  "background_read": [
    "The UK tax system involves progressive rates and various levies, including income tax, corporation tax, and capital gains tax, designed to fund public expenditures. The Sunday Times Tax List, initiated to promote transparency, uses estimated payments based on public disclosures and financial analysis, reflecting the contributions of the wealthiest individuals. Recent policy shifts, such as increased corporation tax under the Labour government and the abolition of non-dom status, aim to enhance equity and revenue but have sparked debates on tax competitiveness and avoidance. Elite taxpayers, spanning industries from entertainment to finance, play a pivotal role in fiscal sustainability, yet their mobility poses risks to domestic revenue. Understanding this context requires examining economic theories, policy impacts, and global trends in wealth taxation, highlighting the balance between revenue generation and taxpayer retention in a globalized economy."
  ],
  "Article_Structure": [
    "Main Points: The article details The Sunday Times Tax List, highlighting top taxpayers like the Done brothers (£400.1 million) and celebrities, with total contributions rising to £5.758 billion due to policy changes. Purpose: To analyze the fiscal impact of elite taxpayers, discuss tax avoidance trends, and evaluate policy effectiveness in a broader economic context. Evidence Evaluation: Sources include The Sunday Times data and compiler commentary, but reliance on estimates and projections may affect accuracy, though BBC reporting adds credibility. Author Credibility: BBC News provides authoritative coverage, citing expert insights, though potential biases in focusing on high-profile cases exist. Methodology: Based on annual compilation using estimated tax payments, public records, and policy analysis, offering a snapshot of taxpayer behavior. Critical Assessment: Strengths include highlighting revenue contributions and policy impacts, but limitations involve estimated data and potential oversight of broader tax equity issues."
  ],
  "perspectives": [
    {
      "perspective": "Fiscal policy analysis",
      "description": "Examines how tax increases and abolition of non-dom status affect revenue and taxpayer mobility."
    },
    {
      "perspective": "Social equity debate",
      "description": "Discusses whether elite tax contributions adequately address wealth inequality and public service needs."
    }
  ],
  "image_url": "/article_images/article_814e4fc53a53cbf6_a3b78f52ab41.webp"
}