{
  "title": "Survival Against Odds: Analyzing a Drummer's Cardiac Arrest at a Public Event",
  "summary": "Lionel Duke, drummer for The Christians, faced a critical cardiac arrest during a performance at Liverpool's On The Waterfront festival in June, an incident that nearly proved fatal. Collapsing on stage, he received immediate cardiopulmonary resuscitation (CPR) from Merseyside Water Rescue medics and crowd members for 12 minutes, a key factor in his survival. Transported to Liverpool Heart & Chest Hospital, he was placed in an induced coma within the intensive care unit to facilitate recovery, spending eight days hospitalized. In a BBC interview, Duke, 58, expressed profound gratitude and shock, noting that an off-duty nurse had pessimistically assessed his chances. The event disrupted the festival, underscoring vulnerabilities in public health safety, while Duke's reflection on absent warning signs raises questions about undetected cardiac risks. This account not only personalizes the trauma of sudden medical emergencies but also critiques the adequacy of emergency protocols at large-scale gatherings, highlighting the interplay between individual resilience and systemic support.",
  "keywords": [
    {
      "term": "cardiac arrest",
      "explanation": "a sudden cessation of cardiac function, requiring urgent intervention to prevent death"
    },
    {
      "term": "cardiopulmonary resuscitation (CPR)",
      "explanation": "an emergency procedure involving chest compressions and ventilations to sustain circulatory flow"
    },
    {
      "term": "induced coma",
      "explanation": "a therapeutic state of unconsciousness induced by drugs to minimize cerebral metabolic demand during critical illness"
    },
    {
      "term": "intensive care unit (ICU)",
      "explanation": "a specialized hospital department for patients with life-threatening conditions, providing continuous monitoring and support"
    },
    {
      "term": "public health safety",
      "explanation": "measures and protocols designed to protect community well-being during events, including emergency medical services"
    }
  ],
  "questions": [
    {
      "question": "What specific medical intervention was crucial in sustaining Lionel Duke's life immediately after his collapse?",
      "options": [
        "Administration of oxygen",
        "Performance of CPR",
        "Surgical procedure",
        "Medication injection"
      ],
      "correct_answer": "Performance of CPR"
    },
    {
      "question": "How did the off-duty nurse's assessment influence the narrative of Duke's survival?",
      "options": [
        "It provided hope",
        "It highlighted medical uncertainty",
        "It delayed treatment",
        "It was ignored"
      ],
      "correct_answer": "It highlighted medical uncertainty"
    },
    {
      "question": "What broader issue does Duke's incident raise regarding public events?",
      "options": [
        "Entertainment quality",
        "Emergency preparedness",
        "Ticket pricing",
        "Artist selection"
      ],
      "correct_answer": "Emergency preparedness"
    },
    {
      "question": "Which hospital department was Duke admitted to for his induced coma?",
      "options": [
        "Emergency room",
        "Intensive care unit",
        "General ward",
        "Outpatient clinic"
      ],
      "correct_answer": "Intensive care unit"
    },
    {
      "question": "What duration of CPR was administered to Duke on stage?",
      "options": [
        "5 minutes",
        "12 minutes",
        "15 minutes",
        "20 minutes"
      ],
      "correct_answer": "12 minutes"
    },
    {
      "question": "How does Duke describe his emotional state regarding the incident?",
      "options": [
        "Angry and resentful",
        "Grateful and shocked",
        "Indifferent and detached",
        "Fearful and anxious"
      ],
      "correct_answer": "Grateful and shocked"
    },
    {
      "question": "What factor does Duke attribute to his survival in terms of timing?",
      "options": [
        "Being in the right place at the right time",
        "Having prior medical training",
        "Avoiding stress",
        "Eating healthily"
      ],
      "correct_answer": "Being in the right place at the right time"
    },
    {
      "question": "What is the significance of Merseyside Water Rescue in this context?",
      "options": [
        "They organized the festival",
        "They provided medical aid",
        "They are a band",
        "They funded the hospital"
      ],
      "correct_answer": "They provided medical aid"
    },
    {
      "question": "How many days was Duke hospitalized following the incident?",
      "options": [
        "5 days",
        "8 days",
        "10 days",
        "12 days"
      ],
      "correct_answer": "8 days"
    },
    {
      "question": "What does Duke's reflection on warning signs suggest about cardiac health?",
      "options": [
        "It is always predictable",
        "It can be asymptomatic or missed",
        "It is unrelated to lifestyle",
        "It only affects older adults"
      ],
      "correct_answer": "It can be asymptomatic or missed"
    }
  ],
  "background_read": [
    "Cardiac arrest is a leading cause of death globally, often occurring without warning due to arrhythmias or underlying heart disease. CPR is a vital bystander intervention that can double or triple survival rates when performed promptly. Induced comas are utilized in critical care to manage intracranial pressure or facilitate recovery from severe injuries, though they carry risks such as infections. The On The Waterfront festival represents a case study in event safety, where organizations like Merseyside Water Rescue exemplify community-based emergency response. Lionel Duke's experience intersects with public health discourse on cardiac screening and preparedness at mass gatherings, highlighting gaps in preventive measures. This analysis draws on medical literature and event management principles to contextualize the personal account within broader societal implications."
  ],
  "Article_Structure": [
    "Main Points: Lionel Duke's cardiac arrest at a festival was mitigated by immediate CPR and hospital care, leading to his survival and reflection on luck and health unpredictability. Purpose: To document a personal medical crisis, critique emergency response efficacy at public events, and explore themes of mortality and resilience. Evidence Evaluation: The article uses firsthand testimony from Duke, providing authentic insight but lacking corroborative data or expert analysis, which limits objective assessment. Author Credibility: BBC Entertainment offers journalistic reliability, yet the piece is narrative-driven without in-depth investigative rigor, potentially oversimplifying medical complexities. Methodology: Based on an interview with Duke and likely festival reports, employing a qualitative approach that prioritizes human interest over empirical research. Critical Assessment: Strengths include emotional resonance and awareness-raising, but limitations involve anecdotal evidence and insufficient exploration of systemic health safety issues."
  ],
  "perspectives": [
    {
      "perspective": "Societal perspective",
      "description": "Examines the role of community and institutional support in managing health emergencies at public venues."
    }
  ],
  "image_url": "/article_images/article_32fd378470dfae2e_9fee0716fede.webp"
}