{
  "title": "Reevaluating Lunar Magnetic History: Apollo Samples Indicate Episodic High-Intensity Magnetism",
  "summary": "A groundbreaking study by University of Oxford earth scientists has elucidated the contentious history of the Moon's magnetic field, published in Nature Geoscience. The research addresses a decades-long dispute regarding whether the lunar dynamo produced a potent magnetic field during its early evolution (3.5–4 billion years ago). Through meticulous reexamination of Apollo mission rock samples, the investigators identified episodic phases of exceptionally strong magnetism, intermittently surpassing terrestrial levels, yet these events were transient and infrequent. Contrary to prior interpretations, the Moon's magnetic field was predominantly weak throughout its geological timeline. This discrepancy arose from a pronounced sampling bias: Apollo missions preferentially collected Mare basalts from smooth landing sites, which serendipitously contained titanium-rich lithologies preserving evidence of these rare magnetic surges. The study establishes a robust correlation between titanium concentration in basalts and recorded magnetic intensity, proposing that melting of titanium-enriched material at the core-mantle boundary instigated short-lived, high-strength magnetic episodes. This aligns with dynamo theory while accounting for the Moon's diminutive core. Computational models corroborate the sampling bias hypothesis, suggesting that a more randomized sample set would have likely indicated sustained weak magnetism. The findings underscore the necessity for diversified lunar exploration, with upcoming Artemis missions poised to empirically test these predictions and refine our comprehension of planetary magnetic field dynamics.",
  "keywords": [
    {
      "term": "lunar dynamo",
      "explanation": "the process generating the Moon's magnetic field through fluid motions in its core"
    },
    {
      "term": "episodic magnetism",
      "explanation": "intermittent periods of high magnetic strength occurring sporadically over time"
    },
    {
      "term": "Mare basalts",
      "explanation": "volcanic rocks from lunar maria, formed by ancient lava flows and rich in specific minerals"
    },
    {
      "term": "titanium concentration",
      "explanation": "the amount of titanium in rocks, quantitatively linked to magnetic field preservation"
    },
    {
      "term": "core-mantle boundary",
      "explanation": "the interface between the Moon's core and mantle, where thermal and chemical processes influence magnetism"
    },
    {
      "term": "sampling bias hypothesis",
      "explanation": "the theory that limited or non-random sample collection distorts scientific inferences"
    },
    {
      "term": "computational modeling",
      "explanation": "the use of computer simulations to test scientific scenarios and validate hypotheses"
    },
    {
      "term": "Artemis missions",
      "explanation": "NASA's contemporary lunar exploration initiatives aimed at sustainable exploration and sample return"
    }
  ],
  "questions": [
    {
      "question": "What geological timeframe does the study focus on for the Moon's magnetic field?",
      "options": [
        "3.5–4 billion years ago",
        "1–2 billion years ago",
        "Present day",
        "Future projections"
      ],
      "correct_answer": "3.5–4 billion years ago"
    },
    {
      "question": "How does the study characterize the strong magnetic episodes?",
      "options": [
        "Transient and infrequent",
        "Continuous and stable",
        "Non-existent",
        "Random and chaotic"
      ],
      "correct_answer": "Transient and infrequent"
    },
    {
      "question": "What methodological approach identified the sampling bias?",
      "options": [
        "Computational modeling",
        "Telescopic observation",
        "Astronaut interviews",
        "Historical records"
      ],
      "correct_answer": "Computational modeling"
    },
    {
      "question": "What is the proposed mechanism for generating strong magnetic fields?",
      "options": [
        "Melting of titanium-rich material at the core-mantle boundary",
        "Solar radiation pressure",
        "Tidal forces from Earth",
        "Meteorite bombardment"
      ],
      "correct_answer": "Melting of titanium-rich material at the core-mantle boundary"
    },
    {
      "question": "How does the study reconcile findings with dynamo theory?",
      "options": [
        "By explaining weak field as typical and strong bursts as anomalies",
        "By rejecting dynamo theory entirely",
        "By proposing a new magnetic source",
        "By ignoring core size constraints"
      ],
      "correct_answer": "By explaining weak field as typical and strong bursts as anomalies"
    },
    {
      "question": "What limitation does the sampling bias represent in prior research?",
      "options": [
        "Overrepresentation of rare events",
        "Lack of rock samples",
        "Inaccurate dating methods",
        "Poor laboratory equipment"
      ],
      "correct_answer": "Overrepresentation of rare events"
    },
    {
      "question": "What role do Artemis missions play in this context?",
      "options": [
        "Testing the hypothesis with diverse samples",
        "Repeating Apollo missions exactly",
        "Ending lunar research",
        "Focusing only on magnetic fields"
      ],
      "correct_answer": "Testing the hypothesis with diverse samples"
    },
    {
      "question": "Which journal published this study?",
      "options": [
        "Nature Geoscience",
        "Science Daily",
        "Journal of Lunar Studies",
        "Planetary Science Reviews"
      ],
      "correct_answer": "Nature Geoscience"
    },
    {
      "question": "What is the significance of titanium concentration in basalts?",
      "options": [
        "It correlates with magnetic field strength preservation",
        "It determines rock color",
        "It affects sample weight",
        "It indicates water content"
      ],
      "correct_answer": "It correlates with magnetic field strength preservation"
    },
    {
      "question": "How did the Apollo landing site selection contribute to bias?",
      "options": [
        "Preferred smooth Mare regions with specific rocks",
        "Randomized across the Moon",
        "Focused on polar regions",
        "Avoided volcanic areas"
      ],
      "correct_answer": "Preferred smooth Mare regions with specific rocks"
    }
  ],
  "background_read": [
    "The Moon's magnetic field has been a subject of intense scientific inquiry due to its implications for planetary formation and dynamo processes. Originating from a giant impact hypothesis, the Moon differentiated into a core, mantle, and crust, with a core radius approximately 1/7th of its total, challenging sustained strong magnetism. Dynamo theory, which describes magnetic field generation via convective motions in electrically conducting fluids, typically applies to larger bodies like Earth. The Apollo missions (1969-1972) provided the first direct lunar samples, but their concentration on Mare regions—ancient volcanic plains—introduced sampling biases that have skewed interpretations for decades. Recent advances in paleomagnetism and geochemical analysis enable precise reconstruction of past magnetic intensities. The Artemis program, part of NASA's lunar exploration strategy, aims to land astronauts near the lunar south pole and collect diverse samples, offering opportunities to validate models and address historical biases in lunar science."
  ],
  "Article_Structure": [
    "Main Points: The study resolves the lunar magnetic field debate by demonstrating episodic high-intensity magnetism linked to titanium-rich basalts, with a predominantly weak historical field, corrected for Apollo sampling bias. Purpose: To provide a nuanced understanding of lunar magnetic evolution, integrating dynamo theory and highlighting sampling limitations. Evidence Evaluation: Strong evidence from reanalyzed Apollo samples showing titanium-magnetism correlation, supported by computational models, though limited by historical sample homogeneity. Author Credibility: Experts from University of Oxford with publications in high-impact journals, specializing in planetary magnetism and geochemistry. Methodology: Detailed geochemical analysis of Mare basalts, paleomagnetic measurements, and probabilistic modeling to assess sampling effects. Critical Assessment: Strengths include robust data integration and hypothesis testing; limitations involve reliance on existing samples and need for future Artemis validation."
  ],
  "perspectives": [
    {
      "perspective": "Interdisciplinary synthesis",
      "description": "The study integrates geology, physics, and statistics to revise lunar history, emphasizing the importance of methodological rigor in planetary science."
    }
  ],
  "image_url": "/article_images/article_0c8368f27cd94458_b7131706ad0f.webp"
}