{
  "title": "Medication Side Effects Lead to Unexpected Addictions",
  "summary": "A BBC investigation reveals that dopamine agonist drugs, prescribed for conditions like Restless Legs Syndrome, can trigger severe addictions such as gambling, sex, and shopping in patients. Emma, who developed RLS during pregnancy, was prescribed Ropinirole and began compulsively gambling, losing over £30,000 without realizing the connection to her medication. She discovered the link only after reading a BBC article. Over 250 individuals, including professionals like police officers and doctors, have reported similar experiences, highlighting a widespread issue. Despite these drugs being downgraded as a first-line treatment for RLS, prescription rates in England remain unchanged, and many patients say doctors fail to adequately warn about these side effects. In response, the UK Health Select Committee has called for a review of warnings, with the government describing the findings as concerning. This story underscores the need for better patient education and medical oversight to prevent such harmful outcomes.",
  "keywords": [
    {
      "term": "dopamine agonist drugs",
      "explanation": "medications that affect brain chemicals and are used for movement disorders"
    },
    {
      "term": "compulsively",
      "explanation": "doing something repeatedly without control"
    },
    {
      "term": "first-line treatment",
      "explanation": "the first medicine doctors try for a condition"
    },
    {
      "term": "Health Select Committee",
      "explanation": "a group of UK politicians that looks into health issues"
    },
    {
      "term": "patient education",
      "explanation": "teaching patients about their health and treatments"
    },
    {
      "term": "medical oversight",
      "explanation": "doctors monitoring and managing treatments"
    },
    {
      "term": "side effects",
      "explanation": "unintended consequences of taking medication"
    },
    {
      "term": "addictions",
      "explanation": "strong dependencies on behaviors like gambling"
    }
  ],
  "questions": [
    {
      "question": "What type of drugs are linked to addictions in the article?",
      "options": [
        "Dopamine agonists",
        "Antibiotics",
        "Painkillers",
        "Vitamins"
      ],
      "correct_answer": "Dopamine agonists"
    },
    {
      "question": "How much money did Emma lose due to gambling?",
      "options": [
        "Over £30,000",
        "£10,000",
        "£50,000",
        "£5,000"
      ],
      "correct_answer": "Over £30,000"
    },
    {
      "question": "What condition was Emma prescribed medication for?",
      "options": [
        "Restless Legs Syndrome",
        "Diabetes",
        "Asthma",
        "Heart disease"
      ],
      "correct_answer": "Restless Legs Syndrome"
    },
    {
      "question": "Who has called for a review of warnings about these drugs?",
      "options": [
        "Health Select Committee",
        "BBC reporters",
        "Emma's doctor",
        "GSK company"
      ],
      "correct_answer": "Health Select Committee"
    },
    {
      "question": "How many people contacted the BBC about medication-induced addictions?",
      "options": [
        "Over 250",
        "100",
        "500",
        "50"
      ],
      "correct_answer": "Over 250"
    },
    {
      "question": "What has happened to prescription levels of these drugs in England?",
      "options": [
        "Remained unchanged",
        "Increased",
        "Decreased",
        "Banned"
      ],
      "correct_answer": "Remained unchanged"
    },
    {
      "question": "What did Emma do after discovering the link to her medication?",
      "options": [
        "Requested a change in medication",
        "Continued gambling",
        "Ignored it",
        "Sued her doctor"
      ],
      "correct_answer": "Requested a change in medication"
    },
    {
      "question": "What is the government's response to the BBC findings?",
      "options": [
        "Called them concerning",
        "Denied them",
        "Ignored them",
        "Supported them fully"
      ],
      "correct_answer": "Called them concerning"
    }
  ],
  "background_read": [
    "This article discusses dopamine agonist drugs, such as Ropinirole, used to treat movement disorders like Restless Legs Syndrome. These medications can cause impulsive behaviors, including gambling, sex, and shopping addictions, due to their effect on brain chemistry. The BBC collected reports from over 250 patients who experienced these side effects without proper warnings from doctors. Despite the drugs being downgraded in treatment guidelines, prescriptions in England haven't decreased, leading to calls from the Health Select Committee for better regulatory oversight. It highlights issues in medical communication and patient safety, urging for improved awareness and protocols to prevent such cases."
  ],
  "Article_Structure": [
    "Main Points: The article reports that dopamine agonist drugs prescribed for Restless Legs Syndrome can trigger addictions like gambling, with over 250 patients sharing experiences of financial and personal ruin. Purpose: To expose the lack of warnings from doctors and advocate for better patient education and regulatory review. Evidence Evaluation: Relies on patient testimonies and BBC investigations, which are anecdotal but supported by multiple cases; lacks large-scale studies. Author Credibility: BBC News is a reputable source, but the article is based on journalistic reporting rather than peer-reviewed research. Methodology: Gathers data from patient contacts and previous reports, highlighting real-world impacts without systematic analysis."
  ],
  "perspectives": [
    {
      "perspective": "Patient advocacy",
      "description": "Patients argue for more transparency and warnings from healthcare providers to prevent harm."
    }
  ],
  "image_url": "/article_images/article_9cf47e12a9cb11f2_31f86349d5d3.webp"
}