{
  "articles": [
    {
      "id": "81f177b6ee74f945",
      "title": "Technical Anomaly in Helium Systems Delays NASA's Artemis II Lunar Mission",
      "summary": "NASA has indefinitely postponed the launch of Artemis II, a crewed lunar mission slated for March 6, following the detection of a helium flow interruption during post-rehearsal inspections. The mission, which involves four astronauts—Reid Wiseman, Victor Glover, Christina Koch, and Jeremy Hansen—aims to conduct a 10-day circumlunar flight to the far side of the Moon, representing the most distant human spaceflight endeavor. The delay emerged after a 'wet rehearsal' at Kennedy Space Center, where engineers fueled the Space Launch System with approximately 730,000 gallons of propellant, initially deemed successful. However, overnight monitoring revealed disruptions in helium circulation, critical for tank pressurization and thermal management, necessitating further maintenance. NASA administrator Jared Isaacman contextualized the setback within historical precedents, referencing Neil Armstrong's Gemini 8 mission abort in 1966, while acknowledging public disappointment. Artemis II serves as a precursor to Artemis III, targeting a lunar landing by 2028, though this timeline is acknowledged as ambitious. The incident underscores the complexities of human spaceflight, where meticulous engineering reviews often supersede schedule adherence to mitigate risks in high-stakes exploration.",
      "source": "BBC Science",
      "time_ago": "15 hours ago",
      "image_url": "/article_images/article_81f177b6ee74f945_187a7bfd6f6c.webp",
      "category": "Science"
    },
    {
      "id": "dc12c1ae22fc022c",
      "title": "Genomic Epidemiology of Hemochromatosis: Identifying Celtic Hotspots for Targeted Intervention",
      "summary": "This study represents a significant advancement in the genomic epidemiology of hemochromatosis, commonly referred to as the 'Celtic curse', by comprehensively mapping genetic risk across the UK and Ireland. Researchers from the University of Edinburgh conducted a large-scale analysis of genetic data from over 400,000 individuals participating in the UK BioBank and Viking Genes cohorts, focusing on the C282Y variant of the HFE gene, which is the predominant genetic risk factor for hereditary hemochromatosis in these populations. The investigation revealed pronounced geographic disparities, with the highest carrier frequency observed in north west Ireland (approximately 1 in 54), followed by the Outer Hebrides (1 in 62) and Northern Ireland (1 in 71). Mainland Scotland, particularly urban centers like Glasgow, also exhibited elevated risks. Hemochromatosis is characterized by dysregulated iron homeostasis, leading to progressive iron overload that can culminate in severe complications such as hepatic cirrhosis, cardiomyopathy, and arthropathy if undiagnosed. The research integrates genetic findings with clinical data from NHS England, highlighting diagnostic patterns that correlate with genetic risk, such as increased rates among white Irish individuals and in areas with historical Irish migration like Liverpool. However, discrepancies in regions like Birmingham suggest potential under-detection, underscoring the need for enhanced screening initiatives. These insights advocate for precision public health approaches, leveraging genetic risk stratification to implement targeted screening and early therapeutic interventions, such as phlebotomy, to mitigate the burden of this hereditary disorder.",
      "source": "Science Daily",
      "time_ago": "21 hours ago",
      "image_url": "/article_images/article_dc12c1ae22fc022c_cfc6007cb32f.webp",
      "category": "Science"
    },
    {
      "id": "e059c9f3f862a684",
      "title": "Elucidating the Mechanistic Basis for Altitude-Induced Protection Against Diabetes via Red Blood Cell Metabolism",
      "summary": "A groundbreaking study elucidates the mechanistic basis for the reduced incidence of diabetes observed in populations residing at high altitudes, where hypoxic conditions prevail. Researchers from Gladstone Institutes, in collaboration with experts from the University of Colorado and University of Maryland, have demonstrated that red blood cells undergo a metabolic reprogramming under hypoxia, transforming into a significant glucose sink. This process involves the enhanced uptake and utilization of glucose from the bloodstream, which subsequently lowers circulating blood sugar levels and confers a protective effect against diabetes. The investigation employed murine models exposed to controlled hypoxic environments, revealing that red blood cells account for a substantial fraction of whole-body glucose consumption under these conditions. Molecular analyses indicated that glucose is utilized to synthesize a molecule facilitating oxygen release to tissues, thereby optimizing oxygen delivery during oxygen scarcity. Notably, the metabolic adaptations induced by hypoxia exhibit persistence, with benefits enduring for weeks post-exposure to normoxia. Published in Cell Metabolism, these findings challenge the paradigm of red blood cells as mere passive oxygen transporters and propose a novel therapeutic target for diabetes management by modulating red blood cell metabolism.",
      "source": "Science Daily",
      "time_ago": "22 hours ago",
      "image_url": "/article_images/article_e059c9f3f862a684_621d78369340.webp",
      "category": "Science"
    },
    {
      "id": "d967f725f7db415d",
      "title": "Advancing Paleontological Chronology: Uranium-Lead Dating of Dinosaur Eggshells for Fossil Age Determination",
      "summary": "A groundbreaking study led by paleontologist Ryan Tucker demonstrates the efficacy of using dinosaur eggshells for uranium-lead radioisotopic dating to ascertain the age of associated fossils and sedimentary layers. The research focuses on fossilized eggshells from Cretaceous deposits in the Cedar Mountain Formation of Utah and the Eastern Gobi Basin of Mongolia, utilizing their calcium carbonate microstructure to capture diagenetic alterations such as compaction fractures and water infiltration. Uranium-lead dating, applicable to materials ranging from 1 million to 4.5 billion years old, leverages the decay of unstable uranium isotopes into stable lead isotopes, with ratios providing precise age estimates. Analysis revealed that eggshells, potentially from oviraptor and microtroodontid species, were approximately 95 million years old, corroborating existing zircon-based dates from Utah while addressing uncertainties in Mongolia. Trace element assessments indicated remarkable preservation despite geographic disparity, though microfractures introduced minor inaccuracies. This methodology not only validates eggshells as robust chronometers but also expands the scope of datable continental sedimentary successions, offering a transformative tool for refining Mesozoic timelines and mitigating limitations inherent in direct bone dating.",
      "source": "Ars Science",
      "time_ago": "23 hours ago",
      "image_url": "/article_images/article_d967f725f7db415d_69b1acb563a3.webp",
      "category": "Science"
    },
    {
      "id": "332448efad71133e",
      "title": "Molecular and Mechanical Mechanisms of Red Blood Cell Damage in Ultramarathon-Induced Accelerated Aging",
      "summary": "A groundbreaking study in the American Society of Hematology's journal Blood Red Cells & Iron elucidates how ultramarathons inflict damage on red blood cells, potentially accelerating cellular aging. Conducted by researchers at the University of Colorado Anschutz, the investigation involved 23 athletes competing in two ultramarathons: the Martigny-Combes à Chamonix (40 km) and the Ultra Trail de Mont Blanc (171 km). Utilizing comprehensive proteomic, lipidomic, and metabolomic analyses on blood samples collected pre- and post-race, the team identified that prolonged endurance exercise induces both mechanical and molecular stressors on red blood cells. Mechanical stress arises from hemodynamic shifts and fluid pressure alterations during intense running, compromising cellular membrane integrity. Concurrently, molecular damage is driven by systemic inflammation and oxidative stress, where antioxidant depletion leads to biomolecular degradation. These combined effects reduce erythrocyte deformability, impairing their capacity to traverse microvasculature and thus diminishing oxygen delivery and metabolic waste clearance. The study further demonstrates a dose-response relationship, with the 171 km race exacerbating red blood cell injury and breakdown compared to the 40 km event, suggesting that extreme distances potentiate accelerated erythrocyte senescence. While the immediate implications include risk of exercise-induced anemia, the long-term health consequences remain ambiguous, necessitating further longitudinal research. The findings also hold translational potential for enhancing blood storage protocols in transfusion medicine by mimicking stress responses. This research underscores a paradigm shift in understanding extreme exercise, highlighting that physiological adaptations may come at the cost of cellular resilience.",
      "source": "Science Daily",
      "time_ago": "23 hours ago",
      "image_url": "/article_images/article_332448efad71133e_78c354ccc9f1.webp",
      "category": "Science"
    },
    {
      "id": "6577375839930fa9",
      "title": "Ethical and Social Implications of Rapid Commercial Genetic Testing Adoption",
      "summary": "This article critically examines the proliferation of commercial genetic testing through the lens of an adversarial collaboration between Daphne Martschenko, a bioethicist, and Sam Trejo, a quantitative sociologist, as presented in their book 'What We Inherit.' Martschenko contends that genetic research has historically been co-opted to perpetuate social inequalities, arguing that solutions to injustices like poverty exist independently of genomic advances. In contrast, Trejo advocates for the utilitarian value of genetic information, suggesting that increased data can yield unforeseen benefits and should be ethically harnessed, given the inevitability of such research. The text delves into two pervasive genetic myths: the Destiny Myth, which erroneously separates genetic from environmental influences, tracing back to Francis Galton and eugenics, and the Race Myth, which falsely posits discrete biological racial categories based on DNA. A central focus is polygenic scores, which aggregate numerous small-effect genetic variants to provide probabilistic predictions for complex traits such as educational attainment or disease susceptibility. However, these scores are critiqued for their inherent inaccuracies, diminishing predictive power with multi-trait selection, and dependence on gene-environment interactions. The authors concur on the inadequacy of current science education, which often reduces genetics to simplistic Mendelian models, hindering public comprehension of polygenic complexity. Ultimately, the article poses a pivotal question: whether the rapid commercialization of genetic testing outpaces societal understanding, necessitating rigorous ethical scrutiny, enhanced regulation, and improved genetic literacy to mitigate potential harms and leverage benefits responsibly.",
      "source": "Ars Science",
      "time_ago": "1 day ago",
      "image_url": "/article_images/article_6577375839930fa9_3028bfa11255.webp",
      "category": "Science"
    }
  ]
}