{
  "title": "Advanced Ultrasonic Water Harvesting: MIT's Rapid Atmospheric Extraction System",
  "summary": "MIT engineers have pioneered an ultrasonic device that efficiently harvests drinking water from atmospheric humidity by utilizing high-frequency vibrations to liberate water droplets from moisture-absorbent materials within minutes. This method significantly outperforms conventional thermal evaporation techniques, which are slower and more energy-intensive. The system is engineered for sustainability, operating on power derived from a compact solar cell and capable of programmed continuous cycling, thereby ensuring consistent water production throughout daylight hours. This innovation addresses the critical challenge of water scarcity by providing a rapid, renewable energy-powered solution that could be deployed in regions with limited freshwater resources. By leveraging advanced ultrasonic technology, the device not only enhances the efficiency of water extraction but also reduces reliance on non-renewable energy sources, marking a substantial contribution to sustainable development and public health initiatives in water-stressed communities.",
  "keywords": [
    {
      "term": "ultrasonic",
      "explanation": "pertaining to sound waves with frequencies beyond the upper limit of human hearing, employed here for mechanical agitation to release water"
    },
    {
      "term": "atmospheric humidity",
      "explanation": "the amount of water vapor present in the air, which can be harnessed as a water source"
    },
    {
      "term": "high-frequency vibrations",
      "explanation": "oscillations at high rates that induce physical separation, such as detaching water molecules from absorbent surfaces"
    },
    {
      "term": "moisture-absorbent materials",
      "explanation": "substances engineered to capture and retain water vapor from the atmosphere, often used in desiccant-based systems"
    },
    {
      "term": "solar cell integration",
      "explanation": "the incorporation of photovoltaic technology to convert solar energy into electrical power, enabling off-grid operation"
    },
    {
      "term": "water scarcity",
      "explanation": "a global issue characterized by insufficient freshwater resources to meet societal and environmental needs, often exacerbated by climate change and population growth"
    },
    {
      "term": "sustainable development",
      "explanation": "an approach to progress that meets current needs without compromising the ability of future generations, emphasizing environmental and social responsibility"
    },
    {
      "term": "continuous cycling",
      "explanation": "the automated repetition of operational processes to maintain consistent output, optimized for efficiency and reliability"
    },
    {
      "term": "MIT engineers",
      "explanation": "highly skilled professionals from a leading institution, known for cutting-edge research and technological advancements"
    },
    {
      "term": "energy-efficient",
      "explanation": "achieving desired outcomes with minimal energy consumption, reducing environmental impact and operational costs"
    },
    {
      "term": "public health",
      "explanation": "the science and practice of protecting and improving community health, often through access to clean water and sanitation"
    },
    {
      "term": "technological innovation",
      "explanation": "the introduction of novel devices or methods that bring significant improvements over existing solutions"
    }
  ],
  "questions": [
    {
      "question": "What is the core technological principle behind the MIT device's water extraction?",
      "options": [
        "Capillary action",
        "Ultrasonic-induced vibration",
        "Electrolysis",
        "Photocatalysis"
      ],
      "correct_answer": "Ultrasonic-induced vibration"
    },
    {
      "question": "How does the device's efficiency compare to thermal evaporation methods?",
      "options": [
        "It is less efficient",
        "It is comparable",
        "It is more efficient and faster",
        "It depends on weather conditions"
      ],
      "correct_answer": "It is more efficient and faster"
    },
    {
      "question": "What renewable energy source is integrated into the device for power?",
      "options": [
        "Geothermal energy",
        "Solar power",
        "Hydropower",
        "Biomass energy"
      ],
      "correct_answer": "Solar power"
    },
    {
      "question": "What global issue is primarily addressed by this innovation?",
      "options": [
        "Energy crises",
        "Water scarcity",
        "Air pollution",
        "Food security"
      ],
      "correct_answer": "Water scarcity"
    },
    {
      "question": "Which institution is responsible for developing this device?",
      "options": [
        "Harvard University",
        "MIT",
        "Stanford University",
        "NASA"
      ],
      "correct_answer": "MIT"
    },
    {
      "question": "What allows the device to operate continuously during the day?",
      "options": [
        "Battery backups",
        "Solar power and programming",
        "Manual intervention",
        "Wind energy supplements"
      ],
      "correct_answer": "Solar power and programming"
    },
    {
      "question": "What type of materials are utilized for moisture absorption in the device?",
      "options": [
        "Hydrophobic polymers",
        "Moisture-absorbent materials",
        "Conductive metals",
        "Transparent glasses"
      ],
      "correct_answer": "Moisture-absorbent materials"
    },
    {
      "question": "Why might ultrasonic vibrations be preferred over heat in this context?",
      "options": [
        "They are cheaper to produce",
        "They enable faster water release with potentially lower energy use",
        "They are easier to implement",
        "They produce more water volume"
      ],
      "correct_answer": "They enable faster water release with potentially lower energy use"
    },
    {
      "question": "In what ways does this device contribute to sustainable development?",
      "options": [
        "By increasing carbon emissions",
        "By using renewable energy and reducing water scarcity",
        "By promoting industrial growth",
        "By relying on fossil fuels"
      ],
      "correct_answer": "By using renewable energy and reducing water scarcity"
    },
    {
      "question": "What is a potential limitation of the device based on the article?",
      "options": [
        "It requires extensive infrastructure",
        "Specifics on scalability and real-world testing are not detailed",
        "It only works in humid climates",
        "It is too expensive for any use"
      ],
      "correct_answer": "Specifics on scalability and real-world testing are not detailed"
    },
    {
      "question": "How does the article evaluate the evidence provided for the device's effectiveness?",
      "options": [
        "It includes peer-reviewed studies",
        "It relies on MIT's credibility without detailed data",
        "It provides user testimonials",
        "It references government reports"
      ],
      "correct_answer": "It relies on MIT's credibility without detailed data"
    },
    {
      "question": "What critical assessment can be made regarding the methodology?",
      "options": [
        "It is thoroughly validated in diverse environments",
        "It lacks detailed experimental protocols and long-term efficacy data",
        "It is based on theoretical models only",
        "It has been implemented globally with success"
      ],
      "correct_answer": "It lacks detailed experimental protocols and long-term efficacy data"
    }
  ],
  "background_read": [
    "Water scarcity is an escalating global crisis influenced by factors such as climate change, population growth, and inadequate infrastructure, particularly in developing regions. Traditional water harvesting techniques, including distillation and condensation, often involve high energy inputs and slow processes, limiting their practicality. MIT's ultrasonic device represents an interdisciplinary approach combining materials science, acoustic engineering, and renewable energy. Ultrasonic vibrations, operating at frequencies above 20 kHz, mechanically agitate absorbent materials to release trapped water, a method that may reduce energy consumption compared to thermal alternatives. This innovation aligns with sustainable development goals by leveraging solar power, but its real-world application requires scrutiny of factors like humidity dependence, material durability, and economic viability. Understanding these elements is crucial for assessing the device's potential to address public health challenges and environmental sustainability."
  ],
  "Article_Structure": [
    "This article details MIT's development of an ultrasonic device for atmospheric water harvesting, with Main Points emphasizing rapid water extraction via high-frequency vibrations, solar-powered operation, and applicability in water-scarce regions. Purpose is to highlight a sustainable technological solution to global water scarcity, framed within broader environmental and social contexts. Evidence Evaluation notes that the claims are based on engineering feats from a credible institution like MIT, but lack empirical data or peer-reviewed validation, suggesting potential biases towards innovation promotion. Author Credibility is strong due to MIT's reputation, though individual engineer expertise and potential conflicts of interest are not addressed. Methodology involves applied research using ultrasonic technology and solar integration, but Critical Assessment reveals limitations: the description is vague on experimental rigor, scalability, and environmental variables, indicating a need for further independent verification to ensure reliability and effectiveness in diverse settings."
  ],
  "perspectives": [
    {
      "perspective": "Engineering",
      "description": "Focuses on the technical innovation of using ultrasonic vibrations for efficient water release, advancing mechanical and materials engineering."
    },
    {
      "perspective": "Environmental",
      "description": "Examines the device's role in promoting sustainability through renewable energy use and reducing water scarcity impacts."
    },
    {
      "perspective": "Socioeconomic",
      "description": "Analyzes how this technology could empower disadvantaged communities by providing affordable and accessible water solutions."
    }
  ],
  "image_url": "/article_images/article_32c3c82efdcc2223_e9b3f2df6e8f.webp"
}