{
  "title": "Pressure and Isolation: Young Adults' Experiences with Church Donations",
  "summary": "This BBC News article investigates allegations from young students against the London International Christian Church (ICC), a global religious movement. Students, aged 19-22 and feeling vulnerable at university, report being pressured into making unaffordable donations, having their financial privacy invaded, and being encouraged to recruit peers. For instance, Jodie's 21st birthday was organized by the church, restricting her to invite only family, not outside friends, which she sees as a tactic to isolate her. Others describe living in 'Brother' and 'Sister' households that fostered similar feelings of separation. The London ICC, which aims to grow its disciples, uses social media to attract students with polished content. While the church denies applying undue pressure and states donations are voluntary under its doctrine, the article notes that charities must adhere to the Code of Fundraising Practice, which prohibits coercive tactics and privacy breaches. This raises concerns about how religious groups might exploit young adults during transitional periods.",
  "keywords": [
    {
      "term": "allegations",
      "explanation": "claims or accusations made without proof yet, often about wrongdoing"
    },
    {
      "term": "Code of Fundraising Practice",
      "explanation": "a set of rules that charities must follow to ensure ethical fundraising, like avoiding pressure"
    },
    {
      "term": "isolation",
      "explanation": "the feeling of being alone or separated from others, often intentionally"
    },
    {
      "term": "vulnerable",
      "explanation": "being in a position where one is easily hurt or influenced, such as during stressful times"
    },
    {
      "term": "doctrine",
      "explanation": "a set of beliefs or principles taught by a religious group"
    }
  ],
  "questions": [
    {
      "question": "What is the main allegation against the London ICC by students?",
      "options": [
        "Pressure to donate money",
        "Forcing attendance at events",
        "Banning social media use",
        "Requiring academic grades"
      ],
      "correct_answer": "Pressure to donate money"
    },
    {
      "question": "How did Jodie's birthday party contribute to her feelings?",
      "options": [
        "It isolated her from non-church friends",
        "It made her happy with new friends",
        "It was canceled by the church",
        "It included family only by choice"
      ],
      "correct_answer": "It isolated her from non-church friends"
    },
    {
      "question": "What does the Code of Fundraising Practice require charities to do?",
      "options": [
        "Avoid undue pressure on donors",
        "Increase donations yearly",
        "Keep donations secret",
        "Focus only on wealthy donors"
      ],
      "correct_answer": "Avoid undue pressure on donors"
    },
    {
      "question": "What age group were the students when they joined the church?",
      "options": [
        "19-22 years old",
        "15-18 years old",
        "25-30 years old",
        "30-40 years old"
      ],
      "correct_answer": "19-22 years old"
    },
    {
      "question": "How does the London ICC attract students?",
      "options": [
        "Through social media like Instagram",
        "By offering scholarships",
        "Via university partnerships",
        "Through family referrals"
      ],
      "correct_answer": "Through social media like Instagram"
    },
    {
      "question": "What is the church's response to the allegations?",
      "options": [
        "Denies pressure and says donations are voluntary",
        "Admits to pressure but promises change",
        "Ignores the allegations",
        "Says donations are mandatory"
      ],
      "correct_answer": "Denies pressure and says donations are voluntary"
    },
    {
      "question": "What term describes the households some students moved into?",
      "options": [
        "Brother and Sister households",
        "Family households",
        "Dormitory households",
        "Community households"
      ],
      "correct_answer": "Brother and Sister households"
    },
    {
      "question": "Why might students be particularly vulnerable to such pressure?",
      "options": [
        "Feeling lonely at university",
        "Having too much money",
        "Being older adults",
        "Already being religious"
      ],
      "correct_answer": "Feeling lonely at university"
    }
  ],
  "background_read": [
    "This article explores issues within the London International Christian Church, part of a global network targeting young students. Churches often seek donations to fund operations, but ethical guidelines like the Code of Fundraising Practice in the UK mandate that fundraising be respectful and non-coercive. Young adults at university can be vulnerable due to social transitions and isolation, making them susceptible to groups offering community. The ICC uses modern tactics like Instagram to appeal to this demographic, raising questions about the balance between religious outreach and potential manipulation. Understanding these dynamics is key to protecting students' well-being and financial autonomy in religious contexts."
  ],
  "Article_Structure": [
    "This 100-word analysis covers: Main Points: The article details allegations from students against the London ICC for pressuring donations, invading privacy, and causing isolation through tactics like restricted social circles. Purpose: It aims to expose potential exploitation of vulnerable young adults by religious groups and highlight ethical fundraising standards. Evidence Evaluation: Relies on firsthand accounts from students and church statements, but lacks independent verification, making it somewhat anecdotal. Author Credibility: BBC News is a reputable source, but the article presents balanced views by including church denials. Methodology: Based on interviews with former members and review of church materials, offering a journalistic investigation into fundraising practices."
  ],
  "perspectives": [
    {
      "perspective": "Student perspective",
      "description": "Students feel coerced and isolated by the church's demands, impacting their financial and social lives."
    },
    {
      "perspective": "Church perspective",
      "description": "The church denies wrongdoing, emphasizing voluntary donations and adherence to ethical doctrines."
    },
    {
      "perspective": "Regulatory perspective",
      "description": "Highlights the need for charities to follow fundraising codes to protect donors from pressure."
    }
  ],
  "image_url": "/article_images/article_bec80895ef0dfb54_dc63b13873f9.webp"
}