{
  "title": "Famous Playwright Sir Tom Stoppard Passes Away",
  "summary": "Sir Tom Stoppard, a very famous playwright from the UK, has died at the age of 88. He died peacefully at home with his family. He wrote many plays that people loved, like Rosencrantz and Guildenstern are Dead, and he won awards for his work, including an Oscar for the movie Shakespeare In Love. King Charles and Queen Camilla said they were very sad and called him a great writer and friend. Other famous people, like Sir Mick Jagger, also shared how much they will miss him. Sir Tom was born in Czechoslovakia and had to move when he was a baby because of war. He wrote plays for over 60 years that made people think and laugh, and he will be remembered for his smart and kind words.",
  "keywords": [
    {
      "term": "playwright",
      "explanation": "a person who writes plays for the theater"
    },
    {
      "term": "Oscar",
      "explanation": "a famous award given for great movies"
    },
    {
      "term": "philosophical",
      "explanation": "about big ideas like life and truth"
    },
    {
      "term": "autobiographical",
      "explanation": "a story based on the writer's own life"
    },
    {
      "term": "award",
      "explanation": "a prize given for doing something very well"
    },
    {
      "term": "tribute",
      "explanation": "something said or done to show respect and honor"
    }
  ],
  "questions": [
    {
      "question": "How old was Sir Tom Stoppard when he died?",
      "options": [
        "88",
        "78",
        "98",
        "68"
      ],
      "correct_answer": "88"
    },
    {
      "question": "What award did Sir Tom win for Shakespeare In Love?",
      "options": [
        "Oscar",
        "Tony",
        "Grammy",
        "Emmy"
      ],
      "correct_answer": "Oscar"
    },
    {
      "question": "Where did Sir Tom die?",
      "options": [
        "At home in Dorset",
        "In a hospital",
        "In a theater",
        "On vacation"
      ],
      "correct_answer": "At home in Dorset"
    },
    {
      "question": "Which play is mentioned as one of his most notable works?",
      "options": [
        "Rosencrantz and Guildenstern are Dead",
        "Hamlet",
        "Romeo and Juliet",
        "Macbeth"
      ],
      "correct_answer": "Rosencrantz and Guildenstern are Dead"
    },
    {
      "question": "Who said Sir Tom was their favorite playwright?",
      "options": [
        "Sir Mick Jagger",
        "King Charles",
        "Queen Camilla",
        "Keira Knightley"
      ],
      "correct_answer": "Sir Mick Jagger"
    },
    {
      "question": "What is the name of Sir Tom's semi-autobiographical work?",
      "options": [
        "Leopoldstadt",
        "Anna Karenina",
        "The Real Thing",
        "Shakespeare In Love"
      ],
      "correct_answer": "Leopoldstadt"
    }
  ],
  "background_read": [
    "Sir Tom Stoppard was a famous British playwright known for writing smart and funny plays. He was born in Czechoslovakia and moved to England as a child. He wrote many plays, movies, and TV shows over 60 years. His works often explore big ideas about life and society. He won many awards, including an Oscar, and was loved by audiences and other famous people. Learning about his life helps us understand how art can inspire and connect people."
  ],
  "Article_Structure": [
    "WHO: Sir Tom Stoppard, a famous playwright",
    "WHAT: He died at age 88 and is remembered for his great works",
    "WHERE: He died at home in Dorset, UK",
    "WHY: To honor his life and contributions to theater and film"
  ],
  "perspectives": [
    {
      "perspective": "Royal Family",
      "description": "King Charles and Queen Camilla expressed deep sadness and praised his genius and friendship."
    },
    {
      "perspective": "Fellow Artists",
      "description": "Sir Mick Jagger and others shared tributes, highlighting his intellectual and amusing work."
    },
    {
      "perspective": "Publishing Company",
      "description": "Faber Books noted his brilliance and impact on drama over sixty years."
    }
  ],
  "image_url": "/article_images/article_9faef04bd9a463c3_efe7fa8102fe.webp"
}