{
  "title": "Systemic Exploitation in Driving Test Bookings: A BBC Investigation into Touts and Instructor Kickbacks",
  "summary": "A BBC investigation has exposed a widespread scheme where touts offer driving instructors monthly kickbacks of up to £250 to procure their official login credentials for the DVSA's Online Business Service (OBS), enabling the bulk booking of driving tests. These touts subsequently resell the slots on digital platforms such as WhatsApp and Facebook for as much as £500, significantly above the standard £75 fee, thereby exploiting learner drivers and exacerbating an already critical backlog. With over 642,000 learners in Great Britain awaiting tests—averaging 21 weeks, and up to six months in some cases—the practice not only inflates costs but also undermines the integrity of the testing system. The investigation identified touts operating in urban centers like London, Birmingham, and Manchester, with unverified claims of collaboration with hundreds of instructors. Despite the DVSA being alerted to these operations in February, enforcement appears limited, highlighting systemic failures. In response, Transport Secretary Heidi Alexander announced regulatory changes, effective from spring, restricting test bookings to learners only, a measure welcomed by instructors but questioned for its timeliness and effectiveness in rooting out rogue elements. The BBC's methodology involved undercover engagements on social media, analysis of test volume data, and interviews with instructors, though specific instructor involvement remains unconfirmed.",
  "keywords": [
    {
      "term": "kickbacks",
      "explanation": "illicit payments made to secure unauthorized access or services, often in corrupt transactions"
    },
    {
      "term": "OBS",
      "explanation": "Online Business Service, the DVSA's digital platform for driving instructors to book tests, central to the exploitation scheme"
    },
    {
      "term": "exploitation",
      "explanation": "the unethical manipulation of market shortages to profit from vulnerable individuals, such as learner drivers"
    },
    {
      "term": "backlog",
      "explanation": "the accumulation of unmet demand for driving tests, quantified at 642,000 learners, reflecting systemic capacity issues"
    },
    {
      "term": "regulatory changes",
      "explanation": "policy adjustments announced by the Transport Secretary to limit booking privileges, aimed at curbing fraudulent activities"
    },
    {
      "term": "methodology",
      "explanation": "the investigative techniques employed by the BBC, including undercover operations and data analysis, to uncover the touting network"
    }
  ],
  "questions": [
    {
      "question": "What specific system do touts access using instructors' login details to book driving tests?",
      "options": [
        "Online Business Service (OBS)",
        "Driver and Vehicle Licensing Agency (DVLA)",
        "National Health Service (NHS) portal",
        "Social Security system"
      ],
      "correct_answer": "Online Business Service (OBS)"
    },
    {
      "question": "How did the BBC gather evidence of tout activities?",
      "options": [
        "By posing as instructors on WhatsApp and analyzing social media groups",
        "By conducting surveys only",
        "By relying solely on government reports",
        "By interviewing learners exclusively"
      ],
      "correct_answer": "By posing as instructors on WhatsApp and analyzing social media groups"
    },
    {
      "question": "What is the significance of the 642,000 figure mentioned in the article?",
      "options": [
        "The number of learners waiting for driving tests in Great Britain",
        "The number of touts operating",
        "The number of instructors involved",
        "The cost of tests sold by touts"
      ],
      "correct_answer": "The number of learners waiting for driving tests in Great Britain"
    },
    {
      "question": "What limitation does the article note regarding the verification of tout claims?",
      "options": [
        "Some claims could not be independently verified",
        "All claims were verified by the DVSA",
        "No claims were made by touts",
        "Claims were verified through court records"
      ],
      "correct_answer": "Some claims could not be independently verified"
    },
    {
      "question": "What role did the Transport Secretary play in addressing the issue?",
      "options": [
        "Announced plans to change booking rules to restrict access to learners",
        "Increased test fees to deter touts",
        "Banned all third-party bookings",
        "Did not take any action"
      ],
      "correct_answer": "Announced plans to change booking rules to restrict access to learners"
    },
    {
      "question": "How does the article describe the DVSA's response to being informed about the tout operations?",
      "options": [
        "It has zero tolerance but does not comment on specific complaints",
        "It immediately shut down all tout activities",
        "It denied any knowledge of the issue",
        "It increased enforcement efforts publicly"
      ],
      "correct_answer": "It has zero tolerance but does not comment on specific complaints"
    },
    {
      "question": "What is the average wait time for driving tests in Great Britain, according to DVSA data?",
      "options": [
        "21 weeks",
        "6 months",
        "10 weeks",
        "1 year"
      ],
      "correct_answer": "21 weeks"
    },
    {
      "question": "Which of the following is a critical assessment point regarding the investigation's findings?",
      "options": [
        "Specific driving instructors involved were not identified",
        "All touts were arrested",
        "The backlog was completely resolved",
        "No learners were affected"
      ],
      "correct_answer": "Specific driving instructors involved were not identified"
    },
    {
      "question": "What percentage of learners, based on a DVSA survey, had used third parties to book tests?",
      "options": [
        "About one in three",
        "About one in ten",
        "About half",
        "Almost all"
      ],
      "correct_answer": "About one in three"
    },
    {
      "question": "What broader issue does the article suggest about the driving test system?",
      "options": [
        "Systemic failures and exploitation due to high demand and limited enforcement",
        "Efficient management with no problems",
        "Overcapacity leading to short waits",
        "Lack of interest from learners"
      ],
      "correct_answer": "Systemic failures and exploitation due to high demand and limited enforcement"
    }
  ],
  "background_read": [
    "The driving test system in Great Britain, overseen by the DVSA, faces significant challenges due to high demand and limited testing capacity, resulting in prolonged wait times. Touts exploit this by engaging in fraudulent activities, such as securing instructor login details to bulk-book and resell tests, a practice that has persisted for years. The BBC's investigative journalism involved ethical undercover work and data analysis to expose these operations, highlighting issues of corruption and regulatory oversight. The government's proposed changes aim to address these flaws, but questions remain about implementation and long-term efficacy in a context of systemic backlog and enforcement gaps."
  ],
  "Article_Structure": [
    "Main Points: The article details a scheme where touts bribe instructors for OBS access to bulk-book and resell driving tests at inflated prices, worsening a backlog of over 642,000 learners. Purpose: To investigate and publicize systemic exploitation in the driving test industry, prompting regulatory action. Evidence Evaluation: Evidence includes undercover WhatsApp interactions and social media analysis, though some tout claims lack independent verification, indicating potential limitations in source reliability. Author Credibility: The BBC is a credible source with rigorous investigative standards, though the anonymity of some sources may affect transparency. Methodology: The investigation employed undercover posing, digital footprint analysis, and interviews, but did not identify specific instructors, suggesting methodological constraints. Critical Assessment: Strengths include comprehensive exposure of the tout network; limitations involve unverified claims and incomplete identification of perpetrators, pointing to areas for further inquiry."
  ],
  "perspectives": [
    {
      "perspective": "Systemic critique",
      "description": "The article highlights failures in regulatory enforcement and market dynamics that allow exploitation to thrive, questioning the effectiveness of proposed solutions."
    }
  ],
  "image_url": "/article_images/article_b68b634d48316277_31046fd165b0.webp"
}