{
  "title": "Federal Probe into Fraud Allegations Involving Somali Child Care Providers: A Case Study in Minnesota",
  "summary": "The Trump administration has deployed federal officers to Minnesota to investigate fraud allegations targeting Somali child care providers in Minneapolis, following unsubstantiated claims by right-wing influencer Nick Shirley, who alleged in a YouTube video that these centers misappropriated over $100 million. In response, FBI Director Kash Patel indicated an ongoing investigation, describing it as \"the tip of a very large iceberg,\" while Homeland Security Secretary Kristi Noem disseminated footage of agents on-site. Concurrently, federal prosecutors are examining approximately $9 billion in fraud across numerous Medicaid-funded programs in the state, representing a significant escalation in scope. State and city officials, however, question Shirley's assertions, contextualizing them within the administration's immigration crackdown that already burdens the Somali community. Investigative reporter Jeff Meitrodt elucidates that the fraud originated from a COVID-era relief initiative aimed at providing meals for children during school closures, which subsequently expanded into a pervasive issue affecting multiple assistance programs. This scenario underscores complex interplay between federal intervention, social media influence, and socio-political tensions, raising critical questions about evidence standards, community impact, and the evolution of fraud in public welfare systems.",
  "keywords": [
    {
      "term": "Unsubstantiated claims",
      "explanation": "Allegations made without verifiable evidence or proof, often leading to investigations based on suspicion rather than fact"
    },
    {
      "term": "Socio-political tensions",
      "explanation": "Conflicts arising from interactions between social groups and political forces, such as immigration policies and community targeting"
    },
    {
      "term": "Public welfare systems",
      "explanation": "Government-funded programs designed to provide support like healthcare and food assistance, which can be vulnerable to fraud and misuse"
    },
    {
      "term": "Evidence standards",
      "explanation": "The criteria required to validate claims, including reliability and credibility, which are crucial in legal and investigative contexts"
    },
    {
      "term": "Federal intervention",
      "explanation": "The involvement of national government agencies in local issues, often to enforce laws or address perceived crises"
    },
    {
      "term": "Social media influence",
      "explanation": "The power of online platforms and personalities to shape public discourse and instigate real-world actions, as seen with influencer claims"
    }
  ],
  "questions": [
    {
      "question": "What catalyzed the federal deployment to Minnesota regarding Somali child care providers?",
      "options": [
        "Nick Shirley's YouTube video with unproven fraud claims",
        "A formal complaint from state prosecutors",
        "Evidence from Medicaid audits",
        "Requests from the Somali community"
      ],
      "correct_answer": "Nick Shirley's YouTube video with unproven fraud claims"
    },
    {
      "question": "How does FBI Director Kash Patel characterize the scope of the investigation?",
      "options": [
        "As merely the beginning of a larger issue",
        "As completely resolved",
        "As irrelevant to federal priorities",
        "As focused solely on $100 million"
      ],
      "correct_answer": "As merely the beginning of a larger issue"
    },
    {
      "question": "What broader financial scale of fraud is under investigation by federal prosecutors in Minnesota?",
      "options": [
        "Approximately $9 billion across multiple programs",
        "Exactly $100 million in daycare fraud",
        "Less than $1 million in isolated cases",
        "An unspecified amount tied to immigration"
      ],
      "correct_answer": "Approximately $9 billion across multiple programs"
    },
    {
      "question": "Why are state and city officials skeptical of Shirley's allegations?",
      "options": [
        "Due to pre-existing immigration pressures on the Somali community",
        "Because Shirley provided conclusive evidence",
        "As the daycares are outside Minneapolis",
        "Since fraud is impossible in relief programs"
      ],
      "correct_answer": "Due to pre-existing immigration pressures on the Somali community"
    },
    {
      "question": "According to Jeff Meitrodt, what was the initial source of the fraud problem?",
      "options": [
        "A COVID-era meal relief program for children",
        "A Medicaid expansion initiative",
        "A school funding reform",
        "A housing assistance project"
      ],
      "correct_answer": "A COVID-era meal relief program for children"
    },
    {
      "question": "Which federal agencies are actively involved in the ground investigation?",
      "options": [
        "FBI and Department of Homeland Security",
        "Only local law enforcement",
        "International criminal courts",
        "Private security firms"
      ],
      "correct_answer": "FBI and Department of Homeland Security"
    },
    {
      "question": "What role does social media play in this incident?",
      "options": [
        "It amplifies unverified claims that trigger federal actions",
        "It provides official evidence for investigations",
        "It is used solely by government officials",
        "It has no impact on the fraud probe"
      ],
      "correct_answer": "It amplifies unverified claims that trigger federal actions"
    },
    {
      "question": "How has the fraud issue evolved from its origins?",
      "options": [
        "It expanded from a specific relief program to affect broader Medicaid-funded systems",
        "It decreased after the COVID pandemic ended",
        "It remained confined to daycare centers",
        "It was always limited to $100 million"
      ],
      "correct_answer": "It expanded from a specific relief program to affect broader Medicaid-funded systems"
    },
    {
      "question": "What critical assessment can be made about the evidence presented in the article?",
      "options": [
        "It relies heavily on unproven influencer claims, lacking solid data",
        "It includes comprehensive audits and verified reports",
        "It is based solely on community testimonials",
        "It excludes any federal perspectives"
      ],
      "correct_answer": "It relies heavily on unproven influencer claims, lacking solid data"
    },
    {
      "question": "What methodological approach is used in gathering information for this story?",
      "options": [
        "Combining official statements, interviews, and news reports with social media sources",
        "Conducting independent field research only",
        "Relying exclusively on government documents",
        "Using anonymous tips without verification"
      ],
      "correct_answer": "Combining official statements, interviews, and news reports with social media sources"
    }
  ],
  "background_read": [
    "This article examines a federal investigation into fraud allegations against Somali child care providers in Minnesota, initiated by unsubstantiated claims from a right-wing influencer. Fraud in this context involves potential misuse of funds in public welfare programs like Medicaid and COVID relief, highlighting systemic vulnerabilities. The Somali community in Minneapolis faces intersecting challenges, including immigration enforcement, which complicates the investigation's perceived fairness. Federal agencies such as the FBI and Homeland Security operate under legal mandates to probe fraud, but their actions can reflect broader political dynamics, especially under the Trump administration. The role of social media in shaping public and governmental responses raises questions about evidence standards and misinformation. Understanding this requires analysis of U.S. federalism, immigration policy, media literacy, and the economics of public assistance fraud. This case serves as a microcosm of larger issues in governance, community relations, and information integrity."
  ],
  "Article_Structure": [
    "Main Points: The article details a federal probe into fraud allegations against Somali child care providers, driven by unverified social media claims, with connections to broader $9 billion fraud in Medicaid programs. Purpose: To analyze the intersection of federal enforcement, social media influence, and community impacts, highlighting evidence gaps and socio-political tensions. Evidence Evaluation: Evidence includes influencer allegations without proof, official agency statements, and reporter analysis; it is critiqued for reliance on unsubstantiated sources, though it contextualizes within larger fraud investigations. Author Credibility: Jeff Meitrodt is a credible investigative journalist, and PBS NewsHour is a reputable source, but the article incorporates less reliable social media content. Methodology: Information is synthesized from official releases, expert interviews, and news coverage, with limitations in verifying influencer claims. Critical Assessment: Strengths include comprehensive coverage of multiple perspectives; limitations involve insufficient data on the specific $100 million allegation and potential bias in federal actions."
  ],
  "perspectives": [
    {
      "perspective": "Federal accountability view",
      "description": "Argues that rigorous fraud investigations are essential to safeguard taxpayer funds and maintain integrity in public programs, even if based on preliminary claims."
    },
    {
      "perspective": "Community equity view",
      "description": "Contends that investigations rooted in unproven allegations risk unfairly targeting marginalized groups, exacerbating existing disparities and distrust."
    }
  ],
  "image_url": "/article_images/article_7d5dcbbdd295562f_6cdf488f2272.webp"
}