{
  "title": "Federal Investigation into Fraud Claims Against Somali Child Care Providers in Minnesota",
  "summary": "Federal agents from the Trump administration have been deployed to Minnesota to probe fraud allegations targeting Somali child care providers in Minneapolis. The investigation was prompted by a video from right-wing influencer Nick Shirley, who claimed without evidence that these daycare centers misappropriated over $100 million. In response, FBI Director Kash Patel stated the agency is already investigating, calling it \"the tip of a very large iceberg,\" and Homeland Security Secretary Kristi Noem shared footage of agents on the ground. However, state and city officials question Shirley's claims, noting that the Somali community is already facing immigration crackdowns. Investigative reporter Jeff Meitrodt explains that the fraud issue originated from a COVID-era relief program designed to provide meals for children when schools were closed, and it has since expanded into a broader problem involving multiple Medicaid-funded programs, with prosecutors investigating around $9 billion in fraud. This situation highlights tensions between federal actions and local concerns, as well as the spread of fraud from initial relief efforts.",
  "keywords": [
    {
      "term": "Fraud allegations",
      "explanation": "Accusations that someone has dishonestly taken money or resources, often requiring investigation to verify"
    },
    {
      "term": "Right-wing influencer",
      "explanation": "A person with a large online following who promotes conservative views and can shape public opinion"
    },
    {
      "term": "Medicaid-funded programs",
      "explanation": "Government programs that use Medicaid money to provide health and social services, often targeted in fraud cases"
    },
    {
      "term": "Immigration crackdown",
      "explanation": "Increased enforcement of immigration laws that can create challenges for immigrant communities"
    },
    {
      "term": "COVID-era relief",
      "explanation": "Programs established during the COVID-19 pandemic to offer financial aid and support, which sometimes led to misuse"
    },
    {
      "term": "Federal deployment",
      "explanation": "The sending of federal officers or agents to a specific location to address issues like fraud or security"
    }
  ],
  "questions": [
    {
      "question": "What triggered the federal investigation into Somali child care providers?",
      "options": [
        "A video by Nick Shirley claiming fraud",
        "A report from state officials",
        "A request from the Somali community",
        "An audit by Medicaid"
      ],
      "correct_answer": "A video by Nick Shirley claiming fraud"
    },
    {
      "question": "How did FBI Director Kash Patel describe the investigation?",
      "options": [
        "As the tip of a very large iceberg",
        "As a minor issue",
        "As fully resolved",
        "As unrelated to fraud"
      ],
      "correct_answer": "As the tip of a very large iceberg"
    },
    {
      "question": "What broader fraud amount are federal prosecutors investigating in Minnesota?",
      "options": [
        "Around $9 billion",
        "Over $100 million",
        "Less than $1 million",
        "Exactly $5 billion"
      ],
      "correct_answer": "Around $9 billion"
    },
    {
      "question": "Why do state and city officials doubt Shirley's claims?",
      "options": [
        "The Somali community faces immigration crackdowns",
        "Shirley provided solid evidence",
        "The daycares are not in Minneapolis",
        "Fraud is impossible in relief programs"
      ],
      "correct_answer": "The Somali community faces immigration crackdowns"
    },
    {
      "question": "What was the origin of the fraud problem according to Jeff Meitrodt?",
      "options": [
        "A COVID-era meal program for kids",
        "A school funding initiative",
        "A housing project",
        "A transportation scheme"
      ],
      "correct_answer": "A COVID-era meal program for kids"
    },
    {
      "question": "Which agencies are involved in the investigation?",
      "options": [
        "FBI and Homeland Security",
        "Local police only",
        "International organizations",
        "Private companies"
      ],
      "correct_answer": "FBI and Homeland Security"
    },
    {
      "question": "What role did Nick Shirley play in this story?",
      "options": [
        "He posted unproven fraud claims online",
        "He led the federal investigation",
        "He is a Somali daycare provider",
        "He is a state official"
      ],
      "correct_answer": "He posted unproven fraud claims online"
    },
    {
      "question": "How has the fraud issue evolved over time?",
      "options": [
        "It spread from a relief program to multiple programs",
        "It decreased after COVID",
        "It only affected one daycare",
        "It was always small-scale"
      ],
      "correct_answer": "It spread from a relief program to multiple programs"
    }
  ],
  "background_read": [
    "This article discusses a federal investigation into fraud allegations against Somali child care providers in Minnesota, initiated by unproven claims from a right-wing influencer. Fraud involves dishonest acts for financial gain, and in this case, it's linked to government programs like Medicaid and COVID relief. The Somali community in Minneapolis has faced challenges, including immigration enforcement, making this investigation sensitive. Federal agents, such as those from the FBI and Homeland Security, have authority to probe such issues, but their actions can raise concerns about bias or overreach. The story shows how online misinformation can influence real-world events and highlights the complexity of fraud in public funding systems. Understanding this requires knowledge of U.S. government structures, social media impact, and immigrant community dynamics."
  ],
  "Article_Structure": [
    "Main Points: The article covers federal agents investigating fraud claims against Somali daycares in Minnesota, sparked by unverified online allegations, with broader fraud probes into Medicaid programs. Purpose: To inform about the federal response to fraud allegations and the tensions between federal actions and local community concerns. Evidence Evaluation: The evidence includes claims from an influencer without proof, official statements from FBI and Homeland Security, and reporter insights, but lacks concrete data on the $100 million allegation. Author Credibility: Jeff Meitrodt is an investigative reporter for the Minnesota Star Tribune, providing expert analysis, while the PBS NewsHour offers reputable journalism. Methodology: Information is gathered from official announcements, interviews, and news reports, though some claims rely on social media sources."
  ],
  "perspectives": [
    {
      "perspective": "Federal enforcement view",
      "description": "Focuses on the need to investigate fraud to protect public funds and ensure accountability in government programs."
    },
    {
      "perspective": "Local community view",
      "description": "Emphasizes concerns about unfair targeting of the Somali community and the impact of unproven claims on immigrant populations."
    }
  ],
  "image_url": "/article_images/article_7d5dcbbdd295562f_6cdf488f2272.webp"
}