{
  "articles": [
    {
      "id": "d0eae702f8b926e1",
      "title": "BP's Strategic Cost-Cutting and Profit Decline in a Volatile Oil Market",
      "summary": "BP experienced a significant decline in annual profits, reporting $7.5 billion for 2025, down from $8.9 billion in the previous year, attributed to a 20% decrease in crude oil prices. In response to these financial pressures, the company has intensified its cost-cutting initiatives, raising its target to achieve structural savings of $5.5 billion to $6.5 billion by 2027, an increase from the prior goal of up to $5 billion. This includes suspending the share buyback program, reducing capital expenditures, and divesting non-core assets such as a 65% stake in Castrol. Strategically, BP is pivoting away from investments in renewable energy to concentrate on its core oil and gas operations, a direction expected to be reinforced by incoming CEO Meg O'Neill, who will become the first woman to lead a major global oil firm. The company faces mounting debt of approximately $22 billion and shareholder dissatisfaction due to underperformance relative to competitors like Shell, which also reported a 22% profit drop. Quarterly profits fell 30% to $1.54 billion as Brent crude prices dipped below $60 per barrel, marking a third consecutive year of declining profits since the peak of $27.7 billion in 2022, driven by post-Ukraine invasion price surges. This context underscores broader industry challenges amid fluctuating energy markets and evolving corporate governance.",
      "source": "BBC Business",
      "time_ago": "1 hour ago",
      "image_url": "/article_images/article_d0eae702f8b926e1_e29951a20efd.webp",
      "category": "Fun"
    },
    {
      "id": "13156c25fb6a1a53",
      "title": "Paradigm Shift in Spintronics: Experimental Validation of Two-Vector Magnetoresistance Over Spin Hall Models",
      "summary": "Unusual magnetoresistance (UMR) represents a critical phenomenon in spintronics, characterized by alterations in the electrical resistance of heavy metals adjacent to magnetic insulators with in-plane magnetization rotation. Historically, spin Hall magnetoresistance (SMR) has served as the predominant theoretical framework for UMR, extensively employed in interpreting diverse experimental methodologies including magnetoresistance assays, spin-torque ferromagnetic resonance, and harmonic Hall voltage analyses. However, empirical observations revealed UMR's ubiquity across magnetic systems, even in contexts devoid of spin Hall materials or where SMR is theoretically inapplicable, prompting a proliferation of alternative hypotheses such as Rashba-Edelstein MR and orbital Hall MR. In a groundbreaking development, Prof. Lijun Zhu and Prof. Xiangrong Wang have experimentally demonstrated that UMR originates from electron scattering at interfaces, modulated by both magnetization and electric field vectors—a mechanism termed two-vector magnetoresistance. This model eschews reliance on spin currents, thereby circumventing complexities inherent in prior paradigms. Their investigations documented substantial UMR signals in single-layer magnetic metals, adherence to a universal sum rule, and higher-order contributions, all congruent with two-vector MR predictions. Furthermore, a meticulous reexamination of historical data indicates that numerous influential results previously ascribed to SMR or other spin-current-based mechanisms are coherently explicable within the two-vector MR framework, while certain findings that conflict with spin-current models align naturally with this novel approach. Collectively, these outcomes constitute a formidable challenge to SMR's long-standing hegemony, furnishing robust experimental corroboration for two-vector magnetoresistance and establishing a unified physical explanation for UMR, thereby enhancing the conceptual simplicity and comprehensiveness of magnetoresistance understanding in spintronic applications.",
      "source": "Science Daily - Technology",
      "time_ago": "4 hours ago",
      "image_url": "/article_images/article_13156c25fb6a1a53_5783ae825cca.webp",
      "category": "Fun"
    },
    {
      "id": "ec3ebf1646c0d844",
      "title": "Preservation of Tudor Artifact: British Museum's Fundraising Success for Henry VIII's Pendant",
      "summary": "The British Museum has achieved its £3.5 million fundraising target to permanently acquire the Tudor Heart, a gold pendant historically associated with King Henry VIII's marriage to Katherine of Aragon. Discovered in 2019 by a metal detectorist in Warwickshire under the Treasure Act 1996, the pendant underwent research revealing its potential creation for the 1518 betrothal of Princess Mary to the French heir-apparent, featuring iconographic elements such as the Tudor rose and Katherine's pomegranate symbol with an Old French inscription 'tousiors' (always). To facilitate acquisition, the museum compensated the finder and landowner, while the fundraising campaign garnered £360,000 from over 45,000 public donors, supplemented by substantial grants including £1.75 million from The National Heritage Memorial Fund and contributions from Art Fund and other trusts. Museum director Nicholas Cullinan highlighted the pendant's rarity, as few artifacts from Henry VIII's marriage to Katherine survive, underscoring its significance for Tudor historiography. This initiative exemplifies collaborative heritage preservation, blending public philanthropy with institutional support to safeguard a unique piece of cultural legacy for scholarly and public access.",
      "source": "BBC Entertainment",
      "time_ago": "4 hours ago",
      "image_url": "/article_images/article_ec3ebf1646c0d844_1cc4d1cc8efb.webp",
      "category": "Fun"
    },
    {
      "id": "4607b3adad1e4814",
      "title": "Analyzing Catherine O'Hara's Death: Medical Causes and Industry Tributes",
      "summary": "The death of Catherine O'Hara, an acclaimed actress, was confirmed via her US death certificate to result from a pulmonary embolism, with rectal cancer cited as a contributing long-term cause. She passed away on January 30 at age 71 in a Los Angeles hospital, having undergone cancer treatment since March 2025. O'Hara's career was marked by significant achievements, including an Emmy win for her role in Schitt's Creek, where she starred for six seasons, and notable performances in films like Home Alone and The Last of Us. The article elaborates on the tributes from prominent figures in the entertainment industry: Seth Rogen praised her comedic genius and kindness, Pedro Pascal expressed eternal gratitude on Instagram, and Eugene Levy reflected on their fifty-year collaboration. Dan Levy emphasized their familial bond, while Macaulay Culkin shared a poignant message highlighting their on-screen relationship. This coverage not only details the medical aspects of her death but also contextualizes her legacy within the broader landscape of television and film, underscoring her impact on peers and audiences alike.",
      "source": "BBC Entertainment",
      "time_ago": "11 hours ago",
      "image_url": "/article_images/article_4607b3adad1e4814_a306da20426b.webp",
      "category": "Fun"
    },
    {
      "id": "eb4c8fb70735bdde",
      "title": "Analyzing Serena Williams' Ambiguous Comeback: Procedural Compliance and Public Persona",
      "summary": "Serena Williams, a 23-time Grand Slam singles champion, has been reinstated by the International Tennis Integrity Agency (ITIA), making her eligible to return to professional tennis from February 22. This reinstatement is contingent upon her adherence to out-of-competition drug testing protocols for a minimum of six months, a standard requirement for retired athletes seeking re-entry into sanctioned events. Williams concluded her career at the 2022 US Open, eschewing the term 'retirement' in favor of 'evolving away' from tennis, a semantic choice that reflects her ongoing connection to the sport. In December, the ITIA confirmed her inclusion in the drug testing pool, mandating daily whereabouts disclosures for one hour to facilitate random testing. Despite this procedural readiness, Williams has issued contradictory statements: in January, she posted on social media vehemently denying a comeback, labeling rumors as 'crazy,' yet in a subsequent interview on the Today Show, she refused to definitively rule out a return, creating ambiguity. The article delves into the intersection of regulatory frameworks, such as those enforced by the ITIA, and Williams' public persona, including her commercial endorsements for weight-loss drugs and her historical aversion to retirement narratives. This analysis underscores the complexities of athlete comebacks in the context of integrity policies and media scrutiny.",
      "source": "BBC Tennis",
      "time_ago": "17 hours ago",
      "image_url": "/article_images/article_eb4c8fb70735bdde_38a293067f2c.webp",
      "category": "Fun"
    },
    {
      "id": "6e343e0c1bd3660b",
      "title": "Analyzing Emma Raducanu's Career Setbacks: Health and Professional Instability Post-US Open",
      "summary": "Emma Raducanu, the British tennis prodigy, experienced a significant setback by retiring from her first-round match at the Qatar Open against Camila Osorio, merely two days after succumbing to Sorana Cirstea in the Transylvania Open final. In Qatar, Raducanu demonstrated initial dominance by securing the first set 6-2, but faltered in the second set 6-4 due to unforced errors. The decisive third set saw her request medical attention for blood pressure monitoring after being broken, leading to her forfeiture at 2-0 down. This episode is part of a broader narrative of health complications; post-Transylvania final, Raducanu disclosed battling a chest infection, which had necessitated similar medical checks. Since her landmark 2021 US Open triumph, Raducanu has been encumbered by a series of injuries and inconsistent performances on the WTA Tour, exemplified by prior retirements such as at the Wuhan Open. Furthermore, her professional trajectory has been marred by coaching instability, with a recent split from Francis Roig marking her ninth coach since 2021, following an early exit at the Australian Open. These elements collectively underscore the multifaceted challenges—physical ailments and structural support issues—that have impeded her ability to sustain elite-level tennis success.",
      "source": "BBC Tennis",
      "time_ago": "18 hours ago",
      "image_url": "/article_images/article_6e343e0c1bd3660b_3351cab632f7.webp",
      "category": "Fun"
    }
  ]
}