{
  "generated_at": "2025-11-22T08:49:23.820Z",
  "dates": [
    {
      "date": "2025-11-22",
      "supabase_path": "website/2025-11-22",
      "payloads_url": "https://lfknsvavhiqrsasdfyrs.supabase.co/storage/v1/object/public/shared-storage/website/2025-11-22/payloads/",
      "images_url": "https://lfknsvavhiqrsasdfyrs.supabase.co/storage/v1/object/public/shared-storage/website/2025-11-22/article_images/",
      "article_payloads_url": "https://lfknsvavhiqrsasdfyrs.supabase.co/storage/v1/object/public/shared-storage/website/2025-11-22/article_payloads/"
    },
    {
      "date": "2025-11-15",
      "supabase_path": "website/2025-11-15",
      "payloads_url": "https://lfknsvavhiqrsasdfyrs.supabase.co/storage/v1/object/public/shared-storage/website/2025-11-15/payloads/",
      "images_url": "https://lfknsvavhiqrsasdfyrs.supabase.co/storage/v1/object/public/shared-storage/website/2025-11-15/article_images/",
      "article_payloads_url": "https://lfknsvavhiqrsasdfyrs.supabase.co/storage/v1/object/public/shared-storage/website/2025-11-15/article_payloads/"
    },
    {
      "date": "2025-11-14",
      "supabase_path": "website/2025-11-14",
      "payloads_url": "https://lfknsvavhiqrsasdfyrs.supabase.co/storage/v1/object/public/shared-storage/website/2025-11-14/payloads/",
      "images_url": "https://lfknsvavhiqrsasdfyrs.supabase.co/storage/v1/object/public/shared-storage/website/2025-11-14/article_images/",
      "article_payloads_url": "https://lfknsvavhiqrsasdfyrs.supabase.co/storage/v1/object/public/shared-storage/website/2025-11-14/article_payloads/"
    },
    {
      "date": "2025-11-13",
      "supabase_path": "website/2025-11-13",
      "payloads_url": "https://lfknsvavhiqrsasdfyrs.supabase.co/storage/v1/object/public/shared-storage/website/2025-11-13/payloads/",
      "images_url": "https://lfknsvavhiqrsasdfyrs.supabase.co/storage/v1/object/public/shared-storage/website/2025-11-13/article_images/",
      "article_payloads_url": "https://lfknsvavhiqrsasdfyrs.supabase.co/storage/v1/object/public/shared-storage/website/2025-11-13/article_payloads/"
    },
    {
      "date": "2025-11-12",
      "supabase_path": "website/2025-11-12",
      "payloads_url": "https://lfknsvavhiqrsasdfyrs.supabase.co/storage/v1/object/public/shared-storage/website/2025-11-12/payloads/",
      "images_url": "https://lfknsvavhiqrsasdfyrs.supabase.co/storage/v1/object/public/shared-storage/website/2025-11-12/article_images/",
      "article_payloads_url": "https://lfknsvavhiqrsasdfyrs.supabase.co/storage/v1/object/public/shared-storage/website/2025-11-12/article_payloads/"
    },
    {
      "date": "2025-11-11",
      "supabase_path": "website/2025-11-11",
      "payloads_url": "https://lfknsvavhiqrsasdfyrs.supabase.co/storage/v1/object/public/shared-storage/website/2025-11-11/payloads/",
      "images_url": "https://lfknsvavhiqrsasdfyrs.supabase.co/storage/v1/object/public/shared-storage/website/2025-11-11/article_images/",
      "article_payloads_url": "https://lfknsvavhiqrsasdfyrs.supabase.co/storage/v1/object/public/shared-storage/website/2025-11-11/article_payloads/"
    }
  ]
}