{
  "articles": [
    {
      "id": "8579bb1da65ee634",
      "title": "Advancements in Ingestible Biosensors for Gastrointestinal Diagnostics",
      "summary": "A groundbreaking development in medical technology involves the creation of miniature ingestible spheres equipped with genetically engineered bacteria capable of detecting intestinal bleeding through bioluminescence upon interaction with heme. Preliminary investigations in murine models demonstrate that these devices could revolutionize the diagnostic landscape for gastrointestinal disorders by offering a swift, noninvasive alternative to conventional techniques such as endoscopy. This approach leverages synthetic biology to design bacteria that specifically respond to heme, a key biomarker, enabling real-time monitoring without the need for invasive procedures. The potential implications include enhanced early detection of conditions like Crohn's disease or ulcerative colitis, reduced healthcare burdens, and improved patient compliance due to minimized discomfort. However, translation to human use necessitates rigorous clinical trials to assess efficacy, safety, and ethical considerations surrounding genetically modified organisms. This innovation underscores the intersection of biotechnology and personalized medicine, promising to transform diagnostic protocols while prompting discussions on regulatory frameworks and long-term impacts.",
      "source": "Science Daily",
      "time_ago": "18 hours ago",
      "image_url": "/article_images/article_8579bb1da65ee634_cd0f5aed1637.webp",
      "category": "Science"
    },
    {
      "id": "023198f10021f08f",
      "title": "Scientists reveal what triggered Santorini 'earthquake swarm'",
      "summary": "Thousands of earthquakes were caused by magma \"pumping through\" Earth's crust for three months, they say.",
      "source": "BBC Science",
      "time_ago": "1 day ago",
      "image_url": "/article_images/article_023198f10021f08f_488acd540d42.jpg",
      "category": "Science"
    },
    {
      "id": "5a1eea6b3c31b1d2",
      "title": "Analysis of Fire Incident and Evacuation at COP30 Climate Negotiations in Brazil",
      "summary": "The COP30 United Nations climate conference in Brazil experienced a significant disruption when a fire broke out, necessitating the immediate evacuation of thousands of participants, including diplomats, scientists, and activists. This incident occurred amid intensive negotiations aimed at advancing global climate action, such as implementing the Paris Agreement goals and addressing issues like carbon emissions reductions and climate finance. The rapid response by emergency services, including firefighters, ensured no serious injuries were reported, but the event underscores the logistical and security challenges inherent in hosting large-scale international forums. It may lead to procedural delays and reevaluation of safety protocols, potentially affecting the momentum of climate diplomacy. Furthermore, this situation highlights the broader context of increasing climate-related risks and the necessity for resilient infrastructure in vulnerable regions. Analyzing this, the fire serves as a metaphor for the unpredictable obstacles in global governance, urging stakeholders to integrate risk management into climate strategies while maintaining focus on urgent environmental targets.",
      "source": "BBC Science",
      "time_ago": "1 day ago",
      "image_url": "/article_images/article_5a1eea6b3c31b1d2_155f6049e4cc.jpg",
      "category": "Science"
    },
    {
      "id": "32d12e260fd72460",
      "title": "Why saving microbes may be the most important conservation effort ever",
      "summary": "Researchers have launched the first coordinated plan to protect microbial biodiversity, calling attention to the “invisible 99% of life” that drives essential Earth systems. The IUCN has formally recognized this effort through the creation of the Microbial Conservation Specialist Group. By developing new metrics, policies, and restoration tools, scientists aim to make microbial life a core part of global conservation action. The roadmap also outlines upcoming goals such as microbial hotspot maps and new microbe-based conservation solutions.",
      "source": "Science Daily",
      "time_ago": "1 day ago",
      "image_url": "/article_images/article_32d12e260fd72460_14ce20a141ba.webp",
      "category": "Science"
    },
    {
      "id": "d526e806ae0a7ecb",
      "title": "Reevaluating Electromagnetic Theory: Light's Magnetic Component",
      "summary": "A groundbreaking study has demonstrated that the magnetic field inherent in light exerts a more substantial influence than traditionally acknowledged, particularly in its interaction with materials. Researchers have uncovered that this magnetic component plays a critical role in the rotational dynamics of light, specifically challenging the conventional interpretation of the Faraday Effect, which has been a cornerstone of electromagnetic theory since its inception nearly two centuries ago. The Faraday Effect, first observed by Michael Faraday in 1845, involves the rotation of the polarization plane of light under magnetic fields, but this new research suggests that the intrinsic magnetic properties of light itself are pivotal. This revelation not only necessitates a reexamination of fundamental electromagnetic principles but also holds profound implications for the advancement of optical and magnetic technologies, such as high-precision sensors, advanced imaging systems, and novel magnetic storage devices. By integrating theoretical physics with experimental validation, this work underscores the dynamic nature of scientific inquiry and its capacity to drive innovation in multiple disciplines, encouraging further investigation into light-matter interactions and their applications in modern technology.",
      "source": "Science Daily",
      "time_ago": "1 day ago",
      "image_url": "/article_images/article_d526e806ae0a7ecb_01296b1cd071.webp",
      "category": "Science"
    },
    {
      "id": "32c3c82efdcc2223",
      "title": "Advanced Ultrasonic Water Harvesting: MIT's Rapid Atmospheric Extraction System",
      "summary": "MIT engineers have pioneered an ultrasonic device that efficiently harvests drinking water from atmospheric humidity by utilizing high-frequency vibrations to liberate water droplets from moisture-absorbent materials within minutes. This method significantly outperforms conventional thermal evaporation techniques, which are slower and more energy-intensive. The system is engineered for sustainability, operating on power derived from a compact solar cell and capable of programmed continuous cycling, thereby ensuring consistent water production throughout daylight hours. This innovation addresses the critical challenge of water scarcity by providing a rapid, renewable energy-powered solution that could be deployed in regions with limited freshwater resources. By leveraging advanced ultrasonic technology, the device not only enhances the efficiency of water extraction but also reduces reliance on non-renewable energy sources, marking a substantial contribution to sustainable development and public health initiatives in water-stressed communities.",
      "source": "Science Daily",
      "time_ago": "2 days ago",
      "image_url": "/article_images/article_32c3c82efdcc2223_e9b3f2df6e8f.webp",
      "category": "Science"
    }
  ]
}