{
  "articles": [
    {
      "id": "836b4a1582aae819",
      "title": "Ukraine's allies voice concerns over US plan to end war",
      "summary": "Ukraine's allies have voiced concerns over a US plan to end the Russia-Ukraine war, saying draft proposals are \"a basis which will require additional work\".\n\nIn a joint statement at the G20 summit in South Africa, they said the plan \"includes important elements that will be essential for a just and lasting peace\", but cited concerns over borders and limitations on Ukraine's armed forces.\n\nIt comes a day after Ukrainian President Volodymyr Zelensky warned Kyiv faced \"one of the most difficult moments in our history\" over pressure to accept the plan - leaked details of which have been seen as favourable to Moscow.\n\nUS President Donald Trump has given Ukraine until 27 November to accept the 28-point plan, while Russia's President Vladimir Putin said it could be the \"basis\" for a settlement.\n\nSaturday's joint statement was signed by the leaders of Canada, Finland, France, Ireland, Italy, Japan, the Netherlands, Spain, the UK, Germany and Norway. Two top EU officials also signed it.\n\nThe statement said: \"We are ready to engage in order to ensure that a future peace is sustainable. We are clear on the principle that borders must not be changed by force.\n\n\"We are also concerned by the proposed limitations on Ukraine's armed forces, which would leave Ukraine vulnerable to future attack.\"\n\nIt added: \"The implementation of elements relating to the European Union and relating to Nato would need the consent of EU and Nato members respectively\".\n\nThe widely leaked US peace plan proposes Ukrainian troops withdraw from the part of the eastern Donetsk region that they currently control, and de facto Russian control of Donetsk, as well as the neighbouring Luhansk region and the southern Crimea peninsula annexed by Russia in 2014.\n\nThe plan also includes freezing the borders of Ukraine's southern Kherson and Zaporizhzhia regions along the current battle lines. Both regions are partially occupied by Russia.\n\nThe US draft would also limit Ukraine's military to 600,000 personnel, with European fighter jets stationed in neighbouring Poland.\n\nKyiv would receive \"reliable security guarantees\", the plan says, although no details have been given. The document says \"it is expected\" that Russia will not invade its neighbours and Nato will not expand further.\n\nThe plan also suggests Russia will be \"reintegrated into the global economy\", through the lifting of sanctions and by inviting Russia to rejoin the G7 group of the world's most powerful countries - making it the G8 again.\n\nOn Friday, Trump said Zelensky would \"have to like\" the US proposals, adding otherwise Ukraine and Russia would continue fighting.\n\nEarlier in the day, the Ukrainian leader addressed the nation with a stark warning that the country \"might face a very difficult choice: either losing dignity, or risk losing a key partner\".",
      "source": "BBC News",
      "time_ago": "3 hours ago",
      "image_url": "/article_images/article_836b4a1582aae819_811fceeed994.webp",
      "category": "News"
    },
    {
      "id": "c8628e54ecc0434f",
      "title": "Analyzing Reeves's Fiscal Strategy: Constraints and Critiques in the Budget Process",
      "summary": "Chancellor Rachel Reeves's approach to her second budget is under scrutiny as she aims to address key economic issues: reducing the cost of living, cutting NHS waiting lists, and managing the national debt. The planning phase, initiated in July, involved eschewing traditional Treasury tools like spreadsheets in favor of prioritizing strategic objectives. While her team expresses confidence in meeting these targets, the article reveals underlying tensions, including fear within the Labour party and skepticism from political opponents and business sectors. These concerns stem from significant constraints, such as high pre-existing taxes, substantial public debt, and political imperatives that may lead to contradictions in policy implementation. Reeves attributes some limitations to the economic inheritance from previous governments, emphasizing the need for improvement amidst public expectations. The budget's impending announcement will serve as a critical test of fiscal policy balancing act between inflationary control, public service investment, and debt reduction, highlighting broader debates on economic governance and political feasibility.",
      "source": "BBC News",
      "time_ago": "5 hours ago",
      "image_url": "/article_images/article_c8628e54ecc0434f_2e427015ed81.webp",
      "category": "News"
    },
    {
      "id": "850128e8cb325c20",
      "title": "Analysis of DMGT's Acquisition of the Telegraph: Media Consolidation and Regulatory Scrutiny",
      "summary": "The Daily Mail and General Trust (DMGT) has entered into an agreement to acquire the Daily and Sunday Telegraph for £500 million, a move that signifies substantial consolidation within the UK media landscape. This transaction emerges after the failure of RedBird Capital's bid and involves RedBird IMI, a joint venture between the United Arab Emirates and RedBird Capital Partners, though the deal explicitly excludes foreign state investment. Culture Secretary Lisa Nandy is tasked with reviewing the acquisition under public interest and foreign state influence frameworks, ensuring it does not compromise media plurality. Lord Rothermere, DMGT's chairman, has articulated a vision of editorial independence and global expansion for the Telegraph, citing its historical significance and quality. Conversely, the Liberal Democrats, through spokesperson Chris Fox, have raised critical concerns about the concentration of agenda-setting power, urging rigorous examination by competition regulators to avert an imbalanced media market. The article underscores the complexities of media ownership, regulatory oversight, and the potential implications for democratic discourse, with companies anticipating a swift finalization while adhering to UK compliance standards.",
      "source": "BBC News",
      "time_ago": "5 hours ago",
      "image_url": "/article_images/article_850128e8cb325c20_e9a402179dfa.webp",
      "category": "News"
    },
    {
      "id": "0dd60ce99301b3dd",
      "title": "Critical Analysis of the UK Puberty Blockers Trial Amid Ethical and Evidentiary Challenges",
      "summary": "The UK has announced a new clinical trial, Pathway, to investigate the risks and benefits of puberty-blocking drugs for children under 16 diagnosed with gender incongruence. This initiative comes in the wake of a nationwide ban on these drugs, instituted after the Cass review exposed significant gaps in clinical evidence regarding their safety and efficacy for adolescents. The trial, led by researchers from King's College London including Prof Emily Simonoff, will enroll approximately 220 participants to assess multidimensional impacts—encompassing physical health, social dynamics, emotional stability, and pioneering research on brain development. Prof Simonoff articulates that the study aims to elucidate the trade-offs between potential mental health improvements and adverse effects, rather than seeking a one-size-fits-all outcome. Nonetheless, the trial faces substantial ethical scrutiny from certain clinicians and activists who contest its propriety, citing concerns over subjecting minors to experimental treatments with uncertain outcomes. Participants must satisfy stringent criteria and undergo comprehensive medical and psychological evaluations before inclusion, reflecting heightened precautions. This trial represents a critical response to the Cass review's recommendations, striving to generate robust data that could inform future gender care policies, yet it underscores ongoing debates about medical ethics, evidence-based practice, and the welfare of vulnerable youth in rapidly evolving healthcare landscapes.",
      "source": "BBC News",
      "time_ago": "6 hours ago",
      "image_url": "/article_images/article_0dd60ce99301b3dd_e567c2e94346.webp",
      "category": "News"
    },
    {
      "id": "677e35fad0e73c42",
      "title": "Legal and Political Implications of Texas's Redistricting Appeal to the Supreme Court",
      "summary": "Texas has petitioned the Supreme Court for an emergency order to implement a congressional redistricting plan that a federal judicial panel deemed likely racially discriminatory, aiming to secure Republican advantages in the 2026 elections. The state's request emphasizes the need to prevent electoral confusion as primaries approach in March, drawing on precedents where the Court intervened in Alabama and Louisiana. This redistricting effort, initiated under Trump's agenda to bolster GOP House majority, would add five Republican seats, but faced challenges from civil rights groups representing Black and Hispanic voters. If the Supreme Court denies the order, Texas may resort to the 2021 map, while the case intersects with broader legal scrutiny under the Voting Rights Act, including a pending Louisiana case that could restrict race-based districts. Nationally, redistricting battles in states like Missouri and North Carolina reflect deep partisan divisions, with California countering by adding Democratic seats, highlighting the ongoing struggle over electoral fairness and representation.",
      "source": "PBS NewsHour",
      "time_ago": "17 hours ago",
      "image_url": "/article_images/article_677e35fad0e73c42_e10c7192df20.webp",
      "category": "News"
    },
    {
      "id": "d38d920e35659588",
      "title": "Trump and Mamdani meet in Oval Office after months of trading insults",
      "summary": "President Trump and the future mayor of New York City, Zohran Mamdani, met at the White House after months of trading insults. In an Oval Office meeting, they were far more civilized, with the president at times praising the mayor-elect despite their political differences. Both said they’ll look to work together to improve the nation’s largest city. Liz Landers reports from the White House.\n\nNotice: Transcripts are machine and human generated and lightly edited for accuracy. They may contain errors.\n\nPresident Donald Trump and the future Mayor of New York City Zohran Mamdani met today at the White House after months of trading insults. In an Oval Office meeting, they were far more civilized, with the president at points praising the mayor-elect, despite their political differences.\n\nI expect to be helping him, not hurting him, a big help, because I want New York City to be great.\n\nZohran Mamdani (D), New York City Mayor-Elect: And what I really appreciate about the president is, the meeting that we had focused not on places of disagreement, which there are many, and also focused on the shared purpose that we have in serving New Yorkers.\n\nBoth said that they will look to work together to improve the nation's largest city.\n\nOur White House correspondent, Liz Landers, has been following today's meeting and joins us now from the White House.\n\nSo, Liz, what happened today in that Oval Office meeting and what was behind the change in tone that we saw, especially from President Trump?\n\nAmna, today was quite the turn of events, especially after these two men have been trading barbs through the media really for months now, in the past, President Trump calling Mamdani a communist, Mamdani in turn calling the president a despot.\n\nToday, a much calmer tone between those two men, indicating that they plan to work together in the future. Mamdani's spokesperson had said before this meeting that this was a customary type of meeting, that the mayor of America's largest city would go meet at the White House with the president and that they were hoping to focus on issues like public safety, economic security and affordability.",
      "source": "PBS NewsHour",
      "time_ago": "18 hours ago",
      "image_url": "/article_images/article_d38d920e35659588_a38bc401ab6a.webp",
      "category": "News"
    }
  ]
}