{
  "articles": [
    {
      "id": "0dd60ce99301b3dd",
      "title": "New puberty blockers trial to begin after UK ban",
      "summary": "Details of a new UK clinical trial to assess the risks and benefits of puberty-blocking drugs in children who question their gender have been announced.\n\nIt follows the banning of the drugs for gender treatment last year after a major review raised concerns about the lack of clinical evidence over their safety for under-18s.\n\nResearchers from King's College London say the trial will involve around 220 children under the age of 16 who are going through puberty, and will examine the impact of the drugs on their physical, social and emotional wellbeing.\n\nSome clinicians and campaigners question whether the trial is ethical.\n\nProf Emily Simonoff, study leader and professor of child and adolescent psychiatry at King's College London (KCL), told BBC Radio 4's Today programme that young people and their parents attending services for gender distress \"tell us that they don't know what to do - they look at the information that's out there and they don't know what's best for them\".\n\nBut she said the study was not expecting a \"one size fits all finding\".\n\n\"We are looking very much at the balance between, possibly, benefits for mental health and quality of life, and any possible risks or harms.\"\n\nShe added this would include monitoring people's physical health, and would also be the first ever study looking at the impact on brain development.\n\nPuberty blockers, also known as puberty suppressing hormones (PSH), are drugs used to delay or prevent puberty happening.\n\nThey were used to treat some young people with gender incongruence - when someone's gender identity doesn't match the sex they were registered at birth - or with gender dysphoria, when it causes significant distress.\n\nAs a result of the uncertainty over the safety of the drugs, highlighted by the Cass review into gender care, led by paediatrician Dr Hilary Cass, doctors can now only offer the treatment to under-18s as part of a research study.\n\nLast year, the government brought in a UK-wide indefinite ban on the drugs being prescribed privately or by the NHS to children and young people questioning their gender identity.\n\nThe new clinical trial, called Pathway, will involve children who are currently accessing gender services and have a diagnosis of gender incongruence.\n\nThey will all have reached puberty, but will be younger than 16 - and will have to meet strict criteria, undergo intensive medical and psychological screening before they are allowed to start taking puberty blockers.\n\nA team of specialist NHS doctors must have a full picture of the young person's wellbeing before deciding if they think they are suitable for the treatment.",
      "source": "BBC News",
      "time_ago": "3 hours ago",
      "image_url": "/article_images/article_0dd60ce99301b3dd_e567c2e94346.webp",
      "category": "News"
    },
    {
      "id": "073151fd999fa79f",
      "title": "Is time running out for BBC chair Samir Shah after latest resignation?",
      "summary": "In the three years, 10 months and 14 days that he spent on the BBC board, Banerji kept his thoughts on BBC matters firmly out of the public domain.\n\nNow he is making headlines. His resignation is the latest blow to the corporation, and it looks timed to add to the pressure.\n\nBanerji's role on the board was due to end on 31 December anyway but he has instead resigned early, three days before other board members are due to face a committee of MPs - and nearly two weeks after the BBC lost its director general and its CEO of news.\n\nThe resignation, fairly or not, looks like a direct critique of the BBC's chair Samir Shah.\n\nBanerji, according to an insider, was known to be angry that Shah was - in his view - weak in not challenging a number of other board members and their assertion about systemic bias at BBC News.\n\nIn this characterisation, the four political appointees to the board - Shah is the fifth - have banded together around the view that the BBC too often suffers from liberal groupthink, and the chair has been unable, or unwilling, to steer his board to a place of real consensus.\n\nIn the end, after all the drama of the past few weeks - the leaked memo, the resignations, the apology over the Panorama edit and the threat of a defamation suit by Donald Trump - it boils down to one simple question. Is BBC News institutionally biased?\n\nTurness and Davie reject that. So does Shah. While acknowledging mistakes have been made, he told me \"the BBC News DNA and culture is to be impartial, to provide the best news we can and the most trustworthy news we can\".\n\nBBC News remains the most trusted source of news in the UK.\n\nBut if some members of the board believe that the BBC does suffer from systemic bias, and others do not, where does this end?\n\nA senior TV executive told me Shah inherited \"a house divided but this board is melting down, it's very sad\". They added: \"It's a leadership issue.\"\n\nWhen I interviewed him after the resignations of Davie and Turness, Shah told me the board had \"a diversity of views, as there are in the public, as there are in the country itself… I want robust conversations, I want discussion\".\n\nBut Banerji has now claimed he was not consulted over the events that led to those departures.\n\nIf true, it will feed into the narrative advanced in some quarters that what has happened has been a coup by some members of the board.\n\nSir Ed Davey, the leader of the Liberal Democrats, has called on the government to remove Sir Robbie Gibb, an ex-BBC executive and former Downing Street director of communications to Theresa May, from the board.",
      "source": "BBC News",
      "time_ago": "3 hours ago",
      "image_url": "/article_images/article_073151fd999fa79f_01e9dbe11b75.webp",
      "category": "News"
    },
    {
      "id": "f3d64c2f52d915f5",
      "title": "Cultural Bias and Legal Battles: The Ethics of Parental Competency Testing in Denmark",
      "summary": "This article delves into the complex socio-legal issues surrounding the use of parental competency tests (FKUs) in Denmark, particularly their impact on Greenlandic families. Through the poignant account of Keira, whose newborn was swiftly removed after birth, the piece underscores the profound psychological effects of such separations. FKUs, employed in child welfare cases to evaluate risks of neglect, encompass interviews, cognitive exercises, and emotional assessments. Proponents assert that these tests furnish an objective framework, mitigating the subjectivity inherent in social workers' judgments. Conversely, critics contend that the tests are ethnocentric, rooted in Danish cultural paradigms and administered solely in Danish, thereby disadvantaging Kalaallisut-speaking Greenlanders and potentially leading to erroneous conclusions. In a significant policy shift, the Danish government proscribed the application of FKUs to Greenlandic families in May, following protracted censure, though their utilization persists for other demographics. The narrative raises critical questions about cultural competence in social services, the balance between child protection and parental rights, and the broader implications for indigenous populations within state systems. It invites reflection on whether standardized assessments can ever be truly impartial in multicultural contexts.",
      "source": "BBC News",
      "time_ago": "9 hours ago",
      "image_url": "/article_images/article_f3d64c2f52d915f5_536267e51131.webp",
      "category": "News"
    },
    {
      "id": "d38d920e35659588",
      "title": "Trump and Mamdani meet in Oval Office after months of trading insults",
      "summary": "President Trump and the future mayor of New York City, Zohran Mamdani, met at the White House after months of trading insults. In an Oval Office meeting, they were far more civilized, with the president at times praising the mayor-elect despite their political differences. Both said they’ll look to work together to improve the nation’s largest city. Liz Landers reports from the White House.\n\nNotice: Transcripts are machine and human generated and lightly edited for accuracy. They may contain errors.\n\nPresident Donald Trump and the future Mayor of New York City Zohran Mamdani met today at the White House after months of trading insults. In an Oval Office meeting, they were far more civilized, with the president at points praising the mayor-elect, despite their political differences.\n\nI expect to be helping him, not hurting him, a big help, because I want New York City to be great.\n\nZohran Mamdani (D), New York City Mayor-Elect: And what I really appreciate about the president is, the meeting that we had focused not on places of disagreement, which there are many, and also focused on the shared purpose that we have in serving New Yorkers.\n\nBoth said that they will look to work together to improve the nation's largest city.\n\nOur White House correspondent, Liz Landers, has been following today's meeting and joins us now from the White House.\n\nSo, Liz, what happened today in that Oval Office meeting and what was behind the change in tone that we saw, especially from President Trump?\n\nAmna, today was quite the turn of events, especially after these two men have been trading barbs through the media really for months now, in the past, President Trump calling Mamdani a communist, Mamdani in turn calling the president a despot.\n\nToday, a much calmer tone between those two men, indicating that they plan to work together in the future. Mamdani's spokesperson had said before this meeting that this was a customary type of meeting, that the mayor of America's largest city would go meet at the White House with the president and that they were hoping to focus on issues like public safety, economic security and affordability.",
      "source": "PBS NewsHour",
      "time_ago": "11 hours ago",
      "image_url": "/article_images/article_d38d920e35659588_a38bc401ab6a.webp",
      "category": "News"
    },
    {
      "id": "09933dd68236d03f",
      "title": "Geopolitical Strains: Trump's Ultimatum and Ukraine's Sovereignty Crisis",
      "summary": "In a significant development, former President Donald Trump has imposed a Thursday deadline for Ukraine to accept his 28-point peace plan, designed to conclude the war instigated by Russia. This plan necessitates concessions from Ukraine that it has historically opposed, such as territorial adjustments or political compromises, raising questions about the erosion of Ukrainian sovereignty. President Volodymyr Zelenskyy articulated an existential dilemma for his nation: acquiescing to the plan could sacrifice fundamental principles like dignity, freedom, and justice, whereas refusal might jeopardize essential support from the United States, a pivotal ally. Concurrently, Russian President Vladimir Putin has endorsed the proposal, perceiving it as a foundation for a final settlement that could favor Russian interests. The scenario underscores intricate geopolitical maneuvers, where power imbalances and diplomatic coercion play critical roles. Reporting by Stephanie Sy and discussions with experts like Richard Haass illuminate the high-stakes interplay between national integrity and international alliances, prompting reflections on the ethics of external pressure in conflict resolution and the potential long-term implications for global security norms.",
      "source": "PBS NewsHour",
      "time_ago": "12 hours ago",
      "image_url": "/article_images/article_09933dd68236d03f_13d84f6c1314.webp",
      "category": "News"
    },
    {
      "id": "3e49c64840e5c87d",
      "title": "Deconstructing Trump's Political Volatility: An Analysis of Mamdani's Oval Office Encounter",
      "summary": "In this PBS NewsHour segment, political analysts Jonathan Capehart and Matthew Continetti delve into President Trump's mercurial behavior, particularly his stark reversal in treatment of Zohran Mamdani. Initially, Trump denounced Mamdani as a communist and threatened citizenship revocation, yet in an Oval Office meeting, he engaged in what was described as a 'lovefest,' offering effusive praise and defense. Concurrently, Trump labeled six other Democrats as traitors for a social media video, asserting it could merit capital punishment. The analysis probes the underlying motives, such as potential strategic realignments or attempts to manipulate public perception, within the broader context of Trump's presidency, including his hosting of the Saudi crown prince. This examination underscores the complexities of executive leadership, the role of media in political discourse, and the implications for democratic norms. High school students can gain insights into how political figures' actions are scrutinized for consistency, bias, and impact on governance, emphasizing the need for critical thinking in evaluating authoritative sources and understanding the dynamics of power in contemporary politics.",
      "source": "PBS NewsHour",
      "time_ago": "12 hours ago",
      "image_url": "/article_images/article_3e49c64840e5c87d_c8b2e5bc21f5.webp",
      "category": "News"
    }
  ]
}