{
  "articles": [
    {
      "id": "2db69a2b172820e5",
      "title": "Geopolitical Implications of China's Proposed Mega Embassy in the UK",
      "summary": "The United Kingdom is on the verge of approving China's proposal to establish a mega embassy in London, a move that has ignited significant debate amid broader geopolitical tensions. This article examines the anticipated decision, which, while not yet formalized, reflects the complex interplay of diplomatic engagement and national security concerns. Proponents argue that such an embassy could bolster bilateral relations, facilitate trade, and enhance cultural exchanges, aligning with the UK's post-Brexit strategy to forge stronger global partnerships. However, critics highlight risks including potential espionage activities, increased Chinese influence in British affairs, and vulnerabilities in intelligence security. The controversy underscores deeper issues in international relations, such as the balance between openness and protectionism, and the role of embassies in modern statecraft. BBC News sources this report from governmental insiders and analysts, providing a snapshot of the deliberations. This development must be contextualized within historical Sino-British relations, marked by cooperation and friction, and contemporary challenges like technological competition and human rights disputes. A critical analysis reveals the necessity for transparent decision-making processes and robust oversight to mitigate risks while pursuing diplomatic advantages.",
      "source": "BBC News",
      "time_ago": "16 hours ago",
      "image_url": "/article_images/article_2db69a2b172820e5_86773e8c7550.jpg",
      "category": "News"
    },
    {
      "id": "897b53af352a5be5",
      "title": "Strategic Omission of Fossil Fuels in COP30 Draft Agreement Sparks Diplomatic Tensions",
      "summary": "The COP30 climate summit has witnessed a contentious debate surrounding the role of fossil fuels in the draft agreement, leading to the strategic removal of any explicit mentions. This development underscores the deep divisions among nations, with developed countries often pushing for ambitious phase-out targets, while developing nations highlight the need for energy security and economic growth. The omission is interpreted as a calculated negotiating tactic to facilitate broader consensus by deferring contentious issues, reflecting the complexities of international climate diplomacy. Such maneuvers can either pave the way for a more robust final accord or risk diluting commitments essential for limiting global warming to 1.5°C. The implications extend beyond the summit, influencing global policy trajectories and the urgency of transitioning to renewable energy sources amid escalating climate impacts.",
      "source": "BBC News",
      "time_ago": "16 hours ago",
      "image_url": "/article_images/article_897b53af352a5be5_418afdee2348.jpg",
      "category": "News"
    },
    {
      "id": "dd35a88a945958ff",
      "title": "Institutional Accountability: Coast Guard's Policy Revision on Hate Symbols Amid Public Scrutiny",
      "summary": "The U.S. Coast Guard's recent policy revision regarding hate symbols, specifically swastikas and nooses, serves as a case study in institutional responsiveness to public discourse. Initially, the Coast Guard intended to classify these symbols as 'potentially divisive,' a terminology that drew sharp criticism from lawmakers and advocacy groups for its perceived minimization of the symbols' associations with historical violence, such as Nazi atrocities and racial lynching. In the wake of this outcry, the Coast Guard promptly enacted a more stringent policy, underscoring the impact of public and political pressure on governmental entities. This episode raises questions about the role of language in policy-making, the mechanisms of accountability in public institutions, and the broader societal challenges in addressing hate speech and symbols. It illustrates how media exposure and advocacy can catalyze change, while also highlighting potential vulnerabilities in initial policy formulations that may overlook nuanced historical contexts.",
      "source": "PBS NewsHour",
      "time_ago": "16 hours ago",
      "image_url": "/article_images/article_dd35a88a945958ff_fda9a1c7a16d.jpg",
      "category": "News"
    },
    {
      "id": "69ca306cc4805743",
      "title": "Resilience and Solidarity: Analyzing the Miss Universe Bullying Controversy",
      "summary": "The Miss Universe pageant recently witnessed a significant episode where Fátima Bosch Fernández from Mexico secured the crown, but her triumph was overshadowed by a controversy stemming from bullying by a local organizer. The incident began with sharp criticisms directed at Fátima, which many interpreted as verbal harassment, leading to a walkout by participants and attendees. This act of protest was coupled with expressions of feminist solidarity, emphasizing the broader struggle for gender equality and respect in competitive environments. The organizer subsequently offered a tearful and melodramatic apology, acknowledging the detrimental impact of his actions. Fátima's ability to persevere and ultimately win the title underscores themes of resilience and the power of collective support in confronting injustice. This event not only highlights personal courage but also raises questions about the ethics and pressures within beauty pageants, reflecting societal issues such as bullying, power dynamics, and the role of public figures in advocating for change. The coverage by PBS NewsHour provides a lens through which to examine how media narratives shape public perception of such incidents.",
      "source": "PBS NewsHour",
      "time_ago": "17 hours ago",
      "image_url": "/article_images/article_69ca306cc4805743_eaf04cf87b57.jpg",
      "category": "News"
    },
    {
      "id": "d45bae2dcbd2f0da",
      "title": "The curious case of why Poundland is struggling during a cost-of-living crisis",
      "summary": "Why - in an age where so many of us are feeling the financial pinch - are some budget shops on UK high streets having such a tough time?",
      "source": "BBC News",
      "time_ago": "23 hours ago",
      "image_url": "/article_images/article_d45bae2dcbd2f0da_ac5f5ef181ae.webp",
      "category": "News"
    },
    {
      "id": "2a70b83d9e5d4572",
      "title": "Legal and Ethical Implications of Pras Michel's Campaign Finance Violation",
      "summary": "Pras Michel, the Grammy-winning rapper from the Fugees, has been sentenced to 14 years in prison for his conviction in a high-profile case involving the illegal funneling of millions in foreign contributions to Barack Obama's 2012 reelection campaign. This incident underscores significant breaches of U.S. campaign finance regulations, specifically laws that bar foreign nationals from influencing federal elections to safeguard democratic processes. The conviction emerged from extensive legal proceedings that demonstrated Michel's role in channeling funds from overseas, potentially compromising electoral integrity. This sentencing not only highlights the stringent enforcement of such laws but also raises broader questions about the intersection of celebrity, politics, and legal accountability. It serves as a critical example of how financial misconduct in political campaigns can lead to severe penalties, reflecting ongoing efforts to maintain transparency and fairness in the electoral system. The case has sparked debates on the efficacy of current laws and the need for vigilant oversight to prevent similar infractions in the future.",
      "source": "PBS NewsHour",
      "time_ago": "1 day ago",
      "image_url": "/article_images/article_2a70b83d9e5d4572_e14ad4386cc8.jpg",
      "category": "News"
    }
  ]
}