{
  "articles": [
    {
      "id": "836b4a1582aae819",
      "title": "Ukraine's allies voice concerns over US plan to end war",
      "summary": "Ukraine's allies have voiced concerns over a US plan to end the Russia-Ukraine war, saying draft proposals are \"a basis which will require additional work\".\n\nIn a joint statement at the G20 summit in South Africa, they said the plan \"includes important elements that will be essential for a just and lasting peace\", but cited concerns over borders and limitations on Ukraine's armed forces.\n\nIt comes a day after Ukrainian President Volodymyr Zelensky warned Kyiv faced \"one of the most difficult moments in our history\" over pressure to accept the plan - leaked details of which have been seen as favourable to Moscow.\n\nUS President Donald Trump has given Ukraine until 27 November to accept the 28-point plan, while Russia's President Vladimir Putin said it could be the \"basis\" for a settlement.\n\nSaturday's joint statement was signed by the leaders of Canada, Finland, France, Ireland, Italy, Japan, the Netherlands, Spain, the UK, Germany and Norway. Two top EU officials also signed it.\n\nThe statement said: \"We are ready to engage in order to ensure that a future peace is sustainable. We are clear on the principle that borders must not be changed by force.\n\n\"We are also concerned by the proposed limitations on Ukraine's armed forces, which would leave Ukraine vulnerable to future attack.\"\n\nIt added: \"The implementation of elements relating to the European Union and relating to Nato would need the consent of EU and Nato members respectively\".\n\nThe widely leaked US peace plan proposes Ukrainian troops withdraw from the part of the eastern Donetsk region that they currently control, and de facto Russian control of Donetsk, as well as the neighbouring Luhansk region and the southern Crimea peninsula annexed by Russia in 2014.\n\nThe plan also includes freezing the borders of Ukraine's southern Kherson and Zaporizhzhia regions along the current battle lines. Both regions are partially occupied by Russia.\n\nThe US draft would also limit Ukraine's military to 600,000 personnel, with European fighter jets stationed in neighbouring Poland.\n\nKyiv would receive \"reliable security guarantees\", the plan says, although no details have been given. The document says \"it is expected\" that Russia will not invade its neighbours and Nato will not expand further.\n\nThe plan also suggests Russia will be \"reintegrated into the global economy\", through the lifting of sanctions and by inviting Russia to rejoin the G7 group of the world's most powerful countries - making it the G8 again.\n\nOn Friday, Trump said Zelensky would \"have to like\" the US proposals, adding otherwise Ukraine and Russia would continue fighting.\n\nEarlier in the day, the Ukrainian leader addressed the nation with a stark warning that the country \"might face a very difficult choice: either losing dignity, or risk losing a key partner\".",
      "source": "BBC News",
      "time_ago": "3 hours ago",
      "image_url": "/article_images/article_836b4a1582aae819_811fceeed994.webp",
      "category": "News"
    },
    {
      "id": "c8628e54ecc0434f",
      "title": "Reeves's Budget Plan Amidst Doubts and Challenges",
      "summary": "Chancellor Rachel Reeves is finalizing her budget after months of preparation, focusing on three key priorities: reducing the cost of living, cutting NHS waiting lists, and lowering the national debt. The process began in July with meetings where Reeves emphasized strategic planning over traditional spreadsheets. Her team is optimistic about achieving these goals, but there is significant fear within her party and skepticism from opponents and business groups. Critics argue that political constraints, high existing taxes, and large debts may hinder the budget's success. Reeves has acknowledged the difficult economic situation inherited from previous governments, but expectations are high for improvements. The budget's announcement is imminent, and it will test her ability to balance public service spending with fiscal responsibility.",
      "source": "BBC News",
      "time_ago": "5 hours ago",
      "image_url": "/article_images/article_c8628e54ecc0434f_2e427015ed81.webp",
      "category": "News"
    },
    {
      "id": "850128e8cb325c20",
      "title": "Media Merger: Daily Mail Publisher Acquires Telegraph",
      "summary": "The Daily Mail and General Trust (DMGT) has agreed to purchase the Daily and Sunday Telegraph for £500 million, marking a significant consolidation in the UK media industry. This deal follows the collapse of RedBird Capital's bid and involves discussions with RedBird IMI, a joint venture between the UAE and US firms. Approval from Culture Secretary Lisa Nandy is required under public interest and foreign influence regulations. DMGT's chairman, Lord Rothermere, expressed admiration for the Telegraph, pledging editorial independence and investment to enhance its global presence. However, the Liberal Democrats have raised concerns about media concentration, urging regulators to scrutinize the deal to prevent an unbalanced market. The companies aim for a swift completion, emphasizing compliance with UK laws and no foreign state involvement in funding.",
      "source": "BBC News",
      "time_ago": "6 hours ago",
      "image_url": "/article_images/article_850128e8cb325c20_e9a402179dfa.webp",
      "category": "News"
    },
    {
      "id": "0dd60ce99301b3dd",
      "title": "Examining the Ethics and Evidence in the New Puberty Blockers Trial",
      "summary": "A new clinical trial in the UK, named Pathway, is set to begin to assess the risks and benefits of puberty-blocking drugs for children under 16 experiencing gender incongruence. This study follows a UK-wide ban imposed last year after the Cass review highlighted insufficient evidence on the safety of these drugs for minors. The trial will involve approximately 220 participants and will evaluate impacts on physical health, social interactions, emotional wellbeing, and even brain development—a first in this field. Researchers from King's College London, led by Prof Emily Simonoff, emphasize that the goal is not to find a universal solution but to balance potential mental health benefits against possible harms. However, the trial faces ethical questions from some clinicians and campaigners who doubt its appropriateness. Participants must undergo rigorous screening, and the drugs can only be administered as part of this research due to the ban. This initiative aims to address gaps in knowledge and provide clearer guidance for gender care.",
      "source": "BBC News",
      "time_ago": "6 hours ago",
      "image_url": "/article_images/article_0dd60ce99301b3dd_e567c2e94346.webp",
      "category": "News"
    },
    {
      "id": "677e35fad0e73c42",
      "title": "Texas Appeals to Supreme Court on Redistricting Dispute",
      "summary": "Texas has requested an emergency order from the Supreme Court to implement a congressional redistricting plan that favors Republicans in the 2026 elections, despite a federal court ruling that it likely involves racial discrimination. The state argues that this move is necessary to prevent confusion as primary elections approach in March, citing precedents where the Supreme Court intervened in similar cases in Alabama and Louisiana. The redistricting map, developed under Trump's influence to secure Republican House majority, aims to add five GOP seats, but a judicial panel found it discriminatory against Black and Hispanic voters. If upheld, Texas may revert to the 2021 map. This case is part of a national redistricting battle, with other states like Missouri and North Carolina facing court challenges, and it intersects with broader legal questions under the Voting Rights Act.",
      "source": "PBS NewsHour",
      "time_ago": "18 hours ago",
      "image_url": "/article_images/article_677e35fad0e73c42_e10c7192df20.webp",
      "category": "News"
    },
    {
      "id": "d38d920e35659588",
      "title": "Trump and Mamdani meet in Oval Office after months of trading insults",
      "summary": "President Trump and the future mayor of New York City, Zohran Mamdani, met at the White House after months of trading insults. In an Oval Office meeting, they were far more civilized, with the president at times praising the mayor-elect despite their political differences. Both said they’ll look to work together to improve the nation’s largest city. Liz Landers reports from the White House.\n\nNotice: Transcripts are machine and human generated and lightly edited for accuracy. They may contain errors.\n\nPresident Donald Trump and the future Mayor of New York City Zohran Mamdani met today at the White House after months of trading insults. In an Oval Office meeting, they were far more civilized, with the president at points praising the mayor-elect, despite their political differences.\n\nI expect to be helping him, not hurting him, a big help, because I want New York City to be great.\n\nZohran Mamdani (D), New York City Mayor-Elect: And what I really appreciate about the president is, the meeting that we had focused not on places of disagreement, which there are many, and also focused on the shared purpose that we have in serving New Yorkers.\n\nBoth said that they will look to work together to improve the nation's largest city.\n\nOur White House correspondent, Liz Landers, has been following today's meeting and joins us now from the White House.\n\nSo, Liz, what happened today in that Oval Office meeting and what was behind the change in tone that we saw, especially from President Trump?\n\nAmna, today was quite the turn of events, especially after these two men have been trading barbs through the media really for months now, in the past, President Trump calling Mamdani a communist, Mamdani in turn calling the president a despot.\n\nToday, a much calmer tone between those two men, indicating that they plan to work together in the future. Mamdani's spokesperson had said before this meeting that this was a customary type of meeting, that the mayor of America's largest city would go meet at the White House with the president and that they were hoping to focus on issues like public safety, economic security and affordability.",
      "source": "PBS NewsHour",
      "time_ago": "18 hours ago",
      "image_url": "/article_images/article_d38d920e35659588_a38bc401ab6a.webp",
      "category": "News"
    }
  ]
}