{
  "articles": [
    {
      "id": "a3e9a0aa520420ba",
      "title": "向石玫瑰和原始尖叫乐队贝斯手Mani致敬：'绝对最佳之一'",
      "summary": "这篇文章报道了石玫瑰和原始尖叫乐队的贝斯手Gary 'Mani' Mounfield在63岁去世的消息。他的乐队成员称他为'我们美妙的兄弟'，并表达了深切的敬意。Mani在曼彻斯特音乐场景中扮演了关键角色，他的乐队在20世纪80年代和90年代通过独特的独立摇滚声音影响了音乐界。文章旨在纪念他的生活和贡献，探讨他对摇滚音乐的持久影响，以及他的去世在音乐社区中引起的情感共鸣。通过分享这些回忆，它帮助读者理解Mani的艺术遗产和他在文化历史中的地位。",
      "source": "BBC Entertainment",
      "time_ago": "22 hours ago",
      "image_url": "/article_images/article_a3e9a0aa520420ba_5e9469153470.jpg",
      "category": "Fun"
    },
    {
      "id": "f51f78e28de52e6f",
      "title": "欧洲歌唱大赛在以色列投票争议后加强规则",
      "summary": "欧洲歌唱大赛在涉及以色列的投票争议后，实施了新的规则，限制政府主导的宣传活动和每位粉丝的投票数量。这些措施旨在解决投票过程中的不公平问题，维护比赛的诚信。欧洲歌唱大赛作为一个重要的国际文化赛事，一直致力于通过音乐促进团结，但近年来因投票偏见和政治影响而受到批评。新规则针对政府宣传活动和粉丝投票上限，以防止操纵结果，确保比赛结果基于艺术价值而非外部压力。这一调整反映了组织方欧洲广播联盟对投票过程信任度下降的担忧，希望通过加强监管来提升公信力。然而，规则的有效性取决于执行情况和持续评估，突显了全球娱乐活动中娱乐、政治与公平之间复杂的相互作用。",
      "source": "BBC Entertainment",
      "time_ago": "22 hours ago",
      "image_url": "/article_images/article_f51f78e28de52e6f_9b1255c8244a.jpg",
      "category": "Fun"
    },
    {
      "id": "d3cd960f4baf06cc",
      "title": "《舞动奇迹》明星因涉嫌强奸被捕",
      "summary": "赫特福德郡警方宣布，一名来自热门电视节目《舞动奇迹》的著名舞者因涉嫌强奸而被逮捕。随后，该男子被保释释放，但调查仍在进行中。这一事件引起了广泛媒体关注，因为涉案者是公众人物，凸显了名人文化与司法系统的交集。在英国法律体系中，嫌疑人被推定无罪直至在法庭上被证明有罪，保释是一种平衡个人自由与调查需要的机制。警方可能正在采用标准调查方法，如收集证据和询问证人，以核实指控的真实性。此案例说明了法律执行、媒体报道对公众认知的影响，以及处理敏感犯罪时的伦理考量。对于学生而言，这有助于理解司法程序、媒体责任和社会对性犯罪问题的关注，强调公正法律过程在维护正义中的重要性。",
      "source": "BBC Entertainment",
      "time_ago": "1 day ago",
      "image_url": "/article_images/article_d3cd960f4baf06cc_d567619a7f4c.jpg",
      "category": "Fun"
    },
    {
      "id": "7c17da668125efbe",
      "title": "Germany win thriller to set up semi against Spain",
      "summary": "Germany complete a remarkable comeback to beat Argentina in a thrilling doubles decider and set up a Davis Cup semi-final against Spain.",
      "source": "BBC Tennis",
      "time_ago": "1 day ago",
      "image_url": "/article_images/article_7c17da668125efbe_83847e8f4be1.jpg",
      "category": "Fun"
    },
    {
      "id": "5db2fbdfda8a9ca2",
      "title": "身体还是排名：博尔特在澳大利亚公开赛的两难抉择",
      "summary": "英国网球选手凯蒂·博尔特表示，在争夺一月份澳大利亚公开赛正赛资格的过程中，她感到必须在“身体和排名之间做出选择”。这一困境凸显了职业运动员在竞技体育中面临的巨大压力。澳大利亚公开赛是四大满贯赛事之一，球员需要通过比赛积累排名积分才能直接进入正赛，但过度参赛可能导致伤病，危及职业生涯。博尔特的情况反映了网球运动中普遍存在的问题，即运动员往往为了短期成绩而牺牲健康。这篇文章来自BBC网球，揭示了职业体育背后的个人挣扎，强调平衡和支援系统对帮助运动员应对此类挑战的重要性。",
      "source": "BBC Tennis",
      "time_ago": "1 day ago",
      "image_url": "/article_images/article_5db2fbdfda8a9ca2_84fb7517f5c7.jpg",
      "category": "Fun"
    },
    {
      "id": "6c9d7fd8d6404789",
      "title": "儿童救助基金会主席因车祸定罪辞职",
      "summary": "特伦斯·达迪作为BBC儿童救助基金会的主席，在驾车撞上一名骑自行车者后被定罪，因此辞职。这一事件突显了慈善机构领导人的责任，以及个人行为如何影响其角色。定罪可能源于法庭判定他有罪，强调了问责制的重要性。结果，已任命接替者以确保该基金会继续支持弱势儿童的使命不受干扰。这种情况提醒公众人物需遵守高标准，法律问题可能导致其职业生涯的重大后果。",
      "source": "BBC Entertainment",
      "time_ago": "1 day ago",
      "image_url": "/article_images/article_6c9d7fd8d6404789_39af533afd99.webp",
      "category": "Fun"
    }
  ]
}