{
  "articles": [
    {
      "id": "df58e3ba35ae334b",
      "title": "Critical Examination of Black Friday Deal Curation in the UK Market",
      "summary": "This article offers an in-depth analysis of the current Black Friday sales landscape in the UK, authored by a senior deals editor at TechRadar with extensive experience in consumer electronics and sales events. It meticulously curates over 100 deals across diverse categories such as televisions, laptops, appliances, and wearables, emphasizing products from prominent brands like Sony, Ninja, and Garmin. Specific instances include the Sony WF-C700N earbuds priced at £55, praised for their noise-cancellation and battery life, and the PlayStation 5 Pro at a historic low, highlighting trends in digital gaming. The piece underscores the early onset of this year's Black Friday, suggesting a shift in retail strategies, and integrates affiliate commission disclosures, reflecting modern digital monetization practices. By drawing on the editor's decade-long expertise and TechRadar's testing protocols, the article aims to empower consumers with reliable, value-driven recommendations while navigating potential biases from commercial partnerships. This comprehensive guide not only lists deals but also contextualizes them within broader economic and consumer behavior patterns, making it a valuable resource for informed decision-making in a competitive market.",
      "source": "TechRadar",
      "time_ago": "3 hours ago",
      "image_url": "/article_images/article_df58e3ba35ae334b_a319e40cee44.webp",
      "category": "Science"
    },
    {
      "id": "dff4046bec191977",
      "title": "Analyzing Quordle Hints: Media Strategy and Puzzle Dynamics",
      "summary": "This TechRadar article delves into the intricacies of Quordle, a enduring word puzzle game that has evolved from the Wordle phenomenon, offering hints and solutions for game #1399 on November 23. It meticulously outlines clues such as the presence of five distinct vowels, one answer with a repeated letter, and the absence of letters Q, Z, X, or J, enabling players to deduce answers through logical reasoning. The piece integrates spoiler warnings to preserve the gaming experience and discusses affiliate commissions, highlighting its role in digital media monetization. By referencing other puzzles like NYT Connections and Strands, it positions Quordle within a broader ecosystem of word games, appealing to enthusiasts seeking cognitive challenges. The analysis underscores how such articles not only aid in skill development but also reflect trends in online content creation, where user engagement and revenue generation are balanced. Ultimately, it serves as a case study in how gaming journalism supports community interaction while navigating ethical considerations in spoiler management.",
      "source": "TechRadar",
      "time_ago": "3 hours ago",
      "image_url": "/article_images/article_dff4046bec191977_acb8a7762077.webp",
      "category": "Science"
    },
    {
      "id": "8b904ac1f4832caf",
      "title": "Leveraging AI for Enhanced Dietary Management and Meal Strategy",
      "summary": "This article delves into the utilization of ChatGPT, an advanced artificial intelligence model, to facilitate healthier eating habits through systematic meal planning. It addresses the complexities individuals face in maintaining a balanced diet, such as time constraints and motivational dips, by highlighting AI's capacity to generate tailored meal plans. For example, users can input specific criteria like calorie limits, dietary restrictions, or available ingredients, and receive comprehensive outputs including recipes, nutritional breakdowns, and shopping lists. The author conducted practical tests, such as requesting high-fiber dinners and batch-cooking schedules, resulting in feasible suggestions like lentil curry and chili, which demonstrate AI's adaptability. Furthermore, the concept of reverse planning—using existing ingredients to minimize food waste—is explored, illustrating how AI can optimize resource use. The piece also touches on nutritional tracking, where ChatGPT assists in balancing macronutrients for goals like high-protein vegetarian diets, acting as a cost-effective alternative to professional dietitians. Overall, the article underscores AI's role in democratizing access to personalized nutrition advice, though it notes limitations in the depth of scientific validation.",
      "source": "TechRadar",
      "time_ago": "3 hours ago",
      "image_url": "/article_images/article_8b904ac1f4832caf_3fccffd72a55.webp",
      "category": "Science"
    },
    {
      "id": "557cc089be3a181e",
      "title": "An In-Depth Analysis of Refurbished iPad Purchases During Black Friday",
      "summary": "This article from TechRadar provides a detailed argument advocating for the purchase of refurbished iPads, particularly in the context of Black Friday sales. The author draws on personal expertise from years of covering tech deals, recounting their own positive experience with a refurbished iPad Pro bought from Apple's official store. Key points include the substantial cost savings compared to new models, with refurbished items often featuring deeper discounts. The piece highlights the rigorous refurbishment process, which involves professional servicing, testing, and part replacements to ensure high functionality, distinguishing it from mere pre-owned goods. Environmental considerations are emphasized, citing the World Health Organization's concerns about e-waste and the benefits of circular economy practices. Additionally, the author notes that refurbished markets offer access to discontinued models and anecdotal evidence of superior deals. Personal testimony over three years of use underscores reliability, with the battery maintaining performance and no significant issues arising. The article also touches on avoiding unnecessary modern features, suggesting that older models suffice for many users. While persuasive, it primarily relies on subjective experiences and affiliate incentives, calling for critical evaluation of its recommendations.",
      "source": "TechRadar",
      "time_ago": "3 hours ago",
      "image_url": "/article_images/article_557cc089be3a181e_10103f58e2ba.webp",
      "category": "Science"
    },
    {
      "id": "2e493042339037c5",
      "title": "Reevaluating Earthquake Physics Through Rapid Fault Healing Mechanisms",
      "summary": "A groundbreaking study from the University of California, Davis, published in Science Advances, demonstrates that deep-seated earthquake faults possess the capacity for rapid self-healing within hours following seismic disturbances, fundamentally challenging conventional models of fault rheology. This research investigates slow slip events (SSEs), characterized by gradual, aseismic movements that relieve accumulated stress over extended periods, in contrast to the abrupt energy release of typical earthquakes. By analyzing seismic data from the Cascadia Subduction Zone—a tectonically active region where the Juan de Fuca plate subducts beneath the North American plate—the team observed recurrent slip episodes indicating swift stress restoration, potentially influenced by tidal forces and oceanic loading. Laboratory simulations, employing quartz powder subjected to 1 Gigapascal of pressure and 500 degrees Celsius, replicated post-SSE conditions, with analyses via soundwave velocity measurements and electron microscopy revealing microstructural healing. These findings imply that current seismic hazard assessments may overlook critical recovery processes, urging a paradigm shift in earthquake forecasting and risk mitigation strategies.",
      "source": "Science Daily",
      "time_ago": "10 hours ago",
      "image_url": "/article_images/article_2e493042339037c5_912bdf4c74b1.webp",
      "category": "Science"
    },
    {
      "id": "70f11ca0bfbc5b9b",
      "title": "Cardiovascular Consequences of Low-Intensity Smoking: A Meta-Analytical Perspective",
      "summary": "An extensive meta-analysis of longitudinal studies demonstrates that low-intensity smoking, defined as consuming two to five cigarettes daily, is associated with a substantially elevated risk of cardiovascular disease and all-cause mortality. Conducted by Michael Blaha and colleagues at the Johns Hopkins Ciccarone Center, the research synthesized data from 22 studies involving over 300,000 adults, with follow-up periods extending to 19.9 years. Findings indicate a 50% increase in heart failure incidence and a 60% rise in mortality risk among light smokers compared to never-smokers. Notably, the cardiovascular risk reduction is most pronounced within the first decade after cessation but remains elevated for up to three decades relative to non-smokers. The study emphasizes that harm reduction strategies focusing solely on reducing cigarette consumption are inadequate; instead, complete abstinence initiated at a younger age is paramount for mitigating long-term health detriments. This research fills a critical gap in the literature by quantifying the persistent risks of light smoking and reinforces the imperative for comprehensive public health interventions targeting early smoking cessation.",
      "source": "Science Daily",
      "time_ago": "13 hours ago",
      "image_url": "/article_images/article_70f11ca0bfbc5b9b_8a41ab985b91.webp",
      "category": "Science"
    }
  ]
}