{
  "articles": [
    {
      "id": "2db69a2b172820e5",
      "title": "英国预计批准中国大型使馆计划",
      "summary": "英国政府即将决定是否批准中国在伦敦建造一座大型新使馆的计划。这一项目引发争议，主要涉及国家安全、外交影响和建筑规模等问题。尽管最终决定尚未正式做出，但根据当前讨论，预计会获得批准。该使馆将作为中国外交活动的中心，可能加强双边关系，但也引起批评者的担忧，他们害怕间谍活动或政治压力的增加。这种情况凸显了国际关系的复杂性，在经济利益与安全风险之间需要取得平衡。BBC新闻报告了这一进展，强调了持续的审议和可能对英中关系产生的影响。理解此类问题需要了解使馆的功能以及两国间外交争端的历史背景。文章基于政府内部人士和分析师的信息，提供了决策过程的概览，但读者应参考多方观点以形成全面看法。",
      "source": "BBC News",
      "time_ago": "16 hours ago",
      "image_url": "/article_images/article_2db69a2b172820e5_86773e8c7550.jpg",
      "category": "News"
    },
    {
      "id": "897b53af352a5be5",
      "title": "联合国气候峰会草案删除化石燃料提及",
      "summary": "在COP30气候峰会上，各国就化石燃料在草案协议中的提及爆发了争议。一些国家主张逐步淘汰化石燃料以应对气候变化，而另一些国家出于经济考虑表示反对。草案中删除相关内容的做法被视为一种谈判策略，旨在促成更广泛的共识。这反映了全球气候外交中的复杂挑战，需要在环境目标与经济利益之间取得平衡。此次谈判的结果可能影响国际减排努力和应对气候危机的进程。",
      "source": "BBC News",
      "time_ago": "16 hours ago",
      "image_url": "/article_images/article_897b53af352a5be5_418afdee2348.jpg",
      "category": "News"
    },
    {
      "id": "dd35a88a945958ff",
      "title": "海岸警卫队计划改变对纳粹标志和绞索的描述，随后引发抗议并更新政策",
      "summary": "美国海岸警卫队最近发布了一项更严格的政策，针对纳粹标志和绞索等仇恨符号的展示。此前，有消息透露，海岸警卫队曾计划将这些符号描述为“可能引起分歧”，这一术语引发了立法者和倡导者的强烈抗议。他们认为这种描述弱化了这些符号与历史暴力和歧视的联系，如纳粹暴行和种族私刑。在公众压力下，海岸警卫队迅速调整了政策，以更明确的方式谴责这些符号。这一事件展示了公众舆论如何影响机构决策，强调了在反仇恨工作中使用准确语言的重要性，以及媒体和公众人物在监督公共机构方面的作用。",
      "source": "PBS NewsHour",
      "time_ago": "16 hours ago",
      "image_url": "/article_images/article_dd35a88a945958ff_fda9a1c7a16d.jpg",
      "category": "News"
    },
    {
      "id": "69ca306cc4805743",
      "title": "墨西哥选手在抵制选美欺凌后赢得环球小姐桂冠",
      "summary": "在最近的环球小姐选美比赛中，来自墨西哥的法蒂玛·博世·费尔南德斯赢得了桂冠，但她的胜利伴随着一场争议。事件始于一名当地组织者对法蒂玛进行了尖锐的批评，许多人认为这是欺凌行为。这一事件引发了部分参与者和观众的离场抗议，展示了女权主义团结，以支持法蒂玛。组织者后来流着泪戏剧性地道歉，承认了自己的行为造成的伤害。法蒂玛在逆境中的坚韧突出了在竞争环境中抵制不公正的重要性。她的胜利不仅庆祝了个人成就，还传递了关于在这些活动中需要尊重和平等的强烈信息。这个故事强调了公众人物如何影响社会问题并激发变革，反映了欺凌、权力动态和集体支持在解决冲突中的作用。",
      "source": "PBS NewsHour",
      "time_ago": "17 hours ago",
      "image_url": "/article_images/article_69ca306cc4805743_eaf04cf87b57.jpg",
      "category": "News"
    },
    {
      "id": "d45bae2dcbd2f0da",
      "title": "The curious case of why Poundland is struggling during a cost-of-living crisis",
      "summary": "Why - in an age where so many of us are feeling the financial pinch - are some budget shops on UK high streets having such a tough time?",
      "source": "BBC News",
      "time_ago": "23 hours ago",
      "image_url": "/article_images/article_d45bae2dcbd2f0da_ac5f5ef181ae.webp",
      "category": "News"
    },
    {
      "id": "2a70b83d9e5d4572",
      "title": "说唱歌手Pras Michel因向奥巴马竞选非法捐款被判14年监禁",
      "summary": "格莱美奖得主、Fugees乐队成员说唱歌手Pras Michel因在2012年前总统巴拉克·奥巴马连任竞选期间非法输送数百万美元外国捐款而被判14年监禁。此案凸显了美国竞选财务法的违规行为，这些法律禁止外国国民向联邦选举捐款，以防止不当影响。判决基于法庭证据，显示Michel作为外国资金的渠道，损害了民主进程的完整性。这一事件引起公众关注，引发对名人参与政治及选举法执行的讨论。案例强调了遵守法律的重要性，以维护选举的公平和透明。",
      "source": "PBS NewsHour",
      "time_ago": "1 day ago",
      "image_url": "/article_images/article_2a70b83d9e5d4572_e14ad4386cc8.jpg",
      "category": "News"
    }
  ]
}