{
  "articles": [
    {
      "id": "cdc0ca4af11c6097",
      "title": "Strategic Triumph: Spain Secures Davis Cup Final Berth Against Italy in Hard-Fought Semifinal",
      "summary": "Spain has advanced to the Davis Cup final after a grueling semifinal victory over Germany, secured through a decisive doubles match that underscored the team's depth and tactical prowess. The encounter began favorably for Spain with Pablo Carreno Busta's straight-sets win over Jan-Lennard Struff in the opening singles, establishing an early lead. However, Germany's Alexander Zverev, leveraging his world number three ranking, mounted a resilient comeback by defeating Jaume Munar, thereby equalizing the tie and necessitating a doubles decider. In this critical juncture, the Spanish duo of Marcel Granollers and Pedro Martinez—reprising their pivotal role from the quarter-finals—delivered a composed performance to overcome Kevin Krawietz and Tim Puetz in a three-set battle, finishing 6-2, 3-6, 6-3. This achievement marks Spain's first final appearance since 2019, as they pursue a record-tying seventh Davis Cup title, albeit without the services of injured world number one Carlos Alcaraz, which tests their squad resilience. The final in Bologna will pit them against Italy, the two-time defending champions, who earned their place by defeating Belgium and are also contending with absences of top-ranked players Jannik Sinner and Lorenzo Musetti. Historically, this final represents the first Davis Cup clash between Spain and Italy in 19 years, with team captains David Ferrer and Filippo Volandri having competed in the 2006 play-offs. Ferrer's post-match reflections emphasized pride in his team's tenacity and the necessity of preparation for the formidable Italian opposition, highlighting the strategic dimensions and emotional stakes involved in this high-profile international tennis spectacle.",
      "source": "BBC Tennis",
      "time_ago": "1 hour ago",
      "image_url": "/article_images/article_cdc0ca4af11c6097_623b335ae585.webp",
      "category": "Fun"
    },
    {
      "id": "dd95e8a1e2250f93",
      "title": "Paul Costelloe: A Critical Examination of His Fashion Legacy and Controversies",
      "summary": "Paul Costelloe, an esteemed Irish fashion designer, died at 80 in London after a short illness, as confirmed by his family's statement. Born in Dublin, he leveraged his education at the Grafton Academy of Fashion Design and advanced studies at Paris's Chambre Syndicale de la Haute Couture to build a distinguished career. Founding Paul Costelloe Collections in 1979, he regularly presented at premier fashion weeks in London, Paris, Milan, and New York, cementing his international reputation. A pivotal element of his legacy was his appointment as personal designer to Diana, Princess of Wales, from 1983 to 1997, which amplified his influence and visibility. Costelloe integrated traditional Irish fabrics like linen and tweed into his designs, fostering a unique aesthetic and collaborating with entities such as Dunnes Stores. However, his career was marred by controversy in 1998 due to remarks alleging that Irish women lacked innate style, though he later contextualized this by noting Ireland's European evolution in a recent RTÉ interview. Taoiseach Micheál Martin's eulogy highlighted Costelloe as an icon who elevated Irish fashion globally, underscoring his enduring impact amid the complexities of his public statements and the evolving fashion industry.",
      "source": "BBC Entertainment",
      "time_ago": "3 hours ago",
      "image_url": "/article_images/article_dd95e8a1e2250f93_16b56b693b58.webp",
      "category": "Fun"
    },
    {
      "id": "850128e8cb325c20",
      "title": "Strategic Acquisition in UK Media: DMGT's Purchase of the Telegraph",
      "summary": "The Daily Mail and General Trust (DMGT) has secured an agreement to acquire the Daily and Sunday Telegraph for £500 million, a move that could reshape the British media industry. This development occurs after the failure of RedBird IMI's bid, a consortium comprising the United Arab Emirates and RedBird Capital Partners, highlighting complexities in media mergers involving foreign entities. Culture Secretary Lisa Nandy must approve the transaction under the UK's public interest and foreign state influence frameworks, ensuring media plurality and editorial integrity. The Telegraph has been in limbo for over two years, following RedBird IMI's debt repayment strategy aimed at ownership, which underscores the precarious nature of media ownership transitions. Dame Caroline Dineage, chair of the House of Commons Culture, Media and Sport Committee, has called for a swift resolution to alleviate business and staff uncertainties, while acknowledging the government's quasi-judicial role in such proceedings. DMGT's chairman, Lord Rothermere, has articulated a vision of editorial independence and global expansion for the Telegraph, emphasizing investment in journalism and compliance with UK regulations to avoid foreign capital implications. This acquisition integrates the Telegraph into DMGT's diverse portfolio, potentially influencing market dynamics and public discourse.",
      "source": "BBC Entertainment",
      "time_ago": "7 hours ago",
      "image_url": "/article_images/article_850128e8cb325c20_e9a402179dfa.webp",
      "category": "Fun"
    },
    {
      "id": "0f67b3de7a9298a0",
      "title": "Radiohead's London Concert: A Critical Analysis of Musical Resurgence",
      "summary": "Radiohead's performance at London's O2 Arena represented a significant cultural event, marking their first UK concert in 99 months and a decade since their last album release. The band, fronted by Thom Yorke, executed a meticulously curated setlist that traversed their extensive discography, from the guitar-driven anthems of 'The Bends' to the electronic intricacies of 'Kid A' and the ethereal soundscapes of 'A Moon Shaped Pool'. Despite minor technical imperfections, such as timing and tuning issues that hinted at possible rustiness from their hiatus, the concert was largely acclaimed for its emotional depth and musical innovation. Tracks like '2+2=5' were contextualized within contemporary political upheavals, adding layers of relevance, while the rhythm section, bolstered by session musician Chris Vatalaro, demonstrated exceptional prowess in creating complex, danceable grooves. The audience's subdued yet unified response to challenging rhythms in '15 Step' contrasted with the euphoria elicited by crowd-pleasers like 'Lucky' and 'No Surprises', illustrating the band's ability to balance experimentalism with accessibility. This event not only reaffirmed Radiohead's enduring influence in the music industry but also highlighted the fervent anticipation and loyalty of their fanbase, making it a poignant study in artistic longevity and live performance dynamics.",
      "source": "BBC Entertainment",
      "time_ago": "18 hours ago",
      "image_url": "/article_images/article_0f67b3de7a9298a0_8640bd069f0c.webp",
      "category": "Fun"
    },
    {
      "id": "da8abd7a96ffc1e9",
      "title": "Cobolli's Epic Davis Cup Tie-Break: A Pivotal Moment in Italian Tennis History",
      "summary": "Flavio Cobolli's remarkable performance in the Davis Cup semifinal against Zizou Bergs of Belgium epitomized high-stakes tennis, as he clinched a 32-point tie-break after saving seven match points, ultimately winning 6-3, 6-7 (5-7), 7-6 (17-15) in a match exceeding three hours. This victory, celebrated fervently in Bologna, not only secured Italy's place in the final against Spain or Germany but also marked the sixth-longest tie-break in the Davis Cup's 125-year history. Cobolli, ranked 22nd globally, articulated the profound personal and national significance of the win, describing it as the realization of a dream fueled by dedication to his country, team, and family. Italy's captain, Filippo Volandri, underscored the psychological and emotional dimensions of the triumph, attributing it largely to heart rather than tactical prowess, and acknowledged the critical support from teammates like Matteo Berrettini, who secured an earlier win. Historically, this achievement positions Italy as the first nation since Australia in 2001 to reach three consecutive Davis Cup finals, with the team now aspiring to become the first in 53 years to secure three straight titles, a challenge magnified by the absence of top-ranked players Jannik Sinner and Lorenzo Musetti, highlighting the depth and resilience of Italian tennis.",
      "source": "BBC Tennis",
      "time_ago": "22 hours ago",
      "image_url": "/article_images/article_da8abd7a96ffc1e9_cb6e40dfa435.webp",
      "category": "Fun"
    },
    {
      "id": "f51f78e28de52e6f",
      "title": "Eurovision's Regulatory Overhaul in Response to Geopolitical and Voting Controversies",
      "summary": "The Eurovision Song Contest is undergoing significant regulatory revisions in the aftermath of disputes linked to Israel's performance in the 2025 edition, where Israel led the public vote and placed second overall, sparking international concerns. Key modifications include a reduction in permissible fan votes from 20 to 10 per person and the reinstatement of juries for semi-finals, aimed at balancing the influence of mass voting. Furthermore, a stringent prohibition has been imposed on contestants and broadcasters participating in third-party promotional campaigns, particularly those orchestrated by governments, following allegations that Israeli state agencies utilized advertisements and social media to sway public opinion. Martin Green, the Eurovision director, articulated that extensive feedback from stakeholders highlighted anxieties over disproportionate external promotions undermining the contest's ethos. He emphasized that these measures are designed to reinforce impartiality and neutrality, without explicitly targeting any nation, though the context includes heightened opposition to Israel's involvement due to the Gaza conflict, with countries such as Spain and Ireland contemplating boycotts. The European Broadcasting Union cancelled a scheduled vote on Israel's participation in November, citing evolving Middle Eastern dynamics, including ceasefires, and may address it in future deliberations. Green advocates for segregating geopolitics from the artistic domain, underscoring Eurovision's role as a musical celebration, yet the interplay of international relations continues to challenge its apolitical aspirations.",
      "source": "BBC Entertainment",
      "time_ago": "1 day ago",
      "image_url": "/article_images/article_f51f78e28de52e6f_9b1255c8244a.webp",
      "category": "Fun"
    }
  ]
}