{
  "title": "The Monarchy's Challenge: Can William's Approach Boost Public Support?",
  "summary": "In this article, David Dimbleby reflects on the British monarchy's declining public approval, based on his documentary research and interviews with experts. He notes that support has dropped from 86% in 1983 to 51% in recent surveys, with younger generations particularly skeptical. While scandals involving Prince Andrew and the Sussexes have hurt the Royal Family's image, Dimbleby argues the core issue is the monarchy's relevance in today's world. He explores whether Prince William's 'ordinary Joe' persona can help win back support, emphasizing that public affection is crucial for the institution's survival. The article also considers the roles of King Charles and William in addressing this challenge, highlighting the need for the monarchy to adapt to modern values without losing its traditional appeal.",
  "keywords": [
    {
      "term": "public approval",
      "explanation": "the level of support or liking from the general population"
    },
    {
      "term": "republicans",
      "explanation": "people who want to replace the monarchy with an elected head of state"
    },
    {
      "term": "oxygen of public support",
      "explanation": "a phrase meaning the monarchy depends on people's approval to thrive"
    },
    {
      "term": "heir to the throne",
      "explanation": "the next person in line to become king or queen"
    },
    {
      "term": "social attitudes survey",
      "explanation": "a study that measures how people feel about social issues"
    }
  ],
  "questions": [
    {
      "question": "What percentage of people said the monarchy was important in 1983?",
      "options": [
        "51%",
        "86%",
        "30%",
        "4%"
      ],
      "correct_answer": "86%"
    },
    {
      "question": "Who is described as having an 'ordinary Joe' approach?",
      "options": [
        "King Charles",
        "Prince Andrew",
        "Prince William",
        "David Dimbleby"
      ],
      "correct_answer": "Prince William"
    },
    {
      "question": "What does Anna Whitelock say about the monarchy's survival?",
      "options": [
        "It needs money",
        "It needs public affection or apathy",
        "It needs more members",
        "It needs to move countries"
      ],
      "correct_answer": "It needs public affection or apathy"
    },
    {
      "question": "Which poll showed low ratings for Prince Andrew?",
      "options": [
        "BBC Poll",
        "YouGov Poll",
        "Social Attitudes Survey",
        "Documentary Poll"
      ],
      "correct_answer": "YouGov Poll"
    },
    {
      "question": "What is the main challenge facing the Royal Family according to Dimbleby?",
      "options": [
        "Financial problems",
        "Scandals",
        "Relevance in the modern world",
        "Lack of heirs"
      ],
      "correct_answer": "Relevance in the modern world"
    },
    {
      "question": "Who did Dimbleby interview for his documentary?",
      "options": [
        "Only royals",
        "Only historians",
        "Experts and critics",
        "Only politicians"
      ],
      "correct_answer": "Experts and critics"
    },
    {
      "question": "What does Ian Hislop compare public support to?",
      "options": [
        "Water",
        "Oxygen",
        "Food",
        "Light"
      ],
      "correct_answer": "Oxygen"
    },
    {
      "question": "What is the article's purpose?",
      "options": [
        "To promote the monarchy",
        "To criticize the monarchy",
        "To analyze support trends",
        "To tell a personal story"
      ],
      "correct_answer": "To analyze support trends"
    }
  ],
  "background_read": [
    "The British monarchy has a long history, but its role has evolved over time. In recent decades, public opinion has shifted due to factors like media scrutiny, scandals, and changing social values. This article examines current trends in support, using data from surveys and expert insights. It discusses how figures like Prince William are trying to connect with the public, while also considering broader questions about the institution's future in a democratic society."
  ],
  "Article_Structure": [
    "Main Points: The article highlights declining public support for the British monarchy, especially among youth, and explores causes like scandals and relevance issues. It focuses on Prince William's efforts to appear relatable and the need for adaptation. Purpose: To analyze the monarchy's current challenges and potential strategies for regaining support, based on documentary research. Evidence Evaluation: Uses survey data (e.g., British Social Attitudes, YouGov) and expert interviews, providing credible but opinion-based insights. Author Credibility: David Dimbleby is a respected broadcaster with extensive experience covering royal events, adding authority. Methodology: Based on personal documentary work involving interviews with historians, advisers, and critics, offering a balanced view."
  ],
  "perspectives": [
    {
      "perspective": "Traditionalist",
      "description": "Argues the monarchy is essential for national identity and stability."
    },
    {
      "perspective": "Modernist",
      "description": "Believes the monarchy must evolve to reflect contemporary values and transparency."
    },
    {
      "perspective": "Republican",
      "description": "Advocates for abolishing the monarchy in favor of an elected system."
    }
  ],
  "image_url": "/article_images/article_7c3b12dd2b12d0b9_a67150f44849.webp"
}