{
  "title": "Analyzing the Controversy: The Hepatitis B Vaccine Debate and Its Implications for Newborn Health Policy",
  "summary": "The article reports on an impending debate within the Advisory Committee on Immunization Practices, chaired by U.S. Health Secretary Robert F. Kennedy Jr., regarding the continuation of hepatitis B vaccination for newborns. Current federal guidelines recommend administering this vaccine on the first day of life to combat hepatitis B, a viral liver infection that can progress to chronic conditions such as liver failure, cirrhosis, and hepatocellular carcinoma, particularly in pediatric populations. The committee's hearing, scheduled for live broadcast, may propose alterations to these recommendations, potentially diverging from established public health protocols endorsed by organizations like the American Academy of Pediatrics, whose representative, Dr. Sean O'Leary, asserts the vaccine's lifesaving efficacy. This controversy intersects with broader discourses on vaccine skepticism, evidence-based medicine, and public health governance, as stakeholders navigate the balance between preventive care and parental autonomy. The discussion underscores the complexities of health policy formulation, where scientific consensus, political influences, and societal values converge, with potential ramifications for neonatal care standards and disease prevention strategies in the United States.",
  "keywords": [
    {
      "term": "hepatocellular carcinoma",
      "explanation": "A type of liver cancer often associated with chronic hepatitis B infection"
    },
    {
      "term": "vaccine skepticism",
      "explanation": "Distrust or doubt regarding the safety or necessity of vaccines, often influenced by misinformation or ideological beliefs"
    },
    {
      "term": "preventive care",
      "explanation": "Healthcare measures aimed at preventing diseases before they occur, such as through vaccinations"
    },
    {
      "term": "neonatal care",
      "explanation": "Medical care provided to newborns, especially in the first weeks of life"
    },
    {
      "term": "public health governance",
      "explanation": "The systems and processes by which health policies are developed, implemented, and regulated"
    },
    {
      "term": "scientific consensus",
      "explanation": "General agreement among experts in a field based on accumulated evidence"
    }
  ],
  "questions": [
    {
      "question": "What is the primary argument for maintaining the hepatitis B vaccine for newborns?",
      "options": [
        "It reduces healthcare costs",
        "It prevents chronic liver diseases and cancer",
        "It improves cognitive development",
        "It is mandated by law"
      ],
      "correct_answer": "It prevents chronic liver diseases and cancer"
    },
    {
      "question": "How might Robert F. Kennedy Jr.'s involvement influence the committee's discussion?",
      "options": [
        "By promoting vaccine skepticism",
        "By advocating for increased funding",
        "By focusing on environmental issues",
        "By supporting traditional medicine"
      ],
      "correct_answer": "By promoting vaccine skepticism"
    },
    {
      "question": "What critical limitation does the article have in terms of evidence presentation?",
      "options": [
        "It lacks statistical data on vaccine outcomes",
        "It overemphasizes personal anecdotes",
        "It ignores opposing viewpoints",
        "It relies solely on government reports"
      ],
      "correct_answer": "It lacks statistical data on vaccine outcomes"
    },
    {
      "question": "Which organization is cited as opposing potential changes to the vaccine recommendation?",
      "options": [
        "The World Health Organization",
        "The American Academy of Pediatrics",
        "The Centers for Disease Control and Prevention",
        "The National Institutes of Health"
      ],
      "correct_answer": "The American Academy of Pediatrics"
    },
    {
      "question": "What broader societal issue does this debate reflect?",
      "options": [
        "The tension between individual choice and public health",
        "The decline of infectious diseases",
        "The rise of alternative medicine",
        "The impact of climate change on health"
      ],
      "correct_answer": "The tension between individual choice and public health"
    },
    {
      "question": "How does the article address the methodology of information gathering?",
      "options": [
        "By detailing clinical trials",
        "By referencing scheduled events and expert quotes",
        "By conducting original research",
        "By analyzing historical data"
      ],
      "correct_answer": "By referencing scheduled events and expert quotes"
    },
    {
      "question": "What potential consequence could arise from altering the vaccine guidelines?",
      "options": [
        "Increased incidence of hepatitis B in infants",
        "Improved vaccine technology",
        "Greater public trust in health authorities",
        "Reduced medical expenses"
      ],
      "correct_answer": "Increased incidence of hepatitis B in infants"
    },
    {
      "question": "Why is the timing of the vaccine (first day of life) considered important?",
      "options": [
        "To ensure early protection against mother-to-child transmission",
        "To align with school schedules",
        "To reduce injection pain",
        "To comply with insurance requirements"
      ],
      "correct_answer": "To ensure early protection against mother-to-child transmission"
    },
    {
      "question": "How does the article evaluate author credibility?",
      "options": [
        "By noting the Associated Press as a source without deep analysis",
        "By reviewing the author's medical qualifications",
        "By comparing with other news outlets",
        "By assessing bias in reporting"
      ],
      "correct_answer": "By noting the Associated Press as a source without deep analysis"
    },
    {
      "question": "What critical assessment can be made of the article's coverage?",
      "options": [
        "It provides a balanced overview but lacks in-depth scientific context",
        "It is heavily biased against vaccines",
        "It offers comprehensive data analysis",
        "It focuses solely on political aspects"
      ],
      "correct_answer": "It provides a balanced overview but lacks in-depth scientific context"
    }
  ],
  "background_read": [
    "Hepatitis B virus (HBV) infection is a major global health concern, with vertical transmission from mother to child being a common route, leading to high rates of chronic infection in infancy. The hepatitis B vaccine, developed in the 1980s, has been instrumental in reducing HBV prevalence and associated morbidity, including liver cancer and cirrhosis. In the U.S., the Advisory Committee on Immunization Practices sets vaccination schedules based on epidemiological data and clinical trials, with the birth dose recommendation stemming from studies showing enhanced protection. However, vaccine hesitancy, fueled by figures like Robert F. Kennedy Jr., has sparked debates over mandatory immunizations, challenging public health infrastructures. This article situates the current discussion within a historical context of vaccine policy evolution, highlighting the interplay between scientific evidence, regulatory frameworks, and societal attitudes toward preventive health measures."
  ],
  "Article_Structure": [
    "Main Points: The article centers on a debate over the hepatitis B vaccine for newborns, with a committee considering policy changes against established health advice. Purpose: To report on a live hearing that may influence U.S. vaccination guidelines, emphasizing conflicting perspectives in public health. Evidence Evaluation: Relies on expert statements and public announcements but lacks empirical data or peer-reviewed studies, limiting critical assessment of vaccine efficacy or safety. Author Credibility: Authored by Mike Stobbe for the Associated Press, ensuring journalistic standards, though the piece is concise and may not explore technical details thoroughly. Methodology: Information is sourced from scheduled events and quotes, reflecting standard news reporting rather than investigative research. Critical Assessment: The article effectively highlights key stakeholders and issues but falls short in providing comprehensive scientific context, potentially oversimplifying a complex medical debate."
  ],
  "perspectives": [
    {
      "perspective": "Evidence-based public health",
      "description": "This perspective prioritizes scientific research and historical data supporting the hepatitis B vaccine as a safe and effective tool for preventing serious liver diseases in infants."
    },
    {
      "perspective": "Vaccine-critical advocacy",
      "description": "Influenced by skepticism, this view questions the necessity or timing of the vaccine, often citing concerns about safety or parental rights, though specific evidence is not detailed in the article."
    }
  ],
  "image_url": "/article_images/article_f568f347d88efa11_cfd7de8adb68.webp"
}