{
  "title": "Hillary Clinton Talks About Secret Files",
  "summary": "Hillary Clinton, a former leader in the U.S., says President Trump's team is hiding files about Jeffrey Epstein, a bad man who hurt people. She wants all the files to come out quickly. The U.S. government released some files but kept others secret to protect people. Hillary and her husband Bill are going to talk to a group in Congress soon. They want their talk to be public so everyone can see it. Some people in Congress accused them of delaying, but Hillary says they have nothing to hide and want fairness for all.",
  "keywords": [
    {
      "term": "files",
      "explanation": "papers or documents with information"
    },
    {
      "term": "cover-up",
      "explanation": "hiding the truth about something"
    },
    {
      "term": "Congress",
      "explanation": "a group in the U.S. that makes laws"
    },
    {
      "term": "public",
      "explanation": "open for everyone to see"
    },
    {
      "term": "fairness",
      "explanation": "treating everyone the same way"
    }
  ],
  "questions": [
    {
      "question": "Who is Hillary Clinton?",
      "options": [
        "A former U.S. leader",
        "A current president",
        "A teacher",
        "A doctor"
      ],
      "correct_answer": "A former U.S. leader"
    },
    {
      "question": "What does Hillary Clinton accuse Trump's team of?",
      "options": [
        "Hiding files",
        "Making new laws",
        "Helping people",
        "Building schools"
      ],
      "correct_answer": "Hiding files"
    },
    {
      "question": "Why are some files kept secret?",
      "options": [
        "To protect people",
        "Because they are lost",
        "They are not important",
        "To save money"
      ],
      "correct_answer": "To protect people"
    },
    {
      "question": "What do Hillary and Bill want for their talk in Congress?",
      "options": [
        "To be public",
        "To be private",
        "To be canceled",
        "To be short"
      ],
      "correct_answer": "To be public"
    },
    {
      "question": "What does Hillary say they have nothing to hide?",
      "options": [
        "They want fairness",
        "They are scared",
        "They are busy",
        "They are tired"
      ],
      "correct_answer": "They want fairness"
    },
    {
      "question": "Who released some files about Epstein?",
      "options": [
        "The U.S. government",
        "A school",
        "A company",
        "A family"
      ],
      "correct_answer": "The U.S. government"
    }
  ],
  "background_read": [
    "Jeffrey Epstein was a man who did bad things to children and adults. The U.S. government has files about his actions. Hillary Clinton and Bill Clinton are important people in U.S. politics who are talking to Congress, a group that helps make laws. Sometimes, files are kept secret to keep people safe or for other reasons."
  ],
  "Article_Structure": [
    "WHO: Hillary Clinton, a former U.S. leader, and others like President Trump's team and Congress.",
    "WHAT: Hillary says Trump's team is hiding files about Jeffrey Epstein, and she and Bill will talk to Congress.",
    "WHERE: This happened in Berlin and involves the U.S. government and Congress.",
    "WHY: To get all files released and have fair public talks in Congress."
  ],
  "perspectives": [
    {
      "perspective": "Hillary Clinton's view",
      "description": "She thinks files should be released quickly and talks should be public for fairness."
    }
  ],
  "image_url": "/article_images/article_d96a5d64d9ae0b26_556013cc4f12.webp"
}