{
  "articles": [
    {
      "id": "2555cce3acc2b704",
      "title": "British Couple's Detention and Sentencing in Iran: A Case of Alleged Espionage",
      "summary": "Lindsay and Craig Foreman, a British couple, were detained in Iran in January 2025 during a round-the-world motorcycle trip, accused of espionage. In a telephone interview from Tehran's Evin prison, Lindsay described the experience as an 'endurance test for the mind,' highlighting the physical and mental toll of imprisonment. She tried to maintain her health by exercising in the cramped prison yard, running in circles, but acknowledged her physical decline. Hours before being sentenced to 10 years, Lindsay sent a letter to Iranian authorities complaining about their treatment. The couple denies the spying charges, and their son, Joe Bennett, asserts that no evidence has been presented by Iran. He calls on the UK government to use all available means to secure their release. UK Foreign Secretary Yvette Cooper condemned the sentence as 'completely appalling and totally unjustifiable.' The family reports that bail applications were ignored, and at a court hearing, they were not allowed to defend themselves. This case raises concerns about legal processes and human rights in Iran, as the Foremans were detained despite having valid visas and an approved itinerary.",
      "source": "BBC News",
      "time_ago": "1 hour ago",
      "image_url": "/article_images/article_2555cce3acc2b704_d7f16823a52e.webp",
      "category": "News"
    },
    {
      "id": "1f182498aee2e6f2",
      "title": "Investigation into Misconduct Allegation Leads to Arrest",
      "summary": "Thames Valley Police arrested a man in his sixties from Norfolk on suspicion of misconduct in public office, following a complaint related to the alleged sharing of confidential material with Jeffrey Epstein. The police are conducting searches at addresses in Berkshire and Norfolk, and the man remains in custody. In line with national guidance, the police have not named the arrested individual to avoid contempt of court, as the case is now active. Assistant Chief Constable Oliver Wright stated that a thorough assessment led to the opening of an investigation, emphasizing the need to protect the integrity and objectivity of the process. The police acknowledge significant public interest and promise updates at appropriate times. The article also includes unrelated police updates on dangerous drivers, assaults, romance fraud, and infrastructure damage, but the core focus is on the arrest and investigation into misconduct allegations.",
      "source": "BBC News",
      "time_ago": "2 hours ago",
      "image_url": "/article_images/article_1f182498aee2e6f2_62da0ae8944f.webp",
      "category": "News"
    },
    {
      "id": "18dbdf5a5f3cddc8",
      "title": "Breaking Barriers: Dame Antonia Romeo Becomes UK's First Female Cabinet Secretary",
      "summary": "Prime Minister Sir Keir Starmer has appointed Dame Antonia Romeo as the new cabinet secretary, making her the first woman to hold this senior civil service position in its 110-year history. The cabinet secretary serves as the prime minister's top policy adviser, responsible for implementing government decisions and overseeing all civil servants in Great Britain. Dame Antonia brings a 25-year track record of leadership in key departments such as the Home Office, International Trade, and Ministry of Justice. Her appointment follows a due diligence process overseen by Baroness Gisela Stuart, the First Civil Service Commissioner, and comes after Sir Chris Wormald's departure, who served only 14 months amid media criticism. While Dame Antonia faced past bullying complaints during her time as UK consul general in New York, investigations found no case to answer, and government sources highlight her ability to 'get things done.' Sir Keir praised her professionalism and dedication to public service, and Dame Antonia expressed her commitment to fostering efficiency, innovation, and delivery within the civil service to address national challenges.",
      "source": "BBC News",
      "time_ago": "2 hours ago",
      "image_url": "/article_images/article_18dbdf5a5f3cddc8_c6ca94dc1ced.webp",
      "category": "News"
    },
    {
      "id": "21d4987eb6c2590e",
      "title": "Reviewing Support for Students with Special Needs in England",
      "summary": "In England, children with special educational needs and disabilities (SEND) currently receive support through Education Health and Care Plans (EHCPs), which are legal documents outlining their entitlements to extra help. Leaked government plans suggest that from 2029, these EHCPs will be reassessed as students transition from primary to secondary school. This is part of a broader system overhaul aimed at extending legal rights to all children with SEND through school-led Individual Support Plans (ISPs). Critics, including the National Association of Headteachers and the Liberal Democrats, argue that the existing system is failing, with parents often facing lengthy and costly processes to secure EHCPs. The government claims the changes will expand children's rights and promote inclusivity, while also addressing rising costs by potentially reducing the number of EHCPs retained. With nearly 482,000 school children in England having EHCPs, the reforms could significantly impact support structures, emphasizing reassessments at key educational transitions.",
      "source": "BBC News",
      "time_ago": "2 hours ago",
      "image_url": "/article_images/article_21d4987eb6c2590e_22e8951de6ac.webp",
      "category": "News"
    },
    {
      "id": "2591bdb5fcba8dc8",
      "title": "Japan's Reelected Prime Minister Aims for U.S. Partnership on Rare Earths and Security",
      "summary": "Japanese Prime Minister Sanae Takaichi, recently reelected after a landslide victory, has outlined her priorities, including enhancing cooperation with the United States, particularly in the development of rare earths—critical minerals for technology and defense. During a news conference, Takaichi expressed her intention to visit Washington next month to strengthen ties with President Donald Trump, focusing on economic security amid rising tensions with China. As Japan's first female prime minister, she was reappointed by Parliament and formed her second Cabinet, leveraging her party's supermajority in the lower house to advance her agenda. Her goals encompass increasing military capabilities, boosting government spending, and implementing ultra-conservative social policies, such as tightening immigration and preserving male-only imperial succession. However, immediate challenges include addressing inflation, sluggish wages, and passing a delayed budget bill, while longer-term ambitions like revising the pacifist Constitution may be postponed due to pressing domestic and security concerns.",
      "source": "PBS NewsHour",
      "time_ago": "12 hours ago",
      "image_url": "/article_images/article_2591bdb5fcba8dc8_b0ddbf6edace.webp",
      "category": "News"
    },
    {
      "id": "66f515ee7831029a",
      "title": "Innovative Filming: The On-Ice Cameraman at the Olympics",
      "summary": "Jordan Cowan is a pioneering camera operator who brings a unique perspective to Olympic figure skating coverage. As a former U.S. competitive ice dancer, he skates backward on the ice after performances to capture raw emotional moments of triumph and defeat for global broadcast. Dressed in an ice-white tuxedo to blend in, he works for the Olympic Broadcasting Services at the Milan Cortina Winter Games, providing footage to national broadcasters. Cowan's role is delicate; for instance, after American skater Ilia Malinin's successful long program, Malinin punched the camera in excitement, but after a botched free skate, Cowan maintained distance to respect the skater's disappointment. This approach allows intimate access that overhead or sideboard cameras cannot achieve. Cowan founded his company, On Ice Perspectives, in 2018 to create viral skating videos and inspire amateur participation, similar to how television influenced ballroom dancing. He has filmed events like U.S. Championships and world exhibitions, and skaters often engage with him by making heart signs or sending messages via his microphone, enhancing the viewer experience. His work helps humanize athletes and adds a new dimension to sports broadcasting.",
      "source": "PBS NewsHour",
      "time_ago": "12 hours ago",
      "image_url": "/article_images/article_66f515ee7831029a_e35a9ddea57b.webp",
      "category": "News"
    }
  ]
}