{
  "title": "How Rain Helped People Sail the Pacific Long Ago",
  "summary": "About 1,000 years ago, the weather in the Pacific Ocean started to change. In the western part, like near Samoa and Tonga, it became drier, meaning less rain fell. This made it harder for people to find water for drinking and farming. Meanwhile, in the eastern part, like near Tahiti, it became wetter with more rain. Scientists think this change encouraged people to sail east in search of better places to live. They used clues from old plant waxes in sediment to learn about past rainfall. This study helps us understand how climate changes long ago might have pushed people to explore and settle new islands across the vast Pacific Ocean.",
  "keywords": [
    {
      "term": "rain",
      "explanation": "water that falls from clouds, important for drinking and growing food"
    },
    {
      "term": "Pacific Ocean",
      "explanation": "a very big ocean where many islands are located"
    },
    {
      "term": "islands",
      "explanation": "pieces of land surrounded by water, like Samoa and Tahiti"
    },
    {
      "term": "sail",
      "explanation": "to travel across water in a boat, often for long distances"
    },
    {
      "term": "climate",
      "explanation": "the usual weather patterns in an area over a long time"
    },
    {
      "term": "plant waxes",
      "explanation": "tiny layers on leaves that scientists study to learn about old weather"
    }
  ],
  "questions": [
    {
      "question": "What happened to the weather in the western Pacific about 1,000 years ago?",
      "options": [
        "It became drier",
        "It became wetter",
        "It stayed the same",
        "It got colder"
      ],
      "correct_answer": "It became drier"
    },
    {
      "question": "Where did people sail to find more rain?",
      "options": [
        "East",
        "West",
        "North",
        "South"
      ],
      "correct_answer": "East"
    },
    {
      "question": "Which island is mentioned as becoming wetter?",
      "options": [
        "Tahiti",
        "Samoa",
        "Tonga",
        "Papua New Guinea"
      ],
      "correct_answer": "Tahiti"
    },
    {
      "question": "What did scientists study to learn about old rainfall?",
      "options": [
        "Plant waxes",
        "Animal bones",
        "Rock shapes",
        "Ocean waves"
      ],
      "correct_answer": "Plant waxes"
    },
    {
      "question": "Why was rain important for people long ago?",
      "options": [
        "For drinking and farming",
        "For building houses",
        "For making boats",
        "For trading goods"
      ],
      "correct_answer": "For drinking and farming"
    },
    {
      "question": "What ocean did people sail across in this story?",
      "options": [
        "Pacific Ocean",
        "Atlantic Ocean",
        "Indian Ocean",
        "Arctic Ocean"
      ],
      "correct_answer": "Pacific Ocean"
    }
  ],
  "background_read": [
    "Long ago, people lived on islands in the Pacific Ocean, like Samoa and Tonga. They needed rain to have enough water to drink and grow food. About 1,000 years ago, the weather started to change, with less rain in some places and more in others. This might have made people want to move to new islands where rain was more reliable. Scientists today study old clues, like wax from plants, to understand how climate changes affected people in the past. This helps us learn about human history and how people adapt to their environment."
  ],
  "Article_Structure": [
    "WHO: Scientists from universities like Southampton and East Anglia",
    "WHAT: Studied how rain changes in the Pacific long ago might have made people sail east",
    "WHERE: In the Pacific Ocean, from western islands like Samoa to eastern islands like Tahiti",
    "WHY: To understand how climate shifts influenced human migration and settlement"
  ],
  "perspectives": [
    {
      "perspective": "Climate push-pull",
      "description": "Drier conditions in the west pushed people away, while wetter conditions in the east pulled them to settle new islands"
    }
  ],
  "image_url": "/article_images/article_f071a846c557f3de_5be662d9beb5.webp"
}