{
  "title": "Climate Shift and Human Migration in the Pacific 1,000 Years Ago",
  "summary": "A recent study by researchers from the University of Southampton and University of East Anglia reveals that a significant climate shift around 1,000 years ago may have driven epic voyages across the Pacific. Using sediment cores from islands like Tahiti and Nuku Hiva, scientists analyzed plant waxes to reconstruct rainfall patterns over the last 1,500 years. They found that Western Polynesia, including Samoa and Tonga, experienced drying, while Eastern Polynesia, such as French Polynesia, became wetter. This change is linked to a natural shift in sea surface temperatures that moved the South Pacific Convergence Zone eastward. The researchers propose that this created a 'push-pull' effect: drier conditions in the west made life harder, pushing communities to seek new homes, while increased rainfall in the east pulled them toward more favorable environments. This aligns with the timing of human settlement into Eastern Polynesia, suggesting that climate adaptation motivated long-distance ocean travel. The study is part of the PROMS project, which explores long-term Pacific rainfall changes and their impacts on human history, highlighting how past climate variations influenced migration patterns.",
  "keywords": [
    {
      "term": "sediment cores",
      "explanation": "cylinders of material collected from lake or ocean bottoms, used to study past environmental conditions"
    },
    {
      "term": "plant waxes",
      "explanation": "organic compounds on leaves that preserve chemical signals indicating historical wet or dry periods"
    },
    {
      "term": "South Pacific Convergence Zone",
      "explanation": "a major band of high rainfall in the Pacific that shifts position, affecting weather patterns across the region"
    },
    {
      "term": "push-pull effect",
      "explanation": "a concept where unfavorable conditions push people away from an area, while favorable conditions pull them toward new locations"
    },
    {
      "term": "climate adaptation",
      "explanation": "the process by which humans adjust to changing environmental conditions to survive and thrive"
    },
    {
      "term": "PROMS project",
      "explanation": "a research collaboration investigating Pacific rainfall changes over millennia and their influence on human migration"
    }
  ],
  "questions": [
    {
      "question": "What method did researchers use to reconstruct past rainfall in the Pacific?",
      "options": [
        "Analyzing plant waxes from sediment cores",
        "Studying ancient texts",
        "Measuring ocean currents",
        "Interviewing local communities"
      ],
      "correct_answer": "Analyzing plant waxes from sediment cores"
    },
    {
      "question": "Which region became drier according to the study?",
      "options": [
        "Western Polynesia",
        "Eastern Polynesia",
        "Northern Pacific",
        "Southern Ocean"
      ],
      "correct_answer": "Western Polynesia"
    },
    {
      "question": "What is the South Pacific Convergence Zone?",
      "options": [
        "A high-rainfall band in the Pacific",
        "A type of ocean current",
        "A mountain range",
        "A volcanic area"
      ],
      "correct_answer": "A high-rainfall band in the Pacific"
    },
    {
      "question": "How did the climate shift affect human migration?",
      "options": [
        "It created a push-pull effect encouraging eastward movement",
        "It stopped all travel in the Pacific",
        "It made people move west",
        "It had no impact on migration"
      ],
      "correct_answer": "It created a push-pull effect encouraging eastward movement"
    },
    {
      "question": "What is the PROMS project focused on?",
      "options": [
        "Studying Pacific rainfall changes over long timescales",
        "Mapping ocean depths",
        "Tracking modern climate change",
        "Preserving cultural artifacts"
      ],
      "correct_answer": "Studying Pacific rainfall changes over long timescales"
    },
    {
      "question": "When did the final wave of human settlement into Eastern Polynesia begin?",
      "options": [
        "Around 1,000 years ago",
        "Around 500 years ago",
        "Around 2,000 years ago",
        "Around 100 years ago"
      ],
      "correct_answer": "Around 1,000 years ago"
    },
    {
      "question": "What natural cause is suggested for the rainfall shift?",
      "options": [
        "Changes in sea surface temperature patterns",
        "Volcanic eruptions",
        "Deforestation",
        "Solar flares"
      ],
      "correct_answer": "Changes in sea surface temperature patterns"
    },
    {
      "question": "Why is water security important for human settlement?",
      "options": [
        "It is essential for drinking and agriculture",
        "It helps with boat building",
        "It attracts wildlife",
        "It improves trade routes"
      ],
      "correct_answer": "It is essential for drinking and agriculture"
    }
  ],
  "background_read": [
    "The Pacific Islands have a rich history of human migration, with people navigating vast ocean distances to settle new lands. Around 1,000 years ago, a period known for epic voyages, communities expanded into Eastern Polynesia. Climate plays a crucial role in these movements, as access to freshwater is vital for survival. Scientists use advanced techniques like analyzing plant waxes in sediment cores to reconstruct past environmental conditions. This study connects climate data with archaeological evidence, showing how natural shifts in rainfall patterns may have driven human adaptation. Understanding these historical interactions helps inform current discussions on climate change and its potential impacts on island populations today."
  ],
  "Article_Structure": [
    "Main Points: The study identifies a climate shift around 1,000 years ago that dried Western Polynesia and wet Eastern Polynesia, potentially driving human migration eastward through a push-pull effect. Purpose: To explore how long-term rainfall changes influenced Pacific settlement patterns and human adaptation to climate. Evidence Evaluation: High-quality evidence from sediment cores and plant wax analysis provides detailed rainfall reconstructions, supported by climate models. Author Credibility: Researchers from reputable universities like Southampton and East Anglia lead the PROMS project, with expertise in climate science and archaeology. Methodology: Involves collecting sediment cores, analyzing plant waxes for hydroclimate signals, and using climate simulations to identify drivers of change."
  ],
  "perspectives": [
    {
      "perspective": "Environmental determinism",
      "description": "Suggests that climate conditions directly influenced human decisions to migrate and settle new areas"
    }
  ],
  "image_url": "/article_images/article_f071a846c557f3de_5be662d9beb5.webp"
}