{
  "articles": [
    {
      "id": "f26bea0f13327330",
      "title": "Leon's Strategy Amid Weight Loss Jab Trends and Economic Pressures",
      "summary": "John Vincent, the CEO of fast-food chain Leon, argues that the rising popularity of weight loss jabs represents an opportunity rather than a threat. He explains that Leon's menu, characterized by low-sugar dishes flavored with herbs and spices, aligns with the dietary preferences of individuals using these appetite-suppressing drugs. Vincent emphasizes the importance of providing adequate protein to help maintain muscle mass, noting this is as crucial as calorie control. In response to the drugs' impact, he acknowledges that Leon must reconsider portion sizes, a shift echoed by other food chains like Greggs. Beyond health trends, Vincent highlights significant economic challenges, including upcoming tax increases and business rate hikes, which he describes as 'incredibly toxic' for the hospitality industry. Leon has been losing £10 million annually and is restructuring by closing 20 High Street locations while expanding into service stations, airports, and train stations. The company's revival strategy focuses on adapting to consumer behavior changes and navigating financial pressures, with Vincent warning that only low-quality food sellers might survive if taxes rise further.",
      "source": "BBC News",
      "time_ago": "2 hours ago",
      "image_url": "/article_images/article_f26bea0f13327330_be6229a5ecdb.webp",
      "category": "News"
    },
    {
      "id": "800880eff57947c9",
      "title": "Symbolic Gesture: Machado Presents Nobel Medal to Trump Amid Political Tensions",
      "summary": "Venezuelan opposition leader María Corina Machado presented her Nobel Peace Prize medal to U.S. President Donald Trump during a meeting at the White House, framing it as a gesture of appreciation for his support in Venezuela's quest for freedom. This event occurred weeks after U.S. forces seized Venezuelan President Nicolás Maduro on drug-trafficking charges. Trump welcomed the gesture on social media, calling it a sign of mutual respect, but the Nobel committee clarified that Nobel Prizes are non-transferable and remain with the original laureate. Machado, who claimed victory in Venezuela's contested 2024 elections, has not received Trump's endorsement as the new leader; instead, Trump has engaged with acting head Delcy Rodríguez. In her remarks, Machado expressed confidence in Trump's commitment and drew a historical parallel to a medal exchange between Lafayette and Simón Bolívar. The Nobel committee reiterated its stance, emphasizing that prizes cannot be revoked or shared, highlighting the symbolic versus official nature of Machado's action.",
      "source": "BBC News",
      "time_ago": "4 hours ago",
      "image_url": "/article_images/article_800880eff57947c9_6dc3c22d8a42.webp",
      "category": "News"
    },
    {
      "id": "eb97d9be759a99bf",
      "title": "Georgia's Congressional Race to Replace Marjorie Taylor Greene",
      "summary": "A crowded field of 22 candidates is vying to succeed Marjorie Taylor Greene in Georgia's 14th Congressional District after her resignation. The candidates include 17 Republicans, 3 Democrats, a Libertarian, and an independent, reflecting diverse political interests. The election will use an all-party ballot on March 10, with a runoff scheduled for April 7 if no candidate secures a majority. The district, rated as the most Republican-leaning in Georgia by the Cook Political Report, historically supported Greene's hard-right positions. Key Republican contenders are Clay Fuller, a former district attorney from Trenton who placed fourth in the 2020 primary won by Greene, and Colton Moore, a state senator known for his right-wing alignment with the Freedom Caucus. Nicky Lama, a Dalton City Council member elected in 2023, promises next-generation conservatism. This special election follows Greene's tumultuous five-year tenure and highlights the district's strong Republican base, with candidates aiming to appeal to voters in an area stretching from Atlanta's northwest suburbs to the Tennessee border.",
      "source": "PBS NewsHour",
      "time_ago": "12 hours ago",
      "image_url": "/article_images/article_eb97d9be759a99bf_326ce65b0256.webp",
      "category": "News"
    },
    {
      "id": "395734e97960d82d",
      "title": "Grok AI Faces Global Backlash Over Image Editing, Implements Geoblocking",
      "summary": "Elon Musk's AI chatbot, Grok, developed by xAI, has sparked international controversy due to its ability to edit images to depict real people in revealing clothing, such as bikinis and underwear. This feature, part of Grok's 'spicy mode,' led to the creation of nonconsensual sexually explicit material, prompting backlash from governments worldwide. Countries like Malaysia and Indonesia have taken legal action and blocked access to Grok, while the Philippines is considering similar measures. In the U.S., California announced an investigation into the proliferation of such content, citing harassment of women and girls. Initially, responses from xAI dismissed concerns as 'legacy media lies,' but the company has now stated it will implement technological measures to geoblock content where it violates local laws. However, tests by The Associated Press found that the image editing tool remains accessible to free users in some regions, including California, highlighting challenges in enforcement. The European Union and U.K. are also investigating potential breaches of online safety laws. This situation underscores the ethical and legal dilemmas posed by AI technologies in digital content creation.",
      "source": "PBS NewsHour",
      "time_ago": "12 hours ago",
      "image_url": "/article_images/article_395734e97960d82d_9d7abc6b32b5.webp",
      "category": "News"
    },
    {
      "id": "38c6609653b35968",
      "title": "Unveiling Antarctica's Subglacial Landscape with Advanced Mapping",
      "summary": "Researchers have created a highly detailed map of Antarctica's landscape beneath its ice sheet, using satellite data and principles of glacier physics. This breakthrough provides unprecedented clarity, revealing thousands of previously unknown hills and ridges, and offering sharper images of hidden mountain ranges. While the map has some uncertainties, it represents a significant advancement over traditional methods like radar surveys, which were limited to sparse tracks. By analyzing how ice flows over bedrock features, scientists can infer the topography below, similar to how surface eddies in a river indicate underwater rocks. This new map is crucial for improving predictions about Antarctica's response to climate change, including potential impacts on global sea-level rise. It addresses a major gap in knowledge, as more is known about some planetary surfaces than Antarctica's underbelly, and excites experts like glaciologists for its comprehensive view.",
      "source": "BBC News",
      "time_ago": "12 hours ago",
      "image_url": "/article_images/article_38c6609653b35968_6a18d1141a67.webp",
      "category": "News"
    },
    {
      "id": "b648660aa0f94e3f",
      "title": "Escalating Protests in Minnesota: Leaders Urge Calm Amid Federal Threats",
      "summary": "In Minnesota, protests escalated as demonstrators clashed with ICE agents following an incident where a man was shot and wounded after allegedly assaulting federal officers. Minneapolis Mayor Jacob Frey called for calmer reactions on the streets to de-escalate tensions. Concurrently, President Trump intensified threats to deploy U.S. troops to the Twin Cities under the Insurrection Act, an 18th-century law permitting presidential use of the military when local authorities cannot maintain order, last invoked during the 1992 Rodney King riots in Los Angeles. Governor Tim Walz urged the president to lower the temperature and avoid further militarization. The protests reignited overnight, highlighting ongoing conflicts over immigration enforcement and civil unrest. Leaders are navigating a delicate balance between ensuring public safety and respecting protest rights, with federal intervention looming as a potential response to perceived instability.",
      "source": "PBS NewsHour",
      "time_ago": "12 hours ago",
      "image_url": "/article_images/article_b648660aa0f94e3f_c4e87c9def63.webp",
      "category": "News"
    }
  ]
}