{
  "title": "Analyzing the Political and Racial Implications of Trump's Shared Video",
  "summary": "The article details a incident where former President Donald Trump disseminated a video on Truth Social that incorporated a racist clip portraying Barack and Michelle Obama as apes, set against claims of voter fraud in the 2020 election. Trump asserted he 'didn't see' the offensive segment, attributing its posting to a staff error, and emphasized his approval of the video's core message regarding electoral integrity. The clip, derived from an X post by conservative meme creator Xerias, also depicted other prominent Democrats, such as Hillary Clinton and Alexandria Ocasio-Cortez, in animalistic forms, recalling historical racist tropes used to dehumanize black people. Republican Senator Tim Scott condemned it as 'the most racist thing' from the Trump White House, prompting the removal of the post after initial defense by the administration as an 'internet meme.' This episode underscores broader themes of racial insensitivity in political rhetoric, the proliferation of extremist content on social media platforms, and the challenges of accountability for public figures. It raises critical questions about the normalization of racist imagery in conservative circles and the efficacy of Trump's disavowal strategies in mitigating backlash.",
  "keywords": [
    {
      "term": "disseminated",
      "explanation": "Spread or distributed widely, especially information"
    },
    {
      "term": "racist tropes",
      "explanation": "Common stereotypes or themes used to promote racism"
    },
    {
      "term": "electoral integrity",
      "explanation": "The fairness and honesty of election processes"
    },
    {
      "term": "dehumanize",
      "explanation": "To treat someone as if they are not human, often to justify discrimination"
    },
    {
      "term": "disavowal strategies",
      "explanation": "Methods used to deny responsibility or connection to something"
    },
    {
      "term": "proliferation",
      "explanation": "Rapid increase in the number or amount of something"
    }
  ],
  "questions": [
    {
      "question": "What broader historical context does the racist clip in the video evoke?",
      "options": [
        "Ancient Roman art",
        "Medieval European festivals",
        "Racist caricatures of black people as monkeys",
        "World War II propaganda"
      ],
      "correct_answer": "Racist caricatures of black people as monkeys"
    },
    {
      "question": "How did Trump justify his sharing of the video?",
      "options": [
        "By claiming it was satire",
        "By stating he didn't see the racist part and blaming staff",
        "By arguing it was protected free speech",
        "By denying its existence"
      ],
      "correct_answer": "By stating he didn't see the racist part and blaming staff"
    },
    {
      "question": "What was the initial White House response to criticism of the video?",
      "options": [
        "Immediate apology",
        "Defense as an 'internet meme' and dismissal as 'fake outrage'",
        "Legal action against critics",
        "No response"
      ],
      "correct_answer": "Defense as an 'internet meme' and dismissal as 'fake outrage'"
    },
    {
      "question": "Which platform did Trump use to share the video?",
      "options": [
        "Twitter",
        "Facebook",
        "Truth Social",
        "Instagram"
      ],
      "correct_answer": "Truth Social"
    },
    {
      "question": "What does the article suggest about the video's origin?",
      "options": [
        "It was created by the White House",
        "It came from an X post by Xerias",
        "It was sourced from a news outlet",
        "It was a parody by Democrats"
      ],
      "correct_answer": "It came from an X post by Xerias"
    },
    {
      "question": "How did Senator Tim Scott characterize the video?",
      "options": [
        "As humorous",
        "As informative",
        "As 'the most racist thing' from the Trump White House",
        "As irrelevant"
      ],
      "correct_answer": "As 'the most racist thing' from the Trump White House"
    },
    {
      "question": "What other Democrats were depicted in the video?",
      "options": [
        "Only the Obamas",
        "Hillary Clinton and Alexandria Ocasio-Cortez",
        "Joe Biden exclusively",
        "No other Democrats"
      ],
      "correct_answer": "Hillary Clinton and Alexandria Ocasio-Cortez"
    },
    {
      "question": "What key issue does the video's message focus on?",
      "options": [
        "Climate change",
        "Voter fraud in the 2020 election",
        "Healthcare reform",
        "Immigration policies"
      ],
      "correct_answer": "Voter fraud in the 2020 election"
    },
    {
      "question": "What does the article imply about Trump's accountability?",
      "options": [
        "He took full responsibility",
        "He deflected blame onto staff and claimed ignorance",
        "He admitted it was a mistake",
        "He ignored the issue entirely"
      ],
      "correct_answer": "He deflected blame onto staff and claimed ignorance"
    },
    {
      "question": "What broader implication does the incident highlight regarding social media?",
      "options": [
        "Its role in spreading racist content and challenging political accountability",
        "Its decline in popularity",
        "Its use for entertainment only",
        "Its neutrality in political discourse"
      ],
      "correct_answer": "Its role in spreading racist content and challenging political accountability"
    }
  ],
  "background_read": [
    "This article examines a controversial incident involving Donald Trump's sharing of a video with racist imagery, set within the context of U.S. political and racial dynamics. Historically, racist depictions of black people as apes have been used to justify slavery and segregation, making such imagery deeply offensive and symbolic of systemic racism. Trump's presidency (2017-2021) was marked by frequent use of social media to bypass traditional media, often spreading misinformation and inflammatory content. The 2020 election saw unprecedented claims of voter fraud from Trump, which have been widely discredited but persist in conservative circles. Truth Social, launched by Trump, represents a platform for his base, often hosting extremist content. This incident reflects ongoing debates about free speech versus hate speech, the normalization of racism in political discourse, and the challenges of holding leaders accountable in the digital age. Understanding these elements is crucial for analyzing the article's implications on race relations and political communication."
  ],
  "Article_Structure": [
    "This article provides an in-depth analysis of Trump's video sharing incident. Main Points: Trump shared a video combining voter fraud claims with racist imagery of the Obamas, defended by claiming ignorance and staff error, leading to removal after backlash. Purpose: To critique the incident's racial and political ramifications, exploring accountability and the spread of offensive content. Evidence Evaluation: Sources include direct statements from Trump and senators, and tracing to an X post, offering credible but surface-level evidence; deeper analysis of meme culture is lacking. Author Credibility: BBC News is authoritative, but the article may reflect editorial biases in framing. Methodology: Relies on public statements and social media posts, standard for news reporting, but misses investigative depth into the video's impact or Trump's intent. Critical Assessment: Strengths include timely reporting and sourcing; limitations involve insufficient exploration of historical racism or long-term consequences, potentially oversimplifying complex issues."
  ],
  "perspectives": [
    {
      "perspective": "Trump's narrative",
      "description": "Positions the incident as a minor error by staff, deflecting from racial implications to focus on voter fraud discourse"
    },
    {
      "perspective": "Critical analysis",
      "description": "Views it as indicative of deeper racial insensitivity and strategic disavowal in conservative politics, highlighting systemic issues"
    }
  ],
  "image_url": "/article_images/article_7486ed80fb0d3a7d_383ec6bb88bd.webp"
}