{
  "title": "British Tennis Stars Become Number One in Doubles",
  "summary": "Julian Cash and Lloyd Glasspool are two British tennis players who have done something amazing. They won their first match at a big tournament called the ATP Finals. This victory helped them become the number one men's doubles team in the world for the whole year. It means they are the best pair out of all the players. They worked very hard and played well together. This is a huge achievement for them and for British tennis. Everyone is proud of their success. It shows that with teamwork and practice, you can reach your goals. They are now at the top of the rankings, which is like being the champions of the world in doubles tennis.",
  "keywords": [
    {
      "term": "doubles",
      "explanation": "a tennis game where two players play as a team against two others"
    },
    {
      "term": "ranking",
      "explanation": "a list that shows who is the best based on their wins"
    },
    {
      "term": "victory",
      "explanation": "winning a game or match"
    },
    {
      "term": "tournament",
      "explanation": "a series of games where players compete to be the champion"
    },
    {
      "term": "teamwork",
      "explanation": "working together with others to achieve a goal"
    },
    {
      "term": "achievement",
      "explanation": "something you have done that is successful and makes you proud"
    },
    {
      "term": "British",
      "explanation": "from the country called Britain"
    },
    {
      "term": "players",
      "explanation": "people who play a sport"
    }
  ],
  "questions": [
    {
      "question": "Who are the tennis players that became number one?",
      "options": [
        "Julian Cash and Lloyd Glasspool",
        "Roger Federer and Rafael Nadal",
        "Serena Williams and Venus Williams",
        "Andy Murray and Novak Djokovic"
      ],
      "correct_answer": "Julian Cash and Lloyd Glasspool"
    },
    {
      "question": "What did they win to become number one?",
      "options": [
        "Their first match at the ATP Finals",
        "A singles tournament",
        "A gold medal",
        "A friendly game"
      ],
      "correct_answer": "Their first match at the ATP Finals"
    },
    {
      "question": "In which type of tennis did they excel?",
      "options": [
        "Men's doubles",
        "Women's singles",
        "Mixed doubles",
        "Junior tennis"
      ],
      "correct_answer": "Men's doubles"
    },
    {
      "question": "What does 'year-end number one ranking' mean?",
      "options": [
        "They are the best for the whole year",
        "They won one tournament",
        "They are beginners",
        "They are from Britain"
      ],
      "correct_answer": "They are the best for the whole year"
    },
    {
      "question": "Where did they achieve their victory?",
      "options": [
        "At the ATP Finals",
        "At Wimbledon",
        "At the Olympics",
        "At a local club"
      ],
      "correct_answer": "At the ATP Finals"
    },
    {
      "question": "Why is this achievement special?",
      "options": [
        "It shows they are the top team in the world",
        "It means they won a lot of money",
        "It was their first time playing tennis",
        "They did it without practicing"
      ],
      "correct_answer": "It shows they are the top team in the world"
    },
    {
      "question": "How many players are in a doubles team?",
      "options": [
        "Two",
        "One",
        "Three",
        "Four"
      ],
      "correct_answer": "Two"
    },
    {
      "question": "What country are Julian and Lloyd from?",
      "options": [
        "Britain",
        "USA",
        "France",
        "Australia"
      ],
      "correct_answer": "Britain"
    }
  ],
  "background_read": [
    "Tennis is a sport played with a racket and a ball on a court. In doubles, two players team up against two others. The ATP Finals is a big tournament at the end of the year where the best players compete. The world ranking shows who is the best based on their performance in tournaments. Becoming number one is a great honor and means a player or team has won many matches. Julian Cash and Lloyd Glasspool are professional tennis players from Britain who have worked hard to reach the top."
  ],
  "Article_Structure": [
    "WHO: Julian Cash and Lloyd Glasspool, British tennis players",
    "WHAT: They secured the men's doubles year-end world number one ranking",
    "WHERE: At the ATP Finals tournament",
    "WHY: Because they earned their first victory there, which helped them become the best team for the year"
  ],
  "perspectives": [
    {
      "perspective": "Player's view",
      "description": "Julian and Lloyd might feel happy and proud because all their hard work paid off."
    },
    {
      "perspective": "Fan's view",
      "description": "Fans are excited to see British players succeed and inspire others."
    },
    {
      "perspective": "Coach's view",
      "description": "Coaches might see this as a result of good training and teamwork."
    }
  ],
  "image_url": "/article_images/article_0773003bc6904a09_6f3ac990b1b1.webp"
}