{
  "title": "Cash and Glasspool Clinch Year-End Doubles Top Spot",
  "summary": "Julian Cash and Lloyd Glasspool, British tennis professionals, have achieved the men's doubles year-end world number one ranking by winning their first match at the ATP Finals. This tournament is a prestigious year-end event featuring the top players based on their annual performance. Their victory not only marks a significant milestone in their careers but also highlights their consistency and skill throughout the season. Securing the top ranking means they accumulated the most points from various tournaments over the year, outperforming other doubles pairs. This accomplishment is particularly notable as it demonstrates the effectiveness of their partnership and strategy on the court. It could inspire young athletes and boost the profile of British tennis internationally. The ATP Finals serve as a culmination of the tennis season, and earning this title cements their status as elite athletes in the sport.",
  "keywords": [
    {
      "term": "ATP Finals",
      "explanation": "an annual tennis tournament for the top-ranked players, marking the end of the season"
    },
    {
      "term": "year-end ranking",
      "explanation": "the final position in the standings after all tournaments in a year, based on points earned"
    },
    {
      "term": "men's doubles",
      "explanation": "a format in tennis where two male players form a team to compete against another pair"
    },
    {
      "term": "consistency",
      "explanation": "the ability to perform well repeatedly over time, key for high rankings"
    },
    {
      "term": "milestone",
      "explanation": "an important event or achievement in a person's life or career"
    },
    {
      "term": "partnership",
      "explanation": "a cooperative relationship between players, crucial in doubles tennis"
    },
    {
      "term": "elite athletes",
      "explanation": "highly skilled sportspeople who compete at the top level"
    },
    {
      "term": "prestigious",
      "explanation": "respected and admired, often due to history or importance"
    },
    {
      "term": "strategy",
      "explanation": "a plan of action designed to achieve a goal, such as winning matches"
    },
    {
      "term": "international profile",
      "explanation": "recognition and fame that extends beyond one's home country"
    }
  ],
  "questions": [
    {
      "question": "What event helped Cash and Glasspool secure the year-end number one ranking?",
      "options": [
        "Winning their first match at the ATP Finals",
        "Winning the Wimbledon doubles",
        "Completing a training camp",
        "Receiving an award"
      ],
      "correct_answer": "Winning their first match at the ATP Finals"
    },
    {
      "question": "Which organization oversees the ATP Finals?",
      "options": [
        "ATP (Association of Tennis Professionals)",
        "ITF (International Tennis Federation)",
        "WTA (Women's Tennis Association)",
        "IOC (International Olympic Committee)"
      ],
      "correct_answer": "ATP (Association of Tennis Professionals)"
    },
    {
      "question": "What does the year-end ranking reflect?",
      "options": [
        "Cumulative performance over the season",
        "Performance in one tournament",
        "Popularity among fans",
        "Age of the players"
      ],
      "correct_answer": "Cumulative performance over the season"
    },
    {
      "question": "How many players typically compete in a men's doubles match?",
      "options": [
        "Four",
        "Two",
        "Six",
        "Eight"
      ],
      "correct_answer": "Four"
    },
    {
      "question": "Why is the ATP Finals considered prestigious?",
      "options": [
        "It features the top players of the year",
        "It is held in a famous city",
        "It has the largest prize money",
        "It is the oldest tournament"
      ],
      "correct_answer": "It features the top players of the year"
    },
    {
      "question": "What might be a key factor in their success?",
      "options": [
        "Effective teamwork and strategy",
        "Playing only in Britain",
        "Having the fastest serves",
        "Winning every match easily"
      ],
      "correct_answer": "Effective teamwork and strategy"
    },
    {
      "question": "Which country do Cash and Glasspool represent?",
      "options": [
        "Britain",
        "United States",
        "Australia",
        "Spain"
      ],
      "correct_answer": "Britain"
    },
    {
      "question": "What is a doubles team in tennis?",
      "options": [
        "Two players partnering against another pair",
        "A single player competing alone",
        "A team of coaches",
        "A group of fans supporting players"
      ],
      "correct_answer": "Two players partnering against another pair"
    },
    {
      "question": "How does winning at the ATP Finals affect their ranking?",
      "options": [
        "It helps secure top positions by earning points",
        "It has no effect on rankings",
        "It lowers their ranking",
        "It only affects singles rankings"
      ],
      "correct_answer": "It helps secure top positions by earning points"
    },
    {
      "question": "What could this achievement mean for British tennis?",
      "options": [
        "It may inspire more participation and success",
        "It will change the rules of tennis",
        "It means Britain wins all future tournaments",
        "It has no impact"
      ],
      "correct_answer": "It may inspire more participation and success"
    }
  ],
  "background_read": [
    "Tennis rankings are determined by points earned from tournaments throughout the year, with the ATP managing professional men's tennis. The ATP Finals is an exclusive event for the top eight players or teams in singles and doubles, held annually. Doubles tennis requires strong coordination and communication between partners. Julian Cash and Lloyd Glasspool have risen through the ranks by performing consistently in various ATP tournaments. Their success highlights the importance of dedication and partnership in sports. Understanding these elements helps appreciate the significance of their year-end number one achievement in the global tennis community."
  ],
  "Article_Structure": [
    "This article details how British tennis players Julian Cash and Lloyd Glasspool achieved the men's doubles year-end world number one ranking by winning their first match at the ATP Finals. The main points include their victory as a key milestone, the importance of the ATP Finals in determining rankings, and the implications for their careers and British tennis. The purpose is to report a significant sports achievement and inspire readers. Evidence comes from the event itself, with the source being BBC Tennis, known for reliable sports coverage. Author credibility is assumed through BBC's reputation, though specific expertise isn't detailed. Methodology involves reporting on tournament results, typical for sports journalism, using direct facts from the match."
  ],
  "perspectives": [
    {
      "perspective": "Athlete perspective",
      "description": "Cash and Glasspool likely view this as the culmination of hard work and effective partnership."
    },
    {
      "perspective": "Sports analyst perspective",
      "description": "Analysts might examine their season performance and strategy to understand their rise."
    },
    {
      "perspective": "National pride perspective",
      "description": "This achievement boosts morale for British tennis fans and could influence future funding."
    }
  ],
  "image_url": "/article_images/article_0773003bc6904a09_6f3ac990b1b1.webp"
}