{
  "articles": [
    {
      "id": "29dc272dbe832613",
      "title": "Analyzing the Royal Family's Christmas Rituals and Public Engagement",
      "summary": "The article details the Royal Family's Christmas Day church service at St Mary Magdalene Church in Sandringham, Norfolk, an event embedded in royal tradition since 1988. Led by King Charles and Queen Camilla, the gathering included core members such as the Prince and Princess of Wales with their children, alongside extended family like Princess Beatrice and Princess Eugenie, though notably excluding Andrew Mountbatten-Windsor. This public appearance attracted diverse crowds from the UK, Europe, and the United States, with some queuing from Christmas Eve, underscoring the global fascination with the monarchy. The service was broadcast via speakers to external audiences, followed by a private Christmas at the Sandringham estate. Concurrently, the article references King Charles's impending Christmas message, filmed at Westminster Abbey, which is anticipated to address themes of life's pilgrimage amid contemporary issues, following his recent positive update on cancer treatment. Additionally, it mentions a pre-recorded piano duet by Catherine and Princess Charlotte, illustrating the blending of personal and public roles. This coverage highlights the ceremonial aspects of royalty, their media strategies, and the intersection of tradition with modern public relations.",
      "source": "BBC News",
      "time_ago": "Just now",
      "image_url": "/article_images/article_29dc272dbe832613_fd69886951e4.webp",
      "category": "News"
    },
    {
      "id": "d4e50c978ad89ddc",
      "title": "The Enduring Legacy of Compassion: A 45-Year Companionship Forged from a Christmas Invitation",
      "summary": "In December 1975, Rob and Dianne Parsons, a young couple in Cardiff, UK, extended an invitation to Ronnie Lockwood, an autistic man who appeared at their doorstep with a frozen chicken and his belongings, marking the inception of a transformative 45-year relationship. Rob, recalling Ronnie from childhood Sunday School where he was noted as 'a bit different,' acted on impulse, welcoming him into their home for Christmas. Ronnie, having been homeless since age 15 and navigating precarious employment, was integrated into their household through gestures such as cooking his chicken, facilitating personal hygiene, and orchestrating gift-giving to foster inclusion. The couple's initial plan for a temporary stay evolved into a permanent arrangement after witnessing Ronnie's emotional response to receiving presents—an unprecedented experience of love for him—prompting them to consult authorities and ultimately commit to his long-term care. This narrative elucidates complex themes of altruism, the socio-emotional dimensions of autism, and the ethical considerations of informal caregiving, illustrating how a singular act of compassion can engender a profound, lifelong bond that challenges conventional notions of family and support systems.",
      "source": "BBC News",
      "time_ago": "4 hours ago",
      "image_url": "/article_images/article_d4e50c978ad89ddc_7022487477d0.webp",
      "category": "News"
    },
    {
      "id": "fd8ee5848861b474",
      "title": "Literary Anticipations for 2026: A Critical Preview of Upcoming Releases",
      "summary": "This BBC News article provides a curated preview of 12 books slated for publication in 2026, blending popular and literary fiction to cater to a broad readership. It emphasizes Heartstopper Volume 6 by Alice Oseman, the concluding graphic novel in a series addressing adolescent romance, homophobia, and mental health, with narrative tension arising from Nick's university departure challenging his relationship with Charlie. Another focal point is Land by Maggie O'Farrell, a historical epic set in post-Great Hunger Ireland (1865), exploring themes of loss, survival, and migration through a multi-generational lens. The list includes works from esteemed authors such as Yann Martel, Julian Barnes, and Ali Smith, spanning genres from colonial adventures in Tibet (Anappara's new novel) to dark contemporary humor (Fruit Fly by Josh Silver). The article contextualizes these releases within broader cultural trends, noting adaptations like the Netflix series for Heartstopper that amplify audience engagement. It positions reading as a leisurely activity suited to seasonal changes, while highlighting the eclectic nature of the selections—from bestselling hits to debut adult fiction. This preview serves not only as a promotional tool but also as a reflection on how literature addresses societal issues, personal ambition, and historical narratives, offering insights into the evolving literary landscape for 2026.",
      "source": "BBC News",
      "time_ago": "11 hours ago",
      "image_url": "/article_images/article_fd8ee5848861b474_05356e751d9b.webp",
      "category": "News"
    },
    {
      "id": "b9a34fc99f9727ac",
      "title": "A Transition in Television: Analyzing the Departure of Daly and Winkleman from Strictly Come Dancing",
      "summary": "The imminent departure of Tess Daly and Claudia Winkleman from Strictly Come Dancing, culminating in their final presentation during the Christmas Special on BBC One, signifies a pivotal moment in British television history. Having co-hosted for over a decade, they established themselves as the inaugural female presenting duo on prime-time Saturday night TV, with Daly's tenure extending 21 years since the show's inception alongside Sir Bruce Forsyth, and Winkleman's involvement dating back to her role on the spin-off It Takes Two since 2004 before joining the main show in 2014. Their announcement in October to step down at the series' end elicited widespread shock among fans and contestants, catalyzing intense speculation regarding successors, with names such as Zoe Ball, Rylan, and Janette Manrara circulating in media discourse. In a joint Instagram statement, they characterized their hosting experience as an absolute dream, opting to leave concurrently without divulging specific rationale, merely asserting the timing felt appropriate. BBC chief content officer Kate Phillips framed this as the end of an era, underscoring the program's societal role in familial cohesion, while entertainment journalist Emma Bullimore contended that the position remains a coveted gig despite the show's recent tribulations. This transition prompts broader reflections on the evolution of televised entertainment and the challenges of sustaining legacy formats in a dynamic media landscape.",
      "source": "BBC News",
      "time_ago": "12 hours ago",
      "image_url": "/article_images/article_b9a34fc99f9727ac_1d6c1ed1f82f.webp",
      "category": "News"
    },
    {
      "id": "1fca61b402a99ed7",
      "title": "Analyzing Zelenskyy's Diplomatic Compromise for Russian-Occupied Territories in Ukraine",
      "summary": "Ukrainian President Volodymyr Zelenskyy has advanced a nuanced compromise proposal targeting the Russian-occupied areas of Donetsk in eastern Ukraine, as part of a broader 20-point peace plan. This initiative suggests demilitarization or the establishment of a free economic zone in the portions of Donetsk still under Ukrainian control but subject to ongoing conflict. Revealed during an embargoed briefing to journalists in Kyiv, Zelenskyy framed this as a sovereign state option, indicating a potential shift in diplomatic strategy to address one of the primary impediments in U.S.-mediated negotiations. The proposal necessitates Ukrainian military withdrawal from territories that Russia has failed to secure over an 11-year period, underscoring the protracted nature of the conflict. However, Moscow's response remains ambiguous, with no indication of acceptance, highlighting the complexities of geopolitical bargaining and the challenges in achieving a sustainable resolution amid the war's fourth year. This development reflects Zelenskyy's attempt to balance territorial integrity with pragmatic peace efforts, while navigating international pressures and domestic expectations.",
      "source": "PBS NewsHour",
      "time_ago": "12 hours ago",
      "image_url": "/article_images/article_1fca61b402a99ed7_654772ef1778.webp",
      "category": "News"
    },
    {
      "id": "f2de8f2aaa2ddf45",
      "title": "An Analysis of Project 2025's Implementation and Its Implications for U.S. Governance",
      "summary": "Project 2025 represents a far-right, Christian-nationalist blueprint designed to comprehensively restructure the federal government by embedding narrower interpretations of gender, sexuality, and race into policy frameworks. It advocates for the elimination of diversity, equity, and inclusion (DEI) initiatives, the removal of terminology related to gender identity and reproductive rights from regulations, and proposes transformative measures such as politicizing the FBI and abolishing agencies like the Department of Education. Despite President Donald Trump's pre-election assertions of non-involvement, empirical data from crowd-sourced trackers and monitoring by advocacy organizations and labor unions indicate that his administration has achieved approximately 50% of the objectives outlined in the 920-page document this year. Implementation has been facilitated through a combination of executive orders and strategic personnel appointments, including key architects like Russell Vought, who now oversee critical agencies, thereby amplifying presidential influence across governmental branches. This progression underscores a significant alignment between administrative actions and the plan's ideological tenets, raising critical questions about transparency, democratic accountability, and the consolidation of executive power in contemporary American politics.",
      "source": "PBS NewsHour",
      "time_ago": "12 hours ago",
      "image_url": "/article_images/article_f2de8f2aaa2ddf45_4ed63b36ae53.webp",
      "category": "News"
    }
  ]
}