{
  "title": "Experimental Detection of Quantum Metric and Its Implications for Advanced Material Science",
  "summary": "A collaborative research effort led by the University of Geneva, with contributions from the University of Salerno and CNR-SPIN Institute, has achieved a significant milestone by experimentally verifying the quantum metric in quantum materials. This geometric property, which describes the curvature of quantum space, influences electron dynamics in a manner analogous to gravitational lensing, where mass bends light paths according to Einstein's general relativity. The investigation focused on the heterostructure interface of strontium titanate and lanthanum aluminate, a well-established platform for quantum phenomena. By applying intense magnetic fields, the team observed measurable distortions in electron trajectories, providing empirical confirmation of the quantum metric's existence, which had remained a theoretical construct for approximately two decades. This breakthrough not only validates long-standing hypotheses but also reveals that the quantum metric is a fundamental characteristic pervasive across numerous materials, contrary to prior assumptions of rarity. The implications extend to cutting-edge applications, including terahertz-frequency electronics for ultra-fast data processing, advancements in superconductivity for lossless energy transmission, and enhanced light-matter interactions for photonic technologies. This research underscores the importance of quantum geometry in tailoring material properties and paves the way for innovative developments in next-generation quantum devices and sustainable energy solutions.",
  "keywords": [
    {
      "term": "quantum metric",
      "explanation": "a geometric tensor that quantifies the curvature of Hilbert space in quantum systems, affecting electron transport and optical responses"
    },
    {
      "term": "gravitational lensing",
      "explanation": "a phenomenon in astrophysics where massive objects bend light trajectories, analogous to how quantum metric bends electron paths"
    },
    {
      "term": "heterostructure interface",
      "explanation": "the boundary between two different materials, such as oxides, where quantum effects are amplified for study"
    },
    {
      "term": "terahertz-frequency electronics",
      "explanation": "devices operating at frequencies around 10^12 Hz, enabling high-speed communication and sensing technologies"
    },
    {
      "term": "superconductivity",
      "explanation": "a quantum mechanical state where materials exhibit zero electrical resistance, crucial for efficient power grids and medical imaging"
    }
  ],
  "questions": [
    {
      "question": "What is the quantum metric and how does it relate to electron motion?",
      "options": [
        "A geometric property curving quantum space to bend electron paths",
        "A measure of electron speed in vacuum",
        "A type of magnetic field effect",
        "A chemical bonding pattern"
      ],
      "correct_answer": "A"
    },
    {
      "question": "How was the quantum metric experimentally detected in this study?",
      "options": [
        "By applying intense magnetic fields to oxide heterostructures",
        "Using optical microscopes on single atoms",
        "Through temperature variations in solids",
        "By analyzing sound waves in materials"
      ],
      "correct_answer": "A"
    },
    {
      "question": "What analogy is used to describe the effect of quantum metric on electrons?",
      "options": [
        "Gravitational lensing of light",
        "Newton's laws of motion",
        "Thermal expansion",
        "Chemical reactions"
      ],
      "correct_answer": "A"
    },
    {
      "question": "Why is the discovery of quantum metric's prevalence significant?",
      "options": [
        "It suggests fundamental geometry in many materials, not just rare cases",
        "It proves all materials are identical",
        "It eliminates the need for quantum theory",
        "It makes materials heavier"
      ],
      "correct_answer": "A"
    },
    {
      "question": "What are potential technological applications of this research?",
      "options": [
        "Terahertz electronics and superconductivity",
        "Slower computing devices",
        "Increased material costs",
        "Reduced energy efficiency"
      ],
      "correct_answer": "A"
    },
    {
      "question": "How long has the quantum metric been a theoretical concept before this verification?",
      "options": [
        "Approximately 20 years",
        "Over 100 years",
        "Just a few months",
        "Never theorized"
      ],
      "correct_answer": "A"
    },
    {
      "question": "What role did magnetic fields play in the methodology?",
      "options": [
        "They revealed distortions in electron trajectories due to quantum metric",
        "They changed the material's color",
        "They increased the temperature",
        "They created new particles"
      ],
      "correct_answer": "A"
    },
    {
      "question": "What does this research imply about the interface of strontium titanate and lanthanum aluminate?",
      "options": [
        "It is an effective platform for studying quantum behaviors",
        "It is irrelevant to quantum physics",
        "It only exists in theory",
        "It prevents electron movement"
      ],
      "correct_answer": "A"
    },
    {
      "question": "How does the quantum metric affect material properties beyond electron motion?",
      "options": [
        "It influences optical and transport characteristics",
        "It only changes electrical conductivity",
        "It has no effect on other properties",
        "It makes materials transparent"
      ],
      "correct_answer": "A"
    },
    {
      "question": "What broader field does this study contribute to?",
      "options": [
        "Quantum material science and advanced electronics",
        "Classical mechanics and thermodynamics",
        "Biological systems",
        "Astronomical observations"
      ],
      "correct_answer": "A"
    }
  ],
  "background_read": [
    "This article presents a groundbreaking study in quantum physics, where researchers have experimentally confirmed the quantum metric, a key geometric aspect of quantum materials. Quantum materials exhibit phenomena governed by quantum mechanics, such as superposition and entanglement, which are essential for technologies like quantum computing and high-performance electronics. The quantum metric, conceptualized two decades ago, describes how the geometry of quantum state space affects physical properties, but until now, it lacked direct experimental evidence. By investigating oxide heterostructures under magnetic fields, the team demonstrated its influence on electron trajectories, drawing parallels to gravitational effects in cosmology. This work highlights the interdisciplinary nature of modern physics, combining condensed matter theory with experimental techniques to uncover fundamental principles. The findings suggest that quantum geometry is ubiquitous, offering new strategies for material design and innovation in areas such as terahertz technology, which could revolutionize communications, and superconductivity, with implications for energy sustainability and medical applications."
  ],
  "Article_Structure": [
    "Main Points: The research experimentally verifies the quantum metric, showing it bends electron paths similarly to gravitational lensing, using oxide heterostructures and magnetic fields, and indicates its prevalence across materials. Purpose: To bridge theoretical quantum geometry with practical applications, advancing material science for next-generation technologies like terahertz electronics and superconductivity. Evidence Evaluation: Robust evidence from controlled experiments published in Science, with data on electron trajectory distortions supporting theoretical predictions. Author Credibility: Experts from leading institutions with extensive backgrounds in quantum physics and material science. Methodology: Experimental approach involving magnetic field application on strontium titanate-lanthanum aluminate interfaces to measure quantum metric effects. Critical Assessment: Strengths include empirical validation and broad implications, but limitations may involve material specificity and need for further studies on diverse systems."
  ],
  "perspectives": [
    {
      "perspective": "Interdisciplinary Impact",
      "description": "This discovery merges concepts from quantum physics and general relativity, fostering innovations in both fundamental science and applied engineering."
    }
  ],
  "image_url": "/article_images/article_62845d62ac14d55c_c06e29aab7b2.webp"
}