{
  "title": "Hemsworth and Ruffalo's Genre Transition: Analyzing Their Collaborative Venture in Crime 101",
  "summary": "In a strategic career move, Chris Hemsworth and Mark Ruffalo, acclaimed for their iconic portrayals in the Marvel Cinematic Universe, have collaborated on Crime 101, a psychological thriller that signifies a deliberate departure from their established superhero personas. Hemsworth assumes the role of an elusive jewel thief orchestrating a final heist, while Ruffalo embodies a determined detective in a narrative that prioritizes psychological tension over spectacle. At the film's premiere, the actors reflected on their dynamic, with Hemsworth characterizing their on-set behavior as akin to \"naughty school kids\" requiring discipline, yet acknowledging the initial discomfort in adapting to a dramatic framework distinct from their comedic rapport. Ruffalo highlighted the transformative nature of Hemsworth's performance, noting his unrecognizable embodiment of the character as a testament to his untapped dramatic capabilities. This project culminates years of discussion about collaborating beyond Marvel, initiated by Hemsworth's outreach with the script, which Ruffalo promptly endorsed. The article underscores the actors' pursuit of artistic versatility, exploring darker thematic elements and challenging audience perceptions, thereby reinforcing their status as multifaceted performers within the industry. This collaboration not only enriches their filmographies but also contributes to the broader discourse on actor reinvention in contemporary cinema.",
  "keywords": [
    {
      "term": "artistic versatility",
      "explanation": "the ability of an artist to excel in diverse styles or genres, demonstrating adaptability and skill range"
    },
    {
      "term": "psychological tension",
      "explanation": "a narrative technique that builds suspense through mental conflict and emotional depth, often central to thrillers"
    },
    {
      "term": "actor reinvention",
      "explanation": "the process by which performers redefine their public image and career trajectory through new roles or projects"
    },
    {
      "term": "multifaceted performers",
      "explanation": "actors who showcase a wide array of talents across different types of performances, avoiding typecasting"
    },
    {
      "term": "contemporary cinema",
      "explanation": "modern filmmaking that reflects current trends, technologies, and societal themes in the industry"
    }
  ],
  "questions": [
    {
      "question": "What does Crime 101 represent for Hemsworth and Ruffalo's careers?",
      "options": [
        "A strategic departure from superhero roles",
        "A continuation of their Marvel work",
        "A comedic venture",
        "A documentary project"
      ],
      "correct_answer": "A strategic departure from superhero roles"
    },
    {
      "question": "How does Hemsworth describe the adjustment to dramatic acting in Crime 101?",
      "options": [
        "As initially uncomfortable",
        "As easy and natural",
        "As irrelevant to the film",
        "As a comedic shift"
      ],
      "correct_answer": "As initially uncomfortable"
    },
    {
      "question": "What aspect of Hemsworth's performance did Ruffalo emphasize?",
      "options": [
        "Its transformative and unrecognizable nature",
        "Its similarity to past roles",
        "Its lack of depth",
        "Its reliance on special effects"
      ],
      "correct_answer": "Its transformative and unrecognizable nature"
    },
    {
      "question": "What initiated the collaboration on Crime 101?",
      "options": [
        "Hemsworth's outreach with the script",
        "Ruffalo's directorial suggestion",
        "A studio mandate",
        "Fan demand"
      ],
      "correct_answer": "Hemsworth's outreach with the script"
    },
    {
      "question": "How long had the actors discussed working outside Marvel?",
      "options": [
        "For years",
        "For a few months",
        "Only recently",
        "Never discussed"
      ],
      "correct_answer": "For years"
    },
    {
      "question": "What genre best describes Crime 101?",
      "options": [
        "Psychological thriller",
        "Action comedy",
        "Superhero film",
        "Romantic drama"
      ],
      "correct_answer": "Psychological thriller"
    },
    {
      "question": "What role does Ruffalo play in the film?",
      "options": [
        "A detective",
        "A jewel thief",
        "A supporting actor",
        "A director"
      ],
      "correct_answer": "A detective"
    },
    {
      "question": "What does the article suggest about the actors' friendship?",
      "options": [
        "It enhances their on-set dynamics but requires focus",
        "It is irrelevant to their work",
        "It causes conflicts",
        "It is new and untested"
      ],
      "correct_answer": "It enhances their on-set dynamics but requires focus"
    },
    {
      "question": "What broader industry trend does this collaboration reflect?",
      "options": [
        "Actor reinvention and genre exploration",
        "Sticking to established franchises",
        "Decline in thriller popularity",
        "Increase in comedic films"
      ],
      "correct_answer": "Actor reinvention and genre exploration"
    },
    {
      "question": "How is the evidence in the article primarily sourced?",
      "options": [
        "Direct quotes from actor interviews",
        "Critical reviews and analyses",
        "Box office data",
        "Fan surveys"
      ],
      "correct_answer": "Direct quotes from actor interviews"
    }
  ],
  "background_read": [
    "Chris Hemsworth and Mark Ruffalo are prominent figures in Hollywood, with Hemsworth gaining fame as Thor in the Marvel Cinematic Universe and Ruffalo as the Hulk, roles that have defined their public personas. Beyond blockbusters, both actors have engaged in varied projects to demonstrate range, such as Hemsworth in action dramas and Ruffalo in independent films. Crime 101 emerges as a pivotal project in their careers, allowing them to navigate the psychological thriller genre and challenge typecasting. This background is essential for understanding the significance of their collaboration, as it reflects broader trends in the film industry where actors seek to reinvent themselves and explore complex narratives. The article's focus on their personal and professional dynamics offers insights into the creative processes behind genre transitions and the impact of long-term friendships on artistic output."
  ],
  "Article_Structure": [
    "Main Points: The article details Hemsworth and Ruffalo's collaboration in Crime 101, a psychological thriller marking a genre shift from their Marvel roles, with Hemsworth as a jewel thief and Ruffalo as a detective, emphasizing their friendship and career evolution. Purpose: To analyze their strategic move into dramatic acting, exploring themes of versatility and reinvention within contemporary cinema. Evidence Evaluation: Relies on direct actor quotes from the premiere, providing authentic insights but lacking critical analysis or external validation, suggesting promotional intent. Author Credibility: BBC Entertainment offers reputable reporting, though the content is interview-based and may reflect bias towards positive portrayal. Methodology: Information is gathered from premiere events and interviews, employing a narrative approach that prioritizes actor perspectives over objective critique. Critical Assessment: Strengths include firsthand accounts and clear career context, but limitations involve minimal depth on film quality or audience reception, potentially oversimplifying the artistic impact."
  ],
  "perspectives": [
    {
      "perspective": "Artistic reinvention",
      "description": "Hemsworth and Ruffalo use Crime 101 as a platform for artistic reinvention, challenging typecasting and exploring new narrative depths to enhance their professional legacies."
    }
  ],
  "image_url": "/article_images/article_03e53b9b772966fc_ebec6805b4f6.webp"
}