{
  "articles": [
    {
      "id": "c687fb54b344d188",
      "title": "Olivia Dean's Advocacy and the Economics of Ticket Resale Markets",
      "summary": "Olivia Dean, an emerging musical artist, has catalyzed a significant response from Ticketmaster and AXS by condemning the exploitative nature of ticket resale markets. After tickets for her North American tour were resold at markups exceeding 14 times the face value, with some prices surpassing $1,000, Dean authored an open letter labeling the practice as 'disgusting' and 'vile,' urging ticketing companies to enhance accessibility. In reaction, Ticketmaster committed to capping future resale rates for her tour and processing refunds for fans who overpaid on their platform. Michael Rapino, CEO of Live Nation Entertainment, affirmed alignment with Dean's vision for affordable live music, though he noted the inability to enforce policies on other marketplaces. Dean, leveraging her platform on Instagram, reiterated that the secondary market is unregulated and called for industry-wide adoption of resale caps at face value to ensure equity. This incident occurs amidst broader regulatory developments, such as the UK government's proposed legislation to illegalize ticket resale above original costs, following appeals from artists like Coldplay and Dua Lipa. Dean's stance underscores the power dynamics in the music industry, where artist activism can drive corporate and policy changes, highlighting ongoing debates about consumer protection, market regulation, and the ethics of digital ticketing ecosystems.",
      "source": "BBC Entertainment",
      "time_ago": "3 hours ago",
      "image_url": "/article_images/article_c687fb54b344d188_757b913bd6e2.webp",
      "category": "Fun"
    },
    {
      "id": "a694d36c36886194",
      "title": "Probing Ultrafast Molecular Disintegration via X-Ray Diffraction in Intense Laser Fields",
      "summary": "This research elucidates the disintegration dynamics of Buckminsterfullerene (C60) under intense infrared laser pulses, employing ultrashort X-ray pulses from free electron lasers for direct imaging. International teams conducted experiments at the Linac Coherent Light Source, analyzing X-ray diffraction patterns to extract parameters such as molecular radius and Guinier amplitude, which reflect expansion and fragmentation. At low intensities, preliminary expansion occurs before fragmentation, while high intensities induce rapid electron loss and immediate breakdown. Theoretical models were developed but initially inadequately captured experimental data due to missing ultrafast heating mechanisms; revisions improved alignment. The study underscores the complexities of multi-electron dynamics in strong fields, where full quantum mechanical descriptions are unattainable for such systems. These findings are pivotal for advancing laser-guided chemical reactions and exploring fundamental quantum processes in polyatomic molecules, highlighting the interplay between experimental innovation and theoretical refinement in cutting-edge physics.",
      "source": "Science Daily - Technology",
      "time_ago": "4 hours ago",
      "image_url": "/article_images/article_a694d36c36886194_332445cade6c.webp",
      "category": "Fun"
    },
    {
      "id": "4dca59dd3f4e6ddb",
      "title": "La Voix's Theatrical Transition: Embodying Miss Hannigan on the Annie UK Tour",
      "summary": "La Voix, a prominent drag queen and television personality, has been cast as Miss Hannigan in the forthcoming UK tour of the Annie musical, scheduled to commence in May 2026. The tour will initiate in Wimbledon and progress through major cities such as Birmingham, Manchester, Plymouth, Canterbury, Cardiff, Milton Keynes, and Edinburgh, with an extended itinerary in 2027 including Norwich, Sheffield, and Glasgow. In her statement, La Voix conveyed profound excitement, characterizing Miss Hannigan as a loud, chaotic, and glamorously disheveled figure, which she believes aligns perfectly with her performative style. This role has historical significance, having been portrayed by esteemed actors like Paul O'Grady, Craig Revel Horwood, and Miranda Hart, adding a layer of legacy to her appointment. Concurrently, the article references La Voix's abrupt departure from Strictly Come Dancing due to an injury, underscoring the physical demands and unpredictability of live entertainment careers. The piece serves to chronicle her professional evolution, the strategic expansion of the tour, and the intersection of drag culture with mainstream theatrical productions, offering insights into contemporary performance arts.",
      "source": "BBC Entertainment",
      "time_ago": "5 hours ago",
      "image_url": "/article_images/article_4dca59dd3f4e6ddb_dcf0f16f8013.webp",
      "category": "Fun"
    },
    {
      "id": "0985e10833ed3c6e",
      "title": "Revitalizing Ellisland Farm: A Campaign for Cultural and Economic Renewal",
      "summary": "The Robert Burns Ellisland Trust is spearheading a £12 million campaign to restore Ellisland Farm, the historic residence where Robert Burns composed 'Auld Lang Syne,' situated north of Dumfries. This initiative addresses severe structural deterioration, including damp and decay, threatening the Category A-listed building. Led by chair Duncan Dornan, who previously managed the £68 million Burrell Renaissance, and project director Joan McAlpine, the trust aims to transform the site into a sustainable world-class cultural destination. Plans include recreating the farm as it was in Burns' era, establishing a centre for song, visitor accommodation, and a museum, with detailed proposals to be unveiled early next year. The campaign launch coincides with a specially-commissioned film to underscore the farm's cultural significance. McAlpine highlights that extensive research and consultation have identified the need for economic sustainability, positioning Ellisland as an engine for regional regeneration. With nearly £500,000 already secured, the trust argues that this project will not only preserve an integral part of Scottish heritage but also generate long-term economic benefits, drawing on successful precedents in heritage management.",
      "source": "BBC Entertainment",
      "time_ago": "6 hours ago",
      "image_url": "/article_images/article_0985e10833ed3c6e_06b25de55c5b.webp",
      "category": "Fun"
    },
    {
      "id": "ebfb82d21a5e16e6",
      "title": "Elle Vosque's Runner-Up Status in Drag Race UK: A Case Study in Regional Representation and Cultural Impact",
      "summary": "In the culmination of Ru Paul's Drag Race UK's seventh series, Elle Vosque, a drag performer from Northern Ireland, achieved the runner-up position, competing in a finale that included contestants such as Silllexa Dixon, Catrin Feelings, and the victor Bones. The event spurred a communal watch party at Union Street bar in Belfast, illustrating robust local support for Vosque, whose participation marked her inaugural performance beyond Northern Ireland's borders. Trudy Scrumptious, the host of the viewing, articulated a sentiment of exhilaration regarding Vosque's role in representing Belfast, accentuating the city's dynamic drag milieu. Personal anecdotes from friends, including The Only Sassie, lauded Vosque's genuine artistry and longstanding dedication, while Aisling Campbell posited that Vosque epitomizes Belfast's alternative, fashion-forward drag aesthetic. This narrative not only chronicles individual accomplishment but also interrogates broader themes of regional identity, community cohesion, and the amplification of underrepresented voices in mainstream media. The article serves to underscore the significance of drag as a vehicle for cultural expression and the fostering of inclusive spaces within entertainment.",
      "source": "BBC Entertainment",
      "time_ago": "14 hours ago",
      "image_url": "/article_images/article_ebfb82d21a5e16e6_1fafcf4c2d78.webp",
      "category": "Fun"
    },
    {
      "id": "a1deb3bbc260bbaa",
      "title": "Advancements in Sustainable Polymer Recycling: Mechanochemical Decomposition of PTFE",
      "summary": "A collaborative study by scientists at Newcastle University and the University of Birmingham has introduced an innovative mechanochemical approach to recycle polytetrafluoroethylene (PTFE), commonly known as Teflon, addressing longstanding challenges in polymer waste management. PTFE's robust carbon-fluorine bonds render it highly resistant to degradation, leading to accumulation in landfills and potential release of per- and polyfluoroalkyl substances (PFAS) upon incineration, which pose severe environmental and health risks. The researchers employed a ball mill to facilitate reactions between PTFE and sodium metal at ambient temperatures, utilizing mechanical force to cleave these bonds and yield sodium fluoride and elemental carbon. This process not only circumvents the need for energy-intensive conditions and toxic solvents but also enables direct utilization of the products in synthesizing fluorine-containing compounds for pharmaceuticals and industrial applications. Published in the Journal of the American Chemical Society, the study underscores the potential of mechanochemistry in advancing circular economy principles by transforming waste into valuable resources, thereby reducing reliance on conventional fluorine extraction methods that are ecologically damaging. This breakthrough highlights interdisciplinary efforts in green chemistry to mitigate plastic pollution and promote sustainable material cycles.",
      "source": "Science Daily - Technology",
      "time_ago": "22 hours ago",
      "image_url": "/article_images/article_a1deb3bbc260bbaa_a5fde839fe4f.webp",
      "category": "Fun"
    }
  ]
}