{
  "title": "Cultivating Leadership: An Analysis of Youth Engagement in Agriculture through Personal Narrative",
  "summary": "This article examines the intersection of agriculture, leadership, and community through the personal narrative of Anixia Davila, a high school student from Salinas Valley, California. As a leader in her Future Farmers of America (FFA) chapter, Davila articulates how farming experiences have instilled in her a profound sense of responsibility and community engagement. She references a poem by Margaret Walker, 'Lineage,' to connect her family's migratory history from Mexico with her current agricultural pursuits, emphasizing the role of cultural heritage in shaping identity and values. The article delves into the broader implications of youth involvement in agriculture, suggesting that such programs foster critical leadership skills and strengthen local communities. It also highlights the economic and cultural significance of the Salinas Valley as a major agricultural hub. By presenting Davila's story, the piece advocates for the educational and social benefits of agricultural programs, while reflecting on themes of migration, family legacy, and sustainable community development. This analysis underscores how personal narratives can illuminate larger societal issues related to food systems and youth empowerment.",
  "keywords": [
    {
      "term": "agricultural education",
      "explanation": "educational programs that teach about farming, sustainability, and related sciences"
    },
    {
      "term": "youth empowerment",
      "explanation": "processes that enable young people to gain skills, confidence, and agency in their communities"
    },
    {
      "term": "cultural identity",
      "explanation": "the sense of belonging to a group based on shared traditions, values, and history"
    },
    {
      "term": "sustainable development",
      "explanation": "economic growth that meets current needs without harming future generations"
    },
    {
      "term": "narrative analysis",
      "explanation": "examining stories to understand personal and social meanings"
    },
    {
      "term": "migration patterns",
      "explanation": "trends in how people move between regions, often for economic or social reasons"
    },
    {
      "term": "community resilience",
      "explanation": "the ability of a community to adapt and thrive despite challenges"
    },
    {
      "term": "leadership theory",
      "explanation": "concepts and models that explain how effective leadership is developed and practiced"
    },
    {
      "term": "food systems",
      "explanation": "the interconnected processes of producing, distributing, and consuming food"
    },
    {
      "term": "qualitative research",
      "explanation": "methods that focus on understanding human experiences through interviews and observations"
    }
  ],
  "questions": [
    {
      "question": "How does Anixia Davila use the poem 'Lineage' to contextualize her agricultural work?",
      "options": [
        "To connect her family's history with her leadership in farming",
        "To criticize modern farming practices",
        "To discuss poetry as a career option",
        "To highlight the importance of literature in education"
      ],
      "correct_answer": "A"
    },
    {
      "question": "What broader societal issue does the article address through Davila's story?",
      "options": [
        "Youth empowerment and community development",
        "Climate change impacts on agriculture",
        "Technological advances in farming",
        "Government policies on immigration"
      ],
      "correct_answer": "A"
    },
    {
      "question": "Which aspect of the Salinas Valley is emphasized in the article?",
      "options": [
        "Its role as a major agricultural producer",
        "Its tourism industry",
        "Its historical landmarks",
        "Its urban development"
      ],
      "correct_answer": "A"
    },
    {
      "question": "What methodological approach is primarily used in the article?",
      "options": [
        "Qualitative narrative analysis",
        "Quantitative data analysis",
        "Experimental research",
        "Historical documentation"
      ],
      "correct_answer": "A"
    },
    {
      "question": "How does the article evaluate the evidence presented?",
      "options": [
        "It relies on personal anecdotes and quotes",
        "It uses statistical data from agricultural reports",
        "It cites peer-reviewed studies",
        "It includes expert testimonials from scientists"
      ],
      "correct_answer": "A"
    },
    {
      "question": "What potential bias might exist in the article's perspective?",
      "options": [
        "It promotes agricultural programs without critical counterarguments",
        "It focuses solely on economic aspects of farming",
        "It ignores youth perspectives entirely",
        "It dismisses the importance of family heritage"
      ],
      "correct_answer": "A"
    },
    {
      "question": "What does the article suggest about the relationship between migration and agriculture?",
      "options": [
        "Migration histories can influence agricultural practices and values",
        "Migration has no impact on farming communities",
        "Agriculture discourages migration",
        "Migration is only relevant to urban areas"
      ],
      "correct_answer": "A"
    },
    {
      "question": "How does the article assess the author's credibility?",
      "options": [
        "It is from PBS NewsHour, a reputable source, but lacks specific agricultural expertise",
        "It is written by an agricultural scientist with extensive research",
        "It is based on anonymous sources with no verification",
        "It is a fictional story with no real-world basis"
      ],
      "correct_answer": "A"
    },
    {
      "question": "What critical limitation does the article have in its analysis?",
      "options": [
        "It does not provide diverse perspectives or statistical evidence",
        "It is too long and detailed for general readers",
        "It focuses only on negative aspects of farming",
        "It ignores the environmental impacts of agriculture"
      ],
      "correct_answer": "A"
    },
    {
      "question": "How does the article contribute to discussions on sustainable community development?",
      "options": [
        "By highlighting how youth engagement in agriculture can build resilient communities",
        "By advocating for industrial farming over small-scale practices",
        "By dismissing traditional farming methods as outdated",
        "By focusing exclusively on economic growth without social considerations"
      ],
      "correct_answer": "A"
    }
  ],
  "background_read": [
    "The Future Farmers of America (FFA) is part of a broader movement in agricultural education that aims to prepare youth for careers in farming and related fields, while emphasizing leadership and personal development. The Salinas Valley is a critical region in U.S. agriculture, contributing significantly to the national food supply, particularly in vegetable production. Issues such as migration, labor dynamics, and sustainability are central to understanding modern farming communities. This article connects these themes through a personal narrative, offering insights into how individual stories can reflect larger trends in youth engagement, cultural heritage, and community building within agricultural contexts."
  ],
  "Article_Structure": [
    "This article's main points center on Anixia Davila's narrative, linking farming to leadership and community through personal and family history. Its purpose is to advocate for agricultural education's role in youth development within broader societal contexts. Evidence evaluation shows reliance on qualitative anecdotes from Davila, which are compelling but lack quantitative support, limiting generalizability. Author credibility stems from PBS NewsHour's reputation, though no specific agricultural expertise is highlighted, potentially affecting depth. Methodology involves interview-based storytelling, providing rich personal insights but not systematic research. Critical assessment notes strengths in humanizing agricultural issues and inspiring youth, but limitations include a narrow perspective and absence of counterarguments or empirical data."
  ],
  "perspectives": [
    {
      "perspective": "Narrative as Advocacy",
      "description": "Using personal stories like Davila's to promote agricultural education and community resilience, though it may overlook structural challenges in farming."
    }
  ],
  "image_url": "/article_images/article_8195396fb7ceba70_d5255a392c23.webp"
}