{
  "title": "Disappearance of Epstein-Related Files from DOJ Website Sparks Transparency Concerns",
  "summary": "At least 16 files vanished from the Justice Department's public webpage dedicated to documents about Jeffrey Epstein, occurring less than a day after they were posted. Among the missing items was a photograph featuring President Donald Trump with Epstein, Melania Trump, and Ghislaine Maxwell. The Justice Department provided no explanation for the removal or whether it was intentional, fueling online speculation and concerns about transparency. Democrats on the House Oversight Committee highlighted the incident, questioning what else might be concealed and advocating for public clarity. This event adds to existing worries from the recent document release, which included tens of thousands of pages but offered limited new insights into Epstein's crimes or the prosecutorial decisions that allowed him to avoid serious federal charges. Notably absent were critical records such as FBI interviews with survivors and internal memos on charging decisions, which could have elucidated the case's handling. The disappearance underscores ongoing intrigue about Epstein and the powerful individuals associated with him, emphasizing calls for accountability and open access to information.",
  "keywords": [
    {
      "term": "Justice Department",
      "explanation": "A federal agency responsible for enforcing laws and administering justice, including handling legal documents and cases."
    },
    {
      "term": "transparency",
      "explanation": "The principle of being open and accountable in government actions, allowing public scrutiny to prevent secrecy or cover-ups."
    },
    {
      "term": "Jeffrey Epstein",
      "explanation": "A financier convicted of sex trafficking and involved in a high-profile scandal with connections to influential figures, whose case has raised questions about legal accountability."
    },
    {
      "term": "document release",
      "explanation": "The process of making official records publicly available, often to inform the public or ensure oversight in legal matters."
    },
    {
      "term": "FBI interviews",
      "explanation": "Conversations conducted by the Federal Bureau of Investigation with witnesses or victims to gather evidence and insights for criminal investigations."
    },
    {
      "term": "prosecutorial decisions",
      "explanation": "Choices made by prosecutors regarding whether to charge someone with a crime and what charges to pursue, impacting legal outcomes and justice."
    },
    {
      "term": "House Oversight Committee",
      "explanation": "A congressional committee that monitors and investigates government operations to ensure efficiency, transparency, and accountability."
    },
    {
      "term": "speculation",
      "explanation": "Guesses or theories formed without solid evidence, often arising from unexplained events like the missing files."
    }
  ],
  "questions": [
    {
      "question": "How many files disappeared from the Justice Department's Epstein document webpage?",
      "options": [
        "16",
        "12",
        "20",
        "25"
      ],
      "correct_answer": "16"
    },
    {
      "question": "What was included in one of the missing files?",
      "options": [
        "A photo of Trump with Epstein",
        "A video of a speech",
        "A map of locations",
        "A financial report"
      ],
      "correct_answer": "A photo of Trump with Epstein"
    },
    {
      "question": "What did the Justice Department do regarding the disappearance of the files?",
      "options": [
        "Provided no explanation",
        "Issued a public apology",
        "Announced an investigation",
        "Restored the files quickly"
      ],
      "correct_answer": "Provided no explanation"
    },
    {
      "question": "Which group commented on the missing files to demand transparency?",
      "options": [
        "Democrats on the House Oversight Committee",
        "A local news agency",
        "A social media influencer",
        "A university research team"
      ],
      "correct_answer": "Democrats on the House Oversight Committee"
    },
    {
      "question": "What was a major concern about the document release mentioned in the summary?",
      "options": [
        "It offered little new insight into Epstein's crimes",
        "It contained too much information",
        "It was released too early",
        "It focused only on financial details"
      ],
      "correct_answer": "It offered little new insight into Epstein's crimes"
    },
    {
      "question": "What critical records were absent from the initial disclosures?",
      "options": [
        "FBI interviews with survivors",
        "Epstein's personal diaries",
        "Court transcripts from 2008",
        "Medical reports"
      ],
      "correct_answer": "FBI interviews with survivors"
    },
    {
      "question": "Why is transparency important in this context according to the summary?",
      "options": [
        "To ensure public accountability and trust",
        "To speed up legal processes",
        "To reduce government costs",
        "To protect private individuals"
      ],
      "correct_answer": "To ensure public accountability and trust"
    },
    {
      "question": "What broader issue does the disappearance of files highlight?",
      "options": [
        "Ongoing intrigue about Epstein and powerful connections",
        "Technical problems with government websites",
        "Increased public interest in art",
        "Changes in social media policies"
      ],
      "correct_answer": "Ongoing intrigue about Epstein and powerful connections"
    }
  ],
  "background_read": [
    "Jeffrey Epstein was a financier convicted in 2008 for soliciting prostitution from a minor, but his case gained renewed attention in 2019 due to allegations of sex trafficking involving underage girls. He had associations with numerous high-profile individuals, including politicians, celebrities, and business leaders. After his arrest in 2019, Epstein died by suicide in jail, leading to investigations into his network and the handling of his case by authorities. The Justice Department's release of documents aims to provide transparency, but concerns persist about missing information and the influence of powerful figures. Understanding this context helps explain why the disappearance of files raises alarms about potential cover-ups and the need for thorough public disclosure."
  ],
  "Article_Structure": [
    "Main Points: The article reports that 16 files, including a photo of Trump with Epstein, vanished from the DOJ's Epstein document site without explanation, sparking transparency concerns and political criticism. Purpose: To inform the public about potential government secrecy and highlight gaps in the Epstein document release, emphasizing the need for accountability. Evidence Evaluation: The evidence is based on AP reporting and public observations, but lacks official confirmation from the DOJ, making it somewhat speculative. Author Credibility: The authors are Associated Press journalists, known for reliable news coverage, though the article relies on external sources without direct DOJ input. Methodology: Information is gathered from public webpage monitoring, political statements, and analysis of the document release, using journalistic methods to report on unfolding events."
  ],
  "perspectives": [
    {
      "perspective": "Government Accountability",
      "description": "Critics argue that the DOJ's lack of explanation for the missing files undermines transparency and public trust in handling sensitive cases."
    },
    {
      "perspective": "Public Interest",
      "description": "Many believe that full disclosure of Epstein-related documents is essential for justice and understanding the involvement of powerful individuals."
    }
  ],
  "image_url": "/article_images/article_feac9c3ba9bb7361_2724f2708b7d.webp"
}