{
  "title": "Alcaraz Advances to Australian Open Semifinals with Dominant Performance",
  "summary": "Carlos Alcaraz secured a place in the Australian Open semifinals by defeating Alex de Minaur in a straight-sets victory during their quarter-final match. Alcaraz, a rising star in tennis, demonstrated superior skill and control, winning all sets without dropping any. This win is a significant step in his pursuit to become the youngest male player to complete the career Grand Slam, which involves winning all four major tournaments: the Australian Open, French Open, Wimbledon, and US Open. The match held special importance as de Minaur, the home favorite from Australia, faced strong support from local fans. Alcaraz's performance highlights his growing dominance in the sport and sets up an exciting semifinal clash. The article emphasizes his consistent progress and the historical context of his ambitions, noting that such achievements are rare and highly competitive in professional tennis.",
  "keywords": [
    {
      "term": "quarter-final",
      "explanation": "a round in a tournament where eight players compete, with winners advancing to the semifinals"
    },
    {
      "term": "straight-sets victory",
      "explanation": "winning a match without losing any sets, showing complete dominance"
    },
    {
      "term": "career Grand Slam",
      "explanation": "achieving victory in all four Grand Slam tournaments over a player's career"
    },
    {
      "term": "home favorite",
      "explanation": "a player who is supported by local fans because they are from the host country"
    },
    {
      "term": "semifinal clash",
      "explanation": "an upcoming match in the semifinal round, which is highly competitive"
    }
  ],
  "questions": [
    {
      "question": "What round did Alcaraz win to reach the semifinals?",
      "options": [
        "Quarter-final",
        "First round",
        "Final",
        "Third round"
      ],
      "correct_answer": "Quarter-final"
    },
    {
      "question": "How did Alcaraz win the match?",
      "options": [
        "In straight sets",
        "After losing a set",
        "By default",
        "In a tiebreak"
      ],
      "correct_answer": "In straight sets"
    },
    {
      "question": "What is Alcaraz aiming to achieve in his career?",
      "options": [
        "Complete the career Grand Slam",
        "Win only the Australian Open",
        "Become a coach",
        "Retire early"
      ],
      "correct_answer": "Complete the career Grand Slam"
    },
    {
      "question": "Why was de Minaur considered a home favorite?",
      "options": [
        "He is from Australia",
        "He is the youngest player",
        "He has won before",
        "He is a coach"
      ],
      "correct_answer": "He is from Australia"
    },
    {
      "question": "What does a straight-sets victory indicate about a player's performance?",
      "options": [
        "Dominance and skill",
        "Luck",
        "Poor opponent",
        "Weather conditions"
      ],
      "correct_answer": "Dominance and skill"
    },
    {
      "question": "Which tournament is part of the Grand Slam?",
      "options": [
        "Australian Open",
        "Olympics",
        "Davis Cup",
        "ATP Finals"
      ],
      "correct_answer": "Australian Open"
    },
    {
      "question": "What will Alcaraz do next after this win?",
      "options": [
        "Play in the semifinals",
        "Retire",
        "Coach de Minaur",
        "Take a break"
      ],
      "correct_answer": "Play in the semifinals"
    },
    {
      "question": "What makes Alcaraz's goal challenging?",
      "options": [
        "Winning all four major tournaments",
        "Playing in Australia",
        "Being young",
        "Having fans"
      ],
      "correct_answer": "Winning all four major tournaments"
    }
  ],
  "background_read": [
    "The Australian Open is one of the four Grand Slam tennis tournaments, held annually in Melbourne. A career Grand Slam is a prestigious achievement where a player wins all four majors. Quarter-finals are critical rounds where top players compete to advance. Young talents like Carlos Alcaraz often face pressure to make history, while home favorites like Alex de Minaur enjoy local support but must perform under high expectations."
  ],
  "Article_Structure": [
    "Main Points: Alcaraz defeated de Minaur in straight sets to reach the Australian Open semifinals, advancing his quest to become the youngest career Grand Slam winner. Purpose: To report on Alcaraz's dominant performance and highlight his historical ambitions in tennis. Evidence Evaluation: The article provides specific match details and context, but relies on basic reporting without in-depth statistics. Author Credibility: Likely a sports journalist from BBC Tennis, offering reliable but general coverage. Methodology: Based on match outcomes and player statements, typical for sports news articles."
  ],
  "perspectives": [
    {
      "perspective": "Sports analyst view",
      "description": "Focuses on Alcaraz's skill development and the significance of his win for future tournaments."
    }
  ],
  "image_url": "/article_images/article_03e64a867352e0a2_aaec7cc2f50f.webp"
}