{
  "title": "Bafta Awards 2024: Celebrating Artistic Excellence and Social Narratives",
  "summary": "The 2024 Bafta awards ceremony served as a platform for recognizing both emerging and established talents in cinema, with Robert Aramayo's victories in best actor and rising star categories for I Swear underscoring a focus on socially relevant narratives, as he portrayed John Davidson, an advocate for Tourette's syndrome. His emotional acceptance speech highlighted the personal significance of the role. Concurrently, Jessie Buckley's best actress win for Hamnet, marking the first time an Irish actress has received this accolade, emphasized themes of historical grief and female resilience in her portrayal of Agnes, Shakespeare's wife. The event gained additional prominence through the attendance of the Prince and Princess of Wales, with the Princess's candid remarks about the emotional impact of Hamnet adding a layer of royal endorsement. Paul Thomas Anderson's film One Battle After Another emerged as the night's major winner, securing six awards including best film and best director, reflecting its critical acclaim in the thriller genre. The article also contextualizes the royal couple's appearance within broader social events, noting it as their first public engagement since a family controversy, thereby intertwining cinematic achievements with contemporary socio-political narratives.",
  "keywords": [
    {
      "term": "Bafta awards",
      "explanation": "An annual ceremony by the British Academy of Film and Television Arts, awarding excellence in film, often seen as a precursor to the Oscars."
    },
    {
      "term": "social narratives",
      "explanation": "Storylines in films that address real-world issues, such as health advocacy or historical trauma, to provoke thought and awareness."
    },
    {
      "term": "Tourette's syndrome advocacy",
      "explanation": "The representation and promotion of understanding for Tourette's syndrome through media, as seen in Aramayo's role."
    },
    {
      "term": "historical grief",
      "explanation": "The exploration of loss and mourning in historical contexts, central to Buckley's performance in Hamnet."
    },
    {
      "term": "royal endorsement",
      "explanation": "The implicit support or attention from royalty, which can elevate the cultural significance of an event or artwork."
    },
    {
      "term": "critical acclaim",
      "explanation": "High praise from critics and awards bodies, indicative of artistic merit and impact, as demonstrated by One Battle After Another's wins."
    }
  ],
  "questions": [
    {
      "question": "What does Robert Aramayo's dual win at the Baftas signify about his career trajectory?",
      "options": [
        "It marks a breakthrough moment for an emerging actor",
        "It shows he is now a veteran in the industry",
        "It indicates he only works in independent films",
        "It proves he has won awards before"
      ],
      "correct_answer": "It marks a breakthrough moment for an emerging actor"
    },
    {
      "question": "How does Jessie Buckley's role in Hamnet contribute to the film's thematic depth?",
      "options": [
        "By exploring grief and female agency in a historical setting",
        "By focusing on action and adventure elements",
        "By avoiding emotional content entirely",
        "By depicting modern-day issues only"
      ],
      "correct_answer": "By exploring grief and female agency in a historical setting"
    },
    {
      "question": "What impact does the royal attendance have on the Bafta ceremony's perception?",
      "options": [
        "It adds prestige and media coverage, linking cinema to broader cultural events",
        "It reduces the focus on award winners",
        "It makes the event exclusively for royalty",
        "It has no significant effect"
      ],
      "correct_answer": "It adds prestige and media coverage, linking cinema to broader cultural events"
    },
    {
      "question": "Which film won best director at the Baftas, according to the article?",
      "options": [
        "One Battle After Another",
        "I Swear",
        "Hamnet",
        "Shakespeare's Son"
      ],
      "correct_answer": "One Battle After Another"
    },
    {
      "question": "What is the significance of the Princess of Wales's comment about Hamnet?",
      "options": [
        "It highlights the film's emotional resonance and personal impact",
        "It criticizes the film's quality",
        "It suggests she did not watch it",
        "It indicates she preferred another movie"
      ],
      "correct_answer": "It highlights the film's emotional resonance and personal impact"
    },
    {
      "question": "How does the article connect the royal couple's appearance to broader social context?",
      "options": [
        "By noting it as their first public event since a family arrest",
        "By stating they attended every award show",
        "By linking it to a political campaign",
        "By ignoring any external events"
      ],
      "correct_answer": "By noting it as their first public event since a family arrest"
    },
    {
      "question": "What role does Sean Penn play in One Battle After Another?",
      "options": [
        "Colonel Steven Lockjaw, a reactionary villain",
        "John Davidson, a campaigner",
        "Shakespeare's son",
        "A revolution leader"
      ],
      "correct_answer": "Colonel Steven Lockjaw, a reactionary villain"
    },
    {
      "question": "Why might the article mention the number of awards won by One Battle After Another?",
      "options": [
        "To emphasize its dominance and critical success at the ceremony",
        "To downplay its achievements",
        "To compare it only to independent films",
        "To focus solely on actor awards"
      ],
      "correct_answer": "To emphasize its dominance and critical success at the ceremony"
    },
    {
      "question": "What does the term 'rising star award' imply about the Bafta categories?",
      "options": [
        "It recognizes potential and future contributions of new actors",
        "It is only for veteran actors",
        "It awards technical achievements only",
        "It is given based on box office success"
      ],
      "correct_answer": "It recognizes potential and future contributions of new actors"
    },
    {
      "question": "How does the article evaluate the evidence provided for the award winners?",
      "options": [
        "It uses direct quotes and event reports, offering credible but limited depth",
        "It relies solely on rumors and speculation",
        "It includes extensive statistical analysis",
        "It dismisses all sources as unreliable"
      ],
      "correct_answer": "It uses direct quotes and event reports, offering credible but limited depth"
    }
  ],
  "background_read": [
    "The Bafta awards represent a critical juncture in the film industry, blending artistic recognition with cultural commentary. This article delves into the 2024 ceremony, where films like I Swear and Hamnet highlight the increasing trend of cinema addressing social issues such as disability advocacy and historical trauma. Robert Aramayo's portrayal of a Tourette's syndrome campaigner and Jessie Buckley's depiction of Shakespeare's wife Agnes underscore how performances can drive awareness and empathy. The involvement of the Prince and Princess of Wales adds a layer of royal patronage, reflecting the intersection of entertainment and public life. Meanwhile, the success of One Battle After Another illustrates the enduring appeal of genre films in award circuits. Analyzing such events helps students understand film as a medium for storytelling, social change, and cultural discourse, while also critiquing the methodologies of news reporting in capturing these nuances."
  ],
  "Article_Structure": [
    "Main Points: The article details Robert Aramayo's unprecedented dual wins for best actor and rising star award in I Swear, emphasizing social advocacy through his role; Jessie Buckley's historic best actress victory in Hamnet, highlighting themes of grief and Irish representation; and the dominance of One Battle After Another with six awards, showcasing critical acclaim in the thriller genre. Purpose: To report on the Bafta awards while contextualizing achievements within broader narratives of social relevance and royal involvement. Evidence Evaluation: Sources include direct quotes from winners and attendees, providing authenticity, but lack in-depth analysis or external verification, typical for event coverage. Author Credibility: As a BBC News piece, it adheres to journalistic standards, though anonymity limits bias assessment. Methodology: Relies on real-time reporting, interviews, and official data, with a focus on descriptive rather than analytical approaches. Critical Assessment: Strengths lie in comprehensive coverage and engaging storytelling, but limitations include superficial treatment of film critiques and potential oversight of underrepresented categories."
  ],
  "perspectives": [
    {
      "perspective": "Cinema as a vehicle for social change",
      "description": "The article illustrates how award-winning films and performances can raise awareness about issues like Tourette's syndrome and historical grief, influencing public discourse."
    }
  ],
  "image_url": "/article_images/article_59e80140ab43ffae_e09131fc16a2.webp"
}