{
  "title": "Geopolitical Implications: Taiwan's Apprehension Over China's Strategic Moves and U.S. Precedents",
  "summary": "The article delves into Taiwan's escalating apprehensions amidst complex geopolitical dynamics, triggered by China's removal of its top army general—a maneuver widely interpreted by analysts as consolidating loyalty to President Xi Jinping. This development exacerbates existing fears in Taiwan, particularly concerning the archipelago of Kinmen, which lies in close proximity to mainland China and serves as a strategic frontline in cross-strait relations. Concurrently, the U.S. capture of Venezuelan President Nicolas Maduro raises alarms that such interventionist precedents might embolden China to replicate aggressive tactics against Taipei. Kinmen's historical context, including Cold War-era anti-landing defenses, underscores persistent vulnerabilities. The analysis highlights how these elements intertwine to fuel concerns over potential military escalation, regional stability, and the broader implications of U.S. foreign policy on Sino-Taiwanese tensions. It examines the strategic significance of Kinmen's geographical position and the psychological impact of perceived threats on Taiwan's security paradigm.",
  "keywords": [
    {
      "term": "consolidating loyalty",
      "explanation": "strengthening support and allegiance within a leadership structure"
    },
    {
      "term": "interventionist precedents",
      "explanation": "past actions by countries that involve interfering in others' affairs, setting examples"
    },
    {
      "term": "cross-strait relations",
      "explanation": "the political and military interactions between China and Taiwan across the Taiwan Strait"
    },
    {
      "term": "strategic frontline",
      "explanation": "a key geographical area where conflicts are most imminent and significant"
    },
    {
      "term": "geopolitical dynamics",
      "explanation": "the complex interactions of geography, politics, and power between nations"
    },
    {
      "term": "psychological impact",
      "explanation": "the effect on mindsets and perceptions due to events or threats"
    },
    {
      "term": "security paradigm",
      "explanation": "the framework or model through which security threats and responses are viewed"
    },
    {
      "term": "Sino-Taiwanese tensions",
      "explanation": "the ongoing conflicts and disputes between China and Taiwan"
    },
    {
      "term": "regional stability",
      "explanation": "the maintenance of peace and order in a specific geographic area"
    },
    {
      "term": "analyst interpretations",
      "explanation": "the explanations and insights provided by experts based on observed events"
    }
  ],
  "questions": [
    {
      "question": "What is the primary geopolitical event in China that concerns Taiwan?",
      "options": [
        "Removal of the top army general",
        "Economic reforms",
        "Climate agreements",
        "Cultural festivals"
      ],
      "correct_answer": "Removal of the top army general"
    },
    {
      "question": "How do analysts interpret China's removal of its army general?",
      "options": [
        "As cementing loyalty to Xi Jinping",
        "As reducing military power",
        "As promoting democracy",
        "As improving trade"
      ],
      "correct_answer": "As cementing loyalty to Xi Jinping"
    },
    {
      "question": "What U.S. action is feared to embolden China against Taiwan?",
      "options": [
        "Capture of Nicolas Maduro",
        "Aid packages to Taiwan",
        "Diplomatic visits",
        "Space collaborations"
      ],
      "correct_answer": "Capture of Nicolas Maduro"
    },
    {
      "question": "What role does Kinmen play in the context of cross-strait relations?",
      "options": [
        "Strategic frontline archipelago",
        "Economic hub",
        "Cultural center",
        "Remote sanctuary"
      ],
      "correct_answer": "Strategic frontline archipelago"
    },
    {
      "question": "What historical defenses on Kinmen are mentioned?",
      "options": [
        "Anti-landing spikes from the Cold War",
        "Modern drone systems",
        "Naval blockades",
        "Cyber defenses"
      ],
      "correct_answer": "Anti-landing spikes from the Cold War"
    },
    {
      "question": "How does the article describe the impact of Kinmen's proximity to China?",
      "options": [
        "It increases strategic vulnerability",
        "It enhances economic ties",
        "It reduces political tensions",
        "It improves infrastructure"
      ],
      "correct_answer": "It increases strategic vulnerability"
    },
    {
      "question": "What broader implication does the article suggest about U.S. foreign policy?",
      "options": [
        "It may influence China's actions toward Taiwan",
        "It strengthens global peace",
        "It reduces military spending",
        "It promotes cultural exchange"
      ],
      "correct_answer": "It may influence China's actions toward Taiwan"
    },
    {
      "question": "What is the psychological aspect highlighted in Taiwan's fears?",
      "options": [
        "Perceived threats impacting security mindset",
        "Economic confidence",
        "Social harmony",
        "Technological advancement"
      ],
      "correct_answer": "Perceived threats impacting security mindset"
    },
    {
      "question": "Who provides the journalistic insight in the article?",
      "options": [
        "Special correspondent Patrick Fok",
        "Analyst Nicolas Maduro",
        "Kinmen County Councillor Tung Sen-Pao",
        "President Xi Jinping"
      ],
      "correct_answer": "Special correspondent Patrick Fok"
    },
    {
      "question": "What critical assessment does the article imply about its sources?",
      "options": [
        "Relies on analyst interpretations with potential bias",
        "Uses extensive primary data",
        "Includes government statements exclusively",
        "Avoids geopolitical analysis"
      ],
      "correct_answer": "Relies on analyst interpretations with potential bias"
    }
  ],
  "background_read": [
    "Taiwan, officially the Republic of China, is a de facto independent state that China claims as part of its territory under the One-China policy, leading to ongoing diplomatic and military tensions. Kinmen, an archipelago administered by Taiwan, is strategically located near Xiamen, China, and has been a site of historical conflicts, including during the Cold War when defenses were built against potential invasions. The United States has a complex relationship with both China and Taiwan, often intervening in global affairs, such as in Venezuela, which sets precedents that can affect international relations. China under President Xi Jinping has emphasized military modernization and political consolidation, raising concerns about its intentions toward Taiwan. Geopolitical analysis involves examining how geography, power dynamics, and historical contexts shape current events and security concerns."
  ],
  "Article_Structure": [
    "This 100-word in-depth analysis covers: Main Points: Taiwan's fears stem from China's army general removal and U.S. capture of Maduro, with Kinmen as a vulnerable frontline. Purpose: To explore geopolitical risks and how U.S. actions might influence China's strategy toward Taiwan. Evidence Evaluation: Based on analyst interpretations and historical references, but lacks direct evidence or diverse sources. Author Credibility: Patrick Fok offers journalistic reporting for PBS, though may reflect editorial biases. Methodology: Uses event reporting and local insights, but methodology is not rigorous or academic. Critical Assessment: Highlights important tensions but oversimplifies complex dynamics and relies on speculative analysis."
  ],
  "perspectives": [
    {
      "perspective": "Geopolitical risk analysis",
      "description": "Examines how external events and strategic positions contribute to Taiwan's security dilemmas."
    }
  ],
  "image_url": "/article_images/article_01f14e07db6cceaa_d35eeb095513.webp"
}