{
  "title": "Critical Analysis of Winter Wellness Trends and Immune System Claims",
  "summary": "The article critically examines the efficacy of winter wellness trends, such as cold water swimming and kombucha consumption, in genuinely boosting the immune system. Immunologist Professor Eleanor Riley elucidates that cold water immersion induces a transient increase in white blood cells due to the body's acute stress response, mediated by adrenaline and endorphins, but this does not equate to enhanced long-term immunity as cell levels normalize rapidly. She and other experts, including Professor John Tregoning, argue that the perceived health benefits largely stem from indirect factors like stress reduction, social cohesion, and exposure to nature, which can lower blood pressure and cortisol levels, thereby potentially mitigating immune suppression. General Practitioner Dr. Margaret McCartney corroborates that moderate exercise demonstrates evidence for reducing viral infections, though it is not exclusive to cold water activities. Regarding kombucha, a fermented beverage promoted for its probiotic properties and microbiome support, Dr. McCartney expresses skepticism, noting the scarcity of robust scientific validation for its immune-boosting claims. The article underscores that while these trends may foster subjective well-being and psychological resilience, they lack conclusive evidence for direct immunological enhancement, advocating for a nuanced understanding that distinguishes between correlation and causation in health practices. This analysis invites readers to evaluate popular trends through a lens of scientific rigor and critical thinking.",
  "keywords": [
    {
      "term": "immune system",
      "explanation": "a sophisticated biological system comprising cells, tissues, and organs that protect the body from pathogens through innate and adaptive responses"
    },
    {
      "term": "cold water immersion",
      "explanation": "a practice involving exposure to cold water, hypothesized to confer health benefits via physiological stress adaptations"
    },
    {
      "term": "kombucha",
      "explanation": "a fermented tea product containing microbes, often claimed to modulate gut microbiota and influence immune function, though evidence is limited"
    },
    {
      "term": "stress hormones",
      "explanation": "biochemicals such as cortisol and adrenaline that regulate the body's response to stressors and can impair immune efficacy if chronically elevated"
    },
    {
      "term": "white blood cells",
      "explanation": "leukocytes that proliferate temporarily during stress-induced mobilization but do not indicate sustained immunological fortification"
    },
    {
      "term": "evidence-based medicine",
      "explanation": "an approach to healthcare that integrates clinical expertise with the best available research evidence for decision-making"
    },
    {
      "term": "microbiome",
      "explanation": "the collective genome of microorganisms inhabiting the gut, implicated in immune regulation and overall health, though causal links are complex"
    },
    {
      "term": "physiological effects",
      "explanation": "alterations in bodily functions, such as hormone secretion or neural activity, resulting from environmental or behavioral stimuli"
    },
    {
      "term": "critical assessment",
      "explanation": "the evaluative process of analyzing claims for validity, considering strengths, limitations, and potential biases"
    },
    {
      "term": "methodology",
      "explanation": "the systematic approach used in research or reporting to gather and interpret data, influencing the reliability of findings"
    }
  ],
  "questions": [
    {
      "question": "What physiological mechanism explains the temporary rise in white blood cells after cold water swimming?",
      "options": [
        "Acute stress response involving adrenaline",
        "Direct immune system activation",
        "Microbiome enhancement",
        "Nutritional intake changes"
      ],
      "correct_answer": "A"
    },
    {
      "question": "How do experts characterize the long-term immune benefits of cold water immersion?",
      "options": [
        "Largely indirect and not sustained",
        "Proven to prevent all infections",
        "Superior to other exercises",
        "Dependent on kombucha consumption"
      ],
      "correct_answer": "A"
    },
    {
      "question": "What is Dr. McCartney's stance on kombucha's role in immune health?",
      "options": [
        "Cautious due to insufficient evidence",
        "Supportive based on studies",
        "Dismissive as harmful",
        "Endorsing it over medical advice"
      ],
      "correct_answer": "A"
    },
    {
      "question": "According to the article, what broader purpose does it serve in discussing wellness trends?",
      "options": [
        "To promote critical evaluation of health claims",
        "To advertise specific products",
        "To discourage all winter activities",
        "To focus solely on exercise benefits"
      ],
      "correct_answer": "A"
    },
    {
      "question": "What methodological approach does the article use to gather information?",
      "options": [
        "Interviews with experts and secondary sources",
        "Original clinical trials",
        "Surveys of public opinion",
        "Laboratory experiments"
      ],
      "correct_answer": "A"
    },
    {
      "question": "How does stress reduction potentially support immune function?",
      "options": [
        "By lowering cortisol levels that can suppress immunity",
        "By increasing white blood cell production",
        "Through direct pathogen killing",
        "Via improved sleep patterns only"
      ],
      "correct_answer": "A"
    },
    {
      "question": "What critical limitation is noted regarding the evidence for kombucha?",
      "options": [
        "Lack of robust scientific validation",
        "Overwhelming positive results",
        "Exclusive focus on animal studies",
        "Contradiction by all experts"
      ],
      "correct_answer": "A"
    },
    {
      "question": "In what way does the article assess author credibility?",
      "options": [
        "By citing qualified immunologists and a GP",
        "Through anonymous sources",
        "By ignoring credentials",
        "Using only social media influencers"
      ],
      "correct_answer": "A"
    },
    {
      "question": "What is a key strength of the article's analysis?",
      "options": [
        "Balanced presentation of expert opinions",
        "Promotion of unverified trends",
        "Focus on anecdotal evidence",
        "Avoidance of scientific terms"
      ],
      "correct_answer": "A"
    },
    {
      "question": "How might the article's reliance on podcast interviews affect its critical assessment?",
      "options": [
        "It may limit depth due to secondary sourcing",
        "It enhances original data collection",
        "It guarantees unbiased conclusions",
        "It excludes all expert views"
      ],
      "correct_answer": "A"
    }
  ],
  "background_read": [
    "Winter wellness trends, including cold water swimming and kombucha, are often marketed as immune boosters, but their scientific basis requires scrutiny. The immune system involves complex interactions, and claims of enhancement must be evaluated through rigorous research. Experts in immunology and general practice provide insights based on physiological principles, such as stress responses and microbiome interactions, but emphasize that direct immune benefits are unproven. This context highlights the importance of distinguishing between correlation and causation in health trends, encouraging a critical approach informed by evidence-based medicine and an understanding of methodological limitations in popular health reporting."
  ],
  "Article_Structure": [
    "This article delves into main points questioning the efficacy of winter wellness trends, with detailed arguments on temporary physiological effects and indirect benefits. Its purpose is to contextualize health claims within broader public discourse, promoting informed decision-making. Evidence evaluation critically assesses expert testimonies and existing research, noting gaps in kombucha studies. Author credibility is bolstered by citations of immunologists and a GP, though potential biases from media sourcing are acknowledged. Methodology relies on expert interviews from podcasts, lacking primary data, which limits robustness. Critical assessment highlights strengths in balanced reporting but weaknesses in empirical depth, urging readers to seek further validation."
  ],
  "perspectives": [
    {
      "perspective": "Scientific rigor",
      "description": "Emphasizes the need for empirical evidence to support health claims, challenging popular assumptions"
    },
    {
      "perspective": "Holistic health",
      "description": "Acknowledges psychological and social benefits of trends while cautioning against overstating immune effects"
    },
    {
      "perspective": "Public skepticism",
      "description": "Encourages critical thinking in evaluating wellness trends to avoid misinformation"
    }
  ],
  "image_url": "/article_images/article_18efe8871e24f025_1298801bf5fe.webp"
}