{
  "title": "Radiohead's Amazing Concert in London",
  "summary": "Radiohead, a famous band, played a big concert in London at the O2 Arena. It was their first UK show in many years, and fans were very excited. The band played songs from their whole career, including old hits and new favorites. There were some small mistakes, but overall the music was powerful and fun. Thom Yorke, the singer, joked with the audience. Songs like 'Planet Telex' and 'Weird Fishes' made people happy. The rhythm section with bass and drums kept everyone moving. Even though the rhythms were tricky, fans enjoyed nodding along. It was a special night for music lovers.",
  "keywords": [
    {
      "term": "concert",
      "explanation": "a live music performance for an audience"
    },
    {
      "term": "band",
      "explanation": "a group of people who play music together"
    },
    {
      "term": "fans",
      "explanation": "people who really like and support a band or artist"
    },
    {
      "term": "songs",
      "explanation": "pieces of music with words and melodies"
    },
    {
      "term": "rhythm",
      "explanation": "the beat or pattern in music that makes you want to move"
    },
    {
      "term": "encore",
      "explanation": "an extra song played at the end of a concert by popular demand"
    }
  ],
  "questions": [
    {
      "question": "Where did Radiohead play their concert?",
      "options": [
        "London",
        "Paris",
        "New York",
        "Tokyo"
      ],
      "correct_answer": "London"
    },
    {
      "question": "Who is the lead singer of Radiohead?",
      "options": [
        "Thom Yorke",
        "Colin Greenwood",
        "Chris Vatalaro",
        "George Bush"
      ],
      "correct_answer": "Thom Yorke"
    },
    {
      "question": "How long had it been since their last UK gig?",
      "options": [
        "10 years",
        "5 years",
        "99 months",
        "1 year"
      ],
      "correct_answer": "99 months"
    },
    {
      "question": "What song did they start the concert with?",
      "options": [
        "Planet Telex",
        "No Surprises",
        "Idioteque",
        "Lucky"
      ],
      "correct_answer": "Planet Telex"
    },
    {
      "question": "What did fans do during the concert?",
      "options": [
        "Nodded their heads",
        "Sang loudly",
        "Danced on stage",
        "Left early"
      ],
      "correct_answer": "Nodded their heads"
    },
    {
      "question": "What is an encore?",
      "options": [
        "An extra song at the end",
        "The first song",
        "A break in the show",
        "A type of instrument"
      ],
      "correct_answer": "An extra song at the end"
    }
  ],
  "background_read": [
    "Radiohead is a British rock band that started in the 1980s. They are known for their unique music that mixes rock, electronic sounds, and thoughtful lyrics. Over the years, they have released many albums and won awards. Fans love them for their creative songs and live performances. Concerts like this one are special events where bands play their music for excited audiences in big venues like arenas."
  ],
  "Article_Structure": [
    "WHO: Radiohead band and their fans",
    "WHAT: A concert with many songs and some mistakes",
    "WHERE: O2 Arena in London",
    "WHY: To entertain fans after a long break"
  ],
  "perspectives": [
    {
      "perspective": "Fan excitement",
      "description": "Fans were very happy to see the band after a long wait."
    },
    {
      "perspective": "Band performance",
      "description": "The band played well overall, with a few small errors."
    }
  ],
  "image_url": "/article_images/article_0f67b3de7a9298a0_8640bd069f0c.webp"
}