{
  "title": "Complex Magma Systems Drive Young Martian Volcanic Activity",
  "summary": "A recent study published in Geology reveals that young volcanic regions on Mars, such as one south of Pavonis Mons, are driven by complex magma systems that evolved over extended periods. Using high-resolution orbital images and mineral data, an international research team mapped the volcanic system and found evidence of multiple eruptive phases. Early activity involved fissure eruptions, while later stages produced cone-shaped features, all fed by the same underlying magma reservoir. Mineral signatures indicated shifts in magma composition, suggesting changes in depth and storage time before eruptions. This research demonstrates that Mars' recent volcanic period involved active and intricate subsurface processes, offering insights into the planet's interior through orbital observations without direct rock sampling. The findings highlight the value of remote sensing for understanding volcanic evolution on rocky worlds.",
  "keywords": [
    {
      "term": "magma systems",
      "explanation": "networks of molten rock beneath the surface that drive volcanic activity and can change over time"
    },
    {
      "term": "orbital observations",
      "explanation": "data collected from spacecraft orbiting a planet, used to study surface features and composition"
    },
    {
      "term": "eruptive phases",
      "explanation": "different stages of volcanic activity, such as fissure eruptions or cone-building events"
    },
    {
      "term": "mineral signatures",
      "explanation": "unique chemical compositions in minerals that provide clues about the history and evolution of magma"
    },
    {
      "term": "subsurface processes",
      "explanation": "geological activities occurring beneath the surface, like magma movement and storage"
    }
  ],
  "questions": [
    {
      "question": "What did the study in Geology reveal about young volcanic regions on Mars?",
      "options": [
        "They are inactive",
        "They are driven by complex magma systems",
        "They formed in one brief eruption",
        "They are only found near Olympus Mons"
      ],
      "correct_answer": "They are driven by complex magma systems"
    },
    {
      "question": "How did researchers gather data for this study?",
      "options": [
        "By collecting rock samples on Mars",
        "Using high-resolution orbital images and mineral data",
        "Through laboratory experiments on Earth",
        "By interviewing astronauts"
      ],
      "correct_answer": "Using high-resolution orbital images and mineral data"
    },
    {
      "question": "What evidence indicated multiple eruptive phases in the volcanic system?",
      "options": [
        "Changes in weather patterns",
        "Mineral signatures and different lava deposits",
        "The volcano's height",
        "The color of the surface"
      ],
      "correct_answer": "Mineral signatures and different lava deposits"
    },
    {
      "question": "What do shifts in magma composition suggest?",
      "options": [
        "The volcano is extinct",
        "Changes in depth and storage time before eruptions",
        "Mars has no magma",
        "The eruptions were all the same"
      ],
      "correct_answer": "Changes in depth and storage time before eruptions"
    },
    {
      "question": "Why is this study significant for understanding Mars' interior?",
      "options": [
        "It proves Mars has no volcanic activity",
        "It offers insights through orbital observations without direct sampling",
        "It shows that Mars is identical to Earth",
        "It focuses only on surface features"
      ],
      "correct_answer": "It offers insights through orbital observations without direct sampling"
    },
    {
      "question": "What role did the international team play in the research?",
      "options": [
        "They built a volcano on Mars",
        "They mapped the volcanic system and analyzed data",
        "They collected samples from Pavonis Mons",
        "They only took pictures from Earth"
      ],
      "correct_answer": "They mapped the volcanic system and analyzed data"
    },
    {
      "question": "How does this research relate to other rocky worlds?",
      "options": [
        "It only applies to Mars",
        "It highlights the value of remote sensing for understanding volcanic evolution",
        "It suggests all volcanoes erupt once",
        "It focuses on atmospheric studies"
      ],
      "correct_answer": "It highlights the value of remote sensing for understanding volcanic evolution"
    },
    {
      "question": "What is the main purpose of using mineral data in this study?",
      "options": [
        "To date the volcano's age",
        "To track how magma composition shifted over time",
        "To identify water on Mars",
        "To measure the volcano's temperature"
      ],
      "correct_answer": "To track how magma composition shifted over time"
    }
  ],
  "background_read": [
    "Mars, the fourth planet from the Sun, has a geological history marked by volcanic activity, with features like shield volcanoes and lava plains. Studying Martian volcanoes helps scientists understand planetary formation and interior processes. Orbital missions, such as NASA's Mars Reconnaissance Orbiter, provide high-resolution imagery and spectral data to analyze surface minerals and structures. This article discusses a study that uses such data to investigate a young volcanic system near Pavonis Mons, revealing complex magma evolution. Understanding these processes on Mars can inform comparisons with Earth and other rocky planets, emphasizing the importance of remote sensing in planetary science."
  ],
  "Article_Structure": [
    "Main Points: The study shows that young Martian volcanoes have complex magma systems that evolved through multiple eruptive phases, with mineral data indicating shifts in composition. Purpose: To demonstrate that Mars' recent volcanic activity involves intricate subsurface processes and to highlight the effectiveness of orbital observations for planetary geology. Evidence Evaluation: High-resolution images and mineral measurements from orbit provide reliable indirect evidence, though direct rock sampling is lacking. Author Credibility: Researchers from international universities with expertise in geology and planetary science. Methodology: Surface mapping paired with orbital mineral data to reconstruct volcanic development over time."
  ],
  "perspectives": [
    {
      "perspective": "Geological Insight",
      "description": "Reveals that Mars has dynamic and evolving volcanic systems, challenging earlier assumptions of simple one-time eruptions and advancing our understanding of planetary interiors."
    }
  ],
  "image_url": "/article_images/article_ab48e582df842c86_5212532f0b1c.webp"
}