{
  "title": "Investigation into the Abduction of a News Anchor's Mother",
  "summary": "Nancy Guthrie, the 84-year-old mother of NBC News anchor Savannah Guthrie, is suspected to have been abducted from her home in Tucson, Arizona. She was last seen on Saturday evening, and her family reported her missing the following day. Pima County Sheriff Chris Nanos expressed grave concern about the scene at her property, indicating she did not leave willingly. The investigation is active, with the FBI assisting, and authorities are exploring possibilities such as stalking or harassment. Search efforts included drones, aircraft, helicopters, heat sensors, and infrared technology, but searchers were sent home to rest after an overnight operation. Nancy is described as not in good physical health but without cognitive issues. Homicide detectives were called to the scene, which is unusual for a missing person case, suggesting serious concerns. Savannah Guthrie was absent from her Today show and issued a statement thanking the public for support. The sheriff urged anyone with information to come forward, as the motive remains unclear.",
  "keywords": [
    {
      "term": "abduction",
      "explanation": "the act of taking someone away by force or deception"
    },
    {
      "term": "law enforcement",
      "explanation": "agencies like police that enforce laws and investigate crimes"
    },
    {
      "term": "investigation",
      "explanation": "a systematic process to gather facts and solve a case"
    },
    {
      "term": "FBI",
      "explanation": "Federal Bureau of Investigation, a U.S. agency that handles serious crimes"
    },
    {
      "term": "missing persons case",
      "explanation": "a legal matter where someone's whereabouts are unknown"
    }
  ],
  "questions": [
    {
      "question": "Who is leading the investigation into Nancy Guthrie's disappearance?",
      "options": [
        "Pima County Sheriff Chris Nanos",
        "Savannah Guthrie",
        "The FBI director",
        "A local detective"
      ],
      "correct_answer": "Pima County Sheriff Chris Nanos"
    },
    {
      "question": "What technology was used in the search for Nancy?",
      "options": [
        "Drones and heat sensors",
        "Only helicopters",
        "Boats and submarines",
        "Satellites and telescopes"
      ],
      "correct_answer": "Drones and heat sensors"
    },
    {
      "question": "Why is the involvement of homicide detectives notable?",
      "options": [
        "It is not standard for missing person cases",
        "They always help in searches",
        "They are friends with the family",
        "They found evidence quickly"
      ],
      "correct_answer": "It is not standard for missing person cases"
    },
    {
      "question": "What is Nancy Guthrie's health condition?",
      "options": [
        "Not in good physical health but no cognitive issues",
        "Perfectly healthy",
        "Has memory problems",
        "Is very athletic"
      ],
      "correct_answer": "Not in good physical health but no cognitive issues"
    },
    {
      "question": "Which agency is assisting in the investigation?",
      "options": [
        "FBI",
        "CIA",
        "NASA",
        "Local schools"
      ],
      "correct_answer": "FBI"
    },
    {
      "question": "When was Nancy Guthrie last seen?",
      "options": [
        "Saturday evening",
        "Friday morning",
        "Sunday afternoon",
        "Monday night"
      ],
      "correct_answer": "Saturday evening"
    },
    {
      "question": "What did Savannah Guthrie do in response to the situation?",
      "options": [
        "Issued a statement thanking supporters",
        "Continued hosting her show",
        "Moved to Arizona",
        "Started a search party"
      ],
      "correct_answer": "Issued a statement thanking supporters"
    },
    {
      "question": "What is the sheriff's main request to the public?",
      "options": [
        "Call with any information",
        "Stay away from the area",
        "Donate money",
        "Share on social media"
      ],
      "correct_answer": "Call with any information"
    }
  ],
  "background_read": [
    "This article covers the disappearance of Nancy Guthrie, mother of prominent NBC anchor Savannah Guthrie, in Arizona. It highlights law enforcement's serious response, including FBI involvement and use of advanced search technology. Missing person cases often involve complex investigations where police assess evidence and motives. The article shows how high-profile cases can attract media attention and public concern. Understanding such events helps students learn about crime investigation, community safety, and the role of news in reporting sensitive issues."
  ],
  "Article_Structure": [
    "Main Points: The article reports on the suspected abduction of Nancy Guthrie, with law enforcement expressing grave concern and conducting an active investigation using advanced tools. Purpose: To inform the public about a high-profile missing person case and update on search efforts. Evidence Evaluation: Based on sheriff statements and family reports, but lacks direct evidence details; sources include CBS and NBC. Author Credibility: BBC is a reputable news source, but article relies on secondary reports from partners. Methodology: Gathers information from press conferences, statements, and law enforcement sources, typical for news reporting."
  ],
  "perspectives": [
    {
      "perspective": "Law enforcement perspective",
      "description": "Focuses on investigation details, search efforts, and public appeals for information."
    }
  ],
  "image_url": "/article_images/article_55240e26eb7a7d48_178a3e4138e6.webp"
}