{
  "title": "Fun Art Show for Bridget Riley",
  "summary": "A new art exhibit is open at the Turner Contemporary gallery in Kent, England. It shows paintings by Bridget Riley, a famous British artist who is 94 years old. The exhibit has her art from the 1960s, recent wall paintings, and new canvases. It is called Learning to See and is free to visit until May 4th. The curator, Melissa Blanchflower, says it is special to see the art in person. She worked closely with Riley and learned more about her work. The gallery also has drawing classes inspired by Riley for people to join. This is a great chance to enjoy colorful and exciting art.",
  "keywords": [
    {
      "term": "exhibit",
      "explanation": "a show where art is displayed for people to see"
    },
    {
      "term": "artist",
      "explanation": "a person who creates paintings or other artworks"
    },
    {
      "term": "curator",
      "explanation": "someone who plans and organizes art shows"
    },
    {
      "term": "gallery",
      "explanation": "a building or room where art is shown to the public"
    },
    {
      "term": "painting",
      "explanation": "a picture made with colors on a surface like canvas"
    },
    {
      "term": "drawing",
      "explanation": "making pictures with pencils or pens on paper"
    }
  ],
  "questions": [
    {
      "question": "Where is the Bridget Riley exhibit taking place?",
      "options": [
        "Turner Contemporary in Kent",
        "A museum in London",
        "A school in Margate",
        "An online gallery"
      ],
      "correct_answer": "Turner Contemporary in Kent"
    },
    {
      "question": "How old is Bridget Riley?",
      "options": [
        "94 years old",
        "70 years old",
        "50 years old",
        "100 years old"
      ],
      "correct_answer": "94 years old"
    },
    {
      "question": "What is the name of the exhibit?",
      "options": [
        "Learning to See",
        "Colorful Art",
        "Modern Paintings",
        "British Artists"
      ],
      "correct_answer": "Learning to See"
    },
    {
      "question": "Who is the curator of the exhibit?",
      "options": [
        "Melissa Blanchflower",
        "Bridget Riley",
        "Claude Monet",
        "Eugène Boudin"
      ],
      "correct_answer": "Melissa Blanchflower"
    },
    {
      "question": "Until when will the exhibit run?",
      "options": [
        "May 4th",
        "June 1st",
        "December 25th",
        "Next year"
      ],
      "correct_answer": "May 4th"
    },
    {
      "question": "What else is the gallery offering besides the exhibit?",
      "options": [
        "Drawing classes",
        "Music concerts",
        "Cooking lessons",
        "Sports events"
      ],
      "correct_answer": "Drawing classes"
    }
  ],
  "background_read": [
    "Bridget Riley is a famous artist from England known for her colorful and patterned paintings that can make your eyes feel like they are moving. She started making art a long time ago and is still creating today. An art gallery is a place where people can go to see art for free or sometimes pay a little money. Curators help choose which art to show and make sure everything looks nice. This exhibit lets people see how Riley's art has changed over many years."
  ],
  "Article_Structure": [
    "WHO: Bridget Riley, the artist, and Melissa Blanchflower, the curator",
    "WHAT: An art exhibit showing Riley's paintings from different times",
    "WHERE: Turner Contemporary gallery in Kent, England",
    "WHY: To let people see and experience Riley's art in person and learn from it"
  ],
  "perspectives": [
    {
      "perspective": "Artist's view",
      "description": "Bridget Riley might want people to enjoy the colors and patterns in her art and feel inspired."
    },
    {
      "perspective": "Curator's view",
      "description": "Melissa Blanchflower thinks it is important for people to see the art up close to understand it better."
    }
  ],
  "image_url": "/article_images/article_001d3fb06b3c8a5b_846b6b4e3453.webp"
}