{
  "title": "Sinner's Composed Demeanor Secures Advancement in ATP Finals Knockout Stage",
  "summary": "Jannik Sinner's victory over Alexander Zverev in the ATP Finals exemplifies his maturation as a elite tennis player, characterized by a composed and disciplined approach that disrupted Zverev's game plan. Sinner's ability to maintain focus under pressure allowed him to execute precise shots and capitalize on Zverev's errors, ultimately securing a place in the semi-finals. The ATP Finals, as a premier year-end tournament, aggregates the top eight players globally, and this match underscores the psychological dimensions of high-level tennis, where mental fortitude can dictate outcomes. Sinner's progression not only enhances his ranking but also positions him as a formidable contender in future competitions. Analysis of the match reveals how tactical consistency and emotional control can neutralize aggressive opponents, offering insights into modern tennis strategies. This event highlights the evolving dynamics of the sport, where younger players like Sinner challenge established figures.",
  "keywords": [
    {
      "term": "composed performance",
      "explanation": "a display of calm and controlled play, often under stressful conditions"
    },
    {
      "term": "knockout stages",
      "explanation": "phases in a tournament where defeat results in immediate elimination"
    },
    {
      "term": "ATP Finals",
      "explanation": "the season-ending championship for the Association of Tennis Professionals, featuring the world's top-ranked players"
    },
    {
      "term": "psychological dimensions",
      "explanation": "aspects related to mental processes, such as focus and resilience, that influence performance"
    },
    {
      "term": "mental fortitude",
      "explanation": "the strength of mind to endure challenges and maintain performance"
    },
    {
      "term": "tactical consistency",
      "explanation": "the ability to stick to a game plan and execute strategies reliably"
    },
    {
      "term": "elite player",
      "explanation": "a competitor at the highest level of skill and achievement in a sport"
    },
    {
      "term": "game plan",
      "explanation": "a premeditated strategy used during a match to achieve victory"
    },
    {
      "term": "capitalize",
      "explanation": "to take advantage of opportunities, such as opponents' mistakes"
    },
    {
      "term": "premier tournament",
      "explanation": "a top-tier event that holds significant importance and prestige"
    },
    {
      "term": "aggregates",
      "explanation": "brings together or collects, as in top players for a competition"
    },
    {
      "term": "formidable contender",
      "explanation": "a strong and respected competitor likely to succeed"
    }
  ],
  "questions": [
    {
      "question": "How did Sinner's mental approach contribute to his victory?",
      "options": [
        "By staying composed and focused",
        "By being aggressive from the start",
        "By relying on luck",
        "By ignoring the opponent"
      ],
      "correct_answer": "By staying composed and focused"
    },
    {
      "question": "What does advancing to the semi-finals of the ATP Finals imply for Sinner?",
      "options": [
        "Enhanced ranking and contender status",
        "Automatic tournament win",
        "Retirement from tennis",
        "Loss of sponsorship"
      ],
      "correct_answer": "Enhanced ranking and contender status"
    },
    {
      "question": "Which aspect of Zverev's game was affected by Sinner's performance?",
      "options": [
        "His rhythm and focus",
        "His physical fitness",
        "His racket choice",
        "His travel schedule"
      ],
      "correct_answer": "His rhythm and focus"
    },
    {
      "question": "What is the role of psychological factors in this match?",
      "options": [
        "They played a key role in the outcome",
        "They were irrelevant",
        "They only affected the fans",
        "They changed the rules"
      ],
      "correct_answer": "They played a key role in the outcome"
    },
    {
      "question": "How does the ATP Finals structure influence player strategies?",
      "options": [
        "It encourages consistent performance in knockout rounds",
        "It allows unlimited retries",
        "It focuses only on physical strength",
        "It eliminates mental challenges"
      ],
      "correct_answer": "It encourages consistent performance in knockout rounds"
    },
    {
      "question": "What evidence supports Sinner's composed demeanor in the article?",
      "options": [
        "The description of his performance frustrating Zverev",
        "Statistics on his serve speed",
        "Quotes from his coach",
        "Details on the court surface"
      ],
      "correct_answer": "The description of his performance frustrating Zverev"
    },
    {
      "question": "Why is the ATP Finals considered a premier tournament?",
      "options": [
        "It features top players and concludes the season",
        "It is the oldest tennis event",
        "It has the largest audience",
        "It is played on grass only"
      ],
      "correct_answer": "It features top players and concludes the season"
    },
    {
      "question": "How might Sinner's victory impact his future career?",
      "options": [
        "It boosts his confidence and ranking",
        "It forces him to change sports",
        "It has no long-term effects",
        "It leads to immediate retirement"
      ],
      "correct_answer": "It boosts his confidence and ranking"
    },
    {
      "question": "What methodological approach did the article use?",
      "options": [
        "Descriptive reporting of match events",
        "Statistical analysis of player data",
        "Experimental research",
        "Historical comparison"
      ],
      "correct_answer": "Descriptive reporting of match events"
    },
    {
      "question": "What limitation does the article have in terms of evidence?",
      "options": [
        "It lacks detailed statistical support",
        "It provides too much player biography",
        "It ignores the match outcome",
        "It focuses only on Zverev's perspective"
      ],
      "correct_answer": "It lacks detailed statistical support"
    },
    {
      "question": "How does the author establish credibility?",
      "options": [
        "Through affiliation with BBC Sports",
        "By being a former player",
        "Via personal experience in the match",
        "By citing multiple scientific studies"
      ],
      "correct_answer": "Through affiliation with BBC Sports"
    },
    {
      "question": "What critical assessment can be made of the article's coverage?",
      "options": [
        "It offers a surface-level account without in-depth analysis",
        "It provides exhaustive data on player physiology",
        "It ignores the match entirely",
        "It focuses solely on financial aspects"
      ],
      "correct_answer": "It offers a surface-level account without in-depth analysis"
    }
  ],
  "background_read": [
    "The ATP Finals is the culmination of the ATP Tour season, involving the top eight singles players and doubles teams based on points earned throughout the year. Held annually, it employs a round-robin format in groups, followed by semi-finals and a final, emphasizing consistency and peak performance. Historically, winners like Novak Djokovic and Roger Federer have cemented their legacies here. Tennis strategy involves not only physical prowess but also mental agility, with players often working with sports psychologists. The rise of young talents like Sinner reflects shifts in the sport's competitive landscape, where experience and youth intersect."
  ],
  "Article_Structure": [
    "This article details Jannik Sinner's match against Alexander Zverev in the ATP Finals, emphasizing Sinner's composed performance that secured his semi-final spot. Main points include Sinner's tactical discipline and Zverev's resultant frustration, highlighting the psychological interplay in elite tennis. The purpose is to report on the match outcome and underscore Sinner's emerging status, situated within the broader context of year-end tournaments shaping player careers. Evidence evaluation notes the descriptive nature of the reporting, relying on observable match events without statistical depth, which limits analytical rigor. Author credibility stems from BBC Tennis's reputation in sports journalism, though individual expertise isn't specified, potentially introducing bias towards narrative over data. Methodology involves standard news gathering, such as match observation and possibly post-game comments, offering a timely but superficial account. Critical assessment reveals strengths in accessibility and engagement but weaknesses in lacking detailed evidence, player insights, or contextual statistics, which could enhance understanding of performance metrics and long-term implications."
  ],
  "perspectives": [
    {
      "perspective": "Sinner's viewpoint",
      "description": "He may perceive the win as validation of his training and mental strategies, aiming to build momentum for future tournaments"
    },
    {
      "perspective": "Zverev's viewpoint",
      "description": "He might analyze the loss as a failure to adapt to Sinner's consistency, prompting adjustments in his mental game"
    },
    {
      "perspective": "Analyst viewpoint",
      "description": "Experts could see this as indicative of Sinner's potential to challenge top rankings, emphasizing the importance of psychological resilience in modern tennis"
    },
    {
      "perspective": "Organizational viewpoint",
      "description": "The ATP might view such matches as enhancing the tournament's appeal by showcasing rising stars and competitive drama"
    }
  ],
  "image_url": "/article_images/article_4d7d2769e0ba3991_1d90d13f2f35.jpg"
}