{
  "title": "Analyzing a Shark Attack: Trauma, Survival, and Psychological Impact",
  "summary": "In April 2024, Peter Smith, a 66-year-old retired IT director from Hertfordshire, experienced a traumatic shark attack during a holiday in Tobago, a Caribbean island where such incidents are virtually unknown. While swimming in shallow waters, he was bitten by a bull shark—a species renowned for its aggression and propensity to inhabit coastal areas—estimated at 10 feet in length. The attack resulted in multiple bites to his leg, arm, and stomach, causing deep lacerations, significant blood loss, and near loss of consciousness. Demonstrating acute survival instincts, Peter responded by aggressively punching the shark, a reaction he describes as the most forceful action of his life. His friends, John and Moira, intervened to assist in the struggle and facilitate his extraction from the water, while his wife Joanna witnessed the aftermath, including visible bone injuries. Transported to Tobago's sole hospital, Peter endured intense pain and medical treatment for his wounds. In a subsequent interview with BBC News, he reveals a nuanced perspective: despite the severity of the attack, he expresses no lingering fear of sharks, attributing this to the rarity of such events and his personal coping mechanisms. This narrative not only recounts a harrowing survival story but also invites analysis of risk perception, psychological resilience, and the ethical considerations of human-wildlife interactions in tourist destinations.",
  "keywords": [
    {
      "term": "traumatic",
      "explanation": "involving severe psychological or physical distress, often leading to long-term effects"
    },
    {
      "term": "bull shark",
      "explanation": "Carcharhinus leucas, a species known for its tolerance of freshwater and aggressive attacks in shallow waters"
    },
    {
      "term": "lacerations",
      "explanation": "irregular wounds caused by tearing of soft tissue, often requiring surgical intervention"
    },
    {
      "term": "survival instincts",
      "explanation": "innate behavioral responses, such as fight-or-flight, that enhance chances of survival in life-threatening situations"
    },
    {
      "term": "psychological resilience",
      "explanation": "the capacity to adapt and recover mentally from adversity or trauma"
    },
    {
      "term": "risk perception",
      "explanation": "the subjective judgment individuals make about the characteristics and severity of risks"
    },
    {
      "term": "human-wildlife interactions",
      "explanation": "the study of encounters between humans and animals, often focusing on conflict and coexistence"
    },
    {
      "term": "ethical considerations",
      "explanation": "moral principles involved in decision-making, such as balancing safety with environmental conservation"
    },
    {
      "term": "tourist destinations",
      "explanation": "locations popular for travel, where economic benefits may conflict with natural hazards"
    },
    {
      "term": "coping mechanisms",
      "explanation": "strategies used to manage stress or trauma, such as rationalization or positive reframing"
    }
  ],
  "questions": [
    {
      "question": "What factors made the shark attack in Tobago particularly unusual?",
      "options": [
        "Tobago has frequent shark attacks",
        "Bull sharks are rare in the Caribbean",
        "Attacks are unheard of on the island",
        "Peter was an experienced swimmer"
      ],
      "correct_answer": "Attacks are unheard of on the island"
    },
    {
      "question": "How does Peter's response to the attack illustrate survival instincts?",
      "options": [
        "He remained passive",
        "He punched the shark aggressively",
        "He immediately called for help",
        "He tried to reason with the shark"
      ],
      "correct_answer": "He punched the shark aggressively"
    },
    {
      "question": "What psychological insight does Peter provide post-attack?",
      "options": [
        "He developed a phobia of water",
        "He expresses no fear of sharks",
        "He blames himself for the incident",
        "He advocates for shark culling"
      ],
      "correct_answer": "He expresses no fear of sharks"
    },
    {
      "question": "What role did Peter's friends play during the incident?",
      "options": [
        "They filmed the attack",
        "They helped fight the shark and raise the alarm",
        "They stayed on the beach",
        "They provided medical treatment"
      ],
      "correct_answer": "They helped fight the shark and raise the alarm"
    },
    {
      "question": "How does the article address the credibility of Peter's account?",
      "options": [
        "It includes scientific data to verify his story",
        "It relies solely on his interview without external validation",
        "It cites eyewitness reports from strangers",
        "It dismisses his experience as exaggerated"
      ],
      "correct_answer": "It relies solely on his interview without external validation"
    },
    {
      "question": "What methodological approach does the article use to convey the story?",
      "options": [
        "Statistical analysis of shark attacks",
        "Interview-based narrative with descriptive details",
        "Experimental study on shark behavior",
        "Historical comparison with past incidents"
      ],
      "correct_answer": "Interview-based narrative with descriptive details"
    },
    {
      "question": "What critical assessment can be made about the article's coverage?",
      "options": [
        "It provides a balanced view of shark ecology",
        "It focuses on human drama over scientific context",
        "It includes extensive data on Tobago's marine life",
        "It criticizes Peter's actions during the attack"
      ],
      "correct_answer": "It focuses on human drama over scientific context"
    },
    {
      "question": "How does Peter's experience relate to broader themes of risk in tourism?",
      "options": [
        "It highlights the inevitability of wildlife attacks",
        "It underscores the rarity of such events in popular destinations",
        "It suggests tourists should avoid swimming entirely",
        "It promotes increased surveillance in all beaches"
      ],
      "correct_answer": "It underscores the rarity of such events in popular destinations"
    },
    {
      "question": "What ethical considerations arise from this incident?",
      "options": [
        "Whether to eradicate sharks from tourist areas",
        "Balancing human safety with conservation of marine predators",
        "Ignoring wildlife risks for economic gain",
        "Promoting fear to increase media ratings"
      ],
      "correct_answer": "Balancing human safety with conservation of marine predators"
    },
    {
      "question": "What limitation does the article have in terms of evidence?",
      "options": [
        "It over-relies on subjective personal testimony",
        "It includes peer-reviewed research on bull sharks",
        "It provides multiple independent accounts",
        "It uses video footage to corroborate events"
      ],
      "correct_answer": "It over-relies on subjective personal testimony"
    }
  ],
  "background_read": [
    "Shark attacks, while statistically rare, involve complex ecological and human factors; bull sharks (Carcharhinus leucas) are particularly implicated due to their euryhaline nature and presence in shallow waters. Tobago, part of Trinidad and Tobago, is a developing tourist destination with minimal recorded shark incidents, raising questions about environmental changes or chance events. Psychological resilience post-trauma, as demonstrated by Peter, involves coping strategies like cognitive reframing, relevant to studies in health sciences. Risk perception theories, such as the availability heuristic, may explain public reactions to such media stories. Ethical debates in conservation often center on mitigating human-wildlife conflict without harming ecosystems. This article serves as a case study for high school students exploring interdisciplinary topics in biology, psychology, and ethics, emphasizing critical analysis of media narratives and evidence quality."
  ],
  "Article_Structure": [
    "Main Points: The article details Peter Smith's shark attack, emphasizing his physical fight, severe injuries, rescue, and psychological outcome of no fear post-attack. Purpose: To report a rare event, explore human survival and resilience, and engage readers with a dramatic personal story. Evidence Evaluation: Based on Peter's interview, offering vivid but anecdotal evidence; lacks corroboration from scientific sources or multiple witnesses, limiting objectivity. Author Credibility: BBC News provides journalistic credibility, but the piece prioritizes narrative over rigorous investigation, potentially introducing bias. Methodology: Uses qualitative interview methods to capture Peter's perspective, with emotive language to enhance engagement. Critical Assessment: Strengths include compelling storytelling and insights into personal trauma; limitations involve insufficient context on shark ecology and reliance on a single subjective account, which may skew risk perceptions."
  ],
  "perspectives": [
    {
      "perspective": "Media representation of risk",
      "description": "The article highlights how rare events are sensationalized, affecting public understanding of actual dangers."
    }
  ],
  "image_url": "/article_images/article_ae0ab58c9e11dc36_755ae2c178a5.webp"
}