{
  "title": "Radiohead's Amazing Concert in London",
  "summary": "Radiohead, a famous band, played a big show in London after a long break. They hadn't performed in the UK for 99 months and hadn't released new music in 10 years. Fans were very excited. The band played many songs from their old albums, like The Bends and A Moon Shaped Pool. There were some small mistakes, but overall, the concert was magical and fun. People in the audience enjoyed dancing and nodding to the music. Songs like Lucky and No Surprises made everyone happy. It was a special night for all the fans who had been waiting so long.",
  "keywords": [
    {
      "term": "band",
      "explanation": "a group of people who play music together"
    },
    {
      "term": "concert",
      "explanation": "a live music performance for an audience"
    },
    {
      "term": "album",
      "explanation": "a collection of songs released together"
    },
    {
      "term": "fan",
      "explanation": "a person who really likes a band or singer"
    },
    {
      "term": "song",
      "explanation": "a piece of music with words to sing"
    },
    {
      "term": "audience",
      "explanation": "the group of people watching a show"
    }
  ],
  "questions": [
    {
      "question": "How long had it been since Radiohead's last UK gig?",
      "options": [
        "99 months",
        "10 years",
        "65 months",
        "5 years"
      ],
      "correct_answer": "99 months"
    },
    {
      "question": "Where did the concert take place?",
      "options": [
        "O2 Arena in London",
        "A park in Spain",
        "A school in Italy",
        "A studio in the US"
      ],
      "correct_answer": "O2 Arena in London"
    },
    {
      "question": "What did Thom Yorke say before the encore?",
      "options": [
        "Whenever you're ready",
        "Thank you",
        "Let's dance",
        "Good night"
      ],
      "correct_answer": "Whenever you're ready"
    },
    {
      "question": "Which song did they play first?",
      "options": [
        "Planet Telex",
        "2+2=5",
        "Sit Down, Stand Up",
        "Lucky"
      ],
      "correct_answer": "Planet Telex"
    },
    {
      "question": "What did the audience do during 15 Step?",
      "options": [
        "Bobbed their heads",
        "Clapped in time",
        "Sang loudly",
        "Danced wildly"
      ],
      "correct_answer": "Bobbed their heads"
    },
    {
      "question": "Why were fans excited for the concert?",
      "options": [
        "Radiohead hadn't played in the UK for a long time",
        "They released a new album",
        "It was a free show",
        "They played only new songs"
      ],
      "correct_answer": "Radiohead hadn't played in the UK for a long time"
    }
  ],
  "background_read": [
    "Radiohead is a popular rock band from England that started in the 1990s. They are known for their unique music that mixes rock, electronic sounds, and thoughtful lyrics. Over the years, they have made many albums that fans love. Concerts are events where bands play live music for people. The O2 Arena is a big place in London where many famous artists perform. Fans often wait a long time to see their favorite bands, and when they do, it's a fun and exciting experience."
  ],
  "Article_Structure": [
    "WHO: Radiohead band and their fans",
    "WHAT: A concert with many songs and some mistakes",
    "WHERE: O2 Arena in London",
    "WHY: To perform after a long break and entertain fans"
  ],
  "perspectives": [
    {
      "perspective": "Fan excitement",
      "description": "Fans were very happy to see Radiohead after waiting so long."
    },
    {
      "perspective": "Band performance",
      "description": "The band played well but had a few small errors."
    }
  ],
  "image_url": "/article_images/article_0f67b3de7a9298a0_8640bd069f0c.webp"
}