{
  "articles": [
    {
      "id": "4848eced00bb74e7",
      "title": "Euphoria Season 3: Narrative Evolution and Production Complexities",
      "summary": "Sam Levinson, the creator of HBO's critically acclaimed drama Euphoria, has unveiled preliminary details for the highly anticipated third season, scheduled for release in April next year following a production hiatus exceeding four years. The series, renowned for its gritty exploration of adolescent and young adult issues such as drug addiction, sexual identity, and societal pressures, features a prominent ensemble cast including Zendaya, Sydney Sweeney, and Jacob Elordi. Levinson announced a narrative time jump of five years, positioning the characters in early adulthood, with Rue grappling with debt in Mexico, Cassie and Nate navigating an engagement amid social media-driven insecurities, Jules pursuing art school, Maddy entrenched in Hollywood's talent industry, and Lexi serving as an assistant to a showrunner portrayed by Sharon Stone. Newcomers Rosalía and Trisha Paytas will integrate into this evolved timeline. However, the season's development has been marred by significant obstacles: the tragic death of actor Angus Cloud, who played Fezco, and Hollywood labor strikes precipitated delays, raising questions about narrative adjustments. Additionally, cast departures, such as Barbie Ferreira's exit, further complicate the creative landscape. Levinson asserts this season represents the series' pinnacle, yet it must contend with the legacy of his prior project, The Idol, which faced severe criticism.",
      "source": "BBC Entertainment",
      "time_ago": "1 hour ago",
      "image_url": "/article_images/article_4848eced00bb74e7_71ba8b0797c9.webp",
      "category": "Fun"
    },
    {
      "id": "991fa1782666189c",
      "title": "Strategic Defect Engineering in Graphene for Enhanced Functional Properties",
      "summary": "This article details a groundbreaking approach in materials science where researchers engineered structural defects in graphene to augment its functional capabilities, with implications for sensors, batteries, and semiconductor technologies. A collaborative team from the University of Nottingham, University of Warwick, and Diamond Light Source devised a single-step synthesis using Azupyrene, a molecule whose inherent ring structure mirrors the targeted 5-7 atom defect pattern in graphene. Contrary to conventional views where defects impair material integrity, this study demonstrates that intentional imperfections can enhance graphene's catalytic 'stickiness,' improve gas detection sensitivity in sensors, and modulate electronic and magnetic properties for advanced electronics. The methodology involved precise temperature modulation during film growth to control defect density, validated through high-resolution microscopy and spectroscopy at facilities like Diamond Light Source and MAX IV, alongside computational simulations on ARCHER2 supercomputer. International cooperation across the UK, Germany, and Sweden facilitated a multidisciplinary analysis, confirming defect stability upon transfer to substrates. This research underscores the paradigm shift towards defect-driven material design, offering a scalable route for tailoring graphene's properties to meet industrial demands while highlighting the synergistic role of cross-border scientific integration in pushing technological frontiers.",
      "source": "Science Daily - Technology",
      "time_ago": "6 hours ago",
      "image_url": "/article_images/article_991fa1782666189c_033027496619.webp",
      "category": "Fun"
    },
    {
      "id": "3fafd9c363f1cc31",
      "title": "FROSTI: A Precision Optics Breakthrough for Enhancing Gravitational-Wave Observatories",
      "summary": "A significant advancement in optical instrumentation, detailed in a paper published in Optica, introduces FROSTI (FROnt Surface Type Irradiator), a prototype developed by physicist Jonathan Richardson and colleagues at the University of California, Riverside. This system addresses a critical limitation in the Laser Interferometer Gravitational-Wave Observatory (LIGO), where increasing laser power to enhance sensitivity induces thermal distortions in the mirrors, compromising the detection of gravitational waves—ripples in spacetime from events such as black hole collisions. FROSTI employs an advanced adaptive optics approach, using precision thermal control to reshape mirror surfaces under megawatt-level laser irradiation, thereby maintaining optical fidelity without introducing additional noise. This innovation is pivotal for upcoming upgrades like LIGO A# and next-generation detectors such as Cosmic Explorer, potentially expanding the observable gravitational-wave universe by a factor of ten. By enabling clearer observations of distant astrophysical phenomena, FROSTI could facilitate the study of millions of black hole and neutron star mergers across cosmic history, offering deeper insights into fundamental physics, cosmology, and matter under extreme conditions.",
      "source": "Science Daily - Technology",
      "time_ago": "7 hours ago",
      "image_url": "/article_images/article_3fafd9c363f1cc31_ce3f26201950.webp",
      "category": "Fun"
    },
    {
      "id": "98cb469d9a6c6cd0",
      "title": "Eurovision at a Crossroads: Geopolitical Tensions and Institutional Integrity",
      "summary": "The Eurovision Song Contest confronts a defining moment as the European Broadcasting Union (EBU) convenes a watershed meeting in Geneva to adjudicate Israel's continued participation. This deliberation arises amidst escalating geopolitical friction, with nations such as Ireland, Spain, the Netherlands, and Slovenia declaring boycotts in protest of Israel's military operations in Gaza, while Germany signals potential withdrawal if Israel is excluded, underscoring the contest's entanglement with international diplomacy. Incidents like the attempted stage disruption during the 2024 final in Basel, where Israel's contestant Yuval Raphael secured second place, exemplify the visceral public backlash. Concurrently, allegations surface that Israel's government orchestrated a paid advertising campaign to artificially inflate voting outcomes, prompting the EBU to enact stringent reforms: reducing individual vote limits from 20 to 10, enhancing fraud detection mechanisms, and discouraging disproportionate promotional activities by third parties, including governmental bodies. Israel refutes these claims, attributing them to a global smear campaign, and the EBU's measures aim to fortify the contest's neutrality. This scenario illuminates broader themes of cultural diplomacy, media ethics, and institutional governance, as Eurovision navigates the precarious balance between artistic expression and socio-political accountability.",
      "source": "BBC Entertainment",
      "time_ago": "12 hours ago",
      "image_url": "/article_images/article_98cb469d9a6c6cd0_e6b1173b57f2.webp",
      "category": "Fun"
    },
    {
      "id": "bba036e170738bc4",
      "title": "Miley Cyrus's Engagement Announcement: A Glimpse into Celebrity Relationships and Personal Growth",
      "summary": "Miley Cyrus, an acclaimed three-time Grammy-winning artist, has formally announced her engagement to musician Maxx Morando, her partner of four years, in an interview on Good Morning America. The revelation includes details of Morando's proposal during a trip to Asia, which Cyrus described as a surprising moment despite her controlling nature. She showcased a gold and diamond engagement ring at the Los Angeles premiere of Avatar: Fire and Ash, symbolizing their commitment. Cyrus, who was previously married to actor Liam Hemsworth from 2018 to 2019 after a decade-long relationship, met Morando via a blind date in 2023. Morando, a drummer for the LA-based band Liily, participated in Cyrus's New Year's Eve event in 2022, highlighting their professional crossover. In her statements, Cyrus emphasized Morando's role in her personal development, noting 'drastic growth' during their relationship, and discussed her latest musical contribution to the Avatar franchise. Additionally, she addressed her reluctance to tour, citing the difficulties of sustaining sobriety and mental wellness while traveling, reflecting broader conversations on artist well-being in the music industry.",
      "source": "BBC Entertainment",
      "time_ago": "13 hours ago",
      "image_url": "/article_images/article_bba036e170738bc4_5d21ad3844ce.webp",
      "category": "Fun"
    },
    {
      "id": "c43d79e1355233a3",
      "title": "Analysis of Brits Critics' Choice Award Nominees and Industry Implications",
      "summary": "The announcement of the Brits Critics' Choice Award nominees for 2026, featuring Sienna Spiro, Jacob Alon, and Rose Gray, underscores the award's role in identifying and promoting emerging talent within the UK music industry. Previously known as Brits Rising Star, this award is curated by a panel of industry experts to highlight artists with potential for significant impact. The winner will be unveiled in January, preceding the Brit Awards ceremony on February 28 in Manchester, a location shift that may reflect broader trends in decentralizing major cultural events. The article emphasizes the award's historical significance, with past recipients like Adele and Sam Fender achieving global acclaim, thereby validating its predictive power for career trajectories. Rose Gray's narrative illustrates the personal and professional ramifications of such recognition; her debut album 'Louder, Please' and performances with established acts like Confidence Man and the Sugababes demonstrate early career momentum. Sienna Spiro's overwhelmed reaction highlights the emotional weight of industry validation. This coverage not only informs about specific artists but also engages with themes of talent discovery, industry gatekeeping, and the evolving landscape of music awards as platforms for artistic advancement and audience expansion.",
      "source": "BBC Entertainment",
      "time_ago": "18 hours ago",
      "image_url": "/article_images/article_c43d79e1355233a3_ea546ccd3af0.webp",
      "category": "Fun"
    }
  ]
}