{
  "articles": [
    {
      "id": "4bb5f0e3e9a065db",
      "title": "Testing a Fentanyl Vaccine: A New Approach to Overdose Prevention",
      "summary": "Fentanyl is a synthetic opioid that is extremely potent, causing many overdose deaths in the United States, particularly among young adults. ARMR Sciences, led by CEO Collin Gage, is developing a vaccine to combat this crisis. Unlike current treatments like Naloxone, which reverse overdoses after they occur, this vaccine aims to prevent overdoses by training the immune system to produce antibodies that bind to fentanyl in the bloodstream. This prevents the drug from crossing the blood-brain barrier, thus avoiding both the euphoric effects and the respiratory failure that leads to death. The vaccine uses a fentanyl-like molecule attached to a carrier protein to stimulate antibody production. It has shown promise in rat studies, blocking up to 98% of fentanyl from entering the brain for at least 20 weeks. A Phase 1/2 clinical trial is set to begin in the Netherlands in early 2026 to test its safety and efficacy in humans. If successful, this vaccine could revolutionize overdose prevention by offering long-term protection and reducing reliance on emergency interventions.",
      "source": "Ars Science",
      "time_ago": "1 hour ago",
      "image_url": "/article_images/article_4bb5f0e3e9a065db_0660d34a8674.webp",
      "category": "Science"
    },
    {
      "id": "b59a5b1db3083f1e",
      "title": "Venom-Resistant Frog: A Breakthrough in Animal Adaptation",
      "summary": "Researchers at Kobe University have identified a pond frog species with remarkable resistance to hornet venom, allowing it to prey on hornets despite their dangerous stings. The study, led by ecologist Shinji Sugiura, involved controlled laboratory trials where frogs were presented with three hornet species: Vespa simillima, V. analis, and V. mandarinia (Asian giant hornet). Results showed that adult frogs actively attacked and consumed hornets, with success rates of 93%, 87%, and 79% respectively, even after being stung in sensitive areas like the mouth and eyes. Unlike mice, which can die from a single sting, the frogs exhibited no noticeable harm, indicating a high level of venom tolerance. This discovery challenges previous assumptions that hornet-eating animals might avoid stings rather than withstand venom. The research suggests that frogs may have developed dual resistance to both the pain and toxicity of venom, possibly through physiological traits like proteins or barriers. Future studies aim to explore these mechanisms, positioning the frog as a model organism for understanding vertebrate venom resistance. Funded by the Japan Society for the Promotion of Science, this work highlights the potential for new insights into pain management and toxin defense in animals.",
      "source": "Science Daily",
      "time_ago": "2 hours ago",
      "image_url": "/article_images/article_b59a5b1db3083f1e_0892b8477e45.webp",
      "category": "Science"
    },
    {
      "id": "1562c5611426cdaa",
      "title": "Real-Time Observation of Influenza Virus Entry into Human Cells",
      "summary": "A research team from Switzerland and Japan has developed a novel microscopy technique called ViViD-AFM, which combines atomic force microscopy and fluorescence microscopy, to observe influenza viruses infecting human cells in real time with high detail. They discovered that the virus attaches to specific receptor molecules on the cell surface, moving along it in a surfing-like motion until it reaches a receptor-rich site for efficient entry. Contrary to previous beliefs, cells actively participate in the process by forming a pocket using clathrin proteins to engulf the virus into a vesicle, which is then pulled inward. This occurs because the virus hijacks the cell's normal uptake system for essential substances. The study, led by Professor Yohei Yamauchi, highlights how earlier methods like electron microscopy only captured static images, while ViViD-AFM provides dynamic insights. This advancement could improve antiviral drug testing by allowing direct observation of infections in cell cultures and may apply to other viruses or vaccines.",
      "source": "Science Daily",
      "time_ago": "4 hours ago",
      "image_url": "/article_images/article_1562c5611426cdaa_15f4fb0dbc67.webp",
      "category": "Science"
    },
    {
      "id": "f25fe144cdbf3cb7",
      "title": "Ancient Genomes Reveal Isolated Human Lineage in Southern Africa",
      "summary": "A recent study by a South African-Swedish team analyzed ancient DNA from skeletons in southern Africa, dating from 1,000 to over 10,000 years old. The research reveals a distinct human population that remained genetically isolated until approximately 1,200 years ago. Modern humans originated in Africa, but reconstructing internal migration patterns has been challenging due to poor DNA preservation in Africa's climate and the genetic mixing caused by events like the Bantu expansion. The study used statistical analysis to show that this southern African group formed a cluster separate from East and West African populations, indicating unique genetic diversity. Despite being isolated, the population was substantial in size, branching off from other lineages over 200,000 years ago. This finding provides insights into human evolution and highlights the complexity of Africa's demographic history, suggesting that climate and geography may have influenced this isolation.",
      "source": "Ars Science",
      "time_ago": "16 hours ago",
      "image_url": "/article_images/article_f25fe144cdbf3cb7_5624fbf500cb.webp",
      "category": "Science"
    },
    {
      "id": "d31a9bb01e50f1d3",
      "title": "Expanding Geothermal Networks: A Rare Bipartisan Energy Win",
      "summary": "The U.S. Department of Energy has approved an $8.6 million grant to double the size of the nation's first utility-led geothermal heating and cooling network in Framingham, Massachusetts. This project, led by HEET, a nonprofit, along with Eversource Energy and the city, aims to add about 140 new customers and monitor system performance. Geothermal networks are highly energy-efficient, using boreholes to tap stable underground temperatures for heating and cooling. Interestingly, this funding was announced under the Biden administration but finalized under Trump, highlighting rare bipartisan support for geothermal energy amid broader cuts to clean energy initiatives. The expansion is expected to cost half as much as the initial buildout by reusing existing infrastructure. Experts and officials emphasize that geothermal technology promotes energy independence and local resources, with political backing from both sides due to its practical benefits. This case shows how specific renewable technologies can gain traction even in divisive political climates.",
      "source": "Ars Science",
      "time_ago": "18 hours ago",
      "image_url": "/article_images/article_d31a9bb01e50f1d3_8f37e68198f7.webp",
      "category": "Science"
    },
    {
      "id": "d543ad96046ae81d",
      "title": "China's Reusable Rocket Test: A Near Miss in Space Technology",
      "summary": "LandSpace, a Chinese aerospace company, conducted the first test flight of its Zhuque-3 rocket, marking China's initial attempt to recover and reuse an orbital-class booster. The launch from Jiuquan in northwestern China was successful, with the upper stage reaching its target orbit. However, the first stage booster, designed for vertical landing, experienced an anomaly during its landing burn and crashed near the recovery pad in the Gobi Desert, creating a fireball but causing no injuries. Despite the failure, the booster survived reentry and came close to the landing target, demonstrating significant progress. This test is crucial for China's space ambitions, as reusable rockets can reduce costs and increase launch frequency, helping the country compete with US leaders like SpaceX and Blue Origin. The article highlights that similar companies, including SpaceX, faced multiple failures before achieving successful landings, suggesting LandSpace's attempt is a promising step. Additionally, US military officials have expressed concern about China's advancements in reusable rocketry, viewing it as a potential threat to US assets in space due to increased orbital capabilities.",
      "source": "Ars Science",
      "time_ago": "19 hours ago",
      "image_url": "/article_images/article_d543ad96046ae81d_08f2ccab25c2.webp",
      "category": "Science"
    }
  ]
}