{
  "title": "Evidence of Hannibal's War Elephants in Spain",
  "summary": "Archaeologists in southern Spain have uncovered an elephant foot bone that may serve as the first concrete evidence of Hannibal's legendary war elephants. Hannibal, a Carthaginian general renowned for his military tactics, is historically believed to have led an army, including 37 elephants, across the Alps into Italy during the Second Punic War in 218 BCE. The bone was discovered beneath a collapsed wall at the Colina de los Quemados site near Cordoba. Using carbon dating techniques, researchers estimated its age and linked it to the Second Punic War era. They also compared the bone to those of modern elephants and steppe mammoths to identify its origin. Additional artifacts such as artillery, coins, and ceramics found during the 2020 excavations suggest the location was a battle site. This discovery challenges previous theories that relied solely on drawings and accounts, offering physical proof of elephant presence in ancient Europe. The rarity of elephant remains in European archaeology makes this find significant, as it supports the narrative of Hannibal's ambitious crossing and the use of elephants in warfare, highlighting the logistical challenges of transporting such large animals by ship.",
  "keywords": [
    {
      "term": "Carthaginian",
      "explanation": "relating to Carthage, an ancient empire in North Africa that fought Rome"
    },
    {
      "term": "carbon dating",
      "explanation": "a scientific method to determine the age of organic materials by measuring carbon isotopes"
    },
    {
      "term": "Iron Age",
      "explanation": "a historical period characterized by the use of iron tools and weapons, relevant to the dig site"
    },
    {
      "term": "Punic Wars",
      "explanation": "a series of conflicts between Rome and Carthage for control of the Mediterranean"
    },
    {
      "term": "archaeological context",
      "explanation": "the setting and associated findings that help interpret an artifact's significance"
    }
  ],
  "questions": [
    {
      "question": "What is the significance of the elephant bone found in Spain?",
      "options": [
        "It is the first proof of Hannibal's elephants",
        "It shows elephants lived in Spain naturally",
        "It is a decorative artifact",
        "It belongs to a mammoth"
      ],
      "correct_answer": "It is the first proof of Hannibal's elephants"
    },
    {
      "question": "During which war did Hannibal cross the Alps with elephants?",
      "options": [
        "First Punic War",
        "Second Punic War",
        "Third Punic War",
        "Galllic Wars"
      ],
      "correct_answer": "Second Punic War"
    },
    {
      "question": "What technique did archaeologists use to date the bone?",
      "options": [
        "Carbon dating",
        "DNA analysis",
        "Radiography",
        "Microscopy"
      ],
      "correct_answer": "Carbon dating"
    },
    {
      "question": "Where was the bone discovered?",
      "options": [
        "Colina de los Quemados in Spain",
        "The Alps in Italy",
        "Carthage in Tunisia",
        "A museum in France"
      ],
      "correct_answer": "Colina de los Quemados in Spain"
    },
    {
      "question": "What other items were found at the site?",
      "options": [
        "Artillery, coins, and ceramics",
        "Gold jewelry and statues",
        "Fossilized plants",
        "Modern tools"
      ],
      "correct_answer": "Artillery, coins, and ceramics"
    },
    {
      "question": "Why are elephant remains rare in European archaeology?",
      "options": [
        "Elephants are non-native and not commonly found",
        "They were always used for decoration",
        "They decay quickly",
        "They were banned in ancient times"
      ],
      "correct_answer": "Elephants are non-native and not commonly found"
    },
    {
      "question": "What does the bone suggest about transportation?",
      "options": [
        "Elephants were likely transported by ship",
        "They walked all the way from Africa",
        "They were bred in Europe",
        "They were not transported at all"
      ],
      "correct_answer": "Elephants were likely transported by ship"
    },
    {
      "question": "Who led the archaeological team?",
      "options": [
        "Professor Rafael M. Martínez Sánchez",
        "Hannibal himself",
        "A Roman general",
        "A modern elephant expert"
      ],
      "correct_answer": "Professor Rafael M. Martínez Sánchez"
    }
  ],
  "background_read": [
    "Hannibal Barca was a Carthaginian military commander during the Second Punic War (218-201 BCE), known for his innovative strategies, including the use of war elephants. The Punic Wars were a series of three conflicts between Rome and Carthage, primarily over dominance in the Mediterranean region. Archaeologists study material remains to reconstruct past human activities, often using methods like carbon dating for chronology. The Iron Age in Europe refers to a period from around 1200 BCE to 1 BCE, marked by iron metallurgy. War elephants were employed in ancient battles for their size and intimidation factor, but their use in Europe was rare due to logistical challenges. This discovery adds to our understanding of ancient warfare and cross-continental movements."
  ],
  "Article_Structure": [
    "Main Points: The article discusses the discovery of an elephant foot bone in Spain, potentially proving Hannibal's use of war elephants during the Second Punic War, with evidence from carbon dating and comparative analysis. Purpose: To provide archaeological validation for historical accounts of Hannibal's Alpine crossing and elephant deployment in warfare. Evidence Evaluation: The evidence includes physical bone remains, carbon dating results, and associated artifacts like artillery and coins, which are credible due to scientific methods and contextual findings. Author Credibility: The research is led by Professor Rafael M. Martínez Sánchez and published in a peer-reviewed journal, indicating academic rigor. Methodology: Archaeologists used excavation techniques, carbon dating for age estimation, and comparative analysis with modern and ancient elephant bones to draw conclusions."
  ],
  "perspectives": [
    {
      "perspective": "Archaeological validation",
      "description": "This find offers tangible proof that supports historical narratives, enhancing our understanding of ancient military logistics."
    }
  ],
  "image_url": "/article_images/article_1d6f523d95168889_c1755a579340.webp"
}