{
  "title": "Obesity as a Catalyst for Alzheimer's Pathogenesis: Insights from Blood Biomarker Dynamics",
  "summary": "This groundbreaking study demonstrates that obesity acts as a significant accelerator of Alzheimer's disease pathogenesis, as evidenced by longitudinal analysis of blood biomarkers. Utilizing data from the Alzheimer's Disease Neuroimaging Initiative over five years, researchers examined 407 participants, integrating amyloid PET imaging with plasma assays for biomarkers including pTau217, neurofilament light chain (NfL), and glial fibrillary acidic protein (GFAP). Statistical analyses revealed a complex interaction: baseline obesity was associated with lower initial biomarker levels, potentially due to hemodilution effects, but longitudinal trends showed dramatic accelerations—up to 95% for pTau217 ratios—in obese individuals compared to non-obese controls. The study further established that blood-based biomarkers offered superior sensitivity to PET scans in detecting obesity's influence on Alzheimer's-related changes. These findings underscore obesity as a modifiable risk factor, suggesting that interventions targeting metabolic health could decelerate neurodegenerative progression and enhance diagnostic precision through non-invasive blood testing.",
  "keywords": [
    {
      "term": "pathogenesis",
      "explanation": "the biological mechanisms that lead to the development of a disease"
    },
    {
      "term": "hemodilution",
      "explanation": "a reduction in biomarker concentration due to increased blood volume, often seen in obesity"
    },
    {
      "term": "plasma assays",
      "explanation": "laboratory tests performed on blood plasma to measure specific biomarkers"
    },
    {
      "term": "neurodegenerative progression",
      "explanation": "the gradual worsening of brain cell damage and loss over time"
    },
    {
      "term": "diagnostic precision",
      "explanation": "the accuracy and reliability of methods used to identify and monitor diseases"
    }
  ],
  "questions": [
    {
      "question": "What methodological approach was central to this study's findings?",
      "options": [
        "Longitudinal analysis of biomarkers",
        "Cross-sectional surveys",
        "Animal model experiments",
        "Genetic sequencing"
      ],
      "correct_answer": "Longitudinal analysis of biomarkers"
    },
    {
      "question": "How did baseline obesity affect initial biomarker levels, and why?",
      "options": [
        "Lower levels due to hemodilution",
        "Higher levels due to inflammation",
        "No change due to random variation",
        "Variable levels due to diet"
      ],
      "correct_answer": "Lower levels due to hemodilution"
    },
    {
      "question": "Which biomarker exhibited the most pronounced acceleration in obese participants?",
      "options": [
        "pTau217 ratio",
        "NfL",
        "GFAP",
        "Beta-amyloid"
      ],
      "correct_answer": "pTau217 ratio"
    },
    {
      "question": "What was the key advantage of blood tests over PET scans in this study?",
      "options": [
        "Greater sensitivity to obesity's effects",
        "Lower cost and accessibility",
        "Faster imaging times",
        "Higher spatial resolution"
      ],
      "correct_answer": "Greater sensitivity to obesity's effects"
    },
    {
      "question": "What statistical concept was used to evaluate the relationship between BMI, time, and biomarkers?",
      "options": [
        "Three-way interaction analysis",
        "Simple correlation",
        "Regression discontinuity",
        "Factor analysis"
      ],
      "correct_answer": "Three-way interaction analysis"
    },
    {
      "question": "How does this study contribute to understanding modifiable risk factors for Alzheimer's?",
      "options": [
        "By linking obesity to accelerated pathology",
        "By identifying genetic determinants",
        "By proving obesity is irreversible",
        "By dismissing lifestyle impacts"
      ],
      "correct_answer": "By linking obesity to accelerated pathology"
    },
    {
      "question": "What potential limitation might affect the generalizability of these findings?",
      "options": [
        "Observational design without intervention",
        "Small sample size",
        "Lack of biomarker validation",
        "Exclusive focus on young adults"
      ],
      "correct_answer": "Observational design without intervention"
    },
    {
      "question": "What clinical implication arises from the sensitivity of blood biomarkers?",
      "options": [
        "Enhanced early detection and monitoring",
        "Replacement of all imaging techniques",
        "Focus solely on pharmacological treatments",
        "Ignoring metabolic health factors"
      ],
      "correct_answer": "Enhanced early detection and monitoring"
    },
    {
      "question": "How do the findings challenge initial assumptions about obesity and Alzheimer's risk?",
      "options": [
        "By showing acceleration despite lower baseline levels",
        "By proving no relationship exists",
        "By indicating obesity is protective",
        "By suggesting only genetic factors matter"
      ],
      "correct_answer": "By showing acceleration despite lower baseline levels"
    },
    {
      "question": "What broader research direction does this study suggest?",
      "options": [
        "Investigating metabolic interventions for neurodegeneration",
        "Abandoning biomarker research",
        "Focusing only on PET imaging",
        "Prioritizing genetic studies over lifestyle"
      ],
      "correct_answer": "Investigating metabolic interventions for neurodegeneration"
    }
  ],
  "background_read": [
    "Alzheimer's disease is a progressive neurodegenerative disorder characterized by amyloid-beta plaques and hyperphosphorylated tau tangles, leading to synaptic loss and cognitive impairment. Obesity, a metabolic condition defined by excessive adipose tissue, is associated with systemic inflammation and insulin resistance, which may exacerbate neuroinflammation and accelerate tau pathology. Blood biomarkers such as pTau217 and NfL have emerged as non-invasive tools for tracking disease progression, offering advantages over costly and less accessible imaging methods like PET. This study leverages longitudinal data from the Alzheimer's Disease Neuroimaging Initiative, a large-scale cohort providing robust evidence for dynamic biomarker changes. It highlights the interplay between metabolic health and neurological outcomes, suggesting that public health strategies targeting obesity could mitigate Alzheimer's burden and refine diagnostic paradigms through integrative biomarker approaches."
  ],
  "Article_Structure": [
    "Main Points: Obesity accelerates Alzheimer's pathogenesis, with blood biomarkers like pTau217 increasing up to 95% faster in obese individuals over five years, while initial lower levels are attributed to hemodilution. Purpose: To elucidate the longitudinal impact of obesity on Alzheimer's biomarkers and compare the efficacy of blood tests versus PET imaging. Evidence Evaluation: Strong evidence from a well-designed longitudinal study using validated commercial assays and statistical modeling, though observational nature limits causal inferences. Author Credibility: Dr. Cyrus Raji and Dr. Soheil Mohammadi are established researchers in neuroimaging and radiology, affiliated with reputable institutions, enhancing study credibility. Methodology: Integrated amyloid PET scans and plasma samples from 407 participants, employing advanced statistical analyses to assess BMI-biomarker-time interactions and confirm findings with imaging data. Critical Assessment: Strengths include longitudinal design and multimodal data, but limitations involve potential confounding variables and the need for intervention studies to establish causality."
  ],
  "perspectives": [
    {
      "perspective": "Research and Clinical",
      "description": "Advances understanding of metabolic-neurological links and promotes blood-based diagnostics for personalized Alzheimer's management and prevention strategies."
    }
  ],
  "image_url": "/article_images/article_48c6863cecf4d4a3_1a0ea614e0d3.webp"
}