{
  "title": "Analyzing the UK Budget: Fiscal Policies and Socioeconomic Implications",
  "summary": "Chancellor Rachel Reeves's forthcoming Budget introduces significant fiscal measures, including minimum wage increases and tax expansions, aimed at addressing economic challenges. The minimum wage will rise incrementally, with over-21s receiving £12.71 per hour by April 2026, and plans to standardize rates across adult age groups to promote wage equity. Concurrently, the extension of the sugar tax to milk-based beverages, termed the 'milkshake tax,' seeks to curb sugar consumption and generate revenue, mirroring strategies used in public health policy. Reeves frames these actions as necessary for reducing national debt, NHS waiting lists, and the cost of living, while pursuing generational growth through sectoral investments. The Budget avoids income tax rate hikes but may prolong threshold freezes, a stealth tax mechanism that increases revenue by fiscal drag. Delivered in the House of Commons, the statement will face immediate scrutiny from opposition leader Kemi Badenoch, highlighting political divisions. This approach balances progressive aims with fiscal realism, though business sectors express concerns over potential employment impacts from wage mandates.",
  "keywords": [
    {
      "term": "Fiscal policy",
      "explanation": "government strategies regarding taxation and spending to influence the economy"
    },
    {
      "term": "Minimum wage",
      "explanation": "a statutory minimum pay rate designed to protect workers from exploitation and support living standards"
    },
    {
      "term": "Sugar levy",
      "explanation": "a tax imposed on high-sugar products to discourage consumption and address public health issues like obesity"
    },
    {
      "term": "National debt",
      "explanation": "the cumulative total of government borrowings, impacting long-term economic stability and interest payments"
    },
    {
      "term": "Fiscal drag",
      "explanation": "a phenomenon where inflation or threshold freezes push taxpayers into higher brackets, increasing government revenue without explicit rate changes"
    },
    {
      "term": "Economic equity",
      "explanation": "the principle of fair distribution of economic resources and opportunities across society"
    },
    {
      "term": "Public health intervention",
      "explanation": "policies or actions aimed at improving population health, such as taxes on unhealthy products"
    },
    {
      "term": "Political opposition",
      "explanation": "the role of non-governing parties in critiquing and proposing alternatives to government policies"
    },
    {
      "term": "Stealth tax",
      "explanation": "indirect tax increases achieved through mechanisms like threshold freezes, rather than overt rate changes"
    },
    {
      "term": "Generational investment",
      "explanation": "long-term funding initiatives intended to secure economic benefits for future populations"
    }
  ],
  "questions": [
    {
      "question": "What economic rationale does Reeves provide for the Budget measures?",
      "options": [
        "To foster growth and address debt and inequality",
        "To increase inflation deliberately",
        "To reduce government spending entirely",
        "To prioritize international trade over domestic issues"
      ],
      "correct_answer": "To foster growth and address debt and inequality"
    },
    {
      "question": "How does the milkshake tax align with public health objectives?",
      "options": [
        "By discouraging high sugar intake through price signals",
        "By banning all sugary drinks",
        "By subsidizing healthy alternatives",
        "By ignoring health impacts"
      ],
      "correct_answer": "By discouraging high sugar intake through price signals"
    },
    {
      "question": "What is the significance of extending income tax threshold freezes?",
      "options": [
        "It acts as a stealth tax to raise revenue",
        "It decreases overall tax burden",
        "It eliminates income tax entirely",
        "It only benefits high earners"
      ],
      "correct_answer": "It acts as a stealth tax to raise revenue"
    },
    {
      "question": "How might the minimum wage increases affect income distribution?",
      "options": [
        "They could reduce wage inequality among age groups",
        "They will definitely increase unemployment for all",
        "They have no impact on distribution",
        "They only help the wealthiest"
      ],
      "correct_answer": "They could reduce wage inequality among age groups"
    },
    {
      "question": "What methodological approach does the article use in presenting information?",
      "options": [
        "Reporting on pre-announcement leaks and statements",
        "Conducting original economic analysis",
        "Using only historical data",
        "Ignoring government sources"
      ],
      "correct_answer": "Reporting on pre-announcement leaks and statements"
    },
    {
      "question": "How credible is the evidence presented in the article?",
      "options": [
        "Based on official sources but lacks independent verification",
        "Fully verified by multiple independent studies",
        "Completely fabricated",
        "Solely from opposition critiques"
      ],
      "correct_answer": "Based on official sources but lacks independent verification"
    },
    {
      "question": "What critical limitation exists in the article's coverage?",
      "options": [
        "It relies heavily on government perspectives without counteranalysis",
        "It provides exhaustive data on all economic sectors",
        "It avoids any mention of political context",
        "It includes detailed cost-benefit analyses"
      ],
      "correct_answer": "It relies heavily on government perspectives without counteranalysis"
    },
    {
      "question": "How does the Budget address intergenerational equity?",
      "options": [
        "Through investments aimed at long-term growth",
        "By increasing taxes on the elderly",
        "By cutting education funding",
        "By focusing only on short-term gains"
      ],
      "correct_answer": "Through investments aimed at long-term growth"
    },
    {
      "question": "What role does Kemi Badenoch play in the Budget process?",
      "options": [
        "Providing critical opposition response",
        "Announcing the Budget details",
        "Implementing the policies",
        "Ignoring the statement entirely"
      ],
      "correct_answer": "Providing critical opposition response"
    },
    {
      "question": "Why might the avoidance of income tax rate hikes be politically strategic?",
      "options": [
        "To minimize immediate public backlash while still raising revenue",
        "Because rates are already too low",
        "To please only business leaders",
        "It has no strategic value"
      ],
      "correct_answer": "To minimize immediate public backlash while still raising revenue"
    }
  ],
  "background_read": [
    "The UK Budget is a cornerstone of fiscal policy, involving complex decisions on taxation, expenditure, and economic management. Historically, budgets have evolved to address crises like debt accumulation and public service demands, often involving trade-offs between growth, equity, and stability. In this instance, the government's focus on wage policies and health taxes reflects broader trends in progressive economics, where interventions aim to correct market failures and promote social welfare. Understanding these elements requires knowledge of economic theories, such as Keynesian stimulus and behavioral nudges, and an awareness of political dynamics that shape policy implementation and public reception."
  ],
  "Article_Structure": [
    "The article's main points detail minimum wage hikes, sugar tax extensions, and fiscal strategies to curb debt and boost growth, with a purpose to preemptively outline government rationale in a contentious political climate. Evidence is primarily from official statements, lacking rigorous evaluation of sources, which may introduce bias. Author credibility is high as BBC News, but reliance on leaks limits objectivity. Methodology involves synthesizing announcements without original research, offering a timely yet superficial analysis. Critical assessment notes strengths in accessibility and timeliness but weaknesses in depth, evidence diversity, and consideration of long-term socioeconomic impacts, highlighting the need for more balanced reporting."
  ],
  "perspectives": [
    {
      "perspective": "Progressive economic view",
      "description": "Advocates for wage increases and health taxes as tools for reducing inequality and promoting public good."
    },
    {
      "perspective": "Neoliberal critique",
      "description": "Argues that market interventions like wage mandates could distort labor markets and hinder economic efficiency."
    },
    {
      "perspective": "Public health advocacy",
      "description": "Emphasizes the benefits of sugar taxes in combating diet-related diseases and reducing healthcare costs."
    },
    {
      "perspective": "Fiscal conservatism",
      "description": "Questions the sustainability of debt-reduction plans and warns against over-reliance on taxation for revenue."
    },
    {
      "perspective": "Social justice perspective",
      "description": "Focuses on how policies affect marginalized groups, supporting unified wage rates for greater equity."
    }
  ],
  "image_url": "/article_images/article_a912b2a300b9b4a7_e913344eb640.webp"
}