{
  "title": "Alcaraz Navigates Post-Grand Slam Pressure with Gritty Victory in Doha",
  "summary": "Carlos Alcaraz demonstrated resilience and tactical prowess in his first match since clinching the Australian Open, securing a 6-4, 7-6 (7-5) victory over Arthur Rinderknech in the Qatar Open's opening round. The encounter was marked by intense moments, notably in the second set where Alcaraz saved two set points, leveraging his 28 winners to prevail in a tie-break. Alcaraz reflected on the match's difficulty, acknowledging Rinderknech's threat and expressing contentment with his ability to navigate pressure. This triumph extends Alcaraz's impeccable 2026 season to 8-0 and commemorates his 150th tour-level win on hard courts, underscoring his dominance on this surface. He advances to face Valentin Royer, while the article concurrently addresses fitness concerns in the Dubai Tennis Championships, where multiple players, including Mirra Andreeva and Belinda Bencic, progressed due to opponent withdrawals, highlighting systemic issues in player health management. Furthermore, the Women's Tennis Association's announcement of a Tour Architecture Council to enhance the women's game illustrates ongoing efforts to refine professional tennis structures, adding a layer of organizational context to the narrative.",
  "keywords": [
    {
      "term": "resilience",
      "explanation": "the ability to recover quickly from difficulties; in sports, it refers to overcoming challenges during competition"
    },
    {
      "term": "tactical prowess",
      "explanation": "skill in planning and executing strategies to outmaneuver opponents"
    },
    {
      "term": "systemic issues",
      "explanation": "underlying problems within a system, such as frequent player withdrawals indicating health management flaws in tennis"
    },
    {
      "term": "organizational context",
      "explanation": "the broader framework of institutions and policies shaping an activity, like the WTA's initiatives in tennis"
    },
    {
      "term": "dominance",
      "explanation": "superior power or influence; here, it refers to Alcaraz's consistent success on hard courts"
    }
  ],
  "questions": [
    {
      "question": "How did Alcaraz's performance in the tie-break reflect his tactical approach?",
      "options": [
        "He used winners to secure points",
        "He relied on defensive play",
        "He avoided net play",
        "He focused on serves only"
      ],
      "correct_answer": "He used winners to secure points"
    },
    {
      "question": "What does Alcaraz's 150th hard court victory signify about his career?",
      "options": [
        "His proficiency on this surface",
        "His preference for clay courts",
        "His decline in performance",
        "His lack of versatility"
      ],
      "correct_answer": "His proficiency on this surface"
    },
    {
      "question": "How do the withdrawals in Dubai relate to broader tennis concerns?",
      "options": [
        "They highlight fitness and health management issues",
        "They show increased player competitiveness",
        "They indicate tournament scheduling problems",
        "They reflect weather-related disruptions"
      ],
      "correct_answer": "They highlight fitness and health management issues"
    },
    {
      "question": "What is the potential impact of the WTA's new council?",
      "options": [
        "It may lead to improvements in women's tennis",
        "It will reduce tournament prize money",
        "It could eliminate hard courts",
        "It focuses only on player rankings"
      ],
      "correct_answer": "It may lead to improvements in women's tennis"
    },
    {
      "question": "How does the article balance reporting on Alcaraz with other tennis events?",
      "options": [
        "By integrating fitness issues and organizational news",
        "By ignoring other tournaments",
        "By focusing solely on match statistics",
        "By criticizing player performances"
      ],
      "correct_answer": "By integrating fitness issues and organizational news"
    },
    {
      "question": "What evidence supports Alcaraz's description of the match as difficult?",
      "options": [
        "He saved set points and praised his opponent",
        "He won easily without challenges",
        "He complained about the court surface",
        "He avoided discussing the match"
      ],
      "correct_answer": "He saved set points and praised his opponent"
    },
    {
      "question": "How might Alcaraz's youth influence his post-Grand Slam performance?",
      "options": [
        "It could add pressure but also showcase adaptability",
        "It guarantees continued wins without effort",
        "It limits his experience on hard courts",
        "It makes him immune to challenges"
      ],
      "correct_answer": "It could add pressure but also showcase adaptability"
    },
    {
      "question": "What methodological approach does the article use for gathering information?",
      "options": [
        "Event reporting and official announcements",
        "Scientific studies and player interviews",
        "Historical analysis and data mining",
        "Speculative opinions and rumors"
      ],
      "correct_answer": "Event reporting and official announcements"
    },
    {
      "question": "How does the article assess author credibility?",
      "options": [
        "It relies on BBC's reputation but lacks named authorship",
        "It provides detailed author biographies",
        "It cites peer-reviewed sources",
        "It includes personal anecdotes from the author"
      ],
      "correct_answer": "It relies on BBC's reputation but lacks named authorship"
    },
    {
      "question": "What critical limitation exists in the article's coverage?",
      "options": [
        "It lacks in-depth analysis of player strategies or long-term implications",
        "It overemphasizes statistical details",
        "It ignores match outcomes entirely",
        "It focuses only on women's tennis"
      ],
      "correct_answer": "It lacks in-depth analysis of player strategies or long-term implications"
    }
  ],
  "background_read": [
    "Professional tennis operates within a complex ecosystem involving tournaments like the Qatar Open and Dubai Tennis Championships, governed by bodies such as the ATP and WTA. Carlos Alcaraz, as a rising star, exemplifies the pressures of maintaining form after major victories, with his career Grand Slam achievement highlighting historical milestones in the sport. Match analysis often involves evaluating technical aspects like tie-breaks and set points, while broader issues like player withdrawals point to challenges in sports medicine and scheduling. The WTA's structural initiatives reflect ongoing efforts to optimize the professional circuit, necessitating an understanding of organizational dynamics and their impact on athlete performance and sport development."
  ],
  "Article_Structure": [
    "Main Points: Alcaraz's gritty win underscores his resilience and hard court dominance, while parallel discussions on withdrawals and WTA reforms reveal systemic and organizational dimensions in tennis. Purpose: To analyze Alcaraz's post-Grand Slam adaptation and contextualize it within broader sport issues, offering insights into athlete performance and industry trends. Evidence Evaluation: The article employs direct quotes and specific match data for authenticity, but evidence is primarily descriptive without critical scrutiny of sources or biases. Author Credibility: Sourced from BBC, it carries journalistic authority, yet anonymous authorship limits transparency regarding expertise or potential biases. Methodology: Relies on standard sports reporting techniques, including event coverage and press releases, lacking original research or methodological rigor. Critical Assessment: Strengths include timely reporting and multi-faceted coverage, but limitations involve superficial analysis and reliance on official narratives without deeper investigative depth."
  ],
  "perspectives": [
    {
      "perspective": "Sport Psychology",
      "description": "Examines how Alcaraz managed pressure and mental fortitude after a major victory, influencing his performance in subsequent matches."
    }
  ],
  "image_url": "/article_images/article_84282d1ea7c3c307_774fa8da81c4.webp"
}