{
  "title": "Conclusion of the 2026 Winter Olympics: A New Standard Set in Italy",
  "summary": "The 2026 Winter Olympics, hosted jointly by Milan and Cortina d'Ampezzo in Italy, concluded on February 22, 2026, with a closing ceremony at the historic Verona Arena. The event marked the end of the most geographically dispersed Winter Games ever, featuring venues across mountains, valleys, and cities. During the ceremony, the Olympic cauldrons in both host cities were extinguished, symbolizing the games' closure. International Olympic Committee President Kirsty Coventry praised the organizers for delivering a innovative winter games and setting a high benchmark for future events. Italy achieved a record-breaking performance with 30 medals, including 10 golds, surpassing its previous best from 1994. The Olympic flag was handed over to France, which will host the 2030 Winter Games using a similar spread-out model across the Alps and Nice. The closing ceremony celebrated Italian culture through opera, pop music, and dance, with performances by artists like Gabry Ponte and Achille Lauro, engaging athletes and attendees. A total of 116 medal events were contested over 17 days, including the debut of ski mountaineering, highlighting the games' expansion and diversity.",
  "keywords": [
    {
      "term": "Olympic cauldrons",
      "explanation": "Large structures holding the Olympic flame, extinguished to signify the end of the games"
    },
    {
      "term": "geographically dispersed",
      "explanation": "Spread out over a wide area, referring to the many venues used in these Olympics"
    },
    {
      "term": "International Olympic Committee",
      "explanation": "The global organization responsible for overseeing the Olympic Games and their standards"
    },
    {
      "term": "record-breaking performance",
      "explanation": "Achieving the highest number of medals ever for Italy in the Winter Olympics"
    },
    {
      "term": "flag handover",
      "explanation": "The ceremonial passing of the Olympic flag from the current host to the next host country"
    },
    {
      "term": "ski mountaineering",
      "explanation": "A new Olympic sport that involves skiing and climbing in mountainous terrain"
    }
  ],
  "questions": [
    {
      "question": "What made the 2026 Winter Olympics unique in terms of venue distribution?",
      "options": [
        "They were the most spread-out Winter Games ever",
        "They were held in only one city",
        "They used only mountain venues",
        "They had no city venues"
      ],
      "correct_answer": "A"
    },
    {
      "question": "Who praised the organizers for setting a new standard for future games?",
      "options": [
        "Kirsty Coventry",
        "Giovanni Malagò",
        "Colleen Barry",
        "Achille Lauro"
      ],
      "correct_answer": "A"
    },
    {
      "question": "How did Italy's medal count in 2026 compare to its previous record?",
      "options": [
        "It was higher with 30 medals",
        "It was lower with 20 medals",
        "It was the same",
        "It was not mentioned"
      ],
      "correct_answer": "A"
    },
    {
      "question": "Which country received the Olympic flag for the 2030 Winter Games?",
      "options": [
        "France",
        "Italy",
        "Netherlands",
        "USA"
      ],
      "correct_answer": "A"
    },
    {
      "question": "What new sport debuted at the 2026 Winter Olympics?",
      "options": [
        "Ski mountaineering",
        "Snowboarding",
        "Figure skating",
        "Bobsled"
      ],
      "correct_answer": "A"
    },
    {
      "question": "Where was the closing ceremony held?",
      "options": [
        "Verona Arena",
        "Milan Stadium",
        "Cortina d'Ampezzo",
        "Paris"
      ],
      "correct_answer": "A"
    },
    {
      "question": "What was a key theme of the closing ceremony's performances?",
      "options": [
        "Italian culture and music",
        "French history",
        "American pop",
        "Global sports"
      ],
      "correct_answer": "A"
    },
    {
      "question": "How many days did the 2026 Winter Olympics last?",
      "options": [
        "17 days",
        "10 days",
        "30 days",
        "22 days"
      ],
      "correct_answer": "A"
    }
  ],
  "background_read": [
    "The Winter Olympics are an international multi-sport event held every four years, featuring cold-weather sports like skiing and skating. Hosting the games involves significant planning and infrastructure, often spreading events across multiple locations to utilize existing venues. The closing ceremony is a tradition that includes cultural showcases and the handover to the next host. Italy has a rich history in winter sports, and the 2026 games aimed to innovate with a dispersed model, influencing future hosts like France. Understanding the roles of the International Olympic Committee and local organizers helps appreciate the games' global impact and logistical challenges."
  ],
  "Article_Structure": [
    "The article analyzes the conclusion of the 2026 Winter Olympics, highlighting main points such as the games' end with cauldron extinguishments and Italy's record medal haul. Its purpose is to report on the event's success and cultural significance, while evaluating evidence from sources like the Associated Press and Reuters photos for credibility. The author, Colleen Barry via AP, provides reliable journalism with expertise in sports reporting, using a methodology of firsthand coverage and official statements to gather information on ceremonies and outcomes."
  ],
  "perspectives": [
    {
      "perspective": "Organizational success",
      "description": "Emphasizes the achievements of the organizers in creating an innovative and widely dispersed games, praised by Olympic officials."
    }
  ],
  "image_url": "/article_images/article_003b4f80b8aede39_fa81714291f0.webp"
}