{
  "articles": [
    {
      "id": "8832f04cff5c622e",
      "title": "Analyzing California's Revocation of Commercial Driver's Licenses for Immigrants",
      "summary": "California's decision to revoke 17,000 commercial driver's licenses from immigrants represents a significant policy shift influenced by federal criticism, particularly from the Trump administration. This action targets undocumented immigrants who previously obtained licenses under state laws designed to enhance road safety and economic integration. The revocation raises critical issues regarding immigration enforcement, state versus federal jurisdiction, and socioeconomic impacts on immigrant communities. Loss of these licenses could lead to widespread job losses in sectors reliant on commercial driving, exacerbating economic disparities. Furthermore, this event underscores broader national debates on immigration reform, legal status, and the role of states in shaping immigration policies. It invites analysis of the ethical and practical consequences of such measures, including potential increases in unlicensed driving and public safety concerns.",
      "source": "PBS NewsHour",
      "time_ago": "3 hours ago",
      "image_url": "/article_images/article_8832f04cff5c622e_28966a249bcf.jpg",
      "category": "News"
    },
    {
      "id": "9fb4f9d85cbe9efe",
      "title": "Judicial Scrutiny of Prosecutor Appointment in Politically Charged Cases",
      "summary": "A federal court is poised to hear a significant legal challenge on Thursday, where attorneys for two individuals identified as adversaries of former President Donald Trump will argue for the dismissal of Justice Department indictments. The core of their contention lies in the alleged illegal appointment of the prosecutor who secured these charges, asserting that the installation process violated statutory or constitutional requirements. This case raises profound questions about the integrity of prosecutorial appointments and the potential for political influence in judicial proceedings. The defense's motion to dismiss hinges on proving that the appointment was procedurally flawed, which, if successful, could not only nullify the charges but also establish a legal precedent affecting future appointments. Broader implications include scrutiny of the Justice Department's operational protocols and the balance of power within the federal government. The judge's decision will be closely watched, as it may reinforce or undermine public confidence in the legal system's ability to administer justice impartially, especially in politically sensitive contexts.",
      "source": "PBS NewsHour",
      "time_ago": "3 hours ago",
      "image_url": "/article_images/article_9fb4f9d85cbe9efe_4b7effc46680.jpg",
      "category": "News"
    },
    {
      "id": "dd741aedea57e4b7",
      "title": "Political Instability and Anonymous Media Briefings in the UK Government",
      "summary": "This BBC News article examines a significant political development in the United Kingdom, where anonymous briefings to the media have sparked concerns over a potential leadership challenge against Prime Minister Sir Keir Starmer. Senior politicians Ed Miliband and Wes Streeting are advocating for decisive action to curb these covert communications, which they perceive as undermining the Prime Minister's authority and fostering internal party strife. Sir Keir Starmer has publicly assured that these briefings did not originate from 10 Downing Street, his official base, aiming to quell speculation and reinforce his position. The situation underscores broader issues of political transparency, internal dissent, and the mechanisms of power within democratic systems. Anonymous briefings, while not uncommon in politics, can erode public trust and destabilize governance by creating an environment of uncertainty. This analysis delves into the motivations behind such briefings, their impact on leadership dynamics, and the responses from key figures, highlighting the delicate balance between public accountability and private political maneuvering in contemporary governance.",
      "source": "BBC News",
      "time_ago": "3 hours ago",
      "image_url": "/article_images/article_dd741aedea57e4b7_443f3474e7ca.jpg",
      "category": "News"
    },
    {
      "id": "d246431594e84235",
      "title": "Analyzing Systemic Flaws: The Sara Sharif Case and Child Protection Failures",
      "summary": "This BBC News article delves into the murder of Sara Sharif, examining the critical lapses in the child protection system that occurred prior to her death. A review conducted in the aftermath revealed that the local council erroneously visited an incorrect residence during a welfare check on Sara, merely one day before she was murdered. This procedural failure underscores broader institutional inadequacies, as the review concluded that the system fundamentally failed to ensure her safety. Furthermore, the article highlights race as a significant impediment to the reporting of potential child abuse, suggesting that societal prejudices or cultural dynamics may have deterred individuals from voicing concerns. This case illustrates the intersection of administrative errors and social inequalities, raising questions about the efficacy of child safeguarding mechanisms. It emphasizes the necessity for robust, equitable systems that address both operational flaws and discriminatory barriers. The analysis calls for comprehensive reforms in social services, enhanced training for personnel, and community engagement initiatives to foster environments where all children are protected irrespective of background. Ultimately, the article serves as a critical examination of how systemic weaknesses and societal factors can converge with devastating consequences, urging a reevaluation of child protection policies to prevent future tragedies.",
      "source": "BBC News",
      "time_ago": "4 hours ago",
      "image_url": "/article_images/article_d246431594e84235_b13b843b2182.jpg",
      "category": "News"
    },
    {
      "id": "328083d2183142ee",
      "title": "Analyzing Epstein's Correspondence: Implications for Royal Accountability",
      "summary": "This BBC News article delves into an email authored by Jeffrey Epstein, which explicitly states that Virginia Giuffre was aboard his private aircraft and had her photograph taken with Prince Andrew. Epstein, a financier convicted for sex trafficking, is central to numerous legal battles, and this correspondence is scrutinized for its evidentiary value in linking high-profile individuals to his illicit activities. Virginia Giuffre has been a key figure in allegations against Epstein and associates, including Prince Andrew, who has faced civil lawsuits and public denials. The article serves to disseminate this primary source, underscoring its role in broader investigative and media contexts. It reflects on how such disclosures can influence judicial processes, public opinion, and the discourse on elite impunity. By presenting the email verbatim, the piece adheres to journalistic ethics, aiming to foster informed debate while navigating the complexities of source credibility and legal implications. This summary encapsulates the nuanced interplay between evidence, media representation, and societal accountability, highlighting the article's contribution to ongoing narratives of justice and power dynamics.",
      "source": "BBC News",
      "time_ago": "5 hours ago",
      "image_url": "/article_images/article_328083d2183142ee_eee212076b97.jpg",
      "category": "News"
    },
    {
      "id": "eb755b4e4e82c55f",
      "title": "Analyzing Political Accountability: Starmer's Denial in Leadership Conflict",
      "summary": "The article delves into a significant political controversy where Keir Starmer, leader of the Labour Party, asserted that he never authorised any attacks on government ministers amidst a leadership row. This denial was prompted by allegations from Kemi Badenoch, the Conservative Party leader, who characterized Starmer's Downing Street as 'toxic,' suggesting a dysfunctional and harmful operational environment. This incident underscores the intense rivalry between the UK's major political parties and raises questions about ethical governance and leadership integrity. Starmer's response can be seen as a strategic move to mitigate damage to his public image and reinforce his party's values, while Badenoch's accusations may serve to undermine political opponents and sway public opinion. The broader context includes ongoing debates about transparency and accountability in government, where such disputes often reflect deeper ideological divides. Analyzing this helps understand how political narratives are constructed and the role of media in shaping democratic discourse, emphasizing the need for critical evaluation of sources and motives in political reporting.",
      "source": "BBC News",
      "time_ago": "1 day ago",
      "image_url": "/article_images/article_eb755b4e4e82c55f_ca61a5bf83e5.jpg",
      "category": "News"
    }
  ]
}