{
  "title": "Nigerian Dominance at the 9th All Africa Music Awards: A Reflection of Afrobeats' Global Ascendancy",
  "summary": "The 9th All Africa Music Awards (Afrima) in Lagos showcased a pronounced dominance by Nigerian artists, reinforcing Nigeria's central role in the African music landscape. Burna Boy's victory for Album of the Year with No Sign of Weakness and his shared Best African Collaboration with Shallipopi, who also claimed Song of the Year for Laho, highlighted individual excellence. Rema's triple win, including Artiste of the Year, underscored his rising stature. Additional Nigerian accolades went to Yemi Alade for Best Soundtrack and Phyno for Best African Artiste in African Hip-Hop, while emerging artists Qing Madi and Chella were recognized for their potential. Despite Nigeria's prominence, the ceremony celebrated pan-African diversity, with awards for Senegal's Bakhaw Dioum (Song Writer of the Year), Algeria's DJ Moh Green (DJ of the Year), Ghana's Wendy Shay, South Africa's Nontokozo Mkhize, and Tanzania's Juma Jux. The event, judged by a diverse panel of music experts, served as a platform to emphasize the explosive international growth of Afrobeats, a genre synthesizing African rhythms with Western influences, with Burna Boy positioned as a key ambassador. This reporting from the BBC Entertainment section contextualizes the awards within broader trends of cultural export and industry recognition.",
  "keywords": [
    {
      "term": "pan-African diversity",
      "explanation": "the inclusion and representation of various cultures and nations across Africa"
    },
    {
      "term": "cultural export",
      "explanation": "the dissemination of a country's cultural products, such as music, to international audiences"
    },
    {
      "term": "industry recognition",
      "explanation": "formal acknowledgment of achievements within a professional field, like music"
    },
    {
      "term": "synthesizing",
      "explanation": "combining different elements to create something new, as in music genres"
    },
    {
      "term": "ascendancy",
      "explanation": "the process of rising to a position of dominance or influence"
    },
    {
      "term": "contextualizes",
      "explanation": "places something within a broader framework to enhance understanding"
    }
  ],
  "questions": [
    {
      "question": "What does the article suggest about Nigeria's position in the African music industry based on Afrima results?",
      "options": [
        "It is a dominant force",
        "It is declining in influence",
        "It is equal to other countries",
        "It is irrelevant"
      ],
      "correct_answer": "It is a dominant force"
    },
    {
      "question": "How does the article describe the role of Burna Boy in the Afrobeats movement?",
      "options": [
        "As a defining figure and ambassador",
        "As a newcomer",
        "As a critic",
        "As a producer only"
      ],
      "correct_answer": "As a defining figure and ambassador"
    },
    {
      "question": "What aspect of the awards ceremony highlights its credibility?",
      "options": [
        "Involvement of music experts as jurors",
        "Location in Lagos",
        "Number of attendees",
        "Media coverage"
      ],
      "correct_answer": "Involvement of music experts as jurors"
    },
    {
      "question": "Which award did Shallipopi win individually?",
      "options": [
        "Song of the Year",
        "Album of the Year",
        "Artiste of the Year",
        "Best Collaboration"
      ],
      "correct_answer": "Song of the Year"
    },
    {
      "question": "What does the term 'pan-African diversity' refer to in the context of the awards?",
      "options": [
        "Recognition of artists from multiple African countries",
        "Focus only on Nigerian artists",
        "Exclusion of certain regions",
        "Uniform music styles"
      ],
      "correct_answer": "Recognition of artists from multiple African countries"
    },
    {
      "question": "How does the article evaluate the evidence for Afrobeats' global growth?",
      "options": [
        "By citing award wins and artist prominence",
        "By providing statistical data",
        "By interviewing fans",
        "By comparing to other genres"
      ],
      "correct_answer": "By citing award wins and artist prominence"
    },
    {
      "question": "What is implied about the methodology of the BBC's reporting?",
      "options": [
        "It summarizes event outcomes without original research",
        "It conducts surveys",
        "It includes personal opinions",
        "It uses anonymous sources"
      ],
      "correct_answer": "It summarizes event outcomes without original research"
    },
    {
      "question": "Which emerging artist was named Most Promising Artiste of the Year?",
      "options": [
        "Qing Madi",
        "Chella",
        "Shallipopi",
        "Rema"
      ],
      "correct_answer": "Qing Madi"
    },
    {
      "question": "How does the article address the broader context of the awards?",
      "options": [
        "By linking them to trends in cultural export",
        "By focusing only on the ceremony details",
        "By criticizing the winners",
        "By ignoring other countries"
      ],
      "correct_answer": "By linking them to trends in cultural export"
    },
    {
      "question": "What critical assessment can be made of the article's coverage?",
      "options": [
        "It provides a factual report but lacks in-depth analysis of biases",
        "It is highly opinionated",
        "It includes extensive primary research",
        "It dismisses Nigerian success"
      ],
      "correct_answer": "It provides a factual report but lacks in-depth analysis of biases"
    }
  ],
  "background_read": [
    "The All Africa Music Awards (Afrima) is a significant institution in the African music industry, established to foster unity and showcase musical excellence across the continent. Nigeria's music scene, particularly driven by the Afrobeats genre, has seen remarkable global expansion in recent decades, influenced by artists like Fela Kuti and modern stars such as Burna Boy and Wizkid. Afrobeats combines traditional African elements with genres like hip-hop, pop, and dancehall, contributing to its widespread appeal. The awards ceremony not only recognizes artistic achievement but also reflects socio-cultural dynamics, including issues of representation and commercial success. Understanding this background involves examining historical music trends, industry economics, and the role of digital media in amplifying African voices globally. This context enriches analysis of the article's reporting on Nigeria's dominance and the inclusive celebration of pan-African talent."
  ],
  "Article_Structure": [
    "The article's main points detail Nigerian artists' sweeping victories at Afrima, with Burna Boy, Rema, and others leading the awards, while acknowledging contributions from other African nations, emphasizing the global rise of Afrobeats. Its purpose is to inform readers about the awards outcomes and contextualize them within the broader narrative of African music's international influence. Evidence evaluation relies on factual reporting of award winners and event descriptions from the BBC, though it lacks critical scrutiny of judging processes or potential biases. Author credibility is supported by the BBC's reputable journalism, but the absence of a named author limits assessment of individual expertise. Methodology involves summarizing publicly available information from the ceremony, presenting a news-based account without original investigative methods. Critical assessment notes the article's strength in clear reporting but identifies limitations such as minimal analysis of underlying industry trends or diverse perspectives on cultural dominance."
  ],
  "perspectives": [
    {
      "perspective": "Industry Dynamics",
      "description": "The awards reflect competitive and collaborative aspects of the African music industry, highlighting both national pride and regional inclusivity."
    }
  ],
  "image_url": "/article_images/article_c39515d7c5d2b900_aaaad831b201.webp"
}