{
  "title": "Evaluating Incremental Gains in England's Bathing Water Quality: Data and Debates",
  "summary": "The latest figures from the Environment Agency reveal a marginal enhancement in water quality at England's bathing sites, with 93% of 449 monitored locations meeting minimum bacterial standards this summer, compared to 92% the previous year. Concurrently, the count of sites rated 'poor' declined from 37 to 32, though this remains the second highest in a decade, while 'excellent' ratings rose to 66%. These metrics, covering 2022-2025, are influenced by pollution from sewage spills, agricultural activities, and climatic conditions, with monitoring conducted annually from May to September. The government touts bathing water reforms as instrumental in further improvements, whereas industry voices from Water UK assert ongoing initiatives to mitigate sewage discharges. However, campaigners critique the persistence of health hazards, underscoring the inadequacy of current measures. This analysis underscores the complex interplay of regulatory enforcement, economic investments, and environmental advocacy in addressing water pollution, highlighting both achievements and the imperative for sustained, critical action to safeguard public health and ecological integrity.",
  "keywords": [
    {
      "term": "monitored bathing sites",
      "explanation": "specific locations where water quality is systematically assessed for compliance with health and safety regulations"
    },
    {
      "term": "bacterial standards",
      "explanation": "regulatory thresholds for microbial contaminants in water, crucial for evaluating recreational water safety"
    },
    {
      "term": "sewage spills",
      "explanation": "unauthorized discharges of wastewater, often containing pathogens that degrade water quality and pose health risks"
    },
    {
      "term": "agricultural runoff",
      "explanation": "pollutants from farming, such as nutrients and pesticides, that enter water bodies and exacerbate contamination"
    },
    {
      "term": "regulatory framework",
      "explanation": "the system of laws and policies governing water quality management, including reforms and enforcement mechanisms"
    },
    {
      "term": "environmental monitoring",
      "explanation": "the process of collecting and analyzing data on ecological parameters to inform policy and public health decisions"
    },
    {
      "term": "public health risks",
      "explanation": "potential dangers to community well-being from exposure to contaminated water, driving the need for stringent standards"
    },
    {
      "term": "stakeholder perspectives",
      "explanation": "diverse viewpoints from government, industry, and advocacy groups on environmental issues, reflecting varied interests and priorities"
    },
    {
      "term": "methodological limitations",
      "explanation": "constraints in data collection and analysis, such as seasonal variations or site additions, that can affect result interpretations"
    },
    {
      "term": "critical assessment",
      "explanation": "evaluating the strengths and weaknesses of evidence and arguments to form a balanced understanding"
    }
  ],
  "questions": [
    {
      "question": "What is the statistical change in the percentage of sites meeting minimum standards from last year to this year?",
      "options": [
        "Increased by 1%",
        "Decreased by 1%",
        "No change",
        "Increased by 2%"
      ],
      "correct_answer": "Increased by 1%"
    },
    {
      "question": "How does the current number of 'poor' rated sites compare to the worst year on record?",
      "options": [
        "It is lower",
        "It is higher",
        "It is the same",
        "Not specified"
      ],
      "correct_answer": "It is lower"
    },
    {
      "question": "What role does weather play in affecting water quality according to the article?",
      "options": [
        "It can influence bacteria levels",
        "It determines monitoring periods",
        "It causes sewage spills",
        "It has no effect"
      ],
      "correct_answer": "It can influence bacteria levels"
    },
    {
      "question": "Who is quoted as emphasizing the impact of regulation and investment?",
      "options": [
        "Alan Lovell",
        "Emma Hardy",
        "Water UK spokesperson",
        "A campaigner"
      ],
      "correct_answer": "Alan Lovell"
    },
    {
      "question": "What time frame do the latest figures cover?",
      "options": [
        "2022 to 2025",
        "2023 only",
        "2015 to 2024",
        "Not mentioned"
      ],
      "correct_answer": "2022 to 2025"
    },
    {
      "question": "What complication arises from adding new bathing sites?",
      "options": [
        "It can skew year-to-year comparisons",
        "It improves all ratings",
        "It reduces pollution",
        "It stops monitoring"
      ],
      "correct_answer": "It can skew year-to-year comparisons"
    },
    {
      "question": "What is the government's stated goal with bathing water reforms?",
      "options": [
        "To strengthen management of bathing places",
        "To increase the number of poor sites",
        "To reduce public access",
        "To eliminate monitoring"
      ],
      "correct_answer": "To strengthen management of bathing places"
    },
    {
      "question": "How does the article present the campaigners' viewpoint?",
      "options": [
        "As critical of ongoing health risks",
        "As supportive of government actions",
        "As indifferent to water quality",
        "As focused on economic benefits"
      ],
      "correct_answer": "As critical of ongoing health risks"
    },
    {
      "question": "What evidence does the article use to support the improvement claims?",
      "options": [
        "Environment Agency data",
        "Campaigner reports",
        "Weather records",
        "Public surveys"
      ],
      "correct_answer": "Environment Agency data"
    },
    {
      "question": "What is a key limitation mentioned regarding the data interpretation?",
      "options": [
        "Addition of sites rated poor affects comparisons",
        "Lack of any monitoring data",
        "All sites are excellent",
        "Data covers only one year"
      ],
      "correct_answer": "Addition of sites rated poor affects comparisons"
    }
  ],
  "background_read": [
    "Water quality assessment in England involves rigorous monitoring of bacterial contaminants to protect public health during recreational activities. Historical context shows that issues like sewage overflows from aging infrastructure and agricultural pollutants have long challenged water safety, with regulatory bodies like the Environment Agency implementing standards since 2015. Recent trends indicate incremental improvements, but persistent poor ratings highlight systemic problems. This background is essential for understanding the socio-environmental dynamics, including policy reforms, industrial accountability, and activist pressures, that shape the ongoing discourse on sustainable water management and public health protection."
  ],
  "Article_Structure": [
    "This article provides an in-depth analysis of England's bathing water quality, detailing main points such as slight improvements in compliance rates and reductions in poor ratings, set against a decade-high context. Its purpose is to report on environmental progress while highlighting debates among stakeholders, serving public awareness and policy evaluation. Evidence evaluation notes the reliance on official EA data, which is credible but may be influenced by methodological factors like weather and site additions, requiring critical scrutiny. Author credibility is upheld through sourcing from BBC and expert statements, though potential biases in framing exist. Methodology involves systematic monitoring and comparative analysis, with critical assessment acknowledging strengths in data transparency but limitations in addressing underlying pollution causes comprehensively."
  ],
  "perspectives": [
    {
      "perspective": "Governmental stance",
      "description": "Advocates for regulatory reforms and investments as effective tools for incremental water quality enhancements and community welfare."
    },
    {
      "perspective": "Industrial position",
      "description": "Asserts current high standards and proactive measures to reduce pollution, reflecting corporate responsibility and economic considerations."
    },
    {
      "perspective": "Activist critique",
      "description": "Challenges the sufficiency of improvements, emphasizing persistent health risks and calling for more radical environmental protections."
    }
  ],
  "image_url": "/article_images/article_e705bed80aef7922_43a1fda9842d.webp"
}