{
  "title": "Ethical and Legal Implications of Data Mishandling at the Social Security Administration",
  "summary": "The Social Security Administration has acknowledged that members of Elon Musk's DOGE team, embedded within the agency, engaged in unauthorized access and dissemination of sensitive data, corroborating allegations from a whistleblower complaint filed by former chief data officer Chuck Borges. Key incidents include a DOGE employee's agreement with a political advocacy group to analyze voter rolls for evidence of fraud to overturn election results, the sharing of personally identifiable information of 1,000 individuals via encrypted email, and the storage of data on third-party cloud servers outside established security protocols, leaving the data's fate uncertain. Borges, who involuntarily resigned in August, subsequently filed a retaliation complaint, underscoring the personal and professional risks faced by whistleblowers. The government's recent disclosures validate aspects of his complaint, highlighting systemic vulnerabilities in data governance and the potential for political manipulation of sensitive information. This case raises critical questions about data privacy, electoral integrity, and the efficacy of whistleblower protections within governmental institutions, reflecting broader societal concerns about technology, power, and accountability in the digital age.",
  "keywords": [
    {
      "term": "unauthorized access",
      "explanation": "the act of obtaining data without proper permission or legal authority, often violating security policies"
    },
    {
      "term": "dissemination of sensitive data",
      "explanation": "the distribution or sharing of confidential information, potentially compromising privacy and security"
    },
    {
      "term": "whistleblower complaint",
      "explanation": "a formal allegation by an employee regarding illegal or unethical practices, often protected under law to encourage transparency"
    },
    {
      "term": "data governance",
      "explanation": "the overall management of data availability, usability, integrity, and security in an organization"
    },
    {
      "term": "electoral integrity",
      "explanation": "the fairness and honesty of election processes, free from fraud or manipulation"
    },
    {
      "term": "retaliation complaint",
      "explanation": "a legal action claiming adverse employment consequences as a result of whistleblowing or protected activities"
    },
    {
      "term": "systemic vulnerabilities",
      "explanation": "inherent weaknesses in an organization's structures or processes that allow for failures or breaches"
    },
    {
      "term": "political advocacy group",
      "explanation": "an organization that seeks to influence public policy or election outcomes, often through data analysis or campaigning"
    },
    {
      "term": "third-party cloud servers",
      "explanation": "external data storage solutions operated by independent providers, which may lack the security controls of the primary organization"
    },
    {
      "term": "accountability in the digital age",
      "explanation": "the responsibility of individuals or entities for their actions involving technology and data, especially in contexts of power and transparency"
    }
  ],
  "questions": [
    {
      "question": "What specific actions by DOGE team members are cited as evidence of data mishandling?",
      "options": [
        "Agreement to analyze voter rolls, sharing PII via email, using insecure cloud servers",
        "Improving data encryption, reporting breaches promptly, securing servers",
        "Deleting all data, resigning voluntarily, filing no complaints",
        "Collaborating with SSA on security upgrades, protecting data rigorously"
      ],
      "correct_answer": "Agreement to analyze voter rolls, sharing PII via email, using insecure cloud servers"
    },
    {
      "question": "How does the government's response to the whistleblower complaint impact the case?",
      "options": [
        "It validates some allegations, highlighting systemic issues",
        "It dismisses all claims as false",
        "It promotes the DOGE team's actions",
        "It ignores the complaint entirely"
      ],
      "correct_answer": "It validates some allegations, highlighting systemic issues"
    },
    {
      "question": "What are the potential consequences of storing data on third-party cloud servers outside security protocols?",
      "options": [
        "Uncertain data status and increased risk of breaches",
        "Enhanced data protection and accessibility",
        "Automatic deletion of sensitive information",
        "Guaranteed compliance with all regulations"
      ],
      "correct_answer": "Uncertain data status and increased risk of breaches"
    },
    {
      "question": "Why is Chuck Borges's retaliation complaint significant in this context?",
      "options": [
        "It illustrates the personal risks whistleblowers face and challenges in protection systems",
        "It shows he was rewarded for his actions",
        "It indicates he acted maliciously",
        "It proves the DOGE team was innocent"
      ],
      "correct_answer": "It illustrates the personal risks whistleblowers face and challenges in protection systems"
    },
    {
      "question": "What broader societal concerns does this case raise?",
      "options": [
        "Data privacy, electoral integrity, and accountability in technology use",
        "The benefits of data sharing for political campaigns",
        "The simplicity of government data management",
        "The lack of need for whistleblower laws"
      ],
      "correct_answer": "Data privacy, electoral integrity, and accountability in technology use"
    },
    {
      "question": "How does the article assess the evidence presented?",
      "options": [
        "It notes validation from disclosures but points to gaps like unclear data specifics",
        "It claims all evidence is conclusive and undisputed",
        "It dismisses the evidence as fabricated",
        "It focuses solely on anecdotal reports"
      ],
      "correct_answer": "It notes validation from disclosures but points to gaps like unclear data specifics"
    },
    {
      "question": "What role does the political advocacy group play in the data mishandling?",
      "options": [
        "It collaborated with a DOGE employee to analyze voter rolls for fraud",
        "It protected the data from misuse",
        "It reported the breaches to authorities",
        "It had no involvement in the incidents"
      ],
      "correct_answer": "It collaborated with a DOGE employee to analyze voter rolls for fraud"
    },
    {
      "question": "How does the case reflect on data governance at the Social Security Administration?",
      "options": [
        "It reveals systemic vulnerabilities and lapses in security protocols",
        "It demonstrates strong governance and compliance",
        "It shows data is always handled perfectly",
        "It indicates no need for improvement"
      ],
      "correct_answer": "It reveals systemic vulnerabilities and lapses in security protocols"
    },
    {
      "question": "What methodological approach does the article use to gather information?",
      "options": [
        "Court filings, government disclosures, and interviews with involved parties",
        "Only speculative analysis without sources",
        "Exclusive reliance on social media reports",
        "Internal memos from the DOGE team"
      ],
      "correct_answer": "Court filings, government disclosures, and interviews with involved parties"
    },
    {
      "question": "What critical assessment can be made about the article's coverage?",
      "options": [
        "It provides a multi-faceted view but may have biases from reliance on official and whistleblower accounts",
        "It is entirely objective with no potential biases",
        "It ignores all perspectives except the government's",
        "It focuses only on technological details without ethical context"
      ],
      "correct_answer": "It provides a multi-faceted view but may have biases from reliance on official and whistleblower accounts"
    }
  ],
  "background_read": [
    "The Social Security Administration (SSA) is a critical U.S. federal agency managing social insurance programs, entrusted with vast amounts of personally identifiable information (PII), making it a target for data breaches and misuse. Whistleblower protections, such as those under the Whistleblower Protection Act, are designed to safeguard employees who report misconduct, but cases like Chuck Borges's highlight ongoing challenges, including retaliation and legal complexities. Elon Musk's DOGE team, potentially linked to data-driven initiatives, represents the intersection of private sector technology and public agency operations, raising ethical questions about data access and political influence. This article delves into a specific incident where DOGE members mishandled SSA data, including for voter fraud analysis, reflecting broader issues of data privacy in the digital era, electoral security concerns post-2020 elections, and the accountability mechanisms within governmental institutions. Understanding this context requires knowledge of data governance frameworks, election law, and whistleblower dynamics in high-stakes environments."
  ],
  "Article_Structure": [
    "Main Points: The article details unauthorized data access by DOGE team members at SSA, including voter roll analysis for fraud, encrypted sharing of PII, and insecure cloud storage, with whistleblower Chuck Borges's complaint and retaliation case central to the narrative. Purpose: To investigate and report on data security breaches, political implications, and whistleblower experiences, fostering public awareness and debate on privacy, integrity, and accountability. Evidence Evaluation: Sources include government filings and interviews, offering credible but incomplete evidence, such as unspecified data details, suggesting limitations in transparency and investigation depth. Author Credibility: PBS NewsHour provides journalistic rigor, yet potential biases may arise from selective sourcing and emphasis on whistleblower perspectives. Methodology: Utilizes a combination of documentary analysis (court documents) and qualitative interviews, enabling a comprehensive but potentially subjective examination. Critical Assessment: Strengths lie in exposing systemic issues and personal narratives, but weaknesses include reliance on partial disclosures and possible oversight of counter-narratives, highlighting the need for further independent verification."
  ],
  "perspectives": [
    {
      "perspective": "Whistleblower and legal advocate perspective",
      "description": "This view emphasizes the ethical duty to report misconduct, the personal sacrifices of whistleblowers like Borges, and the need for robust legal protections to ensure accountability and data security in government operations."
    }
  ],
  "image_url": "/article_images/article_c396f28b48ca0a82_a80a7b4966d0.webp"
}