{
  "title": "Ant Evolution: Trading Armor for Colony Size",
  "summary": "This article explores how ants evolved to prioritize colony size over individual armor, based on a study by international researchers. Using 3D X-ray microtomography scans from a global database called Antscan, scientists analyzed over 880 ant specimens from 500 species to measure their exoskeleton investment. They discovered that ants with larger colonies invest less in their cuticles—the protective exoskeleton—because in a colony of thousands, losing a few workers to predators has minimal impact. This trade-off allows colonies to allocate resources like nitrogen and minerals toward producing more ants rather than reinforcing each individual. Factors such as diet and temperature influenced cuticle size, but colony size was the strongest predictor. Interestingly, this reduction in armor correlated with higher diversification rates, meaning ants with thinner exoskeletons could evolve and adapt to new environments more quickly. The study highlights how social insects like ants balance quality versus quantity, demonstrating that collective success can drive evolutionary changes by favoring numerical advantage over individual defense mechanisms.",
  "keywords": [
    {
      "term": "exoskeleton",
      "explanation": "the external skeleton that provides support and protection for insects like ants"
    },
    {
      "term": "colony size",
      "explanation": "the number of individuals in an ant colony, which affects resource allocation"
    },
    {
      "term": "cuticle investment",
      "explanation": "the amount of energy and nutrients ants use to build their protective exoskeleton"
    },
    {
      "term": "diversification rates",
      "explanation": "the speed at which species evolve and adapt to new ecological niches"
    },
    {
      "term": "3D microtomography",
      "explanation": "a high-resolution imaging technique used to scan and analyze ant anatomy"
    }
  ],
  "questions": [
    {
      "question": "What technology did researchers use to study ant anatomy?",
      "options": [
        "Microscopes",
        "3D X-ray microtomography",
        "DNA sequencing",
        "Satellite imaging"
      ],
      "correct_answer": "3D X-ray microtomography"
    },
    {
      "question": "Why do ants with large colonies invest less in cuticles?",
      "options": [
        "They have better predators",
        "Losing a few workers has little consequence",
        "They prefer thinner armor",
        "They eat less nitrogen"
      ],
      "correct_answer": "Losing a few workers has little consequence"
    },
    {
      "question": "What was the strongest factor affecting cuticle investment in the study?",
      "options": [
        "Temperature",
        "Diet",
        "Colony size",
        "Humidity"
      ],
      "correct_answer": "Colony size"
    },
    {
      "question": "How many ant specimens were analyzed in the research?",
      "options": [
        "100",
        "500",
        "880",
        "1000"
      ],
      "correct_answer": "880"
    },
    {
      "question": "What does diversification rate refer to in this context?",
      "options": [
        "The speed of colony growth",
        "The rate at which ants evolve to new niches",
        "The change in diet",
        "The increase in armor thickness"
      ],
      "correct_answer": "The rate at which ants evolve to new niches"
    },
    {
      "question": "What resource is saved when ants reduce cuticle investment?",
      "options": [
        "Water",
        "Nitrogen and minerals",
        "Sugar",
        "Oxygen"
      ],
      "correct_answer": "Nitrogen and minerals"
    },
    {
      "question": "What database did researchers use for ant scans?",
      "options": [
        "Antbase",
        "Antscan",
        "Insectarchive",
        "Biodivdb"
      ],
      "correct_answer": "Antscan"
    },
    {
      "question": "How did scientists interpret the 3D scan data?",
      "options": [
        "By manual segmentation",
        "Using a computer vision algorithm",
        "By asking experts",
        "Through genetic analysis"
      ],
      "correct_answer": "Using a computer vision algorithm"
    }
  ],
  "background_read": [
    "Ants are social insects that form complex colonies with specialized roles, such as workers and queens. Their exoskeleton, or cuticle, is made of chitin and provides protection but requires nutrients like nitrogen. Evolution involves changes in species over time, often driven by trade-offs between traits. In biology, the quality versus quantity dilemma examines how organisms allocate resources; for ants, this means balancing individual defense with colony growth. Researchers use comparative studies and imaging technologies to understand these evolutionary patterns, highlighting how social behavior influences adaptation and survival in ecosystems."
  ],
  "Article_Structure": [
    "This 100-word analysis covers the main points, purpose, evidence evaluation, author credibility, and methodology of the article. The main points reveal that ants evolve thinner exoskeletons in larger colonies, trading individual armor for numerical advantage, which enhances diversification. The purpose is to explore evolutionary trade-offs in social insects. Evidence is strong, based on extensive 3D scanning of global ant specimens, though limited by sample size. Authors are credible entomologists from reputable institutions. Methodology involves advanced microtomography and computer vision algorithms to analyze cuticle investment, providing robust data but relying on technological interpretation."
  ],
  "perspectives": [
    {
      "perspective": "Evolutionary trade-off view",
      "description": "Ants sacrifice individual protection for colony growth, demonstrating how natural selection favors traits that benefit the group over the individual in social species."
    }
  ],
  "image_url": "/article_images/article_7f1563696d2ffd70_1c40fec48983.webp"
}