{
  "title": "Svitolina's Victory Sets Up Sabalenka Clash in Australian Open",
  "summary": "In the Australian Open quarter-finals, Elina Svitolina delivered a swift 59-minute victory over Coco Gauff, winning 6-1, 6-2. This sets up a semi-final match against Aryna Sabalenka, who dominated Iva Jovic 6-3, 6-0. Sabalenka, the world number one, expressed a 'trophy or nothing' mentality and has an impressive record, reaching 14 semi-finals in the last 17 majors. She is on a winning streak of 10 matches and 20 consecutive sets this year, without dropping a set in Melbourne. Gauff struggled with five double faults and 26 unforced errors, showing frustration after the loss. The article highlights Sabalenka's consistency and focus, noting her history on hard courts and recent Grand Slam successes, including defending her US Open title. It also provides context on other tournament events, such as schedule changes due to heat.",
  "keywords": [
    {
      "term": "quarter-finals",
      "explanation": "the round in a tournament before the semi-finals, involving eight players or teams"
    },
    {
      "term": "semi-final",
      "explanation": "the round before the final, where four players or teams compete"
    },
    {
      "term": "world number one",
      "explanation": "the top-ranked player in the world based on performance points"
    },
    {
      "term": "double faults",
      "explanation": "in tennis, when a player fails to serve the ball correctly twice in a row, losing a point"
    },
    {
      "term": "unforced errors",
      "explanation": "mistakes made by a player without pressure from the opponent"
    },
    {
      "term": "winning streak",
      "explanation": "a series of consecutive victories"
    },
    {
      "term": "hard courts",
      "explanation": "a type of tennis surface made of asphalt or concrete, common in many tournaments"
    }
  ],
  "questions": [
    {
      "question": "What was the score in Svitolina's victory over Gauff?",
      "options": [
        "6-1, 6-2",
        "6-3, 6-0",
        "7-5, 6-4",
        "6-2, 6-1"
      ],
      "correct_answer": "6-1, 6-2"
    },
    {
      "question": "How many semi-finals has Sabalenka reached in the last 17 majors?",
      "options": [
        "14",
        "10",
        "8",
        "17"
      ],
      "correct_answer": "14"
    },
    {
      "question": "What is Sabalenka's mentality according to the article?",
      "options": [
        "trophy or nothing",
        "just have fun",
        "play safe",
        "learn from losses"
      ],
      "correct_answer": "trophy or nothing"
    },
    {
      "question": "How many double faults did Gauff serve in her match?",
      "options": [
        "5",
        "3",
        "10",
        "26"
      ],
      "correct_answer": "5"
    },
    {
      "question": "On what type of court has Sabalenka won most of her titles?",
      "options": [
        "hard courts",
        "clay courts",
        "grass courts",
        "indoor courts"
      ],
      "correct_answer": "hard courts"
    },
    {
      "question": "What tournament did Sabalenka defend in September?",
      "options": [
        "US Open",
        "Australian Open",
        "French Open",
        "Wimbledon"
      ],
      "correct_answer": "US Open"
    },
    {
      "question": "How long is Sabalenka's winning streak at the start of 2026?",
      "options": [
        "10 matches",
        "5 matches",
        "20 matches",
        "15 matches"
      ],
      "correct_answer": "10 matches"
    },
    {
      "question": "Who did Sabalenka beat in her quarter-final match?",
      "options": [
        "Iva Jovic",
        "Coco Gauff",
        "Elina Svitolina",
        "Lindsay Davenport"
      ],
      "correct_answer": "Iva Jovic"
    }
  ],
  "background_read": [
    "The Australian Open is one of the four Grand Slam tennis tournaments, held annually in Melbourne. It features top players from around the world competing on hard courts. Aryna Sabalenka is a prominent Belarusian player known for her powerful game and consistency in major tournaments. Elina Svitolina is a Ukrainian player with a strong defensive style. Coco Gauff is a young American star who has won Grand Slam titles. This article covers key matches and player performances, providing insights into strategies and statistics in professional tennis."
  ],
  "Article_Structure": [
    "Main Points: The article reports on Australian Open quarter-final results, with Svitolina defeating Gauff and Sabalenka beating Jovic, setting up a semi-final clash. It emphasizes Sabalenka's dominance, consistency, and 'trophy or nothing' mindset, while detailing Gauff's struggles. Purpose: To inform readers about tournament progress, player performances, and upcoming matches. Evidence Evaluation: Relies on match scores, player statistics (e.g., double faults, unforced errors), and quotes from Sabalenka, providing factual but limited depth. Author Credibility: Likely a sports journalist from BBC Tennis, with expertise in reporting but no direct player insight. Methodology: Based on match observations, official statistics, and player interviews, typical for sports news coverage."
  ],
  "perspectives": [
    {
      "perspective": "Athletic achievement",
      "description": "Highlights the skills and records of players like Sabalenka's semi-final streaks and Svitolina's efficient win."
    }
  ],
  "image_url": "/article_images/article_692f841d6906305c_8bb26e42736c.webp"
}