{
  "title": "Midlife Weight Loss: Metabolic Gains vs. Brain Inflammation Risks",
  "summary": "A recent study from Ben-Gurion University explores the complex effects of weight loss during midlife, revealing potential trade-offs between metabolic health and brain function. Researchers compared young adult and mid-aged mice that were made obese through diet and then lost weight. In both groups, weight loss successfully restored healthy blood glucose control, demonstrating clear metabolic benefits regardless of age. However, an unexpected finding emerged: in mid-aged mice, weight loss triggered increased inflammation in the hypothalamus, a brain region critical for regulating appetite, energy use, and other vital functions. This inflammation was detected using molecular analysis and advanced imaging of microglia, the brain's immune cells, and persisted for several weeks before subsiding. While the long-term implications are uncertain and inflammation might even contribute to metabolic improvements, the study raises concerns because chronic brain inflammation is linked to cognitive decline and neurodegenerative diseases like Alzheimer's. The researchers emphasize that weight loss remains crucial for combating obesity-related health issues, but they advocate for a more nuanced approach that considers age-specific impacts on brain health. Future studies aim to uncover why this inflammation occurs and develop strategies to preserve both metabolic and brain health during midlife weight loss.",
  "keywords": [
    {
      "term": "metabolic health",
      "explanation": "how well the body processes energy and nutrients, including blood sugar control"
    },
    {
      "term": "hypothalamic inflammation",
      "explanation": "swelling or immune response in the hypothalamus, which can disrupt brain functions like appetite regulation"
    },
    {
      "term": "microglia",
      "explanation": "immune cells in the brain that respond to injury or inflammation and were imaged in the study"
    },
    {
      "term": "neurodegenerative diseases",
      "explanation": "conditions like Alzheimer's that cause brain cells to deteriorate over time, often linked to inflammation"
    },
    {
      "term": "midlife",
      "explanation": "the period of life typically between ages 40 and 60, when health changes may occur"
    },
    {
      "term": "blood glucose control",
      "explanation": "the body's ability to regulate sugar levels in the blood, improved by weight loss in the study"
    },
    {
      "term": "obesity-induced",
      "explanation": "caused by being very overweight, as in the mice made obese through diet"
    },
    {
      "term": "GeroScience",
      "explanation": "the scientific journal where the study was published, focusing on aging and health"
    }
  ],
  "questions": [
    {
      "question": "What was the main metabolic benefit observed in both young and mid-aged mice after weight loss?",
      "options": [
        "Increased brain inflammation",
        "Improved blood glucose control",
        "Reduced appetite",
        "Stronger immune system"
      ],
      "correct_answer": "Improved blood glucose control"
    },
    {
      "question": "In which brain region did inflammation increase in mid-aged mice after weight loss?",
      "options": [
        "The cerebellum",
        "The hypothalamus",
        "The hippocampus",
        "The cortex"
      ],
      "correct_answer": "The hypothalamus"
    },
    {
      "question": "How was the brain inflammation detected in the study?",
      "options": [
        "Through surveys of mice",
        "Using molecular analysis and imaging of microglia",
        "By measuring weight loss directly",
        "Through blood tests only"
      ],
      "correct_answer": "Using molecular analysis and imaging of microglia"
    },
    {
      "question": "Why is the finding of brain inflammation concerning for human health?",
      "options": [
        "It always leads to immediate weight gain",
        "It is linked to cognitive decline and diseases like Alzheimer's",
        "It makes the hypothalamus smaller",
        "It has no long-term effects"
      ],
      "correct_answer": "It is linked to cognitive decline and diseases like Alzheimer's"
    },
    {
      "question": "What did the researchers emphasize about weight loss in midlife?",
      "options": [
        "It should be avoided entirely",
        "It is only beneficial for young adults",
        "It is essential but requires consideration of brain health impacts",
        "It has no effect on metabolism"
      ],
      "correct_answer": "It is essential but requires consideration of brain health impacts"
    },
    {
      "question": "What is the role of microglia in the brain?",
      "options": [
        "They regulate blood sugar",
        "They are immune cells that respond to inflammation",
        "They control body weight",
        "They produce energy for the brain"
      ],
      "correct_answer": "They are immune cells that respond to inflammation"
    },
    {
      "question": "What future step do the researchers propose?",
      "options": [
        "Stop all weight loss research",
        "Develop approaches to protect brain health during weight loss",
        "Focus only on young mice studies",
        "Ignore the inflammation findings"
      ],
      "correct_answer": "Develop approaches to protect brain health during weight loss"
    },
    {
      "question": "Where was the study published?",
      "options": [
        "Science Daily",
        "GeroScience",
        "The New England Journal of Medicine",
        "Nature"
      ],
      "correct_answer": "GeroScience"
    }
  ],
  "background_read": [
    "This article discusses a scientific study on weight loss and aging, focusing on how midlife weight loss might affect brain health. Obesity is a global health issue, and losing weight is often recommended to reduce risks like diabetes and heart disease. However, this research suggests that the effects of weight loss can vary with age. Using mice as models, scientists found that while weight loss improves metabolic functions such as blood sugar control in both young and mid-aged individuals, it also causes temporary inflammation in the hypothalamus of mid-aged mice. The hypothalamus is important for regulating appetite and energy, and inflammation there could potentially lead to cognitive problems or neurodegenerative diseases. The study highlights the need for a balanced approach to weight loss, especially as people age, to ensure that brain health is not compromised. It was conducted at Ben-Gurion University and published in GeroScience, with funding from various science foundations."
  ],
  "Article_Structure": [
    "The article presents a study on weight loss in midlife, highlighting key arguments: weight loss improves metabolic health like blood glucose control but may cause hypothalamic inflammation in mid-aged mice, raising concerns for brain health. Its purpose is to inform about age-specific effects of weight loss and advocate for nuanced health strategies. Evidence is evaluated as strong, using molecular and imaging methods in mice, though human applicability is limited. Author credibility is supported by affiliations with Ben-Gurion University and publication in GeroScience. Methodology involved diet-induced obesity and weight loss in mice, with advanced microscopy and computational analysis to detect inflammation."
  ],
  "perspectives": [
    {
      "perspective": "Metabolic optimization view",
      "description": "Focuses on the benefits of weight loss for improving blood sugar and overall metabolic health, viewing inflammation as a temporary side effect."
    },
    {
      "perspective": "Brain-centric caution view",
      "description": "Emphasizes the risks of brain inflammation from weight loss in midlife, advocating for protective measures to prevent cognitive decline."
    }
  ],
  "image_url": "/article_images/article_d700240656def70c_a3bff4285ae5.webp"
}