{
  "title": "Accelerated Coastal Acidification: Implications of Upwelling Systems in a High-CO2 World",
  "summary": "A study from the University of St Andrews, published in Nature Communications, demonstrates that coastal seas are undergoing rapid acidification at rates surpassing previous estimates, primarily driven by the interplay between atmospheric CO2 absorption and upwelling dynamics. Using the California Current as a focal point, researchers employed boron isotope analysis of historic coral skeletons to reconstruct twentieth-century acidity trends, complemented by regional ocean modeling to project twenty-first-century scenarios. Their findings indicate that upwelling zones exacerbate acidification by introducing pre-acidified deep waters to the surface, where additional CO2 from anthropogenic sources further lowers pH. This amplification poses significant threats to marine biodiversity and the socioeconomic stability of global fisheries, as upwelling regions are among the most productive ecosystems. Co-authors Dr. Hana Jurikova and Dr. James Rae underscore the complexity of predicting these changes due to interactions between natural and human-induced factors, while advocating for climate solutions like electric vehicles to address the root causes. The study suggests that similar intensification may occur in other major upwelling systems, such as the Humboldt and Benguela Currents, highlighting the urgent need for expanded research and policy interventions to mitigate cascading environmental impacts.",
  "keywords": [
    {
      "term": "ocean acidification",
      "explanation": "a decrease in ocean pH caused by the dissolution of atmospheric carbon dioxide, leading to chemical changes that affect marine organisms"
    },
    {
      "term": "upwelling",
      "explanation": "an oceanographic process where deep, cold, and nutrient-rich water ascends to the surface, often enhancing productivity but also acidity"
    },
    {
      "term": "boron isotopes",
      "explanation": "geochemical proxies used in paleoceanography to infer historical pH levels from biogenic carbonates like coral skeletons"
    },
    {
      "term": "anthropogenic CO2",
      "explanation": "carbon dioxide emissions resulting from human activities, such as fossil fuel combustion, contributing to climate change and ocean acidification"
    },
    {
      "term": "pH",
      "explanation": "a logarithmic measure of hydrogen ion concentration, where values below 7 indicate acidity, critical for assessing ocean chemical balance"
    },
    {
      "term": "regional ocean model",
      "explanation": "a computational tool simulating ocean processes in specific areas to predict future environmental conditions"
    },
    {
      "term": "marine ecosystems",
      "explanation": "complex communities of organisms in oceanic environments, vulnerable to acidification-induced shifts in calcification and survival"
    },
    {
      "term": "fisheries sustainability",
      "explanation": "the ability to maintain fish populations and harvesting practices over time, threatened by ecological disruptions like acidification"
    },
    {
      "term": "climate mitigation",
      "explanation": "strategies to reduce greenhouse gas emissions and limit climate change impacts, including ocean acidification"
    },
    {
      "term": "environmental amplification",
      "explanation": "the intensification of natural processes by human activities, leading to accelerated change"
    }
  ],
  "questions": [
    {
      "question": "How does upwelling contribute to enhanced ocean acidification in coastal regions?",
      "options": [
        "By bringing acidic deep water to interact with atmospheric CO2",
        "By reducing CO2 levels in surface waters",
        "By increasing ocean alkalinity",
        "By blocking CO2 absorption"
      ],
      "correct_answer": "By bringing acidic deep water to interact with atmospheric CO2"
    },
    {
      "question": "What role do boron isotopes play in the study's methodology?",
      "options": [
        "They serve as proxies for reconstructing historical pH levels",
        "They measure current CO2 concentrations",
        "They indicate water temperature changes",
        "They track fish migration patterns"
      ],
      "correct_answer": "They serve as proxies for reconstructing historical pH levels"
    },
    {
      "question": "Why is the California Current used as a case study in this research?",
      "options": [
        "It exemplifies upwelling systems where acidification is intensified",
        "It has the lowest acidity levels",
        "It is unaffected by human activities",
        "It is a freshwater system"
      ],
      "correct_answer": "It exemplifies upwelling systems where acidification is intensified"
    },
    {
      "question": "What are the implications of accelerated acidification for global fisheries?",
      "options": [
        "Increased risks to productivity and economic stability",
        "Enhanced fish growth rates",
        "Decreased biodiversity without economic impact",
        "Improved water quality"
      ],
      "correct_answer": "Increased risks to productivity and economic stability"
    },
    {
      "question": "How do the authors address the interaction between natural and anthropogenic factors?",
      "options": [
        "By highlighting how they amplify environmental change",
        "By claiming they are independent",
        "By suggesting natural factors dominate",
        "By ignoring anthropogenic influences"
      ],
      "correct_answer": "By highlighting how they amplify environmental change"
    },
    {
      "question": "What limitations might exist in the study's regional focus?",
      "options": [
        "Findings may not generalize to all upwelling systems without further research",
        "It covers all global oceans equally",
        "It overestimates acidification rates",
        "It relies solely on theoretical models"
      ],
      "correct_answer": "Findings may not generalize to all upwelling systems without further research"
    },
    {
      "question": "What solutions are proposed to mitigate ocean acidification?",
      "options": [
        "Adopting technologies like electric vehicles to reduce CO2 emissions",
        "Increasing deep-water upwelling",
        "Adding chemicals to neutralize acidity",
        "Expanding fisheries operations"
      ],
      "correct_answer": "Adopting technologies like electric vehicles to reduce CO2 emissions"
    },
    {
      "question": "How does the study evaluate the credibility of its evidence?",
      "options": [
        "Through peer-reviewed publication and use of established scientific methods",
        "By relying on anecdotal reports",
        "Using untested models",
        "Based on political opinions"
      ],
      "correct_answer": "Through peer-reviewed publication and use of established scientific methods"
    },
    {
      "question": "What critical assessment can be made of the research's methodology?",
      "options": [
        "It robustly combines historical data with modeling but may have regional biases",
        "It lacks any empirical data",
        "It uses outdated techniques",
        "It ignores coral biology entirely"
      ],
      "correct_answer": "It robustly combines historical data with modeling but may have regional biases"
    },
    {
      "question": "Why is predicting upwelling system responses to climate change considered complex?",
      "options": [
        "Due to interactions between multiple environmental variables",
        "Because upwelling is a simple, predictable process",
        "As CO2 levels are constant",
        "Since fisheries data is always accurate"
      ],
      "correct_answer": "Due to interactions between multiple environmental variables"
    }
  ],
  "background_read": [
    "Ocean acidification is a pervasive consequence of anthropogenic carbon dioxide emissions, where CO2 dissolves in seawater to form carbonic acid, lowering pH and impairing calcifying organisms such as corals and mollusks. Upwelling systems, driven by wind and ocean currents, bring deep, CO2-rich waters to the surface, exacerbating acidification and affecting marine food webs. These regions are ecologically and economically vital, supporting major fisheries that contribute to global food security. The study from St Andrews advances understanding by integrating paleoceanographic techniques with predictive modeling, highlighting the amplified risks in coastal areas. However, challenges remain in scaling findings globally and addressing socio-economic impacts. Background knowledge in chemistry, ecology, and climate science enriches comprehension of the article's implications for policy and conservation efforts."
  ],
  "Article_Structure": [
    "The article's main points detail accelerated acidification in upwelling zones, using the California Current to illustrate how deep-water acidity combines with atmospheric CO2. Its purpose is to raise awareness of underestimated risks and advocate for climate solutions. Evidence evaluation shows strong empirical support from coral isotope data and models, though limited to specific regions. Author credibility is bolstered by affiliations with St Andrews and publication in a high-impact journal. Methodology involves historical reconstruction and forecasting, providing a comprehensive but regionally focused analysis. Critical assessment notes strengths in interdisciplinary approach but limitations in generalizability and potential biases in model assumptions."
  ],
  "perspectives": [
    {
      "perspective": "Scientific research perspective",
      "description": "Focuses on empirical data and modeling to demonstrate accelerated acidification and its mechanisms."
    },
    {
      "perspective": "Socio-economic perspective",
      "description": "Emphasizes the impact on fisheries and communities, calling for integrated policy responses."
    },
    {
      "perspective": "Environmental advocacy perspective",
      "description": "Highlights the urgency of reducing emissions to protect marine ecosystems from irreversible damage."
    }
  ],
  "image_url": "/article_images/article_07b16a66f621b928_707d777a8aac.webp"
}