{
  "title": "Rapid Acidification in Coastal Seas: A Growing Threat",
  "summary": "Recent research from the University of St Andrews reveals that coastal seas are acidifying at an alarming rate, faster than previously thought. The study, published in Nature Communications, focuses on the California Current as a case study, showing that upwelling systems intensify ocean acidification. Upwelling brings deep, nutrient-rich, and acidic water to the surface, where it combines with atmospheric carbon dioxide, leading to a rapid drop in pH. Scientists analyzed historic coral samples using boron isotopes to track acidity changes over the 20th century and used ocean models to project future trends. They found that acidification in upwelling zones exceeds expectations from atmospheric CO2 alone, posing significant risks to marine ecosystems and global fisheries. The research highlights that similar patterns may occur in other upwelling regions worldwide, such as the Humboldt and Benguela Currents. Co-authors emphasize the complexity of predicting these changes and stress the importance of reducing CO2 emissions through solutions like electric vehicles to mitigate the effects.",
  "keywords": [
    {
      "term": "ocean acidification",
      "explanation": "the process where the ocean becomes more acidic due to absorption of carbon dioxide"
    },
    {
      "term": "upwelling",
      "explanation": "the movement of deep ocean water to the surface, often bringing nutrients and acidity"
    },
    {
      "term": "pH",
      "explanation": "a scale measuring acidity or alkalinity, with lower values indicating higher acidity"
    },
    {
      "term": "boron isotopes",
      "explanation": "chemical markers in corals used to reconstruct past ocean conditions"
    },
    {
      "term": "carbon dioxide",
      "explanation": "a greenhouse gas that dissolves in seawater, increasing acidity"
    },
    {
      "term": "fisheries",
      "explanation": "industries involved in harvesting fish and other marine resources"
    },
    {
      "term": "climate change",
      "explanation": "long-term shifts in weather patterns and environmental conditions"
    },
    {
      "term": "ecosystems",
      "explanation": "communities of living organisms and their physical environment"
    }
  ],
  "questions": [
    {
      "question": "What is the main cause of ocean acidification discussed in the article?",
      "options": [
        "Absorption of atmospheric CO2",
        "Increased sunlight",
        "Oil spills",
        "Volcanic eruptions"
      ],
      "correct_answer": "Absorption of atmospheric CO2"
    },
    {
      "question": "How do upwelling systems affect ocean acidification?",
      "options": [
        "They intensify it by bringing acidic deep water to the surface",
        "They reduce it by cooling the water",
        "They have no effect",
        "They make the water less salty"
      ],
      "correct_answer": "They intensify it by bringing acidic deep water to the surface"
    },
    {
      "question": "What method did researchers use to study historical acidity changes?",
      "options": [
        "Analyzing boron isotopes in corals",
        "Measuring water temperature",
        "Counting fish populations",
        "Studying satellite images"
      ],
      "correct_answer": "Analyzing boron isotopes in corals"
    },
    {
      "question": "Why are upwelling regions important for global fisheries?",
      "options": [
        "They are highly productive and support many fish",
        "They have the cleanest water",
        "They are free from pollution",
        "They are the deepest parts of the ocean"
      ],
      "correct_answer": "They are highly productive and support many fish"
    },
    {
      "question": "What is a potential solution mentioned to address ocean acidification?",
      "options": [
        "Using electric vehicles",
        "Building more ships",
        "Increasing fishing",
        "Drilling for oil"
      ],
      "correct_answer": "Using electric vehicles"
    },
    {
      "question": "Which other regions might experience similar acidification intensification?",
      "options": [
        "Humboldt and Benguela Currents",
        "Arctic Ocean only",
        "Indian Ocean deserts",
        "Freshwater lakes"
      ],
      "correct_answer": "Humboldt and Benguela Currents"
    },
    {
      "question": "What does the study suggest about the interaction between natural and human-induced factors?",
      "options": [
        "They amplify environmental change",
        "They cancel each other out",
        "They only affect deep oceans",
        "They are not related"
      ],
      "correct_answer": "They amplify environmental change"
    },
    {
      "question": "Who are the co-authors mentioned in the article?",
      "options": [
        "Dr. Hana Jurikova and Dr. James Rae",
        "Famous fishermen",
        "Politicians",
        "Movie stars"
      ],
      "correct_answer": "Dr. Hana Jurikova and Dr. James Rae"
    }
  ],
  "background_read": [
    "Ocean acidification is a critical aspect of climate change, driven by the absorption of carbon dioxide from the atmosphere into seawater, which lowers pH and makes the ocean more acidic. This process threatens marine life, particularly organisms with calcium carbonate shells or skeletons, like corals and shellfish. Upwelling systems, such as the California Current, are areas where deep, cold, and acidic water rises, enhancing acidification and impacting biodiversity. These regions are vital for fisheries, providing a significant portion of the world's seafood. Understanding the mechanisms behind acidification helps in developing strategies to mitigate its effects, such as reducing carbon emissions. The research from St Andrews uses advanced techniques like isotope analysis and modeling to provide insights into past and future changes, emphasizing the need for global action."
  ],
  "Article_Structure": [
    "The article's main points highlight rapid coastal acidification intensified by upwelling, using the California Current as an example. Its purpose is to alert readers to underestimated risks for marine ecosystems and fisheries. Evidence evaluation shows strong support from coral isotope data and ocean models, though limited to specific regions. Author credibility is high, with researchers from a reputable university publishing in Nature Communications. Methodology involves historical coral analysis and predictive modeling, providing a robust but area-specific assessment of acidification trends."
  ],
  "perspectives": [
    {
      "perspective": "Research perspective",
      "description": "Emphasizes data-driven findings on accelerated acidification and the role of upwelling."
    },
    {
      "perspective": "Environmental impact perspective",
      "description": "Focuses on threats to fisheries and ecosystems, urging mitigation efforts."
    }
  ],
  "image_url": "/article_images/article_07b16a66f621b928_707d777a8aac.webp"
}