{
  "title": "Remembering Catherine O'Hara: A Funny Actress Who Made Us Laugh",
  "summary": "Catherine O'Hara was a famous actress who made people laugh in movies and TV shows. She was best known for playing funny roles in films like Home Alone and Beetlejuice, and she won an award for her part in Schitt's Creek. She was from Canada and started her career in a comedy group called Second City. Sadly, she passed away at age 71 after being sick for a short time. Her friends and co-stars, like Macaulay Culkin from Home Alone, shared nice memories about her. She was loved by many people around the world for her humor and kindness.",
  "keywords": [
    {
      "term": "actress",
      "explanation": "a woman who acts in movies or TV shows"
    },
    {
      "term": "comedic",
      "explanation": "funny or making people laugh"
    },
    {
      "term": "Canada",
      "explanation": "a country where Catherine O'Hara was born"
    },
    {
      "term": "Second City",
      "explanation": "a comedy group where she started acting"
    },
    {
      "term": "Home Alone",
      "explanation": "a popular movie where she played a mom"
    },
    {
      "term": "Schitt's Creek",
      "explanation": "a TV show she was in and won an award for"
    }
  ],
  "questions": [
    {
      "question": "What was Catherine O'Hara best known for?",
      "options": [
        "Being a funny actress in movies and TV",
        "Being a singer in a band",
        "Being a teacher in a school",
        "Being a doctor in a hospital"
      ],
      "correct_answer": "Being a funny actress in movies and TV"
    },
    {
      "question": "How old was Catherine O'Hara when she died?",
      "options": [
        "71 years old",
        "65 years old",
        "80 years old",
        "50 years old"
      ],
      "correct_answer": "71 years old"
    },
    {
      "question": "Where was Catherine O'Hara from?",
      "options": [
        "Canada",
        "United States",
        "England",
        "Australia"
      ],
      "correct_answer": "Canada"
    },
    {
      "question": "Which comedy group did she start with?",
      "options": [
        "Second City",
        "First City",
        "Funny Group",
        "Comedy Club"
      ],
      "correct_answer": "Second City"
    },
    {
      "question": "Who paid tribute to her from the movie Home Alone?",
      "options": [
        "Macaulay Culkin",
        "Eugene Levy",
        "John Candy",
        "Mark Carney"
      ],
      "correct_answer": "Macaulay Culkin"
    },
    {
      "question": "What award did she win for Schitt's Creek?",
      "options": [
        "An Emmy",
        "An Oscar",
        "A Grammy",
        "A Tony"
      ],
      "correct_answer": "An Emmy"
    }
  ],
  "background_read": [
    "Catherine O'Hara was a beloved actress known for her humor and roles in classic films. She began in Canadian comedy and became famous worldwide. Her death saddened many fans and colleagues, who remembered her as a kind and talented person."
  ],
  "Article_Structure": [
    "WHO: Catherine O'Hara, a funny actress from Canada",
    "WHAT: She died at age 71 after a short illness",
    "WHERE: She died at her home in Los Angeles, but was from Toronto, Canada",
    "WHY: The article shares her life story and how people are remembering her"
  ],
  "perspectives": [
    {
      "perspective": "Personal Tribute",
      "description": "Friends and co-stars shared loving memories of her as a person and artist"
    }
  ],
  "image_url": "/article_images/article_fa20b58fc74fdb3e_710ed3e8e6e6.webp"
}