{
  "title": "Advanced LDH Technology Revolutionizes PFAS Remediation with Unprecedented Efficiency",
  "summary": "A multidisciplinary research team from Rice University, in collaboration with international scholars, has pioneered an environmentally sustainable technology utilizing a layered double hydroxide (LDH) composite to rapidly adsorb and degrade per- and polyfluoroalkyl substances (PFAS), colloquially termed 'forever chemicals,' in aqueous environments. PFAS, synthetic compounds prevalent since the mid-20th century in applications such as non-stick coatings and waterproof materials, exhibit extreme persistence due to their strong carbon-fluorine bonds, leading to widespread environmental contamination and associations with adverse health outcomes including hepatotoxicity, carcinogenicity, and immune dysfunction. Conventional remediation strategies, predominantly adsorption-based techniques employing activated carbon or ion-exchange resins, are hampered by inefficiencies, protracted timelines, limited capacity, and the generation of secondary waste streams. The novel LDH material, synthesized from copper and aluminum with nitrate incorporation, demonstrates adsorption capabilities exceeding 1,000-fold and operational speeds approximately 100 times greater than commercial carbon filters, achieving substantial PFAS removal within minutes. Rigorous testing across diverse matrices—river water, tap water, and wastewater—underscores its robustness and potential integration into municipal and industrial water treatment infrastructures. This advancement not only mitigates a pervasive ecological and public health hazard but also exemplifies a paradigm shift towards scalable, high-performance remediation technologies.",
  "keywords": [
    {
      "term": "layered double hydroxide (LDH) composite",
      "explanation": "a structured material composed of copper and aluminum layers, optimized for high adsorption capacity through charge imbalances"
    },
    {
      "term": "carbon-fluorine bonds",
      "explanation": "strong chemical bonds in PFAS that contribute to their environmental persistence and resistance to degradation"
    },
    {
      "term": "hepatotoxicity",
      "explanation": "liver damage caused by toxic substances like PFAS"
    },
    {
      "term": "adsorption-based techniques",
      "explanation": "methods that rely on surface attachment for contaminant removal, often limited by kinetics and capacity"
    },
    {
      "term": "secondary waste streams",
      "explanation": "additional contaminated residues generated during treatment processes, posing disposal challenges"
    }
  ],
  "questions": [
    {
      "question": "What structural feature of PFAS contributes to their environmental persistence?",
      "options": [
        "Weak hydrogen bonds",
        "Carbon-fluorine bonds",
        "Ionic charges",
        "Van der Waals forces"
      ],
      "correct_answer": "Carbon-fluorine bonds"
    },
    {
      "question": "How does the adsorption performance of the LDH material compare to conventional methods?",
      "options": [
        "It is slightly better",
        "It is over 1,000 times better",
        "It is equivalent",
        "It is less effective"
      ],
      "correct_answer": "It is over 1,000 times better"
    },
    {
      "question": "What are potential health impacts of PFAS exposure as discussed in the article?",
      "options": [
        "Enhanced cognitive function",
        "Hepatotoxicity and carcinogenicity",
        "Improved metabolic rate",
        "No significant effects"
      ],
      "correct_answer": "Hepatotoxicity and carcinogenicity"
    },
    {
      "question": "What limitation of current PFAS remediation methods does the LDH technology address?",
      "options": [
        "High cost only",
        "Generation of secondary waste and slow kinetics",
        "Lack of scalability",
        "Inability to work in lab settings"
      ],
      "correct_answer": "Generation of secondary waste and slow kinetics"
    },
    {
      "question": "In which publication were the study's results detailed?",
      "options": [
        "Nature",
        "Advanced Materials",
        "Science Daily",
        "Journal of Environmental Engineering"
      ],
      "correct_answer": "Advanced Materials"
    },
    {
      "question": "What role does nitrate incorporation play in the LDH material's effectiveness?",
      "options": [
        "It reduces adsorption capacity",
        "It enhances PFAS attachment through charge interactions",
        "It makes the material dissolve faster",
        "It has no effect"
      ],
      "correct_answer": "It enhances PFAS attachment through charge interactions"
    },
    {
      "question": "How was the LDH material validated for real-world application?",
      "options": [
        "Through theoretical models only",
        "By testing in river water, tap water, and wastewater",
        "Using only distilled water in labs",
        "Via consumer product trials"
      ],
      "correct_answer": "By testing in river water, tap water, and wastewater"
    },
    {
      "question": "What academic backgrounds do key researchers like Michael S. Wong bring to this study?",
      "options": [
        "Arts and humanities",
        "Molecular nanotechnology and chemical engineering",
        "Medical sciences only",
        "Economics and policy"
      ],
      "correct_answer": "Molecular nanotechnology and chemical engineering"
    },
    {
      "question": "What methodological approach was used to assess the LDH material's performance?",
      "options": [
        "Surveys and interviews",
        "Controlled lab experiments and comparative analysis with existing methods",
        "Historical data analysis",
        "Field observations only"
      ],
      "correct_answer": "Controlled lab experiments and comparative analysis with existing methods"
    },
    {
      "question": "What broader implication does this technology have for environmental policy?",
      "options": [
        "It may reduce the need for regulation",
        "It supports the development of scalable, sustainable remediation strategies",
        "It emphasizes reliance on traditional methods",
        "It has no policy relevance"
      ],
      "correct_answer": "It supports the development of scalable, sustainable remediation strategies"
    }
  ],
  "background_read": [
    "Per- and polyfluoroalkyl substances (PFAS) are a class of synthetic chemicals characterized by carbon-fluorine bonds, which confer exceptional stability and resistance to degradation, earning them the moniker 'forever chemicals.' First synthesized in the 1940s, PFAS have been integral to numerous industrial and consumer applications, including firefighting foams, stain-resistant fabrics, and food packaging, due to their hydrophobic and oleophobic properties. However, their environmental persistence has led to ubiquitous contamination of aquatic and terrestrial ecosystems, with bioaccumulation posing significant public health risks such as liver damage, thyroid disruption, reproductive toxicity, and increased cancer incidence. Current remediation methodologies, primarily adsorption techniques using materials like granular activated carbon or anion-exchange resins, are constrained by slow kinetics, limited selectivity, and the production of concentrated waste requiring further treatment or disposal. This context underscores the urgency for innovative technologies, such as the layered double hydroxide (LDH) material developed by Rice University, which leverages advanced material science to enhance adsorption efficiency and speed, potentially transforming water treatment paradigms and informing regulatory frameworks for chemical management."
  ],
  "Article_Structure": [
    "Main Points: The article details a breakthrough in PFAS remediation through a copper-aluminum layered double hydroxide (LDH) material that adsorbs PFAS with exceptional efficiency and speed, validated in diverse water samples, and addresses limitations of existing methods. Purpose: To disseminate scientific advancements in sustainable technology for mitigating global PFAS pollution, highlighting its potential applications in water treatment and environmental health. Evidence Evaluation: The evidence is robust, derived from peer-reviewed research in Advanced Materials, with quantitative data on adsorption performance and real-world testing, though long-term durability and cost-effectiveness require further study. Author Credibility: The team includes established researchers from Rice University and international institutions, with expertise in engineering, nanotechnology, and environmental science, enhancing the study's reliability. Methodology: The research employed synthesis of LDH composites, laboratory adsorption experiments, comparative analyses with commercial filters, and field tests in various water types to assess practical viability. Critical Assessment: Strengths include innovative material design and compelling performance metrics, but limitations involve the need for scalability assessments, economic analysis, and evaluation of degradation pathways for adsorbed PFAS."
  ],
  "perspectives": [
    {
      "perspective": "Environmental sustainability",
      "description": "The technology aligns with green chemistry principles by reducing waste and enhancing cleanup efficiency, though full lifecycle impacts must be considered."
    }
  ],
  "image_url": "/article_images/article_95a0dc78b2e7edf3_3f6c78b4bf89.webp"
}