{
  "generated_at": "2025-12-13T12:42:44.580Z",
  "dates": [
    {
      "date": "2025-12-13",
      "supabase_path": "website/2025-12-13",
      "payloads_url": "https://lfknsvavhiqrsasdfyrs.supabase.co/storage/v1/object/public/shared-storage/website/2025-12-13/payloads/",
      "images_url": "https://lfknsvavhiqrsasdfyrs.supabase.co/storage/v1/object/public/shared-storage/website/2025-12-13/article_images/",
      "article_payloads_url": "https://lfknsvavhiqrsasdfyrs.supabase.co/storage/v1/object/public/shared-storage/website/2025-12-13/article_payloads/"
    },
    {
      "date": "2025-12-12",
      "supabase_path": "website/2025-12-12",
      "payloads_url": "https://lfknsvavhiqrsasdfyrs.supabase.co/storage/v1/object/public/shared-storage/website/2025-12-12/payloads/",
      "images_url": "https://lfknsvavhiqrsasdfyrs.supabase.co/storage/v1/object/public/shared-storage/website/2025-12-12/article_images/",
      "article_payloads_url": "https://lfknsvavhiqrsasdfyrs.supabase.co/storage/v1/object/public/shared-storage/website/2025-12-12/article_payloads/"
    },
    {
      "date": "2025-12-11",
      "supabase_path": "website/2025-12-11",
      "payloads_url": "https://lfknsvavhiqrsasdfyrs.supabase.co/storage/v1/object/public/shared-storage/website/2025-12-11/payloads/",
      "images_url": "https://lfknsvavhiqrsasdfyrs.supabase.co/storage/v1/object/public/shared-storage/website/2025-12-11/article_images/",
      "article_payloads_url": "https://lfknsvavhiqrsasdfyrs.supabase.co/storage/v1/object/public/shared-storage/website/2025-12-11/article_payloads/"
    },
    {
      "date": "2025-12-10",
      "supabase_path": "website/2025-12-10",
      "payloads_url": "https://lfknsvavhiqrsasdfyrs.supabase.co/storage/v1/object/public/shared-storage/website/2025-12-10/payloads/",
      "images_url": "https://lfknsvavhiqrsasdfyrs.supabase.co/storage/v1/object/public/shared-storage/website/2025-12-10/article_images/",
      "article_payloads_url": "https://lfknsvavhiqrsasdfyrs.supabase.co/storage/v1/object/public/shared-storage/website/2025-12-10/article_payloads/"
    },
    {
      "date": "2025-12-09",
      "supabase_path": "website/2025-12-09",
      "payloads_url": "https://lfknsvavhiqrsasdfyrs.supabase.co/storage/v1/object/public/shared-storage/website/2025-12-09/payloads/",
      "images_url": "https://lfknsvavhiqrsasdfyrs.supabase.co/storage/v1/object/public/shared-storage/website/2025-12-09/article_images/",
      "article_payloads_url": "https://lfknsvavhiqrsasdfyrs.supabase.co/storage/v1/object/public/shared-storage/website/2025-12-09/article_payloads/"
    },
    {
      "date": "2025-12-08",
      "supabase_path": "website/2025-12-08",
      "payloads_url": "https://lfknsvavhiqrsasdfyrs.supabase.co/storage/v1/object/public/shared-storage/website/2025-12-08/payloads/",
      "images_url": "https://lfknsvavhiqrsasdfyrs.supabase.co/storage/v1/object/public/shared-storage/website/2025-12-08/article_images/",
      "article_payloads_url": "https://lfknsvavhiqrsasdfyrs.supabase.co/storage/v1/object/public/shared-storage/website/2025-12-08/article_payloads/"
    },
    {
      "date": "2025-12-07",
      "supabase_path": "website/2025-12-07",
      "payloads_url": "https://lfknsvavhiqrsasdfyrs.supabase.co/storage/v1/object/public/shared-storage/website/2025-12-07/payloads/",
      "images_url": "https://lfknsvavhiqrsasdfyrs.supabase.co/storage/v1/object/public/shared-storage/website/2025-12-07/article_images/",
      "article_payloads_url": "https://lfknsvavhiqrsasdfyrs.supabase.co/storage/v1/object/public/shared-storage/website/2025-12-07/article_payloads/"
    },
    {
      "date": "2025-12-06",
      "supabase_path": "website/2025-12-06",
      "payloads_url": "https://lfknsvavhiqrsasdfyrs.supabase.co/storage/v1/object/public/shared-storage/website/2025-12-06/payloads/",
      "images_url": "https://lfknsvavhiqrsasdfyrs.supabase.co/storage/v1/object/public/shared-storage/website/2025-12-06/article_images/",
      "article_payloads_url": "https://lfknsvavhiqrsasdfyrs.supabase.co/storage/v1/object/public/shared-storage/website/2025-12-06/article_payloads/"
    },
    {
      "date": "2025-12-05",
      "supabase_path": "website/2025-12-05",
      "payloads_url": "https://lfknsvavhiqrsasdfyrs.supabase.co/storage/v1/object/public/shared-storage/website/2025-12-05/payloads/",
      "images_url": "https://lfknsvavhiqrsasdfyrs.supabase.co/storage/v1/object/public/shared-storage/website/2025-12-05/article_images/",
      "article_payloads_url": "https://lfknsvavhiqrsasdfyrs.supabase.co/storage/v1/object/public/shared-storage/website/2025-12-05/article_payloads/"
    },
    {
      "date": "2025-12-04",
      "supabase_path": "website/2025-12-04",
      "payloads_url": "https://lfknsvavhiqrsasdfyrs.supabase.co/storage/v1/object/public/shared-storage/website/2025-12-04/payloads/",
      "images_url": "https://lfknsvavhiqrsasdfyrs.supabase.co/storage/v1/object/public/shared-storage/website/2025-12-04/article_images/",
      "article_payloads_url": "https://lfknsvavhiqrsasdfyrs.supabase.co/storage/v1/object/public/shared-storage/website/2025-12-04/article_payloads/"
    },
    {
      "date": "2025-12-03",
      "supabase_path": "website/2025-12-03",
      "payloads_url": "https://lfknsvavhiqrsasdfyrs.supabase.co/storage/v1/object/public/shared-storage/website/2025-12-03/payloads/",
      "images_url": "https://lfknsvavhiqrsasdfyrs.supabase.co/storage/v1/object/public/shared-storage/website/2025-12-03/article_images/",
      "article_payloads_url": "https://lfknsvavhiqrsasdfyrs.supabase.co/storage/v1/object/public/shared-storage/website/2025-12-03/article_payloads/"
    },
    {
      "date": "2025-12-02",
      "supabase_path": "website/2025-12-02",
      "payloads_url": "https://lfknsvavhiqrsasdfyrs.supabase.co/storage/v1/object/public/shared-storage/website/2025-12-02/payloads/",
      "images_url": "https://lfknsvavhiqrsasdfyrs.supabase.co/storage/v1/object/public/shared-storage/website/2025-12-02/article_images/",
      "article_payloads_url": "https://lfknsvavhiqrsasdfyrs.supabase.co/storage/v1/object/public/shared-storage/website/2025-12-02/article_payloads/"
    },
    {
      "date": "2025-12-01",
      "supabase_path": "website/2025-12-01",
      "payloads_url": "https://lfknsvavhiqrsasdfyrs.supabase.co/storage/v1/object/public/shared-storage/website/2025-12-01/payloads/",
      "images_url": "https://lfknsvavhiqrsasdfyrs.supabase.co/storage/v1/object/public/shared-storage/website/2025-12-01/article_images/",
      "article_payloads_url": "https://lfknsvavhiqrsasdfyrs.supabase.co/storage/v1/object/public/shared-storage/website/2025-12-01/article_payloads/"
    },
    {
      "date": "2025-11-30",
      "supabase_path": "website/2025-11-30",
      "payloads_url": "https://lfknsvavhiqrsasdfyrs.supabase.co/storage/v1/object/public/shared-storage/website/2025-11-30/payloads/",
      "images_url": "https://lfknsvavhiqrsasdfyrs.supabase.co/storage/v1/object/public/shared-storage/website/2025-11-30/article_images/",
      "article_payloads_url": "https://lfknsvavhiqrsasdfyrs.supabase.co/storage/v1/object/public/shared-storage/website/2025-11-30/article_payloads/"
    },
    {
      "date": "2025-11-29",
      "supabase_path": "website/2025-11-29",
      "payloads_url": "https://lfknsvavhiqrsasdfyrs.supabase.co/storage/v1/object/public/shared-storage/website/2025-11-29/payloads/",
      "images_url": "https://lfknsvavhiqrsasdfyrs.supabase.co/storage/v1/object/public/shared-storage/website/2025-11-29/article_images/",
      "article_payloads_url": "https://lfknsvavhiqrsasdfyrs.supabase.co/storage/v1/object/public/shared-storage/website/2025-11-29/article_payloads/"
    },
    {
      "date": "2025-11-28",
      "supabase_path": "website/2025-11-28",
      "payloads_url": "https://lfknsvavhiqrsasdfyrs.supabase.co/storage/v1/object/public/shared-storage/website/2025-11-28/payloads/",
      "images_url": "https://lfknsvavhiqrsasdfyrs.supabase.co/storage/v1/object/public/shared-storage/website/2025-11-28/article_images/",
      "article_payloads_url": "https://lfknsvavhiqrsasdfyrs.supabase.co/storage/v1/object/public/shared-storage/website/2025-11-28/article_payloads/"
    },
    {
      "date": "2025-11-27",
      "supabase_path": "website/2025-11-27",
      "payloads_url": "https://lfknsvavhiqrsasdfyrs.supabase.co/storage/v1/object/public/shared-storage/website/2025-11-27/payloads/",
      "images_url": "https://lfknsvavhiqrsasdfyrs.supabase.co/storage/v1/object/public/shared-storage/website/2025-11-27/article_images/",
      "article_payloads_url": "https://lfknsvavhiqrsasdfyrs.supabase.co/storage/v1/object/public/shared-storage/website/2025-11-27/article_payloads/"
    },
    {
      "date": "2025-11-26",
      "supabase_path": "website/2025-11-26",
      "payloads_url": "https://lfknsvavhiqrsasdfyrs.supabase.co/storage/v1/object/public/shared-storage/website/2025-11-26/payloads/",
      "images_url": "https://lfknsvavhiqrsasdfyrs.supabase.co/storage/v1/object/public/shared-storage/website/2025-11-26/article_images/",
      "article_payloads_url": "https://lfknsvavhiqrsasdfyrs.supabase.co/storage/v1/object/public/shared-storage/website/2025-11-26/article_payloads/"
    },
    {
      "date": "2025-11-25",
      "supabase_path": "website/2025-11-25",
      "payloads_url": "https://lfknsvavhiqrsasdfyrs.supabase.co/storage/v1/object/public/shared-storage/website/2025-11-25/payloads/",
      "images_url": "https://lfknsvavhiqrsasdfyrs.supabase.co/storage/v1/object/public/shared-storage/website/2025-11-25/article_images/",
      "article_payloads_url": "https://lfknsvavhiqrsasdfyrs.supabase.co/storage/v1/object/public/shared-storage/website/2025-11-25/article_payloads/"
    },
    {
      "date": "2025-11-24",
      "supabase_path": "website/2025-11-24",
      "payloads_url": "https://lfknsvavhiqrsasdfyrs.supabase.co/storage/v1/object/public/shared-storage/website/2025-11-24/payloads/",
      "images_url": "https://lfknsvavhiqrsasdfyrs.supabase.co/storage/v1/object/public/shared-storage/website/2025-11-24/article_images/",
      "article_payloads_url": "https://lfknsvavhiqrsasdfyrs.supabase.co/storage/v1/object/public/shared-storage/website/2025-11-24/article_payloads/"
    },
    {
      "date": "2025-11-23",
      "supabase_path": "website/2025-11-23",
      "payloads_url": "https://lfknsvavhiqrsasdfyrs.supabase.co/storage/v1/object/public/shared-storage/website/2025-11-23/payloads/",
      "images_url": "https://lfknsvavhiqrsasdfyrs.supabase.co/storage/v1/object/public/shared-storage/website/2025-11-23/article_images/",
      "article_payloads_url": "https://lfknsvavhiqrsasdfyrs.supabase.co/storage/v1/object/public/shared-storage/website/2025-11-23/article_payloads/"
    },
    {
      "date": "2025-11-22",
      "supabase_path": "website/2025-11-22",
      "payloads_url": "https://lfknsvavhiqrsasdfyrs.supabase.co/storage/v1/object/public/shared-storage/website/2025-11-22/payloads/",
      "images_url": "https://lfknsvavhiqrsasdfyrs.supabase.co/storage/v1/object/public/shared-storage/website/2025-11-22/article_images/",
      "article_payloads_url": "https://lfknsvavhiqrsasdfyrs.supabase.co/storage/v1/object/public/shared-storage/website/2025-11-22/article_payloads/"
    },
    {
      "date": "2025-11-15",
      "supabase_path": "website/2025-11-15",
      "payloads_url": "https://lfknsvavhiqrsasdfyrs.supabase.co/storage/v1/object/public/shared-storage/website/2025-11-15/payloads/",
      "images_url": "https://lfknsvavhiqrsasdfyrs.supabase.co/storage/v1/object/public/shared-storage/website/2025-11-15/article_images/",
      "article_payloads_url": "https://lfknsvavhiqrsasdfyrs.supabase.co/storage/v1/object/public/shared-storage/website/2025-11-15/article_payloads/"
    },
    {
      "date": "2025-11-14",
      "supabase_path": "website/2025-11-14",
      "payloads_url": "https://lfknsvavhiqrsasdfyrs.supabase.co/storage/v1/object/public/shared-storage/website/2025-11-14/payloads/",
      "images_url": "https://lfknsvavhiqrsasdfyrs.supabase.co/storage/v1/object/public/shared-storage/website/2025-11-14/article_images/",
      "article_payloads_url": "https://lfknsvavhiqrsasdfyrs.supabase.co/storage/v1/object/public/shared-storage/website/2025-11-14/article_payloads/"
    },
    {
      "date": "2025-11-13",
      "supabase_path": "website/2025-11-13",
      "payloads_url": "https://lfknsvavhiqrsasdfyrs.supabase.co/storage/v1/object/public/shared-storage/website/2025-11-13/payloads/",
      "images_url": "https://lfknsvavhiqrsasdfyrs.supabase.co/storage/v1/object/public/shared-storage/website/2025-11-13/article_images/",
      "article_payloads_url": "https://lfknsvavhiqrsasdfyrs.supabase.co/storage/v1/object/public/shared-storage/website/2025-11-13/article_payloads/"
    }
  ]
}