{
  "title": "Political Instability and Anonymous Media Briefings in the UK Government",
  "summary": "This BBC News article examines a significant political development in the United Kingdom, where anonymous briefings to the media have sparked concerns over a potential leadership challenge against Prime Minister Sir Keir Starmer. Senior politicians Ed Miliband and Wes Streeting are advocating for decisive action to curb these covert communications, which they perceive as undermining the Prime Minister's authority and fostering internal party strife. Sir Keir Starmer has publicly assured that these briefings did not originate from 10 Downing Street, his official base, aiming to quell speculation and reinforce his position. The situation underscores broader issues of political transparency, internal dissent, and the mechanisms of power within democratic systems. Anonymous briefings, while not uncommon in politics, can erode public trust and destabilize governance by creating an environment of uncertainty. This analysis delves into the motivations behind such briefings, their impact on leadership dynamics, and the responses from key figures, highlighting the delicate balance between public accountability and private political maneuvering in contemporary governance.",
  "keywords": [
    {
      "term": "anonymous briefings",
      "explanation": "unattributed information leaks to journalists, often used to influence public or internal opinion without accountability"
    },
    {
      "term": "leadership challenge",
      "explanation": "a concerted effort within a political party or group to question, oppose, or replace the current leader, often through indirect means"
    },
    {
      "term": "10 Downing Street",
      "explanation": "the iconic address serving as the official residence and executive office of the UK Prime Minister, symbolizing central government power"
    },
    {
      "term": "political transparency",
      "explanation": "the principle of openness in government actions and decisions, essential for accountability and public trust in democratic systems"
    },
    {
      "term": "internal dissent",
      "explanation": "disagreement or opposition from within an organization, such as a political party, which can lead to fragmentation and power struggles"
    },
    {
      "term": "media dynamics",
      "explanation": "the interactions and influences between news outlets and political actors, shaping public perception and political outcomes"
    },
    {
      "term": "governance stability",
      "explanation": "the ability of a government to function effectively without significant internal disruptions, crucial for policy implementation and national cohesion"
    },
    {
      "term": "accountability",
      "explanation": "the obligation of individuals or institutions to answer for their actions, particularly in public office, to maintain integrity"
    },
    {
      "term": "covert communications",
      "explanation": "secret or hidden messages used in politics to advance agendas without direct attribution, often involving risks of misinformation"
    },
    {
      "term": "public assurance",
      "explanation": "statements made by leaders to build confidence and address concerns among the populace, often in response to crises or rumors"
    },
    {
      "term": "party unity",
      "explanation": "the cohesion and solidarity within a political party, which can be threatened by internal conflicts and external pressures"
    },
    {
      "term": "democratic integrity",
      "explanation": "the adherence to principles of fairness, transparency, and accountability in democratic processes, ensuring legitimate governance"
    }
  ],
  "questions": [
    {
      "question": "What is the primary issue discussed in the article regarding Sir Keir Starmer?",
      "options": [
        "Anonymous briefings challenging his leadership",
        "His resignation announcement",
        "A new policy initiative",
        "International diplomacy efforts"
      ],
      "correct_answer": "Anonymous briefings challenging his leadership"
    },
    {
      "question": "Who are the key figures calling for action against the briefings?",
      "options": [
        "Ed Miliband and Wes Streeting",
        "Sir Keir Starmer and the media",
        "Anonymous sources",
        "The general public"
      ],
      "correct_answer": "Ed Miliband and Wes Streeting"
    },
    {
      "question": "How does Sir Keir Starmer respond to the briefings?",
      "options": [
        "By assuring they did not come from No 10",
        "By ignoring them",
        "By starting an investigation",
        "By resigning"
      ],
      "correct_answer": "By assuring they did not come from No 10"
    },
    {
      "question": "What broader political concept is highlighted by the anonymous briefings?",
      "options": [
        "Issues of transparency and internal dissent",
        "Economic policy debates",
        "Environmental regulations",
        "Social welfare programs"
      ],
      "correct_answer": "Issues of transparency and internal dissent"
    },
    {
      "question": "Why might anonymous briefings be used in politics?",
      "options": [
        "To influence opinions without accountability",
        "To provide official statements",
        "To increase public participation",
        "To support the leader openly"
      ],
      "correct_answer": "To influence opinions without accountability"
    },
    {
      "question": "What is the significance of 10 Downing Street in this context?",
      "options": [
        "It symbolizes the Prime Minister's office and authority",
        "It is a media headquarters",
        "It is where briefings are created",
        "It is a public park"
      ],
      "correct_answer": "It symbolizes the Prime Minister's office and authority"
    },
    {
      "question": "How do the briefings affect governance stability?",
      "options": [
        "They can undermine it by creating uncertainty",
        "They strengthen it by providing information",
        "They have no impact",
        "They are required for stability"
      ],
      "correct_answer": "They can undermine it by creating uncertainty"
    },
    {
      "question": "What role does the media play in this scenario?",
      "options": [
        "Disseminating the briefings and shaping public discourse",
        "Creating the briefings",
        "Ignoring political issues",
        "Supporting the government unconditionally"
      ],
      "correct_answer": "Disseminating the briefings and shaping public discourse"
    },
    {
      "question": "What is a potential limitation of the evidence in the article?",
      "options": [
        "Reliance on statements without verifiable sources",
        "Too much data from investigations",
        "Lack of political context",
        "Overemphasis on international aspects"
      ],
      "correct_answer": "Reliance on statements without verifiable sources"
    },
    {
      "question": "How might internal dissent impact a political party?",
      "options": [
        "It can lead to fragmentation and reduced effectiveness",
        "It always strengthens the party",
        "It is irrelevant to party operations",
        "It ensures transparency"
      ],
      "correct_answer": "It can lead to fragmentation and reduced effectiveness"
    },
    {
      "question": "What does 'public assurance' entail in this article?",
      "options": [
        "Statements to build confidence and address rumors",
        "New laws enacted",
        "Media campaigns",
        "International agreements"
      ],
      "correct_answer": "Statements to build confidence and address rumors"
    },
    {
      "question": "Why is accountability important in democratic systems?",
      "options": [
        "It ensures leaders answer for their actions, maintaining trust",
        "It allows for secret operations",
        "It reduces media coverage",
        "It is not necessary in politics"
      ],
      "correct_answer": "It ensures leaders answer for their actions, maintaining trust"
    }
  ],
  "background_read": [
    "In the UK political landscape, the Prime Minister, residing at 10 Downing Street, navigates complex internal party dynamics where anonymous briefings to the media are a common tactic for expressing dissent or testing leadership strength. Such briefings, while not illegal, raise ethical concerns about transparency and can indicate deeper factional conflicts. Ed Miliband and Wes Streeting, as influential Labour Party members, represent voices advocating for organizational integrity. This context is rooted in historical instances where similar tactics have precipitated leadership crises, emphasizing the need for robust mechanisms to address covert communications and uphold democratic norms in governance."
  ],
  "Article_Structure": [
    "This article provides an in-depth analysis of anonymous media briefings posing a leadership challenge to UK Prime Minister Sir Keir Starmer. Main points include the call for action by politicians Ed Miliband and Wes Streeting, Starmer's denial of involvement from 10 Downing Street, and the implications for political stability and transparency. The purpose is to report on internal party conflicts and public assurance efforts, situating the issue within broader democratic governance challenges. Evidence evaluation critically assesses the reliance on political statements and anonymous sources, noting potential biases and the lack of concrete verification. Author credibility is supported by BBC News' reputation for factual reporting, though the article does not delve into investigative depth. Methodology involves synthesizing public announcements and media reports, offering a narrative that highlights political tensions without original research. Critical assessment identifies strengths in timely coverage and clarity but limitations in addressing underlying motives or providing diverse viewpoints, suggesting a need for more comprehensive analysis."
  ],
  "perspectives": [
    {
      "perspective": "Leadership defense",
      "description": "Sir Keir Starmer's perspective focuses on maintaining authority and public trust by disassociating from the briefings."
    },
    {
      "perspective": "Internal reform advocacy",
      "description": "Ed Miliband and Wes Streeting emphasize the need for action to address covert communications and preserve party unity."
    }
  ],
  "image_url": "/article_images/article_dd741aedea57e4b7_443f3474e7ca.jpg"
}