{
  "title": "Breakthrough Gene Therapy Transforms Life for Boy with Rare Disease",
  "summary": "Oliver Chu, a three-year-old from California, has made remarkable progress after becoming the first person globally to receive a pioneering gene therapy for Hunter syndrome, a severe inherited disorder. This condition, caused by a faulty gene, prevents the production of a crucial enzyme, leading to progressive damage to the body and brain, often resulting in early death. The therapy, administered at Royal Manchester Children's Hospital, involves altering Oliver's cells to address the genetic defect. A year into the treatment, he is developing normally, which has amazed medical professionals like Prof Simon Jones, who has awaited such outcomes for two decades. The Chu family's journey highlights the emotional impact, with Oliver's mother expressing overwhelming joy. The BBC's coverage reveals the challenges in funding the clinical trial, which almost failed to start. This case is part of a broader trial involving five boys worldwide, showcasing the potential of gene therapy to combat rare diseases and offering new hope for patients and families affected by similar conditions.",
  "keywords": [
    {
      "term": "gene therapy",
      "explanation": "a medical technique that modifies genes to treat or prevent disease by correcting genetic defects"
    },
    {
      "term": "Hunter syndrome",
      "explanation": "a rare genetic disorder, also known as MPSII, characterized by the buildup of harmful substances in cells due to enzyme deficiency, leading to physical and cognitive decline"
    },
    {
      "term": "enzyme",
      "explanation": "a protein that speeds up chemical reactions in the body; in Hunter syndrome, a lack of this enzyme causes cellular damage"
    },
    {
      "term": "clinical trial",
      "explanation": "a research study conducted with human participants to evaluate the safety and effectiveness of a new medical treatment"
    },
    {
      "term": "progressive damage",
      "explanation": "worsening harm to tissues or organs over time, common in degenerative diseases"
    },
    {
      "term": "inherited condition",
      "explanation": "a disease passed down from parents to children through genes"
    },
    {
      "term": "medical breakthrough",
      "explanation": "a significant advance in medicine that leads to new treatments or cures"
    },
    {
      "term": "funding challenges",
      "explanation": "difficulties in securing money for research or projects, which can delay or prevent progress"
    }
  ],
  "questions": [
    {
      "question": "What is Hunter syndrome also known as?",
      "options": [
        "MPSII",
        "COVID",
        "Alzheimer's",
        "Diabetes"
      ],
      "correct_answer": "MPSII"
    },
    {
      "question": "How long has Prof Simon Jones been waiting to see progress like Oliver's?",
      "options": [
        "20 years",
        "5 years",
        "10 years",
        "1 year"
      ],
      "correct_answer": "20 years"
    },
    {
      "question": "Where is Oliver's family from?",
      "options": [
        "California",
        "Manchester",
        "London",
        "New York"
      ],
      "correct_answer": "California"
    },
    {
      "question": "What was a major obstacle in starting the gene therapy trial?",
      "options": [
        "Lack of funds",
        "Lack of patients",
        "Government bans",
        "Equipment failure"
      ],
      "correct_answer": "Lack of funds"
    },
    {
      "question": "How many boys are part of this gene therapy trial worldwide?",
      "options": [
        "5",
        "10",
        "1",
        "20"
      ],
      "correct_answer": "5"
    },
    {
      "question": "What does the faulty gene in Hunter syndrome prevent?",
      "options": [
        "Enzyme production",
        "Blood flow",
        "Bone growth",
        "Hair growth"
      ],
      "correct_answer": "Enzyme production"
    },
    {
      "question": "When was Oliver diagnosed with Hunter syndrome?",
      "options": [
        "April",
        "December",
        "June",
        "March"
      ],
      "correct_answer": "April"
    },
    {
      "question": "What emotion does Oliver's mother express about his progress?",
      "options": [
        "Joy and amazement",
        "Fear and anxiety",
        "Anger and frustration",
        "Indifference and boredom"
      ],
      "correct_answer": "Joy and amazement"
    }
  ],
  "background_read": [
    "Hunter syndrome, or mucopolysaccharidosis type II (MPSII), is a rare X-linked genetic disorder that primarily affects males. It results from mutations in the IDS gene, leading to a deficiency of the iduronate-2-sulfatase enzyme. This enzyme is essential for breaking down complex sugars in the body; without it, these substances accumulate in cells, causing progressive damage to organs, joints, and the central nervous system. Symptoms often include developmental delays, coarse facial features, and organ enlargement, with severe cases leading to childhood dementia and reduced life expectancy. Gene therapy represents an innovative approach by introducing functional genes into cells to correct the underlying genetic error. Clinical trials for such therapies involve rigorous testing to ensure safety and efficacy, often facing hurdles like funding shortages. Understanding these elements helps appreciate the significance of Oliver's case in advancing medical science."
  ],
  "Article_Structure": [
    "This article details the groundbreaking gene therapy for Hunter syndrome, focusing on Oliver Chu as the first recipient. Main points include the therapy's success in halting disease progression, Oliver's normal development after one year, and the emotional responses from his family and doctors. The purpose is to highlight medical innovation and hope for rare diseases, while also addressing challenges like funding. Evidence evaluation shows reliance on expert quotes (e.g., Prof Jones) and documented progress, though it's early-stage. Author credibility is high as BBC News is a reputable source, but the article lacks in-depth scientific data. Methodology involves interviews and longitudinal tracking, providing a human-interest angle with some scientific backing."
  ],
  "perspectives": [
    {
      "perspective": "Medical Professionals",
      "description": "They view the therapy as a long-awaited breakthrough, emphasizing its potential to change treatment paradigms."
    },
    {
      "perspective": "Patients and Families",
      "description": "They experience emotional relief and hope, seeing the therapy as a lifeline against a devastating disease."
    },
    {
      "perspective": "Researchers",
      "description": "They focus on the scientific achievement and the hurdles overcome, such as funding issues, to advance gene therapy."
    }
  ],
  "image_url": "/article_images/article_1f0a2f798ea38d1e_a7cda0e30fa0.webp"
}