{
  "title": "Observing a Neutron Star's Reawakening Through X-ray Emissions",
  "summary": "Astronomers studied a neutron star named P13 in the galaxy NGC 7793, located approximately 10 million light-years from Earth, to investigate supercritical accretion—a process where an extreme amount of gas falls onto a compact object like a neutron star due to strong gravity, emitting high levels of X-rays. P13 exhibits X-ray pulsations as it rotates every 0.4 seconds, with its luminosity varying significantly over a decade. Using data from space telescopes such as XMM-Newton, Chandra, NuSTAR, and NICER from 2011 to 2024, researchers found that P13 entered a faint phase in 2021, then rebrightened in 2022, reaching a luminosity over 100 times higher by 2024. During this rebrightening, the star's rotation acceleration doubled, suggesting a link between X-ray luminosity and rotation velocity. Detailed analysis indicated changes in the accretion column height, providing insights into the mechanisms of supercritical accretion. This research aims to clarify how gas accretion influences neutron star behavior and emission patterns.",
  "keywords": [
    {
      "term": "supercritical accretion",
      "explanation": "a process where a very large amount of gas falls onto a compact object, leading to extremely high energy emissions"
    },
    {
      "term": "X-ray luminosity",
      "explanation": "the brightness or intensity of X-rays emitted by an object, measured to understand its energy output"
    },
    {
      "term": "accretion column",
      "explanation": "a column-like structure formed on the magnetic poles of a neutron star where gas accumulates and emits X-rays"
    },
    {
      "term": "rotation acceleration",
      "explanation": "the rate at which the spin speed of a neutron star increases, often linked to accretion processes"
    },
    {
      "term": "space telescopes",
      "explanation": "instruments like XMM-Newton and Chandra that observe celestial objects from space to avoid Earth's atmosphere interference"
    }
  ],
  "questions": [
    {
      "question": "What is the name of the neutron star studied in this research?",
      "options": [
        "P13",
        "NGC 7793",
        "XMM-Newton",
        "NuSTAR"
      ],
      "correct_answer": "P13"
    },
    {
      "question": "What process involves gas falling onto a neutron star and emitting high X-rays?",
      "options": [
        "Supercritical accretion",
        "Nuclear fusion",
        "Solar wind",
        "Magnetic field collapse"
      ],
      "correct_answer": "Supercritical accretion"
    },
    {
      "question": "How often does P13 rotate, based on previous studies?",
      "options": [
        "Every 0.4 seconds",
        "Every 10 years",
        "Every hour",
        "It does not rotate"
      ],
      "correct_answer": "Every 0.4 seconds"
    },
    {
      "question": "In which year did P13 start to rebrighten after a faint phase?",
      "options": [
        "2022",
        "2021",
        "2024",
        "2011"
      ],
      "correct_answer": "2022"
    },
    {
      "question": "What change was observed in P13's rotation during rebrightening?",
      "options": [
        "Acceleration doubled",
        "It slowed down",
        "It stopped",
        "No change"
      ],
      "correct_answer": "Acceleration doubled"
    },
    {
      "question": "Which telescopes were used to collect data from 2011 to 2024?",
      "options": [
        "XMM-Newton, Chandra, NuSTAR, NICER",
        "Hubble, James Webb, Spitzer",
        "Ground-based optical telescopes",
        "Radio telescopes only"
      ],
      "correct_answer": "XMM-Newton, Chandra, NuSTAR, NICER"
    },
    {
      "question": "What structure on the neutron star is thought to change with flux modulation?",
      "options": [
        "Accretion column height",
        "Magnetic field strength",
        "Surface temperature",
        "Orbital path"
      ],
      "correct_answer": "Accretion column height"
    },
    {
      "question": "What is the main goal of this research?",
      "options": [
        "To understand supercritical accretion mechanisms",
        "To find new galaxies",
        "To measure distances to stars",
        "To study black holes only"
      ],
      "correct_answer": "To understand supercritical accretion mechanisms"
    }
  ],
  "background_read": [
    "Neutron stars are remnants of massive stars that have undergone supernova explosions, characterized by extreme density and strong magnetic fields. Accretion occurs when material from a companion star or interstellar medium is pulled onto the neutron star by gravity, releasing energy as X-rays. Supercritical accretion is a theoretical model where the accretion rate exceeds certain limits, leading to ultraluminous emissions. Observing such events helps astronomers test astrophysical models and understand stellar evolution. This study uses long-term X-ray data to analyze changes in luminosity and rotation, offering clues about accretion dynamics in extreme environments."
  ],
  "Article_Structure": [
    "Main Points: The research investigates neutron star P13 to explore supercritical accretion, showing that its X-ray luminosity increased over 100-fold from 2021 to 2024, with a corresponding doubling in rotation acceleration during rebrightening. Purpose: To elucidate the mechanisms of supercritical accretion by analyzing the relationship between luminosity and rotation in a neutron star. Evidence Evaluation: The study relies on archival data from multiple space telescopes, providing high-quality, consistent observations over 13 years, though it is observational and not experimental. Author Credibility: Conducted by a research team likely including astronomers from Ehime University, with expertise in astrophysics and X-ray astronomy. Methodology: Utilized data from XMM-Newton, Chandra, NuSTAR, and NICER to track long-term evolution of X-ray luminosity and rotation period, performing detailed pulsation analyses."
  ],
  "perspectives": [
    {
      "perspective": "Astrophysical insight",
      "description": "This research advances understanding of accretion processes in neutron stars, contributing to models of high-energy astrophysics."
    }
  ],
  "image_url": "/article_images/article_767e46b94139c241_fc92aa33d2a8.webp"
}