{
  "title": "New Evidence Pushes Back Human Fire-Making by 350,000 Years",
  "summary": "A recent study published in the journal Nature reveals that ancient humans may have mastered fire-making around 400,000 years ago, which is 350,000 years earlier than previously confirmed evidence. Researchers from the British Museum discovered this at the Barnham site in Suffolk, England, where they found baked clay, flint hand axes fractured by intense heat, and fragments of iron pyrite—a mineral that produces sparks when struck. After four years of analysis, including geochemical tests showing temperatures exceeded 700°C, the team concluded that the burning was deliberate and consistent with a constructed hearth, not a natural wildfire. Iron pyrite does not occur naturally at Barnham, indicating that early humans collected it intentionally for fire-starting. This discovery has significant implications for human evolution, as controlled fire enabled cooking, warmth, and social development, and it highlights the challenges of preserving such evidence in archaeology due to decay and erosion.",
  "keywords": [
    {
      "term": "Nature journal",
      "explanation": "a prestigious scientific publication where the study was reported"
    },
    {
      "term": "Barnham site",
      "explanation": "an archaeological location in Suffolk, England, where the evidence was found"
    },
    {
      "term": "iron pyrite",
      "explanation": "a mineral that creates sparks when hit against flint, used for starting fires"
    },
    {
      "term": "geochemical tests",
      "explanation": "scientific methods to analyze the chemical properties of materials to determine temperature and origin"
    },
    {
      "term": "constructed hearth",
      "explanation": "a man-made fire pit designed for controlled burning"
    },
    {
      "term": "human evolution",
      "explanation": "the process by which humans developed over time, influenced by traits like tool use and fire control"
    },
    {
      "term": "archaeological record",
      "explanation": "the collection of physical evidence from past human activities preserved over time"
    },
    {
      "term": "deliberate fire-making",
      "explanation": "the intentional creation of fire by humans, as opposed to accidental or natural causes"
    }
  ],
  "questions": [
    {
      "question": "What journal published the study on ancient fire-making?",
      "options": [
        "Nature",
        "Science",
        "Archaeology Today",
        "History Review"
      ],
      "correct_answer": "Nature"
    },
    {
      "question": "How much earlier does this discovery push back the earliest known fire-making?",
      "options": [
        "350,000 years",
        "100,000 years",
        "500,000 years",
        "50,000 years"
      ],
      "correct_answer": "350,000 years"
    },
    {
      "question": "What mineral found at Barnham indicates deliberate fire-making?",
      "options": [
        "Iron pyrite",
        "Gold",
        "Quartz",
        "Coal"
      ],
      "correct_answer": "Iron pyrite"
    },
    {
      "question": "What temperature did geochemical tests show the fire reached?",
      "options": [
        "Over 700°C",
        "About 500°C",
        "Below 300°C",
        "Exactly 1000°C"
      ],
      "correct_answer": "Over 700°C"
    },
    {
      "question": "Why is iron pyrite significant at Barnham?",
      "options": [
        "It doesn't occur naturally there, so it was collected on purpose",
        "It is common in the area",
        "It was used for building tools",
        "It helped preserve the site"
      ],
      "correct_answer": "It doesn't occur naturally there, so it was collected on purpose"
    },
    {
      "question": "What does a constructed hearth suggest about the fire?",
      "options": [
        "It was made and controlled by humans",
        "It was caused by lightning",
        "It was a natural wildfire",
        "It was accidental"
      ],
      "correct_answer": "It was made and controlled by humans"
    },
    {
      "question": "What are implications of this discovery for human evolution?",
      "options": [
        "It shows early humans were more advanced in tool use and survival",
        "It proves humans lived longer ago",
        "It indicates fire was not important",
        "It suggests humans evolved from animals"
      ],
      "correct_answer": "It shows early humans were more advanced in tool use and survival"
    },
    {
      "question": "Why is deliberate fire-making rarely preserved in archaeology?",
      "options": [
        "Ash disperses and charcoal decays easily",
        "Fire leaves no traces",
        "Scientists ignore it",
        "It is always found intact"
      ],
      "correct_answer": "Ash disperses and charcoal decays easily"
    }
  ],
  "background_read": [
    "The study of ancient human behavior often relies on archaeological finds that are rare and fragile. Fire-making is a key milestone in human evolution, as it allowed for cooking, which improved nutrition and brain development, and provided warmth and protection. Previous evidence suggested controlled fire emerged around 50,000 years ago with Neanderthals in France. This new research from Barnham challenges that timeline by using advanced techniques like geochemical analysis to date and interpret burned materials. Understanding how early humans used fire helps scientists piece together the puzzle of our ancestors' cognitive abilities and social structures, showing how innovation drove survival and progress over hundreds of thousands of years."
  ],
  "Article_Structure": [
    "Main Points: The study reveals evidence of deliberate fire-making at Barnham, England, around 400,000 years ago, pushing back the earliest known date by 350,000 years. Key findings include baked clay, heat-fractured flint axes, and iron pyrite fragments. Purpose: To update scientific understanding of human evolution by showing earlier mastery of fire, which enabled critical advancements like cooking and social development. Evidence Evaluation: High-quality, as researchers spent four years analyzing with geochemical tests to rule out natural causes, and the presence of non-local iron pyrite supports intentional use. Author Credibility: Led by the British Museum with experts like Rob Davis, a Paleolithic archaeologist, lending authority. Methodology: Involved excavation, material analysis, and temperature testing to reconstruct ancient activities from sealed pond sediments."
  ],
  "perspectives": [
    {
      "perspective": "Evolutionary advancement",
      "description": "This discovery suggests humans developed complex skills like fire-making earlier than thought, indicating rapid cognitive and technological progress."
    }
  ],
  "image_url": "/article_images/article_6d6718a61d0bef67_fe8af126b378.webp"
}