{
  "title": "Eurovision's Big Birthday Tour",
  "summary": "The Eurovision Song Contest is having a special live tour for its 70th birthday. This tour will start after this year's big final and travel to many cities in Europe, beginning in London. Famous singers from the past 70 years of Eurovision will perform their own songs and cover other favorite Eurovision tunes. The tour is a fun way for fans to see a show like the real contest, especially if they couldn't get tickets. It celebrates Eurovision's history and looks forward to more music in the future. The exact singers for the tour will be announced later, after this year's contest ends.",
  "keywords": [
    {
      "term": "Eurovision Song Contest",
      "explanation": "A big music competition where countries in Europe send singers to perform songs."
    },
    {
      "term": "live tour",
      "explanation": "A series of concerts that travel to different cities so people can watch the show."
    },
    {
      "term": "70th birthday",
      "explanation": "A special celebration for being 70 years old, like a big party."
    },
    {
      "term": "performers",
      "explanation": "People who sing or act on stage for an audience."
    },
    {
      "term": "fans",
      "explanation": "People who really like something, like Eurovision, and enjoy watching it."
    },
    {
      "term": "cities",
      "explanation": "Big towns with many people, like London or Paris, where the tour will go."
    }
  ],
  "questions": [
    {
      "question": "Why is the Eurovision Song Contest having a live tour?",
      "options": [
        "To celebrate its 70th birthday",
        "To start a new contest",
        "To teach music lessons",
        "To build new arenas"
      ],
      "correct_answer": "To celebrate its 70th birthday"
    },
    {
      "question": "Where does the tour begin?",
      "options": [
        "London's O2 arena",
        "Paris",
        "Hamburg",
        "Stockholm"
      ],
      "correct_answer": "London's O2 arena"
    },
    {
      "question": "What will performers do on the tour?",
      "options": [
        "Sing their own Eurovision songs and cover others",
        "Only dance on stage",
        "Judge new singers",
        "Make new songs"
      ],
      "correct_answer": "Sing their own Eurovision songs and cover others"
    },
    {
      "question": "Who is the tour for?",
      "options": [
        "Fans who couldn't get tickets to the contest",
        "Only the singers' families",
        "People who don't like music",
        "School groups only"
      ],
      "correct_answer": "Fans who couldn't get tickets to the contest"
    },
    {
      "question": "When will the full list of singers for the tour be announced?",
      "options": [
        "After this year's contest ends",
        "Before the tour starts",
        "On the 70th birthday day",
        "Never"
      ],
      "correct_answer": "After this year's contest ends"
    },
    {
      "question": "What does the tour celebrate?",
      "options": [
        "Eurovision's past and future",
        "A new music award",
        "The end of Eurovision",
        "Only new songs"
      ],
      "correct_answer": "Eurovision's past and future"
    }
  ],
  "background_read": [
    "The Eurovision Song Contest is a fun music event that has been happening for 70 years. Countries in Europe pick singers to perform songs, and people vote for their favorites. It's like a big party with music from all over Europe. The live tour is a new idea to bring this excitement to more cities, so everyone can join the celebration."
  ],
  "Article_Structure": [
    "WHO: The Eurovision Song Contest and its performers",
    "WHAT: A live tour for the 70th birthday with singers performing songs",
    "WHERE: Cities in Europe like London, Hamburg, and Paris",
    "WHY: To celebrate Eurovision's history and give fans a chance to see a show"
  ],
  "perspectives": [
    {
      "perspective": "Celebration",
      "description": "The tour is a happy event to mark 70 years of Eurovision and share music with fans."
    }
  ],
  "image_url": "/article_images/article_4f7995b055e3858b_eb784922a124.webp"
}