{
  "title": "Evolutionary Trade-Offs in Ant Societies: Quantifying the Cost of Cuticle Investment",
  "summary": "A groundbreaking study in Science Advances employs quantitative analysis to elucidate the evolutionary trade-off between individual robustness and colony size in ants. Researchers conducted a large-scale examination of over 500 ant species utilizing 3D X-ray tomography to precisely measure cuticle volume relative to total body volume. Findings indicate that species allocating less than 10% of their body to cuticle investment frequently exhibit larger colonies, suggesting a strategic reallocation of limited nutrients—such as nitrogen and minerals—toward reproductive output rather than exoskeletal fortification. This phenomenon underscores a principle in social evolution: as societies complexify, individuals may become 'cheaper' to produce, sacrificing personal durability for collective efficacy. The research, led by Arthur Matte and supervised by Evan Economo, integrates anatomical data with phylogenetic models to demonstrate how this trade-off has been selectively advantageous, facilitating the proliferation of massive ant colonies. These insights extend beyond entomology, offering a framework for understanding analogous processes in other social organisms, including humans, where specialization and resource allocation drive societal development.",
  "keywords": [
    {
      "term": "3D X-ray tomography",
      "explanation": "an imaging technique used to create detailed three-dimensional scans of ant anatomy"
    },
    {
      "term": "cuticle investment",
      "explanation": "the proportion of an ant's body resources devoted to constructing the exoskeletal layer"
    },
    {
      "term": "evolutionary trade-off",
      "explanation": "a biological principle where adaptations that enhance one trait, like colony size, may reduce another, such as individual protection"
    },
    {
      "term": "phylogenetic models",
      "explanation": "statistical tools that analyze evolutionary relationships among species based on genetic or morphological data"
    },
    {
      "term": "social evolution",
      "explanation": "the study of how cooperative behaviors and group structures arise and change through natural selection"
    }
  ],
  "questions": [
    {
      "question": "What imaging technique was used to measure ant cuticle volume?",
      "options": [
        "3D X-ray tomography",
        "MRI scans",
        "Ultrasound",
        "Photography"
      ],
      "correct_answer": "A"
    },
    {
      "question": "How does cuticle investment correlate with colony size in the study?",
      "options": [
        "Inversely correlated",
        "Directly correlated",
        "No correlation",
        "Randomly correlated"
      ],
      "correct_answer": "A"
    },
    {
      "question": "What limited nutrients are crucial for cuticle production?",
      "options": [
        "Nitrogen and minerals",
        "Carbohydrates and fats",
        "Proteins and vitamins",
        "Water and oxygen"
      ],
      "correct_answer": "A"
    },
    {
      "question": "What does the term 'cheaper individuals' refer to in this context?",
      "options": [
        "Ants requiring fewer resources to produce",
        "Ants that are less intelligent",
        "Ants with shorter lifespans",
        "Ants that are more aggressive"
      ],
      "correct_answer": "A"
    },
    {
      "question": "Who is the lead author of the study?",
      "options": [
        "Arthur Matte",
        "Evan Economo",
        "James Gahan",
        "Margaret Gahan"
      ],
      "correct_answer": "A"
    },
    {
      "question": "What is the primary methodological approach used in the research?",
      "options": [
        "Analysis of anatomical data with evolutionary models",
        "Field observations only",
        "Genetic sequencing",
        "Behavioral experiments"
      ],
      "correct_answer": "A"
    },
    {
      "question": "How many ant species were analyzed in the dataset?",
      "options": [
        "Over 500",
        "About 100",
        "Exactly 50",
        "Less than 10"
      ],
      "correct_answer": "A"
    },
    {
      "question": "What journal published the study?",
      "options": [
        "Science Advances",
        "Nature",
        "Cell",
        "PNAS"
      ],
      "correct_answer": "A"
    },
    {
      "question": "What broader implication does the study suggest for social evolution?",
      "options": [
        "Insights into human societal development",
        "Ants are becoming extinct",
        "Cuticle investment increases in all species",
        "Individual strength always prevails"
      ],
      "correct_answer": "A"
    },
    {
      "question": "What is the role of phylogenetic models in this research?",
      "options": [
        "To analyze evolutionary relationships and trends",
        "To measure cuticle thickness directly",
        "To track ant behavior in real-time",
        "To determine colony food sources"
      ],
      "correct_answer": "A"
    }
  ],
  "background_read": [
    "Ants represent a model system for studying social evolution due to their extensive diversity in colony size and social organization. The cuticle, a chitin-based exoskeleton, serves multifunctional roles including mechanical support, desiccation resistance, and pathogen defense. Its biosynthesis demands substantial metabolic investment, particularly in nitrogen, which is often a limiting nutrient in ecosystems. Evolutionary theory posits that trade-offs between life-history traits, such as reproduction and survival, drive adaptive changes. This study builds upon prior work in social insect biology, employing advanced imaging technologies to quantify morphological adaptations. By integrating comparative anatomy with phylogenetic comparative methods, it addresses fundamental questions about the costs and benefits of sociality, with relevance to disciplines like evolutionary ecology and sociobiology."
  ],
  "Article_Structure": [
    "Main Points: The research identifies a negative correlation between cuticle investment and colony size in ants, highlighting an evolutionary trade-off where resources are diverted from exoskeletal development to increase reproductive output. Purpose: To quantitatively assess how anatomical adaptations influence social complexity and provide a mechanistic understanding of evolutionary strategies in social insects. Evidence Evaluation: Robust evidence derived from high-resolution 3D imaging of a large taxonomic sample, supported by phylogenetic analyses that control for evolutionary history. Author Credibility: Evan Economo holds a professorship in entomology with expertise in insect biodiversity, while Arthur Matte contributes specialized knowledge in zoological research. Methodology: Utilization of X-ray tomography for precise volumetric measurements, combined with statistical modeling to test hypotheses about resource allocation and colony dynamics. Critical Assessment: Strengths include the extensive dataset and innovative imaging; limitations involve potential confounding variables like environmental factors and the focus on morphological rather than behavioral traits."
  ],
  "perspectives": [
    {
      "perspective": "Resource allocation theory",
      "description": "Emphasizes how organisms optimize limited resources between growth, maintenance, and reproduction, as seen in ant cuticle investment strategies."
    }
  ],
  "image_url": "/article_images/article_0a2ab9119ad71370_ef0d26321dfe.webp"
}