{
  "title": "The Trade-Off Between Reproduction and Lifespan in Mammals",
  "summary": "A new large-scale study provides evidence for a fundamental principle in evolutionary biology: the trade-off between reproduction and lifespan in mammals. Researchers analyzed data from 117 mammal species in zoos and aquariums worldwide, combined with a meta-analysis of 71 previous studies, to show that limiting reproduction increases lifespan by about 10% on average. This effect is linked to hormonal contraception and surgical sterilization, which reduce the energetic costs of reproduction. For instance, female hamadryas baboons given hormonal contraception lived 29% longer, and castrated males lived 19% longer. The study explains that reproduction demands significant energy for processes like pregnancy, nursing, and hormone production, diverting resources from body maintenance and longevity. In males, castration extends lifespan by eliminating testosterone's effects on aging pathways, especially if done early in life. In females, avoiding the physical strains of pregnancy and reproductive cycling contributes to longer lives, though potential health downsides exist, such as increased frailty later in life. The research also notes differences in causes of death: castrated males die less from aggression-related causes, while females with blocked reproduction die less from infections. While direct human evidence is limited, historical records like Korean eunuchs suggest similar patterns, but findings for women show only a small lifespan reduction from sterilization. This study highlights how energy allocation shapes aging across species.",
  "keywords": [
    {
      "term": "evolutionary biology",
      "explanation": "the study of how species change over time through natural selection"
    },
    {
      "term": "trade-off",
      "explanation": "a balance between two competing needs, like reproduction and survival"
    },
    {
      "term": "hormonal contraception",
      "explanation": "medicines that prevent pregnancy by altering hormone levels"
    },
    {
      "term": "surgical sterilization",
      "explanation": "medical procedures like castration or ovary removal to stop reproduction"
    },
    {
      "term": "energetic costs",
      "explanation": "the amount of energy used for activities like breeding and body maintenance"
    },
    {
      "term": "testosterone",
      "explanation": "a male hormone that affects growth, behavior, and aging"
    },
    {
      "term": "meta-analysis",
      "explanation": "a statistical method combining results from multiple studies"
    },
    {
      "term": "longevity",
      "explanation": "the length of time an organism lives"
    }
  ],
  "questions": [
    {
      "question": "What is the main trade-off studied in this article?",
      "options": [
        "Energy vs. food",
        "Reproduction vs. lifespan",
        "Size vs. speed",
        "Hormones vs. behavior"
      ],
      "correct_answer": "Reproduction vs. lifespan"
    },
    {
      "question": "How many mammal species were analyzed in the zoo study?",
      "options": [
        "71",
        "100",
        "117",
        "150"
      ],
      "correct_answer": "117"
    },
    {
      "question": "What percentage increase in lifespan did female baboons show with hormonal contraception?",
      "options": [
        "10%",
        "19%",
        "29%",
        "50%"
      ],
      "correct_answer": "29%"
    },
    {
      "question": "Why does castration extend male lifespan according to the study?",
      "options": [
        "It increases energy",
        "It eliminates testosterone",
        "It improves diet",
        "It reduces sleep"
      ],
      "correct_answer": "It eliminates testosterone"
    },
    {
      "question": "What is a potential downside noted for females in rodent studies?",
      "options": [
        "Shorter lifespan",
        "Worse health later in life",
        "More babies",
        "Less energy"
      ],
      "correct_answer": "Worse health later in life"
    },
    {
      "question": "How did the study gather data?",
      "options": [
        "Only from wild animals",
        "From zoos and previous studies",
        "From human records only",
        "From computer simulations"
      ],
      "correct_answer": "From zoos and previous studies"
    },
    {
      "question": "What difference in causes of death was found for castrated males?",
      "options": [
        "More infections",
        "Less aggression-related deaths",
        "More chronic illness",
        "Less frailty"
      ],
      "correct_answer": "Less aggression-related deaths"
    },
    {
      "question": "What caution is mentioned about human evidence?",
      "options": [
        "It is very strong",
        "It is debated and limited",
        "It shows no effect",
        "It is only from modern times"
      ],
      "correct_answer": "It is debated and limited"
    }
  ],
  "background_read": [
    "In evolutionary biology, the principle of energy allocation suggests that organisms must divide limited resources between reproduction and somatic maintenance, influencing lifespan. This trade-off is observed across species, with long-lived animals like elephants having few offspring and short-lived ones like mice having many. The study builds on this by examining mammals in controlled zoo environments, where reproduction can be managed through contraception or sterilization. By analyzing data from 117 species and 71 previous studies, researchers quantified how reducing reproductive investment extends lifespan by about 10%. This involves hormonal and surgical interventions that lower energetic costs, such as those from pregnancy and hormone production. The findings apply to both sexes but through different mechanisms: testosterone reduction in males and avoidance of reproductive strains in females. Historical human data, like Korean eunuchs, provide indirect support, but results for women are mixed, highlighting the complexity of aging in humans. This research advances our understanding of aging dynamics and has implications for conservation and health."
  ],
  "Article_Structure": [
    "Main Points: The study demonstrates a trade-off between reproduction and lifespan in mammals, showing that limiting reproduction through hormonal contraception or surgical sterilization increases lifespan by about 10% on average, with examples like baboons living significantly longer. Purpose: To provide fresh evidence for evolutionary biology principles on energy allocation and aging, using zoo data to explore how reduced reproductive investment affects survival. Evidence Evaluation: The evidence is robust, combining primary data from 117 zoo species with a meta-analysis of 71 studies, though human data are limited and debated, requiring careful interpretation. Author Credibility: The international team includes scientists from reputable institutions like the Max Planck Institute, with authors like Johanna Stärk and Fernando Colchero providing expert insights. Methodology: Researchers analyzed records from zoos and aquariums worldwide and conducted meta-analyses, using comparative groups of animals with and without reproductive interventions to assess lifespan effects."
  ],
  "perspectives": [
    {
      "perspective": "Energy allocation theory",
      "description": "Focuses on how dividing energy between reproduction and body maintenance dictates aging rates across species"
    }
  ],
  "image_url": "/article_images/article_b7e51d806ab17d78_105166fbe31d.webp"
}