{
  "title": "Strategic Investments and Technological Advances in Global Space Launch Initiatives",
  "summary": "This article provides an in-depth analysis of the evolving landscape of global space launch capabilities, emphasizing strategic investments by nations seeking sovereign access to space. It details NASA's critical testing phase for the Space Launch System, with potential delays for the Artemis II lunar mission due to technical issues like hydrogen leaks. The piece examines how middle and regional powers, including Australia, Canada, Germany, and Spain, are allocating substantial government funding to commercial startups to establish domestic launch industries, motivated by national security imperatives. A ranking of investments highlights Germany and Spain as leaders, while noting challenges such as the failure of UK's Orbex. An update on Rocket Factory Augsburg illustrates the company's recovery from a 2024 test anomaly, with ongoing preparations for the RFA One rocket's inaugural flight from Scotland. Additionally, the United Arab Emirates' successful launch of a domestically developed hybrid rocket represents a technological milestone in propulsion innovation. The article underscores the competitive dynamics in the space sector, where private initiatives are leveraged to reduce dependency on dominant players like the United States and China, though their supremacy remains intact.",
  "keywords": [
    {
      "term": "sovereign launch capability",
      "explanation": "a nation's independent capacity to orbit satellites, crucial for strategic autonomy"
    },
    {
      "term": "Artemis II mission",
      "explanation": "a crewed NASA mission to orbit the Moon, part of the broader lunar exploration program"
    },
    {
      "term": "commercial space startups",
      "explanation": "private enterprises developing launch vehicles, often with government backing for innovation"
    },
    {
      "term": "national security imperative",
      "explanation": "the driving force behind investments in space assets to protect against geopolitical risks"
    },
    {
      "term": "hybrid propulsion system",
      "explanation": "an engine combining nitrous oxide and solid fuel, offering advantages in safety and performance"
    },
    {
      "term": "low-Earth orbit payloads",
      "explanation": "satellites or cargo delivered to orbits within 2,000 km of Earth, common for various applications"
    },
    {
      "term": "test anomaly",
      "explanation": "an unexpected failure during rocket testing, requiring investigation and redesign"
    },
    {
      "term": "geopolitical competition",
      "explanation": "the rivalry among nations in space endeavors, influencing funding and alliances"
    },
    {
      "term": "propulsion research",
      "explanation": "scientific and engineering efforts to develop advanced rocket engines for space access"
    },
    {
      "term": "space industry diversification",
      "explanation": "the expansion of launch capabilities beyond traditional spacefaring nations"
    }
  ],
  "questions": [
    {
      "question": "What technical issue is affecting NASA's SLS testing for Artemis II?",
      "options": [
        "Hydrogen leak in the fueling line",
        "Engine failure",
        "Software glitch",
        "Weather delays"
      ],
      "correct_answer": "Hydrogen leak in the fueling line"
    },
    {
      "question": "Which factor is driving investments in sovereign launch capabilities according to the article?",
      "options": [
        "National security imperatives",
        "Economic recession",
        "Environmental concerns",
        "Tourism growth"
      ],
      "correct_answer": "National security imperatives"
    },
    {
      "question": "How does the article rank government funding for launch development among countries?",
      "options": [
        "Germany and Spain are top investors",
        "China leads all investments",
        "USA is the only funder",
        "No ranking provided"
      ],
      "correct_answer": "Germany and Spain are top investors"
    },
    {
      "question": "What was the outcome of Rocket Factory Augsburg's hot fire test in August 2024?",
      "options": [
        "The vehicle burst into flames, resulting in total loss",
        "It was successful, leading to immediate launch",
        "It was canceled due to weather",
        "It revealed minor issues only"
      ],
      "correct_answer": "The vehicle burst into flames, resulting in total loss"
    },
    {
      "question": "What innovation did the UAE's hybrid rocket demonstrate?",
      "options": [
        "A fully UAE-designed propulsion system",
        "Reusable rocket technology",
        "Nuclear propulsion",
        "Solar-powered launch"
      ],
      "correct_answer": "A fully UAE-designed propulsion system"
    },
    {
      "question": "What is the payload capacity of the RFA One rocket to low-Earth orbit?",
      "options": [
        "1,300 kilograms",
        "500 kilograms",
        "5,000 kilograms",
        "100 kilograms"
      ],
      "correct_answer": "1,300 kilograms"
    },
    {
      "question": "Why is the UK's investment in sovereign launch considered questionable?",
      "options": [
        "Due to the failure of Orbex",
        "Because of budget cuts",
        "Lack of government support",
        "Successful launches made it unnecessary"
      ],
      "correct_answer": "Due to the failure of Orbex"
    },
    {
      "question": "What does the article suggest about the dominance of the US and China in space launch?",
      "options": [
        "It remains unchallenged in the near term",
        "It is declining rapidly",
        "It is shared equally with Europe",
        "It is new and unstable"
      ],
      "correct_answer": "It remains unchallenged in the near term"
    },
    {
      "question": "What role do commercial startups play in the space launch sector as described?",
      "options": [
        "They are funded by governments to develop domestic capabilities",
        "They operate independently without support",
        "They focus only on scientific research",
        "They replace government agencies entirely"
      ],
      "correct_answer": "They are funded by governments to develop domestic capabilities"
    },
    {
      "question": "What broader trend does the article highlight in global space efforts?",
      "options": [
        "Diversification and increased competition",
        "Consolidation under few players",
        "Decline in space exploration",
        "Focus solely on lunar missions"
      ],
      "correct_answer": "Diversification and increased competition"
    }
  ],
  "background_read": [
    "The global space launch industry is undergoing transformation, with sovereign access becoming a strategic priority for nations. NASA's Artemis program aims to establish a sustainable lunar presence, relying on the Space Launch System, though technical hurdles persist. Sovereign launch investments reflect geopolitical shifts, as countries like Germany and Spain seek to reduce reliance on external providers for satellite deployment. Commercial startups, such as Rocket Factory Augsburg, innovate with new rocket designs but face risks from test anomalies. Hybrid propulsion, as demonstrated by the UAE, represents cutting-edge research blending solid and liquid technologies. This trend highlights the intersection of national security, economic development, and technological advancement in the New Space era."
  ],
  "Article_Structure": [
    "Main Points: The article analyzes NASA's SLS delays, global sovereign launch investments with Germany and Spain leading, Rocket Factory Augsburg's recovery from a test failure, and the UAE's hybrid rocket achievement. Purpose: To explore strategic and technological developments in space launch, emphasizing national security and competition. Evidence Evaluation: Sources include Ars Technica and European Spaceflight, providing credible updates but limited primary data. Author Credibility: Journalistic with space expertise, though potential bias towards Western perspectives. Methodology: Compilation of news reports and company statements, offering a qualitative overview without original research. Critical Assessment: Strengths include comprehensive coverage of diverse initiatives; limitations involve reliance on secondary sources and lack of in-depth technical analysis."
  ],
  "perspectives": [
    {
      "perspective": "Strategic autonomy",
      "description": "Nations pursue sovereign launch to gain independence in space operations, influencing global power dynamics."
    }
  ],
  "image_url": "/article_images/article_ea6559e2f5badb79_63a7ce7516d5.webp"
}