{
  "title": "Deconstructing SIM Swap Fraud: A Case Study in Data Breach Exploitation",
  "summary": "This investigative piece from BBC News examines the sophisticated mechanics of a SIM swap attack through the victimization of Sue, whose personal data was compromised in multiple historical breaches. Scammers leveraged information from the PaddyPower 2010 and Verifications.io 2019 breaches to impersonate Sue and convince her mobile network operator to issue a new SIM card. By gaining control of her phone number, they intercepted two-factor authentication codes, thereby hijacking her Gmail account and subsequently locking her out of financial institutions. The fraud extended to opening a credit card in her name, resulting in over £3,000 in unauthorized voucher purchases, and included psychological manipulation via WhatsApp threats to her social circles. The article employs tools like haveibeenpwned.com and Constella Intelligence to trace data exposures, underscoring the persistence of digital footprints. Expert commentary from Hannah Baumgaertner of Silobreaker elucidates how attackers systematically use breached data to bypass security protocols. This case illustrates the escalating threat landscape where data breaches serve as enablers for identity theft and financial crimes, urging a critical evaluation of current cybersecurity measures and individual vigilance.",
  "keywords": [
    {
      "term": "SIM swap fraud",
      "explanation": "A social engineering attack where perpetrators deceive mobile carriers to port a victim's number, enabling account takeover"
    },
    {
      "term": "data breach exploitation",
      "explanation": "The use of illegally obtained personal information from security incidents to facilitate further criminal activities"
    },
    {
      "term": "two-factor authentication",
      "explanation": "A security process that requires two forms of verification, often compromised in SIM swaps"
    },
    {
      "term": "digital footprint",
      "explanation": "The trail of data left by online activities, which can be exploited if breached"
    },
    {
      "term": "social engineering",
      "explanation": "Psychological manipulation tactics used to deceive individuals into divulging confidential information"
    }
  ],
  "questions": [
    {
      "question": "How did historical data breaches contribute to the SIM swap attack on Sue?",
      "options": [
        "Provided personal details for impersonation",
        "Directly gave access to her accounts",
        "Were unrelated to the attack",
        "Improved her security"
      ],
      "correct_answer": "Provided personal details for impersonation"
    },
    {
      "question": "What role did two-factor authentication play in this incident?",
      "options": [
        "It was bypassed by intercepting codes",
        "It prevented the attack",
        "It was not used",
        "It alerted authorities"
      ],
      "correct_answer": "It was bypassed by intercepting codes"
    },
    {
      "question": "Which tools did the investigators use to verify data exposures?",
      "options": [
        "haveibeenpwned.com and Constella Intelligence",
        "Google Analytics and Facebook",
        "Antivirus programs only",
        "Police databases"
      ],
      "correct_answer": "haveibeenpwned.com and Constella Intelligence"
    },
    {
      "question": "What broader implication does this case have for cybersecurity?",
      "options": [
        "Highlights long-term risks of data breaches",
        "Shows that breaches are harmless",
        "Suggests technology is foolproof",
        "Indicates scams are declining"
      ],
      "correct_answer": "Highlights long-term risks of data breaches"
    },
    {
      "question": "How did the scammers escalate the attack beyond financial theft?",
      "options": [
        "By sending threatening messages on WhatsApp",
        "By deleting all her files",
        "By contacting her family",
        "By posting on social media"
      ],
      "correct_answer": "By sending threatening messages on WhatsApp"
    },
    {
      "question": "What is the significance of quoting Hannah Baumgaertner in the article?",
      "options": [
        "Adds expert credibility to the analysis",
        "Shows she was a victim",
        "Indicates she conducted the attack",
        "Is irrelevant to the story"
      ],
      "correct_answer": "Adds expert credibility to the analysis"
    },
    {
      "question": "What methodology did the BBC use in reporting this story?",
      "options": [
        "Interviews and database searches",
        "Laboratory experiments",
        "Fictional reenactments",
        "Government reports only"
      ],
      "correct_answer": "Interviews and database searches"
    },
    {
      "question": "How does the article evaluate the evidence presented?",
      "options": [
        "As credible through victim accounts and expert input",
        "As speculative without basis",
        "Based solely on rumors",
        "Ignoring factual data"
      ],
      "correct_answer": "As credible through victim accounts and expert input"
    },
    {
      "question": "What critical assessment can be made of the article's approach?",
      "options": [
        "It effectively personalizes a complex issue but may lack statistical depth",
        "It is entirely biased and inaccurate",
        "It provides a complete solution to SIM swaps",
        "It ignores victim perspectives"
      ],
      "correct_answer": "It effectively personalizes a complex issue but may lack statistical depth"
    },
    {
      "question": "Why is author credibility important in this context?",
      "options": [
        "Ensures the information is reliable and trustworthy",
        "Makes the story more entertaining",
        "Is not relevant for news articles",
        "Only matters for fictional stories"
      ],
      "correct_answer": "Ensures the information is reliable and trustworthy"
    }
  ],
  "background_read": [
    "Data breaches involve unauthorized access to sensitive information, often due to vulnerabilities in organizational security, and can have cascading effects years later. SIM swap attacks exploit these breaches by using social engineering to manipulate mobile carriers, highlighting weaknesses in two-factor authentication systems that rely on SMS. This case study connects historical incidents, such as the PaddyPower and Verifications.io breaches, to contemporary fraud, emphasizing the need for advanced security protocols like hardware tokens and increased regulatory oversight. Understanding these dynamics is crucial for assessing personal risk and advocating for robust cybersecurity frameworks in an increasingly digital world."
  ],
  "Article_Structure": [
    "This article provides an in-depth analysis of a SIM swap fraud case, detailing Main Points on how breached data enables account takeovers and financial crimes. Purpose is to inform the public and policymakers about cybersecurity vulnerabilities in a broader context of rising digital threats. Evidence Evaluation critically assesses victim testimonies and expert insights as strong, though reliant on self-reported data; tools like haveibeenpwned.com add verifiability. Author Credibility is bolstered by BBC News' reputation and expert sourcing, minimizing bias. Methodology combines investigative journalism with database analysis, offering a factual narrative. Critical Assessment notes the article's strength in humanizing complex issues but its limitation in providing comprehensive data on breach frequencies or preventive solutions."
  ],
  "perspectives": [
    {
      "perspective": "Victim-centric view",
      "description": "Emphasizes the personal toll and recovery challenges, advocating for victim support systems"
    },
    {
      "perspective": "Cybersecurity analytical view",
      "description": "Focuses on technical vulnerabilities and the need for systemic improvements in authentication and data protection"
    }
  ],
  "image_url": "/article_images/article_3f11e33e2f830d53_b7b5982a76a7.webp"
}