{
  "title": "Europe's Strategic Pivot in Defense: Navigating a New Geopolitical Landscape",
  "summary": "The article examines Europe's rapid adaptation to a shifting global order, exemplified by Munich's public promotion of defense technologies like drones, signaling a departure from post-Cold War complacency. Europeans perceive heightened threats from an expansionist Russia and an economically assertive China, compounded by the unpredictability of the United States under the Trump administration. A Eurobarometer poll indicates that 68% of Europeans feel their countries are under threat, reflecting widespread anxiety. Germany has emerged as the primary donor of military aid to Ukraine following the cessation of US support, and plans a substantial defense budget increase to €150 billion by 2029, exceeding the combined expenditures of the UK and France. This strategic shift was central to discussions at the Munich Security Conference, where leaders debated the adequacy of traditional transatlantic alliances through NATO and the EU versus forming ad-hoc coalitions with nations such as Australia and Japan. The conference underscored the importance of informal dialogues among global decision-makers in addressing security challenges. Europe's response involves a complex balancing act: maintaining established partnerships while pursuing autonomous defense initiatives to mitigate vulnerabilities in an increasingly volatile world.",
  "keywords": [
    {
      "term": "geopolitical landscape",
      "explanation": "the political and strategic relationships between countries on a global scale, influenced by geography and power dynamics"
    },
    {
      "term": "transatlantic alliances",
      "explanation": "long-standing military and political partnerships between European nations and the United States, primarily through NATO"
    },
    {
      "term": "autonomous defense initiatives",
      "explanation": "efforts by a country or region to develop independent military capabilities without relying heavily on external allies"
    },
    {
      "term": "volatile world",
      "explanation": "a global environment characterized by rapid and unpredictable changes, often leading to instability and conflict"
    },
    {
      "term": "strategic pivot",
      "explanation": "a significant shift in policy or approach to address new challenges or opportunities"
    }
  ],
  "questions": [
    {
      "question": "What does the public display of defense technology in Munich symbolize about Europe's post-Cold War stance?",
      "options": [
        "A move away from security complacency",
        "A focus on economic growth",
        "A return to isolationism",
        "An emphasis on cultural heritage"
      ],
      "correct_answer": "A move away from security complacency"
    },
    {
      "question": "How does the Eurobarometer poll reflect European public sentiment?",
      "options": [
        "It shows a majority feel threatened, indicating heightened security concerns",
        "It indicates economic optimism",
        "It suggests disinterest in foreign policy",
        "It highlights environmental priorities"
      ],
      "correct_answer": "It shows a majority feel threatened, indicating heightened security concerns"
    },
    {
      "question": "What strategic role has Germany assumed in supporting Ukraine?",
      "options": [
        "Primary donor of military aid after US withdrawal",
        "Mediator in peace talks",
        "Provider of humanitarian assistance only",
        "Opponent of aid efforts"
      ],
      "correct_answer": "Primary donor of military aid after US withdrawal"
    },
    {
      "question": "By 2029, what is the projected comparison of Germany's defense budget to the UK and France?",
      "options": [
        "It will surpass their combined spending",
        "It will be equivalent to France alone",
        "It will be less than the UK's",
        "It is not specified"
      ],
      "correct_answer": "It will surpass their combined spending"
    },
    {
      "question": "What key dilemma did the Munich Security Conference address regarding European security?",
      "options": [
        "Whether to rely on traditional US alliances or form new ad-hoc coalitions",
        "How to reduce defense spending",
        "Whether to exit NATO",
        "How to increase trade with China"
      ],
      "correct_answer": "Whether to rely on traditional US alliances or form new ad-hoc coalitions"
    },
    {
      "question": "Why are informal private huddles at security conferences considered impactful?",
      "options": [
        "They facilitate candid discussions among leaders away from public scrutiny",
        "They are mandatory for policy implementation",
        "They focus on ceremonial speeches",
        "They are primarily for media coverage"
      ],
      "correct_answer": "They facilitate candid discussions among leaders away from public scrutiny"
    },
    {
      "question": "How does the article characterize the United States' role under the Trump administration?",
      "options": [
        "As unpredictable and threatening to European security",
        "As a steadfast ally",
        "As economically supportive",
        "As militarily dominant"
      ],
      "correct_answer": "As unpredictable and threatening to European security"
    },
    {
      "question": "What broader concept does Europe's defense budget increase represent?",
      "options": [
        "A strategic pivot towards greater autonomy",
        "A reduction in global influence",
        "An alignment with Chinese policies",
        "A focus on domestic issues only"
      ],
      "correct_answer": "A strategic pivot towards greater autonomy"
    },
    {
      "question": "What evidence does the article use to support the claim of European vulnerability?",
      "options": [
        "Poll data and geopolitical analysis",
        "Anecdotal stories only",
        "Historical comparisons without context",
        "Speculative forecasts"
      ],
      "correct_answer": "Poll data and geopolitical analysis"
    },
    {
      "question": "What critical assessment can be made of Europe's rapid adjustment?",
      "options": [
        "It balances innovation with risks of overextension and alliance fragmentation",
        "It is solely reactive without long-term planning",
        "It ignores economic constraints",
        "It relies entirely on US approval"
      ],
      "correct_answer": "It balances innovation with risks of overextension and alliance fragmentation"
    }
  ],
  "background_read": [
    "Europe's security architecture has been shaped by the post-World War II order, with NATO as a cornerstone ensuring transatlantic cooperation. However, the 21st century has introduced new challenges: Russia's annexation of Crimea and invasion of Ukraine have revived Cold War-era tensions, while China's Belt and Road Initiative and technological advancements pose economic and strategic threats. The United States, under the Trump administration, emphasized 'America First' policies, questioning NATO's relevance and pressuring Europe to increase defense spending. This has prompted a reevaluation of European strategic autonomy, with initiatives like the European Defence Fund and Permanent Structured Cooperation (PESCO). The Munich Security Conference, as a premier forum, highlights these dynamics, offering insights into how Europe navigates between dependency on the US and the pursuit of independent security measures in an era of multipolar competition."
  ],
  "Article_Structure": [
    "Main Points: Europe is undergoing a strategic pivot in defense due to threats from Russia and China, and US unpredictability, with Germany leading aid to Ukraine and boosting its budget. Purpose: To analyze Europe's adaptation to a new geopolitical landscape, emphasizing the tension between traditional alliances and autonomous initiatives. Evidence Evaluation: The article cites credible sources like Eurobarometer polls and NATO officials, but lacks in-depth critical analysis of data limitations or biases. Author Credibility: BBC News provides journalistic reliability, though the article is descriptive rather than analytical, with no explicit author expertise noted. Methodology: Relies on observational reporting from Munich, interview excerpts, and public data, offering a narrative overview without rigorous methodological scrutiny. Critical Assessment: Strengths include timely coverage and use of multiple sources; limitations involve superficial treatment of complex issues and potential oversimplification of European responses."
  ],
  "perspectives": [
    {
      "perspective": "Geopolitical analysis view",
      "description": "Europe's defense adjustments represent a necessary evolution in a multipolar world, but risk fragmenting alliances and overextending resources without clear strategic coherence."
    }
  ],
  "image_url": "/article_images/article_ff9b506136262b90_d261a1fb3bfa.webp"
}