{
  "title": "Analyzing the Cultural Impact: Tributes to Gary 'Mani' Mounfield and His Role in Rock History",
  "summary": "This article from BBC Entertainment details the passing of Gary 'Mani' Mounfield, the esteemed bassist for The Stone Roses and Primal Scream, at 63 years old, and the subsequent tributes labeling him 'our wonderful brother.' It explores his pivotal role in shaping the Madchester music scene of the late 20th century, where his bands revolutionized indie rock with their distinctive sound. The piece serves not only as an obituary but also as a reflection on Mani's enduring influence on contemporary music, examining how his death resonates within the cultural fabric. By presenting heartfelt acknowledgments from peers, it underscores the emotional and historical significance of his contributions, prompting readers to consider the broader implications for music heritage and the ways in which artists are memorialized in media.",
  "keywords": [
    {
      "term": "bassist",
      "explanation": "a musician who plays the bass guitar, essential for providing harmonic and rhythmic foundation in ensemble music"
    },
    {
      "term": "tribute",
      "explanation": "a formal acknowledgment of someone's merits, often posthumously, reflecting societal values and memory practices"
    },
    {
      "term": "legacy",
      "explanation": "the enduring impact of an individual's work, influencing cultural, artistic, or social domains over time"
    },
    {
      "term": "Madchester",
      "explanation": "a subcultural movement centered in Manchester during the late 1980s and early 1990s, characterized by a fusion of indie rock, dance, and psychedelic influences"
    },
    {
      "term": "innovative",
      "explanation": "involving the introduction of novel ideas or techniques that disrupt established norms, often leading to artistic evolution"
    },
    {
      "term": "commemorate",
      "explanation": "to honor and remember through symbolic acts or narratives, reinforcing collective memory and identity"
    },
    {
      "term": "influential",
      "explanation": "exerting a significant effect on the development of ideas, styles, or movements within a field"
    },
    {
      "term": "emotional resonance",
      "explanation": "the capacity of an event or artwork to evoke deep feelings and connections among audiences"
    },
    {
      "term": "artistic legacy",
      "explanation": "the lasting contributions of an artist to their medium, often studied for historical and critical significance"
    },
    {
      "term": "music community",
      "explanation": "a network of individuals and institutions engaged in the production, distribution, and consumption of music, shaped by shared practices and values"
    },
    {
      "term": "obituary",
      "explanation": "a notice of death that summarizes a person's life and achievements, often serving biographical and commemorative functions"
    },
    {
      "term": "cultural fabric",
      "explanation": "the interconnected elements of society, including traditions, arts, and beliefs, that define collective identity"
    }
  ],
  "questions": [
    {
      "question": "What specific bands did Gary 'Mani' Mounfield play bass for?",
      "options": [
        "The Stone Roses and Primal Scream",
        "The Beatles and The Who",
        "Oasis and Blur",
        "Radiohead and Coldplay"
      ],
      "correct_answer": "A"
    },
    {
      "question": "How does the article characterize the tributes to Mani?",
      "options": [
        "As critical reviews",
        "As emotional acknowledgments from bandmates",
        "As financial reports",
        "As legal disputes"
      ],
      "correct_answer": "B"
    },
    {
      "question": "In which cultural movement did The Stone Roses gain prominence?",
      "options": [
        "Punk rock",
        "Madchester",
        "Glam metal",
        "Britpop"
      ],
      "correct_answer": "B"
    },
    {
      "question": "What is the broader purpose of this article beyond reporting the death?",
      "options": [
        "To analyze musical techniques",
        "To reflect on cultural impact and legacy",
        "To promote new music releases",
        "To discuss political issues"
      ],
      "correct_answer": "B"
    },
    {
      "question": "How does the article evaluate the evidence provided?",
      "options": [
        "It cites multiple independent sources",
        "It relies solely on band tributes",
        "It includes statistical data",
        "It references academic studies"
      ],
      "correct_answer": "B"
    },
    {
      "question": "What aspect of author credibility is implied by the source?",
      "options": [
        "BBC's reputation for reliable journalism",
        "Personal bias of the writer",
        "Lack of expertise in music",
        "Use of anonymous sources"
      ],
      "correct_answer": "A"
    },
    {
      "question": "What methodology is typically used in such news articles?",
      "options": [
        "In-depth ethnographic research",
        "Reporting on public statements and events",
        "Experimental surveys",
        "Theoretical modeling"
      ],
      "correct_answer": "B"
    },
    {
      "question": "What is a key limitation in the article's critical assessment?",
      "options": [
        "It lacks diverse perspectives beyond the band",
        "It provides too much historical context",
        "It overemphasizes musical analysis",
        "It ignores the emotional aspects"
      ],
      "correct_answer": "A"
    },
    {
      "question": "How does Mani's death relate to the concept of artistic legacy?",
      "options": [
        "It highlights his temporary fame",
        "It underscores his lasting influence on rock music",
        "It suggests his work was forgotten",
        "It focuses only on personal life"
      ],
      "correct_answer": "B"
    },
    {
      "question": "What does 'emotional resonance' refer to in this context?",
      "options": [
        "The financial success of his bands",
        "The deep feelings evoked by his death and music",
        "The technical skill in bass playing",
        "The legal issues after his death"
      ],
      "correct_answer": "B"
    },
    {
      "question": "Why might the article be considered part of the cultural fabric?",
      "options": [
        "It shapes how society remembers influential figures",
        "It reports on daily news only",
        "It avoids emotional content",
        "It focuses on future predictions"
      ],
      "correct_answer": "A"
    },
    {
      "question": "What critical element is missing from the evidence evaluation?",
      "options": [
        "Corroboration from external experts",
        "Direct quotes from bandmates",
        "Descriptions of his music",
        "Dates of his performances"
      ],
      "correct_answer": "A"
    }
  ],
  "background_read": [
    "Gary 'Mani' Mounfield was a seminal figure in the UK's rock music history, primarily as the bassist for The Stone Roses and Primal Scream during the Madchester era. The Stone Roses, active from the 1980s, are often credited with defining the indie rock genre, blending psychedelic and dance elements to influence subsequent movements like Britpop. Bass playing in such contexts involves not just rhythm but also melodic innovation, as seen in Mani's work. Tributes in media, such as this BBC article, function as cultural artifacts that preserve memory and assess historical significance. Understanding this requires knowledge of musicology, media studies, and cultural history, as it touches on how artists' legacies are constructed and the role of obituaries in shaping public perception. This analysis considers the interplay between personal grief and broader cultural narratives, highlighting the importance of critical media literacy in evaluating such reports."
  ],
  "Article_Structure": [
    "This article's main points detail the death of Gary 'Mani' Mounfield and the heartfelt tributes from The Stone Roses, emphasizing his role in the Madchester scene and his lasting legacy in rock music. The purpose extends beyond obituary to contextualize his influence within cultural history, aiming to inform and evoke reflection on artistic contributions. Evidence evaluation notes reliance on emotional band quotes, which, while authentic, lack critical diversity and external verification, potentially introducing bias. Author credibility is bolstered by BBC's reputable standing, though the absence of named authors limits assessment of individual expertise. Methodology involves standard news reporting on public statements, without original research or methodological rigor, constraining depth. Critical assessment highlights strengths in emotional engagement and factual reporting but weaknesses in limited perspectives and insufficient critical analysis of sources, underscoring the need for broader contextualization in legacy discussions."
  ],
  "perspectives": [
    {
      "perspective": "Bandmates' perspective",
      "description": "They emphasize personal loss and collaborative history, viewing Mani as integral to their artistic identity and mourning his passing deeply."
    },
    {
      "perspective": "Media perspective",
      "description": "The BBC aims for factual, respectful coverage, balancing news value with commemorative intent, though it may prioritize emotional narratives over critical depth."
    },
    {
      "perspective": "Academic perspective",
      "description": "Scholars might analyze Mani's impact on music evolution, critiquing the article for insufficient historical context and over-reliance on primary sources."
    },
    {
      "perspective": "Fan and public perspective",
      "description": "Audiences experience nostalgia and loss, using the article to reconnect with cultural memories and assess Mani's enduring influence on personal and collective levels."
    }
  ],
  "image_url": "/article_images/article_a3e9a0aa520420ba_5e9469153470.jpg"
}