{
  "title": "Key Highlights and Changes at the Brit Awards Ceremony",
  "summary": "The 46th Brit Awards is taking place in Manchester, marking its first relocation from London since 1977, highlighting a shift in the event's tradition. Leading the nominations are London-based artists Olivia Dean and Lola Young, each with five nods, showcasing emerging talent. The shortlist features diverse entries, including Lily Allen's break-up album, songs from musicals like Wicked, and a nomination for the Britpop band Pulp, indicating a mix of genres. A major focus is on Harry Styles, who returns after three years to perform his new single Aperture, with secret rehearsals adding anticipation. Host Jack Whitehall will participate in a sketch with Styles, though initial ideas were rejected, adding humor. Recent years have seen predictability with artists like Harry Styles, Raye, and Charli XCX dominating awards, raising questions about new talent breaking through. This year's ceremony aims to balance star power with fresh faces, offering viewers performances, awards, and comedic elements in a new venue.",
  "keywords": [
    {
      "term": "relocation",
      "explanation": "moving the event from London to Manchester for the first time"
    },
    {
      "term": "nominations",
      "explanation": "artists selected as candidates for awards based on their work"
    },
    {
      "term": "shortlist",
      "explanation": "a list of finalists chosen from many entries for awards"
    },
    {
      "term": "anticipation",
      "explanation": "excitement and curiosity about what will happen"
    },
    {
      "term": "predictability",
      "explanation": "when outcomes are easy to guess because they repeat patterns"
    }
  ],
  "questions": [
    {
      "question": "Why is the Brit Awards being held in Manchester significant?",
      "options": [
        "It's cheaper",
        "It's the first time outside London since 1977",
        "Manchester has more stars",
        "London didn't want it"
      ],
      "correct_answer": "It's the first time outside London since 1977"
    },
    {
      "question": "Which artists lead the nominations with five each?",
      "options": [
        "Harry Styles and Raye",
        "Olivia Dean and Lola Young",
        "Pulp and Lily Allen",
        "Charli XCX and Jack Whitehall"
      ],
      "correct_answer": "Olivia Dean and Lola Young"
    },
    {
      "question": "What is Harry Styles performing at the Brit Awards?",
      "options": [
        "As It Was",
        "Aperture",
        "West End Girl",
        "A sketch"
      ],
      "correct_answer": "Aperture"
    },
    {
      "question": "How have the Brit Awards been described in recent years?",
      "options": [
        "Unpredictable",
        "Predictable with one artist dominating",
        "Boring with no performances",
        "Focused only on new talent"
      ],
      "correct_answer": "Predictable with one artist dominating"
    },
    {
      "question": "Who is hosting the Brit Awards and what will they do with Harry Styles?",
      "options": [
        "Jonathan Ross; interview him",
        "Jack Whitehall; a sketch",
        "Olivia Dean; perform together",
        "Lola Young; present an award"
      ],
      "correct_answer": "Jack Whitehall; a sketch"
    },
    {
      "question": "What does the shortlist include besides pop artists?",
      "options": [
        "Only rock bands",
        "Songs from musicals and a Britpop band",
        "Classical music only",
        "No international artists"
      ],
      "correct_answer": "Songs from musicals and a Britpop band"
    },
    {
      "question": "Why were some of Jack Whitehall's sketch ideas rejected?",
      "options": [
        "They were too funny",
        "Harry Styles's team said no",
        "They involved trekking and shaving",
        "They were not secret enough"
      ],
      "correct_answer": "They involved trekking and shaving"
    },
    {
      "question": "What is the overall purpose of the Brit Awards according to the article?",
      "options": [
        "To make money",
        "To celebrate music and showcase talent",
        "To only award Harry Styles",
        "To be held in London always"
      ],
      "correct_answer": "To celebrate music and showcase talent"
    }
  ],
  "background_read": [
    "The Brit Awards is a major annual music awards ceremony in the United Kingdom, established in 1977 to recognize achievements in the British and international music industries. It typically features categories for best album, song, and artist, with winners selected by a voting academy. Over the years, it has evolved to include performances by top artists and comedic hosting, broadcast live on television. The relocation to Manchester this year reflects efforts to decentralize from London and engage broader audiences. Understanding this context helps middle school students appreciate the event's cultural significance and the dynamics of award shows in the music world."
  ],
  "Article_Structure": [
    "Main Points: The Brit Awards moves to Manchester for the first time since 1977, with Olivia Dean and Lola Young leading nominations; Harry Styles returns to perform new single Aperture amid secret rehearsals; host Jack Whitehall plans a sketch with Styles; recent years saw predictability with dominant artists like Styles, Raye, and Charli XCX. Purpose: To inform readers about key highlights and changes in this year's ceremony, emphasizing shifts in location and talent representation. Evidence Evaluation: The article cites specific details like nomination counts and performance plans, but relies on anecdotal reports (e.g., Whitehall's sketch ideas) without verifiable sources. Author Credibility: As a BBC Entertainment piece, it likely has reliable journalism standards, though it may prioritize entertainment over depth. Methodology: Information is gathered from official announcements, interviews (e.g., with Jack Whitehall), and industry insights, presented in a news format."
  ],
  "perspectives": [
    {
      "perspective": "Tradition vs. change",
      "description": "The move to Manchester breaks long-standing tradition, potentially refreshing the event."
    }
  ],
  "image_url": "/article_images/article_8bb2efd0e986fcc2_f20239824a85.webp"
}