{
  "title": "Circadian Alignment of Time-Restricted Eating Enhances Cardiometabolic Outcomes",
  "summary": "A study by Northwestern Medicine researchers examined the cardiometabolic effects of synchronizing overnight fasting with circadian sleep-wake rhythms. Involving 39 overweight or obese adults aged 36 to 75 at elevated cardiometabolic risk, the 7.5-week randomized trial compared an intervention group extending fasting to 13-16 hours and avoiding food three hours pre-bedtime with a control group maintaining habitual 11-13 hour fasting. Both groups dimmed lights before sleep. Results demonstrated that circadian-aligned time-restricted eating, without caloric restriction, led to significant physiological improvements: a 3.5% reduction in nighttime blood pressure, a 5% decrease in heart rate, and enhanced daytime glycemic control via improved insulin secretion. These findings underscore the importance of meal timing relative to sleep for optimizing metabolic regulation and cardiovascular function. Published in Arteriosclerosis, Thrombosis, and Vascular Biology, the research posits that anchoring fasting to sleep periods may serve as a feasible non-pharmacological intervention, with nearly 90% adherence. The authors, including Dr. Daniela Grimaldi and Dr. Phyllis Zee, highlight the integration of heart, metabolism, and sleep systems, advocating for larger multi-center trials to refine protocols.",
  "keywords": [
    {
      "term": "circadian rhythms",
      "explanation": "biological cycles regulating physiological processes over 24 hours"
    },
    {
      "term": "glycemic control",
      "explanation": "regulation of blood glucose levels to maintain homeostasis"
    },
    {
      "term": "randomized trial",
      "explanation": "research design where participants are randomly assigned to groups"
    },
    {
      "term": "insulin secretion",
      "explanation": "release of insulin by pancreatic beta cells in response to glucose"
    },
    {
      "term": "non-pharmacological intervention",
      "explanation": "health strategy not involving drugs, such as dietary or behavioral changes"
    }
  ],
  "questions": [
    {
      "question": "What was the primary hypothesis tested in the Northwestern Medicine study?",
      "options": [
        "Caloric reduction improves cardiometabolic health",
        "Circadian alignment of fasting enhances health markers",
        "Light exposure affects sleep quality",
        "Exercise timing influences heart rate"
      ],
      "correct_answer": "Circadian alignment of fasting enhances health markers"
    },
    {
      "question": "How many participants were included in the trial?",
      "options": [
        "25",
        "39",
        "50",
        "75"
      ],
      "correct_answer": "39"
    },
    {
      "question": "What percentage reduction in heart rate was observed in the intervention group?",
      "options": [
        "3.5%",
        "5%",
        "7%",
        "10%"
      ],
      "correct_answer": "5%"
    },
    {
      "question": "Which physiological mechanism improved in participants' daytime blood sugar control?",
      "options": [
        "Glucagon release",
        "Insulin secretion",
        "Lipid metabolism",
        "Adipokine production"
      ],
      "correct_answer": "Insulin secretion"
    },
    {
      "question": "What was the adherence rate in the trial?",
      "options": [
        "70%",
        "80%",
        "90%",
        "95%"
      ],
      "correct_answer": "90%"
    },
    {
      "question": "Who were the corresponding authors mentioned?",
      "options": [
        "Dr. Daniela Grimaldi and Dr. Phyllis Zee",
        "Dr. John Smith and Dr. Jane Doe",
        "Dr. Robert Brown and Dr. Lisa White",
        "Dr. Michael Green and Dr. Sarah Blue"
      ],
      "correct_answer": "Dr. Daniela Grimaldi and Dr. Phyllis Zee"
    },
    {
      "question": "What journal published the study findings?",
      "options": [
        "Journal of Clinical Endocrinology & Metabolism",
        "Arteriosclerosis, Thrombosis, and Vascular Biology",
        "Circulation Research",
        "Diabetes Care"
      ],
      "correct_answer": "Arteriosclerosis, Thrombosis, and Vascular Biology"
    },
    {
      "question": "What was the fasting window for the control group?",
      "options": [
        "8-10 hours",
        "11-13 hours",
        "13-16 hours",
        "16-18 hours"
      ],
      "correct_answer": "11-13 hours"
    },
    {
      "question": "What broader health issue does the study address?",
      "options": [
        "Low cardiometabolic health prevalence in U.S. adults",
        "Increasing obesity rates in children",
        "Sleep disorders in elderly populations",
        "Physical inactivity trends"
      ],
      "correct_answer": "Low cardiometabolic health prevalence in U.S. adults"
    },
    {
      "question": "What are the planned next steps for the research team?",
      "options": [
        "End the study",
        "Refine protocol and expand to larger multi-center trials",
        "Focus on pharmacological interventions",
        "Study animal models"
      ],
      "correct_answer": "Refine protocol and expand to larger multi-center trials"
    }
  ],
  "background_read": [
    "Cardiometabolic health encompasses cardiovascular and metabolic functions, with deficits linked to chronic diseases like type 2 diabetes and heart disease. In the U.S., optimal cardiometabolic health is rare, highlighting the need for effective interventions. Time-restricted eating, a form of intermittent fasting, restricts food intake to specific hours, showing promise in improving health markers. Circadian biology reveals that physiological processes, including metabolism and cardiovascular function, follow daily rhythms influenced by light and sleep. This study integrates these concepts by examining how aligning fasting with natural sleep timing affects health outcomes. It builds on prior research that often overlooks timing in favor of duration, offering a nuanced approach to dietary strategies. The trial's methodology involves randomized controlled design and physiological measurements, contributing to evidence-based recommendations for at-risk populations."
  ],
  "Article_Structure": [
    "Main Points: The study demonstrates that circadian-aligned time-restricted eating, involving a 13-16 hour fasting window and avoidance of food three hours before bedtime, improves cardiometabolic markers such as blood pressure, heart rate, and insulin secretion in at-risk adults, without caloric reduction. Purpose: To investigate the synergistic effects of fasting timing with sleep-wake cycles on health, addressing a research gap and proposing a practical intervention for improving cardiometabolic outcomes. Evidence Evaluation: Evidence is robust from a randomized trial with objective measures, though limited by a small sample size of 39 participants and short duration, necessitating further validation. Author Credibility: Authors are established researchers in sleep medicine and neurology at Northwestern University, with publications in reputable journals, enhancing credibility despite potential institutional biases. Methodology: A 7.5-week randomized controlled trial comparing intervention and control groups, using standardized protocols for fasting, light exposure, and physiological assessments like blood pressure monitoring and glucose tolerance tests. Critical Assessment: Strengths include high adherence and integration of circadian principles; limitations involve homogeneity in participant demographics and lack of long-term follow-up, suggesting cautious generalization."
  ],
  "perspectives": [
    {
      "perspective": "Integrative health approach",
      "description": "The study advocates for combining dietary timing with sleep hygiene to optimize systemic health, emphasizing circadian rhythms' role in disease prevention."
    }
  ],
  "image_url": "/article_images/article_325b264ce8c15768_733df2928368.webp"
}