{
  "title": "Timing Meals with Sleep for Better Heart Health",
  "summary": "Researchers at Northwestern Medicine conducted a study to investigate if aligning overnight fasting with natural sleep-wake cycles could enhance cardiometabolic health. The study involved middle-aged and older adults at elevated risk for diseases like type 2 diabetes and cardiovascular issues. Participants did not reduce calorie intake but extended their overnight fasting by about two hours, avoiding food and dimming lights three hours before bedtime. Over 7.5 weeks, this intervention led to significant improvements: nighttime blood pressure decreased by 3.5%, heart rate dropped by 5%, and daytime blood sugar control improved. The findings suggest that time-restricted eating, when synchronized with sleep timing, can benefit heart and metabolic markers. Published in a journal by the American Heart Association, the research highlights the importance of meal timing relative to sleep, offering a non-pharmacological approach for at-risk populations. The team plans further trials to refine the protocol.",
  "keywords": [
    {
      "term": "cardiometabolic health",
      "explanation": "overall health of heart and metabolism systems"
    },
    {
      "term": "overnight fasting",
      "explanation": "not eating for a period during the night"
    },
    {
      "term": "time-restricted eating",
      "explanation": "eating only during specific hours of the day"
    },
    {
      "term": "blood pressure",
      "explanation": "measure of force exerted by blood on artery walls"
    },
    {
      "term": "insulin release",
      "explanation": "process where pancreas releases hormone to control blood sugar"
    }
  ],
  "questions": [
    {
      "question": "What was the main focus of the Northwestern Medicine study?",
      "options": [
        "Reducing calorie intake",
        "Aligning fasting with sleep cycles",
        "Increasing exercise",
        "Changing diet types"
      ],
      "correct_answer": "Aligning fasting with sleep cycles"
    },
    {
      "question": "How long did the study last?",
      "options": [
        "2 weeks",
        "5 weeks",
        "7.5 weeks",
        "10 weeks"
      ],
      "correct_answer": "7.5 weeks"
    },
    {
      "question": "What percentage did nighttime blood pressure decrease in the intervention group?",
      "options": [
        "2%",
        "3.5%",
        "5%",
        "7%"
      ],
      "correct_answer": "3.5%"
    },
    {
      "question": "Which journal published the findings?",
      "options": [
        "Journal of Sleep Medicine",
        "Arteriosclerosis, Thrombosis, and Vascular Biology",
        "New England Journal of Medicine",
        "Science Daily"
      ],
      "correct_answer": "Arteriosclerosis, Thrombosis, and Vascular Biology"
    },
    {
      "question": "What did participants do three hours before bedtime besides avoiding food?",
      "options": [
        "Exercised",
        "Dimmed lights",
        "Drank water",
        "Watched TV"
      ],
      "correct_answer": "Dimmed lights"
    },
    {
      "question": "What improved in participants' daytime blood sugar control?",
      "options": [
        "Insulin release",
        "Hunger levels",
        "Energy expenditure",
        "Weight loss"
      ],
      "correct_answer": "Insulin release"
    },
    {
      "question": "Who were the participants in the study?",
      "options": [
        "Children",
        "Young adults",
        "Middle-aged and older adults at cardiometabolic risk",
        "Athletes"
      ],
      "correct_answer": "Middle-aged and older adults at cardiometabolic risk"
    },
    {
      "question": "What is the proposed benefit of time-restricted eating aligned with sleep?",
      "options": [
        "Increased calorie burn",
        "Improved coordination between heart, metabolism, and sleep",
        "Better muscle growth",
        "Enhanced memory"
      ],
      "correct_answer": "Improved coordination between heart, metabolism, and sleep"
    }
  ],
  "background_read": [
    "Cardiometabolic health refers to the combined state of cardiovascular and metabolic systems, crucial for preventing chronic diseases like diabetes and heart disease. In the U.S., only a small percentage of adults have optimal cardiometabolic health. Time-restricted eating has gained attention as a dietary strategy that limits eating to specific windows, potentially improving health markers. This study builds on prior research by emphasizing the timing of fasting relative to sleep, rather than just duration. Understanding circadian rhythms—natural body clocks—is key, as they regulate functions like heart rate and metabolism. The article discusses a clinical trial showing practical benefits, offering insights into non-drug interventions for health improvement."
  ],
  "Article_Structure": [
    "Main Points: The study found that extending overnight fasting by two hours and avoiding food three hours before bedtime improves cardiometabolic markers such as blood pressure, heart rate, and blood sugar control in at-risk adults, without calorie reduction. Purpose: To investigate if aligning time-restricted eating with natural sleep-wake cycles enhances heart and metabolic health, addressing a gap in research focused on fasting duration rather than timing. Evidence Evaluation: The evidence is strong, based on a 7.5-week trial with 39 participants, showing measurable improvements and high adherence rates, though sample size is small. Author Credibility: Researchers from Northwestern Medicine, including experts in sleep and neurology, lend credibility, with findings published in a peer-reviewed journal. Methodology: A controlled trial comparing an intervention group (extended fasting) with a control group, using measures like blood pressure and glucose tests to assess outcomes."
  ],
  "perspectives": [
    {
      "perspective": "Preventive health",
      "description": "Aligning meal times with sleep offers a simple, accessible strategy to reduce cardiometabolic risk in aging populations."
    }
  ],
  "image_url": "/article_images/article_325b264ce8c15768_733df2928368.webp"
}