{
  "title": "Reforming Support for Special Educational Needs in England",
  "summary": "The UK government has announced that it will not withdraw effective support from children with special educational needs and disabilities (SEND) as part of planned school reforms in England. Education Secretary Bridget Phillipson emphasized increased funding for SEND support, addressing concerns from parents who fear potential limitations. Under the proposals, children will undergo needs assessments upon transitioning to secondary school, with leaks indicating reassessments for those with Education, Health and Care Plans (EHCPs) starting in 2029. Additionally, the government plans to introduce Individual Support Plans (ISPs) for all children with identified SEND, granting legal rights and quicker access to assistance. Phillipson assured that EHCPs will remain important, but ISPs will streamline support, reducing parental struggles. The full details will be outlined in a White Paper released on Monday, responding to a SEND system in crisis due to rising costs. The minister described this as a decade-long transition to improve a flawed system.",
  "keywords": [
    {
      "term": "SEND",
      "explanation": "Special Educational Needs and Disabilities, referring to children who require additional educational support due to learning difficulties or disabilities"
    },
    {
      "term": "EHCPs",
      "explanation": "Education, Health and Care Plans, legal documents that outline the extra support entitlements for children with SEND"
    },
    {
      "term": "Individual Support Plans",
      "explanation": "New plans to be created by schools for children with SEND, offering legal status and faster support access"
    },
    {
      "term": "White Paper",
      "explanation": "A government policy document that details proposed changes and is used for public consultation"
    },
    {
      "term": "transition",
      "explanation": "A gradual change from one system to another, in this case, reforming SEND support over ten years"
    }
  ],
  "questions": [
    {
      "question": "What is the main promise made by Education Secretary Bridget Phillipson regarding SEND support?",
      "options": [
        "Not to withdraw effective support",
        "To reduce funding",
        "To eliminate EHCPs",
        "To stop all assessments"
      ],
      "correct_answer": "Not to withdraw effective support"
    },
    {
      "question": "When will children with EHCPs be reassessed under the leaked proposals?",
      "options": [
        "From 2029",
        "Immediately",
        "In primary school",
        "Never"
      ],
      "correct_answer": "From 2029"
    },
    {
      "term": "Individual Support Plans",
      "explanation": "New plans to be created by schools for children with SEND, offering legal status and faster support access"
    },
    {
      "question": "What document will outline the full details of the SEND reforms?",
      "options": [
        "A White Paper",
        "A news article",
        "A school report",
        "A parent letter"
      ],
      "correct_answer": "A White Paper"
    },
    {
      "question": "Why is the SEND system considered to be in crisis?",
      "options": [
        "Due to rising costs",
        "Lack of teachers",
        "Too many students",
        "No government interest"
      ],
      "correct_answer": "Due to rising costs"
    },
    {
      "question": "How long will the transition to the new SEND system take according to Phillipson?",
      "options": [
        "A decade",
        "One year",
        "Five years",
        "Immediately"
      ],
      "correct_answer": "A decade"
    },
    {
      "question": "What will Individual Support Plans provide for children with SEND?",
      "options": [
        "Legal rights and quicker support",
        "Extra homework",
        "Medical treatment",
        "Sports activities"
      ],
      "correct_answer": "Legal rights and quicker support"
    },
    {
      "question": "Who reported the leaks about the SEND proposals?",
      "options": [
        "The BBC",
        "A parent group",
        "A school",
        "The Prime Minister"
      ],
      "correct_answer": "The BBC"
    }
  ],
  "background_read": [
    "In England, the SEND system supports children with special educational needs and disabilities, but it faces challenges like high costs and inefficiencies. Currently, EHCPs are legal documents that ensure support, but parents often struggle to obtain them. The government is proposing reforms to address these issues, including introducing Individual Support Plans (ISPs) to extend legal rights and streamline assistance. These changes come amid concerns from parents about potential support reductions. The reforms aim to create a more effective and sustainable system over a ten-year period, as detailed in an upcoming White Paper."
  ],
  "Article_Structure": [
    "The article outlines the UK government's SEND reform proposals, with main points including no withdrawal of effective support, increased funding, and new Individual Support Plans. Its purpose is to reassure parents and address systemic crises by detailing planned changes. Evidence evaluation relies on minister statements and leaked documents, though full details are pending the White Paper. Author credibility is high as BBC News is a reputable source, but potential bias from government sources exists. Methodology involves reporting on official announcements and leaks, with critical assessment noting the need for more concrete evidence and parent perspectives."
  ],
  "perspectives": [
    {
      "perspective": "Government perspective",
      "description": "The government views the reforms as necessary to improve a failing SEND system, promising more support and legal rights through ISPs while maintaining EHCPs."
    },
    {
      "perspective": "Parental perspective",
      "description": "Parents are anxious about changes potentially limiting support, but find some reassurance in promises of continued assistance and quicker access."
    }
  ],
  "image_url": "/article_images/article_053453a7f789ee1b_a39916e7ec99.webp"
}