{
  "title": "Carlos Alcaraz Wins Big Tennis Trophy",
  "summary": "Carlos Alcaraz is a young tennis player from Spain who just won a very important tournament called the Australian Open. He is only 22 years old and has now won all four of the biggest tennis tournaments in the world, which is called a career Grand Slam. This makes him the youngest man ever to do this. He beat another great player, Novak Djokovic, in the final match. Alcaraz has won seven big tournaments in his career so far. He is very good at tennis and has won many matches. Other famous players like Rafael Nadal and Roger Federer have also done this before. Alcaraz is happy and said he was hungry to win this year. This win is a big deal in tennis history because he is so young and has achieved so much already.",
  "keywords": [
    {
      "term": "Australian Open",
      "explanation": "a big tennis tournament held in Australia"
    },
    {
      "term": "career Grand Slam",
      "explanation": "winning all four major tennis tournaments"
    },
    {
      "term": "Novak Djokovic",
      "explanation": "a famous tennis player who Alcaraz beat"
    },
    {
      "term": "Rafael Nadal",
      "explanation": "another famous tennis player and Alcaraz's idol"
    },
    {
      "term": "tournament",
      "explanation": "a sports competition where players try to win"
    }
  ],
  "questions": [
    {
      "question": "How old is Carlos Alcaraz?",
      "options": [
        "20 years old",
        "22 years old",
        "24 years old",
        "26 years old"
      ],
      "correct_answer": "22 years old"
    },
    {
      "question": "What did Alcaraz win to complete the career Grand Slam?",
      "options": [
        "Wimbledon",
        "Australian Open",
        "US Open",
        "French Open"
      ],
      "correct_answer": "Australian Open"
    },
    {
      "question": "Who did Alcaraz beat in the final match?",
      "options": [
        "Roger Federer",
        "Rafael Nadal",
        "Novak Djokovic",
        "Bjorn Borg"
      ],
      "correct_answer": "Novak Djokovic"
    },
    {
      "question": "What is a career Grand Slam?",
      "options": [
        "Winning one big tournament",
        "Winning all four major tournaments",
        "Playing in many matches",
        "Being the youngest player"
      ],
      "correct_answer": "Winning all four major tournaments"
    },
    {
      "question": "Who is Alcaraz's sporting idol?",
      "options": [
        "Novak Djokovic",
        "Roger Federer",
        "Rafael Nadal",
        "Andre Agassi"
      ],
      "correct_answer": "Rafael Nadal"
    },
    {
      "question": "How many major titles has Alcaraz won so far?",
      "options": [
        "5",
        "6",
        "7",
        "8"
      ],
      "correct_answer": "7"
    }
  ],
  "background_read": [
    "Tennis is a sport where players hit a ball over a net with a racquet. There are four big tournaments called Grand Slams: Australian Open, French Open, Wimbledon, and US Open. Winning all four is a special achievement called a career Grand Slam. Carlos Alcaraz is a young player from Spain who has become very famous for winning many matches and tournaments at a young age. Other great players like Novak Djokovic and Rafael Nadal have also won many Grand Slams. This article talks about Alcaraz's recent win and how it makes him one of the best young players in tennis history."
  ],
  "Article_Structure": [
    "WHO: Carlos Alcaraz, a 22-year-old tennis player from Spain",
    "WHAT: He won the Australian Open to complete the career Grand Slam, beating Novak Djokovic",
    "WHERE: The match happened in Melbourne, Australia",
    "WHY: This makes him the youngest man ever to win all four major tennis tournaments, showing his skill and hunger to win"
  ],
  "perspectives": [
    {
      "perspective": "Achievement",
      "description": "Alcaraz's win is a historic moment in tennis because he is so young and has achieved a rare feat."
    }
  ],
  "image_url": "/article_images/article_f018a73fdb54c03a_22f5bea5ed6a.webp"
}