{
  "title": "Billie Jean King on the Sociopolitical Legacy of the 1973 Battle of the Sexes",
  "summary": "In an interview with BBC Tennis, tennis legend Billie Jean King articulates a nuanced distinction between her historic 1973 'Battle of the Sexes' triumph over Bobby Riggs and an upcoming exhibition match featuring Aryna Sabalenka and Nick Kyrgios. King posits that her victory was intrinsically linked to broader sociopolitical movements for gender equality, serving as a pivotal moment that challenged entrenched gender stereotypes and galvanized support for women's rights in sports and society. She contends that the contemporary match, while potentially engaging, operates within a markedly different context where women's tennis has achieved greater parity and recognition, thus diminishing its capacity for analogous transformative impact. King further reflects on the progressive trajectory of women's tennis, acknowledging advancements while underscoring persistent inequities. This analysis delves into the intersection of athletics and activism, examining how King's legacy continues to inform discussions on gender dynamics in professional sports.",
  "keywords": [
    {
      "term": "sociopolitical",
      "explanation": "relating to the interaction of social and political factors"
    },
    {
      "term": "entrenched stereotypes",
      "explanation": "deeply rooted and resistant to change beliefs about groups"
    },
    {
      "term": "galvanized",
      "explanation": "stimulated into action or awareness"
    },
    {
      "term": "parity",
      "explanation": "equality in status, pay, or opportunities"
    },
    {
      "term": "transformative impact",
      "explanation": "a profound effect that leads to significant change"
    }
  ],
  "questions": [
    {
      "question": "How does Billie Jean King characterize the 1973 'Battle of the Sexes' match?",
      "options": [
        "As a sociopolitical catalyst for gender equality",
        "As a mere sporting exhibition",
        "As a financial success story",
        "As a personal rivalry"
      ],
      "correct_answer": "As a sociopolitical catalyst for gender equality"
    },
    {
      "question": "What is King's view on the upcoming Sabalenka-Kyrgios match?",
      "options": [
        "It lacks the same transformative impact as the 1973 match",
        "It is equally significant for social change",
        "It is detrimental to women's sports",
        "It is irrelevant to tennis history"
      ],
      "correct_answer": "It lacks the same transformative impact as the 1973 match"
    },
    {
      "question": "What broader movement does King associate her 1973 victory with?",
      "options": [
        "Gender equality advocacy",
        "Commercialization of sports",
        "Technological advancements in tennis",
        "International diplomacy"
      ],
      "correct_answer": "Gender equality advocacy"
    },
    {
      "question": "How does King assess the current state of women's tennis?",
      "options": [
        "As progressing but with ongoing challenges",
        "As fully equitable",
        "As in decline",
        "As stagnant"
      ],
      "correct_answer": "As progressing but with ongoing challenges"
    },
    {
      "question": "What methodological approach does the article use?",
      "options": [
        "Interview-based reporting with historical context",
        "Statistical analysis of match data",
        "Experimental research on athlete performance",
        "Theoretical modeling of sports economics"
      ],
      "correct_answer": "Interview-based reporting with historical context"
    },
    {
      "question": "What critical limitation might the article have?",
      "options": [
        "Reliance on a single perspective from King",
        "Lack of video evidence",
        "Inaccurate historical dates",
        "Overemphasis on male players"
      ],
      "correct_answer": "Reliance on a single perspective from King"
    },
    {
      "question": "How does the article evaluate King's credibility?",
      "options": [
        "As high due to her legacy and activism",
        "As low due to bias",
        "As neutral as a retired athlete",
        "As untested in modern contexts"
      ],
      "correct_answer": "As high due to her legacy and activism"
    },
    {
      "question": "What does the term 'entrenched stereotypes' refer to in this context?",
      "options": [
        "Persistent beliefs about gender roles in sports",
        "New trends in tennis techniques",
        "Financial regulations in athletics",
        "Geographic biases in fan bases"
      ],
      "correct_answer": "Persistent beliefs about gender roles in sports"
    },
    {
      "question": "Why might the 1973 match be considered a pivotal moment?",
      "options": [
        "It challenged societal norms and inspired change",
        "It introduced new tennis rules",
        "It was the highest-rated TV event",
        "It featured the youngest players"
      ],
      "correct_answer": "It challenged societal norms and inspired change"
    },
    {
      "question": "What is the article's purpose regarding sports and society?",
      "options": [
        "To explore the role of athletics in driving social change",
        "To predict future match outcomes",
        "To review tennis equipment advancements",
        "To critique player performances"
      ],
      "correct_answer": "To explore the role of athletics in driving social change"
    }
  ],
  "background_read": [
    "The 1973 'Battle of the Sexes' emerged during a period of heightened feminist activism, with Billie Jean King's victory over Bobby Riggs symbolizing a critique of patriarchal structures in sports. King, a co-founder of the Women's Tennis Association and advocate for Title IX, leveraged the match's media spectacle to advance gender equity, influencing policies and perceptions globally. Contemporary analyses often frame this event within intersectional discourses on race, class, and sexuality, noting its limitations in addressing broader systemic issues. The upcoming Sabalenka-Kyrgios match reflects evolved commercial and competitive landscapes, yet debates persist on tokenism and the commodification of gender narratives in sports. Understanding this historical continuum requires examining primary sources, scholarly critiques, and King's ongoing activism, highlighting the complex interplay between athletic achievement and social justice movements."
  ],
  "Article_Structure": [
    "Main Points: Billie Jean King distinguishes her 1973 'Battle of the Sexes' match as a sociopolitical catalyst for gender equality, contrasting it with a modern exhibition match that lacks similar transformative potential due to progressed but incomplete equity in women's tennis. Purpose: To critically analyze the legacy of sports in societal change, using King's perspective to explore historical and contemporary gender dynamics in athletics. Evidence Evaluation: The article relies on King's authoritative testimony and historical context, offering credible but potentially biased insights, with limited corroboration from other sources. Author Credibility: BBC Tennis provides reputable journalism, though the anonymous authorship may affect depth of analysis. Methodology: Employing interview-based reporting supplemented by background information, the piece uses qualitative data to construct a narrative on sports activism. Critical Assessment: Strengths include highlighting King's influential voice and contextualizing sports within social movements; limitations involve a narrow focus on one viewpoint and insufficient examination of counterarguments or broader systemic factors."
  ],
  "perspectives": [
    {
      "perspective": "King's Activist Lens",
      "description": "King frames the 1973 match as a strategic tool for gender advocacy, emphasizing its historical significance over mere athletic competition, while critiquing modern matches for lacking similar activist impetus."
    }
  ],
  "image_url": "/article_images/article_2857df8829dad7ba_25230d6b6945.webp"
}