{
  "title": "A Surprising Brain Benefit from a Diabetes Medicine",
  "summary": "Scientists are studying a medicine called GLP-1 that helps people with diabetes control their blood sugar and lose weight. In a new study, they found that people who took GLP-1 medicine might have a lower chance of getting epilepsy, a brain condition that causes seizures. The study looked at over 450,000 adults with diabetes in the United States. Half took GLP-1 medicine, and half took another diabetes medicine. After five years, fewer people on GLP-1 medicine developed epilepsy compared to those on the other medicine. The researchers say this is a small difference and more studies are needed to be sure. They also checked for other health problems to make the comparison fair. This research is exciting because epilepsy can be hard to treat, and finding new ways to prevent it is important. But it doesn't prove that GLP-1 medicine definitely helps the brain, and it only studied people with diabetes.",
  "keywords": [
    {
      "term": "GLP-1",
      "explanation": "a type of medicine that helps control blood sugar in people with diabetes"
    },
    {
      "term": "epilepsy",
      "explanation": "a brain condition that causes seizures, which are sudden changes in movement or behavior"
    },
    {
      "term": "diabetes",
      "explanation": "a health problem where the body has trouble controlling sugar in the blood"
    },
    {
      "term": "study",
      "explanation": "research done by scientists to learn something new"
    },
    {
      "term": "seizures",
      "explanation": "sudden, uncontrolled movements or changes in awareness caused by brain activity"
    }
  ],
  "questions": [
    {
      "question": "What is GLP-1 medicine used for?",
      "options": [
        "To treat epilepsy",
        "To control blood sugar in diabetes",
        "To cure brain diseases",
        "To help with weight loss only"
      ],
      "correct_answer": "To control blood sugar in diabetes"
    },
    {
      "question": "What brain condition did the study look at?",
      "options": [
        "Diabetes",
        "Epilepsy",
        "High blood pressure",
        "Heart disease"
      ],
      "correct_answer": "Epilepsy"
    },
    {
      "question": "How many people were in the study?",
      "options": [
        "45,000",
        "452,766",
        "1,670",
        "5,000"
      ],
      "correct_answer": "452,766"
    },
    {
      "question": "What did the study find about GLP-1 medicine and epilepsy?",
      "options": [
        "It definitely prevents epilepsy",
        "It might lower the chance of epilepsy",
        "It causes more seizures",
        "It has no effect on epilepsy"
      ],
      "correct_answer": "It might lower the chance of epilepsy"
    },
    {
      "question": "How long were people monitored in the study?",
      "options": [
        "One year",
        "At least five years",
        "Ten years",
        "Two years"
      ],
      "correct_answer": "At least five years"
    },
    {
      "question": "Why is this research exciting?",
      "options": [
        "Because epilepsy is easy to treat",
        "Because it proves GLP-1 helps the brain",
        "Because finding ways to prevent epilepsy is important",
        "Because it studied people without diabetes"
      ],
      "correct_answer": "Because finding ways to prevent epilepsy is important"
    }
  ],
  "background_read": [
    "Epilepsy is a condition where the brain has sudden bursts of electrical activity, causing seizures that can make a person shake or lose awareness. It affects millions of people worldwide and can be hard to manage with current medicines. Diabetes is another common health issue where the body doesn't use sugar properly, leading to high blood sugar levels. GLP-1 medicines are often prescribed to help people with diabetes by making their bodies release insulin to lower blood sugar. Scientists are always looking for new ways to treat or prevent diseases, and sometimes they find unexpected benefits from existing medicines, like how this study suggests GLP-1 might help with brain health."
  ],
  "Article_Structure": [
    "WHO: Scientists and researchers from Chung Shan Medical University in Taiwan, studying adults with diabetes in the United States.",
    "WHAT: A study found that GLP-1 medicine might reduce the risk of epilepsy compared to another diabetes medicine.",
    "WHERE: The research used data from a U.S. health database and was published in a medical journal called Neurology.",
    "WHY: To explore if GLP-1 drugs have benefits for brain health, since epilepsy is hard to treat and people with diabetes are at higher risk."
  ],
  "perspectives": [
    {
      "perspective": "Hopeful view",
      "description": "This study offers hope that GLP-1 medicine could help prevent epilepsy, which is important for improving people's lives."
    }
  ],
  "image_url": "/article_images/article_617776f18ed3f891_6323b81de8ce.webp"
}