{
  "title": "Career Shift: Hannah Spencer's Journey from Plumbing to Parliament for the Green Party",
  "summary": "Hannah Spencer, a 34-year-old former plumber, has made history by winning a Westminster by-election for the Green Party in Gorton and Denton, Greater Manchester, becoming their first ever by-election winner. After leaving education at 16, she worked as a plumber and recently pursued plastering through a full-time course while campaigning. Spencer has political experience as the Green Party leader on Trafford Council and as a mayoral candidate for Greater Manchester in 2024. In her victory speech, she apologized to plumbing customers and emphasized her goal to advocate for blue-collar workers in Parliament. The Green Party now has five MPs with her addition. Media scrutiny arose during the campaign over a 2021 Mumsnet post where Spencer criticized takeaways in Levenshulme for allegedly crowding out independent businesses, but the party defended her comments as showing affection for the area. Spencer is noted for her straight-talking style and lifelong connection to Greater Manchester, having been born in Bolton.",
  "keywords": [
    {
      "term": "by-election",
      "explanation": "a special election to fill a vacant parliamentary seat between general elections, often testing party support"
    },
    {
      "term": "Westminster",
      "explanation": "refers to the UK Parliament located in London, where laws are debated and passed"
    },
    {
      "term": "blue-collar workers",
      "explanation": "people who perform manual labor jobs, such as plumbing or construction, often with hourly wages"
    },
    {
      "term": "Trafford Council",
      "explanation": "a local government body in Greater Manchester where Spencer served as a councilor and Green Party leader"
    },
    {
      "term": "media scrutiny",
      "explanation": "close examination by news outlets, which can highlight past statements or actions of public figures"
    },
    {
      "term": "political advocacy",
      "explanation": "the act of supporting or arguing for specific policies or groups in the political arena"
    },
    {
      "term": "authenticity",
      "explanation": "being genuine and true to oneself, often valued in politicians to connect with voters"
    },
    {
      "term": "community engagement",
      "explanation": "involvement in local issues and interactions with residents to address their concerns"
    }
  ],
  "questions": [
    {
      "question": "What significant achievement did Hannah Spencer accomplish for the Green Party?",
      "options": [
        "First by-election win",
        "Becoming mayor",
        "Leading national party",
        "Winning a general election"
      ],
      "correct_answer": "First by-election win"
    },
    {
      "question": "At what age did Hannah Spencer leave education to start working?",
      "options": [
        "16",
        "18",
        "21",
        "14"
      ],
      "correct_answer": "16"
    },
    {
      "question": "What additional skill did Spencer learn while campaigning?",
      "options": [
        "Plastering",
        "Carpentry",
        "Electrical work",
        "Gardening"
      ],
      "correct_answer": "Plastering"
    },
    {
      "question": "Which local government role did Spencer hold before becoming an MP?",
      "options": [
        "Trafford Council leader",
        "Manchester mayor",
        "School governor",
        "Hospital board member"
      ],
      "correct_answer": "Trafford Council leader"
    },
    {
      "question": "What was a focus of media attention during Spencer's campaign?",
      "options": [
        "A Mumsnet post",
        "A plumbing scandal",
        "A college dropout",
        "A family dispute"
      ],
      "correct_answer": "A Mumsnet post"
    },
    {
      "question": "How many MPs does the Green Party have with Spencer's win?",
      "options": [
        "Five",
        "Four",
        "Six",
        "Three"
      ],
      "correct_answer": "Five"
    },
    {
      "question": "What did Spencer emphasize in her victory speech regarding her previous job?",
      "options": [
        "Advocating for blue-collar workers",
        "Quitting plumbing forever",
        "Starting a new business",
        "Ignoring her past"
      ],
      "correct_answer": "Advocating for blue-collar workers"
    },
    {
      "question": "Where was Spencer born, according to the article?",
      "options": [
        "Bolton",
        "London",
        "Stoke",
        "Manchester"
      ],
      "correct_answer": "Bolton"
    }
  ],
  "background_read": [
    "In UK politics, by-elections occur when a parliamentary seat becomes vacant due to resignation, death, or other reasons, allowing parties to gain or lose representation. The Green Party, founded on environmental and social justice principles, has been growing its presence with MPs elected in general elections and now through a by-election win. Hannah Spencer's background as a plumber and councilor highlights a trend of diversifying political representation to include individuals from non-traditional careers. Media scrutiny often plays a role in campaigns, as past statements can be revisited to assess a candidate's views. Understanding local government roles, like council leadership, helps explain how politicians gain experience before entering national Parliament."
  ],
  "Article_Structure": [
    "Main Points: Hannah Spencer's election as the Green Party's first by-election winner marks a shift from blue-collar work to Parliament, emphasizing representation for workers and her political experience on Trafford Council. Purpose: To report on her historic win and background, highlighting her authenticity and community ties. Evidence Evaluation: The article uses direct quotes from Spencer and party statements, but relies on secondary sources like LinkedIn and Mumsnet posts, which may lack depth. Author Credibility: BBC News is a reputable source, but the article is brief and lacks independent verification of claims. Methodology: Information is gathered from public statements, social media, and party announcements, typical for news reporting."
  ],
  "perspectives": [
    {
      "perspective": "Political Inclusion",
      "description": "Spencer's election promotes diversity in Parliament by bringing in voices from manual labor backgrounds."
    }
  ],
  "image_url": "/article_images/article_e2a62608dd16527f_723d1ff7cddd.webp"
}