{
  "title": "Measles Outbreaks Surge in 2025 Due to Falling Vaccination Rates",
  "summary": "Measles, a highly contagious disease eliminated in the U.S. over 25 years ago, has seen a dramatic resurgence, with cases skyrocketing from 63 in 2023 to over 2,240 in 2025, and 416 cases already confirmed in the first three weeks of this year. This surge is linked to declining vaccination rates, a trend that accelerated during the COVID-19 pandemic, leading to outbreaks in regions like South Carolina and the Utah-Arizona border. Epidemiologist Caitlin Rivers from Johns Hopkins University discusses the implications, noting that if vaccination efforts don't improve, the U.S. could face more widespread outbreaks. The article highlights the public health risks of vaccine hesitancy and the importance of immunization to prevent the spread of infectious diseases.",
  "keywords": [
    {
      "term": "resurgence",
      "explanation": "the return or increase of something, like a disease, after a period of decline"
    },
    {
      "term": "vaccination rates",
      "explanation": "the percentage of people in a population who have received vaccines"
    },
    {
      "term": "public health",
      "explanation": "the science of protecting and improving community health through prevention and education"
    },
    {
      "term": "vaccine hesitancy",
      "explanation": "when people delay or refuse vaccines despite their availability, often due to concerns or misinformation"
    },
    {
      "term": "immunization",
      "explanation": "the process of making a person immune to a disease, usually through vaccination"
    }
  ],
  "questions": [
    {
      "question": "What was the number of measles cases in 2025?",
      "options": [
        "63",
        "280",
        "2,240",
        "416"
      ],
      "correct_answer": "2,240"
    },
    {
      "question": "What trend accelerated during the COVID-19 pandemic?",
      "options": [
        "Travel restrictions",
        "Declining vaccination rates",
        "Increase in hospital beds",
        "New vaccine development"
      ],
      "correct_answer": "Declining vaccination rates"
    },
    {
      "question": "Who is interviewed in the article about the measles outbreak?",
      "options": [
        "A politician",
        "Caitlin Rivers, an epidemiologist",
        "A school teacher",
        "A vaccine manufacturer"
      ],
      "correct_answer": "Caitlin Rivers, an epidemiologist"
    },
    {
      "question": "What is one reason cited for the measles outbreaks?",
      "options": [
        "Climate change",
        "Vaccine hesitancy",
        "Improved sanitation",
        "Increased international travel"
      ],
      "correct_answer": "Vaccine hesitancy"
    },
    {
      "question": "In which U.S. regions are outbreaks mentioned?",
      "options": [
        "New England and Midwest",
        "South Carolina and Utah-Arizona border",
        "West Coast and Texas",
        "Great Lakes and Southeast"
      ],
      "correct_answer": "South Carolina and Utah-Arizona border"
    },
    {
      "question": "What does the article suggest could happen if vaccination rates don't improve?",
      "options": [
        "Measles will disappear",
        "Widespread outbreaks could occur",
        "Vaccines will become cheaper",
        "Doctors will stop treating measles"
      ],
      "correct_answer": "Widespread outbreaks could occur"
    },
    {
      "question": "What is the main purpose of the article?",
      "options": [
        "To promote a new vaccine",
        "To report on rising measles cases and vaccination issues",
        "To criticize government policies",
        "To discuss COVID-19 treatments"
      ],
      "correct_answer": "To report on rising measles cases and vaccination issues"
    },
    {
      "question": "What year had the lowest number of measles cases mentioned?",
      "options": [
        "2023",
        "2024",
        "2025",
        "2026"
      ],
      "correct_answer": "2023"
    }
  ],
  "background_read": [
    "Measles is a viral infection that causes symptoms like high fever, cough, and a characteristic rash. It was declared eliminated in the U.S. in 2000 due to high vaccination coverage with the MMR vaccine. However, in recent years, vaccine hesitancy has grown, partly fueled by misinformation and disruptions from the COVID-19 pandemic, leading to lower immunization rates. This decline has allowed measles to re-emerge, posing risks especially to unvaccinated individuals and vulnerable populations. Public health efforts focus on increasing vaccine uptake to prevent outbreaks and protect herd immunity, which requires a high percentage of vaccinated people to stop disease spread."
  ],
  "Article_Structure": [
    "Main Points: The article reports a sharp increase in measles cases in the U.S. from 2023 to 2025, linked to declining vaccination rates exacerbated by the pandemic, with outbreaks in specific regions and warnings from experts about potential widespread outbreaks. Purpose: To inform the public about the resurgence of measles and the dangers of low vaccination rates, emphasizing the need for immunization. Evidence Evaluation: Uses statistics from recent years and expert commentary from an epidemiologist, providing credible but limited data from a news source. Author Credibility: Based on an interview with Caitlin Rivers, a reputable epidemiologist from Johns Hopkins University, adding authority to the analysis. Methodology: Relies on reported case numbers, expert insights, and observational trends, typical for journalistic coverage of public health issues."
  ],
  "perspectives": [
    {
      "perspective": "Public health perspective",
      "description": "Highlights the critical role of vaccines in preventing disease outbreaks and the risks of vaccine hesitancy."
    }
  ],
  "image_url": "/article_images/article_1cd6e3626c566684_9e714bf63462.webp"
}