{
  "title": "Dan Evans' Early Exit in Australian Open Qualifying Highlights British Tennis Challenges",
  "summary": "Dan Evans, a 35-year-old British tennis player, suffered a first-round defeat in the Australian Open qualifying, losing 6-1 6-2 to Japan's Rei Sakamoto. This marks his second consecutive year missing the main draw, following a struggle with his serve that included four double faults and no break points. The article details mixed results for other British players: Jay Clarke and Jack Pinnington Jones also lost in straight sets, while Oliver Crawford fell in three sets. In contrast, Arthur Fery and George Loffhagen secured wins in their qualifying matches. The piece explains that players must win three qualifying rounds to enter the main draw, starting on January 18. It also notes that Cameron Norrie and Jacob Fearnley are already in the men's main draw, and Katie Boulter gained direct entry due to withdrawals, avoiding qualifying. This reporting provides an update on British tennis prospects ahead of the tournament.",
  "keywords": [
    {
      "term": "qualifying rounds",
      "explanation": "preliminary matches where players compete for a spot in the main tournament"
    },
    {
      "term": "double faults",
      "explanation": "serving errors in tennis that give points to the opponent"
    },
    {
      "term": "break points",
      "explanation": "opportunities to win a game when the opponent is serving"
    },
    {
      "term": "main draw entry",
      "explanation": "securing a place in the primary competition without qualifying"
    },
    {
      "term": "withdrawals",
      "explanation": "players pulling out of a tournament, which can affect others' entries"
    }
  ],
  "questions": [
    {
      "question": "What was a key issue in Dan Evans' performance during his match?",
      "options": [
        "Poor serve with double faults",
        "Lack of fitness",
        "Injury during play",
        "Bad weather conditions"
      ],
      "correct_answer": "Poor serve with double faults"
    },
    {
      "question": "How many years in a row has Dan Evans missed the Australian Open main draw?",
      "options": [
        "1",
        "2",
        "3",
        "4"
      ],
      "correct_answer": "2"
    },
    {
      "question": "Which British player lost a match in three sets during qualifying?",
      "options": [
        "Oliver Crawford",
        "Jay Clarke",
        "Jack Pinnington Jones",
        "Arthur Fery"
      ],
      "correct_answer": "Oliver Crawford"
    },
    {
      "question": "What allowed Katie Boulter to enter the main draw without qualifying?",
      "options": [
        "Withdrawals of other players",
        "Winning a wildcard",
        "High world ranking",
        "Previous year's performance"
      ],
      "correct_answer": "Withdrawals of other players"
    },
    {
      "question": "When does the Australian Open main draw begin?",
      "options": [
        "January 18",
        "January 15",
        "January 20",
        "January 22"
      ],
      "correct_answer": "January 18"
    },
    {
      "question": "Who are the British players already in the men's main draw mentioned in the article?",
      "options": [
        "Cameron Norrie and Jacob Fearnley",
        "Dan Evans and Jay Clarke",
        "Arthur Fery and George Loffhagen",
        "Emma Raducanu and Francesca Jones"
      ],
      "correct_answer": "Cameron Norrie and Jacob Fearnley"
    },
    {
      "question": "What type of commentary is available for the tournament according to the article?",
      "options": [
        "Live radio and text commentaries",
        "Only video highlights",
        "Social media updates",
        "Newspaper reports"
      ],
      "correct_answer": "Live radio and text commentaries"
    },
    {
      "question": "Which player did George Loffhagen defeat in his qualifying match?",
      "options": [
        "Justin Engel",
        "Edward Winter",
        "Daniel Merida Aguilar",
        "Rei Sakamoto"
      ],
      "correct_answer": "Justin Engel"
    }
  ],
  "background_read": [
    "The Australian Open is one of the four Grand Slam tennis tournaments, held annually in Melbourne. Qualifying rounds allow lower-ranked players to compete for a limited number of spots in the main draw. British tennis has seen varying success, with players like Andy Murray historically performing well. This article covers the 2024 qualifying results, highlighting challenges for veterans like Dan Evans and opportunities for emerging players. Understanding tennis rankings and tournament structures helps contextualize these outcomes."
  ],
  "Article_Structure": [
    "This article reports on British tennis players' performances in the Australian Open qualifying rounds. Main Points include Dan Evans' defeat due to serve issues and mixed results for other Britons. Purpose is to update readers on qualification status ahead of the main draw. Evidence Evaluation relies on match scores and player statistics, though it lacks in-depth analysis. Author Credibility is assumed as BBC Sport, a reputable source, but no specific author is named. Methodology involves summarizing match outcomes and tournament details from official sources, presented in a straightforward news format."
  ],
  "perspectives": [
    {
      "perspective": "Journalistic update",
      "description": "The article serves as a timely news report on tennis qualifying results, focusing on facts and outcomes."
    }
  ],
  "image_url": "/article_images/article_8fbc222cc201cbb1_94fcaed47eb8.webp"
}