{
  "title": "Analyzing Jenrick's Defection: Political Realignment and Trust Erosion in UK Politics",
  "summary": "The defection of Robert Jenrick from the Conservative Party to Reform UK represents a pivotal moment in contemporary UK politics, underscoring deeper shifts within the right-wing landscape. As a former government minister with substantial insider knowledge, Jenrick's move is strategically significant for Reform UK, which is capitalizing on its polling surge to expand its national appeal. However, the defection has ignited a fierce controversy, with Conservative members accusing Jenrick of serial dishonesty, citing instances where he allegedly denied defection plans shortly before his public announcement. Jenrick counters these allegations by framing his decision as an act of political honesty, aimed at exposing the perceived failures of the Conservative Party and addressing systemic national issues. This episode raises critical questions about political trust, as the ensuing row exacerbates public skepticism toward politicians' integrity. The article delves into Jenrick's adaptation to his new political tribe and explores whether this defection could precipitate broader conflicts on the right, potentially fragmenting electoral coalitions. By examining the interplay of personal ambition, party loyalty, and public perception, it highlights the complexities of political defections and their implications for democratic accountability and partisan dynamics.",
  "keywords": [
    {
      "term": "political defection",
      "explanation": "a strategic move where a politician leaves one party for another, often reflecting ideological realignment or personal ambition"
    },
    {
      "term": "right-wing fragmentation",
      "explanation": "the potential splitting or conflict within conservative political groups, as seen with Reform UK's rise challenging the Conservatives"
    },
    {
      "term": "political trust erosion",
      "explanation": "the gradual decline in public confidence in politicians' honesty and reliability, exacerbated by events like defections and accusations of lying"
    },
    {
      "term": "insider knowledge",
      "explanation": "information gained from within a party or government, which Jenrick possesses and could leverage in his new role"
    },
    {
      "term": "democratic accountability",
      "explanation": "the principle that politicians should be answerable to the public, which may be undermined by perceived dishonesty in defections"
    }
  ],
  "questions": [
    {
      "question": "What makes Jenrick's defection particularly strategic for Reform UK?",
      "options": [
        "His lack of experience",
        "His insider knowledge and government background",
        "His celebrity status",
        "His youth"
      ],
      "correct_answer": "His insider knowledge and government background"
    },
    {
      "question": "How does Jenrick justify his defection against accusations of lying?",
      "options": [
        "By claiming he was coerced",
        "By framing it as political honesty about national issues",
        "By denying any involvement",
        "By blaming the media"
      ],
      "correct_answer": "By framing it as political honesty about national issues"
    },
    {
      "question": "What broader political trend does the article suggest this defection might exacerbate?",
      "options": [
        "Increased unity on the right",
        "Right-wing fragmentation and conflict",
        "Decline in voter turnout",
        "Rise of left-wing parties"
      ],
      "correct_answer": "Right-wing fragmentation and conflict"
    },
    {
      "question": "What is a key implication of the controversy surrounding Jenrick's defection?",
      "options": [
        "Enhanced public trust in politicians",
        "Erosion of political trust due to perceived dishonesty",
        "More transparent government processes",
        "Reduced media scrutiny"
      ],
      "correct_answer": "Erosion of political trust due to perceived dishonesty"
    },
    {
      "question": "How does the article assess the evidence against Jenrick?",
      "options": [
        "As entirely reliable with named sources",
        "As including anonymous claims that may affect credibility",
        "As irrelevant to the story",
        "As fabricated by opponents"
      ],
      "correct_answer": "As including anonymous claims that may affect credibility"
    },
    {
      "question": "What methodological approach does the article primarily use?",
      "options": [
        "Statistical analysis",
        "Interviews and insider reporting",
        "Historical comparison",
        "Experimental research"
      ],
      "correct_answer": "Interviews and insider reporting"
    },
    {
      "question": "What critical assessment does the article imply about Jenrick's move?",
      "options": [
        "It is purely self-serving with no broader impact",
        "It reflects deeper ideological shifts and could destabilize right-wing politics",
        "It will immediately resolve political issues",
        "It is unrelated to public trust"
      ],
      "correct_answer": "It reflects deeper ideological shifts and could destabilize right-wing politics"
    },
    {
      "question": "How might Jenrick's insider knowledge influence his role in Reform UK?",
      "options": [
        "It could provide strategic advantages against the Conservatives",
        "It is irrelevant to his new position",
        "It will make him less effective",
        "It will lead to his quick departure"
      ],
      "correct_answer": "It could provide strategic advantages against the Conservatives"
    },
    {
      "question": "What does the article suggest about the timing of Jenrick's defection?",
      "options": [
        "It was randomly chosen",
        "It aligns with Reform UK's polling success and broader appeal efforts",
        "It was forced by external events",
        "It has no strategic significance"
      ],
      "correct_answer": "It aligns with Reform UK's polling success and broader appeal efforts"
    },
    {
      "question": "What is a potential limitation of the article's analysis?",
      "options": [
        "It over-relies on speculative sources without full verification",
        "It provides exhaustive data on voter opinions",
        "It ignores Jenrick's perspective entirely",
        "It focuses only on economic factors"
      ],
      "correct_answer": "It over-relies on speculative sources without full verification"
    }
  ],
  "background_read": [
    "In the context of UK politics, defections are often strategic maneuvers that signal ideological realignments or personal ambitions, with Reform UK emerging as a significant right-wing challenger to the Conservative Party. Political trust is a cornerstone of democratic systems, and its erosion can stem from perceived dishonesty, such as in defection controversies. This article analyzes a high-profile case, drawing on interviews and insider reports to explore implications for partisan dynamics, public confidence, and the broader right-wing spectrum, while critically assessing the reliability of sources and the potential for increased political fragmentation."
  ],
  "Article_Structure": [
    "Main Points: The article details Jenrick's defection as a strategic move highlighting right-wing realignment, with controversies over accusations of lying and its impact on political trust. Purpose: It aims to critically examine the defection's broader implications for UK politics, including potential fragmentation on the right and erosion of public confidence. Evidence Evaluation: Evidence includes Jenrick's interviews and anonymous Conservative sources, which, while insightful, may lack full transparency and require cautious interpretation. Author Credibility: As BBC News, it upholds journalistic standards, but the absence of specific author details limits assessment of individual expertise or bias. Methodology: The article employs qualitative methods such as interviews and observational reporting, though reliance on unnamed sources introduces potential reliability issues. Critical Assessment: Strengths include timely analysis of a significant political event, but limitations involve speculative elements and incomplete verification of claims, which could affect the depth of critical insight."
  ],
  "perspectives": [
    {
      "perspective": "Strategic realignment perspective",
      "description": "Views Jenrick's defection as a calculated move reflecting broader ideological shifts and Reform UK's growing influence, emphasizing political strategy over personal ethics."
    },
    {
      "perspective": "Ethical accountability perspective",
      "description": "Focuses on the moral implications of Jenrick's actions, arguing that accusations of lying undermine democratic trust and highlight failures in political integrity."
    }
  ],
  "image_url": "/article_images/article_51d64578c65c742d_3462b87e0027.webp"
}