{
  "title": "Atmospheric Contamination from Uncontrolled Rocket Re-entry: A Case Study of SpaceX Falcon 9 Failure",
  "summary": "The uncontrolled re-entry of a SpaceX Falcon 9 rocket in February 2025, which resulted in a dramatic fireball over western Europe, has provided scientists with a critical case study on atmospheric pollution from space debris. Researchers from the Leibniz Institute of Atmospheric Physics and the University of Leeds utilized laser-based detection methods to measure a tenfold increase in lithium concentrations at approximately 100 kilometers altitude, directly attributing this spike to the rocket's aluminium-lithium alloy composition. With the rocket releasing around 30kg of lithium—significantly surpassing the natural daily influx from meteors—this event highlights emerging environmental concerns. The contamination potentially threatens the ozone layer through aluminium oxide interactions and may disrupt atmospheric aerosols, thereby influencing climate regulation mechanisms. As SpaceX announces plans to deploy vast satellite constellations, this incident underscores the urgent need for comprehensive risk assessments regarding the cumulative impact of frequent rocket launches on Earth's upper atmospheric chemistry, calling for enhanced regulatory frameworks and sustainable space exploration practices.",
  "keywords": [
    {
      "term": "uncontrolled re-entry",
      "explanation": "the process where a spacecraft or debris falls to Earth without controlled guidance, often burning up in the atmosphere"
    },
    {
      "term": "lithium concentrations",
      "explanation": "the amount of lithium present in a given volume of the atmosphere, measured in parts per unit"
    },
    {
      "term": "aluminium-lithium alloy",
      "explanation": "a lightweight metal mixture used in aerospace for its strength and reduced weight, which can release pollutants upon combustion"
    },
    {
      "term": "atmospheric aerosols",
      "explanation": "suspended particles in the air that affect climate by scattering sunlight and influencing cloud formation"
    },
    {
      "term": "regulatory frameworks",
      "explanation": "systems of rules and guidelines designed to manage and mitigate environmental and safety risks in industries like aerospace"
    },
    {
      "term": "sustainable space exploration",
      "explanation": "approaches to space activities that minimize environmental harm and ensure long-term viability"
    }
  ],
  "questions": [
    {
      "question": "What scientific method was employed to detect lithium pollution from the SpaceX rocket?",
      "options": [
        "Spectroscopic analysis",
        "Laser-based detection",
        "Satellite imaging",
        "Ground sampling"
      ],
      "correct_answer": "Laser-based detection"
    },
    {
      "question": "How does the lithium release from the Falcon 9 compare to natural sources?",
      "options": [
        "It is less than daily meteor input",
        "It is approximately equal",
        "It is significantly greater",
        "It has no measurable difference"
      ],
      "correct_answer": "It is significantly greater"
    },
    {
      "term": "What potential atmospheric component is at risk from aluminium oxides?",
      "explanation": "a question about environmental impact",
      "question": "What potential atmospheric component is at risk from aluminium oxides?",
      "options": [
        "The troposphere",
        "The ozone layer",
        "The ionosphere",
        "The stratosphere"
      ],
      "correct_answer": "The ozone layer"
    },
    {
      "question": "What broader implication does the article suggest for future space activities?",
      "options": [
        "Increased rocket safety",
        "Enhanced satellite communication",
        "Cumulative atmospheric pollution risks",
        "Reduced space debris"
      ],
      "correct_answer": "Cumulative atmospheric pollution risks"
    },
    {
      "question": "Which institutions collaborated on the research mentioned in the summary?",
      "options": [
        "NASA and ESA",
        "Leibniz Institute and University of Leeds",
        "SpaceX and Boeing",
        "MIT and Stanford"
      ],
      "correct_answer": "Leibniz Institute and University of Leeds"
    },
    {
      "question": "What is the primary concern regarding atmospheric aerosols in this context?",
      "options": [
        "Their role in climate moderation",
        "Their ability to produce rain",
        "Their contribution to air pollution",
        "Their interaction with rockets"
      ],
      "correct_answer": "Their role in climate moderation"
    },
    {
      "question": "What does the article imply about the long-term consequences of such pollution?",
      "options": [
        "They are well-understood",
        "They are likely beneficial",
        "They are uncertain but potentially harmful",
        "They have been proven safe"
      ],
      "correct_answer": "They are uncertain but potentially harmful"
    },
    {
      "question": "How does the article frame the incident in relation to SpaceX's future plans?",
      "options": [
        "As an isolated event",
        "As a warning for increased launches",
        "As a success story",
        "As irrelevant to policy"
      ],
      "correct_answer": "As a warning for increased launches"
    },
    {
      "question": "What key element of the rocket's material contributed to the pollution?",
      "options": [
        "Carbon fiber",
        "Aluminium-lithium alloy",
        "Titanium coating",
        "Steel framework"
      ],
      "correct_answer": "Aluminium-lithium alloy"
    },
    {
      "question": "What is suggested as a necessary response to mitigate such risks?",
      "options": [
        "Stopping all rocket launches",
        "Developing regulatory frameworks",
        "Ignoring the pollution",
        "Focusing only on satellite design"
      ],
      "correct_answer": "Developing regulatory frameworks"
    }
  ],
  "background_read": [
    "The increasing frequency of rocket launches, driven by private companies like SpaceX, raises complex environmental questions about upper atmospheric pollution. Space debris re-entry can introduce metals such as lithium and aluminium, which may alter chemical processes critical for ozone protection and climate stability. Scientific methodologies like lidar enable precise monitoring, but gaps remain in understanding long-term ecological impacts. This case study intersects with broader discussions on sustainable aerospace practices and international space law, emphasizing the need for interdisciplinary research to balance technological advancement with planetary stewardship."
  ],
  "Article_Structure": [
    "Main Points: The article analyzes a SpaceX Falcon 9 failure that released lithium pollution, highlighting direct links to atmospheric contamination and potential risks to ozone and climate. Purpose: To critically examine the environmental implications of space debris and advocate for proactive measures amid growing space commercialization. Evidence Evaluation: Evidence is robust, using laser measurements and expert analysis, though limited by observational nature and uncertain long-term data. Author Credibility: The BBC provides credible reporting, citing authoritative scientists, but may simplify complex issues for a general audience. Methodology: Researchers employed laser detection for real-time measurement and comparative analysis with natural benchmarks, utilizing case study and observational approaches. Critical Assessment: Strengths include timely data and clear causation; limitations involve speculative long-term effects and potential bias towards alarmism without comprehensive risk quantification."
  ],
  "perspectives": [
    {
      "perspective": "Environmental advocacy",
      "description": "The article promotes caution and regulation to prevent atmospheric degradation from expanding space activities."
    }
  ],
  "image_url": "/article_images/article_dc253fe3b6ea0e61_03140978125d.webp"
}