{
  "title": "Media Merger: Paramount's $111bn Bid for Warner Bros After Netflix Exit",
  "summary": "Paramount is poised to acquire Warner Bros Discovery in a deal valued at approximately $111 billion, following Netflix's withdrawal from the bidding process. Warner Bros, which initiated a sale last year, declared Paramount's latest offer superior, prompting Netflix to decline matching it due to financial unattractiveness. This potential takeover, if approved by regulators, could significantly reshape the media industry by consolidating control over iconic film studios and networks like CNN. Netflix executives emphasized fiscal discipline, stating the deal was not essential at the elevated price. Regulatory hurdles include reviews by the California Department of Justice and US and European authorities, with concerns about economic impact and competition. The saga highlights strategic corporate maneuvers in Hollywood, with implications for content creation and distribution.",
  "keywords": [
    {
      "term": "acquisition",
      "explanation": "The process of one company buying another, like Paramount buying Warner Bros."
    },
    {
      "term": "regulatory scrutiny",
      "explanation": "Examination by government agencies to ensure the deal complies with laws and is fair."
    },
    {
      "term": "consolidation",
      "explanation": "Combining companies to reduce competition and increase market power."
    },
    {
      "term": "fiscal discipline",
      "explanation": "Careful management of money, as shown by Netflix not overpaying."
    },
    {
      "term": "media landscape",
      "explanation": "The overall structure of the entertainment industry, including studios and networks."
    },
    {
      "term": "bidding process",
      "explanation": "The competitive offers made by companies like Netflix and Paramount to buy Warner Bros."
    },
    {
      "term": "economic impact",
      "explanation": "How the deal affects jobs and the economy, especially in California."
    },
    {
      "term": "strategic maneuvers",
      "explanation": "Planned actions by companies to achieve business goals, such as expanding through acquisitions."
    }
  ],
  "questions": [
    {
      "question": "What prompted Netflix to drop its bid for Warner Bros?",
      "options": [
        "Financial unattractiveness of the price",
        "Lack of interest in movies",
        "Regulatory disapproval",
        "Warner Bros rejection"
      ],
      "correct_answer": "Financial unattractiveness of the price"
    },
    {
      "question": "Which regulatory body is investigating the potential merger?",
      "options": [
        "California Department of Justice",
        "Federal Trade Commission",
        "European Union",
        "All of the above"
      ],
      "correct_answer": "California Department of Justice"
    },
    {
      "question": "What is the estimated value of Paramount's bid for Warner Bros?",
      "options": [
        "$111 billion",
        "$82 billion",
        "$1 billion",
        "$50 billion"
      ],
      "correct_answer": "$111 billion"
    },
    {
      "question": "How might this deal affect the media industry?",
      "options": [
        "Reshape content creation and distribution",
        "Increase movie ticket prices",
        "Reduce TV channels",
        "Stop all mergers"
      ],
      "correct_answer": "Reshape content creation and distribution"
    },
    {
      "question": "What did Netflix executives cite as their reason for not matching Paramount's bid?",
      "options": [
        "Fiscal discipline",
        "Lack of resources",
        "Poor timing",
        "Technical issues"
      ],
      "correct_answer": "Fiscal discipline"
    },
    {
      "question": "Which network is owned by Warner Bros and could be affected by the deal?",
      "options": [
        "CNN",
        "ABC",
        "Fox News",
        "NBC"
      ],
      "correct_answer": "CNN"
    },
    {
      "question": "What role does the US Department of Justice play in this process?",
      "options": [
        "Approval of the merger",
        "Funding the deal",
        "Producing movies",
        "Selling assets"
      ],
      "correct_answer": "Approval of the merger"
    },
    {
      "question": "Why is the entertainment industry considered critical for California's economy?",
      "options": [
        "It provides jobs and revenue",
        "It has nice weather",
        "It is small",
        "It is new"
      ],
      "correct_answer": "It provides jobs and revenue"
    }
  ],
  "background_read": [
    "This article discusses a major corporate acquisition in the entertainment sector, where Paramount aims to buy Warner Bros for $111 billion after Netflix exited the bidding. Such mergers are common in business as companies seek growth and market dominance. Regulatory approval is crucial to prevent monopolies and ensure fair competition. The deal's impact extends to media networks like CNN, influencing news and entertainment content. Understanding these dynamics helps grasp how global media evolves and affects consumers."
  ],
  "Article_Structure": [
    "Main Points: Paramount's $111bn bid for Warner Bros after Netflix's withdrawal, with regulatory reviews pending. Purpose: To inform about a significant media merger and its potential industry reshaping. Evidence Evaluation: Relies on statements from companies and officials, but lacks independent data. Author Credibility: BBC is a reputable source, but article is brief and may omit details. Methodology: Based on public announcements and social media posts, not in-depth investigation."
  ],
  "perspectives": [
    {
      "perspective": "Corporate Strategy",
      "description": "Companies like Paramount use acquisitions to expand and compete in a changing media market."
    },
    {
      "perspective": "Regulatory Oversight",
      "description": "Government agencies scrutinize mergers to protect competition and economic interests."
    }
  ],
  "image_url": "/article_images/article_48dd0f73120e2b41_db073563de54.webp"
}