{
  "title": "Paul Costelloe: A Critical Examination of His Fashion Legacy and Controversies",
  "summary": "Paul Costelloe, an esteemed Irish fashion designer, died at 80 in London after a short illness, as confirmed by his family. Born in Dublin, he honed his skills at the Grafton Academy of Fashion Design and advanced his education at the Chambre Syndicale de la Haute Couture in Paris. Founding Paul Costelloe Collections in 1979, he presented collections at prestigious fashion weeks in London, Paris, Milan, and New York, establishing a global presence. His career was significantly shaped by his appointment as personal designer to Diana, Princess of Wales, in 1983, a role he maintained until her death in 1997, which cemented his status in high society. Costelloe integrated traditional Irish fabrics like linen and tweed into his designs, fostering cultural representation and collaborating with entities such as Dunnes Stores. However, his legacy is nuanced by a 1998 controversy where he asserted that Irish women lacked innate style, though he later reflected on Ireland's evolving European identity in a recent RTÉ interview. Taoiseach Micheál Martin mourned his loss, praising him as an icon who elevated Irish fashion internationally. This article not only commemorates his life but also invites critical reflection on his contributions and the complexities of his public persona.",
  "keywords": [
    {
      "term": "haute couture",
      "explanation": "high-end fashion that is custom-fitted and made from high-quality materials"
    },
    {
      "term": "personal designer",
      "explanation": "a designer exclusively creating attire for a specific individual, often a celebrity"
    },
    {
      "term": "fashion legacy",
      "explanation": "the enduring influence and impact of a designer's work on the industry"
    },
    {
      "term": "cultural representation",
      "explanation": "the expression of a culture's identity through art or design"
    },
    {
      "term": "controversy",
      "explanation": "a dispute or disagreement arising from public statements or actions"
    },
    {
      "term": "global presence",
      "explanation": "the extent to which a designer's work is recognized and influential worldwide"
    },
    {
      "term": "Taoiseach",
      "explanation": "the head of government in Ireland, equivalent to a prime minister"
    },
    {
      "term": "methodology",
      "explanation": "the systematic approach used in gathering and presenting information"
    },
    {
      "term": "critical assessment",
      "explanation": "evaluating the strengths and weaknesses of a subject based on evidence"
    },
    {
      "term": "bias",
      "explanation": "a tendency to favor one perspective over others, potentially affecting objectivity"
    }
  ],
  "questions": [
    {
      "question": "What was the duration of Paul Costelloe's role as personal designer to Princess Diana?",
      "options": [
        "1983-1997",
        "1979-1997",
        "1983-1998",
        "1979-1998"
      ],
      "correct_answer": "1983-1997"
    },
    {
      "question": "Which institution did Costelloe attend in Paris for further fashion education?",
      "options": [
        "École des Beaux-Arts",
        "Chambre Syndicale de la Haute Couture",
        "Fashion Institute of Technology",
        "Central Saint Martins"
      ],
      "correct_answer": "Chambre Syndicale de la Haute Couture"
    },
    {
      "question": "In what year did Costelloe make controversial remarks about Irish women's style?",
      "options": [
        "1997",
        "1998",
        "2000",
        "2010"
      ],
      "correct_answer": "1998"
    },
    {
      "question": "What traditional Irish materials did Costelloe frequently use in his designs?",
      "options": [
        "Silk and satin",
        "Linen and tweed",
        "Denim and leather",
        "Wool and cashmere"
      ],
      "correct_answer": "Linen and tweed"
    },
    {
      "question": "How many children did Paul Costelloe have?",
      "options": [
        "5",
        "6",
        "7",
        "8"
      ],
      "correct_answer": "7"
    },
    {
      "question": "What was the Taoiseach's primary praise for Costelloe?",
      "options": [
        "His business acumen",
        "His role in elevating Irish fashion globally",
        "His philanthropic efforts",
        "His innovation in textiles"
      ],
      "correct_answer": "His role in elevating Irish fashion globally"
    },
    {
      "question": "Where did Costelloe present his fashion collections?",
      "options": [
        "Only in London",
        "In London, Paris, Milan, and New York",
        "Only in Dublin",
        "In Asia and Europe"
      ],
      "correct_answer": "In London, Paris, Milan, and New York"
    },
    {
      "question": "What did Costelloe say in his RTÉ interview regarding Ireland?",
      "options": [
        "It had become more European",
        "It was losing its cultural identity",
        "It was leading global fashion",
        "It was inferior to other nations"
      ],
      "correct_answer": "It had become more European"
    },
    {
      "question": "What is a potential bias in this article's coverage?",
      "options": [
        "It overemphasizes his controversies",
        "It ignores his family life",
        "It focuses solely on positive aspects",
        "It underrepresents his international impact"
      ],
      "correct_answer": "It focuses solely on positive aspects"
    },
    {
      "question": "How does the article source its information?",
      "options": [
        "Only family statements",
        "Interviews and historical records",
        "Speculative accounts",
        "Government reports"
      ],
      "correct_answer": "Interviews and historical records"
    }
  ],
  "background_read": [
    "Paul Costelloe's career exemplifies the intersection of local tradition and global fashion dynamics. Emerging from Dublin's industrial background—his father's raincoat business—he leveraged formal education in Paris to enter haute couture circles. His work with Princess Diana not only boosted his profile but also highlighted the role of designers in shaping royal imagery. The use of Irish fabrics underscores efforts in cultural preservation within globalization. Controversies, such as his 1998 remarks, reveal tensions in public discourse on national identity and gender. This context is essential for analyzing his legacy, considering both his artistic contributions and the societal reactions they provoked."
  ],
  "Article_Structure": [
    "This article provides an in-depth analysis of Paul Costelloe's life, covering main points like his education, label establishment, royal patronage, use of Irish textiles, collaborations, and public controversies. The purpose is to eulogize his death while critically assessing his legacy in a broader cultural and fashion context. Evidence evaluation shows reliance on family announcements, historical dates, and media interviews, which are credible from BBC sources but may lack depth on biases. Author credibility is implied through the reputable outlet, though individual expertise isn't specified. Methodology involves descriptive reporting based on public records and statements, offering a balanced yet somewhat sanitized view. Critical assessment notes strengths in highlighting his global impact but limitations in exploring deeper societal implications of his controversies."
  ],
  "perspectives": [
    {
      "perspective": "Familial perspective",
      "description": "Centers on his personal demise and family bonds, portraying him in a compassionate light"
    },
    {
      "perspective": "Industry perspective",
      "description": "Examines his professional milestones and influence on international fashion trends"
    },
    {
      "perspective": "Cultural perspective",
      "description": "Discusses his role in promoting Irish heritage through design and the backlash from his statements"
    },
    {
      "perspective": "Critical perspective",
      "description": "Questions the objectivity of the coverage and the lasting effects of his controversial views"
    }
  ],
  "image_url": "/article_images/article_dd95e8a1e2250f93_16b56b693b58.webp"
}