{
  "title": "Intersection of Media Success and Healthcare Access: A Case Study of an Author with Parkinson's",
  "summary": "Rachel Reid, a Canadian author aged 45, has disclosed that the television adaptation of her book series Heated Rivalry has facilitated her access to specialized medical assistance for Parkinson's disease. Diagnosed in 2023, Reid experienced symptoms such as impaired motor control, affecting her ability to write, and insomnia. The TV show, which portrays a clandestine same-sex relationship between ice hockey players, garnered significant attention upon its North American release, leading to media engagements. During a CNN interview with director Jacob Tierney, Reid's Parkinson's diagnosis was referenced, subsequently attracting the attention of a globally recognized Parkinson's expert. This expert intervened by arranging a consultation with a neurologist and offering pharmacological adjustments to ameliorate her sleep disturbances. Reid, previously constrained by a five-year waiting list attributable to her residence in a sparsely populated area, emphasized that this development could substantially alter her therapeutic trajectory. The narrative elucidates the synergistic relationship between cultural production and personal health, highlighting how public discourse engendered by entertainment can catalyze tangible improvements in healthcare provisioning for individuals with chronic conditions.",
  "keywords": [
    {
      "term": "synergistic relationship",
      "explanation": "a connection where two elements work together to produce a greater effect"
    },
    {
      "term": "therapeutic trajectory",
      "explanation": "the course or path of medical treatment over time"
    },
    {
      "term": "cultural production",
      "explanation": "the creation and distribution of artistic works like books and TV shows"
    },
    {
      "term": "pharmacological adjustments",
      "explanation": "changes to medication regimens to optimize effects"
    },
    {
      "term": "public discourse",
      "explanation": "discussions and debates that occur in the media or among the public"
    }
  ],
  "questions": [
    {
      "question": "What demographic and professional details are provided about Rachel Reid?",
      "options": [
        "45-year-old Canadian author",
        "60-year-old American doctor",
        "30-year-old British director",
        "50-year-old Australian athlete"
      ],
      "correct_answer": "A"
    },
    {
      "question": "How does the article describe the thematic focus of Heated Rivalry?",
      "options": [
        "A clandestine same-sex relationship in ice hockey",
        "A medical drama about neurological disorders",
        "A biography of Parkinson's experts",
        "A documentary on TV production"
      ],
      "correct_answer": "A"
    },
    {
      "question": "What specific symptom of Parkinson's affected Reid's professional activities?",
      "options": [
        "Impaired motor control hindering writing",
        "Memory loss affecting plot development",
        "Speech difficulties during interviews",
        "Visual impairments while reading"
      ],
      "correct_answer": "A"
    },
    {
      "question": "What mechanism led to the Parkinson's expert contacting Reid?",
      "options": [
        "Media coverage from a CNN interview",
        "Direct referral from her local doctor",
        "Publication of her medical records",
        "A social media campaign"
      ],
      "correct_answer": "A"
    },
    {
      "question": "What structural barrier did Reid face in accessing healthcare prior to this intervention?",
      "options": [
        "A five-year waiting list due to geographic remoteness",
        "Lack of health insurance coverage",
        "Resistance from medical professionals",
        "Inadequate diagnostic facilities"
      ],
      "correct_answer": "A"
    },
    {
      "question": "How did the expert contribute to Reid's treatment plan?",
      "options": [
        "By arranging a neurologist appointment and adjusting medication",
        "By funding her medical expenses",
        "By conducting original research on her case",
        "By advocating for policy changes"
      ],
      "correct_answer": "A"
    },
    {
      "question": "What broader societal issue does this case study address?",
      "options": [
        "Healthcare disparities exacerbated by geographic isolation",
        "The decline of book publishing industries",
        "The ethics of media interviews",
        "The history of ice hockey in Canada"
      ],
      "correct_answer": "A"
    },
    {
      "question": "What is the role of Jacob Tierney in this narrative?",
      "options": [
        "Director of the TV adaptation who participated in the CNN interview",
        "Parkinson's expert who provided medical advice",
        "Author of the original book series",
        "Neurologist who treated Reid"
      ],
      "correct_answer": "A"
    },
    {
      "question": "How does the article evaluate the evidence presented?",
      "options": [
        "It relies on self-reported quotes without independent verification",
        "It includes statistical data from medical studies",
        "It cites peer-reviewed research on Parkinson's",
        "It uses anonymous sources for confirmation"
      ],
      "correct_answer": "A"
    },
    {
      "question": "What critical assessment can be made of the article's methodology?",
      "options": [
        "It prioritizes narrative storytelling over empirical analysis, limiting generalizability",
        "It employs rigorous scientific methods to validate claims",
        "It conducts surveys to gather public opinion",
        "It compares multiple case studies for robustness"
      ],
      "correct_answer": "A"
    }
  ],
  "background_read": [
    "Rachel Reid's literary career began with the Game Changers series in 2018, exploring LGBTQ+ themes in sports, reflecting broader cultural shifts. Parkinson's disease is a neurodegenerative disorder characterized by motor and non-motor symptoms, often requiring multidisciplinary care and highlighting healthcare access challenges, particularly in rural areas. The adaptation of literary works into television involves complex production processes that can amplify author visibility, intersecting with personal narratives. This article serves as a case study in media sociology, examining how public exposure from entertainment can influence individual health outcomes, raising questions about equity, representation, and the role of media in social support systems."
  ],
  "Article_Structure": [
    "Main Points: The article analyzes how Rachel Reid's Parkinson's diagnosis and the TV success of Heated Rivalry enabled access to a Parkinson's expert, leading to a neurologist appointment and medication advice, potentially improving her health management. Purpose: To explore the intersection of media visibility and healthcare access, demonstrating how cultural products can facilitate personal medical advancements. Evidence Evaluation: Sources include direct quotes from Reid via Variety, offering subjective insights but lacking corroborative medical data or expert commentary, which may affect objectivity. Author Credibility: The BBC provides reputable journalism, but reliance on secondary reporting limits depth, and the article does not address potential biases in self-disclosure. Methodology: Based on interview excerpts and public statements, employing a qualitative, narrative approach without empirical research, thus emphasizing anecdotal evidence over systematic analysis. Critical Assessment: Strengths include raising awareness about healthcare disparities, but limitations involve insufficient critical examination of the expert's credentials or long-term outcomes, and the narrative may oversimplify complex healthcare issues."
  ],
  "perspectives": [
    {
      "perspective": "Media sociology",
      "description": "This perspective examines how media representations and publicity can shape individual experiences, particularly in accessing resources like healthcare, and the ethical implications of personal disclosure in public forums."
    }
  ],
  "image_url": "/article_images/article_3745f492b3ccea74_685d9f588e95.webp"
}