{
  "title": "Breakout Stars and Returning Legends Dominate Brit Award Nominations",
  "summary": "Olivia Dean and Lola Young, emerging as major breakout stars in 2025, lead the Brit Award nominations with five each, including the prestigious artist of the year category, where they compete against established artists like Lily Allen, Dave, and Little Simz. Sam Fender follows his Mercury Prize victory with four nominations, such as album of the year and best single for his collaboration with Dean. In a notable comeback, the indie band Pulp receives its first nomination since 1996, recalling the infamous incident where frontman Jarvis Cocker staged a protest during Michael Jackson's performance, leading to his arrest but no charges. Cocker reflects on the event, expressing relief that their new nomination for best group, based on their album 'More,' helps move past that legacy. The best group category is highly competitive, featuring acts like Wolf Alice and Sleep Token. Olivia Dean is a front-runner for best artist and best album due to the commercial success of her soul album 'The Art of Loving,' and she expresses amazement at her five nominations, highlighting the significance of the Brits in recognizing musical achievement.",
  "keywords": [
    {
      "term": "breakout stars",
      "explanation": "artists who become suddenly very popular and successful"
    },
    {
      "term": "prestigious",
      "explanation": "respected and important, often used for awards or events"
    },
    {
      "term": "comeback",
      "explanation": "when someone returns to success after a long time away"
    },
    {
      "term": "protest",
      "explanation": "an action to show disagreement or make a statement, often publicly"
    },
    {
      "term": "front-runner",
      "explanation": "the person or thing most likely to win or succeed"
    },
    {
      "term": "commercial success",
      "explanation": "when something sells well and makes a lot of money"
    }
  ],
  "questions": [
    {
      "question": "How many nominations do Olivia Dean and Lola Young have in total?",
      "options": [
        "Five each",
        "Four each",
        "Ten together",
        "Three each"
      ],
      "correct_answer": "Five each"
    },
    {
      "question": "Which category includes both Olivia Dean and established artists like Lily Allen?",
      "options": [
        "Best group",
        "Artist of the year",
        "Best single",
        "Album of the year"
      ],
      "correct_answer": "Artist of the year"
    },
    {
      "question": "What prize did Sam Fender win before his Brit nominations?",
      "options": [
        "Brit Award",
        "Grammy",
        "Mercury Prize",
        "MTV Award"
      ],
      "correct_answer": "Mercury Prize"
    },
    {
      "question": "Why is Pulp's nomination significant?",
      "options": [
        "It's their first win",
        "It's their first nomination since 1996",
        "They are a new band",
        "They have the most nominations"
      ],
      "correct_answer": "It's their first nomination since 1996"
    },
    {
      "question": "What did Jarvis Cocker do during Michael Jackson's performance in 1996?",
      "options": [
        "Sang a duet",
        "Staged a protest on stage",
        "Won an award",
        "Released an album"
      ],
      "correct_answer": "Staged a protest on stage"
    },
    {
      "question": "What was the outcome of Cocker's protest?",
      "options": [
        "He won a prize",
        "He was arrested but no charges were brought",
        "He became more famous instantly",
        "He left the music industry"
      ],
      "correct_answer": "He was arrested but no charges were brought"
    },
    {
      "question": "Which category is highly contested with nominees like Wolf Alice?",
      "options": [
        "Best artist",
        "Best group",
        "Best album",
        "Best single"
      ],
      "correct_answer": "Best group"
    },
    {
      "question": "Why is Olivia Dean considered a front-runner for best artist?",
      "options": [
        "She has the most nominations",
        "Her album 'The Art of Loving' is chart-topping",
        "She performed at the ceremony",
        "She is a new star"
      ],
      "correct_answer": "Her album 'The Art of Loving' is chart-topping"
    }
  ],
  "background_read": [
    "The Brit Awards are the UK's premier music awards, established in 1977, honoring achievements in the British and international music industries. They feature categories like artist of the year and best album, with nominations based on commercial success, critical acclaim, and public voting. Breakout stars often gain recognition here, as seen with Olivia Dean and Lola Young, while established acts like Pulp use nominations to mark comebacks. Historical incidents, such as Jarvis Cocker's 1996 stage protest during Michael Jackson's show, highlight the awards' cultural impact and media attention. Understanding these elements helps appreciate the significance of nominations in shaping artists' careers and music history."
  ],
  "Article_Structure": [
    "Main Points: The article highlights Olivia Dean and Lola Young as top nominees with five each, Sam Fender's four nominations post-Mercury Prize, and Pulp's comeback nomination since 1996, referencing Jarvis Cocker's protest. Purpose: To inform about the Brit Award nominations, emphasizing new talent, competitive categories, and historical context. Evidence Evaluation: Relies on factual nominations and quotes from artists, but lacks detailed sources for historical events. Author Credibility: BBC Entertainment is a reputable source for music news, though the article is brief and may omit deeper analysis. Methodology: Based on official nomination lists and artist interviews, providing a straightforward report without original research."
  ],
  "perspectives": [
    {
      "perspective": "Celebration of new talent",
      "description": "The article focuses on Olivia Dean and Lola Young as emerging stars, showing how the Brit Awards spotlight fresh artists in the music industry."
    }
  ],
  "image_url": "/article_images/article_a59be38e6dbd4488_3399cfd219c6.webp"
}