{
  "title": "Macron's Vision for European Strategic Autonomy Through Fiscal Integration and Global Assertiveness",
  "summary": "French President Emmanuel Macron has articulated a compelling case for Europe to evolve into a formidable global power, emphasizing strategic autonomy in the face of escalating geopolitical tensions with China, Russia, and the United States. In a prelude to an EU summit in Brussels, Macron framed this as a critical wake-up call, urging the continent to consolidate its economic, defense, and democratic frameworks. He advocates for the issuance of mutualised European debt, specifically eurobonds, to mobilize approximately €1.2 trillion annually for pivotal investments in security, clean energy, and artificial intelligence. Macron posits that global financial markets, increasingly wary of US dollar dominance, are seeking reliable alternatives, and Europe's democratic governance could attract substantial investment. However, this proposal encounters resistance from Germany and other member states, who critique France's historical lack of structural reforms and fear assuming disproportionate financial liabilities. Macron concedes France's economic model flaws but highlights successful reforms in southern European nations as benchmarks. Furthermore, he calls for coherent industrial policies to safeguard European competitiveness without resorting to protectionism, advocating for equitable regulatory standards. This discourse underscores Macron's broader ambition to redefine Europe's role in a multipolar world, balancing internal cohesion with external assertiveness.",
  "keywords": [
    {
      "term": "strategic autonomy",
      "explanation": "the ability of a region to act independently in global affairs without reliance on external powers"
    },
    {
      "term": "fiscal integration",
      "explanation": "the process of aligning financial policies and debt mechanisms across multiple countries"
    },
    {
      "term": "geopolitical tensions",
      "explanation": "conflicts or rivalries between nations over political and economic influence"
    },
    {
      "term": "eurobonds",
      "explanation": "debt securities issued collectively by Eurozone countries to raise capital"
    },
    {
      "term": "democratic governance",
      "explanation": "a system of government based on democratic principles and rule of law"
    },
    {
      "term": "structural reforms",
      "explanation": "fundamental changes to economic or political systems to improve efficiency and stability"
    },
    {
      "term": "multipolar world",
      "explanation": "a global system with multiple centers of power, rather than one dominant force"
    },
    {
      "term": "industrial policies",
      "explanation": "government strategies to support and develop key industries for economic growth"
    },
    {
      "term": "regulatory standards",
      "explanation": "rules and guidelines set to ensure fairness and safety in markets"
    },
    {
      "term": "external assertiveness",
      "explanation": "the proactive and confident engagement of a region in international affairs"
    }
  ],
  "questions": [
    {
      "question": "What concept does Macron emphasize to enhance Europe's global role?",
      "options": [
        "Isolationism",
        "Strategic autonomy",
        "Dependency on the US",
        "Military expansion"
      ],
      "correct_answer": "Strategic autonomy"
    },
    {
      "question": "How much annual investment does Macron estimate Europe needs for key sectors?",
      "options": [
        "€500 billion",
        "€1.2 trillion",
        "€2 trillion",
        "€800 billion"
      ],
      "correct_answer": "€1.2 trillion"
    },
    {
      "question": "What financial instrument does Macron propose to fund European projects?",
      "options": [
        "National taxes",
        "Eurobonds",
        "Private equity",
        "Foreign aid"
      ],
      "correct_answer": "Eurobonds"
    },
    {
      "question": "Why are global financial markets interested in European debt according to Macron?",
      "options": [
        "Due to high interest rates",
        "As an alternative to the US dollar",
        "Because of Europe's small economy",
        "For speculative purposes"
      ],
      "correct_answer": "As an alternative to the US dollar"
    },
    {
      "question": "Which country is primarily skeptical of Macron's debt mutualisation plan?",
      "options": [
        "France",
        "Germany",
        "Italy",
        "Spain"
      ],
      "correct_answer": "Germany"
    },
    {
      "question": "What does Macron cite as a reason for skepticism towards France's proposal?",
      "options": [
        "Lack of military strength",
        "Historical failure to implement reforms",
        "Overpopulation",
        "Excessive debt levels"
      ],
      "correct_answer": "Historical failure to implement reforms"
    },
    {
      "question": "How does Macron characterize Europe's market in comparison to others?",
      "options": [
        "The most protectionist",
        "The most open",
        "The least democratic",
        "The most regulated"
      ],
      "correct_answer": "The most open"
    },
    {
      "question": "What policy approach does Macron advocate for regarding European industries?",
      "options": [
        "Full protectionism",
        "Coherent and fair regulations",
        "Elimination of all rules",
        "Preferential treatment for non-Europeans"
      ],
      "correct_answer": "Coherent and fair regulations"
    },
    {
      "question": "What broader global system does Macron's vision align with?",
      "options": [
        "A unipolar world",
        "A multipolar world",
        "An anarchic world",
        "A colonial world"
      ],
      "correct_answer": "A multipolar world"
    },
    {
      "question": "What does Macron highlight as successful examples of reform within Europe?",
      "options": [
        "Countries like Portugal and Spain",
        "France and Germany",
        "China and Russia",
        "The US and UK"
      ],
      "correct_answer": "Countries like Portugal and Spain"
    }
  ],
  "background_read": [
    "The European Union, comprising 27 member states, grapples with deepening integration amid divergent national interests and external pressures. Emmanuel Macron, as President of France, champions a federalist vision to bolster EU sovereignty, particularly in economic and defense domains. His advocacy for mutualised debt, such as eurobonds, revisits longstanding debates on fiscal union, often opposed by frugal northern states like Germany due to concerns over moral hazard and fiscal discipline. This context is set against a backdrop of rising great power competition, with China and Russia challenging the liberal international order, and US policies under administrations like Trump's fostering transatlantic strains. Macron's rhetoric draws on concepts like strategic autonomy, aiming to reduce dependency on external actors while promoting internal cohesion through investments in cutting-edge technologies and sustainable energy, reflecting broader trends in global governance and economic statecraft."
  ],
  "Article_Structure": [
    "Main Points: Macron argues for European strategic autonomy via fiscal integration (eurobonds) to fund €1.2 trillion in annual investments for defense, energy, and AI, while addressing skepticism from Germany over reform deficits. Purpose: To reposition Europe as a cohesive global power in a multipolar world, countering threats from China, Russia, and the US, and leveraging democratic stability to attract investment. Evidence Evaluation: Relies on Macron's statements and anecdotal references to market trends, but lacks empirical data or diverse sources, potentially reflecting a pro-integration bias. Author Credibility: BBC News provides reputable journalism, yet the article is primarily reportorial without in-depth analysis or critical counterpoints. Methodology: Information is sourced from Macron's interview with European newspapers, supplemented with contextual EU background, but lacks primary research or statistical validation. Critical Assessment: Strengths include clear articulation of Macron's vision and relevance to current geopolitics; limitations involve one-sided perspective and insufficient exploration of alternative viewpoints or economic feasibility studies."
  ],
  "perspectives": [
    {
      "perspective": "Macron's federalist perspective",
      "description": "Europe must achieve greater unity through shared financial mechanisms and coherent policies to assert itself as an independent global actor amidst great power rivalry."
    }
  ],
  "image_url": "/article_images/article_001408bcbf00016d_b72262347ce0.webp"
}