{
  "title": "Investigating Alzheimer's Cure Potential Through In Vivo Brain Tissue Analysis",
  "summary": "This article chronicles a journalist's immersive experience observing a neurosurgical procedure at Edinburgh Royal Infirmary, where a section of cortical tissue is excised from a patient with a metastatic brain tumor and subsequently utilized for Alzheimer's disease research. The narrative elucidates the intricate process of tissue preservation using artificial cerebrospinal fluid and its transportation to a university laboratory led by Dr. Claire Durrant, a prominent Alzheimer's researcher. It underscores the scarcity of centers capable of conducting studies on living adult human brain tissue, positioning Edinburgh as a pivotal hub in dementia research. The piece delves into the ethical dimensions of tissue donation, portraying it as a 'precious gift' from patients enduring profound personal challenges. By integrating perspectives from neurosurgery and neurodegenerative science, the article advocates for direct examination of human tissue to unravel the pathophysiological mechanisms of Alzheimer's, thereby informing therapeutic development. It highlights the synergistic efforts between clinical practice and biomedical research, emphasizing the potential for groundbreaking discoveries in combating this pervasive disorder.",
  "keywords": [
    {
      "term": "neurosurgical procedure",
      "explanation": "a surgical intervention targeting the brain or nervous system"
    },
    {
      "term": "cortical tissue",
      "explanation": "tissue from the brain's cortex, involved in higher cognitive functions"
    },
    {
      "term": "metastatic brain tumor",
      "explanation": "a cancerous growth that has spread to the brain from another site"
    },
    {
      "term": "artificial cerebrospinal fluid",
      "explanation": "a synthetic solution mimicking the natural fluid that cushions the central nervous system"
    },
    {
      "term": "pathophysiological mechanisms",
      "explanation": "the biological processes underlying disease development and progression"
    },
    {
      "term": "therapeutic development",
      "explanation": "the creation and testing of treatments for medical conditions"
    },
    {
      "term": "synergistic efforts",
      "explanation": "collaborative actions that produce combined effects greater than individual contributions"
    },
    {
      "term": "neurodegenerative science",
      "explanation": "the study of diseases causing progressive nerve cell damage"
    },
    {
      "term": "ethical dimensions",
      "explanation": "the moral considerations and implications in research practices"
    },
    {
      "term": "biomedical research",
      "explanation": "scientific investigation aimed at understanding and improving human health"
    }
  ],
  "questions": [
    {
      "question": "What is the primary objective of collecting cortical tissue during the surgery?",
      "options": [
        "To facilitate Alzheimer's research through in vivo analysis",
        "To dispose of medical waste",
        "To perform a biopsy for cancer diagnosis",
        "To train surgical residents"
      ],
      "correct_answer": "To facilitate Alzheimer's research through in vivo analysis"
    },
    {
      "question": "How does artificial cerebrospinal fluid function in this context?",
      "options": [
        "It preserves living brain tissue for transport and study",
        "It cleans surgical instruments",
        "It anesthetizes the patient",
        "It enhances MRI imaging"
      ],
      "correct_answer": "It preserves living brain tissue for transport and study"
    },
    {
      "question": "What ethical issue is highlighted regarding tissue donation?",
      "options": [
        "The emotional significance of receiving tissue on a patient's difficult day",
        "The cost of tissue procurement",
        "The legal regulations for tissue storage",
        "The public awareness of Alzheimer's"
      ],
      "correct_answer": "The emotional significance of receiving tissue on a patient's difficult day"
    },
    {
      "question": "Why is Edinburgh considered a unique center for this research?",
      "options": [
        "It is one of few places collecting living adult brain tissue for dementia studies",
        "It has the largest number of neurosurgeons",
        "It exclusively focuses on pediatric brain diseases",
        "It avoids using human tissue in research"
      ],
      "correct_answer": "It is one of few places collecting living adult brain tissue for dementia studies"
    },
    {
      "question": "What role does Dr. Claire Durrant play in the article?",
      "options": [
        "She leads Alzheimer's research using the collected tissue",
        "She performs the brain surgery",
        "She is the patient undergoing surgery",
        "She reports on the surgery as a journalist"
      ],
      "correct_answer": "She leads Alzheimer's research using the collected tissue"
    },
    {
      "question": "What is the significance of studying living adult brain tissue for Alzheimer's?",
      "options": [
        "It provides direct insights into disease mechanisms in humans",
        "It is easier to obtain than animal tissue",
        "It eliminates the need for clinical trials",
        "It focuses only on genetic factors"
      ],
      "correct_answer": "It provides direct insights into disease mechanisms in humans"
    },
    {
      "question": "How does the article connect neurosurgery and biomedical research?",
      "options": [
        "By showcasing collaboration in tissue collection and analysis",
        "By comparing surgical techniques across diseases",
        "By discussing funding for research projects",
        "By highlighting patient recovery processes"
      ],
      "correct_answer": "By showcasing collaboration in tissue collection and analysis"
    },
    {
      "question": "What is a metastatic brain tumor?",
      "options": [
        "A cancer that has spread to the brain from another organ",
        "A benign growth in the brain cortex",
        "A type of Alzheimer's lesion",
        "A fluid-filled cyst in the brain"
      ],
      "correct_answer": "A cancer that has spread to the brain from another organ"
    },
    {
      "question": "What critical assessment can be made of the article's methodology?",
      "options": [
        "It relies on observational narrative without statistical data",
        "It includes controlled experiments with large sample sizes",
        "It uses surveys to gather patient opinions",
        "It avoids expert interviews for objectivity"
      ],
      "correct_answer": "It relies on observational narrative without statistical data"
    },
    {
      "question": "How does the article address the broader context of Alzheimer's research?",
      "options": [
        "By emphasizing the need for innovative approaches like tissue studies",
        "By claiming a cure is imminent",
        "By focusing solely on surgical treatments",
        "By ignoring ethical considerations"
      ],
      "correct_answer": "By emphasizing the need for innovative approaches like tissue studies"
    }
  ],
  "background_read": [
    "Alzheimer's disease is a complex neurodegenerative disorder marked by amyloid plaques, tau tangles, and neuronal loss, leading to cognitive decline and dementia. Current research strategies include molecular studies, animal models, and clinical trials, but direct access to living human brain tissue remains limited due to ethical and logistical barriers. Neurosurgical procedures, such as those for tumor resection, offer rare opportunities to obtain such tissue with informed consent. Edinburgh's research initiatives exemplify interdisciplinary collaboration, integrating clinical neurosurgery with laboratory science to investigate disease pathogenesis. Ethical frameworks govern tissue donation, ensuring respect for patient autonomy and beneficence in research. This approach aims to accelerate therapeutic innovations by providing authentic human data, though it faces challenges like sample variability and translational gaps."
  ],
  "Article_Structure": [
    "Main Points: The article details a neurosurgical case where cortical tissue is harvested for Alzheimer's research, emphasizing Edinburgh's role as a research hub and the ethical nuances of tissue donation. Purpose: To illustrate the intersection of clinical practice and scientific inquiry in advancing dementia therapeutics. Evidence Evaluation: Based on firsthand journalistic observation and expert commentary, offering qualitative insights but lacking empirical data or peer-reviewed references. Author Credibility: The journalist reports for BBC News, a credible media outlet, with access to authoritative sources like Prof. Brennan and Dr. Durrant. Methodology: Ethnographic observation and interviews during surgery and lab visits, providing a narrative account. Critical Assessment: Strengths include vivid storytelling and highlighting innovative research; limitations involve anecdotal evidence and absence of broader scientific context."
  ],
  "perspectives": [
    {
      "perspective": "Clinical",
      "description": "Focuses on surgical precision and patient outcomes in tissue procurement."
    },
    {
      "perspective": "Research",
      "description": "Highlights the scientific value of living tissue in elucidating Alzheimer's pathology."
    },
    {
      "perspective": "Ethical",
      "description": "Explores moral responsibilities in using donated tissue for biomedical advances."
    },
    {
      "perspective": "Journalistic",
      "description": "Emphasizes narrative engagement and public education on medical research."
    }
  ],
  "image_url": "/article_images/article_04255cecef2dc4e7_324bee663e58.webp"
}