{
  "title": "Analyzing the Warner Bros-Paramount Merger: Strategic Implications for Streaming Ecosystems and Regulatory Frameworks",
  "summary": "The proposed acquisition of Warner Bros by Paramount Skydance represents a pivotal development in the media landscape, with potential to reconfigure streaming dynamics and Hollywood structures. This deal, pending regulatory approval, aims to merge Paramount+ and HBO Max into a consolidated streaming service, enhancing content aggregation to compete with industry giants like Netflix, Amazon, and Disney. Viewers could access an expanded library encompassing contemporary series such as The Pitt and iconic franchises including Casablanca, Star Trek, Friends, and The Sopranos. Analysts project initial cost benefits for existing dual subscribers, but long-term implications suggest price escalations due to diminished competition, albeit moderated by Netflix's market hegemony as noted by Ben Barringer. Regulatory scrutiny, particularly from state attorneys general concerned with consumer welfare and labor impacts, introduces significant hurdles, with California's attorney general initiating a rigorous investigation. The protracted regulatory timeline and existing distribution agreements indicate that substantive service alterations are distant. Concurrently, cinema operators, previously apprehensive about a Netflix takeover, may experience mitigated threats from this merger. This analysis underscores the complex interplay between corporate strategy, market competition, and regulatory oversight in shaping future media consumption patterns.",
  "keywords": [
    {
      "term": "acquisition",
      "explanation": "the process of one company purchasing another to gain control"
    },
    {
      "term": "streaming dynamics",
      "explanation": "the evolving patterns and competition within online video delivery services"
    },
    {
      "term": "content aggregation",
      "explanation": "the consolidation of diverse media offerings into a single platform"
    },
    {
      "term": "market hegemony",
      "explanation": "dominant control or influence exerted by a leading company in a market"
    },
    {
      "term": "regulatory scrutiny",
      "explanation": "close examination by government authorities to ensure compliance with laws and protect public interest"
    }
  ],
  "questions": [
    {
      "question": "What strategic objective does the merger of Paramount+ and HBO Max primarily serve?",
      "options": [
        "To aggregate content and enhance competitive positioning",
        "To eliminate regulatory barriers",
        "To reduce production costs immediately",
        "To focus exclusively on theatrical releases"
      ],
      "correct_answer": "To aggregate content and enhance competitive positioning"
    },
    {
      "question": "How does Ben Barringer characterize Netflix's role in the streaming market?",
      "options": [
        "As the price-setter due to market hegemony",
        "As a minor competitor",
        "As a regulatory authority",
        "As a content aggregator"
      ],
      "correct_answer": "As the price-setter due to market hegemony"
    },
    {
      "question": "What regulatory challenge is highlighted by California's attorney general?",
      "options": [
        "A vigorous investigation into consumer and worker impacts",
        "Immediate approval of the deal",
        "Reduction of streaming prices",
        "Support for increased competition"
      ],
      "correct_answer": "A vigorous investigation into consumer and worker impacts"
    },
    {
      "question": "What long-term economic effect might result from reduced competition among streamers?",
      "options": [
        "Potential price increases for consumers",
        "Guaranteed price decreases",
        "Stable subscription models",
        "Elimination of all streaming services"
      ],
      "correct_answer": "Potential price increases for consumers"
    },
    {
      "question": "Why are major changes to streaming services not imminent according to the article?",
      "options": [
        "Due to regulatory timelines and existing distribution deals",
        "Because of immediate technological limitations",
        "Owing to lack of viewer interest",
        "As a result of corporate indecision"
      ],
      "correct_answer": "Due to regulatory timelines and existing distribution deals"
    },
    {
      "question": "What distinguishes this deal from a potential Netflix takeover in terms of impact on cinemas?",
      "options": [
        "It poses a less immediate threat to theatrical releases",
        "It directly closes movie theaters",
        "It increases cinema attendance",
        "It has no effect on Hollywood"
      ],
      "correct_answer": "It poses a less immediate threat to theatrical releases"
    },
    {
      "question": "Which aspect of the merger does Tom Harrington emphasize in his analysis?",
      "options": [
        "Reduced competition allowing for higher prices",
        "Increased content variety",
        "Regulatory benefits",
        "Technological advancements"
      ],
      "correct_answer": "Reduced competition allowing for higher prices"
    },
    {
      "question": "What methodological approach does the article primarily use to support its claims?",
      "options": [
        "Expert opinions and analyst quotes",
        "Statistical data and primary research",
        "Historical comparisons",
        "Consumer surveys"
      ],
      "correct_answer": "Expert opinions and analyst quotes"
    },
    {
      "question": "How does the article assess author credibility?",
      "options": [
        "By referencing the BBC's reputation but noting reliance on secondary sources",
        "By detailing the authors' personal expertise",
        "By providing extensive primary data",
        "By ignoring source evaluation"
      ],
      "correct_answer": "By referencing the BBC's reputation but noting reliance on secondary sources"
    },
    {
      "question": "What critical limitation does the article face in its evidence evaluation?",
      "options": [
        "Lack of detailed data or primary sources",
        "Over-reliance on government reports",
        "Excessive focus on theatrical aspects",
        "Ignoring market trends entirely"
      ],
      "correct_answer": "Lack of detailed data or primary sources"
    }
  ],
  "background_read": [
    "This article examines the proposed Warner Bros-Paramount merger within the context of evolving media ecosystems. Streaming services have disrupted traditional media, leading to consolidation as companies seek scale and content diversity. Regulatory frameworks, such as antitrust laws, aim to prevent monopolistic practices and protect consumer interests. Market dynamics involve competition, pricing strategies, and content exclusivity, with Netflix often setting industry standards. Hollywood's structure includes studios, distributors, and exhibitors, facing challenges from digital transformation. Understanding these elements is crucial for analyzing how mergers influence media consumption, economic outcomes, and regulatory responses in a globalized industry."
  ],
  "Article_Structure": [
    "Main Points: The article details the strategic merger of Warner Bros and Paramount, focusing on streaming service consolidation, potential price implications, and regulatory hurdles. Purpose: To provide an in-depth analysis of how this deal could transform media consumption, emphasizing corporate strategy and market competition within a regulatory context. Evidence Evaluation: Relies on quotes from analysts like Tom Harrington and Ben Barringer, offering insights but lacking empirical data or primary research, which limits robustness. Author Credibility: Sourced from BBC Entertainment, a credible outlet, yet the analysis depends on external experts rather than original investigative reporting. Methodology: Utilizes secondary reporting from industry analysts and regulatory updates, presenting a synthesized view without primary data collection. Critical Assessment: Strengths include balanced perspectives on pricing and competition; limitations involve insufficient evidence depth and speculative elements regarding long-term impacts."
  ],
  "perspectives": [
    {
      "perspective": "Regulatory perspective",
      "description": "Examines how government oversight and antitrust concerns could shape the deal's approval and implementation."
    }
  ],
  "image_url": "/article_images/article_e60d6901b7f1abcc_8cf076698a85.webp"
}