{
  "title": "Raducanu's Semi-Final Progression at Transylvania Open: A Analysis of Post-US Open Trajectory",
  "summary": "Emma Raducanu, the British top-seeded tennis player, advanced to the semi-finals of the Transylvania Open with a decisive 6-0, 6-4 win over Maja Chwalinska, ranked 146th globally. This achievement represents only her fourth semi-final appearance since her historic 2021 US Open victory, underscoring the challenges she has faced in replicating that success. Raducanu exhibited dominance in the first set, concluding it in 25 minutes without conceding a game, while Chwalinska mounted increased resistance in the second set. In post-match comments, Raducanu expressed contentment with her performance and pride in navigating moments of adversity, reflecting her psychological resilience. This result follows her recent separation from coach Francis Roig after a subpar Australian Open performance, indicating strategic adjustments in her career. Raducanu now aims for her first final since the US Open, facing Oleksandra Oliynykova in the semi-finals; Oliynykova secured her maiden top-50 victory against Wang Xinyu, saving 21 of 23 break points. Concurrently, Katie Boulter reached the Ostrava Open semi-finals by defeating Linda Fruhvirtova, marking a resurgence after coaching changes. The article contextualizes these developments within the broader WTA Tour, emphasizing themes of athlete adaptation, competitive milestones, and the impact of coaching dynamics on performance outcomes.",
  "keywords": [
    {
      "term": "semi-finals",
      "explanation": "a critical tournament stage where competitors vie for a place in the final, often influencing rankings and morale"
    },
    {
      "term": "Transylvania Open",
      "explanation": "a WTA 250 series tournament in Romania, part of the professional women's tennis circuit"
    },
    {
      "term": "US Open",
      "explanation": "a Grand Slam event where Raducanu achieved a breakthrough win, shaping her career trajectory"
    },
    {
      "term": "WTA Tour",
      "explanation": "the elite professional tennis organization for women, governing tournaments and player rankings"
    },
    {
      "term": "adversity",
      "explanation": "challenges faced during competition, such as opponent resistance or personal setbacks, requiring mental fortitude"
    },
    {
      "term": "coaching dynamics",
      "explanation": "the influence of coach-player relationships on athletic performance and strategic development"
    }
  ],
  "questions": [
    {
      "question": "What statistical detail highlights Raducanu's efficiency in the first set?",
      "options": [
        "she won 6-0 in 25 minutes",
        "she saved break points",
        "she hit 10 aces",
        "she made no errors"
      ],
      "correct_answer": "she won 6-0 in 25 minutes"
    },
    {
      "question": "How does Raducanu's semi-final count since the 2021 US Open reflect her career?",
      "options": [
        "shows consistent success",
        "indicates struggles with consistency",
        "proves she is the best player",
        "suggests she avoids tournaments"
      ],
      "correct_answer": "indicates struggles with consistency"
    },
    {
      "question": "What strategic change did Raducanu make prior to this tournament?",
      "options": [
        "hired a new fitness trainer",
        "split with coach Francis Roig",
        "changed her racket",
        "focused on doubles play"
      ],
      "correct_answer": "split with coach Francis Roig"
    },
    {
      "question": "How did Oleksandra Oliynykova perform in her match against Wang Xinyu?",
      "options": [
        "won easily 6-0, 6-0",
        "saved 21 of 23 break points",
        "lost in three sets",
        "retired due to injury"
      ],
      "correct_answer": "saved 21 of 23 break points"
    },
    {
      "question": "What broader theme does the article explore regarding tennis players?",
      "options": [
        "financial earnings",
        "adaptation and resilience after setbacks",
        "equipment technology",
        "tournament scheduling"
      ],
      "correct_answer": "adaptation and resilience after setbacks"
    },
    {
      "question": "Which tournament did Katie Boulter last reach a semi-final in before this article?",
      "options": [
        "Paris Challenger",
        "US Open",
        "Australian Open",
        "Washington Open"
      ],
      "correct_answer": "Paris Challenger"
    },
    {
      "question": "What is implied about Raducanu's mental game from her quotes?",
      "options": [
        "she lacks confidence",
        "she focuses on overcoming challenges",
        "she ignores adversity",
        "she prioritizes physical training"
      ],
      "correct_answer": "she focuses on overcoming challenges"
    },
    {
      "question": "How does the article assess the credibility of its information?",
      "options": [
        "through expert analysis",
        "by citing player rankings and match scores",
        "using anonymous sources",
        "relying on historical data"
      ],
      "correct_answer": "by citing player rankings and match scores"
    },
    {
      "question": "What methodological approach is used in reporting the match outcomes?",
      "options": [
        "statistical modeling",
        "direct observation and player interviews",
        "survey data",
        "theoretical analysis"
      ],
      "correct_answer": "direct observation and player interviews"
    },
    {
      "question": "What critical limitation might exist in the article's coverage?",
      "options": [
        "lack of player perspectives",
        "overemphasis on Raducanu's past success",
        "insufficient detail on opponent strategies",
        "bias towards British players"
      ],
      "correct_answer": "insufficient detail on opponent strategies"
    }
  ],
  "background_read": [
    "Emma Raducanu's 2021 US Open win as a qualifier was a landmark in tennis history, but her subsequent career has been marked by inconsistency and frequent coaching changes, reflecting the pressures of professional sports. The WTA Tour comprises various tournament tiers, with events like the Transylvania Open offering ranking points and exposure. Coaching dynamics significantly influence player performance, as seen with Raducanu's split from Francis Roig and Boulter's hire of Michael Joyce. This article situates individual match results within broader narratives of athlete resilience, career management, and the competitive landscape of women's tennis, drawing on credible sources like the BBC for factual reporting."
  ],
  "Article_Structure": [
    "Main Points: Details Raducanu's semi-final advancement at the Transylvania Open, her fourth since the 2021 US Open, and includes other players' progress, highlighting themes of resilience and coaching impacts. Purpose: To analyze post-success trajectories in tennis, providing context on player adaptations and tournament significance within the WTA Tour. Evidence Evaluation: Uses match scores, rankings, and direct quotes for reliability, but lacks deeper statistical or opponent analysis, limiting comprehensive assessment. Author Credibility: BBC Tennis provides authoritative sports journalism, though author-specific expertise is not disclosed, potentially affecting depth. Methodology: Employs standard sports reporting techniques: match result documentation and player interviews, offering factual accuracy but minimal investigative rigor. Critical Assessment: Strengths include clear factual reporting and thematic coherence; limitations involve superficial opponent analysis and potential bias toward highlighting British players' achievements."
  ],
  "perspectives": [
    {
      "perspective": "Career Trajectory Analysis",
      "description": "Examines Raducanu's challenges in maintaining elite performance post-US Open, considering coaching changes and psychological factors."
    }
  ],
  "image_url": "/article_images/article_2e558c735a476042_22884e5bf28f.webp"
}