{
  "title": "US Consumer Spending Slows in December: Economic Implications",
  "summary": "In December 2025, US retail sales remained unchanged from November, marking an unexpected slowdown during the holiday season and raising concerns about a potential economic downturn. This break from robust spending in previous months was influenced by factors such as a faltering labor market, persistent inflation, and cooling wage growth. The Commerce Department report highlighted declines in specific consumer categories, including furniture stores (down 0.9%) and clothing retailers (down 0.7%), though overall sales increased 2.4% year-over-year. Economists caution that this weakness might be temporary, noting that consumer spending accounts for over two-thirds of US economic activity. They point to possible rebounds driven by tax refunds, Federal Reserve interest rate cuts from the previous year, and stabilization in labor market conditions. The data, delayed due to a government shutdown, is part of broader economic releases that will help assess the economy's strength amid underlying weaknesses.",
  "keywords": [
    {
      "term": "retail sales",
      "explanation": "the total sales of goods by stores, indicating consumer spending levels"
    },
    {
      "term": "economic downturn",
      "explanation": "a period when the economy slows down, often with reduced spending and job losses"
    },
    {
      "term": "inflation",
      "explanation": "a general increase in prices that reduces the purchasing power of money"
    },
    {
      "term": "labor market",
      "explanation": "the availability of jobs and workers, affecting employment and wages"
    },
    {
      "term": "Federal Reserve",
      "explanation": "the central bank of the US that sets interest rates to influence the economy"
    }
  ],
  "questions": [
    {
      "question": "What was the trend in US retail sales in December 2025 compared to November?",
      "options": [
        "They were unchanged",
        "They increased by 0.6%",
        "They decreased by 0.9%",
        "They were not reported"
      ],
      "correct_answer": "They were unchanged"
    },
    {
      "question": "Which factors contributed to the slowdown in consumer spending according to the summary?",
      "options": [
        "Faltering labor market and inflation",
        "Increased wages and low prices",
        "Government shutdown only",
        "High consumer sentiment"
      ],
      "correct_answer": "Faltering labor market and inflation"
    },
    {
      "question": "How did sales at furniture stores change in December month-over-month?",
      "options": [
        "Fell 0.9%",
        "Rose 0.7%",
        "Stayed the same",
        "Fell 2.4%"
      ],
      "correct_answer": "Fell 0.9%"
    },
    {
      "question": "What percentage of US economic activity is accounted for by consumer spending?",
      "options": [
        "Over two-thirds",
        "About half",
        "Less than one-third",
        "Nearly all"
      ],
      "correct_answer": "Over two-thirds"
    },
    {
      "question": "Why was the December retail sales data delayed?",
      "options": [
        "Due to a government shutdown",
        "Because of holiday delays",
        "It was released early",
        "No reason given"
      ],
      "correct_answer": "Due to a government shutdown"
    },
    {
      "question": "What do economists suggest could help spending rebound?",
      "options": [
        "Tax refunds and stable labor market",
        "More inflation and job losses",
        "Higher interest rates",
        "Reduced consumer sentiment"
      ],
      "correct_answer": "Tax refunds and stable labor market"
    },
    {
      "question": "What was the year-over-year increase in retail sales for December?",
      "options": [
        "2.4%",
        "3.3%",
        "0.6%",
        "4.4%"
      ],
      "correct_answer": "2.4%"
    },
    {
      "question": "Which organization released the retail sales report?",
      "options": [
        "Commerce Department",
        "Federal Reserve",
        "Oxford Economics",
        "BBC Business"
      ],
      "correct_answer": "Commerce Department"
    }
  ],
  "background_read": [
    "Consumer spending is a critical component of the US economy, driving over two-thirds of economic activity. In recent years, spending has been robust despite concerns about inflation and job market fluctuations. The holiday season, particularly December, typically sees increased retail sales as people purchase gifts. However, in 2025, data showed a flat trend, influenced by economic factors like wage growth cooling and persistent inflation. This has led economists to debate whether it signals a broader slowdown or a temporary blip. Understanding these trends requires knowledge of how government reports, such as those from the Commerce Department, track spending and how central banks like the Federal Reserve use tools like interest rate cuts to stimulate the economy."
  ],
  "Article_Structure": [
    "The article analyzes US consumer spending in December 2025, highlighting an unexpected flat trend in retail sales that raises concerns about economic slowdown. Main points include the impact of a faltering labor market, inflation, and cooling wage growth, with specific declines in furniture and clothing sales. The purpose is to inform readers about potential economic weaknesses and assess whether the slowdown is temporary. Evidence evaluation shows reliance on government data from the Commerce Department, though delays due to a shutdown may affect timeliness. Author credibility is supported by sourcing from BBC Business and quotes from economists like Chris Zaccarelli and Michael Pearce. Methodology involves analyzing retail sales reports and economic indicators, with a critical assessment noting that while data suggests weakness, expert opinions indicate possible rebounds from tax refunds and labor market stabilization."
  ],
  "perspectives": [
    {
      "perspective": "Economists' optimistic view",
      "description": "Some economists, like Michael Pearce, believe the spending slowdown is temporary and expect a rebound due to factors like tax refunds and stable labor conditions."
    }
  ],
  "image_url": "/article_images/article_1b0bce5f4529077e_ae2ae866f81f.webp"
}