{
  "title": "Diplomatic and Economic Implications of BTS's Tour: Mexico's Presidential Appeal for Expanded Concerts",
  "summary": "In a notable intersection of entertainment and diplomacy, Mexico's President Claudia Sheinbaum has appealed to South Korean President Lee Jae Myung to augment the number of BTS concerts in Mexico, responding to overwhelming demand for the group's comeback tour after a four-year hiatus. BTS, a septet that dominates the global K-pop scene, is scheduled for three performances in Mexico City in May as part of a 79-date world tour, with tickets selling out in under 40 minutes amid competition from approximately one million young fans vying for 150,000 seats. This scarcity has exacerbated ticketing controversies, including allegations of dynamic pricing by Ticketmaster and exploitative resale practices on platforms like StubHub and Viagogo, leading to sanctions by Mexico's consumer watchdog for abusive conduct. Sheinbaum's intervention follows a report from local promoter Ocesa that the band's intensive itinerary precludes additional shows, yet she emphasizes BTS's profound popularity in Mexico, where Spotify data ranks it as the fifth-largest K-pop market globally with over 500% growth in streaming over five years. South Korean officials have remained silent on the matter, reflecting diplomatic caution. The tour, commencing in April in Goyang Stadium, South Korea, is projected by Billboard to yield over $1 billion in revenue from concerts, merchandise, and ancillary streams, underscoring the substantial economic stakes. This scenario illustrates broader themes of cultural globalization, consumer rights in digital marketplaces, and the role of state actors in mediating transnational entertainment flows.",
  "keywords": [
    {
      "term": "septet",
      "explanation": "a group of seven members, referring to BTS's lineup"
    },
    {
      "term": "exacerbated",
      "explanation": "made worse or more severe, as in ticketing issues intensified by high demand"
    },
    {
      "term": "exploitative practices",
      "explanation": "unfair actions that take advantage of others, such as reselling tickets at high prices"
    },
    {
      "term": "diplomatic caution",
      "explanation": "careful or reserved behavior by government officials to avoid controversy"
    },
    {
      "term": "cultural globalization",
      "explanation": "the spread of cultural elements like music across national borders, influencing societies worldwide"
    },
    {
      "term": "ancillary streams",
      "explanation": "additional sources of income related to a main activity, like merchandise sales from a tour"
    },
    {
      "term": "transnational flows",
      "explanation": "movements of goods, ideas, or people between countries, such as concert tours"
    },
    {
      "term": "state actors",
      "explanation": "government entities or officials involved in international affairs"
    },
    {
      "term": "digital marketplaces",
      "explanation": "online platforms where goods or services are bought and sold, like ticket resale sites"
    },
    {
      "term": "mediation",
      "explanation": "intervention to resolve disputes or facilitate agreements, as seen in Sheinbaum's request"
    }
  ],
  "questions": [
    {
      "question": "What prompted President Sheinbaum's appeal to South Korea?",
      "options": [
        "High demand and ticket scarcity",
        "A trade dispute",
        "Environmental concerns",
        "Military cooperation"
      ],
      "correct_answer": "High demand and ticket scarcity"
    },
    {
      "question": "How does the article describe BTS's impact on Mexico's music market?",
      "options": [
        "Fifth-largest K-pop market with 500% streaming growth",
        "Largest market globally",
        "Declining interest",
        "Minimal influence"
      ],
      "correct_answer": "Fifth-largest K-pop market with 500% streaming growth"
    },
    {
      "question": "What are the alleged issues with Ticketmaster and resale platforms?",
      "options": [
        "Dynamic pricing and abusive practices",
        "Technical failures",
        "Overbooking",
        "Copyright infringement"
      ],
      "correct_answer": "Dynamic pricing and abusive practices"
    },
    {
      "question": "Why might South Korean officials be cautious in responding to Sheinbaum's request?",
      "options": [
        "Diplomatic sensitivity and packed itinerary",
        "Lack of interest",
        "Budget constraints",
        "Political disagreements"
      ],
      "correct_answer": "Diplomatic sensitivity and packed itinerary"
    },
    {
      "question": "What is the projected economic outcome of BTS's tour according to Billboard?",
      "options": [
        "Over $1 billion in revenue",
        "About $500 million",
        "Losses due to high costs",
        "Not specified"
      ],
      "correct_answer": "Over $1 billion in revenue"
    },
    {
      "question": "How long was BTS's hiatus before this tour?",
      "options": [
        "Four years",
        "Two years",
        "One year",
        "Six months"
      ],
      "correct_answer": "Four years"
    },
    {
      "question": "What role does the local promoter Ocesa play in this scenario?",
      "options": [
        "Reported itinerary constraints",
        "Organized resale platforms",
        "Led the diplomatic appeal",
        "Set ticket prices"
      ],
      "correct_answer": "Reported itinerary constraints"
    },
    {
      "question": "What broader theme does the article highlight regarding entertainment?",
      "options": [
        "Cultural globalization and economic impact",
        "Technological innovation",
        "Environmental sustainability",
        "Historical preservation"
      ],
      "correct_answer": "Cultural globalization and economic impact"
    },
    {
      "question": "How have Mexico's consumer protection agencies responded to ticketing issues?",
      "options": [
        "Sanctioned resale platforms",
        "Ignored complaints",
        "Increased ticket prices",
        "Banned concerts"
      ],
      "correct_answer": "Sanctioned resale platforms"
    },
    {
      "question": "What does the term 'septet' refer to in the context of BTS?",
      "options": [
        "A group of seven members",
        "A type of concert venue",
        "A music genre",
        "A government department"
      ],
      "correct_answer": "A group of seven members"
    }
  ],
  "background_read": [
    "BTS, formed in 2013, has revolutionized K-pop's global reach through strategic social media use, philanthropic efforts, and music that addresses themes like mental health, contributing to their massive fanbase, ARMY. Their hiatus from group activities since 2022 involved members fulfilling mandatory military service in South Korea, a requirement for all able-bodied men, and pursuing solo endeavors, which has heightened anticipation for their reunion. The entertainment industry often grapples with ticketing ethics, including scalping and dynamic pricing, which can marginalize genuine fans. In international relations, cultural diplomacy leverages soft power—the ability to influence through attraction rather than coercion—as seen in South Korea's Hallyu wave. Mexico's engagement with K-pop reflects shifting demographic trends and digital consumption patterns, making this case a microcosm of larger economic and social dynamics in a globalized world."
  ],
  "Article_Structure": [
    "Main Points: Analyzes Mexico's presidential request for additional BTS concerts due to extreme demand, ticketing abuses, and the tour's economic significance. Purpose: To explore the diplomatic, economic, and cultural dimensions of a major entertainment event, highlighting issues in consumer protection and globalization. Evidence Evaluation: Critically assesses sources like Reuters, Spotify, and Billboard, noting their reliability but also gaps such as lack of direct South Korean commentary. Author Credibility: BBC Entertainment provides journalistic rigor, though the piece may prioritize sensational aspects over depth. Methodology: Synthesizes press releases, media reports, and industry data, employing a descriptive approach without primary research. Critical Assessment: Strengths include comprehensive coverage of multiple angles; limitations involve reliance on secondary sources and potential bias towards fan perspectives, overlooking broader geopolitical implications."
  ],
  "perspectives": [
    {
      "perspective": "Soft power dynamics",
      "description": "BTS's influence exemplifies South Korea's cultural soft power, affecting international relations and fan engagement globally."
    },
    {
      "perspective": "Market regulation",
      "description": "Ticketing controversies underscore the need for stricter oversight in digital economies to protect consumers from exploitation."
    },
    {
      "perspective": "Globalization effects",
      "description": "The case demonstrates how cultural products traverse borders, reshaping local markets and prompting state intervention in entertainment logistics."
    }
  ],
  "image_url": "/article_images/article_31a9615bcfa0ff28_930462e73098.webp"
}