{
  "title": "Legal and Political Implications of Texas's Redistricting Appeal to the Supreme Court",
  "summary": "Texas has petitioned the Supreme Court for an emergency order to implement a congressional redistricting plan that a federal judicial panel deemed likely racially discriminatory, aiming to secure Republican advantages in the 2026 elections. The state's request emphasizes the need to prevent electoral confusion as primaries approach in March, drawing on precedents where the Court intervened in Alabama and Louisiana. This redistricting effort, initiated under Trump's agenda to bolster GOP House majority, would add five Republican seats, but faced challenges from civil rights groups representing Black and Hispanic voters. If the Supreme Court denies the order, Texas may resort to the 2021 map, while the case intersects with broader legal scrutiny under the Voting Rights Act, including a pending Louisiana case that could restrict race-based districts. Nationally, redistricting battles in states like Missouri and North Carolina reflect deep partisan divisions, with California countering by adding Democratic seats, highlighting the ongoing struggle over electoral fairness and representation.",
  "keywords": [
    {
      "term": "emergency order",
      "explanation": "a judicial directive issued swiftly to address pressing legal matters, often in election contexts"
    },
    {
      "term": "racial discrimination",
      "explanation": "systemic unfair treatment based on race, prohibited in voting by federal law"
    },
    {
      "term": "judicial precedent",
      "explanation": "legal principles established by prior court decisions that influence future rulings"
    },
    {
      "term": "partisan gerrymandering",
      "explanation": "the manipulation of electoral boundaries to favor one political party"
    },
    {
      "term": "Voting Rights Act Section 2",
      "explanation": "a provision banning voting practices that discriminate based on race, color, or language minority status"
    },
    {
      "term": "congressional redistricting",
      "explanation": "the reallocation of House seats and redrawing of districts based on census data"
    },
    {
      "term": "civil litigation",
      "explanation": "legal proceedings initiated by individuals or groups to enforce rights or seek remedies"
    },
    {
      "term": "Supreme Court jurisprudence",
      "explanation": "the body of legal theory and decisions developed by the Supreme Court"
    },
    {
      "term": "electoral integrity",
      "explanation": "the fairness and accuracy of election processes, free from manipulation"
    },
    {
      "term": "federal judiciary",
      "explanation": "the system of courts that interpret and apply federal law, including district and appellate courts"
    },
    {
      "term": "racial bias",
      "explanation": "prejudice or inclination in decision-making that disadvantages certain racial groups"
    },
    {
      "term": "political strategy",
      "explanation": "planned actions by parties or governments to achieve electoral or policy goals"
    }
  ],
  "questions": [
    {
      "question": "What legal basis might the Supreme Court use to decide Texas's emergency request?",
      "options": [
        "Precedents from Alabama and Louisiana cases",
        "New legislation from Congress",
        "International law",
        "State constitutions only"
      ],
      "correct_answer": "Precedents from Alabama and Louisiana cases"
    },
    {
      "question": "How does the Texas redistricting plan align with Trump's political objectives?",
      "options": [
        "It aims to increase Republican House seats",
        "It supports Democratic candidates",
        "It eliminates racial considerations",
        "It focuses on state elections"
      ],
      "correct_answer": "It aims to increase Republican House seats"
    },
    {
      "question": "What is the significance of the judicial panel's 2-1 ruling in this case?",
      "options": [
        "It indicates a divided opinion on racial bias",
        "It unanimously supports the map",
        "It dismisses the case entirely",
        "It mandates immediate use of the map"
      ],
      "correct_answer": "It indicates a divided opinion on racial bias"
    },
    {
      "question": "How might the Louisiana case under Supreme Court review affect redistricting nationally?",
      "options": [
        "It could limit the use of race in drawing districts",
        "It would enforce new voting laws",
        "It supports all current maps",
        "It only applies to Louisiana"
      ],
      "correct_answer": "It could limit the use of race in drawing districts"
    },
    {
      "question": "What role do civil rights groups play in challenging the Texas map?",
      "options": [
        "They file lawsuits alleging racial discrimination",
        "They draft the redistricting plans",
        "They advocate for Republican interests",
        "They oversee election administration"
      ],
      "correct_answer": "They file lawsuits alleging racial discrimination"
    },
    {
      "question": "Why is the timing of the Supreme Court's decision critical for Texas?",
      "options": [
        "Primaries in March require settled maps to avoid confusion",
        "It affects the census schedule",
        "New laws must be passed by then",
        "Voter registration deadlines are imminent"
      ],
      "correct_answer": "Primaries in March require settled maps to avoid confusion"
    },
    {
      "question": "What broader political context is highlighted by redistricting in Missouri and North Carolina?",
      "options": [
        "National partisan battles over electoral maps",
        "Economic policies in those states",
        "Environmental regulations",
        "Healthcare reforms"
      ],
      "correct_answer": "National partisan battles over electoral maps"
    },
    {
      "question": "How does California's response to Republican redistricting illustrate counter-strategies?",
      "options": [
        "By adding Democratic seats through ballot initiatives",
        "By suing the federal government",
        "By adopting the same maps",
        "By ignoring the issue"
      ],
      "correct_answer": "By adding Democratic seats through ballot initiatives"
    },
    {
      "question": "What methodological approach did the Associated Press use in reporting this article?",
      "options": [
        "Fact-based reporting on legal and political events",
        "Opinion-driven analysis",
        "Original scientific research",
        "Fictional storytelling"
      ],
      "correct_answer": "Fact-based reporting on legal and political events"
    },
    {
      "question": "How might author credibility influence the perception of this article's reliability?",
      "options": [
        "AP reporters are trusted for accurate journalism",
        "They have no expertise in law",
        "They are biased towards one party",
        "They rely on anonymous sources only"
      ],
      "correct_answer": "AP reporters are trusted for accurate journalism"
    },
    {
      "question": "What are potential limitations in the evidence presented in the article?",
      "options": [
        "Lack of detailed data on racial impact studies",
        "Over-reliance on court documents",
        "Inclusion of speculative opinions",
        "Use of outdated information"
      ],
      "correct_answer": "Lack of detailed data on racial impact studies"
    },
    {
      "question": "How does this case reflect critical assessments of the Supreme Court's role in democracy?",
      "options": [
        "It shows the Court's power to shape electoral outcomes",
        "It demonstrates judicial avoidance of political issues",
        "It highlights state independence from federal oversight",
        "It focuses solely on economic factors"
      ],
      "correct_answer": "It shows the Court's power to shape electoral outcomes"
    }
  ],
  "background_read": [
    "Redistricting is a complex process mandated by the U.S. Constitution after each decennial census to reapportion House seats based on population shifts. It often involves gerrymandering, where districts are drawn to favor particular parties or racial groups, raising issues under the Voting Rights Act of 1965, which prohibits racial discrimination in voting. The Supreme Court has historically grappled with cases balancing states' rights against federal protections, as seen in Shelby County v. Holder (2013), which weakened preclearance requirements. Current debates include whether partisan gerrymandering is justiciable and how to address racial disparities. This article's context involves ongoing litigation in multiple states, reflecting deep ideological divides and the judiciary's critical role in safeguarding democratic principles. Understanding these elements requires knowledge of constitutional law, political science, and civil rights history."
  ],
  "Article_Structure": [
    "This in-depth analysis examines Texas's appeal to the Supreme Court over a redistricting map. Main Points: The state seeks emergency approval for a GOP-favoring map despite lower court findings of racial bias, emphasizing election timing and precedents. Purpose: To highlight legal and political stakes in redistricting, underscoring conflicts between electoral strategy and civil rights. Evidence Evaluation: The article cites court rulings and AP sources, which are generally reliable, but lacks granular data on demographic impacts, relying on judicial opinions that may have limitations in comprehensiveness. Author Credibility: Mark Sherman and David Lieb are seasoned journalists with AP, known for factual reporting, though potential biases in source selection could exist. Methodology: Based on event coverage and legal documents, using standard journalistic practices without primary research, which may omit nuanced statistical analyses. Critical Assessment: Strengths include timely reporting on a high-stakes issue, but weaknesses involve insufficient detail on the evidentiary basis for racial bias claims and the broader implications for voting rights jurisprudence."
  ],
  "perspectives": [
    {
      "perspective": "Texas state government",
      "description": "Advocates for the map to ensure electoral efficiency and political dominance, framing it as a matter of state autonomy"
    },
    {
      "perspective": "Federal judiciary",
      "description": "Views the case through lenses of constitutional law and anti-discrimination statutes, prioritizing equal protection"
    },
    {
      "perspective": "Civil rights organizations",
      "description": "Argue that the map perpetuates historical inequities and violates federal voting rights protections"
    },
    {
      "perspective": "Supreme Court",
      "description": "Balances legal precedents, emergency procedural needs, and potential impacts on national election integrity"
    },
    {
      "perspective": "Political analysts",
      "description": "Consider the redistricting as part of broader partisan strategies influencing congressional control and democratic norms"
    }
  ],
  "image_url": "/article_images/article_677e35fad0e73c42_e10c7192df20.webp"
}