{
  "title": "Analyzing the Surge in Early-Onset Colorectal Cancer: Etiological Factors and Mitigation Approaches",
  "summary": "The article discusses the alarming increase in colorectal cancer diagnoses among young adults, including individuals as young as 20, with the death of actor James Van Der Beek at age 48 underscoring the urgency. Sourced from The Conversation and featuring insights from gastrointestinal oncologist Christopher Lieu and cancer researcher Andrea Dwyer, it examines potential etiological factors behind this trend. While no single cause is identified, correlations are drawn with lifestyle determinants such as consumption of ultra-processed foods, red meat, and alcohol, alongside obesity, smoking, and physical inactivity. The gut microbiome is emphasized as a critical area of study; dysbiosis, or microbial imbalance, may induce chronic inflammation, thereby elevating cancer risk. Beyond genetics, which contributes to susceptibility, the focus is on modifiable risk factors. Recommendations for risk reduction include adopting a high-fiber diet, minimizing intake of processed and red meats, limiting alcohol, engaging in regular exercise, maintaining a healthy weight, and avoiding tobacco. This analysis underscores the complexity of early-onset colorectal cancer, advocating for public health initiatives and individual behavioral changes to counteract the rising incidence.",
  "keywords": [
    {
      "term": "etiological factors",
      "explanation": "underlying causes or origins of a disease, such as genetic or environmental influences"
    },
    {
      "term": "dysbiosis",
      "explanation": "a pathological imbalance in the gut microbiota associated with inflammation and disease risk"
    },
    {
      "term": "modifiable risk factors",
      "explanation": "lifestyle or environmental elements that can be altered to reduce disease probability"
    },
    {
      "term": "chronic inflammation",
      "explanation": "long-term immune response that can damage tissues and increase cancer susceptibility"
    },
    {
      "term": "public health initiatives",
      "explanation": "organized efforts to improve community health through education and policy"
    }
  ],
  "questions": [
    {
      "question": "What demographic shift is highlighted regarding colorectal cancer?",
      "options": [
        "Decrease in elderly cases",
        "Increase in young adult diagnoses",
        "Stable rates across all ages",
        "Only affecting children"
      ],
      "correct_answer": "B"
    },
    {
      "question": "Which expert perspective is included in the article?",
      "options": [
        "Political analysts",
        "Gastrointestinal oncologist and cancer researcher",
        "Celebrity chefs",
        "Sports coaches"
      ],
      "correct_answer": "B"
    },
    {
      "question": "What is dysbiosis and its potential impact?",
      "options": [
        "A balanced gut state with no effects",
        "Microbial imbalance leading to inflammation and cancer risk",
        "A type of exercise regimen",
        "A dietary supplement"
      ],
      "correct_answer": "B"
    },
    {
      "question": "How does the article characterize the evidence for lifestyle factors?",
      "options": [
        "As proven causes",
        "As correlations without definitive causation",
        "As irrelevant to cancer",
        "As only genetic in nature"
      ],
      "correct_answer": "B"
    },
    {
      "question": "What role does genetics play according to the article?",
      "options": [
        "It is the sole determinant of risk",
        "It contributes but modifiable factors are key",
        "It has no influence",
        "It only affects older adults"
      ],
      "correct_answer": "B"
    },
    {
      "question": "Which recommendation is NOT suggested for risk reduction?",
      "options": [
        "Increase fiber intake",
        "Limit alcohol consumption",
        "Smoke occasionally",
        "Exercise regularly"
      ],
      "correct_answer": "C"
    },
    {
      "question": "What is the significance of the gut microbiome in this context?",
      "options": [
        "It is unrelated to cancer",
        "It may mediate risk through inflammation",
        "It only affects digestion",
        "It is a fixed trait"
      ],
      "correct_answer": "B"
    },
    {
      "question": "How does the article address the cause of the trend?",
      "options": [
        "By providing a clear answer",
        "By noting it is multifactorial and not fully understood",
        "By blaming only diet",
        "By ignoring research"
      ],
      "correct_answer": "B"
    },
    {
      "question": "What broader implication does the article suggest?",
      "options": [
        "Only individual action is needed",
        "Public health efforts are important alongside personal changes",
        "No action is necessary",
        "It only affects celebrities"
      ],
      "correct_answer": "B"
    },
    {
      "question": "What methodological approach does the article use?",
      "options": [
        "Original laboratory experiments",
        "Expert analysis and synthesis of existing research",
        "Personal anecdotes only",
        "Fictional storytelling"
      ],
      "correct_answer": "B"
    }
  ],
  "background_read": [
    "Colorectal cancer, involving malignancies in the colon or rectum, represents a significant public health challenge, with shifting epidemiology showing increased incidence in younger populations. This trend contradicts historical patterns where it predominantly affected older adults, prompting investigations into etiological drivers such as dietary changes, sedentary behaviors, and environmental exposures. The gut microbiome has emerged as a key research focus, with dysbiosis linked to inflammatory pathways that may promote carcinogenesis. High school students should understand the interdisciplinary nature of this issue, encompassing biology, epidemiology, and health policy, to appreciate the importance of evidence-based prevention and the limitations of current knowledge in complex disease etiology."
  ],
  "Article_Structure": [
    "Main Points: The article details the rise in early-onset colorectal cancer, exploring associated lifestyle factors and gut microbiome dysbiosis as potential contributors, while emphasizing modifiable risks for prevention. Purpose: To raise awareness about this public health issue and disseminate expert recommendations for risk reduction in a broader societal context. Evidence Evaluation: Critically assesses correlations between lifestyle factors and cancer risk, noting the absence of causal proof, and relies on authoritative sources like medical experts, though it lacks primary data. Author Credibility: Authors possess relevant expertise in oncology and research, enhancing reliability, but potential biases from The Conversation's educational focus may simplify complex topics. Methodology: Utilizes secondary analysis of research and expert interviews, presented in an accessible format, which may limit depth but effectively communicates key messages. Critical Assessment: Strengths include clear presentation of risk factors and actionable advice, while limitations involve reliance on correlations and insufficient discussion of socioeconomic or global variations in the trend."
  ],
  "perspectives": [
    {
      "perspective": "Healthcare professionals",
      "description": "Advocate for preventive measures based on clinical and research insights to address rising cancer rates"
    }
  ],
  "image_url": "/article_images/article_61e08f29f0b8bacc_1908f5cce527.webp"
}