{
  "title": "Susan Boyle Feels Happy About Actor's Kind Words",
  "summary": "Susan Boyle, a singer from Scotland, was very happy when a famous actor named Timothée Chalamet said nice things about her. He called her one of his biggest British heroes. This happened because she sang a song on a TV show called Britain's Got Talent in 2009, and many people loved it. Susan said she felt flattered and humble. She thinks everyone should have big dreams. Timothée was talking about this while promoting his new movie. He also gave jackets to other famous people he admires. Susan became famous when she was on the show, and Timothée was 13 years old at that time. He still remembers her performance well.",
  "keywords": [
    {
      "term": "singer",
      "explanation": "a person who sings songs"
    },
    {
      "term": "actor",
      "explanation": "a person who acts in movies or shows"
    },
    {
      "term": "heroes",
      "explanation": "people you look up to and admire"
    },
    {
      "term": "performance",
      "explanation": "when someone sings or acts for others"
    },
    {
      "term": "dreams",
      "explanation": "things you hope for in the future"
    },
    {
      "term": "famous",
      "explanation": "well-known by many people"
    }
  ],
  "questions": [
    {
      "question": "Who said nice things about Susan Boyle?",
      "options": [
        "Timothée Chalamet",
        "Lewis Hamilton",
        "David Beckham",
        "Frank Ocean"
      ],
      "correct_answer": "Timothée Chalamet"
    },
    {
      "question": "What TV show did Susan Boyle sing on?",
      "options": [
        "America's Got Talent",
        "Britain's Got Talent",
        "The Voice",
        "X Factor"
      ],
      "correct_answer": "Britain's Got Talent"
    },
    {
      "question": "How did Susan Boyle feel about the praise?",
      "options": [
        "Angry",
        "Flattered and humble",
        "Sad",
        "Bored"
      ],
      "correct_answer": "Flattered and humble"
    },
    {
      "question": "What does Susan Boyle think everyone should do?",
      "options": [
        "Forget their dreams",
        "Dream big",
        "Stop singing",
        "Watch more TV"
      ],
      "correct_answer": "Dream big"
    },
    {
      "question": "How old was Timothée Chalamet when Susan Boyle became famous?",
      "options": [
        "10 years old",
        "13 years old",
        "20 years old",
        "5 years old"
      ],
      "correct_answer": "13 years old"
    },
    {
      "question": "What was Timothée Chalamet doing when he talked about Susan Boyle?",
      "options": [
        "Singing a song",
        "Promoting his new movie",
        "Playing sports",
        "Cooking dinner"
      ],
      "correct_answer": "Promoting his new movie"
    }
  ],
  "background_read": [
    "Susan Boyle is a singer from Scotland who became famous in 2009 after singing on Britain's Got Talent. Her performance surprised many people because she had a beautiful voice. Timothée Chalamet is a young actor from America who stars in movies. He was talking about his favorite British heroes for a news interview. This article shows how kind words can make people feel happy and inspired."
  ],
  "Article_Structure": [
    "WHO: Susan Boyle, a singer, and Timothée Chalamet, an actor",
    "WHAT: Timothée praised Susan as a hero, and she felt touched",
    "WHERE: This happened in an interview for BBC News",
    "WHY: To share a positive story about admiration and dreams"
  ],
  "perspectives": [
    {
      "perspective": "Susan Boyle's view",
      "description": "She feels grateful and encourages others to dream big."
    }
  ],
  "image_url": "/article_images/article_5ee0786384a7f61c_3cd476bf6a21.webp"
}