{
  "title": "Susan Boyle Responds to Timothée Chalamet's Admiration as a British Hero",
  "summary": "Scottish singer Susan Boyle expressed deep gratitude after Hollywood actor Timothée Chalamet named her as one of his greatest British heroes in a BBC News interview. Chalamet, promoting his new film Marty Supreme, highlighted Boyle's iconic 2009 Britain's Got Talent performance of 'I Dreamed A Dream,' which captivated audiences worldwide. He described her as someone who 'dreamt bigger than all of us,' referencing the viral moment that marked the early days of YouTube. In response, Boyle said she was 'very flattered' and humbled, reflecting on how that early experience continues to resonate. She emphasized the importance of dreaming big and wished Chalamet success in his own endeavors. The actor's praise is part of a broader campaign where he gifts branded jackets to cultural figures he admires, including others like Frank Ocean and Tom Brady. Boyle's rise to fame at age 47, contrasted with Chalamet being 13 at the time, underscores the lasting impact of her talent. This exchange highlights cross-generational admiration and the power of media in shaping public memory.",
  "keywords": [
    {
      "term": "gratitude",
      "explanation": "feeling thankful or appreciative"
    },
    {
      "term": "iconic",
      "explanation": "widely recognized and admired as a symbol"
    },
    {
      "term": "viral",
      "explanation": "spreading quickly online to many people"
    },
    {
      "term": "campaign",
      "explanation": "a series of activities to promote something"
    },
    {
      "term": "cross-generational",
      "explanation": "involving people from different age groups"
    },
    {
      "term": "public memory",
      "explanation": "how events are remembered by society"
    },
    {
      "term": "endeavors",
      "explanation": "efforts or projects someone works on"
    },
    {
      "term": "resonate",
      "explanation": "to have a lasting effect or meaning"
    }
  ],
  "questions": [
    {
      "question": "What did Timothée Chalamet call Susan Boyle in his interview?",
      "options": [
        "A great singer",
        "One of his greatest British heroes",
        "A movie star",
        "A sports champion"
      ],
      "correct_answer": "One of his greatest British heroes"
    },
    {
      "question": "Which song did Susan Boyle perform on Britain's Got Talent?",
      "options": [
        "I Dreamed A Dream",
        "Hello",
        "Shallow",
        "Bohemian Rhapsody"
      ],
      "correct_answer": "I Dreamed A Dream"
    },
    {
      "question": "How did Susan Boyle describe her feelings about Chalamet's praise?",
      "options": [
        "Angry and dismissive",
        "Very flattered and humble",
        "Indifferent and bored",
        "Confused and surprised"
      ],
      "correct_answer": "Very flattered and humble"
    },
    {
      "question": "What is Timothée Chalamet promoting during this interview?",
      "options": [
        "A new album",
        "His new film Marty Supreme",
        "A sports event",
        "A charity campaign"
      ],
      "correct_answer": "His new film Marty Supreme"
    },
    {
      "question": "What does Chalamet do for cultural figures he admires?",
      "options": [
        "Sends them letters",
        "Gifts them branded jackets",
        "Invites them to parties",
        "Makes movies with them"
      ],
      "correct_answer": "Gifts them branded jackets"
    },
    {
      "question": "How old was Timothée Chalamet when Susan Boyle became famous?",
      "options": [
        "10 years old",
        "13 years old",
        "18 years old",
        "25 years old"
      ],
      "correct_answer": "13 years old"
    },
    {
      "question": "What platform helped Boyle's performance go viral?",
      "options": [
        "Facebook",
        "YouTube",
        "Twitter",
        "Instagram"
      ],
      "correct_answer": "YouTube"
    },
    {
      "question": "What message does Susan Boyle emphasize in her response?",
      "options": [
        "Stop dreaming",
        "Dream big and have hope",
        "Focus only on fame",
        "Avoid social media"
      ],
      "correct_answer": "Dream big and have hope"
    }
  ],
  "background_read": [
    "Susan Boyle is a Scottish singer who gained international fame in 2009 after her audition on Britain's Got Talent, where she performed 'I Dreamed A Dream' from Les Misérables. Her performance went viral on YouTube, symbolizing a breakthrough moment in digital media. Timothée Chalamet is an American actor known for roles in films like 'Call Me by Your Name' and 'Dune.' He was interviewed by BBC News as part of promoting his latest project, Marty Supreme, where he discusses his admiration for various cultural icons. This article explores themes of celebrity admiration, the impact of viral moments, and how art transcends generations. It also touches on Chalamet's initiative to honor influencers with branded jackets, highlighting contemporary marketing strategies in entertainment."
  ],
  "Article_Structure": [
    "This 100-word analysis covers: Main Points: The article details Timothée Chalamet praising Susan Boyle as a British hero, her grateful response, and the context of his film promotion. Purpose: To showcase a positive cross-generational exchange and promote Chalamet's new movie while highlighting Boyle's enduring legacy. Evidence Evaluation: Relies on direct quotes from both individuals via BBC News, providing credible firsthand accounts, though limited to promotional interview content. Author Credibility: BBC Entertainment is a reputable source, but the article may have promotional bias. Methodology: Based on an interview with Chalamet and Boyle's public statement, using journalistic reporting without independent verification."
  ],
  "perspectives": [
    {
      "perspective": "Media and promotion view",
      "description": "The article serves as promotional content for Chalamet's film while celebrating Boyle's influence."
    }
  ],
  "image_url": "/article_images/article_5ee0786384a7f61c_3cd476bf6a21.webp"
}