{
  "title": "Discovery of a New Parasitic Mite Species on Spiders in Brazil",
  "summary": "Researchers at the Butantan Institute in São Paulo, Brazil, discovered a new species of parasitic mite on a small spider. Initially, the mite larvae appeared as a pearl necklace-like structure. Through detailed analysis using microscopy and scanning techniques, they identified it as Araneothrombium brasiliensis, the second spider-parasitic mite documented in Brazil and the first from its family in the country. The mites, about 500 micrometers long, attach to juvenile spiders and feed on lymph fluid through the pedicel, a vulnerable body region. The spiders were collected near caves in Pinheiral, Rio de Janeiro, similar to where another species was found earlier. This finding suggests the mite genus may be more widespread in neotropical regions than previously thought. The study, published in the International Journal of Acarology, involved collaboration between researchers funded by FAPESP, highlighting the importance of scientific exploration in biodiversity.",
  "keywords": [
    {
      "term": "Araneothrombium brasiliensis",
      "explanation": "the scientific name for the newly discovered mite species"
    },
    {
      "term": "parasitic mite",
      "explanation": "a type of mite that lives on and feeds from another organism, like a spider"
    },
    {
      "term": "lymph fluid",
      "explanation": "a bodily fluid in arthropods that mites extract for nutrition"
    },
    {
      "term": "pedicel",
      "explanation": "the narrow connection between a spider's cephalothorax and abdomen, targeted by mites"
    },
    {
      "term": "neotropical regions",
      "explanation": "ecological areas in Central and South America where this mite might be found"
    }
  ],
  "questions": [
    {
      "question": "What institution conducted the research on the spider and mites?",
      "options": [
        "Butantan Institute in São Paulo",
        "University of São Paulo",
        "FAPESP laboratory",
        "Zoological Collections Lab"
      ],
      "correct_answer": "Butantan Institute in São Paulo"
    },
    {
      "question": "What technique was used to analyze the mite larvae?",
      "options": [
        "Light microscopy and scanning",
        "DNA sequencing only",
        "Field observations",
        "Chemical testing"
      ],
      "correct_answer": "Light microscopy and scanning"
    },
    {
      "question": "What is the name of the newly identified mite species?",
      "options": [
        "Araneothrombium brasiliensis",
        "Charletonia rocciai",
        "Ricardo Bassini-Silva",
        "FAPESP mite"
      ],
      "correct_answer": "Araneothrombium brasiliensis"
    },
    {
      "question": "How does the mite feed on the spider?",
      "options": [
        "By extracting lymph fluid through the pedicel",
        "By eating spider silk",
        "By burrowing into the abdomen",
        "By sucking blood"
      ],
      "correct_answer": "By extracting lymph fluid through the pedicel"
    },
    {
      "question": "Where were the parasitized spiders collected?",
      "options": [
        "Pinheiral, Rio de Janeiro",
        "São Paulo city",
        "Costa Rica",
        "Amazon rainforest"
      ],
      "correct_answer": "Pinheiral, Rio de Janeiro"
    },
    {
      "question": "What does the discovery suggest about the mite genus?",
      "options": [
        "It may be more widespread in neotropical regions",
        "It is only found in Brazil",
        "It is extinct",
        "It does not parasitize spiders"
      ],
      "correct_answer": "It may be more widespread in neotropical regions"
    },
    {
      "question": "Who is a co-author of the study mentioned?",
      "options": [
        "Fernando de Castro Jacinavicius",
        "Ricardo Bassini-Silva only",
        "A local spider collector",
        "The Butantan Institute director"
      ],
      "correct_answer": "Fernando de Castro Jacinavicius"
    },
    {
      "question": "What stage of the mite has been identified so far?",
      "options": [
        "Larval stage",
        "Adult stage",
        "Egg stage",
        "All life stages"
      ],
      "correct_answer": "Larval stage"
    }
  ],
  "background_read": [
    "Parasitic mites are small arthropods that depend on hosts like spiders for survival. In Brazil, biodiversity research often uncovers new species, such as this mite found on spiders. Scientists use tools like microscopy to study tiny organisms. The Butantan Institute is a key research center in Brazil for zoological studies. Understanding parasite-host relationships helps in ecology and conservation efforts in neotropical ecosystems."
  ],
  "Article_Structure": [
    "Main Points: Researchers discovered a new parasitic mite species, Araneothrombium brasiliensis, on spiders in Brazil, using microscopy to confirm it as the second such mite in the country. Purpose: To document rare biodiversity and understand parasitic relationships in neotropical regions. Evidence Evaluation: Relies on morphological examinations and peer-reviewed publication, providing solid but limited to larval stage data. Author Credibility: Experts from Butantan Institute and University of São Paulo, with FAPESP funding, ensuring reliable research. Methodology: Involved light microscopy, scanning techniques, and specimen collection from field sites in Rio de Janeiro."
  ],
  "perspectives": [
    {
      "perspective": "Ecological significance",
      "description": "Highlights the importance of discovering new species for understanding ecosystem dynamics"
    }
  ],
  "image_url": "/article_images/article_2858c57e96ff9f55_0bf2d0abc1eb.webp"
}