{
  "title": "CRISPR Breakthrough: Epigenetic Editing Turns Genes On Without DNA Cutting",
  "summary": "Researchers at UNSW Sydney, in collaboration with St Jude Children's Research Hospital, have developed an innovative form of CRISPR technology that enables epigenetic editing to turn genes on without cutting DNA. This advancement addresses a long-standing debate in genetics about whether DNA methylation—chemical markers like methyl groups attached to DNA—merely indicates inactive genes or directly causes gene silencing. The study, published in Nature Communications, demonstrates that removing these methyl groups reactivates genes, and adding them back silences genes again, confirming methylation's active role in gene control. Unlike traditional CRISPR methods that cut DNA to edit genes, this epigenetic approach uses modified CRISPR to deliver enzymes that remove methyl groups, avoiding risks such as unintended mutations and cancer associated with DNA breaks. This technique could revolutionize gene therapy by offering safer treatments for genetic disorders like Sickle Cell Disease, where reactivating the fetal globin gene could compensate for defective adult globin genes. The research highlights the potential for non-invasive gene therapies that manipulate gene expression without altering the DNA sequence, paving the way for more effective and less risky medical interventions.",
  "keywords": [
    {
      "term": "epigenetic editing",
      "explanation": "a technique that changes gene activity by modifying chemical markers on DNA without altering the DNA sequence"
    },
    {
      "term": "DNA methylation",
      "explanation": "the process of adding methyl groups to DNA, which can turn genes off by silencing their expression"
    },
    {
      "term": "CRISPR technology",
      "explanation": "a gene-editing tool derived from bacterial defense systems, used to target specific DNA sequences for modification"
    },
    {
      "term": "gene therapy",
      "explanation": "medical treatments that correct faulty genes to cure or manage genetic diseases"
    },
    {
      "term": "Sickle Cell Disease",
      "explanation": "a genetic disorder causing misshapen red blood cells, leading to pain, organ damage, and reduced lifespan"
    }
  ],
  "questions": [
    {
      "question": "What does epigenetic editing modify to control genes?",
      "options": [
        "DNA sequence",
        "Chemical markers on DNA",
        "Cell membranes",
        "Protein structures"
      ],
      "correct_answer": "Chemical markers on DNA"
    },
    {
      "question": "How does this new CRISPR method differ from earlier versions?",
      "options": [
        "It cuts DNA more precisely",
        "It doesn't cut DNA",
        "It uses viruses",
        "It changes RNA"
      ],
      "correct_answer": "It doesn't cut DNA"
    },
    {
      "question": "What is the main risk avoided by not cutting DNA in gene therapy?",
      "options": [
        "Cancer",
        "Infection",
        "Allergies",
        "Fever"
      ],
      "correct_answer": "Cancer"
    },
    {
      "question": "Which gene is targeted to help treat Sickle Cell Disease?",
      "options": [
        "Fetal globin gene",
        "Adult globin gene",
        "Insulin gene",
        "Hemoglobin gene"
      ],
      "correct_answer": "Fetal globin gene"
    },
    {
      "question": "What did the study confirm about methyl groups?",
      "options": [
        "They are harmless byproducts",
        "They actively silence genes",
        "They make genes bigger",
        "They protect DNA"
      ],
      "correct_answer": "They actively silence genes"
    },
    {
      "question": "Where was the research published?",
      "options": [
        "Nature Communications",
        "Science Daily",
        "New York Times",
        "Journal of Biology"
      ],
      "correct_answer": "Nature Communications"
    },
    {
      "question": "What enzyme does the modified CRISPR system deliver?",
      "options": [
        "Enzymes that remove methyl groups",
        "Enzymes that cut DNA",
        "Enzymes that add methyl groups",
        "Enzymes that repair DNA"
      ],
      "correct_answer": "Enzymes that remove methyl groups"
    },
    {
      "question": "Why is this breakthrough significant for gene therapy?",
      "options": [
        "It makes treatments faster",
        "It reduces costs",
        "It increases safety by avoiding DNA cuts",
        "It uses less equipment"
      ],
      "correct_answer": "It increases safety by avoiding DNA cuts"
    }
  ],
  "background_read": [
    "Gene therapy involves correcting genetic defects to treat diseases, but traditional methods like early CRISPR tools cut DNA, which can lead to unintended mutations and increase cancer risk. DNA methylation is an epigenetic process where methyl groups attach to DNA, often silencing genes; for years, scientists debated whether this methylation causes gene suppression or just marks inactive regions. This research from UNSW Sydney and St Jude Children's Research Hospital resolves this debate by showing that removing methyl groups reactivates genes, proving their active role. The new epigenetic editing technique uses CRISPR to target these chemical markers without cutting DNA, offering a safer alternative for conditions like Sickle Cell Disease, where reactivating the fetal globin gene could alleviate symptoms by compensating for faulty adult globin genes. This advancement could transform medical treatments by enabling precise control over gene expression with minimal side effects."
  ],
  "Article_Structure": [
    "Main Points: The study demonstrates that DNA methylation actively silences genes, and a new CRISPR-based epigenetic editing method can turn genes on by removing methyl groups without cutting DNA, potentially revolutionizing gene therapy for diseases like Sickle Cell Disease. Purpose: To resolve the debate on methylation's role in gene control and develop safer gene therapies by avoiding DNA breaks that cause risks like cancer. Evidence Evaluation: High-quality evidence from controlled experiments showing gene reactivation upon methyl group removal and re-silencing upon re-addition, published in a reputable journal. Author Credibility: Researchers from UNSW Sydney and St Jude Children's Research Hospital, with expertise in genetics and gene editing, led by Professor Merlin Crossley. Methodology: Used modified CRISPR systems to deliver enzymes that remove methyl groups from DNA, conducting experiments to observe changes in gene activity in cell models."
  ],
  "perspectives": [
    {
      "perspective": "Technological innovation",
      "description": "This breakthrough represents a shift from DNA-cutting to epigenetic editing, enhancing safety and precision in genetic treatments."
    }
  ],
  "image_url": "/article_images/article_f2e0c19f163200a8_80185a8c1276.webp"
}