{
  "title": "Investigating the Role of Choline Deficiency in Early Neurodegenerative Risks Among Obese Young Adults",
  "summary": "A recent study conducted by researchers at Arizona State University, in collaboration with institutions such as the Banner Sun Health Research Institute and Mayo Clinic, reveals that obesity in young adults is associated with early biomarkers of neurodegeneration, notably linked to choline deficiency. The research identified elevated levels of inflammatory proteins, liver stress enzymes, and neurofilament light chain (NfL)—a protein indicative of neuronal injury—in participants with obesity, which correlated with reduced blood choline concentrations. Choline, an essential nutrient, plays a critical role in cell membrane integrity, inflammatory regulation, liver metabolism, and the synthesis of acetylcholine, a key neurotransmitter for cognitive functions. The findings suggest that insufficient choline intake, prevalent in populations like teenagers and young adults, may exacerbate metabolic dysfunction and predispose individuals to accelerated cognitive decline. This study, published in Aging and Disease, underscores the potential for dietary interventions, such as increasing choline-rich foods, to mitigate these early brain changes and reduce long-term risks of conditions like Alzheimer's disease.",
  "keywords": [
    {
      "term": "choline",
      "explanation": "an essential nutrient involved in phospholipid synthesis, methyl group metabolism, and acetylcholine production, critical for neurological and hepatic health"
    },
    {
      "term": "neurofilament light chain (NfL)",
      "explanation": "a cytoskeletal protein released upon axonal damage, serving as a sensitive biomarker for neurodegeneration in conditions like Alzheimer's disease"
    },
    {
      "term": "inflammation",
      "explanation": "a complex biological response to harmful stimuli, characterized by the release of cytokines and other mediators that can contribute to chronic diseases"
    },
    {
      "term": "obesity",
      "explanation": "a multifactorial condition defined by excessive adipose tissue accumulation, associated with increased risks of metabolic syndrome and cardiovascular diseases"
    },
    {
      "term": "metabolic dysfunction",
      "explanation": "a state of impaired metabolic processes, often involving insulin resistance, dyslipidemia, and elevated liver enzymes, leading to systemic health issues"
    },
    {
      "term": "neurodegeneration",
      "explanation": "the progressive loss of neuronal structure and function, underlying disorders such as Alzheimer's and Parkinson's diseases"
    },
    {
      "term": "acetylcholine",
      "explanation": "a neurotransmitter essential for memory, learning, and neuromuscular transmission, synthesized from choline via choline acetyltransferase"
    },
    {
      "term": "biomarkers",
      "explanation": "measurable biological indicators used to assess physiological states, disease risks, or responses to interventions"
    },
    {
      "term": "insulin resistance",
      "explanation": "a condition where cells fail to respond normally to insulin, leading to impaired glucose metabolism and increased diabetes risk"
    },
    {
      "term": "cognitive decline",
      "explanation": "the gradual worsening of cognitive abilities such as memory and reasoning, often associated with aging or neurodegenerative diseases"
    }
  ],
  "questions": [
    {
      "question": "What is the significance of elevated NfL levels in young adults with obesity?",
      "options": [
        "It indicates early neuronal damage",
        "It shows improved brain function",
        "It is unrelated to brain health",
        "It only affects the liver"
      ],
      "correct_answer": "A"
    },
    {
      "question": "How does choline deficiency relate to metabolic health in the study?",
      "options": [
        "It correlates with inflammation and insulin resistance",
        "It improves metabolic rates",
        "It has no effect on metabolism",
        "It only impacts weight"
      ],
      "correct_answer": "A"
    },
    {
      "question": "What role does acetylcholine play in the context of choline?",
      "options": [
        "It is a neurotransmitter produced from choline",
        "It is a type of fat stored in the body",
        "It is an enzyme that breaks down choline",
        "It is a hormone regulating appetite"
      ],
      "correct_answer": "A"
    },
    {
      "question": "Why might women in the study have lower choline levels?",
      "options": [
        "It could relate to higher rates of cognitive aging",
        "They eat more choline-rich foods",
        "It is due to genetic factors only",
        "It was not explained in the study"
      ],
      "correct_answer": "A"
    },
    {
      "question": "What methodology was used to assess choline levels and biomarkers?",
      "options": [
        "Blood level measurements and protein assays",
        "Interviews and surveys",
        "MRI scans only",
        "Dietary recalls alone"
      ],
      "correct_answer": "A"
    },
    {
      "question": "How does the study contribute to understanding Alzheimer's disease risk?",
      "options": [
        "By linking early biomarkers to long-term cognitive decline",
        "By proving choline cures Alzheimer's",
        "By focusing only on elderly populations",
        "By ignoring metabolic factors"
      ],
      "correct_answer": "A"
    },
    {
      "question": "What are the implications of national surveys on choline intake?",
      "options": [
        "They show many Americans, especially youth, are deficient",
        "They indicate excess choline consumption",
        "They are not relevant to the study",
        "They focus only on children"
      ],
      "correct_answer": "A"
    },
    {
      "question": "How does obesity influence brain biology according to the research?",
      "options": [
        "Through inflammation and early neuronal changes",
        "By enhancing cognitive abilities",
        "Only in older adults",
        "Solely via dietary habits"
      ],
      "correct_answer": "A"
    },
    {
      "question": "What critical assessment can be made of the study's limitations?",
      "options": [
        "It may not establish causality due to observational design",
        "It has no limitations",
        "It used unreliable biomarkers",
        "It only studied men"
      ],
      "correct_answer": "A"
    },
    {
      "question": "What is the broader purpose of this research?",
      "options": [
        "To advocate for nutritional strategies in preventing neurodegeneration",
        "To promote weight-loss drugs exclusively",
        "To criticize current dietary guidelines",
        "To focus only on animal studies"
      ],
      "correct_answer": "A"
    }
  ],
  "background_read": [
    "Choline is an essential nutrient classified as a water-soluble vitamin-like compound, crucial for synthesizing phosphatidylcholine in cell membranes, serving as a methyl donor in one-carbon metabolism, and producing acetylcholine for neurotransmission. Dietary sources include eggs, meat, and vegetables, with recommended intakes often unmet in populations like adolescents. Obesity is a global health epidemic associated with chronic low-grade inflammation, insulin resistance, and increased risk of neurodegenerative diseases. Biomarkers such as NfL are increasingly used in clinical research to detect early neurodegeneration, providing insights into preventive measures. This study builds on evidence that metabolic health and brain function are interlinked, highlighting the need for integrated approaches in public health nutrition."
  ],
  "Article_Structure": [
    "This article provides an in-depth analysis of a study on choline deficiency and its impact on brain health in obese young adults. Main Points detail the correlation between low choline levels and elevated biomarkers like NfL and inflammation, suggesting early neurodegeneration risks. Purpose is to elucidate how nutritional deficiencies exacerbate metabolic and cognitive decline, emphasizing preventive care. Evidence Evaluation critically assesses the use of blood biomarkers and correlation data, noting strengths in multi-institutional collaboration but limitations in establishing causation. Author Credibility is reinforced by affiliations with esteemed research centers, though potential biases in funding or focus are unaddressed. Methodology involved cross-sectional analysis of blood samples, employing assays for choline and proteins, with Critical Assessment highlighting the need for longitudinal studies to confirm causal relationships and address demographic variabilities."
  ],
  "perspectives": [
    {
      "perspective": "Scientific community",
      "description": "They view the findings as pivotal for understanding early-life factors in neurodegeneration, calling for more research on choline's protective mechanisms."
    },
    {
      "perspective": "Public health officials",
      "description": "They advocate for policy changes to increase choline awareness and intake, particularly in at-risk groups like young adults with obesity."
    }
  ],
  "image_url": "/article_images/article_af11a8b54ef62ba6_295c4f22b4ec.webp"
}