{
  "title": "Deconstructing Email Linguistics: Gender, Credibility, and Professional Advancement",
  "summary": "This article critically explores the intersection of linguistic patterns in workplace emails and their implications for professional credibility and career advancement. Drawing on expert analysis from careers coach Hannah Salton and etiquette coach William Hanson, it examines how habitual use of exclamation marks, unnecessary apologies, and emojis can subtly erode perceptions of competence and authority. A key focus is gender dynamics: citing a study from the Journal of Experimental Social Psychology, it reveals that women employ exclamation marks three times more frequently than men, often as a strategic response to gendered stereotypes that penalize directness with labels like 'bossy'. The article argues that these linguistic tendencies, while intended to convey approachability, may cumulatively signal insecurity or lack of gravitas, potentially hindering promotion opportunities. Emojis are critiqued for their ambiguity and infantile connotations, which can detract from a professional image. By advocating for precise language and a strong command of English, the piece underscores the importance of mindful communication in mitigating misreadings and fostering a credible workplace persona. It invites reflection on how digital communication norms perpetuate biases and offers strategies for aligning email practices with professional aspirations.",
  "keywords": [
    {
      "term": "linguistic patterns",
      "explanation": "recurring structures in language use, such as frequent exclamation marks or apologetic phrases, that shape communication"
    },
    {
      "term": "professional credibility",
      "explanation": "the extent to which an individual is perceived as trustworthy and competent in a work context, crucial for career growth"
    },
    {
      "term": "gender dynamics",
      "explanation": "the ways in which gender influences social interactions and perceptions, here affecting communication styles and judgments"
    },
    {
      "term": "gendered stereotypes",
      "explanation": "oversimplified beliefs about behaviors based on gender, such as women being seen as bossy for assertiveness"
    },
    {
      "term": "cumulative effect",
      "explanation": "the progressive impact of repeated linguistic habits over time, which can significantly alter professional image"
    },
    {
      "term": "ambiguity",
      "explanation": "lack of clarity or multiple interpretations, as with emojis that may be misunderstood in written communication"
    },
    {
      "term": "gravitas",
      "explanation": "seriousness and dignity in manner, often associated with leadership and authority in professional settings"
    },
    {
      "term": "digital communication norms",
      "explanation": "established practices and expectations for interacting online, which can reinforce or challenge biases"
    },
    {
      "term": "mindful communication",
      "explanation": "conscious and deliberate use of language to achieve desired outcomes and avoid misinterpretation"
    },
    {
      "term": "workplace persona",
      "explanation": "the image or identity one projects in professional environments, influenced by communication style"
    }
  ],
  "questions": [
    {
      "question": "How does the article link gender dynamics to the use of exclamation marks in emails?",
      "options": [
        "It suggests men use them more to show enthusiasm",
        "It argues women use them strategically to avoid being perceived as bossy due to gendered stereotypes",
        "It states there is no gender difference in usage",
        "It claims exclamation marks are irrelevant to gender"
      ],
      "correct_answer": "It argues women use them strategically to avoid being perceived as bossy due to gendered stereotypes"
    },
    {
      "question": "What is a critical limitation of using emojis in professional emails according to William Hanson?",
      "options": [
        "They always enhance clarity",
        "They can have infantile connotations and be misinterpreted, reducing perceived seniority",
        "They are required for all formal communication",
        "They make emails more engaging without downsides"
      ],
      "correct_answer": "They can have infantile connotations and be misinterpreted, reducing perceived seniority"
    },
    {
      "question": "What does the article suggest about the cumulative effect of linguistic habits on career advancement?",
      "options": [
        "It has no impact on promotions",
        "It can subtly hinder advancement by undermining credibility over time",
        "It always leads to faster career growth",
        "It is only relevant for entry-level positions"
      ],
      "correct_answer": "It can subtly hinder advancement by undermining credibility over time"
    },
    {
      "question": "Which journal published the study cited in the article regarding exclamation mark usage?",
      "options": [
        "Journal of Communication",
        "Journal of Experimental Social Psychology",
        "Journal of Business Ethics",
        "Journal of Linguistics"
      ],
      "correct_answer": "Journal of Experimental Social Psychology"
    },
    {
      "question": "How does Hannah Salton describe the potential impact of exclamation marks that appear fake?",
      "options": [
        "They improve email tone",
        "They could impact credibility",
        "They make communication more efficient",
        "They are always beneficial"
      ],
      "correct_answer": "They could impact credibility"
    },
    {
      "question": "What broader issue does the article address regarding written communication in the workplace?",
      "options": [
        "The decline of email usage",
        "Its susceptibility to misreading and the need for precise language",
        "The irrelevance of punctuation in digital age",
        "The superiority of verbal over written communication"
      ],
      "correct_answer": "Its susceptibility to misreading and the need for precise language"
    },
    {
      "question": "What strategy does the article recommend for enhancing professional email writing?",
      "options": [
        "Increasing the use of emojis and exclamation marks",
        "Adopting a vague and informal style",
        "Using words and a good command of English to ensure clarity",
        "Avoiding all forms of punctuation"
      ],
      "correct_answer": "Using words and a good command of English to ensure clarity"
    },
    {
      "question": "How does the article critique the use of apologies in emails?",
      "options": [
        "They are always necessary for politeness",
        "They can be unnecessary and signal insecurity, affecting professional image",
        "They have no effect on how one is perceived",
        "They are recommended by all experts"
      ],
      "correct_answer": "They can be unnecessary and signal insecurity, affecting professional image"
    },
    {
      "question": "What is the significance of the term 'workplace persona' in the context of this article?",
      "options": [
        "It refers to physical appearance at work",
        "It describes the image projected through communication style, influencing career opportunities",
        "It is unrelated to email habits",
        "It only applies to managerial roles"
      ],
      "correct_answer": "It describes the image projected through communication style, influencing career opportunities"
    },
    {
      "question": "What critical assessment does the article make about its own evidence?",
      "options": [
        "It relies solely on empirical data with no expert input",
        "It uses expert opinions and a cited study but may lack comprehensive statistical analysis",
        "It dismisses all previous research on the topic",
        "It provides definitive conclusions without any limitations"
      ],
      "correct_answer": "It uses expert opinions and a cited study but may lack comprehensive statistical analysis"
    }
  ],
  "background_read": [
    "This article provides an in-depth analysis of email communication within professional spheres, emphasizing how linguistic细微差别 can shape career trajectories. For high school students, it offers a lens into workplace sociology and gender studies, illustrating how digital interactions reflect broader social biases. The discussion integrates concepts from psychology, such as stereotype threat, where women may alter communication to avoid negative judgments, and from linguistics, examining how punctuation and symbols convey subtext. Understanding these dynamics is crucial for developing critical thinking about media and professional environments. The article encourages reflection on personal communication habits and their alignment with career goals, highlighting the importance of rhetorical skills in achieving success. It serves as a case study in the intersection of language, identity, and power in modern work settings."
  ],
  "Article_Structure": [
    "This article offers a nuanced examination of email linguistics and professional perception. Main Points: It details how exclamation marks, apologies, and emojis can undermine credibility, with a focus on gender disparities in usage. Purpose: To critique digital communication norms and advocate for mindful writing to combat biases and enhance career advancement. Evidence Evaluation: Cites a peer-reviewed study and expert insights, providing credible but anecdotal-rich evidence that highlights practical implications. Author Credibility: Features authoritative coaches, though lacks diverse academic perspectives. Methodology: Employs qualitative analysis of common practices, supported by expert commentary, without extensive quantitative data. Critical Assessment: Strengths include raising awareness of gendered communication issues; limitations involve reliance on subjective opinions and limited empirical scope, suggesting need for further research."
  ],
  "perspectives": [
    {
      "perspective": "Critical linguistics",
      "description": "Analyzes how email language perpetuates social hierarchies and biases, particularly gender stereotypes, affecting professional equity and advancement."
    }
  ],
  "image_url": "/article_images/article_26264316bad4c7ed_0656ba068f8c.webp"
}