{
  "title": "The Legacy of Robert Carradine: Mental Health, Stigma, and Celebrity Influence",
  "summary": "Robert Carradine, an esteemed US actor renowned for his iconic roles in Revenge of the Nerds and Lizzie McGuire, has died at age 71, with his family revealing that his death was by suicide following a nearly two-decade struggle with bipolar disorder. This disclosure is positioned as a strategic move to confront and diminish the pervasive stigma attached to mental illness, as articulated by his brother Keith, who emphasized the absence of shame in such discussions. The article delves into Carradine's extensive career, tracing his origins in an acting dynasty—son of John Carradine and brother to David and Keith Carradine—and his debut in the 1972 film The Cowboys. His filmography includes collaborations with directors like Martin Scorsese and Quentin Tarantino, yet he is most culturally significant for his comedic portrayal in Revenge of the Nerds and his paternal role in Lizzie McGuire, which endeared him to multiple generations. Hilary Duff's heartfelt tribute on Instagram underscores the personal impact of his on-screen presence, describing him as a caring figure and expressing grief over his suffering. Carradine's family memorializes him as a beloved relative and a beacon of light, framing his battle as valiant and advocating for increased mental health awareness. This narrative not only commemorates his artistic contributions but also engages with broader societal issues, using his celebrity status to amplify conversations about mental health stigma and the importance of supportive discourse.",
  "keywords": [
    {
      "term": "bipolar disorder",
      "explanation": "a complex mental health disorder characterized by alternating episodes of depression and mania, often requiring long-term management"
    },
    {
      "term": "stigma",
      "explanation": "a social construct that devalues individuals based on perceived differences, particularly in the context of mental health, leading to discrimination and silence"
    },
    {
      "term": "suicide",
      "explanation": "a tragic outcome often associated with untreated mental health conditions, highlighting systemic issues in healthcare and social support"
    },
    {
      "term": "acting dynasty",
      "explanation": "a familial lineage in the performing arts, influencing career trajectories and public perception within the entertainment industry"
    },
    {
      "term": "mental health advocacy",
      "explanation": "organized efforts to promote understanding, reduce stigma, and improve resources for mental health conditions through public discourse and policy"
    },
    {
      "term": "celebrity influence",
      "explanation": "the power of public figures to shape societal attitudes and behaviors, particularly in raising awareness about social issues"
    },
    {
      "term": "filmography",
      "explanation": "the complete list of movies and television shows an actor has appeared in, reflecting their career evolution and artistic range"
    },
    {
      "term": "societal discourse",
      "explanation": "the collective conversation and debate within society about key issues, such as mental health, influenced by media and public figures"
    }
  ],
  "questions": [
    {
      "question": "What strategic purpose did Carradine's family have in disclosing his cause of death?",
      "options": [
        "To combat mental illness stigma and encourage open dialogue",
        "To secure posthumous awards",
        "To criticize the entertainment industry",
        "To avoid legal issues"
      ],
      "correct_answer": "To combat mental illness stigma and encourage open dialogue"
    },
    {
      "question": "How does the article contextualize Carradine's career within his family background?",
      "options": [
        "As part of an acting dynasty with John, David, and Keith Carradine",
        "As a self-made actor with no family connections",
        "As a newcomer who overshadowed his family",
        "As a director rather than an actor"
      ],
      "correct_answer": "As part of an acting dynasty with John, David, and Keith Carradine"
    },
    {
      "question": "What role did Hilary Duff's tribute play in the article's narrative?",
      "options": [
        "It personalized Carradine's impact and highlighted his caring nature",
        "It focused solely on his acting techniques",
        "It criticized his mental health struggles",
        "It promoted her own career"
      ],
      "correct_answer": "It personalized Carradine's impact and highlighted his caring nature"
    },
    {
      "question": "Which director did Carradine NOT work with according to the article?",
      "options": [
        "Steven Spielberg",
        "Martin Scorsese",
        "Quentin Tarantino",
        "John Wayne"
      ],
      "correct_answer": "Steven Spielberg"
    },
    {
      "question": "What is implied about the societal response to mental illness in the article?",
      "options": [
        "Stigma often prevents open discussion and support",
        "It is universally accepted and well-funded",
        "Only celebrities face such issues",
        "It has no impact on suicide rates"
      ],
      "correct_answer": "Stigma often prevents open discussion and support"
    },
    {
      "question": "How does the article evaluate the evidence from Carradine's family?",
      "options": [
        "As credible and emotionally resonant, directly from primary sources",
        "As biased and unreliable",
        "As purely anecdotal with no factual basis",
        "As secondary and unverified"
      ],
      "correct_answer": "As credible and emotionally resonant, directly from primary sources"
    },
    {
      "question": "What broader theme does Carradine's story illustrate about celebrity culture?",
      "options": [
        "Celebrities can leverage their platform for social advocacy",
        "Celebrities are immune to mental health issues",
        "Celebrity deaths are always kept private",
        "Celebrity influence is declining in modern media"
      ],
      "correct_answer": "Celebrities can leverage their platform for social advocacy"
    },
    {
      "question": "Which film is highlighted as Carradine's most culturally significant work?",
      "options": [
        "Revenge of the Nerds",
        "Mean Streets",
        "Coming Home",
        "Django Unchained"
      ],
      "correct_answer": "Revenge of the Nerds"
    },
    {
      "question": "What does the term 'valiant struggle' refer to in the family's statement?",
      "options": [
        "Carradine's long battle with bipolar disorder",
        "His efforts in acting roles",
        "His family's legal battles",
        "His financial challenges"
      ],
      "correct_answer": "Carradine's long battle with bipolar disorder"
    },
    {
      "question": "How does the article address the methodology of gathering information?",
      "options": [
        "By citing family statements, social media posts, and career data",
        "By relying solely on anonymous sources",
        "By conducting original interviews not mentioned",
        "By using speculative analysis without sources"
      ],
      "correct_answer": "By citing family statements, social media posts, and career data"
    }
  ],
  "background_read": [
    "Robert Carradine (1954-2024) was a key figure in American cinema and television, emerging from the Carradine acting family, which includes patriarch John Carradine and siblings David and Keith. His career spanned over five decades, with breakthrough roles in the 1980s that cemented his place in pop culture. Bipolar disorder, a condition he battled, is a serious mental illness involving cyclic mood disturbances, and its stigma remains a significant public health challenge, often exacerbated by media portrayals and societal silence. This article situates Carradine's death within ongoing debates about mental health awareness, exploring how celebrity narratives can influence public discourse and policy, while also critiquing the entertainment industry's role in shaping perceptions of mental health."
  ],
  "Article_Structure": [
    "Main Points: The article details Robert Carradine's death by suicide after a prolonged struggle with bipolar disorder, his family's advocacy to reduce mental illness stigma, and tributes from co-stars like Hilary Duff, while contextualizing his career within an acting dynasty and broader societal issues. Purpose: To memorialize Carradine's legacy, analyze the intersection of celebrity and mental health advocacy, and stimulate critical reflection on stigma and support systems. Evidence Evaluation: Sources include direct family statements and social media tributes, offering credible, firsthand accounts, though the article lacks independent verification of medical details, relying on emotional narratives. Author Credibility: BBC News provides reputable journalism, but the absence of author attribution limits assessment of specific expertise in mental health or entertainment. Methodology: Information is compiled from public statements, historical records, and social media, employing a narrative approach that blends obituary with social commentary, though it may prioritize emotional impact over rigorous analysis. Critical Assessment: Strengths lie in humanizing mental health struggles and leveraging celebrity influence for awareness; limitations include potential oversimplification of complex issues and reliance on limited perspectives without broader expert input."
  ],
  "perspectives": [
    {
      "perspective": "Mental Health Advocacy",
      "description": "Focuses on how Carradine's death is used as a platform to challenge stigma and promote mental health discourse, emphasizing family and celebrity roles in advocacy."
    },
    {
      "perspective": "Cultural Analysis",
      "description": "Examines Carradine's career within Hollywood history and the impact of his roles on generational audiences, considering how media shapes public memory and social issues."
    }
  ],
  "image_url": "/article_images/article_90be070134ce2b16_a80a6a4d95b2.webp"
}