{
  "title": "Infrastructure Aging and Socioeconomic Implications: A Critical Analysis of Roadworks in the UK",
  "summary": "The article examines the escalating prevalence of roadworks across the UK, driven by ageing infrastructure constructed predominantly in the 1960s and 1970s. National Highways forecasts increased disruptions in England as roads approach the end of their serviceable life, with similar trends potentially affecting Wales, Scotland, and Northern Ireland. Through qualitative accounts, such as HGV driver Brett Baines' observations of prolonged works and Clanfield resident David's criticisms of poor coordination, the piece highlights public frustration and economic ramifications, including a £4bn cost from 2.2 million works in 2022-2023. It delves into the dichotomy between essential maintenance, exemplified by SGN's gas pipe replacement, and the socioeconomic costs of travel delays. By questioning whether the balance between infrastructure improvement and disruption is optimal, the article critiques broader implications for state perception and economic efficiency, utilizing a blend of anecdotal evidence and official data to underscore systemic challenges in infrastructure management.",
  "keywords": [
    {
      "term": "serviceable life",
      "explanation": "the operational lifespan of infrastructure before degradation necessitates repair or replacement"
    },
    {
      "term": "socioeconomic costs",
      "explanation": "financial and social impacts, such as lost productivity and public discontent from infrastructure disruptions"
    },
    {
      "term": "qualitative accounts",
      "explanation": "descriptive evidence based on personal experiences or observations, rather than numerical data"
    },
    {
      "term": "infrastructure management",
      "explanation": "the planning and execution of maintenance and upgrades for public systems like roads and utilities"
    },
    {
      "term": "systemic challenges",
      "explanation": "underlying issues within a system, such as poor coordination or funding gaps in public works"
    }
  ],
  "questions": [
    {
      "question": "What historical period does the article identify as key for UK road construction?",
      "options": [
        "1960s and 1970s",
        "1980s and 1990s",
        "Early 2000s",
        "Post-World War II era"
      ],
      "correct_answer": "1960s and 1970s"
    },
    {
      "question": "Which organization is cited for predicting more roadworks in England?",
      "options": [
        "National Highways",
        "Welsh Government",
        "SGN",
        "Department for Transport"
      ],
      "correct_answer": "National Highways"
    },
    {
      "question": "What is the estimated economic cost of roadworks in England from 2022-2023?",
      "options": [
        "Approximately £4bn",
        "Approximately £2bn",
        "Approximately £6bn",
        "Not quantified in the article"
      ],
      "correct_answer": "Approximately £4bn"
    },
    {
      "question": "What type of evidence does the article use to illustrate public frustration?",
      "options": [
        "Anecdotal accounts from drivers and residents",
        "Statistical models only",
        "Government reports exclusively",
        "International comparisons"
      ],
      "correct_answer": "Anecdotal accounts from drivers and residents"
    },
    {
      "question": "What project is SGN undertaking in southern England?",
      "options": [
        "Replacing 10 miles of ageing gas pipework",
        "Building new motorways",
        "Installing smart traffic systems",
        "Conducting environmental assessments"
      ],
      "correct_answer": "Replacing 10 miles of ageing gas pipework"
    },
    {
      "question": "How does the article characterize the balance in infrastructure projects?",
      "options": [
        "Between benefits of upgrades and costs of disruption",
        "Between public and private sector roles",
        "Between urban and rural areas",
        "Between short-term and long-term goals"
      ],
      "correct_answer": "Between benefits of upgrades and costs of disruption"
    },
    {
      "question": "What broader implication does the article suggest roadworks have?",
      "options": [
        "Shaping public opinion of state efficiency",
        "Reducing car ownership rates",
        "Increasing fuel efficiency",
        "Promoting alternative transport"
      ],
      "correct_answer": "Shaping public opinion of state efficiency"
    },
    {
      "question": "What methodology is primarily employed in the article?",
      "options": [
        "Combination of firsthand narratives and official data",
        "Experimental research",
        "Theoretical analysis only",
        "Cross-national surveys"
      ],
      "correct_answer": "Combination of firsthand narratives and official data"
    },
    {
      "question": "What limitation does the article acknowledge regarding UK-wide data?",
      "options": [
        "Unclear predictions for Wales, Scotland, and Northern Ireland",
        "Lack of historical context",
        "Over-reliance on quantitative data",
        "Insufficient expert commentary"
      ],
      "correct_answer": "Unclear predictions for Wales, Scotland, and Northern Ireland"
    },
    {
      "question": "What critical assessment does the article imply about infrastructure management?",
      "options": [
        "Challenges in coordination and long-term planning",
        "Excessive funding allocations",
        "Overemphasis on new construction",
        "Lack of public involvement"
      ],
      "correct_answer": "Challenges in coordination and long-term planning"
    }
  ],
  "background_read": [
    "Roadworks in the UK are a critical issue due to ageing infrastructure from the mid-20th century, requiring extensive repairs and upgrades. This involves complex management by agencies like National Highways and utility companies, with significant socioeconomic costs from travel disruptions. The article uses a mixed-methods approach, incorporating qualitative insights from affected individuals and quantitative data from government sources, to explore the tension between necessary maintenance and public inconvenience. Understanding this context involves examining historical construction trends, economic impacts, and systemic inefficiencies, providing a foundation for analyzing broader implications on governance and economic productivity in contemporary society."
  ],
  "Article_Structure": [
    "This in-depth analysis covers the main points of ageing UK infrastructure necessitating increased roadworks, with predictions from National Highways and economic costs of £4bn. The purpose is to critically assess the balance between infrastructure benefits and disruption, exploring broader implications for state perception. Evidence evaluation includes credible firsthand accounts and official DfT data, though reliance on anecdotes may limit objectivity. Author credibility stems from BBC reporting, but potential bias towards public frustration is noted. Methodology combines narrative storytelling with statistical reporting, offering a nuanced view but lacking comprehensive regional data. Critical assessment highlights strengths in highlighting systemic challenges and weaknesses in limited empirical depth, urging consideration of long-term planning solutions."
  ],
  "perspectives": [
    {
      "perspective": "Infrastructure policy perspective",
      "description": "Focuses on the need for strategic upgrades to ageing systems, balancing immediate disruptions with long-term safety and efficiency gains."
    },
    {
      "perspective": "Public sociology perspective",
      "description": "Examines how roadworks influence daily interactions with the state, shaping societal trust and perceptions of governmental effectiveness."
    }
  ],
  "image_url": "/article_images/article_e8fafdb1c6a99ccb_982f22c1c4c7.webp"
}