{
  "title": "Constitutional and Ethical Implications of Sign Language Interpretation in Presidential Communications",
  "summary": "The Trump administration's legal defense against providing American Sign Language interpretation at White House events, such as press briefings, raises complex issues regarding presidential image management versus disability accessibility. In a lawsuit filed by the National Association for the Deaf, the administration contends that mandating real-time ASL services would severely intrude on the President's prerogative to control his public image, a stance embedded within broader efforts to dismantle diversity, equity, and inclusion policies. The Department of Justice argues that alternatives like online transcripts and closed captioning suffice, and logistical challenges arise during spontaneous press interactions. Conversely, the NAD asserts that the cessation of interpretation denies deaf Americans meaningful access to critical real-time communications, impacting civic engagement. A federal judge recently issued a preliminary injunction requiring the White House to provide interpreting, but the administration's appeal underscores ongoing legal and ethical debates. This case intersects with constitutional questions about executive authority, the Americans with Disabilities Act, and the role of inclusive practices in democratic governance, set against a backdrop of political shifts in Washington.",
  "keywords": [
    {
      "term": "prerogative",
      "explanation": "an exclusive right or power vested in a particular individual or office, often used in contexts of executive authority"
    },
    {
      "term": "preliminary injunction",
      "explanation": "a judicial order issued early in a lawsuit to maintain the status quo or prevent irreparable harm pending a final decision"
    },
    {
      "term": "civic engagement",
      "explanation": "the participation of citizens in political and community activities, essential for a functioning democracy"
    },
    {
      "term": "Americans with Disabilities Act",
      "explanation": "a federal law prohibiting discrimination based on disability and ensuring equal access to public services"
    },
    {
      "term": "executive authority",
      "explanation": "the powers vested in the President to manage the executive branch and implement laws"
    }
  ],
  "questions": [
    {
      "question": "What constitutional issue is central to the Trump administration's argument against ASL interpretation?",
      "options": [
        "First Amendment rights",
        "Presidential prerogative to control image",
        "Equal Protection Clause",
        "Commerce Clause"
      ],
      "correct_answer": "Presidential prerogative to control image"
    },
    {
      "question": "How does the NAD frame the lack of ASL interpretation in terms of civic rights?",
      "options": [
        "As a minor inconvenience",
        "As denying meaningful access to real-time communications",
        "As a cost-saving measure",
        "As a technical issue"
      ],
      "correct_answer": "As denying meaningful access to real-time communications"
    },
    {
      "question": "What broader policy trend does the article link to the administration's stance on ASL?",
      "options": [
        "Expansion of healthcare",
        "Rollback of diversity, equity, and inclusion programs",
        "Increased military spending",
        "Promotion of renewable energy"
      ],
      "correct_answer": "Rollback of diversity, equity, and inclusion programs"
    },
    {
      "question": "What legal mechanism did the federal judge use to address the NAD's request?",
      "options": [
        "A final ruling",
        "A preliminary injunction",
        "A dismissal",
        "A settlement"
      ],
      "correct_answer": "A preliminary injunction"
    },
    {
      "question": "How does the administration justify its position on accessibility alternatives?",
      "options": [
        "By claiming ASL is outdated",
        "By arguing online transcripts and closed captioning are adequate",
        "By stating deaf people prefer written text",
        "By citing lack of interpreter training"
      ],
      "correct_answer": "By arguing online transcripts and closed captioning are adequate"
    },
    {
      "question": "What logistical argument does the administration make regarding ASL interpretation?",
      "options": [
        "It is always easy to arrange",
        "It could be challenging during spontaneous events",
        "It requires congressional approval",
        "It interferes with security protocols"
      ],
      "correct_answer": "It could be challenging during spontaneous events"
    },
    {
      "question": "What role does Gallaudet University play in the context of this lawsuit?",
      "options": [
        "It is a plaintiff in the case",
        "It provides a pool of trained ASL interpreters in Washington",
        "It supports the administration's legal arguments",
        "It conducts research on deaf education"
      ],
      "correct_answer": "It provides a pool of trained ASL interpreters in Washington"
    },
    {
      "question": "How has the administration responded to the judge's injunction?",
      "options": [
        "By complying immediately",
        "By appealing the ruling",
        "By negotiating with the NAD",
        "By issuing an executive order"
      ],
      "correct_answer": "By appealing the ruling"
    },
    {
      "question": "What ethical dilemma is highlighted by this case?",
      "options": [
        "Balancing presidential image control with disability access rights",
        "Choosing between economic growth and environmental protection",
        "Deciding on military intervention",
        "Managing international trade disputes"
      ],
      "correct_answer": "Balancing presidential image control with disability access rights"
    },
    {
      "question": "What potential bias might exist in the article's sourcing?",
      "options": [
        "Over-reliance on administration statements",
        "Emphasis on advocacy perspectives from the NAD",
        "Exclusion of legal precedents",
        "Use of unofficial leaks"
      ],
      "correct_answer": "Emphasis on advocacy perspectives from the NAD"
    }
  ],
  "background_read": [
    "This article examines a high-stakes legal dispute between the Trump administration and the National Association for the Deaf over the provision of American Sign Language interpretation at White House events. Key background includes understanding the Americans with Disabilities Act, which mandates accessibility, and constitutional principles of executive authority. The case arises amidst political efforts to reverse DEI policies, reflecting broader societal debates on inclusion. Knowledge of legal terms like preliminary injunctions and prerogatives is essential, as is an awareness of how media and image management intersect with disability rights. This analysis requires critical thinking about the balance between governmental control and equitable access in a democratic framework."
  ],
  "Article_Structure": [
    "This article provides an in-depth analysis of a lawsuit where the Trump administration resists American Sign Language interpretation to preserve presidential image control. Main points include legal arguments from both sides, the judge's injunction, and the appeal process. The purpose is to explore constitutional and ethical tensions between executive prerogatives and disability accessibility. Evidence evaluation notes reliance on court filings and official statements, but lacks counterarguments from independent experts. Author credibility is bolstered by PBS and AP sourcing, yet potential bias may favor advocacy narratives. Methodology involves reporting on legal documents and public comments, offering a factual but limited perspective. Critical assessment highlights the article's strength in detailing legal stakes but weaknesses in exploring deeper implications of ADA compliance and long-term accessibility norms."
  ],
  "perspectives": [
    {
      "perspective": "Legal-executive perspective",
      "description": "Focuses on presidential prerogatives and image management as justification for limiting ASL interpretation."
    },
    {
      "perspective": "Disability rights perspective",
      "description": "Advocates for ASL interpretation as a fundamental right under the ADA, essential for inclusive democratic participation."
    }
  ],
  "image_url": "/article_images/article_fba38b521566fa1c_a55e156644cc.webp"
}