{
  "title": "Legal Battle Over Sign Language Access at White House Events",
  "summary": "The Trump administration is engaged in a lawsuit with the National Association for the Deaf, arguing that mandating American Sign Language interpretation for events like White House press briefings would severely intrude on the President's prerogative to control his public image. This stance is part of broader efforts to roll back diversity, equity, and inclusion policies. The administration contends that alternatives such as online transcripts and closed captioning adequately serve the deaf and hard-of-hearing community, and that providing interpreters could be logistically challenging during spontaneous press interactions. In response, the NAD sued, claiming the cessation of ASL interpretation denies meaningful access to real-time communications on national issues. A federal judge recently ordered the White House to provide real-time interpreting, but the administration has appealed, leading to ongoing disputes over service requirements. The case highlights tensions between presidential image management and accessibility rights, set against a backdrop of policy shifts in Washington.",
  "keywords": [
    {
      "term": "prerogative",
      "explanation": "a special right or privilege held by a person, especially a leader"
    },
    {
      "term": "preliminary injunction",
      "explanation": "a court order to stop something temporarily while a lawsuit is decided"
    },
    {
      "term": "accessibility",
      "explanation": "the design of products and services so that people with disabilities can use them"
    },
    {
      "term": "diversity, equity, and inclusion",
      "explanation": "policies aimed at ensuring fair treatment and representation for all groups"
    },
    {
      "term": "logistically challenging",
      "explanation": "difficult to organize or manage in terms of practical details"
    }
  ],
  "questions": [
    {
      "question": "What is the main argument of the Trump administration in the lawsuit?",
      "options": [
        "ASL interpretation is too expensive",
        "It intrudes on the President's image control",
        "Deaf people don't need real-time access",
        "Interpreters are not available in Washington"
      ],
      "correct_answer": "It intrudes on the President's image control"
    },
    {
      "question": "What organization sued the Trump administration over ASL interpretation?",
      "options": [
        "Gallaudet University",
        "The Justice Department",
        "The National Association for the Deaf",
        "The White House Press Corps"
      ],
      "correct_answer": "The National Association for the Deaf"
    },
    {
      "question": "What alternatives to ASL interpretation does the administration propose?",
      "options": [
        "Only radio broadcasts",
        "Online transcripts and closed captioning",
        "Personal interpreters for each deaf person",
        "No alternatives are needed"
      ],
      "correct_answer": "Online transcripts and closed captioning"
    },
    {
      "question": "What did the federal judge rule in this case?",
      "options": [
        "Dismissed the lawsuit",
        "Ordered the White House to provide real-time ASL interpreting",
        "Supported the administration's arguments",
        "Required the NAD to pay costs"
      ],
      "correct_answer": "Ordered the White House to provide real-time ASL interpreting"
    },
    {
      "question": "How has the administration responded to the judge's order?",
      "options": [
        "Complied fully",
        "Appealed the ruling",
        "Ignored it",
        "Started new diversity programs"
      ],
      "correct_answer": "Appealed the ruling"
    },
    {
      "question": "What broader policy context is mentioned in the article?",
      "options": [
        "Increased funding for education",
        "Rollback of diversity, equity, and inclusion programs",
        "Expansion of healthcare access",
        "Promotion of international trade"
      ],
      "correct_answer": "Rollback of diversity, equity, and inclusion programs"
    },
    {
      "question": "What logistical concern does the administration raise about ASL interpretation?",
      "options": [
        "It's too slow",
        "It might be hard during spontaneous events",
        "Interpreters are not trained",
        "It requires special equipment"
      ],
      "correct_answer": "It might be hard during spontaneous events"
    },
    {
      "question": "What is the role of Gallaudet University in this context?",
      "options": [
        "It is suing the government",
        "It is a source of trained ASL interpreters in Washington",
        "It supports the administration's stance",
        "It provides online transcripts"
      ],
      "correct_answer": "It is a source of trained ASL interpreters in Washington"
    }
  ],
  "background_read": [
    "This article discusses a legal conflict between the Trump administration and deaf advocacy groups over American Sign Language interpretation at White House events. ASL is a visual language used by many deaf and hard-of-hearing Americans to communicate. The lawsuit centers on whether the government must provide real-time interpretation to ensure accessibility, with the administration arguing it infringes on presidential image management. This issue is part of larger debates about disability rights and the rollback of DEI policies under Trump. Understanding this requires knowledge of basic legal terms like lawsuits and injunctions, as well as the importance of inclusive communication in democracy."
  ],
  "Article_Structure": [
    "This article analyzes a lawsuit where the Trump administration resists providing American Sign Language interpretation at White House events, arguing it intrudes on the President's image control. Main points include the administration's legal stance, the NAD's advocacy for deaf access, and a federal judge's ruling mandating interpreters. The purpose is to highlight tensions between presidential prerogatives and disability rights. Evidence includes court filings and statements, though the administration's claims lack detailed elaboration. Author credibility is supported by sourcing from PBS and Associated Press, but potential bias may arise from focusing on advocacy perspectives. Methodology relies on reported court documents and official comments, offering a factual but limited view of the ongoing legal battle."
  ],
  "perspectives": [
    {
      "perspective": "Administration perspective",
      "description": "Views ASL interpretation as an intrusion on executive image control and argues for alternative access methods."
    },
    {
      "perspective": "Deaf advocacy perspective",
      "description": "Emphasizes the necessity of real-time interpretation for equitable access to government communications."
    }
  ],
  "image_url": "/article_images/article_fba38b521566fa1c_a55e156644cc.webp"
}