{
  "title": "Celestial Alignment: Observing Six Planets in the Night Sky",
  "summary": "This weekend offers a notable astronomical event as six planets align in the evening sky, forming what is known as a planetary parade. Visible shortly after sunset, this alignment includes Mercury, Venus, Saturn, and Jupiter, which can be seen with the naked eye, while Uranus and Neptune require binoculars or a telescope for observation. The best viewing time in the UK is on Sunday, and observers should seek locations with a clear western horizon to maximize visibility. Dr. Becky Smethurst, an astronomer, explains that this phenomenon occurs because all planets orbit the Sun in a flat plane, similar to a spinning pizza dough flattening out, leading them to appear aligned from Earth's perspective. Jupiter, shining brightly in Gemini, will be the easiest to spot, even in light-polluted areas. Although seeing six planets together is not an everyday occurrence, it is relatively common compared to rarer seven-planet parades. This event provides an educational opportunity for skywatchers to explore planetary motions and celestial patterns.",
  "keywords": [
    {
      "term": "planetary parade",
      "explanation": "an event where multiple planets appear to line up in the sky from Earth's viewpoint"
    },
    {
      "term": "flat plane",
      "explanation": "the disk-like shape in which planets orbit the Sun, resulting from the solar system's formation"
    },
    {
      "term": "naked eye",
      "explanation": "observing without optical aids, relying on natural vision"
    },
    {
      "term": "light pollution",
      "explanation": "brightening of the night sky by artificial lights, which can hinder stargazing"
    },
    {
      "term": "celestial patterns",
      "explanation": "the regular arrangements and movements of objects in space, such as planets and constellations"
    },
    {
      "term": "astronomical event",
      "explanation": "a significant occurrence in space that can be observed from Earth, like alignments or eclipses"
    }
  ],
  "questions": [
    {
      "question": "What is a planetary parade?",
      "options": [
        "A parade with planets as floats",
        "When planets appear aligned in the sky",
        "A festival for astronomers",
        "A type of telescope"
      ],
      "correct_answer": "When planets appear aligned in the sky"
    },
    {
      "question": "Which planets require optical aids to be seen in this event?",
      "options": [
        "Mercury and Venus",
        "Saturn and Jupiter",
        "Uranus and Neptune",
        "All six planets"
      ],
      "correct_answer": "Uranus and Neptune"
    },
    {
      "question": "According to Dr. Becky Smethurst, why do planets appear in a line?",
      "options": [
        "They are in a straight line in space",
        "They orbit in a flat plane",
        "They are close to Earth",
        "It's an optical illusion"
      ],
      "correct_answer": "They orbit in a flat plane"
    },
    {
      "question": "What is the best viewing condition for this event?",
      "options": [
        "A cloudy sky",
        "A clear western horizon",
        "Midday",
        "Indoors"
      ],
      "correct_answer": "A clear western horizon"
    },
    {
      "question": "Which planet will be easiest to find and why?",
      "options": [
        "Mercury because it's close to the Sun",
        "Venus because it's bright",
        "Jupiter because it shines brightly high up",
        "Saturn because of its rings"
      ],
      "correct_answer": "Jupiter because it shines brightly high up"
    },
    {
      "question": "How does light pollution affect stargazing?",
      "options": [
        "It makes planets brighter",
        "It helps see fainter objects",
        "It hinders visibility by brightening the sky",
        "It has no effect"
      ],
      "correct_answer": "It hinders visibility by brightening the sky"
    },
    {
      "question": "What is the comparison used to explain the flat plane of orbits?",
      "options": [
        "A spinning top",
        "A bowl of pizza dough",
        "A rolling ball",
        "A flat sheet of paper"
      ],
      "correct_answer": "A bowl of pizza dough"
    },
    {
      "question": "Is a six-planet parade considered rare?",
      "options": [
        "Yes, it happens once a century",
        "No, it's relatively common",
        "Only in certain countries",
        "It depends on the weather"
      ],
      "correct_answer": "No, it's relatively common"
    }
  ],
  "background_read": [
    "The solar system consists of eight planets orbiting the Sun in a flat plane due to the conservation of angular momentum during its formation. Planetary alignments, or parades, occur when multiple planets appear in the same region of the sky from Earth's perspective, influenced by their orbital positions. Observational astronomy involves using tools like telescopes to study celestial objects, with events like this providing hands-on learning. Light pollution from urban areas can reduce visibility, making dark sky locations ideal for stargazing. Understanding these phenomena helps appreciate the dynamics of our solar system and encourages scientific curiosity."
  ],
  "Article_Structure": [
    "This article details a planetary parade event where six planets align in the evening sky. Main points include the visibility of planets with and without optical aids, best viewing practices, and an explanation of orbital mechanics by an expert. The purpose is to inform and engage the public in stargazing, promoting astronomy education. Evidence is based on astronomical facts and expert commentary, with Dr. Becky Smethurst providing credible insights as a research fellow. Methodology involves observational guidance and analogies to explain complex concepts, making the content accessible while maintaining scientific accuracy."
  ],
  "perspectives": [
    {
      "perspective": "Educational value",
      "description": "This event serves as a practical lesson in astronomy, helping students understand planetary motions and observational techniques."
    }
  ],
  "image_url": "/article_images/article_305c4ac511c71393_8a3db754770e.webp"
}