{
  "title": "Triassic Prosauropod Footprints in Italy: Insights into Dinosaur Herd Dynamics and Paleoenvironments",
  "summary": "A groundbreaking paleontological discovery in the Stelvio national park, northern Italy, has unveiled thousands of dinosaur footprints from the Triassic period, approximately 210 million years old. These ichnofossils, attributed to prosauropods—early herbivorous dinosaurs characterized by long necks and bipedal locomotion—exhibit diameters up to 40cm and are preserved in parallel alignments on a vertical mountain face, indicative of coordinated herd movement. The site, originally a tidal flat during the Triassic, has since been uplifted into the Alpine chain, offering a unique window into paleoenvironmental conditions. Paleontologist Cristiano Dal Sasso heralds the find as an 'immense scientific treasure,' noting not only linear tracks but also circular formations that suggest complex social behaviors, possibly for defensive purposes. Discovered by photographer Elio Della Ferrera, the remote location necessitates the employment of drones and remote sensing technology for further analysis, as highlighted in an Italian culture ministry press release. This discovery not only advances understanding of prosauropod ethology but also serves as a cultural metaphor, with officials drawing parallels to the upcoming Winter Olympics, symbolizing a convergence of natural history and contemporary human endeavors.",
  "keywords": [
    {
      "term": "ichnofossils",
      "explanation": "trace fossils such as footprints that provide evidence of organism behavior and activity"
    },
    {
      "term": "Triassic period",
      "explanation": "a geological epoch from 251 to 201 million years ago, marking the emergence of dinosaurs after the Permian-Triassic extinction"
    },
    {
      "term": "prosauropods",
      "explanation": "a paraphyletic group of early sauropodomorph dinosaurs, herbivorous and often bipedal, precursors to larger sauropods"
    },
    {
      "term": "paleoenvironment",
      "explanation": "the ancient environmental conditions, such as tidal flats, that influenced fossil preservation and organism habitats"
    },
    {
      "term": "herd dynamics",
      "explanation": "the study of how groups of animals interact, move, and exhibit social structures based on fossil evidence"
    },
    {
      "term": "remote sensing",
      "explanation": "the use of aerial or satellite technology, like drones, to collect data from inaccessible or sensitive sites"
    }
  ],
  "questions": [
    {
      "question": "What type of fossil evidence is primarily discussed in the article?",
      "options": [
        "Ichnofossils (footprints)",
        "Body fossils (bones)",
        "Microfossils",
        "Petrified wood"
      ],
      "correct_answer": "Ichnofossils (footprints)"
    },
    {
      "question": "During which geological period did the prosauropods that left the footprints live?",
      "options": [
        "Triassic",
        "Jurassic",
        "Cretaceous",
        "Devonian"
      ],
      "correct_answer": "Triassic"
    },
    {
      "question": "What does the parallel alignment of footprints suggest about prosauropod behavior?",
      "options": [
        "Coordinated herd movement",
        "Solitary hunting",
        "Nocturnal activity",
        "Aquatic swimming"
      ],
      "correct_answer": "Coordinated herd movement"
    },
    {
      "question": "How has the site's environment changed since the Triassic?",
      "options": [
        "From a tidal flat to part of the Alpine chain",
        "From a desert to a rainforest",
        "From a deep sea to a volcano",
        "From a glacier to a plain"
      ],
      "correct_answer": "From a tidal flat to part of the Alpine chain"
    },
    {
      "question": "What technology is proposed for studying the remote site?",
      "options": [
        "Drones and remote sensing",
        "Ground-penetrating radar only",
        "Satellite imagery exclusively",
        "Manual excavation tools"
      ],
      "correct_answer": "Drones and remote sensing"
    },
    {
      "question": "What complex behavior is inferred from circular formations among the footprints?",
      "options": [
        "Possible defensive gatherings",
        "Nesting activities",
        "Predatory attacks",
        "Migration stops"
      ],
      "correct_answer": "Possible defensive gatherings"
    },
    {
      "question": "Who is quoted describing the discovery as an 'immense scientific treasure'?",
      "options": [
        "Cristiano Dal Sasso",
        "Elio Della Ferrera",
        "Italian culture ministry",
        "BBC reporter"
      ],
      "correct_answer": "Cristiano Dal Sasso"
    },
    {
      "question": "What cultural connection does the Italian ministry make with the discovery?",
      "options": [
        "A symbolic link to the Winter Olympics",
        "A reference to ancient Roman history",
        "A tie to local folklore",
        "A connection to modern art"
      ],
      "correct_answer": "A symbolic link to the Winter Olympics"
    },
    {
      "question": "What limitation might affect the evidence presented in the article?",
      "options": [
        "Reliance on press releases without peer-reviewed data",
        "Lack of photographic evidence",
        "Inaccurate dating methods",
        "Overstatement of footprint size"
      ],
      "correct_answer": "Reliance on press releases without peer-reviewed data"
    },
    {
      "question": "How does this discovery contribute to paleontological knowledge?",
      "options": [
        "By providing insights into early dinosaur social structures and paleoenvironments",
        "By proving dinosaurs were aquatic",
        "By identifying new dinosaur species from bones",
        "By showing dinosaurs lived until recently"
      ],
      "correct_answer": "By providing insights into early dinosaur social structures and paleoenvironments"
    }
  ],
  "background_read": [
    "The Triassic period, spanning approximately 251 to 201 million years ago, represents a critical phase in Earth's history following the Permian-Triassic extinction event, which paved the way for the rise of dinosaurs. During this time, Pangaea was the dominant supercontinent, and prosauropods emerged as early sauropodomorphs, exhibiting adaptations for herbivory and bipedalism. Ichnology, the study of trace fossils like footprints, offers unique insights into behavior, locomotion, and paleoecology that body fossils cannot provide, as tracks record momentary activities in sedimentary environments. The preservation of such traces in tidal flats, later tectonically uplifted into mountain ranges like the Alps, illustrates dynamic geological processes over millions of years. Modern paleontological methods increasingly integrate remote sensing and digital modeling to analyze inaccessible sites, enhancing data collection while minimizing disturbance. This discovery underscores interdisciplinary connections between geology, biology, and cultural studies, reflecting how ancient finds can resonate with contemporary events and public engagement."
  ],
  "Article_Structure": [
    "Main Points: The article details the discovery of Triassic prosauropod footprints in Italy, highlighting herd dynamics, complex social behaviors, and paleoenvironmental shifts from tidal flats to mountains. Purpose: To report a significant ichnological find that advances understanding of early dinosaur ethology and serves as a cultural narrative linking natural history with the Winter Olympics. Evidence Evaluation: Evidence includes descriptive footprint data and expert commentary, but relies heavily on press releases and lacks detailed peer-reviewed analysis, potentially limiting scientific rigor. Author Credibility: The BBC provides reputable journalism, and quotes from paleontologist Cristiano Dal Sasso lend expertise, though his specific credentials and potential biases are not explored. Methodology: Information is sourced from press releases, interviews, and preliminary observations, with proposed use of drones for remote sensing, but methodological details on data collection and analysis are sparse. Critical Assessment: Strengths include the vivid portrayal of a unique discovery and its broader implications; limitations involve insufficient depth on scientific methods and potential sensationalism in linking to the Olympics."
  ],
  "perspectives": [
    {
      "perspective": "Scientific",
      "description": "Emphasizes the contribution to paleontology through insights into dinosaur behavior and geological history."
    },
    {
      "perspective": "Technological",
      "description": "Highlights the role of modern tools like drones in overcoming accessibility challenges for research."
    },
    {
      "perspective": "Cultural",
      "description": "Explores how ancient discoveries are framed within contemporary cultural contexts, such as sporting events."
    }
  ],
  "image_url": "/article_images/article_585136de9fa600ad_f768d2d36f2a.webp"
}