{
  "title": "Strategic and Emotional Dimensions of Wildcard Allocation: Wawrinka's Final Season and Kyrgios' Calculated Withdrawal at the Australian Open",
  "summary": "The article details the allocation of a wildcard to Stan Wawrinka for the Australian Open, marking the commencement of his final professional season slated to conclude in 2026. Wawrinka, a three-time Grand Slam champion and former world number three now ranked 156th, expressed profound gratitude for this opportunity, citing his inaugural major victory at Melbourne Park in 2014 as a pivotal career moment. Concurrently, Australian tennis star Nick Kyrgios, whose ranking has plummeted to 670th amid persistent injuries, strategically withdrew from the men's singles competition, acknowledging his unpreparedness for the rigors of five-set Grand Slam matches. Instead, he will participate in the men's doubles, leveraging his prior success in that discipline. This decision effectively resolved a potential dilemma for tournament director Craig Tiley, who faced the contentious task of distributing the remaining wildcards. The narrative underscores the interplay between athlete sentiment, career longevity, and tournament management in high-stakes professional sports.",
  "keywords": [
    {
      "term": "wildcard allocation",
      "explanation": "the process of awarding special entries to a tournament, often involving considerations of player legacy, marketability, and competitive balance"
    },
    {
      "term": "career longevity",
      "explanation": "the duration and sustainability of an athlete's professional career, influenced by factors like performance, health, and adaptability"
    },
    {
      "term": "strategic withdrawal",
      "explanation": "a deliberate decision by an athlete to abstain from competition to manage fitness, focus on specific events, or avoid negative outcomes"
    },
    {
      "term": "tournament management",
      "explanation": "the administrative and logistical oversight of sports events, including decisions on participant selection and public relations"
    },
    {
      "term": "athlete sentiment",
      "explanation": "the emotional and psychological perspectives of players regarding their careers, achievements, and transitions"
    },
    {
      "term": "competitive rigors",
      "explanation": "the physical and mental demands of high-level sports competitions, such as endurance in multi-set matches"
    }
  ],
  "questions": [
    {
      "question": "How does Wawrinka's wildcard reflect broader themes in tennis career management?",
      "options": [
        "It highlights the balance between honoring legacy and maintaining competitive standards",
        "It shows that wildcards are always given to retiring players",
        "It indicates a shift towards younger players in tournaments",
        "It proves that rankings no longer matter in Grand Slams"
      ],
      "correct_answer": "A"
    },
    {
      "question": "What strategic rationale might underpin Kyrgios' decision to play doubles instead of singles?",
      "options": [
        "To rebuild fitness and confidence in a less demanding format",
        "To avoid competing against top-ranked players entirely",
        "To focus on coaching opportunities",
        "To protest tournament rules"
      ],
      "correct_answer": "A"
    },
    {
      "question": "How does the article assess the credibility of player statements?",
      "options": [
        "By presenting direct quotes and contextualizing them with factual data",
        "By relying solely on social media posts without verification",
        "By dismissing emotional expressions as irrelevant",
        "By comparing them to unrelated sports events"
      ],
      "correct_answer": "A"
    },
    {
      "question": "What methodological approach does the article use to gather information?",
      "options": [
        "Combining official announcements, player quotes, and social media updates",
        "Conducting independent player interviews exclusively",
        "Using speculative analysis without sources",
        "Focusing only on historical data from past tournaments"
      ],
      "correct_answer": "A"
    },
    {
      "question": "How might Craig Tiley's role influence public perception of the Australian Open?",
      "options": [
        "His decisions on wildcards can affect the tournament's image and fairness",
        "He controls the outcome of all matches directly",
        "He is responsible for player training regimens",
        "He sets global tennis rankings"
      ],
      "correct_answer": "A"
    },
    {
      "question": "What critical limitation does the article have regarding player perspectives?",
      "options": [
        "It primarily features two players, potentially overlooking broader stakeholder views",
        "It ignores all financial aspects of tennis",
        "It fails to mention any tournament details",
        "It does not discuss the rules of tennis"
      ],
      "correct_answer": "A"
    },
    {
      "question": "How does Wawrinka's ranking impact the significance of his wildcard?",
      "options": [
        "It emphasizes the wildcard as an exception based on past achievements rather than current form",
        "It shows he is still a top contender for the title",
        "It means he automatically qualifies for all future tournaments",
        "It indicates he should retire immediately"
      ],
      "correct_answer": "A"
    },
    {
      "question": "What evidence supports Kyrgios' claim of unpreparedness for five-set matches?",
      "options": [
        "His history of recent injuries and lower ranking",
        "A statement from his coach confirming it",
        "Statistical analysis of his past performances",
        "The tournament director's personal opinion"
      ],
      "correct_answer": "A"
    },
    {
      "question": "How does the article integrate emotional elements with factual reporting?",
      "options": [
        "By blending player quotes expressing gratitude with data on careers and rankings",
        "By focusing only on numerical statistics without context",
        "By inventing emotional stories for dramatic effect",
        "By avoiding any mention of player feelings"
      ],
      "correct_answer": "A"
    },
    {
      "question": "What broader implications does Kyrgios' withdrawal have for tournament dynamics?",
      "options": [
        "It opens wildcard spots and influences competitive balance and fan interest",
        "It forces the cancellation of the singles event",
        "It guarantees a win for Australian players",
        "It changes the rules for all Grand Slams"
      ],
      "correct_answer": "A"
    }
  ],
  "background_read": [
    "The Australian Open is a premier Grand Slam event on the ATP Tour, characterized by its hard court surface and summer scheduling. Wildcard allocation involves complex decisions balancing merit, nostalgia, and commercial interests, often sparking debate. Professional tennis careers are marked by peaks and declines, with athletes navigating injuries, ranking fluctuations, and retirement planning. Tournament directors like Craig Tiley wield significant influence in shaping event narratives through selections. Media coverage, such as from the BBC, plays a key role in framing these stories, blending objective reporting with human interest angles to engage audiences."
  ],
  "Article_Structure": [
    "Main Points: The article analyzes Stan Wawrinka's wildcard receipt for the Australian Open during his farewell season and Nick Kyrgios' strategic withdrawal to doubles, highlighting emotional and managerial aspects. Purpose: To explore the intersection of athlete career transitions and tournament logistics, providing insight into professional sports dynamics. Evidence Evaluation: Sources include direct player quotes, official rankings, and social media statements, offering credible but limited perspectives; the BBC's reputation enhances reliability. Author Credibility: As a BBC production, the article benefits from institutional expertise in sports journalism, though individual author bias is minimized. Methodology: Information is compiled from public announcements and digital platforms, employing a descriptive rather than investigative approach. Critical Assessment: Strengths lie in clear presentation of key facts and player voices, but limitations include a narrow focus on two players and lack of in-depth analysis on broader implications for tennis governance."
  ],
  "perspectives": [
    {
      "perspective": "Managerial strategy",
      "description": "The article examines how tournament decisions, such as wildcard allocations, are influenced by both sentimental value and pragmatic considerations in sports management."
    }
  ],
  "image_url": "/article_images/article_91dea98b63fc37e1_155ed3bb01ca.webp"
}