{
  "title": "Analyzing Raducanu's Pre-Australian Open Defeat: Implications for Form and Future Matches",
  "summary": "Emma Raducanu, the British top seed at the Hobart International, experienced a significant setback with a 6-2 6-4 quarter-final loss to world number 204 Taylah Preston. This defeat, occurring just prior to the Australian Open, underscores ongoing challenges in her career post-2021 US Open victory. Raducanu demonstrated notable inconsistency, particularly in her service games, where she committed four double faults and held serve in only three of nine attempts. Despite establishing leads in both sets, she failed to consolidate them, with rain-affected conditions potentially influencing play. Her coach, Francisco Roig, was heard urging more aggressive tactics, yet Raducanu struggled to adapt, remarking on Preston's pace. This match adds to a season marred by a foot injury and an earlier loss to Maria Sakkari, resulting in just one win from three competitive outings. As Raducanu heads to Melbourne, she faces Mananchaya Sawangkaew in the first round, with a potential third-round encounter against world number one Aryna Sabalenka, raising questions about her ability to compete at the highest level amidst physical and mental hurdles.",
  "keywords": [
    {
      "term": "service games",
      "explanation": "in tennis, the games where a player serves, crucial for maintaining control and scoring points"
    },
    {
      "term": "consolidate",
      "explanation": "to strengthen or secure an advantage, often used in sports to describe maintaining a lead"
    },
    {
      "term": "qualifier",
      "explanation": "a player who enters a tournament through qualifying rounds, not by direct entry based on ranking"
    },
    {
      "term": "setback",
      "explanation": "a reversal or check in progress, such as a loss or injury affecting an athlete's career"
    },
    {
      "term": "competitive outings",
      "explanation": "official matches or tournaments where athletes compete, indicating their recent activity level"
    }
  ],
  "questions": [
    {
      "question": "What specific serve statistic highlighted Raducanu's struggles in the match?",
      "options": [
        "Held only 3 of 9 service games",
        "Committed 6 double faults",
        "Won 80% of first serves",
        "Served 10 aces"
      ],
      "correct_answer": "Held only 3 of 9 service games"
    },
    {
      "question": "How did rain affect the match in Hobart?",
      "options": [
        "It caused interruptions and potentially impacted play",
        "It led to a cancellation",
        "It improved court conditions",
        "It had no effect"
      ],
      "correct_answer": "It caused interruptions and potentially impacted play"
    },
    {
      "question": "What was Raducanu's remark about Preston's shots during the match?",
      "options": [
        "They were coming 'so fast'",
        "They were 'too slow'",
        "They were 'inconsistent'",
        "They were 'powerful'"
      ],
      "correct_answer": "They were coming 'so fast'"
    },
    {
      "question": "What injury disrupted Raducanu's off-season?",
      "options": [
        "Foot problem",
        "Knee injury",
        "Shoulder strain",
        "Back pain"
      ],
      "correct_answer": "Foot problem"
    },
    {
      "question": "How many Grand Slam titles has Raducanu won?",
      "options": [
        "One",
        "Two",
        "Three",
        "Zero"
      ],
      "correct_answer": "One"
    },
    {
      "question": "Who is Raducanu's first-round opponent at the Australian Open?",
      "options": [
        "Mananchaya Sawangkaew",
        "Aryna Sabalenka",
        "Taylah Preston",
        "Maria Sakkari"
      ],
      "correct_answer": "Mananchaya Sawangkaew"
    },
    {
      "question": "What does being the 28th seed at the Australian Open imply for Raducanu?",
      "options": [
        "She is ranked among the top players but faces tough draws",
        "She is unseeded",
        "She is the top seed",
        "She is a qualifier"
      ],
      "correct_answer": "She is ranked among the top players but faces tough draws"
    },
    {
      "question": "What tactical advice did coach Francisco Roig give during the match?",
      "options": [
        "'Let it rip' and 'don't be static'",
        "'Play defensively'",
        "'Focus on serves'",
        "'Take more risks'"
      ],
      "correct_answer": "'Let it rip' and 'don't be static'"
    },
    {
      "question": "How does this loss fit into Raducanu's recent career trajectory?",
      "options": [
        "It highlights ongoing inconsistency and challenges post-US Open win",
        "It marks a comeback success",
        "It shows improvement in form",
        "It is her first loss of the season"
      ],
      "correct_answer": "It highlights ongoing inconsistency and challenges post-US Open win"
    },
    {
      "question": "What potential match in the Australian Open could test Raducanu's form against top competition?",
      "options": [
        "Third-round against Aryna Sabalenka",
        "First-round against Mananchaya Sawangkaew",
        "Quarter-final against Taylah Preston",
        "Semi-final against Maria Sakkari"
      ],
      "correct_answer": "Third-round against Aryna Sabalenka"
    }
  ],
  "background_read": [
    "Emma Raducanu's 2021 US Open victory as a qualifier was a historic achievement, but she has since navigated injuries, coaching changes, and performance fluctuations. The Hobart International serves as a key preparatory event for the Australian Open, offering insights into player readiness. Tennis analysis often focuses on serve statistics and mental resilience, as seen in Raducanu's match. The Australian Open draw, with seeds like Sabalenka, presents strategic challenges. Sports journalism, such as from the BBC, provides factual reporting but may lack in-depth psychological or technical analysis. Understanding athlete careers involves considering physical recovery, tactical adjustments, and competitive pressure in high-stakes tournaments."
  ],
  "Article_Structure": [
    "Main Points: The article analyzes Raducanu's loss to Preston, emphasizing serve inconsistencies and the impact on her Australian Open preparations. Purpose: To critically assess Raducanu's current form and career challenges within the context of major tournaments. Evidence Evaluation: Uses match data (e.g., double faults, service holds) and direct quotes, offering reliable but surface-level evidence without advanced metrics. Author Credibility: BBC Tennis provides reputable reporting, though it may lack expert tennis analysis or player interviews. Methodology: Relies on standard sports coverage, including score updates and post-match summaries, without original research. Critical Assessment: Strengths include clear factual reporting and context; limitations involve minimal depth on technical or psychological factors affecting performance."
  ],
  "perspectives": [
    {
      "perspective": "Career Trajectory Analysis",
      "description": "Examines Raducanu's post-US Open struggles, including injuries and form issues, in relation to her potential in upcoming tournaments."
    }
  ],
  "image_url": "/article_images/article_68387fde4902eb65_cea3aee9d265.webp"
}