{
  "title": "Analyzing Raducanu's Defeat: Implications of Lucky Loser Dynamics in Professional Tennis",
  "summary": "Emma Raducanu, the British tennis prodigy and 2021 US Open champion, experienced an early exit from the Dubai Tennis Championships, falling to Antonia Ruzic, a Croatian player ranked 67th globally, in a three-set match (6-1, 5-7, 6-2). Ruzic entered the tournament as a lucky loser, benefiting from multiple withdrawals due to injuries, illness, and scheduling adjustments, which allowed her to fill a main draw spot with minimal preparation. The match showcased a narrative of resilience and unpredictability: Raducanu, ranked 25th, struggled initially but mounted a comeback in the second set after seeking medical attention, reminiscent of her recent retirement in Qatar. However, Ruzic capitalized on momentum shifts, winning six consecutive games in the third set to secure her maiden victory over a top-30 opponent. This event underscores broader themes in professional tennis, such as the impact of player withdrawals on tournament dynamics, the psychological and physical challenges faced by athletes like Raducanu in maintaining peak performance post-breakthrough, and the strategic advantages that lucky losers can exploit. The article also hints at the volatile nature of sports careers, where underdogs like Ruzic can achieve landmark wins, while established players navigate consistency issues and health concerns.",
  "keywords": [
    {
      "term": "lucky loser dynamics",
      "explanation": "the systemic factors in tennis tournaments where players who lose in qualifying gain entry due to withdrawals, affecting competitive balance"
    },
    {
      "term": "momentum shifts",
      "explanation": "changes in the flow of a match where one player gains psychological or performance advantage over the other"
    },
    {
      "term": "post-breakthrough challenges",
      "explanation": "difficulties athletes face after achieving major success, including pressure, injuries, and maintaining form"
    },
    {
      "term": "tournament withdrawals",
      "explanation": "instances where players pull out of competitions, often due to health or scheduling issues, influencing draw composition"
    },
    {
      "term": "psychological resilience",
      "explanation": "the mental ability of players to recover from setbacks and perform under pressure during matches"
    }
  ],
  "questions": [
    {
      "question": "What factors contributed to Antonia Ruzic's entry into the Dubai Tennis Championships as a lucky loser?",
      "options": [
        "She won a qualifying match",
        "Multiple players withdrew due to injuries and illness",
        "She was invited as a wildcard",
        "She replaced a disqualified player"
      ],
      "correct_answer": "Multiple players withdrew due to injuries and illness"
    },
    {
      "question": "How did Raducanu's medical attention during the match relate to her recent performance in Qatar?",
      "options": [
        "It was unrelated",
        "She also retired in Qatar due to medical issues",
        "She won without issues in Qatar",
        "She avoided medical help in Qatar"
      ],
      "correct_answer": "She also retired in Qatar due to medical issues"
    },
    {
      "question": "What does Ruzic's victory represent in terms of her career milestones?",
      "options": [
        "Her first tournament win",
        "Her first top-30 win",
        "Her highest ranking achievement",
        "Her first match ever"
      ],
      "correct_answer": "Her first top-30 win"
    },
    {
      "question": "How did the match's momentum shift in the third set?",
      "options": [
        "Raducanu maintained control",
        "Ruzic won six consecutive games after being down 0-2",
        "It remained evenly matched",
        "Raducanu retired early"
      ],
      "correct_answer": "Ruzic won six consecutive games after being down 0-2"
    },
    {
      "question": "What broader theme in tennis does this article highlight regarding player withdrawals?",
      "options": [
        "They have no impact",
        "They create opportunities for lucky losers",
        "They always benefit top players",
        "They are rare occurrences"
      ],
      "correct_answer": "They create opportunities for lucky losers"
    },
    {
      "question": "How does the article characterize Raducanu's challenges since winning the US Open?",
      "options": [
        "She has dominated consistently",
        "She has faced consistency and health issues",
        "She has retired from tennis",
        "She has improved her ranking steadily"
      ],
      "correct_answer": "She has faced consistency and health issues"
    },
    {
      "question": "What psychological aspect is implied in Ruzic's ability to win despite minimal preparation?",
      "options": [
        "Lack of skill",
        "High levels of resilience and adaptability",
        "Overconfidence",
        "Poor sportsmanship"
      ],
      "correct_answer": "High levels of resilience and adaptability"
    },
    {
      "question": "What does the term 'lucky loser dynamics' refer to in this context?",
      "options": [
        "A player's luck in winning matches",
        "Systemic effects of withdrawals on tournament competition",
        "A type of tennis strategy",
        "A ranking system quirk"
      ],
      "correct_answer": "Systemic effects of withdrawals on tournament competition"
    },
    {
      "question": "How does the article evaluate the evidence provided for Ruzic's preparation time?",
      "options": [
        "It is speculative",
        "It is based on direct quotes from Ruzic",
        "It ignores preparation entirely",
        "It cites external studies"
      ],
      "correct_answer": "It is based on direct quotes from Ruzic"
    },
    {
      "question": "What critical assessment can be made about Raducanu's performance based on this match?",
      "options": [
        "She is at her peak",
        "She shows vulnerability in maintaining leads and dealing with health issues",
        "She is retiring soon",
        "She has solved her consistency problems"
      ],
      "correct_answer": "She shows vulnerability in maintaining leads and dealing with health issues"
    }
  ],
  "background_read": [
    "Emma Raducanu's 2021 US Open victory as a qualifier was a historic moment in tennis, but it brought intense scrutiny and pressure, common for young athletes in individual sports. The Dubai Tennis Championships is part of the WTA Tour, featuring high-stakes competition where rankings and seedings influence draws. Lucky losers are a unique aspect of tennis tournaments, arising from last-minute withdrawals, and they can disrupt expected outcomes, as seen with Antonia Ruzic's win. This article provides a case study in sports psychology, examining how athletes handle adversity, such as Raducanu's medical issues and Ruzic's opportunistic play. It also reflects on the structural elements of professional tennis, including scheduling demands and injury management, which affect player performance and career trajectories. Understanding these dynamics is key to analyzing match outcomes and broader trends in the sport."
  ],
  "Article_Structure": [
    "Main Points: The article analyzes Emma Raducanu's loss to Antonia Ruzic, focusing on Ruzic's lucky loser status and first top-30 win, Raducanu's medical and consistency struggles, and the implications for tennis dynamics. Purpose: To provide an in-depth report on a significant upset, exploring themes like opportunity in sports, athlete resilience post-success, and the impact of tournament structures. Evidence Evaluation: Uses direct player quotes, match statistics, and context on withdrawals, offering credible but surface-level evidence typical of sports journalism, with limited critical analysis of sources. Author Credibility: Likely written by BBC Tennis journalists with expertise in sports reporting, though lacking specific author credentials, suggesting reliable but not academic authority. Methodology: Relies on real-time match coverage, interviews, and tournament updates, employing standard journalistic practices without original research. Critical Assessment: Strengths include timely reporting and player insights, but limitations involve a lack of deeper statistical analysis or exploration of long-term trends affecting Raducanu's career."
  ],
  "perspectives": [
    {
      "perspective": "Structural analysis",
      "description": "The match highlights how tennis tournament structures, such as lucky loser provisions, can level the playing field, allowing lower-ranked players to challenge elites and reshape competitive narratives."
    }
  ],
  "image_url": "/article_images/article_b2d28496c785ce08_c6c1ac824289.webp"
}