{
  "generated_at": "2026-02-25T12:39:42.377Z",
  "dates": [
    {
      "date": "2026-02-25",
      "supabase_path": "website/2026-02-25",
      "payloads_url": "https://lfknsvavhiqrsasdfyrs.supabase.co/storage/v1/object/public/shared-storage/website/2026-02-25/payloads/",
      "images_url": "https://lfknsvavhiqrsasdfyrs.supabase.co/storage/v1/object/public/shared-storage/website/2026-02-25/article_images/",
      "article_payloads_url": "https://lfknsvavhiqrsasdfyrs.supabase.co/storage/v1/object/public/shared-storage/website/2026-02-25/article_payloads/"
    },
    {
      "date": "2026-02-24",
      "supabase_path": "website/2026-02-24",
      "payloads_url": "https://lfknsvavhiqrsasdfyrs.supabase.co/storage/v1/object/public/shared-storage/website/2026-02-24/payloads/",
      "images_url": "https://lfknsvavhiqrsasdfyrs.supabase.co/storage/v1/object/public/shared-storage/website/2026-02-24/article_images/",
      "article_payloads_url": "https://lfknsvavhiqrsasdfyrs.supabase.co/storage/v1/object/public/shared-storage/website/2026-02-24/article_payloads/"
    },
    {
      "date": "2026-02-23",
      "supabase_path": "website/2026-02-23",
      "payloads_url": "https://lfknsvavhiqrsasdfyrs.supabase.co/storage/v1/object/public/shared-storage/website/2026-02-23/payloads/",
      "images_url": "https://lfknsvavhiqrsasdfyrs.supabase.co/storage/v1/object/public/shared-storage/website/2026-02-23/article_images/",
      "article_payloads_url": "https://lfknsvavhiqrsasdfyrs.supabase.co/storage/v1/object/public/shared-storage/website/2026-02-23/article_payloads/"
    },
    {
      "date": "2026-02-22",
      "supabase_path": "website/2026-02-22",
      "payloads_url": "https://lfknsvavhiqrsasdfyrs.supabase.co/storage/v1/object/public/shared-storage/website/2026-02-22/payloads/",
      "images_url": "https://lfknsvavhiqrsasdfyrs.supabase.co/storage/v1/object/public/shared-storage/website/2026-02-22/article_images/",
      "article_payloads_url": "https://lfknsvavhiqrsasdfyrs.supabase.co/storage/v1/object/public/shared-storage/website/2026-02-22/article_payloads/"
    },
    {
      "date": "2026-02-21",
      "supabase_path": "website/2026-02-21",
      "payloads_url": "https://lfknsvavhiqrsasdfyrs.supabase.co/storage/v1/object/public/shared-storage/website/2026-02-21/payloads/",
      "images_url": "https://lfknsvavhiqrsasdfyrs.supabase.co/storage/v1/object/public/shared-storage/website/2026-02-21/article_images/",
      "article_payloads_url": "https://lfknsvavhiqrsasdfyrs.supabase.co/storage/v1/object/public/shared-storage/website/2026-02-21/article_payloads/"
    },
    {
      "date": "2026-02-20",
      "supabase_path": "website/2026-02-20",
      "payloads_url": "https://lfknsvavhiqrsasdfyrs.supabase.co/storage/v1/object/public/shared-storage/website/2026-02-20/payloads/",
      "images_url": "https://lfknsvavhiqrsasdfyrs.supabase.co/storage/v1/object/public/shared-storage/website/2026-02-20/article_images/",
      "article_payloads_url": "https://lfknsvavhiqrsasdfyrs.supabase.co/storage/v1/object/public/shared-storage/website/2026-02-20/article_payloads/"
    },
    {
      "date": "2026-02-19",
      "supabase_path": "website/2026-02-19",
      "payloads_url": "https://lfknsvavhiqrsasdfyrs.supabase.co/storage/v1/object/public/shared-storage/website/2026-02-19/payloads/",
      "images_url": "https://lfknsvavhiqrsasdfyrs.supabase.co/storage/v1/object/public/shared-storage/website/2026-02-19/article_images/",
      "article_payloads_url": "https://lfknsvavhiqrsasdfyrs.supabase.co/storage/v1/object/public/shared-storage/website/2026-02-19/article_payloads/"
    },
    {
      "date": "2026-02-18",
      "supabase_path": "website/2026-02-18",
      "payloads_url": "https://lfknsvavhiqrsasdfyrs.supabase.co/storage/v1/object/public/shared-storage/website/2026-02-18/payloads/",
      "images_url": "https://lfknsvavhiqrsasdfyrs.supabase.co/storage/v1/object/public/shared-storage/website/2026-02-18/article_images/",
      "article_payloads_url": "https://lfknsvavhiqrsasdfyrs.supabase.co/storage/v1/object/public/shared-storage/website/2026-02-18/article_payloads/"
    },
    {
      "date": "2026-02-17",
      "supabase_path": "website/2026-02-17",
      "payloads_url": "https://lfknsvavhiqrsasdfyrs.supabase.co/storage/v1/object/public/shared-storage/website/2026-02-17/payloads/",
      "images_url": "https://lfknsvavhiqrsasdfyrs.supabase.co/storage/v1/object/public/shared-storage/website/2026-02-17/article_images/",
      "article_payloads_url": "https://lfknsvavhiqrsasdfyrs.supabase.co/storage/v1/object/public/shared-storage/website/2026-02-17/article_payloads/"
    },
    {
      "date": "2026-02-16",
      "supabase_path": "website/2026-02-16",
      "payloads_url": "https://lfknsvavhiqrsasdfyrs.supabase.co/storage/v1/object/public/shared-storage/website/2026-02-16/payloads/",
      "images_url": "https://lfknsvavhiqrsasdfyrs.supabase.co/storage/v1/object/public/shared-storage/website/2026-02-16/article_images/",
      "article_payloads_url": "https://lfknsvavhiqrsasdfyrs.supabase.co/storage/v1/object/public/shared-storage/website/2026-02-16/article_payloads/"
    },
    {
      "date": "2026-02-15",
      "supabase_path": "website/2026-02-15",
      "payloads_url": "https://lfknsvavhiqrsasdfyrs.supabase.co/storage/v1/object/public/shared-storage/website/2026-02-15/payloads/",
      "images_url": "https://lfknsvavhiqrsasdfyrs.supabase.co/storage/v1/object/public/shared-storage/website/2026-02-15/article_images/",
      "article_payloads_url": "https://lfknsvavhiqrsasdfyrs.supabase.co/storage/v1/object/public/shared-storage/website/2026-02-15/article_payloads/"
    },
    {
      "date": "2026-02-14",
      "supabase_path": "website/2026-02-14",
      "payloads_url": "https://lfknsvavhiqrsasdfyrs.supabase.co/storage/v1/object/public/shared-storage/website/2026-02-14/payloads/",
      "images_url": "https://lfknsvavhiqrsasdfyrs.supabase.co/storage/v1/object/public/shared-storage/website/2026-02-14/article_images/",
      "article_payloads_url": "https://lfknsvavhiqrsasdfyrs.supabase.co/storage/v1/object/public/shared-storage/website/2026-02-14/article_payloads/"
    },
    {
      "date": "2026-02-13",
      "supabase_path": "website/2026-02-13",
      "payloads_url": "https://lfknsvavhiqrsasdfyrs.supabase.co/storage/v1/object/public/shared-storage/website/2026-02-13/payloads/",
      "images_url": "https://lfknsvavhiqrsasdfyrs.supabase.co/storage/v1/object/public/shared-storage/website/2026-02-13/article_images/",
      "article_payloads_url": "https://lfknsvavhiqrsasdfyrs.supabase.co/storage/v1/object/public/shared-storage/website/2026-02-13/article_payloads/"
    },
    {
      "date": "2026-02-12",
      "supabase_path": "website/2026-02-12",
      "payloads_url": "https://lfknsvavhiqrsasdfyrs.supabase.co/storage/v1/object/public/shared-storage/website/2026-02-12/payloads/",
      "images_url": "https://lfknsvavhiqrsasdfyrs.supabase.co/storage/v1/object/public/shared-storage/website/2026-02-12/article_images/",
      "article_payloads_url": "https://lfknsvavhiqrsasdfyrs.supabase.co/storage/v1/object/public/shared-storage/website/2026-02-12/article_payloads/"
    },
    {
      "date": "2026-02-11",
      "supabase_path": "website/2026-02-11",
      "payloads_url": "https://lfknsvavhiqrsasdfyrs.supabase.co/storage/v1/object/public/shared-storage/website/2026-02-11/payloads/",
      "images_url": "https://lfknsvavhiqrsasdfyrs.supabase.co/storage/v1/object/public/shared-storage/website/2026-02-11/article_images/",
      "article_payloads_url": "https://lfknsvavhiqrsasdfyrs.supabase.co/storage/v1/object/public/shared-storage/website/2026-02-11/article_payloads/"
    },
    {
      "date": "2026-02-10",
      "supabase_path": "website/2026-02-10",
      "payloads_url": "https://lfknsvavhiqrsasdfyrs.supabase.co/storage/v1/object/public/shared-storage/website/2026-02-10/payloads/",
      "images_url": "https://lfknsvavhiqrsasdfyrs.supabase.co/storage/v1/object/public/shared-storage/website/2026-02-10/article_images/",
      "article_payloads_url": "https://lfknsvavhiqrsasdfyrs.supabase.co/storage/v1/object/public/shared-storage/website/2026-02-10/article_payloads/"
    },
    {
      "date": "2026-02-09",
      "supabase_path": "website/2026-02-09",
      "payloads_url": "https://lfknsvavhiqrsasdfyrs.supabase.co/storage/v1/object/public/shared-storage/website/2026-02-09/payloads/",
      "images_url": "https://lfknsvavhiqrsasdfyrs.supabase.co/storage/v1/object/public/shared-storage/website/2026-02-09/article_images/",
      "article_payloads_url": "https://lfknsvavhiqrsasdfyrs.supabase.co/storage/v1/object/public/shared-storage/website/2026-02-09/article_payloads/"
    },
    {
      "date": "2026-02-08",
      "supabase_path": "website/2026-02-08",
      "payloads_url": "https://lfknsvavhiqrsasdfyrs.supabase.co/storage/v1/object/public/shared-storage/website/2026-02-08/payloads/",
      "images_url": "https://lfknsvavhiqrsasdfyrs.supabase.co/storage/v1/object/public/shared-storage/website/2026-02-08/article_images/",
      "article_payloads_url": "https://lfknsvavhiqrsasdfyrs.supabase.co/storage/v1/object/public/shared-storage/website/2026-02-08/article_payloads/"
    },
    {
      "date": "2026-02-07",
      "supabase_path": "website/2026-02-07",
      "payloads_url": "https://lfknsvavhiqrsasdfyrs.supabase.co/storage/v1/object/public/shared-storage/website/2026-02-07/payloads/",
      "images_url": "https://lfknsvavhiqrsasdfyrs.supabase.co/storage/v1/object/public/shared-storage/website/2026-02-07/article_images/",
      "article_payloads_url": "https://lfknsvavhiqrsasdfyrs.supabase.co/storage/v1/object/public/shared-storage/website/2026-02-07/article_payloads/"
    },
    {
      "date": "2026-02-06",
      "supabase_path": "website/2026-02-06",
      "payloads_url": "https://lfknsvavhiqrsasdfyrs.supabase.co/storage/v1/object/public/shared-storage/website/2026-02-06/payloads/",
      "images_url": "https://lfknsvavhiqrsasdfyrs.supabase.co/storage/v1/object/public/shared-storage/website/2026-02-06/article_images/",
      "article_payloads_url": "https://lfknsvavhiqrsasdfyrs.supabase.co/storage/v1/object/public/shared-storage/website/2026-02-06/article_payloads/"
    },
    {
      "date": "2026-02-05",
      "supabase_path": "website/2026-02-05",
      "payloads_url": "https://lfknsvavhiqrsasdfyrs.supabase.co/storage/v1/object/public/shared-storage/website/2026-02-05/payloads/",
      "images_url": "https://lfknsvavhiqrsasdfyrs.supabase.co/storage/v1/object/public/shared-storage/website/2026-02-05/article_images/",
      "article_payloads_url": "https://lfknsvavhiqrsasdfyrs.supabase.co/storage/v1/object/public/shared-storage/website/2026-02-05/article_payloads/"
    },
    {
      "date": "2026-02-04",
      "supabase_path": "website/2026-02-04",
      "payloads_url": "https://lfknsvavhiqrsasdfyrs.supabase.co/storage/v1/object/public/shared-storage/website/2026-02-04/payloads/",
      "images_url": "https://lfknsvavhiqrsasdfyrs.supabase.co/storage/v1/object/public/shared-storage/website/2026-02-04/article_images/",
      "article_payloads_url": "https://lfknsvavhiqrsasdfyrs.supabase.co/storage/v1/object/public/shared-storage/website/2026-02-04/article_payloads/"
    },
    {
      "date": "2026-02-03",
      "supabase_path": "website/2026-02-03",
      "payloads_url": "https://lfknsvavhiqrsasdfyrs.supabase.co/storage/v1/object/public/shared-storage/website/2026-02-03/payloads/",
      "images_url": "https://lfknsvavhiqrsasdfyrs.supabase.co/storage/v1/object/public/shared-storage/website/2026-02-03/article_images/",
      "article_payloads_url": "https://lfknsvavhiqrsasdfyrs.supabase.co/storage/v1/object/public/shared-storage/website/2026-02-03/article_payloads/"
    },
    {
      "date": "2026-02-02",
      "supabase_path": "website/2026-02-02",
      "payloads_url": "https://lfknsvavhiqrsasdfyrs.supabase.co/storage/v1/object/public/shared-storage/website/2026-02-02/payloads/",
      "images_url": "https://lfknsvavhiqrsasdfyrs.supabase.co/storage/v1/object/public/shared-storage/website/2026-02-02/article_images/",
      "article_payloads_url": "https://lfknsvavhiqrsasdfyrs.supabase.co/storage/v1/object/public/shared-storage/website/2026-02-02/article_payloads/"
    },
    {
      "date": "2026-02-01",
      "supabase_path": "website/2026-02-01",
      "payloads_url": "https://lfknsvavhiqrsasdfyrs.supabase.co/storage/v1/object/public/shared-storage/website/2026-02-01/payloads/",
      "images_url": "https://lfknsvavhiqrsasdfyrs.supabase.co/storage/v1/object/public/shared-storage/website/2026-02-01/article_images/",
      "article_payloads_url": "https://lfknsvavhiqrsasdfyrs.supabase.co/storage/v1/object/public/shared-storage/website/2026-02-01/article_payloads/"
    },
    {
      "date": "2026-01-31",
      "supabase_path": "website/2026-01-31",
      "payloads_url": "https://lfknsvavhiqrsasdfyrs.supabase.co/storage/v1/object/public/shared-storage/website/2026-01-31/payloads/",
      "images_url": "https://lfknsvavhiqrsasdfyrs.supabase.co/storage/v1/object/public/shared-storage/website/2026-01-31/article_images/",
      "article_payloads_url": "https://lfknsvavhiqrsasdfyrs.supabase.co/storage/v1/object/public/shared-storage/website/2026-01-31/article_payloads/"
    },
    {
      "date": "2026-01-30",
      "supabase_path": "website/2026-01-30",
      "payloads_url": "https://lfknsvavhiqrsasdfyrs.supabase.co/storage/v1/object/public/shared-storage/website/2026-01-30/payloads/",
      "images_url": "https://lfknsvavhiqrsasdfyrs.supabase.co/storage/v1/object/public/shared-storage/website/2026-01-30/article_images/",
      "article_payloads_url": "https://lfknsvavhiqrsasdfyrs.supabase.co/storage/v1/object/public/shared-storage/website/2026-01-30/article_payloads/"
    },
    {
      "date": "2026-01-29",
      "supabase_path": "website/2026-01-29",
      "payloads_url": "https://lfknsvavhiqrsasdfyrs.supabase.co/storage/v1/object/public/shared-storage/website/2026-01-29/payloads/",
      "images_url": "https://lfknsvavhiqrsasdfyrs.supabase.co/storage/v1/object/public/shared-storage/website/2026-01-29/article_images/",
      "article_payloads_url": "https://lfknsvavhiqrsasdfyrs.supabase.co/storage/v1/object/public/shared-storage/website/2026-01-29/article_payloads/"
    },
    {
      "date": "2026-01-28",
      "supabase_path": "website/2026-01-28",
      "payloads_url": "https://lfknsvavhiqrsasdfyrs.supabase.co/storage/v1/object/public/shared-storage/website/2026-01-28/payloads/",
      "images_url": "https://lfknsvavhiqrsasdfyrs.supabase.co/storage/v1/object/public/shared-storage/website/2026-01-28/article_images/",
      "article_payloads_url": "https://lfknsvavhiqrsasdfyrs.supabase.co/storage/v1/object/public/shared-storage/website/2026-01-28/article_payloads/"
    },
    {
      "date": "2026-01-27",
      "supabase_path": "website/2026-01-27",
      "payloads_url": "https://lfknsvavhiqrsasdfyrs.supabase.co/storage/v1/object/public/shared-storage/website/2026-01-27/payloads/",
      "images_url": "https://lfknsvavhiqrsasdfyrs.supabase.co/storage/v1/object/public/shared-storage/website/2026-01-27/article_images/",
      "article_payloads_url": "https://lfknsvavhiqrsasdfyrs.supabase.co/storage/v1/object/public/shared-storage/website/2026-01-27/article_payloads/"
    },
    {
      "date": "2026-01-26",
      "supabase_path": "website/2026-01-26",
      "payloads_url": "https://lfknsvavhiqrsasdfyrs.supabase.co/storage/v1/object/public/shared-storage/website/2026-01-26/payloads/",
      "images_url": "https://lfknsvavhiqrsasdfyrs.supabase.co/storage/v1/object/public/shared-storage/website/2026-01-26/article_images/",
      "article_payloads_url": "https://lfknsvavhiqrsasdfyrs.supabase.co/storage/v1/object/public/shared-storage/website/2026-01-26/article_payloads/"
    },
    {
      "date": "2026-01-25",
      "supabase_path": "website/2026-01-25",
      "payloads_url": "https://lfknsvavhiqrsasdfyrs.supabase.co/storage/v1/object/public/shared-storage/website/2026-01-25/payloads/",
      "images_url": "https://lfknsvavhiqrsasdfyrs.supabase.co/storage/v1/object/public/shared-storage/website/2026-01-25/article_images/",
      "article_payloads_url": "https://lfknsvavhiqrsasdfyrs.supabase.co/storage/v1/object/public/shared-storage/website/2026-01-25/article_payloads/"
    },
    {
      "date": "2026-01-24",
      "supabase_path": "website/2026-01-24",
      "payloads_url": "https://lfknsvavhiqrsasdfyrs.supabase.co/storage/v1/object/public/shared-storage/website/2026-01-24/payloads/",
      "images_url": "https://lfknsvavhiqrsasdfyrs.supabase.co/storage/v1/object/public/shared-storage/website/2026-01-24/article_images/",
      "article_payloads_url": "https://lfknsvavhiqrsasdfyrs.supabase.co/storage/v1/object/public/shared-storage/website/2026-01-24/article_payloads/"
    },
    {
      "date": "2026-01-23",
      "supabase_path": "website/2026-01-23",
      "payloads_url": "https://lfknsvavhiqrsasdfyrs.supabase.co/storage/v1/object/public/shared-storage/website/2026-01-23/payloads/",
      "images_url": "https://lfknsvavhiqrsasdfyrs.supabase.co/storage/v1/object/public/shared-storage/website/2026-01-23/article_images/",
      "article_payloads_url": "https://lfknsvavhiqrsasdfyrs.supabase.co/storage/v1/object/public/shared-storage/website/2026-01-23/article_payloads/"
    },
    {
      "date": "2026-01-22",
      "supabase_path": "website/2026-01-22",
      "payloads_url": "https://lfknsvavhiqrsasdfyrs.supabase.co/storage/v1/object/public/shared-storage/website/2026-01-22/payloads/",
      "images_url": "https://lfknsvavhiqrsasdfyrs.supabase.co/storage/v1/object/public/shared-storage/website/2026-01-22/article_images/",
      "article_payloads_url": "https://lfknsvavhiqrsasdfyrs.supabase.co/storage/v1/object/public/shared-storage/website/2026-01-22/article_payloads/"
    },
    {
      "date": "2026-01-21",
      "supabase_path": "website/2026-01-21",
      "payloads_url": "https://lfknsvavhiqrsasdfyrs.supabase.co/storage/v1/object/public/shared-storage/website/2026-01-21/payloads/",
      "images_url": "https://lfknsvavhiqrsasdfyrs.supabase.co/storage/v1/object/public/shared-storage/website/2026-01-21/article_images/",
      "article_payloads_url": "https://lfknsvavhiqrsasdfyrs.supabase.co/storage/v1/object/public/shared-storage/website/2026-01-21/article_payloads/"
    },
    {
      "date": "2026-01-20",
      "supabase_path": "website/2026-01-20",
      "payloads_url": "https://lfknsvavhiqrsasdfyrs.supabase.co/storage/v1/object/public/shared-storage/website/2026-01-20/payloads/",
      "images_url": "https://lfknsvavhiqrsasdfyrs.supabase.co/storage/v1/object/public/shared-storage/website/2026-01-20/article_images/",
      "article_payloads_url": "https://lfknsvavhiqrsasdfyrs.supabase.co/storage/v1/object/public/shared-storage/website/2026-01-20/article_payloads/"
    },
    {
      "date": "2026-01-19",
      "supabase_path": "website/2026-01-19",
      "payloads_url": "https://lfknsvavhiqrsasdfyrs.supabase.co/storage/v1/object/public/shared-storage/website/2026-01-19/payloads/",
      "images_url": "https://lfknsvavhiqrsasdfyrs.supabase.co/storage/v1/object/public/shared-storage/website/2026-01-19/article_images/",
      "article_payloads_url": "https://lfknsvavhiqrsasdfyrs.supabase.co/storage/v1/object/public/shared-storage/website/2026-01-19/article_payloads/"
    },
    {
      "date": "2026-01-18",
      "supabase_path": "website/2026-01-18",
      "payloads_url": "https://lfknsvavhiqrsasdfyrs.supabase.co/storage/v1/object/public/shared-storage/website/2026-01-18/payloads/",
      "images_url": "https://lfknsvavhiqrsasdfyrs.supabase.co/storage/v1/object/public/shared-storage/website/2026-01-18/article_images/",
      "article_payloads_url": "https://lfknsvavhiqrsasdfyrs.supabase.co/storage/v1/object/public/shared-storage/website/2026-01-18/article_payloads/"
    },
    {
      "date": "2026-01-17",
      "supabase_path": "website/2026-01-17",
      "payloads_url": "https://lfknsvavhiqrsasdfyrs.supabase.co/storage/v1/object/public/shared-storage/website/2026-01-17/payloads/",
      "images_url": "https://lfknsvavhiqrsasdfyrs.supabase.co/storage/v1/object/public/shared-storage/website/2026-01-17/article_images/",
      "article_payloads_url": "https://lfknsvavhiqrsasdfyrs.supabase.co/storage/v1/object/public/shared-storage/website/2026-01-17/article_payloads/"
    },
    {
      "date": "2026-01-16",
      "supabase_path": "website/2026-01-16",
      "payloads_url": "https://lfknsvavhiqrsasdfyrs.supabase.co/storage/v1/object/public/shared-storage/website/2026-01-16/payloads/",
      "images_url": "https://lfknsvavhiqrsasdfyrs.supabase.co/storage/v1/object/public/shared-storage/website/2026-01-16/article_images/",
      "article_payloads_url": "https://lfknsvavhiqrsasdfyrs.supabase.co/storage/v1/object/public/shared-storage/website/2026-01-16/article_payloads/"
    },
    {
      "date": "2026-01-15",
      "supabase_path": "website/2026-01-15",
      "payloads_url": "https://lfknsvavhiqrsasdfyrs.supabase.co/storage/v1/object/public/shared-storage/website/2026-01-15/payloads/",
      "images_url": "https://lfknsvavhiqrsasdfyrs.supabase.co/storage/v1/object/public/shared-storage/website/2026-01-15/article_images/",
      "article_payloads_url": "https://lfknsvavhiqrsasdfyrs.supabase.co/storage/v1/object/public/shared-storage/website/2026-01-15/article_payloads/"
    },
    {
      "date": "2026-01-14",
      "supabase_path": "website/2026-01-14",
      "payloads_url": "https://lfknsvavhiqrsasdfyrs.supabase.co/storage/v1/object/public/shared-storage/website/2026-01-14/payloads/",
      "images_url": "https://lfknsvavhiqrsasdfyrs.supabase.co/storage/v1/object/public/shared-storage/website/2026-01-14/article_images/",
      "article_payloads_url": "https://lfknsvavhiqrsasdfyrs.supabase.co/storage/v1/object/public/shared-storage/website/2026-01-14/article_payloads/"
    },
    {
      "date": "2026-01-13",
      "supabase_path": "website/2026-01-13",
      "payloads_url": "https://lfknsvavhiqrsasdfyrs.supabase.co/storage/v1/object/public/shared-storage/website/2026-01-13/payloads/",
      "images_url": "https://lfknsvavhiqrsasdfyrs.supabase.co/storage/v1/object/public/shared-storage/website/2026-01-13/article_images/",
      "article_payloads_url": "https://lfknsvavhiqrsasdfyrs.supabase.co/storage/v1/object/public/shared-storage/website/2026-01-13/article_payloads/"
    },
    {
      "date": "2026-01-12",
      "supabase_path": "website/2026-01-12",
      "payloads_url": "https://lfknsvavhiqrsasdfyrs.supabase.co/storage/v1/object/public/shared-storage/website/2026-01-12/payloads/",
      "images_url": "https://lfknsvavhiqrsasdfyrs.supabase.co/storage/v1/object/public/shared-storage/website/2026-01-12/article_images/",
      "article_payloads_url": "https://lfknsvavhiqrsasdfyrs.supabase.co/storage/v1/object/public/shared-storage/website/2026-01-12/article_payloads/"
    },
    {
      "date": "2026-01-11",
      "supabase_path": "website/2026-01-11",
      "payloads_url": "https://lfknsvavhiqrsasdfyrs.supabase.co/storage/v1/object/public/shared-storage/website/2026-01-11/payloads/",
      "images_url": "https://lfknsvavhiqrsasdfyrs.supabase.co/storage/v1/object/public/shared-storage/website/2026-01-11/article_images/",
      "article_payloads_url": "https://lfknsvavhiqrsasdfyrs.supabase.co/storage/v1/object/public/shared-storage/website/2026-01-11/article_payloads/"
    },
    {
      "date": "2026-01-10",
      "supabase_path": "website/2026-01-10",
      "payloads_url": "https://lfknsvavhiqrsasdfyrs.supabase.co/storage/v1/object/public/shared-storage/website/2026-01-10/payloads/",
      "images_url": "https://lfknsvavhiqrsasdfyrs.supabase.co/storage/v1/object/public/shared-storage/website/2026-01-10/article_images/",
      "article_payloads_url": "https://lfknsvavhiqrsasdfyrs.supabase.co/storage/v1/object/public/shared-storage/website/2026-01-10/article_payloads/"
    },
    {
      "date": "2026-01-09",
      "supabase_path": "website/2026-01-09",
      "payloads_url": "https://lfknsvavhiqrsasdfyrs.supabase.co/storage/v1/object/public/shared-storage/website/2026-01-09/payloads/",
      "images_url": "https://lfknsvavhiqrsasdfyrs.supabase.co/storage/v1/object/public/shared-storage/website/2026-01-09/article_images/",
      "article_payloads_url": "https://lfknsvavhiqrsasdfyrs.supabase.co/storage/v1/object/public/shared-storage/website/2026-01-09/article_payloads/"
    },
    {
      "date": "2026-01-08",
      "supabase_path": "website/2026-01-08",
      "payloads_url": "https://lfknsvavhiqrsasdfyrs.supabase.co/storage/v1/object/public/shared-storage/website/2026-01-08/payloads/",
      "images_url": "https://lfknsvavhiqrsasdfyrs.supabase.co/storage/v1/object/public/shared-storage/website/2026-01-08/article_images/",
      "article_payloads_url": "https://lfknsvavhiqrsasdfyrs.supabase.co/storage/v1/object/public/shared-storage/website/2026-01-08/article_payloads/"
    },
    {
      "date": "2026-01-07",
      "supabase_path": "website/2026-01-07",
      "payloads_url": "https://lfknsvavhiqrsasdfyrs.supabase.co/storage/v1/object/public/shared-storage/website/2026-01-07/payloads/",
      "images_url": "https://lfknsvavhiqrsasdfyrs.supabase.co/storage/v1/object/public/shared-storage/website/2026-01-07/article_images/",
      "article_payloads_url": "https://lfknsvavhiqrsasdfyrs.supabase.co/storage/v1/object/public/shared-storage/website/2026-01-07/article_payloads/"
    },
    {
      "date": "2026-01-06",
      "supabase_path": "website/2026-01-06",
      "payloads_url": "https://lfknsvavhiqrsasdfyrs.supabase.co/storage/v1/object/public/shared-storage/website/2026-01-06/payloads/",
      "images_url": "https://lfknsvavhiqrsasdfyrs.supabase.co/storage/v1/object/public/shared-storage/website/2026-01-06/article_images/",
      "article_payloads_url": "https://lfknsvavhiqrsasdfyrs.supabase.co/storage/v1/object/public/shared-storage/website/2026-01-06/article_payloads/"
    },
    {
      "date": "2026-01-05",
      "supabase_path": "website/2026-01-05",
      "payloads_url": "https://lfknsvavhiqrsasdfyrs.supabase.co/storage/v1/object/public/shared-storage/website/2026-01-05/payloads/",
      "images_url": "https://lfknsvavhiqrsasdfyrs.supabase.co/storage/v1/object/public/shared-storage/website/2026-01-05/article_images/",
      "article_payloads_url": "https://lfknsvavhiqrsasdfyrs.supabase.co/storage/v1/object/public/shared-storage/website/2026-01-05/article_payloads/"
    },
    {
      "date": "2026-01-04",
      "supabase_path": "website/2026-01-04",
      "payloads_url": "https://lfknsvavhiqrsasdfyrs.supabase.co/storage/v1/object/public/shared-storage/website/2026-01-04/payloads/",
      "images_url": "https://lfknsvavhiqrsasdfyrs.supabase.co/storage/v1/object/public/shared-storage/website/2026-01-04/article_images/",
      "article_payloads_url": "https://lfknsvavhiqrsasdfyrs.supabase.co/storage/v1/object/public/shared-storage/website/2026-01-04/article_payloads/"
    },
    {
      "date": "2026-01-03",
      "supabase_path": "website/2026-01-03",
      "payloads_url": "https://lfknsvavhiqrsasdfyrs.supabase.co/storage/v1/object/public/shared-storage/website/2026-01-03/payloads/",
      "images_url": "https://lfknsvavhiqrsasdfyrs.supabase.co/storage/v1/object/public/shared-storage/website/2026-01-03/article_images/",
      "article_payloads_url": "https://lfknsvavhiqrsasdfyrs.supabase.co/storage/v1/object/public/shared-storage/website/2026-01-03/article_payloads/"
    },
    {
      "date": "2026-01-02",
      "supabase_path": "website/2026-01-02",
      "payloads_url": "https://lfknsvavhiqrsasdfyrs.supabase.co/storage/v1/object/public/shared-storage/website/2026-01-02/payloads/",
      "images_url": "https://lfknsvavhiqrsasdfyrs.supabase.co/storage/v1/object/public/shared-storage/website/2026-01-02/article_images/",
      "article_payloads_url": "https://lfknsvavhiqrsasdfyrs.supabase.co/storage/v1/object/public/shared-storage/website/2026-01-02/article_payloads/"
    },
    {
      "date": "2026-01-01",
      "supabase_path": "website/2026-01-01",
      "payloads_url": "https://lfknsvavhiqrsasdfyrs.supabase.co/storage/v1/object/public/shared-storage/website/2026-01-01/payloads/",
      "images_url": "https://lfknsvavhiqrsasdfyrs.supabase.co/storage/v1/object/public/shared-storage/website/2026-01-01/article_images/",
      "article_payloads_url": "https://lfknsvavhiqrsasdfyrs.supabase.co/storage/v1/object/public/shared-storage/website/2026-01-01/article_payloads/"
    },
    {
      "date": "2025-12-31",
      "supabase_path": "website/2025-12-31",
      "payloads_url": "https://lfknsvavhiqrsasdfyrs.supabase.co/storage/v1/object/public/shared-storage/website/2025-12-31/payloads/",
      "images_url": "https://lfknsvavhiqrsasdfyrs.supabase.co/storage/v1/object/public/shared-storage/website/2025-12-31/article_images/",
      "article_payloads_url": "https://lfknsvavhiqrsasdfyrs.supabase.co/storage/v1/object/public/shared-storage/website/2025-12-31/article_payloads/"
    },
    {
      "date": "2025-12-30",
      "supabase_path": "website/2025-12-30",
      "payloads_url": "https://lfknsvavhiqrsasdfyrs.supabase.co/storage/v1/object/public/shared-storage/website/2025-12-30/payloads/",
      "images_url": "https://lfknsvavhiqrsasdfyrs.supabase.co/storage/v1/object/public/shared-storage/website/2025-12-30/article_images/",
      "article_payloads_url": "https://lfknsvavhiqrsasdfyrs.supabase.co/storage/v1/object/public/shared-storage/website/2025-12-30/article_payloads/"
    },
    {
      "date": "2025-12-29",
      "supabase_path": "website/2025-12-29",
      "payloads_url": "https://lfknsvavhiqrsasdfyrs.supabase.co/storage/v1/object/public/shared-storage/website/2025-12-29/payloads/",
      "images_url": "https://lfknsvavhiqrsasdfyrs.supabase.co/storage/v1/object/public/shared-storage/website/2025-12-29/article_images/",
      "article_payloads_url": "https://lfknsvavhiqrsasdfyrs.supabase.co/storage/v1/object/public/shared-storage/website/2025-12-29/article_payloads/"
    },
    {
      "date": "2025-12-28",
      "supabase_path": "website/2025-12-28",
      "payloads_url": "https://lfknsvavhiqrsasdfyrs.supabase.co/storage/v1/object/public/shared-storage/website/2025-12-28/payloads/",
      "images_url": "https://lfknsvavhiqrsasdfyrs.supabase.co/storage/v1/object/public/shared-storage/website/2025-12-28/article_images/",
      "article_payloads_url": "https://lfknsvavhiqrsasdfyrs.supabase.co/storage/v1/object/public/shared-storage/website/2025-12-28/article_payloads/"
    },
    {
      "date": "2025-12-27",
      "supabase_path": "website/2025-12-27",
      "payloads_url": "https://lfknsvavhiqrsasdfyrs.supabase.co/storage/v1/object/public/shared-storage/website/2025-12-27/payloads/",
      "images_url": "https://lfknsvavhiqrsasdfyrs.supabase.co/storage/v1/object/public/shared-storage/website/2025-12-27/article_images/",
      "article_payloads_url": "https://lfknsvavhiqrsasdfyrs.supabase.co/storage/v1/object/public/shared-storage/website/2025-12-27/article_payloads/"
    },
    {
      "date": "2025-12-26",
      "supabase_path": "website/2025-12-26",
      "payloads_url": "https://lfknsvavhiqrsasdfyrs.supabase.co/storage/v1/object/public/shared-storage/website/2025-12-26/payloads/",
      "images_url": "https://lfknsvavhiqrsasdfyrs.supabase.co/storage/v1/object/public/shared-storage/website/2025-12-26/article_images/",
      "article_payloads_url": "https://lfknsvavhiqrsasdfyrs.supabase.co/storage/v1/object/public/shared-storage/website/2025-12-26/article_payloads/"
    },
    {
      "date": "2025-12-25",
      "supabase_path": "website/2025-12-25",
      "payloads_url": "https://lfknsvavhiqrsasdfyrs.supabase.co/storage/v1/object/public/shared-storage/website/2025-12-25/payloads/",
      "images_url": "https://lfknsvavhiqrsasdfyrs.supabase.co/storage/v1/object/public/shared-storage/website/2025-12-25/article_images/",
      "article_payloads_url": "https://lfknsvavhiqrsasdfyrs.supabase.co/storage/v1/object/public/shared-storage/website/2025-12-25/article_payloads/"
    },
    {
      "date": "2025-12-24",
      "supabase_path": "website/2025-12-24",
      "payloads_url": "https://lfknsvavhiqrsasdfyrs.supabase.co/storage/v1/object/public/shared-storage/website/2025-12-24/payloads/",
      "images_url": "https://lfknsvavhiqrsasdfyrs.supabase.co/storage/v1/object/public/shared-storage/website/2025-12-24/article_images/",
      "article_payloads_url": "https://lfknsvavhiqrsasdfyrs.supabase.co/storage/v1/object/public/shared-storage/website/2025-12-24/article_payloads/"
    },
    {
      "date": "2025-12-23",
      "supabase_path": "website/2025-12-23",
      "payloads_url": "https://lfknsvavhiqrsasdfyrs.supabase.co/storage/v1/object/public/shared-storage/website/2025-12-23/payloads/",
      "images_url": "https://lfknsvavhiqrsasdfyrs.supabase.co/storage/v1/object/public/shared-storage/website/2025-12-23/article_images/",
      "article_payloads_url": "https://lfknsvavhiqrsasdfyrs.supabase.co/storage/v1/object/public/shared-storage/website/2025-12-23/article_payloads/"
    },
    {
      "date": "2025-12-22",
      "supabase_path": "website/2025-12-22",
      "payloads_url": "https://lfknsvavhiqrsasdfyrs.supabase.co/storage/v1/object/public/shared-storage/website/2025-12-22/payloads/",
      "images_url": "https://lfknsvavhiqrsasdfyrs.supabase.co/storage/v1/object/public/shared-storage/website/2025-12-22/article_images/",
      "article_payloads_url": "https://lfknsvavhiqrsasdfyrs.supabase.co/storage/v1/object/public/shared-storage/website/2025-12-22/article_payloads/"
    },
    {
      "date": "2025-12-21",
      "supabase_path": "website/2025-12-21",
      "payloads_url": "https://lfknsvavhiqrsasdfyrs.supabase.co/storage/v1/object/public/shared-storage/website/2025-12-21/payloads/",
      "images_url": "https://lfknsvavhiqrsasdfyrs.supabase.co/storage/v1/object/public/shared-storage/website/2025-12-21/article_images/",
      "article_payloads_url": "https://lfknsvavhiqrsasdfyrs.supabase.co/storage/v1/object/public/shared-storage/website/2025-12-21/article_payloads/"
    },
    {
      "date": "2025-12-20",
      "supabase_path": "website/2025-12-20",
      "payloads_url": "https://lfknsvavhiqrsasdfyrs.supabase.co/storage/v1/object/public/shared-storage/website/2025-12-20/payloads/",
      "images_url": "https://lfknsvavhiqrsasdfyrs.supabase.co/storage/v1/object/public/shared-storage/website/2025-12-20/article_images/",
      "article_payloads_url": "https://lfknsvavhiqrsasdfyrs.supabase.co/storage/v1/object/public/shared-storage/website/2025-12-20/article_payloads/"
    },
    {
      "date": "2025-12-19",
      "supabase_path": "website/2025-12-19",
      "payloads_url": "https://lfknsvavhiqrsasdfyrs.supabase.co/storage/v1/object/public/shared-storage/website/2025-12-19/payloads/",
      "images_url": "https://lfknsvavhiqrsasdfyrs.supabase.co/storage/v1/object/public/shared-storage/website/2025-12-19/article_images/",
      "article_payloads_url": "https://lfknsvavhiqrsasdfyrs.supabase.co/storage/v1/object/public/shared-storage/website/2025-12-19/article_payloads/"
    },
    {
      "date": "2025-12-18",
      "supabase_path": "website/2025-12-18",
      "payloads_url": "https://lfknsvavhiqrsasdfyrs.supabase.co/storage/v1/object/public/shared-storage/website/2025-12-18/payloads/",
      "images_url": "https://lfknsvavhiqrsasdfyrs.supabase.co/storage/v1/object/public/shared-storage/website/2025-12-18/article_images/",
      "article_payloads_url": "https://lfknsvavhiqrsasdfyrs.supabase.co/storage/v1/object/public/shared-storage/website/2025-12-18/article_payloads/"
    },
    {
      "date": "2025-12-17",
      "supabase_path": "website/2025-12-17",
      "payloads_url": "https://lfknsvavhiqrsasdfyrs.supabase.co/storage/v1/object/public/shared-storage/website/2025-12-17/payloads/",
      "images_url": "https://lfknsvavhiqrsasdfyrs.supabase.co/storage/v1/object/public/shared-storage/website/2025-12-17/article_images/",
      "article_payloads_url": "https://lfknsvavhiqrsasdfyrs.supabase.co/storage/v1/object/public/shared-storage/website/2025-12-17/article_payloads/"
    },
    {
      "date": "2025-12-16",
      "supabase_path": "website/2025-12-16",
      "payloads_url": "https://lfknsvavhiqrsasdfyrs.supabase.co/storage/v1/object/public/shared-storage/website/2025-12-16/payloads/",
      "images_url": "https://lfknsvavhiqrsasdfyrs.supabase.co/storage/v1/object/public/shared-storage/website/2025-12-16/article_images/",
      "article_payloads_url": "https://lfknsvavhiqrsasdfyrs.supabase.co/storage/v1/object/public/shared-storage/website/2025-12-16/article_payloads/"
    },
    {
      "date": "2025-12-15",
      "supabase_path": "website/2025-12-15",
      "payloads_url": "https://lfknsvavhiqrsasdfyrs.supabase.co/storage/v1/object/public/shared-storage/website/2025-12-15/payloads/",
      "images_url": "https://lfknsvavhiqrsasdfyrs.supabase.co/storage/v1/object/public/shared-storage/website/2025-12-15/article_images/",
      "article_payloads_url": "https://lfknsvavhiqrsasdfyrs.supabase.co/storage/v1/object/public/shared-storage/website/2025-12-15/article_payloads/"
    },
    {
      "date": "2025-12-14",
      "supabase_path": "website/2025-12-14",
      "payloads_url": "https://lfknsvavhiqrsasdfyrs.supabase.co/storage/v1/object/public/shared-storage/website/2025-12-14/payloads/",
      "images_url": "https://lfknsvavhiqrsasdfyrs.supabase.co/storage/v1/object/public/shared-storage/website/2025-12-14/article_images/",
      "article_payloads_url": "https://lfknsvavhiqrsasdfyrs.supabase.co/storage/v1/object/public/shared-storage/website/2025-12-14/article_payloads/"
    },
    {
      "date": "2025-12-13",
      "supabase_path": "website/2025-12-13",
      "payloads_url": "https://lfknsvavhiqrsasdfyrs.supabase.co/storage/v1/object/public/shared-storage/website/2025-12-13/payloads/",
      "images_url": "https://lfknsvavhiqrsasdfyrs.supabase.co/storage/v1/object/public/shared-storage/website/2025-12-13/article_images/",
      "article_payloads_url": "https://lfknsvavhiqrsasdfyrs.supabase.co/storage/v1/object/public/shared-storage/website/2025-12-13/article_payloads/"
    },
    {
      "date": "2025-12-12",
      "supabase_path": "website/2025-12-12",
      "payloads_url": "https://lfknsvavhiqrsasdfyrs.supabase.co/storage/v1/object/public/shared-storage/website/2025-12-12/payloads/",
      "images_url": "https://lfknsvavhiqrsasdfyrs.supabase.co/storage/v1/object/public/shared-storage/website/2025-12-12/article_images/",
      "article_payloads_url": "https://lfknsvavhiqrsasdfyrs.supabase.co/storage/v1/object/public/shared-storage/website/2025-12-12/article_payloads/"
    },
    {
      "date": "2025-12-11",
      "supabase_path": "website/2025-12-11",
      "payloads_url": "https://lfknsvavhiqrsasdfyrs.supabase.co/storage/v1/object/public/shared-storage/website/2025-12-11/payloads/",
      "images_url": "https://lfknsvavhiqrsasdfyrs.supabase.co/storage/v1/object/public/shared-storage/website/2025-12-11/article_images/",
      "article_payloads_url": "https://lfknsvavhiqrsasdfyrs.supabase.co/storage/v1/object/public/shared-storage/website/2025-12-11/article_payloads/"
    },
    {
      "date": "2025-12-10",
      "supabase_path": "website/2025-12-10",
      "payloads_url": "https://lfknsvavhiqrsasdfyrs.supabase.co/storage/v1/object/public/shared-storage/website/2025-12-10/payloads/",
      "images_url": "https://lfknsvavhiqrsasdfyrs.supabase.co/storage/v1/object/public/shared-storage/website/2025-12-10/article_images/",
      "article_payloads_url": "https://lfknsvavhiqrsasdfyrs.supabase.co/storage/v1/object/public/shared-storage/website/2025-12-10/article_payloads/"
    },
    {
      "date": "2025-12-09",
      "supabase_path": "website/2025-12-09",
      "payloads_url": "https://lfknsvavhiqrsasdfyrs.supabase.co/storage/v1/object/public/shared-storage/website/2025-12-09/payloads/",
      "images_url": "https://lfknsvavhiqrsasdfyrs.supabase.co/storage/v1/object/public/shared-storage/website/2025-12-09/article_images/",
      "article_payloads_url": "https://lfknsvavhiqrsasdfyrs.supabase.co/storage/v1/object/public/shared-storage/website/2025-12-09/article_payloads/"
    },
    {
      "date": "2025-12-08",
      "supabase_path": "website/2025-12-08",
      "payloads_url": "https://lfknsvavhiqrsasdfyrs.supabase.co/storage/v1/object/public/shared-storage/website/2025-12-08/payloads/",
      "images_url": "https://lfknsvavhiqrsasdfyrs.supabase.co/storage/v1/object/public/shared-storage/website/2025-12-08/article_images/",
      "article_payloads_url": "https://lfknsvavhiqrsasdfyrs.supabase.co/storage/v1/object/public/shared-storage/website/2025-12-08/article_payloads/"
    },
    {
      "date": "2025-12-07",
      "supabase_path": "website/2025-12-07",
      "payloads_url": "https://lfknsvavhiqrsasdfyrs.supabase.co/storage/v1/object/public/shared-storage/website/2025-12-07/payloads/",
      "images_url": "https://lfknsvavhiqrsasdfyrs.supabase.co/storage/v1/object/public/shared-storage/website/2025-12-07/article_images/",
      "article_payloads_url": "https://lfknsvavhiqrsasdfyrs.supabase.co/storage/v1/object/public/shared-storage/website/2025-12-07/article_payloads/"
    },
    {
      "date": "2025-12-06",
      "supabase_path": "website/2025-12-06",
      "payloads_url": "https://lfknsvavhiqrsasdfyrs.supabase.co/storage/v1/object/public/shared-storage/website/2025-12-06/payloads/",
      "images_url": "https://lfknsvavhiqrsasdfyrs.supabase.co/storage/v1/object/public/shared-storage/website/2025-12-06/article_images/",
      "article_payloads_url": "https://lfknsvavhiqrsasdfyrs.supabase.co/storage/v1/object/public/shared-storage/website/2025-12-06/article_payloads/"
    },
    {
      "date": "2025-12-05",
      "supabase_path": "website/2025-12-05",
      "payloads_url": "https://lfknsvavhiqrsasdfyrs.supabase.co/storage/v1/object/public/shared-storage/website/2025-12-05/payloads/",
      "images_url": "https://lfknsvavhiqrsasdfyrs.supabase.co/storage/v1/object/public/shared-storage/website/2025-12-05/article_images/",
      "article_payloads_url": "https://lfknsvavhiqrsasdfyrs.supabase.co/storage/v1/object/public/shared-storage/website/2025-12-05/article_payloads/"
    },
    {
      "date": "2025-12-04",
      "supabase_path": "website/2025-12-04",
      "payloads_url": "https://lfknsvavhiqrsasdfyrs.supabase.co/storage/v1/object/public/shared-storage/website/2025-12-04/payloads/",
      "images_url": "https://lfknsvavhiqrsasdfyrs.supabase.co/storage/v1/object/public/shared-storage/website/2025-12-04/article_images/",
      "article_payloads_url": "https://lfknsvavhiqrsasdfyrs.supabase.co/storage/v1/object/public/shared-storage/website/2025-12-04/article_payloads/"
    },
    {
      "date": "2025-12-03",
      "supabase_path": "website/2025-12-03",
      "payloads_url": "https://lfknsvavhiqrsasdfyrs.supabase.co/storage/v1/object/public/shared-storage/website/2025-12-03/payloads/",
      "images_url": "https://lfknsvavhiqrsasdfyrs.supabase.co/storage/v1/object/public/shared-storage/website/2025-12-03/article_images/",
      "article_payloads_url": "https://lfknsvavhiqrsasdfyrs.supabase.co/storage/v1/object/public/shared-storage/website/2025-12-03/article_payloads/"
    },
    {
      "date": "2025-12-02",
      "supabase_path": "website/2025-12-02",
      "payloads_url": "https://lfknsvavhiqrsasdfyrs.supabase.co/storage/v1/object/public/shared-storage/website/2025-12-02/payloads/",
      "images_url": "https://lfknsvavhiqrsasdfyrs.supabase.co/storage/v1/object/public/shared-storage/website/2025-12-02/article_images/",
      "article_payloads_url": "https://lfknsvavhiqrsasdfyrs.supabase.co/storage/v1/object/public/shared-storage/website/2025-12-02/article_payloads/"
    },
    {
      "date": "2025-12-01",
      "supabase_path": "website/2025-12-01",
      "payloads_url": "https://lfknsvavhiqrsasdfyrs.supabase.co/storage/v1/object/public/shared-storage/website/2025-12-01/payloads/",
      "images_url": "https://lfknsvavhiqrsasdfyrs.supabase.co/storage/v1/object/public/shared-storage/website/2025-12-01/article_images/",
      "article_payloads_url": "https://lfknsvavhiqrsasdfyrs.supabase.co/storage/v1/object/public/shared-storage/website/2025-12-01/article_payloads/"
    },
    {
      "date": "2025-11-30",
      "supabase_path": "website/2025-11-30",
      "payloads_url": "https://lfknsvavhiqrsasdfyrs.supabase.co/storage/v1/object/public/shared-storage/website/2025-11-30/payloads/",
      "images_url": "https://lfknsvavhiqrsasdfyrs.supabase.co/storage/v1/object/public/shared-storage/website/2025-11-30/article_images/",
      "article_payloads_url": "https://lfknsvavhiqrsasdfyrs.supabase.co/storage/v1/object/public/shared-storage/website/2025-11-30/article_payloads/"
    },
    {
      "date": "2025-11-29",
      "supabase_path": "website/2025-11-29",
      "payloads_url": "https://lfknsvavhiqrsasdfyrs.supabase.co/storage/v1/object/public/shared-storage/website/2025-11-29/payloads/",
      "images_url": "https://lfknsvavhiqrsasdfyrs.supabase.co/storage/v1/object/public/shared-storage/website/2025-11-29/article_images/",
      "article_payloads_url": "https://lfknsvavhiqrsasdfyrs.supabase.co/storage/v1/object/public/shared-storage/website/2025-11-29/article_payloads/"
    },
    {
      "date": "2025-11-28",
      "supabase_path": "website/2025-11-28",
      "payloads_url": "https://lfknsvavhiqrsasdfyrs.supabase.co/storage/v1/object/public/shared-storage/website/2025-11-28/payloads/",
      "images_url": "https://lfknsvavhiqrsasdfyrs.supabase.co/storage/v1/object/public/shared-storage/website/2025-11-28/article_images/",
      "article_payloads_url": "https://lfknsvavhiqrsasdfyrs.supabase.co/storage/v1/object/public/shared-storage/website/2025-11-28/article_payloads/"
    },
    {
      "date": "2025-11-27",
      "supabase_path": "website/2025-11-27",
      "payloads_url": "https://lfknsvavhiqrsasdfyrs.supabase.co/storage/v1/object/public/shared-storage/website/2025-11-27/payloads/",
      "images_url": "https://lfknsvavhiqrsasdfyrs.supabase.co/storage/v1/object/public/shared-storage/website/2025-11-27/article_images/",
      "article_payloads_url": "https://lfknsvavhiqrsasdfyrs.supabase.co/storage/v1/object/public/shared-storage/website/2025-11-27/article_payloads/"
    },
    {
      "date": "2025-11-26",
      "supabase_path": "website/2025-11-26",
      "payloads_url": "https://lfknsvavhiqrsasdfyrs.supabase.co/storage/v1/object/public/shared-storage/website/2025-11-26/payloads/",
      "images_url": "https://lfknsvavhiqrsasdfyrs.supabase.co/storage/v1/object/public/shared-storage/website/2025-11-26/article_images/",
      "article_payloads_url": "https://lfknsvavhiqrsasdfyrs.supabase.co/storage/v1/object/public/shared-storage/website/2025-11-26/article_payloads/"
    },
    {
      "date": "2025-11-25",
      "supabase_path": "website/2025-11-25",
      "payloads_url": "https://lfknsvavhiqrsasdfyrs.supabase.co/storage/v1/object/public/shared-storage/website/2025-11-25/payloads/",
      "images_url": "https://lfknsvavhiqrsasdfyrs.supabase.co/storage/v1/object/public/shared-storage/website/2025-11-25/article_images/",
      "article_payloads_url": "https://lfknsvavhiqrsasdfyrs.supabase.co/storage/v1/object/public/shared-storage/website/2025-11-25/article_payloads/"
    },
    {
      "date": "2025-11-24",
      "supabase_path": "website/2025-11-24",
      "payloads_url": "https://lfknsvavhiqrsasdfyrs.supabase.co/storage/v1/object/public/shared-storage/website/2025-11-24/payloads/",
      "images_url": "https://lfknsvavhiqrsasdfyrs.supabase.co/storage/v1/object/public/shared-storage/website/2025-11-24/article_images/",
      "article_payloads_url": "https://lfknsvavhiqrsasdfyrs.supabase.co/storage/v1/object/public/shared-storage/website/2025-11-24/article_payloads/"
    },
    {
      "date": "2025-11-23",
      "supabase_path": "website/2025-11-23",
      "payloads_url": "https://lfknsvavhiqrsasdfyrs.supabase.co/storage/v1/object/public/shared-storage/website/2025-11-23/payloads/",
      "images_url": "https://lfknsvavhiqrsasdfyrs.supabase.co/storage/v1/object/public/shared-storage/website/2025-11-23/article_images/",
      "article_payloads_url": "https://lfknsvavhiqrsasdfyrs.supabase.co/storage/v1/object/public/shared-storage/website/2025-11-23/article_payloads/"
    },
    {
      "date": "2025-11-22",
      "supabase_path": "website/2025-11-22",
      "payloads_url": "https://lfknsvavhiqrsasdfyrs.supabase.co/storage/v1/object/public/shared-storage/website/2025-11-22/payloads/",
      "images_url": "https://lfknsvavhiqrsasdfyrs.supabase.co/storage/v1/object/public/shared-storage/website/2025-11-22/article_images/",
      "article_payloads_url": "https://lfknsvavhiqrsasdfyrs.supabase.co/storage/v1/object/public/shared-storage/website/2025-11-22/article_payloads/"
    },
    {
      "date": "2025-11-15",
      "supabase_path": "website/2025-11-15",
      "payloads_url": "https://lfknsvavhiqrsasdfyrs.supabase.co/storage/v1/object/public/shared-storage/website/2025-11-15/payloads/",
      "images_url": "https://lfknsvavhiqrsasdfyrs.supabase.co/storage/v1/object/public/shared-storage/website/2025-11-15/article_images/",
      "article_payloads_url": "https://lfknsvavhiqrsasdfyrs.supabase.co/storage/v1/object/public/shared-storage/website/2025-11-15/article_payloads/"
    },
    {
      "date": "2025-11-14",
      "supabase_path": "website/2025-11-14",
      "payloads_url": "https://lfknsvavhiqrsasdfyrs.supabase.co/storage/v1/object/public/shared-storage/website/2025-11-14/payloads/",
      "images_url": "https://lfknsvavhiqrsasdfyrs.supabase.co/storage/v1/object/public/shared-storage/website/2025-11-14/article_images/",
      "article_payloads_url": "https://lfknsvavhiqrsasdfyrs.supabase.co/storage/v1/object/public/shared-storage/website/2025-11-14/article_payloads/"
    },
    {
      "date": "2025-11-13",
      "supabase_path": "website/2025-11-13",
      "payloads_url": "https://lfknsvavhiqrsasdfyrs.supabase.co/storage/v1/object/public/shared-storage/website/2025-11-13/payloads/",
      "images_url": "https://lfknsvavhiqrsasdfyrs.supabase.co/storage/v1/object/public/shared-storage/website/2025-11-13/article_images/",
      "article_payloads_url": "https://lfknsvavhiqrsasdfyrs.supabase.co/storage/v1/object/public/shared-storage/website/2025-11-13/article_payloads/"
    }
  ]
}