{
  "articles": [
    {
      "id": "9ff3a485c695be48",
      "title": "Broadcasting Ethics and Involuntary Speech: A Critical Analysis of the Bafta Slur Incident",
      "summary": "The article details an incident at the Bafta Film Awards where John Davidson, a Tourette's syndrome campaigner, involuntarily shouted a racist slur during the ceremony, leading to widespread criticism of the BBC's broadcasting practices. Davidson, whose condition involves uncontrollable tics, was seated near a microphone, resulting in the slur being aired. He contends that the BBC, given their prior collaboration on documentaries, should have implemented stricter measures to prevent such an occurrence. The BBC responded by apologizing, attributing the language to involuntary tics associated with Tourette syndrome, and removed the segment from BBC iPlayer. Additionally, they edited out another racial slur pre-broadcast. Davidson revealed he uttered approximately ten offensive words that evening, though media coverage disproportionately focused on one. He has reached out to Warner Bros to apologize directly to affected individuals, including actors Michael B. Jordan and Delroy Lindo. Concurrently, Google issued an apology for a computer-generated news alert that included the slur. Pre-ceremony discussions between Davidson's film studio, StudioCanal, and Bafta addressed the potential for his tics, with assurances that any swearing would be edited out. This incident underscores broader issues of media responsibility, the ethical challenges of live broadcasting involving individuals with neurological disorders, and the adequacy of institutional preparedness. Bafta's subsequent apology highlights the reputational and social harm caused, prompting reflection on inclusivity and risk management in high-profile events.",
      "source": "BBC News",
      "time_ago": "1 hour ago",
      "image_url": "/article_images/article_9ff3a485c695be48_899469973e71.webp",
      "category": "News"
    },
    {
      "id": "8f28a6399dbe7e7f",
      "title": "A Critical Examination of Trump's State of the Union: Theatrics Over Policy in a Polarized Era",
      "summary": "President Donald Trump's State of the Union address exemplified a strategic blend of theatrical performance and political messaging, designed to counteract declining public approval ahead of pivotal midterm elections. Lasting a record 107 minutes, the speech highlighted economic indicators such as rising incomes and tamed inflation, while incorporating patriotic spectacles like honoring Olympic athletes and military veterans to foster national unity. However, it notably lacked substantive policy innovations, reiterating previously proposed measures on healthcare, voter citizenship, and immigration without new legislative details. The address functioned as a sales pitch to Trump's core supporters, leveraging emotional appeals over empirical argumentation, yet failed to address broader public dissatisfaction, as reflected in approval ratings hovering near 40%. This analysis underscores the tension between political spectacle and governance, revealing how modern presidencies may prioritize media engagement over policy depth in an increasingly polarized landscape.",
      "source": "BBC News",
      "time_ago": "2 hours ago",
      "image_url": "/article_images/article_8f28a6399dbe7e7f_e4dada3b7f01.webp",
      "category": "News"
    },
    {
      "id": "0634da5b90476f54",
      "title": "Analyzing the 7% Energy Bill Reduction: Policy Implications and Economic Context",
      "summary": "Ofgem's announcement of a 7% reduction in typical household energy bills for April reflects significant policy interventions by the UK government, including the abolition of the Energy Company Obligation (Eco) scheme and reallocation of certain charges to general taxation. This adjustment yields an estimated £117 annual saving for households under the price cap, based on standard consumption of 11,500 kWh of gas and 2,700 kWh of electricity. However, the reduction is mitigated by escalating network infrastructure costs, which add approximately £6 monthly, and persistent high energy prices—approximately one-third above pre-Ukraine war levels—contributing to substantial consumer debt. Political discourse features Prime Minister Sir Keir Starmer advocating for cost-of-living relief, while Conservative shadow energy secretary Claire Coutinho critiques the strategy as fiscally opaque, merely transferring expenses from utility bills to tax liabilities. The article underscores the complexity of energy pricing, influenced by regulatory frameworks, geopolitical factors, and infrastructural investments, urging consumers to pursue competitive tariffs amidst ongoing financial pressures. This analysis highlights the interplay between short-term relief measures and long-term sustainability in energy policy.",
      "source": "BBC News",
      "time_ago": "2 hours ago",
      "image_url": "/article_images/article_0634da5b90476f54_155f7755ad85.webp",
      "category": "News"
    },
    {
      "id": "bc8b12c3fbcf638d",
      "title": "Analyzing Harry and Meghan's Diplomatic and Humanitarian Engagement in Jordan Amidst Global Crises",
      "summary": "The Duke and Duchess of Sussex, Prince Harry and Meghan, have undertaken a significant diplomatic and humanitarian mission to Jordan, marking their first joint international travel in 18 months. Invited by Dr. Tedros Adhanom Ghebreyesus, director-general of the World Health Organization (WHO), their two-day itinerary in Amman focuses on addressing the multifaceted needs of refugees and vulnerable communities affected by conflicts such as those in Gaza and Ukraine. Their engagement includes a high-level roundtable discussion with stakeholders from the United Nations, diplomatic corps, and donor agencies, alongside meetings with Jordanian leadership and health officials. They are scheduled to inspect front-line health and mental health programs, collaborate with World Central Kitchen on food relief coordination for Gaza, and visit Questscope's youth centre to engage with beneficiaries of creative and wellbeing initiatives. Financially, their Archewell Foundation has allocated $500,000 in grants, including $200,000 to WHO for medical evacuations of children from Gaza to Jordan, $150,000 to Save the Children for humanitarian aid in Gaza, and $150,000 to the Centre of Blast Injury Studies for prosthetic development for children in conflict zones. This visit occurs against a backdrop of royal family turmoil, underscoring their strategic pivot towards global advocacy and leveraging their influence to amplify humanitarian causes.",
      "source": "BBC News",
      "time_ago": "2 hours ago",
      "image_url": "/article_images/article_bc8b12c3fbcf638d_41d3a695abfb.webp",
      "category": "News"
    },
    {
      "id": "1831fc5006702b5b",
      "title": "Critical Analysis of Trump's 2026 State of the Union: Economic Rhetoric vs. Public Reality",
      "summary": "President Donald Trump's 2026 State of the Union address served as a platform for advancing an optimistic narrative on the U.S. economy, emphasizing metrics such as declining gasoline prices, mortgage rates, prescription drug costs, and a buoyant stock market. He asserted that 'millions and millions of Americans are all gaining,' framing his policies as broadly beneficial. However, this portrayal starkly contrasts with prevailing public sentiment, where a significant portion of Americans report financial anxiety and perceive limited personal benefit from Trump's economic agenda. AP-NORC polling from February indicated only 39% approval for his economic management, underscoring a credibility gap. The speech also included ceremonial honors for the U.S. men's Olympic hockey team and a war hero, but transitioned to a more adversarial tone with ridicule directed at Democrats. Strategically, Republicans had counseled Trump to prioritize economic messaging in light of impending midterm elections, leading him to dedicate substantial portions of the address to this theme. This analysis reveals a deliberate effort to shape political discourse, yet it highlights the tension between presidential rhetoric and empirical public opinion, suggesting potential challenges in voter persuasion and policy legitimacy.",
      "source": "PBS NewsHour",
      "time_ago": "7 hours ago",
      "image_url": "/article_images/article_1831fc5006702b5b_0e8f91f9326f.webp",
      "category": "News"
    },
    {
      "id": "d84e2b6c82df29be",
      "title": "Political Rhetoric on Affordability: Spanberger's Rebuttal to Trump's Economic Narrative",
      "summary": "In the official Democratic response to President Trump's State of the Union address, Virginia Governor Abigail Spanberger delivered a pointed critique, asserting that Trump's policies have not substantively improved affordability for Americans. She focused on daily economic pressures, such as health care and housing costs, arguing that these issues critically impact quality of life and that Trump's touted achievements, like reduced health care expenses, are misleading. Spanberger positioned Democrats as 'laser-focused' on affordability, emphasizing their commitment to addressing foundational problems that affect financial stability, including prescription drug access and entrepreneurial opportunities. Her remarks were framed within a broader political context: as Virginia's first woman governor, elected in an off-cycle election dominated by Democratic victories, Spanberger represents a growing challenge to Republican policies, with implications for upcoming midterm elections. The article juxtaposes Trump's speech, where he claimed credit for affordability gains and blamed Democrats for inflation, with Spanberger's rebuttal, highlighting a partisan divide over economic governance and the veracity of political claims in public discourse.",
      "source": "PBS NewsHour",
      "time_ago": "7 hours ago",
      "image_url": "/article_images/article_d84e2b6c82df29be_23119bd13c2b.webp",
      "category": "News"
    }
  ]
}