{
  "title": "Celebrity Citizenship Through Ancestral DNA in Guinea",
  "summary": "American film stars Meagan Good and Jonathan Majors have acquired Guinean citizenship following DNA tests that traced their ancestry to the West African nation. The couple, who married in 2024 after Majors faced legal issues in the US, participated in a private cultural ceremony organized by Guinea's ministry of culture at the Gbassi Kolo tourist centre. During the event, passports were presented by Djiba Diakité on behalf of President Mamadi Doumbouya, accompanied by traditional performances like djembe drumming. Majors expressed that this citizenship helps bridge their identities as entertainers and members of the African diaspora, while Good thanked Guinea for the opportunity on her first visit. Their trip includes touring Boké, a coastal region with historical slave trade sites, though it's unclear if they plan to invest or relocate. This initiative aligns with broader trends in Africa, such as Ghana's 'Year of Return' in 2019, which encourages diaspora reconnection and investment, with other celebrities like Stevie Wonder, Ciara, and Samuel L. Jackson also taking up African citizenships in recent years.",
  "keywords": [
    {
      "term": "African diaspora",
      "explanation": "people of African descent living outside Africa, often due to historical migration or slavery"
    },
    {
      "term": "DNA testing",
      "explanation": "a scientific method to analyze genetic material and determine ancestral origins"
    },
    {
      "term": "citizenship ceremony",
      "explanation": "a formal event where individuals are granted official membership in a country"
    },
    {
      "term": "heritage reclamation",
      "explanation": "the process of reconnecting with and embracing one's cultural or ancestral background"
    },
    {
      "term": "diaspora investment",
      "explanation": "financial or social contributions by people of African descent to support development in Africa"
    }
  ],
  "questions": [
    {
      "question": "What method did Meagan Good and Jonathan Majors use to trace their ancestry to Guinea?",
      "options": [
        "Historical records",
        "DNA testing",
        "Family stories",
        "Government documents"
      ],
      "correct_answer": "DNA testing"
    },
    {
      "question": "Who presented the passports at the citizenship ceremony?",
      "options": [
        "President Mamadi Doumbouya",
        "General Amara Camara",
        "Djiba Diakité",
        "Meagan Good"
      ],
      "correct_answer": "Djiba Diakité"
    },
    {
      "question": "What was a key performance at the ceremony?",
      "options": [
        "Djembe drumming",
        "Ballet dancing",
        "Rock music",
        "Poetry reading"
      ],
      "correct_answer": "Djembe drumming"
    },
    {
      "question": "Which region are the actors scheduled to tour in Guinea?",
      "options": [
        "Conakry",
        "Boké",
        "Gbassi Kolo",
        "Gabon"
      ],
      "correct_answer": "Boké"
    },
    {
      "question": "What broader initiative in Africa does this citizenship align with?",
      "options": [
        "The Year of Return in Ghana",
        "The African Union Summit",
        "The Slave Trade Memorial",
        "The Hollywood in Africa project"
      ],
      "correct_answer": "The Year of Return in Ghana"
    },
    {
      "question": "Which celebrity acquired Gabonese citizenship in 2020?",
      "options": [
        "Stevie Wonder",
        "Ciara",
        "Samuel L. Jackson",
        "Grace Jabbari"
      ],
      "correct_answer": "Samuel L. Jackson"
    },
    {
      "question": "What legal issue did Jonathan Majors face in the US?",
      "options": [
        "Tax evasion",
        "Assault charges",
        "Copyright infringement",
        "Drug possession"
      ],
      "correct_answer": "Assault charges"
    },
    {
      "question": "Why might celebrities take up African citizenships according to the article?",
      "options": [
        "To avoid taxes",
        "To reconnect with heritage and invest",
        "To gain acting roles",
        "To learn new languages"
      ],
      "correct_answer": "To reconnect with heritage and invest"
    }
  ],
  "background_read": [
    "Guinea is a West African nation with a rich cultural history, including traditional music like djembe drumming. The African diaspora refers to communities descended from Africans displaced during events like the transatlantic slave trade. DNA testing has become a popular tool for individuals to explore their ancestral roots, often leading to emotional and cultural reconnections. In recent years, African countries like Ghana have launched initiatives such as 'The Year of Return' to encourage diaspora members to visit, invest, and reclaim their heritage. Celebrities often participate in these movements, using their platform to raise awareness and foster economic ties. Citizenship acquisition involves legal processes and ceremonies, symbolizing a formal bond with a country. This article highlights how personal journeys intersect with broader social trends in identity and globalization."
  ],
  "Article_Structure": [
    "Main Points: The article details how Meagan Good and Jonathan Majors obtained Guinean citizenship through DNA-based ancestry tracing, participated in a cultural ceremony with government officials, and plan to tour historical sites, reflecting a trend of diaspora reconnection. Purpose: To inform about celebrity involvement in heritage reclamation initiatives in Africa and highlight the cultural and symbolic significance of such citizenship grants. Evidence Evaluation: The article cites specific events, quotes from the actors, and references to broader trends like Ghana's 'Year of Return', providing credible but anecdotal evidence from official sources and celebrity statements. Author Credibility: As a BBC Entertainment article, it likely relies on journalistic standards and official reports, though it may emphasize entertainment angles over in-depth analysis. Methodology: Information is gathered from event coverage, interviews, and contextual references to similar cases, offering a descriptive narrative without primary research."
  ],
  "perspectives": [
    {
      "perspective": "Cultural Reconnection",
      "description": "Emphasizes the emotional and symbolic value of diaspora members reclaiming ancestral ties through citizenship and cultural events."
    }
  ],
  "image_url": "/article_images/article_4148afa0a1df6ef0_d7f2f5286557.webp"
}