{
  "title": "Molecular Mechanisms of Immune Senescence: Platelet Factor 4 as a Regulator of Hematopoietic Stem Cell Aging",
  "summary": "Aging induces systemic changes, including immune senescence, where hematopoietic stem cells in the bone marrow accumulate genetic mutations and alter their differentiation patterns. Researchers at the University of Illinois Chicago have elucidated a critical mechanism involving platelet factor 4, a protein whose decline with age disrupts stem cell homeostasis. In youth, platelet factor 4 functions as a paracrine signaling molecule that modulates the proliferation of hematopoietic stem cells, particularly restraining myeloid-biased divisions to maintain a balanced output of myeloid and lymphoid lineages. With advancing age, diminished production of platelet factor 4 by immune cells leads to dysregulated stem cell cycling, resulting in increased frequency of divisions and a preferential shift toward myeloid cell generation at the expense of lymphoid cells. This imbalance not only compromises adaptive immunity but also elevates the risk of clonal hematopoiesis, chronic inflammation, and malignancies such as myelodysplastic syndromes. Experimental interventions in murine models and human bone marrow assays demonstrated that exogenous supplementation of platelet factor 4 can ameliorate cellular aging phenotypes, restoring regulatory control and reducing mutational burden. These findings propose platelet factor 4 as a novel therapeutic target for mitigating age-associated hematological and immunological disorders, offering a paradigm for targeting specific molecular pathways to enhance healthspan in the elderly.",
  "keywords": [
    {
      "term": "immune senescence",
      "explanation": "the gradual deterioration of immune function with age, characterized by reduced adaptive responses"
    },
    {
      "term": "hematopoietic stem cells",
      "explanation": "multipotent progenitor cells in bone marrow responsible for generating all blood cell lineages"
    },
    {
      "term": "platelet factor 4",
      "explanation": "a chemokine protein that acts as a regulatory signal for stem cell proliferation and differentiation"
    },
    {
      "term": "homeostasis",
      "explanation": "the maintenance of stable internal conditions in biological systems"
    },
    {
      "term": "myeloid bias",
      "explanation": "the tendency of aging stem cells to produce more myeloid cells, leading to immune imbalance"
    },
    {
      "term": "clonal hematopoiesis",
      "explanation": "a condition where mutated stem cells expand, increasing risk of blood cancers"
    },
    {
      "term": "paracrine signaling",
      "explanation": "cell communication where signals affect nearby cells, crucial for tissue regulation"
    },
    {
      "term": "healthspan",
      "explanation": "the period of life spent in good health, free from chronic diseases"
    },
    {
      "term": "differentiation",
      "explanation": "the process by which stem cells develop into specialized cell types"
    },
    {
      "term": "mutational burden",
      "explanation": "the accumulation of genetic mutations over time, associated with aging and disease"
    }
  ],
  "questions": [
    {
      "question": "What is the primary role of platelet factor 4 in young hematopoietic stem cells?",
      "options": [
        "It acts as a paracrine signal to regulate proliferation",
        "It directly fights infections",
        "It stores genetic information",
        "It degrades stem cells"
      ],
      "correct_answer": "It acts as a paracrine signal to regulate proliferation"
    },
    {
      "question": "How does aging affect the production of platelet factor 4?",
      "options": [
        "Immune cells produce less of it",
        "Stem cells produce more of it",
        "It becomes inactive",
        "It is converted to other proteins"
      ],
      "correct_answer": "Immune cells produce less of it"
    },
    {
      "question": "What consequence does dysregulated stem cell cycling have in aging?",
      "options": [
        "Increased mutational burden and myeloid bias",
        "Enhanced lymphoid production",
        "Improved immune response",
        "Reduced cell division"
      ],
      "correct_answer": "Increased mutational burden and myeloid bias"
    },
    {
      "question": "What is clonal hematopoiesis and its relevance to this study?",
      "options": [
        "Expansion of mutated stem cells linked to cancer risk",
        "A process that improves stem cell function",
        "The production of only lymphoid cells",
        "A type of chronic inflammation"
      ],
      "correct_answer": "Expansion of mutated stem cells linked to cancer risk"
    },
    {
      "question": "What methodology was used to validate the findings?",
      "options": [
        "Studies in mice and human bone marrow samples",
        "Only computer simulations",
        "Patient surveys",
        "Tissue culture without animal models"
      ],
      "correct_answer": "Studies in mice and human bone marrow samples"
    },
    {
      "question": "How does the shift to myeloid bias impact immune function?",
      "options": [
        "It weakens adaptive immunity by reducing lymphoid cells",
        "It strengthens innate immunity",
        "It has no effect on immunity",
        "It increases antibody production"
      ],
      "correct_answer": "It weakens adaptive immunity by reducing lymphoid cells"
    },
    {
      "question": "What potential therapeutic application does this research suggest?",
      "options": [
        "Targeting platelet factor 4 to treat age-related disorders",
        "Using stem cell transplants only in young donors",
        "Increasing chronic inflammation",
        "Ignoring protein regulation in aging"
      ],
      "correct_answer": "Targeting platelet factor 4 to treat age-related disorders"
    },
    {
      "question": "What journal published this research?",
      "options": [
        "Blood",
        "The Lancet",
        "New England Journal of Medicine",
        "Proceedings of the National Academy of Sciences"
      ],
      "correct_answer": "Blood"
    },
    {
      "question": "Who is Sandra Pinho and what is her contribution?",
      "options": [
        "An associate professor at UIC who provided expert insights",
        "A patient in the study",
        "A journalist reporting the findings",
        "A government official"
      ],
      "correct_answer": "An associate professor at UIC who provided expert insights"
    },
    {
      "question": "What broader concept does this study address regarding aging?",
      "options": [
        "Enhancing healthspan through molecular interventions",
        "Curing all age-related diseases instantly",
        "Stopping aging entirely",
        "Focusing only on cosmetic changes"
      ],
      "correct_answer": "Enhancing healthspan through molecular interventions"
    }
  ],
  "background_read": [
    "Aging is a complex biological process marked by the decline of various physiological systems, including the immune system, a phenomenon known as immunosenescence. Hematopoietic stem cells, residing in the bone marrow, are crucial for lifelong production of blood and immune cells, but their function deteriorates with age due to factors like genetic mutations and altered signaling pathways. Platelet factor 4, a member of the chemokine family, has been implicated in regulating stem cell behavior, with recent research highlighting its role in maintaining cellular balance. The decline of this protein in aging disrupts normal stem cell kinetics, leading to increased proliferation, myeloid skewing, and elevated risks of hematological malignancies and inflammatory conditions. This study integrates experimental models and clinical samples to explore these mechanisms, offering insights into potential interventions aimed at modulating specific proteins to delay or reverse age-related immune decline, thereby contributing to the field of geroscience and the pursuit of extended healthspan."
  ],
  "Article_Structure": [
    "Main Points: The article details how platelet factor 4 decline with age causes hematopoietic stem cell dysregulation, leading to myeloid bias, increased mutational risk, and immune senescence, with restoration experiments showing reversal of aging phenotypes. Purpose: To advance understanding of molecular drivers of immune aging and identify platelet factor 4 as a target for therapeutic strategies against age-related hematological disorders. Evidence Evaluation: The evidence is robust, utilizing controlled murine studies and human bone marrow analyses published in a peer-reviewed journal, though further clinical trials are needed to confirm translational applicability. Author Credibility: Led by researchers at the University of Illinois Chicago, including Sandra Pinho with expertise in regenerative medicine, enhancing the study's reliability and relevance. Methodology: Employed a combination of in vivo mouse models and ex vivo human sample assays to assess protein levels, stem cell behavior, and aging effects, ensuring comprehensive data collection. Critical Assessment: Strengths include innovative findings on protein regulation and potential therapeutic implications, but limitations involve the need for human clinical validation and exploration of broader aging contexts beyond the immune system."
  ],
  "perspectives": [
    {
      "perspective": "Geroscience perspective",
      "description": "Emphasizes targeting fundamental aging processes like protein signaling to improve overall healthspan and reduce age-related disease burden."
    }
  ],
  "image_url": "/article_images/article_6b327703ca1ce599_27b98de8c354.webp"
}