{
  "title": "Alcaraz's Resilient Triumph: A Semifinal Epic at the Australian Open",
  "summary": "Carlos Alcaraz secured a place in his inaugural Australian Open final with a hard-fought victory over Alexander Zverev, prevailing 6-4, 7-6(5), 6-7(3), 6-7(4), 7-5 in an epic encounter lasting five hours and 27 minutes. The match was marked by intense drama as Alcaraz, after dominating the initial two sets, suffered debilitating cramps in the third set, necessitating a medical timeout that sparked controversy with Zverev. Despite his physical limitations, Alcaraz exhibited remarkable mental fortitude, orchestrating a comeback in the decisive fifth set where Zverev held a break advantage and served for the match at 5-4. Buoyed by vocal crowd support, Alcaraz broke back and capitalized on Zverev's unforced errors, culminating in a backhand miss from Zverev on match point. Post-match, Alcaraz reflected on his unwavering self-belief and credited the spectators for their pivotal role in his resurgence. This victory not only advances Alcaraz to a potential fourth consecutive Grand Slam final but also positions him to achieve a historic career Grand Slam, as a win on Sunday would make him the youngest male player to accomplish this feat. The broader context includes a looming final against either Novak Djokovic, pursuing a record 25th major, or Jannik Sinner, adding layers of narrative to the tournament's climax. Alcaraz's performance, reminiscent of his comeback at the French Open, underscores his capacity to thrive under duress, highlighting the interplay of physical endurance and psychological resilience in elite tennis.",
  "keywords": [
    {
      "term": "debilitating cramps",
      "explanation": "severe muscle contractions that significantly impair physical function, often due to exhaustive activity or electrolyte depletion"
    },
    {
      "term": "mental fortitude",
      "explanation": "the psychological strength and resilience required to maintain focus and performance under stressful conditions"
    },
    {
      "term": "career Grand Slam",
      "explanation": "an achievement in tennis where a player wins all four major tournaments over their career, denoting exceptional versatility and longevity"
    },
    {
      "term": "unforced errors",
      "explanation": "mistakes made by a player during a point that are not directly caused by the opponent's play, often reflecting pressure or technical flaws"
    },
    {
      "term": "psychological resilience",
      "explanation": "the ability to adapt and recover from adversity, maintaining optimal performance in competitive environments"
    },
    {
      "term": "narrative climax",
      "explanation": "the peak of a story or event, where key conflicts and themes converge to create dramatic tension and resolution"
    }
  ],
  "questions": [
    {
      "question": "What was the exact scoreline of the Alcaraz-Zverev match?",
      "options": [
        "6-4, 6-3, 6-2",
        "7-6, 6-4, 6-7, 6-7, 7-5",
        "6-4, 7-6(5), 6-7(3), 6-7(4), 7-5",
        "6-4, 7-5, 6-7, 7-6"
      ],
      "correct_answer": "6-4, 7-6(5), 6-7(3), 6-7(4), 7-5"
    },
    {
      "question": "How did Alcaraz's cramping affect the match dynamics?",
      "options": [
        "It caused him to retire",
        "It led to a medical timeout and reduced his mobility",
        "It improved his serve speed",
        "It had no impact"
      ],
      "correct_answer": "It led to a medical timeout and reduced his mobility"
    },
    {
      "question": "What historical milestone is Alcaraz pursuing with a win in the final?",
      "options": [
        "Becoming the oldest Grand Slam winner",
        "Completing the career Grand Slam as the youngest man",
        "Winning his first Australian Open",
        "Setting a new attendance record"
      ],
      "correct_answer": "Completing the career Grand Slam as the youngest man"
    },
    {
      "question": "How did the crowd influence Alcaraz's performance according to the article?",
      "options": [
        "They distracted him",
        "They provided crucial support for his comeback",
        "They booed Zverev only",
        "They had no mentioned effect"
      ],
      "correct_answer": "They provided crucial support for his comeback"
    },
    {
      "question": "What was Zverev's reaction to Alcaraz's medical timeout?",
      "options": [
        "He was supportive",
        "He was irate",
        "He ignored it",
        "He requested one himself"
      ],
      "correct_answer": "He was irate"
    },
    {
      "question": "Which previous Alcaraz comeback is referenced for comparison?",
      "options": [
        "Wimbledon 2023",
        "US Open 2022",
        "French Open final against Sinner",
        "Australian Open 2021"
      ],
      "correct_answer": "French Open final against Sinner"
    },
    {
      "question": "Who are the potential opponents for Alcaraz in the final?",
      "options": [
        "Djokovic or Sinner",
        "Nadal or Federer",
        "Zverev or Medvedev",
        "Murray or Tsitsipas"
      ],
      "correct_answer": "Djokovic or Sinner"
    },
    {
      "question": "What does Alcaraz attribute his success to in his post-match comments?",
      "options": [
        "Pure luck",
        "Self-belief and crowd support",
        "His coach's strategies only",
        "Zverev's mistakes"
      ],
      "correct_answer": "Self-belief and crowd support"
    },
    {
      "question": "How does the article contextualize Alcaraz's physical condition?",
      "options": [
        "As a minor inconvenience",
        "As a key factor in the match's drama and outcome",
        "As unrelated to the result",
        "As a sign of poor preparation"
      ],
      "correct_answer": "As a key factor in the match's drama and outcome"
    },
    {
      "question": "What broader theme does the article highlight about elite tennis?",
      "options": [
        "The importance of equipment",
        "The interplay of physical endurance and psychological resilience",
        "The role of weather conditions",
        "The need for rule changes"
      ],
      "correct_answer": "The interplay of physical endurance and psychological resilience"
    }
  ],
  "background_read": [
    "The Australian Open, part of the Grand Slam circuit, is a premier tennis event held in Melbourne, featuring best-of-five-set matches for men. Carlos Alcaraz, aged 22 and world number one, represents a new generation of players known for their all-court prowess and previous Slam wins, including the US Open and Wimbledon. Alexander Zverev, a top-ranked German, is acclaimed for his serve and baseline consistency. Cramping in tennis is often linked to physiological stress, requiring interventions like pickle juice consumption for electrolyte balance. The career Grand Slam is a rare accomplishment, achieved by legends like Rod Laver and Novak Djokovic, symbolizing dominance across surfaces. This article delves into match analytics, player psychology, and historical context, illustrating how sports journalism synthesizes real-time data, interviews, and expert analysis to convey narratives of athletic excellence and human drama in high-stakes competitions."
  ],
  "Article_Structure": [
    "Main Points: Alcaraz defeated Zverev in a grueling five-set semifinal, overcoming cramps and leveraging crowd support to secure a comeback victory, advancing to his first Australian Open final with historic implications. Purpose: To analyze a pivotal tennis match, emphasizing Alcaraz's resilience and the stakes involved in his pursuit of a career Grand Slam, while situating it within broader tournament narratives. Evidence Evaluation: The article employs detailed match statistics, direct player quotations, and references to past events, offering credible and multifaceted evidence from authoritative sports reporting. Author Credibility: As a BBC production, it benefits from journalistic standards and tennis expertise, though potential biases toward dramatic storytelling may exist. Methodology: Utilizes live coverage, post-match interviews, and contextual research to construct a comprehensive account, typical of investigative sports journalism. Critical Assessment: Strengths include vivid narrative and factual accuracy, but limitations involve minimal critique of player strategies or deeper statistical analysis, focusing more on emotional appeal."
  ],
  "perspectives": [
    {
      "perspective": "Sports psychology and resilience",
      "description": "The match exemplifies how mental toughness and external support systems can overcome physical adversity in elite athletics."
    }
  ],
  "image_url": "/article_images/article_6ec5aa1b28447a46_9cd180259b63.webp"
}