{
  "title": "Navigating Identity and Legacy: A Pop Icon's Half-Century Search for Biological Kinship",
  "summary": "Peter Cunnah, renowned as the frontman of the 1990s band D:Ream, whose anthem 'Things Can Only Get Better' epitomized cultural optimism and political mobilization, undertook a profound personal odyssey to uncover his biological origins. Born in a Belfast mother-and-baby home in 1966 and adopted by Les and Monica Cunnah in Londonderry, he was informed of his adoption during childhood, an early disclosure that shaped his lifelong quest for identity. Amidst achieving commercial success in the 1990s, including the song's ascent to number one and its appropriation as the Labour Party's election anthem in 1997, Cunnah grappled with substance abuse issues, highlighting the juxtaposition of public acclaim and private turmoil. Persevering through these adversities, he meticulously traced his lineage, culminating in an emotional reunion with his biological father, Patrick Hanna, in Barnsley, Yorkshire, after over five decades. This revelation unveiled a familial musical legacy: Hanna is a touring musician, with half-siblings Philippa Hanna in Christian music and Stuart Zender, formerly of Jamiroquai, underscoring hereditary artistic influences. The narrative explores complex themes of adoption psychology, the construction of selfhood amidst fame, and the socio-cultural resonance of music, offering a nuanced examination of how personal history intersects with public persona.",
  "keywords": [
    {
      "term": "biological kinship",
      "explanation": "genetic relationships and connections within a family"
    },
    {
      "term": "adoption psychology",
      "explanation": "the study of emotional and identity impacts of adoption on individuals"
    },
    {
      "term": "cultural optimism",
      "explanation": "a societal belief in improvement, often reflected in media like music"
    },
    {
      "term": "substance abuse",
      "explanation": "the harmful use of drugs or alcohol, leading to addiction"
    },
    {
      "term": "lineage tracing",
      "explanation": "the process of researching and identifying ancestral connections"
    },
    {
      "term": "hereditary influence",
      "explanation": "traits or talents passed down through genetic inheritance"
    },
    {
      "term": "socio-cultural resonance",
      "explanation": "how cultural elements like music reflect and affect society"
    },
    {
      "term": "public persona",
      "explanation": "the image and identity a person presents to the public"
    },
    {
      "term": "mother-and-baby home",
      "explanation": "institutions historically for unmarried mothers and infants, often linked to adoption"
    },
    {
      "term": "political mobilization",
      "explanation": "the use of cultural artifacts to rally support for political causes"
    }
  ],
  "questions": [
    {
      "question": "What year was Peter Cunnah born and in what type of institution?",
      "options": [
        "1966 in a mother-and-baby home",
        "1970 in a hospital",
        "1960 in an orphanage",
        "1955 in a school"
      ],
      "correct_answer": "1966 in a mother-and-baby home"
    },
    {
      "question": "How did Peter's adoptive mother disclose his adoption to him?",
      "options": [
        "She told him directly as a young boy",
        "He found out through legal documents as an adult",
        "A sibling revealed it in his teens",
        "A teacher informed him at school"
      ],
      "correct_answer": "She told him directly as a young boy"
    },
    {
      "question": "What significant cultural role did 'Things Can Only Get Better' play beyond music?",
      "options": [
        "It served as the Labour Party's election anthem",
        "It became a national anthem for Ireland",
        "It was used in a major film soundtrack",
        "It inspired a social movement for adoption rights"
      ],
      "correct_answer": "It served as the Labour Party's election anthem"
    },
    {
      "question": "What personal challenges did Peter face during his peak fame in the 1990s?",
      "options": [
        "Addiction to cocaine, ecstasy, and alcohol",
        "Legal battles over song rights",
        "Financial bankruptcy",
        "Health issues from touring"
      ],
      "correct_answer": "Addiction to cocaine, ecstasy, and alcohol"
    },
    {
      "question": "Where did Peter locate his biological father for their reunion?",
      "options": [
        "Barnsley, Yorkshire",
        "Belfast, Northern Ireland",
        "London, England",
        "Londonderry, Northern Ireland"
      ],
      "correct_answer": "Barnsley, Yorkshire"
    },
    {
      "question": "What profession is Peter's biological father, Patrick Hanna, associated with?",
      "options": [
        "Touring musician",
        "Physicist",
        "Broadcaster",
        "Teacher"
      ],
      "correct_answer": "Touring musician"
    },
    {
      "question": "Who among Peter's half-siblings is known for involvement in Christian music?",
      "options": [
        "Philippa Hanna",
        "Stuart Zender",
        "Brian Cox",
        "Les Cunnah"
      ],
      "correct_answer": "Philippa Hanna"
    },
    {
      "question": "What broader theme does the article explore regarding Peter's identity?",
      "options": [
        "The intersection of personal history and public persona",
        "The economic impact of music sales",
        "The scientific study of genetics",
        "The political history of Northern Ireland"
      ],
      "correct_answer": "The intersection of personal history and public persona"
    },
    {
      "question": "How does the article characterize Peter's disclosure of adoption compared to others?",
      "options": [
        "As an early revelation that spared later shock",
        "As a secret kept until adulthood",
        "As a traumatic event in his 20s",
        "As irrelevant to his career"
      ],
      "correct_answer": "As an early revelation that spared later shock"
    },
    {
      "question": "What methodological approach does the article primarily use to convey Peter's story?",
      "options": [
        "Personal testimony from interviews",
        "Statistical analysis of adoption rates",
        "Historical records from institutions",
        "Scientific studies on heredity"
      ],
      "correct_answer": "Personal testimony from interviews"
    }
  ],
  "background_read": [
    "Adoption in the mid-20th century UK often involved mother-and-baby homes, institutions for unmarried mothers, leading to complex identity issues for adoptees. Peter Cunnah's story intersects with cultural history, as the 1990s saw the rise of Britpop and political use of music, exemplified by 'Things Can Only Get Better' symbolizing New Labour's era. Understanding adoption psychology involves concepts like genealogical bewilderment and the search for self, relevant to Peter's journey. The article's narrative draws on interview-based journalism, common in entertainment reporting, to explore personal legacies and hereditary talents in music. Critically, it highlights how fame amplifies personal narratives, offering insights into resilience and the construction of identity amidst societal expectations."
  ],
  "Article_Structure": [
    "Main Points: Peter Cunnah's 50-year search for biological father, adoption in 1960s Northern Ireland, fame with D:Ream and political anthem use, personal struggles with addiction, emotional reunion revealing musical family legacy. Purpose: To analyze the interplay between personal identity, adoption, and public fame, providing a case study on resilience and hereditary influences in art. Evidence Evaluation: Relies on Peter's firsthand accounts from BBC interviews, offering subjective but credible testimony; lacks diverse sources or empirical data, limiting objective analysis. Author Credibility: BBC Entertainment implies editorial standards, but anonymity reduces transparency; content focuses on human interest over critical depth. Methodology: Qualitative narrative based on radio interview and public bio, using descriptive storytelling without systematic research. Critical Assessment: Strengths include emotional resonance and cultural context; limitations involve anecdotal evidence and potential bias towards uplifting narrative, overlooking broader adoption issues."
  ],
  "perspectives": [
    {
      "perspective": "Identity Construction",
      "description": "How adoption and fame shape self-perception and legacy in a public figure."
    }
  ],
  "image_url": "/article_images/article_bf6f0002380554e6_9d25bc83a384.webp"
}