{
  "title": "Analyzing the Erosion of American Optimism: Insights from Gallup's Longitudinal Polling",
  "summary": "A comprehensive Gallup poll indicates a profound erosion in American optimism regarding the future, with merely 59% of respondents in 2025 providing high ratings for their anticipated life in five years—the lowest recorded figure since the inception of this metric approximately two decades ago. This trend underscores a deepening national pessimism, as the poll delineates between current life satisfaction and future optimism using a 0-10 scale, where scores of 8 or higher denote optimism. Dan Witters, Gallup's research director, emphasizes that while current life satisfaction has declined over the past decade, future optimism has deteriorated at nearly twice the rate, highlighting a critical divergence. Furthermore, the proportion of Americans classified as 'thriving'—those rating both current and future lives highly—has dwindled to about 48%, signaling a contraction in overall well-being. The analysis also incorporates political dynamics, noting that shifts in presidential administration typically induce reciprocal changes in partisan optimism, yet even amidst recent political transitions, aggregate optimism remains subdued. This suggests that the gloom permeating American society may stem from multifaceted factors beyond mere political allegiances, potentially including economic uncertainties, social fragmentation, or long-term societal trends.",
  "keywords": [
    {
      "term": "longitudinal polling",
      "explanation": "research method involving repeated surveys over time to track changes and trends in public opinion"
    },
    {
      "term": "erosion",
      "explanation": "a gradual decline or weakening, used here to describe the reduction in optimism levels"
    },
    {
      "term": "pessimism",
      "explanation": "a tendency to expect negative outcomes or lack of hope for the future"
    },
    {
      "term": "partisan dynamics",
      "explanation": "the ways in which political party affiliations influence attitudes and behaviors, as seen in optimism shifts"
    },
    {
      "term": "societal trends",
      "explanation": "broad patterns or changes in society that affect collective moods and well-being over time"
    }
  ],
  "questions": [
    {
      "question": "What does the Gallup poll reveal about the trend in American future optimism since its inception?",
      "options": [
        "It has consistently increased",
        "It fluctuates randomly",
        "It has reached a record low in 2025",
        "It is always high"
      ],
      "correct_answer": "It has reached a record low in 2025"
    },
    {
      "question": "How does Dan Witters characterize the decline in future optimism compared to current life satisfaction?",
      "options": [
        "Future optimism has dropped at nearly twice the rate",
        "Current satisfaction has dropped more",
        "Both have increased",
        "There is no difference"
      ],
      "correct_answer": "Future optimism has dropped at nearly twice the rate"
    },
    {
      "term": "What constitutes the 'thriving' category in Gallup's analysis?",
      "explanation": "Respondents rating current life at 7+ and future life at 8+"
    },
    {
      "question": "What percentage of Americans are currently thriving according to the poll?",
      "options": [
        "59%",
        "48%",
        "70%",
        "30%"
      ],
      "correct_answer": "48%"
    },
    {
      "question": "How do political changes typically affect optimism levels according to the article?",
      "options": [
        "They cause uniform increases",
        "The party in power becomes more optimistic, while the opposition becomes more pessimistic",
        "They have no measurable impact",
        "Only independents are affected"
      ],
      "correct_answer": "The party in power becomes more optimistic, while the opposition becomes more pessimistic"
    },
    {
      "question": "What methodological scale does Gallup use for its life ratings?",
      "options": [
        "0 to 10",
        "1 to 5",
        "Likert scale",
        "Binary yes/no"
      ],
      "correct_answer": "0 to 10"
    },
    {
      "question": "What broader implications does the article suggest for the decline in optimism?",
      "options": [
        "It may reflect economic or social issues beyond politics",
        "It is solely due to political factors",
        "It indicates improved well-being",
        "It is a temporary anomaly"
      ],
      "correct_answer": "It may reflect economic or social issues beyond politics"
    },
    {
      "question": "How long has Gallup been asking the future optimism question?",
      "options": [
        "5 years",
        "10 years",
        "Almost 20 years",
        "Since 2020"
      ],
      "correct_answer": "Almost 20 years"
    },
    {
      "question": "What role does the Associated Press play in this article?",
      "options": [
        "It conducted the poll",
        "It provided reporting and credibility",
        "It analyzed the data",
        "It is the publisher"
      ],
      "correct_answer": "It provided reporting and credibility"
    },
    {
      "question": "Why might the divergence between current and future optimism be significant?",
      "options": [
        "It suggests unique concerns about long-term prospects",
        "It shows people are equally unhappy now and later",
        "It means the poll is inaccurate",
        "It has no real importance"
      ],
      "correct_answer": "It suggests unique concerns about long-term prospects"
    }
  ],
  "background_read": [
    "This article delves into Gallup's longitudinal polling data on American well-being, a topic relevant for high school students studying sociology, psychology, or political science. Gallup is a renowned research institution with a history of credible survey methodology, often cited in academic and media contexts. The poll's design, using a 0-10 scale and repeated measures, allows for robust trend analysis. Understanding these findings requires knowledge of concepts like optimism, life satisfaction, and political polarization. The decline in future optimism raises questions about underlying causes, such as economic instability, social media influence, or global challenges, making it a case study for critical thinking about societal health and data interpretation."
  ],
  "Article_Structure": [
    "The article's main points detail a Gallup poll showing American future optimism at a historic low of 59% in 2025, with a sharper decline than current satisfaction, and only 48% thriving. Its purpose is to analyze societal gloom and political influences, providing a warning about national well-being. Evidence evaluation is rigorous, based on Gallup's longitudinal data and expert insights, though it relies on self-reported measures. Author credibility is bolstered by sourcing from Associated Press and Gallup, known for objectivity. Methodology involves survey questions on a 0-10 scale over 20 years, but may have limitations like sampling bias. Critical assessment notes strengths in long-term tracking but weaknesses in not exploring causal factors deeply."
  ],
  "perspectives": [
    {
      "perspective": "Multifactorial analysis",
      "description": "The erosion of optimism likely results from complex interactions between politics, economics, and social changes, requiring nuanced interpretation beyond single causes."
    }
  ],
  "image_url": "/article_images/article_02c8d9b52a00195c_a10f0cac0dc4.webp"
}