{
  "articles": [
    {
      "id": "402da765e9ff5015",
      "title": "Brigitte Bardot: Cinematic Legacy and Activist Transformation",
      "summary": "Brigitte Bardot, the French actress who died at 91, epitomized cinematic allure and social evolution. Her career began with 'And God Created Woman' (1956), directed by her husband Roger Vadim, which positioned her as a symbol of the French New Wave and redefined female sexuality on screen. Through the late 1950s and 1960s, she delivered nuanced performances in films such as 'The Truth,' earning critical acclaim for dramatic depth, 'Contempt' by Jean-Luc Godard, exploring artistic alienation, and 'Viva Maria!,' showcasing comedic chemistry with Jeanne Moreau. Bardot's persona, characterized by tousled hair and bold eyeliner, transcended cinema to influence global fashion. In 1973, she retired at the peak of her fame to establish the Brigitte Bardot Foundation, advocating against seal hunting and animal testing. This shift from screen siren to activist reflected her authentic convictions, as she settled in Saint-Tropez, embracing a reclusive life. Her legacy encompasses glamour, controversy, and a steadfast commitment to animal rights, marking her as a trailblazer in both entertainment and advocacy.",
      "source": "BBC News",
      "time_ago": "2 hours ago",
      "image_url": "/article_images/article_402da765e9ff5015_10a2be7ff413.webp",
      "category": "News"
    },
    {
      "id": "7ed6b5d723870159",
      "title": "Controversy Over Ecclesiastical Reparations: Legal and Ethical Dimensions of a £100m Slavery Fund",
      "summary": "The appointment of Dame Sarah Mullally as the first female Archbishop of Canterbury coincides with a contentious debate over the Church of England's proposed £100 million fund to address its historical complicity in transatlantic slavery. Initiated in response to a 2023 report by the Church Commissioners, which uncovered that Queen Anne's Bounty—an 18th-century endowment—was implicated in African chattel enslavement, the fund is designed as a nine-year programme for investment, research, and engagement in affected communities. Proponents, including the Church Commissioners, frame this initiative within the Church's Fourth Mark of Mission, emphasizing transformative justice and reconciliation. However, a coalition of Conservative MPs and peers, in a letter to Mullally, challenges the fund's legality, asserting that ecclesiastical endowments are legally restricted to supporting parish ministry, maintaining church infrastructure, and preserving historical records. They critique it as a 'legally dubious vanity project' that misallocates resources at a time when many parishes face financial precarity and structural decline. This dispute encapsulates broader tensions between reparative justice for historical atrocities and the pragmatic stewardship of religious institutions, with implications for charity law compliance, ecclesiastical governance, and societal reconciliation efforts.",
      "source": "BBC News",
      "time_ago": "2 hours ago",
      "image_url": "/article_images/article_7ed6b5d723870159_6e68194b7cfc.webp",
      "category": "News"
    },
    {
      "id": "50efabc2544dfb9a",
      "title": "Cinematic Forecast 2026: Analyzing Potential Industry Revitalization Through Anticipated Releases",
      "summary": "This article provides a comprehensive preview of 20 films slated for release in 2026, positing that they may catalyze a resurgence in cinema attendance and box office performance, analogous to the 2023 phenomenon driven by Barbie and Oppenheimer. It highlights a diverse array of projects, including major franchise extensions such as the fourth Spider-Man installment with Tom Holland, The Devil Wears Prada 2, Avengers: Doomsday, and the third Dune movie, alongside prestige films like Hamnet—an adaptation of Maggie O'Farrell's novel exploring Shakespeare's personal life, which is anticipated as an Oscar contender. The piece also details genre-specific entries: a new Scream film directed by Kevin Williamson with returning cast, Emerald Fennell's Wuthering Heights featuring Jacob Elordi and Margot Robbie, Bradley Cooper's comedy Is This Thing On?, and a biographical drama about Ann Lee. By emphasizing the potential for these releases to address post-Covid industry challenges, the article underscores themes of economic recovery, audience re-engagement, and the blending of commercial and artistic cinema, while noting the speculative nature of such predictions based on current announcements.",
      "source": "BBC News",
      "time_ago": "12 hours ago",
      "image_url": "/article_images/article_50efabc2544dfb9a_7c4e55aac178.webp",
      "category": "News"
    },
    {
      "id": "705d15458347518b",
      "title": "The Silencing of Russia's Oligarchs: Putin's Authoritarian Consolidation Amidst War",
      "summary": "This article delves into the paradoxical relationship between Vladimir Putin and Russia's oligarchs during the ongoing war with Ukraine, highlighting how Putin has effectively neutralized their political influence while their economic fortunes have surged to record levels. It argues that Western sanctions, intended to fracture the alliance between the Kremlin and the ultra-wealthy, have largely failed, as Putin employs a sophisticated carrot-and-stick approach to co-opt oligarchs into silent compliance. The case of Oleg Tinkov exemplifies this dynamic: after publicly criticizing the war as 'crazy,' Tinkov faced immediate Kremlin pressure, resulting in the forced sale of Tinkoff Bank at a mere 3% of its value, orchestrated by Vladimir Potanin, a key Putin ally. This incident underscores the punitive measures available to Putin, contrasting sharply with the 1990s era when oligarchs like Boris Berezovsky wielded substantial political power and even influenced Putin's rise. Historically, the oligarchs emerged from the post-Soviet privatization wave, but Putin systematically curtailed their autonomy, culminating in their inability to object during the 2022 invasion announcement. The article suggests that this silencing reflects broader authoritarian consolidation, where economic elites are depoliticized to bolster regime stability, raising questions about the efficacy of external pressure and the internal mechanisms of control in contemporary Russia.",
      "source": "BBC News",
      "time_ago": "12 hours ago",
      "image_url": "/article_images/article_705d15458347518b_1ad4aa6ec7cc.webp",
      "category": "News"
    },
    {
      "id": "6d19ceeba78d0857",
      "title": "Strategic Shift: California Abandons Legal Action to Secure Federal Funding for High-Speed Rail Initiative",
      "summary": "California has discontinued a lawsuit against the Trump administration that sought to reinstate $4 billion in federal funding for the state's high-speed rail project, a long-delayed endeavor estimated to exceed $100 billion and designed to connect San Francisco and Los Angeles. The U.S. Transportation Department rescinded the funds in July, asserting that the California High-Speed Rail Authority lacked a viable plan for completing a critical segment in the Central Valley. In response, Governor Gavin Newsom denounced the decision as politically motivated. The authority is now reorienting its strategy toward alternative financing mechanisms, including engaging private investors and leveraging the state's cap-and-trade program, which imposes declining emission limits on polluters and channels revenue into climate mitigation, affordable housing, and transportation projects. This pivot is framed as an opportunity to adopt international best practices in high-speed rail development, free from federal constraints, despite persistent criticism from figures like President Trump, who have labeled the project as economically unsustainable and ineffective.",
      "source": "PBS NewsHour",
      "time_ago": "12 hours ago",
      "image_url": "/article_images/article_6d19ceeba78d0857_56c3f73fb19a.webp",
      "category": "News"
    },
    {
      "id": "08d5c6ac5b46b6f4",
      "title": "Judicial Measures in Brazil: House Arrest for Coup Plot Convicts Amid Democratic Safeguards",
      "summary": "In a significant legal development, Brazilian Supreme Court Judge Alexandre de Moraes ordered house arrest for ten individuals convicted of involvement in a coup plot designed to retain former President Jair Bolsonaro in office after his 2022 electoral loss. These convicts, previously subjected to cautionary measures such as ankle monitors, include Filipe Martins, a former Bolsonaro adviser, whose lawyer has announced an appeal, critiquing the decision as unjust. Concurrently, the extradition of Silvinei Vasques, a former police commander who fled to Paraguay, underscores cross-border judicial cooperation in addressing the plot. Bolsonaro is serving a 27-year prison sentence for his central role and is currently hospitalized post-surgery, grappling with persistent hiccups. This case occurs within Brazil's historical context of reinstated democracy in 1985 following military rule, with trials against Bolsonaro and associates being closely monitored to evaluate the resilience of democratic institutions against anti-democratic threats. The article highlights ongoing legal proceedings as a test of Brazil's commitment to rule of law and democratic consolidation.",
      "source": "PBS NewsHour",
      "time_ago": "13 hours ago",
      "image_url": "/article_images/article_08d5c6ac5b46b6f4_822352dbddad.webp",
      "category": "News"
    }
  ]
}