{
  "articles": [
    {
      "id": "43bb5fa7fcb5d582",
      "title": "Critical Examination of the 'Battle of the Sexes' Exhibition: Sabalenka vs. Kyrgios and Its Societal Implications",
      "summary": "This article from BBC Sport analyzes the forthcoming 'Battle of the Sexes' exhibition tennis match featuring Aryna Sabalenka, the reigning women's world number one and a four-time major champion, against Nick Kyrgios, a prominent 2022 Wimbledon finalist, scheduled for December 28 in Dubai. The event, to be televised live on BBC One, has ignited considerable discourse regarding its role in contemporary sports culture. Sabalenka's recent achievements, including a US Open title in 2025 and a 59-71 match record, underscore her formidable prowess, characterized by a powerful serve and aggressive groundstrokes, albeit with occasional inconsistency. Kyrgios brings his own elite men's tennis credentials to the exhibition, which adopts a best-of-three-sets format with a 10-point tie-breaker for deciders. Notably, organizers from Evolve have implemented a 9% reduction in Sabalenka's court dimensions, citing data indicating women's slower average movement, a measure intended to equilibrate competition. The piece delves into pivotal questions, such as the match's potential impact on women's sport, with Sabalenka asserting it poses no harm, and contrasts it with Billie Jean King's historic 1973 'Battle of the Sexes,' which was driven by social change objectives. Through this lens, the article explores broader themes of gender dynamics, entertainment versus activism in sports, and the ethical considerations of physiological adjustments in mixed-gender contests.",
      "source": "BBC Tennis",
      "time_ago": "6 hours ago",
      "image_url": "/article_images/article_43bb5fa7fcb5d582_050822a1a23c.webp",
      "category": "Fun"
    },
    {
      "id": "0499748d45be3439",
      "title": "Mulatu Astatke's Culmination: Analyzing the Final Concert of an Ethio-Jazz Innovator",
      "summary": "Mulatu Astatke, renowned as the 'Godfather of Ethiopian jazz,' concluded his six-decade performing career with a final live concert in London, symbolizing the end of an era for Ethio-jazz. At 82, Astatke has been instrumental in developing this genre since the 1960s, conceptualizing it as a 'science' through the fusion of Ethiopian musical elements—such as the pentatonic scale and Orthodox church melodies—with diverse jazz traditions. His global recognition expanded significantly after his compositions were featured in the 2005 film Broken Flowers and the Oscar-nominated Nickel Boys, underscoring his cross-cultural appeal. The concert, set in a West End venue on a cold November evening, featured Astatke on the vibraphone, commencing with a 4th-century Ethiopian Orthodox tune to acknowledge his roots. Post-performance, Astatke offered limited commentary on his retirement, while US musician Dexter Story described the event as 'bittersweet,' highlighting the vibrant energy and the loss of a touring genius. This article explores Astatke's legacy, the artistic synthesis of Ethio-jazz, and the emotional resonance of his farewell.",
      "source": "BBC Entertainment",
      "time_ago": "12 hours ago",
      "image_url": "/article_images/article_0499748d45be3439_d7998d72f7f4.webp",
      "category": "Fun"
    },
    {
      "id": "2faf0a5475f0376a",
      "title": "Precision Search for Sterile Neutrinos: KATRIN's Null Result and Implications for Particle Physics",
      "summary": "The KATRIN collaboration has conducted the most precise direct search to date for sterile neutrinos, reporting a null result that challenges earlier anomalies and refines our understanding of particle physics. Neutrinos, as abundant matter particles, exhibit oscillations indicating mass, with the Standard Model encompassing three flavors. Sterile neutrinos, a hypothetical fourth type with minimal interactions, have been proposed to explain discrepancies in reactor-neutrino and gallium-source experiments. KATRIN, located at the Karlsruhe Institute of Technology, employs a windowless gaseous tritium source and high-resolution spectrometer to analyze β-decay, measuring electron energy spectra for distortions indicative of sterile neutrinos. Between 2019 and 2021, the experiment recorded approximately 36 million electrons over 259 days, achieving sub-percent accuracy and finding no evidence of sterile neutrinos. This result rules out a broad parameter space previously suggested by anomalies, including those from the Neutrino-4 experiment, and complements oscillation studies by probing energy distributions at neutrino creation. The collaboration emphasizes the complementary nature of KATRIN and reactor experiments like STEREO, which together constrain light sterile neutrinos across mass splittings. Future plans include continued data collection through 2025 and the TRISTAN detector upgrade in 2026 to enhance sensitivity and statistical power. This research underscores the iterative process of scientific inquiry, where null results are crucial for eliminating hypotheses and guiding theoretical developments in fundamental physics.",
      "source": "Science Daily - Technology",
      "time_ago": "22 hours ago",
      "image_url": "/article_images/article_2faf0a5475f0376a_0ff2040924e8.webp",
      "category": "Fun"
    },
    {
      "id": "32fd378470dfae2e",
      "title": "Survival Against Odds: Analyzing a Drummer's Cardiac Arrest at a Public Event",
      "summary": "Lionel Duke, drummer for The Christians, faced a critical cardiac arrest during a performance at Liverpool's On The Waterfront festival in June, an incident that nearly proved fatal. Collapsing on stage, he received immediate cardiopulmonary resuscitation (CPR) from Merseyside Water Rescue medics and crowd members for 12 minutes, a key factor in his survival. Transported to Liverpool Heart & Chest Hospital, he was placed in an induced coma within the intensive care unit to facilitate recovery, spending eight days hospitalized. In a BBC interview, Duke, 58, expressed profound gratitude and shock, noting that an off-duty nurse had pessimistically assessed his chances. The event disrupted the festival, underscoring vulnerabilities in public health safety, while Duke's reflection on absent warning signs raises questions about undetected cardiac risks. This account not only personalizes the trauma of sudden medical emergencies but also critiques the adequacy of emergency protocols at large-scale gatherings, highlighting the interplay between individual resilience and systemic support.",
      "source": "BBC Entertainment",
      "time_ago": "1 day ago",
      "image_url": "/article_images/article_32fd378470dfae2e_9fee0716fede.webp",
      "category": "Fun"
    },
    {
      "id": "ca6d5e2b8e008aad",
      "title": "Strategic Assessment of Martian Landing Sites: Water Ice Accessibility in Amazonis Planitia",
      "summary": "A recent study published in the Journal of Geophysical Research: Planets, led by Erica Luzzi of the University of Mississippi, proposes Amazonis Planitia as a highly viable landing site for future human missions to Mars, based on the detection of shallow subsurface water ice. Utilizing high-resolution imagery from the HiRISE camera aboard the Mars Reconnaissance Orbiter, researchers identified ice deposits less than one meter deep through geomorphological indicators such as exposed crater ice and polygonal terrain patterns. This region in the mid-latitudes offers optimal environmental conditions, balancing adequate solar irradiance for energy generation with sufficiently low temperatures to maintain ice stability near the surface. The accessibility of water ice facilitates in situ resource utilization, enabling the production of critical consumables like potable water, breathable oxygen via electrolysis, and methane-based rocket propellant, thereby mitigating the logistical constraints of Earth resupply during prolonged missions. Furthermore, the presence of ice carries significant astrobiological implications, potentially preserving biosignatures and informing assessments of Mars' historical habitability. This research underscores the integration of planetary science with human spaceflight objectives, highlighting methodological rigor in remote sensing analysis and contributing to strategic planning for sustainable extraterrestrial exploration.",
      "source": "Science Daily - Technology",
      "time_ago": "1 day ago",
      "image_url": "/article_images/article_ca6d5e2b8e008aad_0f84b7244611.webp",
      "category": "Fun"
    },
    {
      "id": "562951b1d23d5865",
      "title": "Dave Robinson's Enduring Legacy: Music, Touring, and Resilience in Ukraine",
      "summary": "Dave Robinson, an octogenarian music industry pioneer, exemplifies lifelong dedication through his recent efforts to support live music in conflict-ridden Ukraine. As a co-founder of Stiff Records, he played a pivotal role in shaping the post-punk and new wave scenes by signing acts such as Elvis Costello, The Pogues, and Madness. His extensive career includes managing tours for Jimi Hendrix and capturing early photographs of The Beatles at Liverpool's Cavern Club, though he initially underestimated their talent. Currently, Robinson traveled to Ukraine, operating merely 12km from the front line with the band Hardwicke Circus, undeterred by a bout of pneumonia. He articulates a philosophy that touring is fundamental to musical excellence, arguing that consistent live performances, as evidenced by Stiff Records alumni and The Beatles' Hamburg era, catalyze artistic growth and professionalism. Robinson recounts the grueling logistics of touring—travel, setup, performance, and breakdown—as essential rites of passage for musicians. His narrative bridges historical music milestones with contemporary geopolitical challenges, underscoring music's role as a resilient force in fostering community and hope amidst adversity. This article not only chronicles Robinson's personal journey but also invites reflection on the intersections of art, aging, and activism.",
      "source": "BBC Entertainment",
      "time_ago": "1 day ago",
      "image_url": "/article_images/article_562951b1d23d5865_fb2608e23496.webp",
      "category": "Fun"
    }
  ]
}