{
  "title": "Reform Party's Meteoric Rise: Scrutinizing Governance Readiness in a Shifting Political Landscape",
  "summary": "This article provides an in-depth analysis of the Reform party, led by Nigel Farage, as it experiences unprecedented political ascendancy in the United Kingdom. Farage, a seasoned politician with a history of influence from the periphery, candidly acknowledges that Reform is not yet prepared for governance, despite leading opinion polls ahead of both Labour and Conservatives. The piece, based on a BBC documentary, interrogates the party's credibility and operational capacity, particularly as it controls over 10 town halls in England and faces intense public scrutiny. It delves into Farage's past controversies, including allegations of racism and antisemitism during his tenure at Dulwich College, where he offers a conditional apology, reflecting broader tensions around accountability. The article highlights Reform's strategic maneuvers, such as its sophisticated content-creation apparatus, weekly press conferences, and focus on issues like crime and immigration to galvanize support. Additionally, it examines the influx of defections from former Conservatives, which injects momentum but also poses challenges in unifying the right-wing electorate to avoid vote-splitting. The central thesis questions whether Reform can evolve from a populist movement into a viable governing entity, considering its institutional gaps and the heightened expectations accompanying its poll dominance.",
  "keywords": [
    {
      "term": "political ascendancy",
      "explanation": "The rapid rise to power or influence of a political party or figure, often marked by increasing support and visibility"
    },
    {
      "term": "conditional apology",
      "explanation": "A form of apology that qualifies regret with conditions, often used to avoid full admission of guilt or responsibility"
    },
    {
      "term": "content-creation apparatus",
      "explanation": "The organized system and resources used to produce and distribute media content, such as through TV studios and social media platforms"
    },
    {
      "term": "defections",
      "explanation": "The act of politicians abandoning their original party to join another, which can shift political dynamics and provide strategic advantages"
    },
    {
      "term": "vote-splitting",
      "explanation": "A phenomenon where similar political parties compete for the same voter base, potentially diluting support and affecting election outcomes"
    },
    {
      "term": "populist movement",
      "explanation": "A political approach that appeals to ordinary people who feel their concerns are disregarded by established elite groups"
    }
  ],
  "questions": [
    {
      "question": "What is the primary focus of the BBC documentary mentioned in the article?",
      "options": [
        "Assessing Reform's readiness to rule",
        "Documenting Farage's personal life",
        "Comparing UK and US politics",
        "Analyzing historical election results"
      ],
      "correct_answer": "Assessing Reform's readiness to rule"
    },
    {
      "question": "How does the article characterize Farage's apology for past behavior?",
      "options": [
        "As a conditional apology",
        "As a full admission of guilt",
        "As a refusal to apologize",
        "As a humorous remark"
      ],
      "correct_answer": "As a conditional apology"
    },
    {
      "question": "What strategic issue does Reform emphasize to connect with voters?",
      "options": [
        "Crime and immigration",
        "Education reform",
        "Healthcare funding",
        "Environmental policies"
      ],
      "correct_answer": "Crime and immigration"
    },
    {
      "question": "What challenge does Reform face due to defections from Conservatives?",
      "options": [
        "Unifying the right-wing vote to prevent splitting",
        "Finding new funding sources",
        "Rebranding its image",
        "Expanding into international politics"
      ],
      "correct_answer": "Unifying the right-wing vote to prevent splitting"
    },
    {
      "question": "What does the article suggest about Reform's use of media?",
      "options": [
        "It employs a sophisticated content-creation machine",
        "It relies solely on traditional newspapers",
        "It avoids social media entirely",
        "It focuses on radio broadcasts"
      ],
      "correct_answer": "It employs a sophisticated content-creation machine"
    },
    {
      "question": "How many town halls does Reform control according to the article?",
      "options": [
        "More than 10",
        "Exactly 15",
        "None",
        "Over 20"
      ],
      "correct_answer": "More than 10"
    },
    {
      "question": "What is Reform's claimed membership number as of December?",
      "options": [
        "268,000",
        "150,000",
        "300,000",
        "400,000"
      ],
      "correct_answer": "268,000"
    },
    {
      "question": "What does the article imply about Labour and Conservatives' reaction to Reform's rise?",
      "options": [
        "They are terrified and see it as a grave threat",
        "They are indifferent and ignore it",
        "They support its policies collaboratively",
        "They plan to form a coalition with it"
      ],
      "correct_answer": "They are terrified and see it as a grave threat"
    },
    {
      "question": "What methodological approach does the article use to gather information?",
      "options": [
        "Interviews and documentary filming over months",
        "Statistical analysis of polls only",
        "Historical archives research",
        "Surveys of general public"
      ],
      "correct_answer": "Interviews and documentary filming over months"
    },
    {
      "question": "What broader political shift does Reform's rise reflect according to the article?",
      "options": [
        "Voter dissatisfaction with established parties",
        "Increased focus on local governance",
        "Decline in political participation",
        "Rise of international alliances"
      ],
      "correct_answer": "Voter dissatisfaction with established parties"
    }
  ],
  "background_read": [
    "The Reform party, initially known as the Brexit Party, has its roots in the UK's departure from the European Union, spearheaded by Nigel Farage, a pivotal figure in British euroscepticism. Farage's political career spans decades, marked by his leadership of UKIP and instrumental role in the Brexit referendum. Reform has since rebranded to address broader domestic issues, capitalizing on public disillusionment with the Labour and Conservative parties. Its strategy involves leveraging digital media and attracting high-profile defectors, such as former Conservative ministers, to build credibility and momentum. This article situates Reform within the context of global populist movements and the fragmentation of traditional party systems, examining its potential to disrupt the UK's political duopoly. It also considers the implications of Farage's controversial past and the party's institutional preparedness for governance, offering insights into the evolving dynamics of British democracy."
  ],
  "Article_Structure": [
    "This article conducts a critical analysis of the Reform party's trajectory toward potential governance. Main Points detail its poll dominance, local council control, and media strategies, alongside Farage's conditional apology for past controversies. Purpose is to evaluate Reform's transformation from a populist force into a credible ruling entity within the UK's shifting political landscape. Evidence Evaluation assesses the reliance on documentary footage and interviews, providing authentic narratives but limited by editorial selection and time constraints. Author Credibility is underpinned by BBC's journalistic standards, though potential biases in framing Reform as a threat are noted. Methodology involves immersive fieldwork over months, offering depth but not exhaustive coverage of all developments. Critical Assessment highlights strengths in Reform's adaptive strategies and public engagement, but identifies limitations in policy coherence and the risks of vote-splitting, questioning its long-term viability."
  ],
  "perspectives": [
    {
      "perspective": "Academic observers",
      "description": "They analyze Reform as a case study in populism and party system disruption, emphasizing its strategic innovations but cautioning about governance gaps and ethical concerns."
    },
    {
      "perspective": "Political strategists",
      "description": "They view Reform's rise as a masterclass in media manipulation and voter mobilization, yet debate its sustainability and ability to navigate institutional hurdles."
    }
  ],
  "image_url": "/article_images/article_a05aab6afac574e3_9ca285e74fd9.webp"
}