{
  "title": "Estrogen-Dopamine Interplay in Cognitive Modulation: Insights from Neural Studies",
  "summary": "A groundbreaking study published in Nature Neuroscience delves into the intricate relationship between estrogen and dopamine in regulating cognitive processes such as learning and decision-making. Conducted by researchers from New York University's Center for Neural Science and collaborating institutions, the investigation employed controlled experiments on laboratory rats to examine how natural fluctuations in estrogen levels during reproductive cycles induce molecular changes in dopamine pathways. The research involved monitoring neural activity while rats engaged in learning tasks conditioned by audio cues for water rewards, revealing that estrogen modulates dopamine signaling to facilitate adaptive cognitive behaviors. This provides a mechanistic explanation for how hormonal variations can influence neurological function, with implications for understanding psychiatric disorders linked to estrogen, such as premenstrual dysphoric disorder or perimenopausal cognitive decline. The findings underscore the role of endocrine factors in neural plasticity and suggest that estrogen's effects on dopamine could be a target for therapeutic interventions. By integrating behavioral assays with neurochemical analyses, the study advances knowledge in neuroscience and endocrinology, highlighting the dynamic interplay between hormones and brain function in health and disease.",
  "keywords": [
    {
      "term": "estrogen",
      "explanation": "a steroid hormone that regulates reproductive cycles and exerts neuromodulatory effects on cognitive and emotional processes"
    },
    {
      "term": "dopamine",
      "explanation": "a catecholamine neurotransmitter critical for reward processing, motivation, and synaptic plasticity in learning mechanisms"
    },
    {
      "term": "cognitive modulation",
      "explanation": "the regulation of mental functions like learning and decision-making by internal or external factors, such as hormonal influences"
    },
    {
      "term": "neural plasticity",
      "explanation": "the brain's ability to reorganize itself by forming new neural connections, essential for learning and memory"
    },
    {
      "term": "endocrine system",
      "explanation": "the network of glands that secrete hormones to regulate bodily functions, including brain activity"
    },
    {
      "term": "behavioral assay",
      "explanation": "a experimental method used to measure animal behaviors in response to specific stimuli, often in controlled settings"
    },
    {
      "term": "molecular pathways",
      "explanation": "sequences of biochemical reactions in cells, such as those involving neurotransmitters and hormones, that control physiological processes"
    },
    {
      "term": "psychiatric etiology",
      "explanation": "the study of causes and origins of mental disorders, often involving genetic, environmental, and hormonal factors"
    },
    {
      "term": "neurochemical analysis",
      "explanation": "techniques to measure and analyze chemicals in the nervous system, providing insights into brain function"
    },
    {
      "term": "hormonal fluctuation",
      "explanation": "variations in hormone levels over time, which can impact physiological and psychological states"
    },
    {
      "term": "reward processing",
      "explanation": "neural mechanisms that evaluate and respond to rewarding stimuli, involving dopamine release and reinforcement learning"
    },
    {
      "term": "therapeutic target",
      "explanation": "a biological molecule or pathway that can be manipulated to treat diseases, such as through drugs or interventions"
    }
  ],
  "questions": [
    {
      "question": "What is the central hypothesis tested in this study regarding estrogen and dopamine?",
      "options": [
        "Estrogen modulates dopamine to affect learning",
        "Estrogen decreases dopamine levels permanently",
        "Dopamine inhibits estrogen production",
        "Estrogen has no effect on cognitive functions"
      ],
      "correct_answer": "Estrogen modulates dopamine to affect learning"
    },
    {
      "question": "Which institutions were involved in the research collaboration?",
      "options": [
        "NYU and Virginia Commonwealth University",
        "Harvard and Stanford",
        "MIT and Caltech",
        "Oxford and Cambridge"
      ],
      "correct_answer": "NYU and Virginia Commonwealth University"
    },
    {
      "question": "What methodological approach was used to assess brain activity in the rats?",
      "options": [
        "Neural monitoring during behavioral tasks",
        "Genetic sequencing alone",
        "Surveys and questionnaires",
        "Physical examinations only"
      ],
      "correct_answer": "Neural monitoring during behavioral tasks"
    },
    {
      "question": "How do the findings relate to psychiatric disorders?",
      "options": [
        "They provide a biological basis for hormone-related cognitive issues",
        "They suggest disorders are solely genetic",
        "They indicate that hormones have no role in mental health",
        "They recommend avoiding hormonal treatments"
      ],
      "correct_answer": "They provide a biological basis for hormone-related cognitive issues"
    },
    {
      "question": "What role does dopamine play in the reward system according to the article?",
      "options": [
        "It reinforces learning through reward signals",
        "It causes inflammation in the brain",
        "It regulates body temperature",
        "It produces estrogen in the body"
      ],
      "correct_answer": "It reinforces learning through reward signals"
    },
    {
      "question": "What is a limitation mentioned or implied in the study's methodology?",
      "options": [
        "Use of animal models may not fully translate to humans",
        "Lack of any experimental controls",
        "Insufficient sample size for rats",
        "Absence of ethical approvals"
      ],
      "correct_answer": "Use of animal models may not fully translate to humans"
    },
    {
      "question": "Who is credited as the senior author and what is her expertise?",
      "options": [
        "Christine Constantinople, neural science professor",
        "Carla Golden, postdoctoral fellow in biology",
        "A random scientist with no specified background",
        "An engineer from a tech company"
      ],
      "correct_answer": "Christine Constantinople, neural science professor"
    },
    {
      "question": "What broader scientific field does this study primarily contribute to?",
      "options": [
        "Neuroscience and endocrinology",
        "Computer science and AI",
        "Environmental science",
        "Political science"
      ],
      "correct_answer": "Neuroscience and endocrinology"
    },
    {
      "question": "How were the learning tasks designed in the experiments?",
      "options": [
        "Using audio cues for water rewards",
        "Through visual puzzles only",
        "By social interactions with other rats",
        "With no rewards involved"
      ],
      "correct_answer": "Using audio cues for water rewards"
    },
    {
      "question": "What potential therapeutic implications are suggested by the research?",
      "options": [
        "Targeting estrogen-dopamine interactions for treatments",
        "Developing new sports therapies",
        "Creating dietary supplements for weight loss",
        "Enhancing musical abilities"
      ],
      "correct_answer": "Targeting estrogen-dopamine interactions for treatments"
    },
    {
      "question": "What evidence supports the link between estrogen and cognitive shifts?",
      "options": [
        "Observed changes in dopamine processes during hormonal cycles",
        "Theoretical models without data",
        "Historical records of human behavior",
        "Opinions from non-experts"
      ],
      "correct_answer": "Observed changes in dopamine processes during hormonal cycles"
    },
    {
      "question": "Why is the study published in Nature Neuroscience significant?",
      "options": [
        "It offers peer-reviewed insights into neural mechanisms",
        "It is a popular magazine with no scientific rigor",
        "It focuses only on animal welfare",
        "It disputes all previous hormone research"
      ],
      "correct_answer": "It offers peer-reviewed insights into neural mechanisms"
    }
  ],
  "background_read": [
    "Hormones are integral to the endocrine system, acting as chemical messengers that regulate diverse physiological processes, including neural function. Estrogen, a key sex hormone, exhibits fluctuations during menstrual cycles and influences neuroplasticity and cognition through interactions with neurotransmitters like dopamine. Dopamine is central to the mesolimbic pathway, governing reward, motivation, and learning by modulating synaptic strength. Research in this domain often employs animal models, such as rats, due to ethical and practical constraints, allowing for controlled manipulations of hormonal states and neural recordings. This study builds on epidemiological evidence linking estrogen levels to cognitive disorders, such as those seen in perimenopause or certain mood disorders, and utilizes advanced methodologies like behavioral assays and neurochemical analyses to elucidate mechanistic pathways. Understanding these interactions is crucial for developing targeted therapies in neuroendocrinology and addressing gaps in how hormonal changes contribute to mental health disparities."
  ],
  "Article_Structure": [
    "This article's main points detail how estrogen-induced molecular changes in dopamine pathways underpin cognitive shifts in learning and decision-making, based on rat experiments. The purpose is to elucidate biological mechanisms for hormonal impacts on neurology, addressing gaps in psychiatric research. Evidence evaluation shows robust experimental design with neural monitoring, but reliance on animal models limits direct human extrapolation and may overlook individual variations. Author credibility is strong, with experts from NYU and collaborators, though potential funding or institutional biases could influence focus on estrogen. Methodology involves controlled behavioral tasks and neurochemical assays, providing empirical data, but critical assessment notes strengths in hypothesis testing and limitations in generalizability, suggesting need for human studies to validate findings."
  ],
  "perspectives": [
    {
      "perspective": "Scientific Perspective",
      "description": "Focuses on empirical evidence linking estrogen and dopamine in cognitive processes, advancing neuroendocrine theories."
    },
    {
      "perspective": "Clinical Perspective",
      "description": "Emphasizes potential for developing hormone-based treatments for cognitive and psychiatric conditions."
    }
  ],
  "image_url": "/article_images/article_6f50551b73db53af_e88330bdc76c.webp"
}