{
  "title": "Daniil Medvedev Wins His First Big Tennis Match in a Long Time",
  "summary": "Daniil Medvedev is a tennis player from Russia who had not won a match at a big tournament called a Grand Slam for 370 days. He finally won his first match at the Australian Open, which is one of the biggest tennis tournaments. He beat Jesper de Jong from the Netherlands with a score of 7-5, 6-2, 7-6. Medvedev has been trying to be more positive on the court, and this win shows it is working. He had lost his first matches at other Grand Slams like the French Open, Wimbledon, and the US Open last year. Medvedev is happy and hopes to keep playing well. This win is important because it helps him feel confident again.",
  "keywords": [
    {
      "term": "Grand Slam",
      "explanation": "a big tennis tournament with four events each year"
    },
    {
      "term": "Australian Open",
      "explanation": "a tennis tournament held in Australia, one of the Grand Slams"
    },
    {
      "term": "positive",
      "explanation": "having a happy and hopeful attitude"
    },
    {
      "term": "win",
      "explanation": "to beat another player in a game or match"
    },
    {
      "term": "tennis player",
      "explanation": "a person who plays tennis as a sport"
    }
  ],
  "questions": [
    {
      "question": "Who won the tennis match at the Australian Open?",
      "options": [
        "Daniil Medvedev",
        "Jesper de Jong",
        "Roger Federer",
        "Naomi Osaka"
      ],
      "correct_answer": "Daniil Medvedev"
    },
    {
      "question": "How long had it been since Medvedev last won a Grand Slam match?",
      "options": [
        "370 days",
        "100 days",
        "500 days",
        "1 year"
      ],
      "correct_answer": "370 days"
    },
    {
      "question": "What is Medvedev trying to be more of on the court?",
      "options": [
        "Positive",
        "Angry",
        "Quiet",
        "Fast"
      ],
      "correct_answer": "Positive"
    },
    {
      "question": "Which tournament did Medvedev win this match at?",
      "options": [
        "Australian Open",
        "French Open",
        "Wimbledon",
        "US Open"
      ],
      "correct_answer": "Australian Open"
    },
    {
      "question": "Who did Medvedev play against in this match?",
      "options": [
        "Jesper de Jong",
        "Rafael Nadal",
        "Novak Djokovic",
        "Andy Murray"
      ],
      "correct_answer": "Jesper de Jong"
    },
    {
      "question": "What is a Grand Slam in tennis?",
      "options": [
        "A big tournament",
        "A type of racket",
        "A tennis ball",
        "A score system"
      ],
      "correct_answer": "A big tournament"
    }
  ],
  "background_read": [
    "Tennis is a sport where players hit a ball over a net. Grand Slams are the most important tournaments, including the Australian Open, French Open, Wimbledon, and US Open. Players from around the world compete to win matches and trophies. Being positive means staying happy and not getting upset, which can help players perform better. Daniil Medvedev is a famous tennis player who has won big tournaments before, like the US Open in 2021."
  ],
  "Article_Structure": [
    "WHO: Daniil Medvedev, a Russian tennis player",
    "WHAT: He won his first Grand Slam match in 370 days at the Australian Open",
    "WHERE: At Melbourne Park in Australia",
    "WHY: Because he is trying to be more positive on the court, and it helped him beat Jesper de Jong"
  ],
  "perspectives": [
    {
      "perspective": "Player's effort",
      "description": "Medvedev worked on being positive, which led to his win"
    }
  ],
  "image_url": "/article_images/article_968bcc7bfeb30c5d_1e994bbcc9eb.webp"
}