{
  "title": "Medvedev's Psychological Shift Ends Grand Slam Drought at Australian Open",
  "summary": "Daniil Medvedev, a former world number one and 2021 US Open champion, secured a significant victory at the 2025 Australian Open, ending a 370-day Grand Slam losing streak with a first-round win over Jesper de Jong. The match, held at Melbourne Park, resulted in a 7-5, 6-2, 7-6 (7-2) scoreline, extending Medvedev's season record to 6-0 following his triumph at the Brisbane International. This success contrasts sharply with his 2025 performances, where he suffered first-round exits at the French Open, Wimbledon, and US Open, contributing to a ranking drop to 18th amid a turbulent year marked by on-court incidents, such as destroying a net camera. Medvedev credits his improved results to a deliberate psychological strategy of cultivating positivity on the court, aligning it with his personal outlook. Despite past challenges, including missing the ATP Finals after winning the Almaty Open to end an 882-day title drought, Medvedev emphasizes resilience and acceptance of career fluctuations. This victory not only marks a potential turning point in his professional trajectory but also underscores the role of mental fortitude in elite sports, highlighting how athletes navigate slumps through adaptive mindset changes.",
  "keywords": [
    {
      "term": "psychological strategy",
      "explanation": "a planned approach to mental conditioning aimed at enhancing performance"
    },
    {
      "term": "Grand Slam drought",
      "explanation": "a prolonged period without winning matches at major tennis tournaments"
    },
    {
      "term": "elite sports",
      "explanation": "high-level competitive athletics involving top professionals"
    },
    {
      "term": "mental fortitude",
      "explanation": "the strength of mind to endure challenges and maintain focus"
    },
    {
      "term": "adaptive mindset",
      "explanation": "the ability to adjust one's thinking to overcome obstacles and improve outcomes"
    }
  ],
  "questions": [
    {
      "question": "How long was Medvedev's Grand Slam losing streak before the Australian Open win?",
      "options": [
        "370 days",
        "882 days",
        "200 days",
        "1 year"
      ],
      "correct_answer": "370 days"
    },
    {
      "question": "What psychological factor does Medvedev attribute his win to?",
      "options": [
        "Cultivating positivity",
        "Increased aggression",
        "Better physical training",
        "Strategic coaching"
      ],
      "correct_answer": "Cultivating positivity"
    },
    {
      "question": "Which tournament did Medvedev win earlier in January 2025?",
      "options": [
        "Brisbane International",
        "Almaty Open",
        "ATP Finals",
        "US Open"
      ],
      "correct_answer": "Brisbane International"
    },
    {
      "question": "What was Medvedev's ranking low point in 2025?",
      "options": [
        "18th",
        "5th",
        "10th",
        "1st"
      ],
      "correct_answer": "18th"
    },
    {
      "question": "How did Medvedev end his title drought in October 2025?",
      "options": [
        "Won the Almaty Open",
        "Won the Australian Open",
        "Won the ATP Finals",
        "Did not win any title"
      ],
      "correct_answer": "Won the Almaty Open"
    },
    {
      "question": "What incident is mentioned as part of Medvedev's turbulent year?",
      "options": [
        "Destroying a net camera",
        "Injuring an opponent",
        "Missing a match",
        "Changing coaches"
      ],
      "correct_answer": "Destroying a net camera"
    },
    {
      "question": "What does the article suggest about Medvedev's career fluctuations?",
      "options": [
        "They are part of a professional athlete's journey",
        "They indicate declining skills",
        "They are unusual for top players",
        "They are solely due to external factors"
      ],
      "correct_answer": "They are part of a professional athlete's journey"
    },
    {
      "question": "Which tournament did Medvedev miss in November 2025?",
      "options": [
        "ATP Finals",
        "Australian Open",
        "French Open",
        "Wimbledon"
      ],
      "correct_answer": "ATP Finals"
    },
    {
      "question": "What is the broader implication of Medvedev's win discussed in the article?",
      "options": [
        "The importance of mental resilience in sports",
        "The need for better equipment",
        "The role of luck in tennis",
        "The decline of Grand Slam prestige"
      ],
      "correct_answer": "The importance of mental resilience in sports"
    },
    {
      "question": "How does the article evaluate Medvedev's past year?",
      "options": [
        "As turbulent with ups and downs",
        "As consistently successful",
        "As a complete failure",
        "As uneventful"
      ],
      "correct_answer": "As turbulent with ups and downs"
    }
  ],
  "background_read": [
    "Tennis Grand Slams represent the pinnacle of the sport, requiring peak physical and mental performance over two-week periods. The ATP ranking system incentivizes consistency, with slumps affecting a player's status and opportunities. Daniil Medvedev, known for his analytical game and emotional volatility, has experienced significant career highs, such as his 2021 US Open victory, and lows, including ranking drops and on-court incidents. Sports psychology emphasizes mindset adaptation, where positivity and resilience can mitigate performance declines. The ATP Finals serve as a benchmark for elite achievement, and missing them reflects competitive challenges. This analysis explores how Medvedev's strategic mental shift contributed to breaking a prolonged slump, illustrating broader themes in athletic development and perseverance."
  ],
  "Article_Structure": [
    "Main Points: Medvedev ended a 370-day Grand Slam drought with a win at the Australian Open, driven by a psychological focus on positivity after a turbulent year of first-round losses and ranking drops. Purpose: To analyze Medvedev's comeback within the context of mental resilience in elite sports, highlighting career fluctuations. Evidence Evaluation: Relies on match statistics and player quotes, offering credible but surface-level evidence without independent verification. Author Credibility: BBC provides reputable sports reporting, though author-specific expertise is not detailed. Methodology: Uses event reporting and interviews, typical for sports journalism, but lacks methodological rigor. Critical Assessment: Strengths include timely coverage and player insights; limitations involve minimal depth on psychological strategies or broader sports science perspectives."
  ],
  "perspectives": [
    {
      "perspective": "Mental resilience in athletics",
      "description": "Examining how mindset adaptations, like positivity, can drive comebacks in high-pressure sports environments"
    }
  ],
  "image_url": "/article_images/article_968bcc7bfeb30c5d_1e994bbcc9eb.webp"
}