{
  "title": "Unraveling the Methane Surge: Climate and Chemistry After 2020",
  "summary": "After 2020, atmospheric methane concentrations experienced an unprecedented spike, driven by a combination of reduced natural removal and increased emissions from climate-sensitive sources. An international research team, led by scientists like Hanqin Tian from Boston College, published findings in Science, revealing that about 80% of the year-to-year changes in methane accumulation were due to a sharp decline in hydroxyl radicals—chemicals that break down methane in the air. Simultaneously, a prolonged La Niña phase from 2020 to 2023 brought wetter conditions to tropical regions, expanding flooded landscapes such as wetlands, rivers, lakes, and agricultural areas like paddy rice fields. These environments fostered microbial activity that produced more methane, contributing to a rise of 55 parts per billion between 2019 and 2023, with a peak increase of nearly 18 ppb in 2021. The study emphasized that natural and managed systems, including wetlands in tropical Africa and Southeast Asia and Arctic areas, played significant roles, while fossil fuels and wildfires had minimal impact. Researchers used advanced Earth system models to link land, freshwater, and atmospheric processes, showing how climate variability amplifies emissions. The findings underscore that as the planet warms and becomes wetter, methane from these sources will increasingly influence near-term climate change, necessitating that mitigation efforts like the Global Methane Pledge account for climate-driven emissions alongside human controls.",
  "keywords": [
    {
      "term": "hydroxyl radicals",
      "explanation": "reactive chemicals in the atmosphere that degrade methane, with their decline slowing methane removal"
    },
    {
      "term": "La Niña",
      "explanation": "a climate phenomenon characterized by cooler ocean temperatures in the Pacific, leading to wetter conditions in tropical areas"
    },
    {
      "term": "microbial activity",
      "explanation": "processes carried out by microorganisms, such as bacteria in wet environments, that produce methane as a byproduct"
    },
    {
      "term": "Earth system models",
      "explanation": "computer simulations that integrate land, water, and atmospheric data to study environmental changes"
    },
    {
      "term": "Global Methane Pledge",
      "explanation": "an international agreement aimed at reducing methane emissions to mitigate climate change"
    },
    {
      "term": "climate variability",
      "explanation": "changes in climate patterns over time, such as shifts between wet and dry periods, affecting methane emissions"
    },
    {
      "term": "tropical regions",
      "explanation": "areas near the equator, including parts of Africa and Southeast Asia, where wet conditions expanded during La Niña"
    },
    {
      "term": "methane budget",
      "explanation": "a comprehensive account of methane sources and sinks in the atmosphere, used to track changes and impacts"
    }
  ],
  "questions": [
    {
      "question": "What percentage of methane accumulation changes were attributed to hydroxyl radical decline?",
      "options": [
        "80%",
        "50%",
        "20%",
        "100%"
      ],
      "correct_answer": "A"
    },
    {
      "question": "Which climate phenomenon contributed to wetter conditions from 2020 to 2023?",
      "options": [
        "La Niña",
        "El Niño",
        "Global warming",
        "Monsoon"
      ],
      "correct_answer": "A"
    },
    {
      "question": "What type of sources were responsible for most of the methane increase?",
      "options": [
        "Microbial sources like wetlands",
        "Fossil fuel use",
        "Wildfires",
        "Industrial emissions"
      ],
      "correct_answer": "A"
    },
    {
      "question": "How much did methane levels rise from 2019 to 2023?",
      "options": [
        "55 ppb",
        "100 ppb",
        "18 ppb",
        "1921 ppb"
      ],
      "correct_answer": "A"
    },
    {
      "question": "Which regions showed the largest increases in methane emissions?",
      "options": [
        "Tropical Africa and Southeast Asia",
        "North America and Europe",
        "Antarctica and Australia",
        "South America and the Arctic"
      ],
      "correct_answer": "A"
    },
    {
      "question": "What tool did researchers use to link processes across ecosystems?",
      "options": [
        "Earth system models",
        "Satellite images",
        "Laboratory experiments",
        "Surveys"
      ],
      "correct_answer": "A"
    },
    {
      "question": "What is the Global Methane Pledge?",
      "options": [
        "An agreement to reduce methane emissions",
        "A plan to increase wetland areas",
        "A study on hydroxyl radicals",
        "A model for climate prediction"
      ],
      "correct_answer": "A"
    },
    {
      "question": "Why did methane emissions drop in South American wetlands in 2023?",
      "options": [
        "Due to an El Niño-related drought",
        "Because of reduced farming",
        "From increased hydroxyl radicals",
        "Due to colder temperatures"
      ],
      "correct_answer": "A"
    }
  ],
  "background_read": [
    "Methane is a potent greenhouse gas with significant impacts on climate change, originating from both natural sources like wetlands and human activities such as agriculture. Hydroxyl radicals play a crucial role in atmospheric chemistry by breaking down methane, but their levels can vary due to environmental factors. Climate patterns like La Niña and El Niño influence global weather, affecting methane production in wet or dry conditions. Understanding methane dynamics requires interdisciplinary research, combining atmospheric science, ecology, and climate modeling to inform mitigation strategies."
  ],
  "Article_Structure": [
    "Main Points: The article details an unprecedented methane spike post-2020, driven by reduced hydroxyl radical removal and increased emissions from wetlands and agriculture due to wet La Niña conditions. Purpose: To explain the causes of rapid methane accumulation and emphasize the need for climate-driven mitigation in policies like the Global Methane Pledge. Evidence Evaluation: Relies on peer-reviewed research in Science, using Earth system models and chemical fingerprinting to attribute changes, with data showing a 55 ppb rise and regional variations. Author Credibility: Features an international team including experts like Hanqin Tian from Boston College and Philippe Ciais, enhancing reliability. Methodology: Combines advanced modeling linking land, freshwater, and atmospheric processes with measurements of methane levels and climate data."
  ],
  "perspectives": [
    {
      "perspective": "Environmental science perspective",
      "description": "Highlights the interconnectedness of climate systems and methane emissions, advocating for integrated approaches in climate policy to address both natural and anthropogenic sources."
    }
  ],
  "image_url": "/article_images/article_b7c9c8c6a479efcf_ac34ed88524c.webp"
}