{
  "title": "Emma Raducanu's Big Tennis Comeback",
  "summary": "Emma Raducanu, a British tennis player, has reached her first final since winning the US Open in 2021. She played a tough match against Oleksandra Oliynykova and won in three sets. Raducanu became famous when she won the US Open as a young qualifier, but she has faced many injuries and coaching changes since then. This win is special because it shows she is fighting hard again. She will now play Sorana Cirstea in the final. Another British player, Katie Boulter, also made a final on the same day, making it a great day for British women's tennis. Raducanu thanked the crowd in Romania, where her father is from, for their support.",
  "keywords": [
    {
      "term": "final",
      "explanation": "the last match in a tennis tournament to decide the winner"
    },
    {
      "term": "US Open",
      "explanation": "a big tennis tournament in New York that Raducanu won in 2021"
    },
    {
      "term": "qualifier",
      "explanation": "a player who has to win matches to get into the main tournament"
    },
    {
      "term": "injuries",
      "explanation": "hurts or problems that stop a player from playing tennis"
    },
    {
      "term": "coaching changes",
      "explanation": "when a player switches to a new coach to help them improve"
    },
    {
      "term": "British",
      "explanation": "from the United Kingdom, like Raducanu and Boulter"
    }
  ],
  "questions": [
    {
      "question": "Who did Emma Raducanu beat to reach the final?",
      "options": [
        "Oleksandra Oliynykova",
        "Sorana Cirstea",
        "Katie Boulter",
        "Katie Volynets"
      ],
      "correct_answer": "A"
    },
    {
      "question": "When did Raducanu win the US Open?",
      "options": [
        "2020",
        "2021",
        "2022",
        "2023"
      ],
      "correct_answer": "B"
    },
    {
      "question": "What has made it hard for Raducanu to play well since the US Open?",
      "options": [
        "Injuries and coaching changes",
        "Too many wins",
        "Not practicing enough",
        "Playing in too many tournaments"
      ],
      "correct_answer": "A"
    },
    {
      "question": "Who will Raducanu play in the final?",
      "options": [
        "Katie Boulter",
        "Sorana Cirstea",
        "Oleksandra Oliynykova",
        "Katie Volynets"
      ],
      "correct_answer": "B"
    },
    {
      "question": "What did Raducanu do to thank the crowd in Romania?",
      "options": [
        "She gave them a trophy",
        "She spoke in Romanian",
        "She sang a song",
        "She took a photo"
      ],
      "correct_answer": "B"
    },
    {
      "question": "Why is this day special for British women's tennis?",
      "options": [
        "Two British women reached finals on the same day",
        "Raducanu won a new trophy",
        "Boulter lost her match",
        "It was a holiday"
      ],
      "correct_answer": "A"
    }
  ],
  "background_read": [
    "Emma Raducanu is a tennis player from Britain who became famous by winning the US Open in 2021 when she was only 18 years old. She was a qualifier, which means she had to win extra matches just to get into the tournament. Since then, she has had many injuries and changed coaches often, making it hard for her to win more tournaments. Tennis tournaments have finals where the best players compete for the trophy. This article talks about her recent win that puts her in a final again, showing her determination and the support from fans in Romania, where her family is from."
  ],
  "Article_Structure": [
    "WHO: Emma Raducanu, a British tennis player, and other players like Oleksandra Oliynykova and Sorana Cirstea.",
    "WHAT: Raducanu won a tough match to reach her first final since 2021, and Katie Boulter also reached a final, making it a historic day for British women's tennis.",
    "WHERE: The match happened in Romania at the Transylvania Open, and Boulter played in the Ostrava Open.",
    "WHY: This is important because it shows Raducanu's comeback after injuries and struggles, and it highlights success for British tennis players."
  ],
  "perspectives": [
    {
      "perspective": "Athlete's perseverance",
      "description": "Raducanu's win shows how she kept trying despite challenges like injuries."
    }
  ],
  "image_url": "/article_images/article_552035ce8d55d534_613a33a04c9e.webp"
}