{
  "title": "Pakistan Investigates Court Bombing and Makes Arrests",
  "summary": "In a significant development, Pakistani authorities have arrested four militants suspected of involvement in a suicide bombing that occurred outside a district court in Islamabad. The attack, which took place recently, resulted in 12 fatalities and 28 injuries, highlighting ongoing security challenges in the region. The arrests were announced on Friday, marking a key step in the investigation launched after the blast. This incident underscores the persistent threat of terrorism in Pakistan, where militant groups often target public spaces to instill fear and disrupt daily life. The bombing outside the court is particularly alarming as courts are symbols of justice and order. Authorities are likely using intelligence and forensic evidence to build their case against the suspects. This event may lead to increased security measures in public areas to prevent future attacks. Understanding such events helps us grasp the complexities of global security issues and the importance of law enforcement in maintaining peace.",
  "keywords": [
    {
      "term": "militants",
      "explanation": "Individuals or groups engaged in armed conflict, often against state authorities"
    },
    {
      "term": "suicide bombing",
      "explanation": "An attack where the perpetrator detonates explosives, resulting in their own death and harm to others"
    },
    {
      "term": "investigation",
      "explanation": "A systematic inquiry by authorities to gather facts and evidence about a crime"
    },
    {
      "term": "Islamabad",
      "explanation": "The capital city of Pakistan, serving as a political and administrative center"
    },
    {
      "term": "terrorism",
      "explanation": "The use of violence and intimidation, especially for political purposes"
    },
    {
      "term": "forensic evidence",
      "explanation": "Scientific methods used to analyze physical evidence from crime scenes"
    },
    {
      "term": "security challenges",
      "explanation": "Difficulties in protecting people and property from threats like attacks"
    },
    {
      "term": "authorities",
      "explanation": "Government bodies or officials responsible for enforcing laws and maintaining order"
    },
    {
      "term": "fatalities",
      "explanation": "Deaths resulting from an incident or attack"
    },
    {
      "term": "intelligence",
      "explanation": "Information gathered by agencies to prevent or solve crimes"
    }
  ],
  "questions": [
    {
      "question": "What type of attack was carried out outside the court?",
      "options": [
        "Suicide bombing",
        "Robbery",
        "Kidnapping",
        "Cyber attack"
      ],
      "correct_answer": "Suicide bombing"
    },
    {
      "question": "How many people were killed in the bombing?",
      "options": [
        "12",
        "28",
        "40",
        "5"
      ],
      "correct_answer": "12"
    },
    {
      "question": "Where is Islamabad located?",
      "options": [
        "Pakistan",
        "India",
        "Afghanistan",
        "Iran"
      ],
      "correct_answer": "Pakistan"
    },
    {
      "question": "What is the role of authorities in this event?",
      "options": [
        "To investigate and make arrests",
        "To provide medical aid only",
        "To ignore the incident",
        "To support the militants"
      ],
      "correct_answer": "To investigate and make arrests"
    },
    {
      "question": "Why might courts be targeted in such attacks?",
      "options": [
        "They symbolize justice and order",
        "They are empty buildings",
        "They have no security",
        "They are shopping centers"
      ],
      "correct_answer": "They symbolize justice and order"
    },
    {
      "question": "What does forensic evidence help with in investigations?",
      "options": [
        "Analyzing physical clues from crime scenes",
        "Writing news reports",
        "Organizing protests",
        "Building new courts"
      ],
      "correct_answer": "Analyzing physical clues from crime scenes"
    },
    {
      "question": "How many suspects were arrested?",
      "options": [
        "Four",
        "Three",
        "Five",
        "Two"
      ],
      "correct_answer": "Four"
    },
    {
      "question": "What is a key challenge mentioned in the article?",
      "options": [
        "Security threats from terrorism",
        "Lack of food in Pakistan",
        "Overpopulation in cities",
        "Educational issues"
      ],
      "correct_answer": "Security threats from terrorism"
    },
    {
      "question": "When were the arrests announced?",
      "options": [
        "On Friday",
        "On Monday",
        "On Saturday",
        "On Sunday"
      ],
      "correct_answer": "On Friday"
    },
    {
      "question": "What is the broader impact of such bombings?",
      "options": [
        "They cause fear and disrupt society",
        "They improve the economy",
        "They make courts stronger",
        "They reduce crime rates"
      ],
      "correct_answer": "They cause fear and disrupt society"
    }
  ],
  "background_read": [
    "Pakistan has faced ongoing issues with militant groups and terrorism for years, often linked to regional conflicts and internal disputes. Islamabad, as the capital, is a frequent target for attacks due to its political significance. Courts represent the judicial system and are sometimes attacked to challenge state authority. Suicide bombings are a common tactic used by extremists to maximize casualties and media attention. Investigations in such cases involve multiple agencies using forensics, witness accounts, and intelligence to identify perpetrators. Understanding these contexts helps middle school students see how global events connect to security, law, and human rights."
  ],
  "Article_Structure": [
    "This article's main points focus on the arrest of four militants for a suicide bombing in Islamabad that killed 12 and injured 28, highlighting a breakthrough in the investigation. The purpose is to inform the public about security developments and the ongoing fight against terrorism. Evidence evaluation shows reliance on official announcements and likely forensic data, though specifics are not detailed, indicating standard investigative methods. Author credibility is assumed high as PBS NewsHour is a reputable source, but the article lacks direct author attribution, so expertise is inferred from the outlet's reputation. Methodology involves reporting based on government statements and possibly eyewitness accounts, typical for news coverage of such events."
  ],
  "perspectives": [
    {
      "perspective": "Government perspective",
      "description": "Authorities are taking action to uphold law and order, demonstrating commitment to public safety."
    },
    {
      "perspective": "Public perspective",
      "description": "Citizens may feel relieved by arrests but concerned about ongoing security risks and the impact on daily life."
    }
  ],
  "image_url": "/article_images/article_ab60e3fa05b84f38_27be7b80ac1d.jpg"
}