{
  "articles": [
    {
      "id": "5dd50cb040b0e66f",
      "title": "Strategic Royal Communication in the Wake of Epstein Document Releases",
      "summary": "In their inaugural public commentary on the Jeffrey Epstein scandal, Prince William and Princess Catherine have articulated profound concern, with a Kensington Palace spokesperson underscoring their victim-centric approach following the dissemination of new evidentiary documents in the United States. This statement emerges against a backdrop of intensified scrutiny directed at Prince Andrew, whose protracted association with Epstein, persisting post-conviction, has precipitated allegations and familial disquiet. Released contemporaneously with William's impending diplomatic mission to Saudi Arabia—a venture of considerable geopolitical import—the declaration functions as a calibrated response to mitigate adverse media narratives and reorient public discourse toward royal engagements. While abstaining from explicit references to Andrew, Epstein, or Sarah Ferguson, the subtext implicates broader royal stratagems for reputation management, historically characterized by reticence regarding Andrew's conduct. Precedents include the King's divestiture of Andrew's honorifics in October, coupled with Prince Edward's allusions to victims, evincing a gradual, albeit circumspect, institutional reckoning. The statement's issuance is interpreted as an endeavor to project empathy and cognizance, yet its efficacy in assuaging enduring queries about the monarchy's adjudication of the Andrew imbroglio remains dubious, reflecting the intricate interplay between ceremonial duties and crisis communication in contemporary royal governance.",
      "source": "BBC News",
      "time_ago": "Just now",
      "image_url": "/article_images/article_5dd50cb040b0e66f_1c2be6d1a60b.webp",
      "category": "News"
    },
    {
      "id": "cb9cf402ef0cae74",
      "title": "Bad Bunny's Super Bowl Halftime: A Semiotic Analysis of Cultural Politics and Media Discourse",
      "summary": "Bad Bunny's Super Bowl halftime performance constituted a seminal moment in media history, as he became the first artist to deliver an entirely Spanish-language set at this quintessentially American event, challenging linguistic norms and amplifying Latino visibility. His 14-minute spectacle functioned as a multifaceted cultural text, meticulously constructed to homage Puerto Rico through iconography such as a traditional casita, sugarcane fields, and references to Hurricane Maria, symbolized by an electricity pylon climb, thereby embedding narratives of resilience and memory. The inclusion of flags from across the Americas and the slogan 'Together, We Are America' articulated a pan-American unity, juxtaposed against the backdrop of U.S. domestic politics. Despite eschewing explicit partisan statements, the performance incited vehement criticism from former President Donald Trump, who decried it as 'terrible' and an 'affront to America' on Truth Social, underscoring tensions over language, nationalism, and cultural hegemony. Concurrently, the organization of the All-American Halftime Show by Turning Point USA exemplified counter-cultural mobilization, reflecting polarized responses to Bad Bunny's act. This article situates the event within broader discourses on identity, media representation, and the politicization of entertainment, analyzing how Bad Bunny's artistic choices—from his Grammy-winning repertoire to sartorial details like a sweater emblazoned with '64'—serve as conduits for socio-political commentary, thereby redefining the Super Bowl as a contested space for cultural negotiation.",
      "source": "BBC News",
      "time_ago": "3 hours ago",
      "image_url": "/article_images/article_cb9cf402ef0cae74_e9a5d98b7559.webp",
      "category": "News"
    },
    {
      "id": "9c9b9d6580fbfc62",
      "title": "Analyzing Starmer's Leadership Peril: The Departure of Morgan McSweeney and Its Implications",
      "summary": "Prime Minister Keir Starmer confronts an unprecedented and dire predicament following the exit of his chief of staff, Morgan McSweeney, a pivotal figure in Starmer's political trajectory since his leadership bid six years ago. McSweeney's tenure spanned critical junctures, including the Hartlepool by-election loss that nearly ended Starmer's career and the 2024 landslide victory that propelled him into Downing Street. Starmer is described as boiling with anger over falling for lies from Lord Mandelson, whom he appointed as ambassador to the US—a grave misjudgment that exacerbates his current crisis. The article underscores a near-universal acknowledgment of Starmer's peril, with Labour MPs expressing divergent views: some lament McSweeney's departure as a loss of political acumen and motivation, while others critique his involvement in recurrent government foul-ups. McSweeney functioned as a lightning conductor, absorbing blame for Downing Street's errors, and his absence now renders Starmer more vulnerable to direct political attacks. This analysis delves into the fluidity and volatility of the moment, questioning Starmer's capacity to navigate leadership independently and forecasting intensified internal disagreements. The broader implications touch on governance stability and the psychological toll on Starmer, who grapples with self-blame and the pressure of heightened expectations.",
      "source": "BBC News",
      "time_ago": "6 hours ago",
      "image_url": "/article_images/article_9c9b9d6580fbfc62_386c47cf23e7.webp",
      "category": "News"
    },
    {
      "id": "64c9a43df714c6df",
      "title": "Analyzing the 996 Work Ethic in Global Tech Industries",
      "summary": "This article critically examines the proliferation of 996 work culture within the technology sector, using Rilla, a New York-based AI firm, as a primary example. Rilla's recruitment strategies juxtapose enticing perks with explicit demands for approximately 70-hour workweeks, embodying a grindcore mentality that prioritizes relentless productivity. Will Gao, Rilla's head of growth, frames this approach as catering to 'Olympian athletes'—individuals driven by obsession and ambition, with flexible yet exhaustive schedules. The trend is contextualized by the accelerated development of artificial intelligence, where substantial investments and competitive pressures compel firms to expedite AI monetization, often at the cost of employee well-being. Originating in China during its technological ascent, 996 was championed by influential figures like Jack Ma to bolster innovation. The article raises pertinent issues regarding work-life balance, potential exploitation, and the ethical dimensions of such intensive labor practices, prompting a broader discourse on sustainable work models in an era defined by rapid technological advancement and global economic rivalry.",
      "source": "BBC News",
      "time_ago": "12 hours ago",
      "image_url": "/article_images/article_64c9a43df714c6df_2d5beca9593b.webp",
      "category": "News"
    },
    {
      "id": "a51f864cbd102779",
      "title": "Deconstructing NFL Free Agency Efficacy: An Analysis of the Patriots' and Seahawks' Super Bowl Trajectories Through Aggressive Financial Investment",
      "summary": "This article critically examines the paradoxical success of the New England Patriots and Seattle Seahawks in reaching the Super Bowl through aggressive free agency spending, a strategy historically fraught with risk in the NFL. Contrary to the adage that March headlines don't translate to January victories, both teams allocated substantial resources: the Patriots disbursed over $364 million to 19 unrestricted free agents, with nearly $175 million guaranteed, securing key additions like defensive tackle Milton Williams and receiver Stefon Diggs, while the Seahawks invested over $205 million, headlined by quarterback Sam Darnold's $100.5 million contract. The narrative is enriched by executive insights; Patriots GM Eliot Wolf cited a deliberate 'culture shift' and asserted flawless personnel decisions, whereas coach Mike Vrabel emphasized intentionality and conviction in acquisitions. The article also notes the Seahawks' complementary draft strategy, bolstered by picks from the Russell Wilson trade, but positions free agency as the linchpin. This analysis delves into the financial mechanics, cultural integration, and strategic foresight required, challenging entrenched skepticism about free agency's efficacy and highlighting how calibrated expenditures can catalyze championship contention in a salary-cap era.",
      "source": "PBS NewsHour",
      "time_ago": "15 hours ago",
      "image_url": "/article_images/article_a51f864cbd102779_049f9eeb4c9f.webp",
      "category": "News"
    },
    {
      "id": "6c996a30eed09878",
      "title": "Historic Supermajority for Japan's LDP Under Prime Minister Takaichi: Implications for Policy and Geopolitics",
      "summary": "In a pivotal parliamentary election, Prime Minister Sanae Takaichi's Liberal Democratic Party (LDP) achieved a two-thirds supermajority in Japan's lower house, marking a historic electoral triumph. Preliminary results from NHK indicate the LDP secured 316 seats, exceeding the 261-seat absolute majority in the 465-member chamber and surpassing the previous record of 300 seats set in 1986. Combined with 36 seats from its ally, the Japan Innovation Party, the ruling coalition commands 352 seats, providing Takaichi with substantial legislative leverage. As Japan's first female prime minister and an ultraconservative leader, Takaichi aims to pursue a right-wing agenda focused on enhancing economic robustness and military capabilities, addressing escalating tensions with China while strengthening alliances with the United States. Despite recent LDP scandals and funding controversies, Takaichi strategically called an early election after merely three months in office to capitalize on her high popularity, particularly among younger demographics attracted to her blend of playful and tough leadership. This supermajority facilitates progress on constitutional and policy reforms, though challenges persist due to the lack of a majority in the upper house. Takaichi has expressed intentions to adopt a flexible approach, seeking opposition collaboration while advancing her nationalist objectives, which could reshape Japan's domestic and international trajectory.",
      "source": "PBS NewsHour",
      "time_ago": "16 hours ago",
      "image_url": "/article_images/article_6c996a30eed09878_35e13e5a7613.webp",
      "category": "News"
    }
  ]
}