{
  "title": "NASA's Artemis II Mission: Preparing for a Historic Moon Flight",
  "summary": "NASA is advancing its Artemis II mission, which will send four astronauts on a journey around the Moon, marking the first human voyage to lunar vicinity since 1972. The Space Launch System rocket, carrying the Orion spacecraft, is being transported from the Vehicle Assembly Building to Launch Complex 39B at Kennedy Space Center in Florida using a diesel-powered crawler transporter. This slow rollout, at under one mile per hour, is a critical step in preparing for the launch. The crew—NASA astronauts Reid Wiseman, Victor Glover, Christina Koch, and Canadian astronaut Jeremy Hansen—will travel thousands of miles from Earth, setting a new speed record during reentry. Artemis II aims to demonstrate the safety and capability of the SLS rocket and Orion spacecraft for future lunar missions. The mission is part of the broader Artemis program, initiated in 2019, which builds on decades of development, including earlier programs like Constellation. NASA faces pressure to succeed due to geopolitical competition, as China plans to land astronauts on the Moon by 2030, highlighting the importance of national prestige and access to lunar resources. The article notes the high costs involved, with the SLS rocket costing over $2 billion per flight, and mentions ongoing work on lunar landers and spacesuits for future missions.",
  "keywords": [
    {
      "term": "Artemis II",
      "explanation": "NASA's first crewed mission to send astronauts around the Moon as part of the Artemis program"
    },
    {
      "term": "Space Launch System (SLS)",
      "explanation": "a powerful rocket developed by NASA for deep space missions, including trips to the Moon"
    },
    {
      "term": "Orion spacecraft",
      "explanation": "the capsule designed to carry astronauts on missions beyond low Earth orbit, such as to the Moon"
    },
    {
      "term": "crawler transporter",
      "explanation": "a heavy vehicle used to move rockets and launch platforms slowly to launch pads"
    },
    {
      "term": "geopolitical competition",
      "explanation": "the rivalry between countries, like the US and China, for influence and achievements in space exploration"
    },
    {
      "term": "lunar resources",
      "explanation": "materials found on the Moon that could be useful for future space missions or economic purposes"
    },
    {
      "term": "Constellation program",
      "explanation": "a previous NASA initiative started in the 2000s to return humans to the Moon, which was later canceled"
    },
    {
      "term": "reentry",
      "explanation": "the process of a spacecraft returning to Earth's atmosphere at high speeds, generating intense heat"
    }
  ],
  "questions": [
    {
      "question": "What is the primary goal of the Artemis II mission?",
      "options": [
        "To land astronauts on the Moon",
        "To test the SLS rocket and Orion spacecraft for safety",
        "To build a space station around the Moon",
        "To study Mars from lunar orbit"
      ],
      "correct_answer": "To test the SLS rocket and Orion spacecraft for safety"
    },
    {
      "question": "How does the crawler transporter move the rocket to the launch pad?",
      "options": [
        "By flying it with helicopters",
        "By using a slow, tracked vehicle",
        "By towing it with trucks",
        "By floating it on water"
      ],
      "correct_answer": "By using a slow, tracked vehicle"
    },
    {
      "question": "Which astronaut on the Artemis II crew is from Canada?",
      "options": [
        "Reid Wiseman",
        "Victor Glover",
        "Christina Koch",
        "Jeremy Hansen"
      ],
      "correct_answer": "Jeremy Hansen"
    },
    {
      "question": "What historical event does Artemis II follow in terms of human Moon missions?",
      "options": [
        "The last Apollo landing in 1972",
        "The first Space Shuttle launch in 1981",
        "The International Space Station completion in 2011",
        "The Mars rover landing in 2021"
      ],
      "correct_answer": "The last Apollo landing in 1972"
    },
    {
      "question": "Why is there geopolitical pressure on NASA's Moon missions?",
      "options": [
        "Because of competition with China's lunar plans",
        "Due to budget cuts from Congress",
        "To beat Russia to Mars",
        "Because of climate change concerns"
      ],
      "correct_answer": "Because of competition with China's lunar plans"
    },
    {
      "question": "What was the Constellation program?",
      "options": [
        "A NASA program to build a Moon base",
        "An earlier initiative to return humans to the Moon that was canceled",
        "A commercial space tourism project",
        "A satellite network for Earth observation"
      ],
      "correct_answer": "An earlier initiative to return humans to the Moon that was canceled"
    },
    {
      "question": "How much does each flight of the SLS rocket cost, as mentioned in the summary?",
      "options": [
        "Over $2 billion",
        "About $500 million",
        "Less than $1 billion",
        "Around $10 billion"
      ],
      "correct_answer": "Over $2 billion"
    },
    {
      "question": "What are lunar resources, as discussed in the context of the Artemis program?",
      "options": [
        "Materials on the Moon that could be useful for future missions",
        "Water found only on Earth",
        "Rocks collected during Apollo missions",
        "Solar energy from the Sun"
      ],
      "correct_answer": "Materials on the Moon that could be useful for future missions"
    }
  ],
  "background_read": [
    "The Artemis program is NASA's effort to return humans to the Moon, named after Apollo's twin sister in Greek mythology. It builds on technologies developed over decades, including the Orion spacecraft and SLS rocket, which originated from the Constellation program in the 2000s. Space exploration involves complex engineering and safety checks, such as slow rollouts to launch pads to prevent damage. Geopolitical factors, like competition with China, influence space policy, as nations seek prestige and resource access. The high costs of space missions, like the SLS rocket, reflect the challenges of deep space travel. Future Artemis missions will include lunar landers and spacesuits, currently in development with companies like SpaceX and Axiom Space."
  ],
  "Article_Structure": [
    "The article analyzes NASA's Artemis II mission, highlighting main points such as the rocket rollout, crew details, and mission goals. Its purpose is to inform about preparations for a historic Moon flight and the broader context of space competition. Evidence includes direct quotes from NASA officials and historical references, though it relies on NASA sources without external critique. Author credibility is implied through reporting from Ars Technica, a reputable science outlet, but specific expertise isn't detailed. Methodology involves descriptive reporting of events and background on program history, with a focus on current developments rather than in-depth research."
  ],
  "perspectives": [
    {
      "perspective": "Technological achievement",
      "description": "The mission showcases advanced engineering and decades of development in rocketry and spacecraft design."
    }
  ],
  "image_url": "/article_images/article_c5ec1cff9d56c978_1dc203376d73.webp"
}