{
  "title": "Accidental Nanomaterial Synthesis: Analyzing Edison's 1879 Experiment Through a Modern Lens",
  "summary": "A recent investigation by Rice University chemists, published in ACS Nano, recreated Thomas Edison's seminal 1879 incandescent bulb experiment to assess whether he inadvertently synthesized graphene, a two-dimensional carbon allotrope renowned for its exceptional electronic and mechanical properties. Graphene, first isolated in 2004 and awarded the Nobel Prize in Physics in 2010, holds transformative potential for applications ranging from supercapacitors to biomedical devices. Edison's pioneering work involved optimizing filament materials, culminating in carbonized bamboo for enhanced durability under 110-volt power, achieving temperatures conducive to flash Joule heating—a contemporary method for producing turbostratic graphene. The research team, including grad student Lucas Eddy and co-author James Tour, meticulously replicated Edison's process using artisan bulbs with bamboo filaments, subjecting them to brief 20-second pulses at 2000-3000°C to avoid graphite formation. Analytical techniques such as Raman spectroscopy and transmission electron microscopy confirmed the partial conversion of filaments into turbostratic graphene, characterized by a lustrous silver appearance. While the findings do not constitute definitive proof of Edison's production, given the historical lack of nanoscale detection capabilities, they underscore the methodological rigor in bridging historical innovation with modern materials science. The authors posit that this approach exemplifies how re-evaluating early technologies—like vacuum tubes or arc lamps—with advanced tools can unveil accidental material syntheses, fostering interdisciplinary insights and highlighting the iterative nature of scientific discovery. This study contributes to broader discourse on the historiography of science, emphasizing that innovation often emerges from contextual reinterpretation and technological convergence.",
  "keywords": [
    {
      "term": "graphene",
      "explanation": "a monolayer of sp2-bonded carbon atoms in a hexagonal lattice, exhibiting high electrical conductivity, mechanical strength, and thermal stability"
    },
    {
      "term": "flash Joule heating",
      "explanation": "a rapid thermal processing technique that applies high-current pulses to carbon precursors, enabling the synthesis of nanomaterials like graphene through instantaneous high temperatures"
    },
    {
      "term": "turbostratic graphene",
      "explanation": "a multilayered graphene variant with rotational misalignment between layers, often produced via methods like flash Joule heating, affecting its electronic properties"
    },
    {
      "term": "Raman spectroscopy",
      "explanation": "a non-destructive analytical technique that probes molecular vibrations via inelastic light scattering, used to characterize carbon-based materials like graphene based on spectral peaks"
    },
    {
      "term": "transmission electron microscopy",
      "explanation": "an imaging method that uses electron beams to achieve atomic-scale resolution, allowing for detailed structural analysis of nanomaterials"
    }
  ],
  "questions": [
    {
      "question": "In which journal was the study on Edison's experiment published?",
      "options": [
        "ACS Nano",
        "Nature",
        "Science",
        "Journal of Materials Chemistry"
      ],
      "correct_answer": "ACS Nano"
    },
    {
      "question": "What is the primary carbon allotrope investigated in this study?",
      "options": [
        "Graphene",
        "Graphite",
        "Diamond",
        "Fullerene"
      ],
      "correct_answer": "Graphene"
    },
    {
      "question": "Which technique was used to identify the molecular structure of the synthesized material?",
      "options": [
        "Raman spectroscopy",
        "X-ray diffraction",
        "Mass spectrometry",
        "UV-Vis spectroscopy"
      ],
      "correct_answer": "Raman spectroscopy"
    },
    {
      "question": "What temperature range was applied during the flash Joule heating process?",
      "options": [
        "2000-3000°C",
        "1500-2000°C",
        "1000-1500°C",
        "3000-3500°C"
      ],
      "correct_answer": "2000-3000°C"
    },
    {
      "question": "Why is the evidence for Edison producing graphene considered speculative?",
      "options": [
        "Lack of direct historical detection and degradation of original samples",
        "Insufficient experimental replication",
        "Use of incorrect filament materials",
        "Absence of peer review"
      ],
      "correct_answer": "Lack of direct historical detection and degradation of original samples"
    },
    {
      "question": "What broader scientific concept does this study illustrate regarding historical research?",
      "options": [
        "Reinterpretation of past experiments with modern methodologies",
        "Discarding obsolete technologies",
        "Focusing solely on contemporary innovations",
        "Limiting interdisciplinary collaboration"
      ],
      "correct_answer": "Reinterpretation of past experiments with modern methodologies"
    },
    {
      "question": "Who provided the historical context by accessing Edison's original patent?",
      "options": [
        "Lucas Eddy",
        "James Tour",
        "Thomas Edison",
        "A Rice University librarian"
      ],
      "correct_answer": "Lucas Eddy"
    },
    {
      "question": "What potential applications of graphene are implied in the summary?",
      "options": [
        "Supercapacitors and biomedical devices",
        "Construction materials",
        "Textile manufacturing",
        "Agricultural tools"
      ],
      "correct_answer": "Supercapacitors and biomedical devices"
    },
    {
      "question": "How does the study contribute to the historiography of science?",
      "options": [
        "By emphasizing iterative discovery through technological convergence",
        "By proving Edison's sole invention of graphene",
        "By dismissing past scientific efforts",
        "By focusing only on theoretical models"
      ],
      "correct_answer": "By emphasizing iterative discovery through technological convergence"
    },
    {
      "question": "What methodological challenge did the researchers face in replicating Edison's experiment?",
      "options": [
        "Sourcing bulbs with carbon-based filaments instead of tungsten",
        "Achieving consistent voltage outputs",
        "Lacking access to Edison's notes",
        "Using outdated analytical tools"
      ],
      "correct_answer": "Sourcing bulbs with carbon-based filaments instead of tungsten"
    }
  ],
  "background_read": [
    "Thomas Edison's 1879 incandescent bulb represented a milestone in electrical engineering, utilizing carbonized bamboo filaments to achieve commercial viability through extended lifespans. Graphene, isolated via mechanical exfoliation in 2004, is a two-dimensional material with a honeycomb lattice, offering unparalleled properties like quantum Hall effect and high carrier mobility, driving research in nanoelectronics and energy storage. Flash Joule heating, developed recently, enables scalable graphene production by rapidly heating carbon sources, contrasting with Edison's empirical approach. Historical scientific experiments often lack documentation of byproducts due to technological limitations, raising questions about accidental discoveries in early innovation. This study intersects materials science, history, and methodology, demonstrating how advanced characterization tools can retrospectively analyze historical processes, enriching our understanding of scientific progress and the latent potential in archival technologies."
  ],
  "Article_Structure": [
    "Main Points: The study replicates Edison's 1879 experiment, demonstrating that bamboo filaments under flash Joule heating can yield turbostratic graphene, suggesting accidental historical synthesis. Purpose: To investigate the intersection of historical innovation and modern materials science, promoting the re-evaluation of early technologies for undiscovered nanomaterials. Evidence Evaluation: Evidence includes experimental replication with controlled parameters, spectroscopic and microscopic confirmation of graphene, though it is circumstantial regarding Edison's original work due to sample degradation and historical detection limits. Author Credibility: Authors are established chemists from Rice University with expertise in nanotechnology, though the speculative nature requires cautious interpretation. Methodology: Methodology involves meticulous recreation using artisan bulbs, precise thermal control, and advanced analytical techniques, ensuring rigorous validation while acknowledging historical constraints. Critical Assessment: Strengths lie in interdisciplinary approach and methodological innovation, but limitations include inability to test original artifacts and reliance on indirect evidence, highlighting the challenges in historico-scientific research."
  ],
  "perspectives": [
    {
      "perspective": "Interdisciplinary synthesis",
      "description": "The study integrates historical analysis with contemporary materials science, illustrating how cross-temporal research can reveal latent innovations and refine scientific narratives."
    }
  ],
  "image_url": "/article_images/article_5064511f364a3c3c_819b9f5626c4.webp"
}