{
  "title": "Milos Raonic Says Goodbye to Tennis",
  "summary": "Milos Raonic, a famous tennis player from Canada, has decided to stop playing tennis, which is called retirement. He is 35 years old and was very good at tennis, especially with his strong serve that people called 'Missile'. In 2016, he played in the big Wimbledon final but lost to Andy Murray. He also reached the top three in the world rankings that year. Raonic said he feels lucky because he got to live his dream of playing tennis since he was eight years old. He played his last match at the 2024 Olympics. Now, he is excited to try new things in life and will work hard just like he did in tennis.",
  "keywords": [
    {
      "term": "retirement",
      "explanation": "when someone stops working or playing a sport"
    },
    {
      "term": "Wimbledon",
      "explanation": "a famous tennis tournament in England"
    },
    {
      "term": "serve",
      "explanation": "hitting the ball to start a point in tennis"
    },
    {
      "term": "ranking",
      "explanation": "a list that shows who is the best in a sport"
    },
    {
      "term": "Olympics",
      "explanation": "a big sports event where athletes from many countries compete"
    }
  ],
  "questions": [
    {
      "question": "What did Milos Raonic announce?",
      "options": [
        "He is retiring from tennis",
        "He won a new title",
        "He is moving to a new country",
        "He is starting a tennis school"
      ],
      "correct_answer": "He is retiring from tennis"
    },
    {
      "question": "How old is Milos Raonic?",
      "options": [
        "25 years old",
        "30 years old",
        "35 years old",
        "40 years old"
      ],
      "correct_answer": "35 years old"
    },
    {
      "question": "What was Raonic's nickname because of his strong serve?",
      "options": [
        "Rocket",
        "Missile",
        "Bullet",
        "Speed"
      ],
      "correct_answer": "Missile"
    },
    {
      "question": "In which year did Raonic reach the Wimbledon final?",
      "options": [
        "2014",
        "2016",
        "2018",
        "2020"
      ],
      "correct_answer": "2016"
    },
    {
      "question": "Where did Raonic play his last match?",
      "options": [
        "Wimbledon",
        "Australian Open",
        "2024 Olympics",
        "US Open"
      ],
      "correct_answer": "2024 Olympics"
    },
    {
      "question": "How does Raonic feel about his tennis career?",
      "options": [
        "Unlucky",
        "Lucky",
        "Bored",
        "Angry"
      ],
      "correct_answer": "Lucky"
    }
  ],
  "background_read": [
    "Tennis is a sport where players hit a ball over a net. Professional tennis players compete in tournaments around the world, like Wimbledon and the Olympics. Retirement means stopping a job or sport, often after many years. Milos Raonic is a Canadian player known for his powerful serves, which helped him reach high rankings and big finals."
  ],
  "Article_Structure": [
    "WHO: Milos Raonic, a Canadian tennis player",
    "WHAT: He announced his retirement from tennis",
    "WHERE: He played in tournaments worldwide, including Wimbledon and the Olympics",
    "WHY: He feels lucky to have lived his dream and is ready for new challenges"
  ],
  "perspectives": [
    {
      "perspective": "Athlete's View",
      "description": "Raonic sees his career as a lucky opportunity to pursue his passion from childhood."
    }
  ],
  "image_url": "/article_images/article_1b1bcd46276107c6_2b77a1d753d0.webp"
}