{
  "title": "Analyzing Labour's Pragmatic Reversal on Unfair Dismissal Protections",
  "summary": "The UK government's reversal on its manifesto pledge to implement day-one unfair dismissal protections represents a significant policy shift, now establishing a six-month qualifying period. Education Secretary Bridget Phillipson and Business Secretary Peter Kyle defend this as a pragmatic adjustment to facilitate the passage of the broader employment rights bill, which includes immediate sick pay and paternity leave. This decision follows pressure from business groups concerned about the feasibility of day-one rights potentially deterring hiring, and aligns with compromises brokered between some unions and industry representatives. Critics within the Labour Party decry the move as a breach of electoral promises, highlighting tensions between ideological commitments and practical governance. The article underscores how parliamentary dynamics, including delays from the House of Lords, influenced this U-turn, emphasizing the interplay between political strategy, stakeholder negotiation, and legislative efficiency in shaping employment law reforms.",
  "keywords": [
    {
      "term": "unfair dismissal",
      "explanation": "a legal recourse for employees terminated without valid grounds, requiring employers to demonstrate fairness"
    },
    {
      "term": "manifesto breach",
      "explanation": "an instance where a political party fails to uphold specific commitments outlined in its election platform"
    },
    {
      "term": "pragmatic governance",
      "explanation": "governing based on practical realities and compromises rather than strict adherence to ideology"
    },
    {
      "term": "qualifying period",
      "explanation": "the duration of employment necessary before an employee is eligible for certain statutory rights"
    },
    {
      "term": "legislative deadlock",
      "explanation": "a situation where proposed laws are stalled due to disagreements or procedural obstacles in parliament"
    },
    {
      "term": "stakeholder negotiation",
      "explanation": "the process of discussing and agreeing on policies among various interested parties, such as unions and businesses"
    },
    {
      "term": "employment rights bill",
      "explanation": "comprehensive legislation designed to enhance protections and benefits for workers, often involving multiple reforms"
    },
    {
      "term": "probation period",
      "explanation": "a defined initial employment phase with modified terms, often used to assess employee suitability"
    },
    {
      "term": "parliamentary dynamics",
      "explanation": "the interactions and processes within parliament that affect law-making, including debates and votes"
    },
    {
      "term": "ideological tension",
      "explanation": "conflict between core beliefs and practical demands in political decision-making"
    }
  ],
  "questions": [
    {
      "question": "What specific change did Labour make to the unfair dismissal qualifying period?",
      "options": [
        "From two years to six months",
        "From six months to two years",
        "From day one to one year",
        "No change was made"
      ],
      "correct_answer": "From two years to six months"
    },
    {
      "question": "How does the government justify this policy reversal?",
      "options": [
        "As a pragmatic step to pass the employment bill and build consensus",
        "As a response to economic crisis",
        "As an error in the manifesto",
        "As a way to increase taxes"
      ],
      "correct_answer": "As a pragmatic step to pass the employment bill and build consensus"
    },
    {
      "question": "What role did the House of Lords play in influencing this decision?",
      "options": [
        "It voted for a six-month period, causing delays",
        "It supported day-one rights unanimously",
        "It rejected the bill entirely",
        "It had no impact"
      ],
      "correct_answer": "It voted for a six-month period, causing delays"
    },
    {
      "question": "Why are some Labour MPs critical of the U-turn?",
      "options": [
        "They view it as a breach of the election manifesto",
        "They think it gives too much to workers",
        "They believe it will speed up the bill too much",
        "They support business interests over workers"
      ],
      "correct_answer": "They view it as a breach of the election manifesto"
    },
    {
      "question": "What broader benefits are included in the employment rights bill?",
      "options": [
        "Immediate sick pay and paternity leave",
        "Reduced working hours",
        "Higher corporate taxes",
        "Free education for all"
      ],
      "correct_answer": "Immediate sick pay and paternity leave"
    },
    {
      "question": "How do business organizations perceive the original day-one rights proposal?",
      "options": [
        "As potentially unworkable and discouraging hiring",
        "As beneficial for worker morale",
        "As irrelevant to their operations",
        "As a way to reduce costs"
      ],
      "correct_answer": "As potentially unworkable and discouraging hiring"
    },
    {
      "question": "What is the significance of the term 'pragmatic' in this context?",
      "options": [
        "It denotes a practical approach over ideological purity",
        "It means the policy is temporary",
        "It refers to economic efficiency",
        "It indicates strong worker support"
      ],
      "correct_answer": "It denotes a practical approach over ideological purity"
    },
    {
      "question": "How does the article source its information?",
      "options": [
        "From BBC reports and ministerial statements",
        "From anonymous leaks",
        "From academic studies",
        "From social media posts"
      ],
      "correct_answer": "From BBC reports and ministerial statements"
    },
    {
      "question": "What potential bias might exist in the government's defense?",
      "options": [
        "Emphasizing consensus to downplay broken promises",
        "Overstating business concerns",
        "Ignoring all criticisms",
        "Favoring union demands exclusively"
      ],
      "correct_answer": "Emphasizing consensus to downplay broken promises"
    },
    {
      "question": "How does this policy shift reflect on Labour's governance style?",
      "options": [
        "It shows a willingness to compromise for legislative progress",
        "It indicates rigid adherence to ideology",
        "It suggests incompetence in planning",
        "It highlights strong opposition to business"
      ],
      "correct_answer": "It shows a willingness to compromise for legislative progress"
    }
  ],
  "background_read": [
    "The UK's employment law framework includes protections against unfair dismissal, currently requiring two years of service. Labour's 2024 manifesto pledged day-one rights, aligning with broader worker-friendly reforms. However, legislative processes often necessitate compromises; the House of Lords, as a revising chamber, can delay bills, prompting governments to negotiate. This case illustrates the tension between electoral promises and governance realities, where stakeholder inputs from unions and businesses shape policy outcomes. Historical contexts show similar U-turns in UK politics, emphasizing the complexity of implementing manifesto commitments amid parliamentary and economic constraints."
  ],
  "Article_Structure": [
    "This article details Labour's policy reversal on unfair dismissal, shifting from day-one to six-month protections. Main points highlight the government's pragmatic rationale to unblock the employment bill, business endorsements over hiring fears, and internal Labour criticism for manifesto breaches. Purpose is to analyze political compromises in employment law, set against broader UK governance. Evidence includes ministerial quotes and stakeholder reactions, sourced credibly from BBC, but lacks independent data on economic impacts. Author credibility is high as BBC is reputable, though potential bias towards official narratives exists. Methodology relies on journalistic reporting of announcements, with critical assessment noting strengths in transparency but limitations in depth on long-term effects."
  ],
  "perspectives": [
    {
      "perspective": "Government perspective",
      "description": "Frames the U-turn as necessary for effective governance and consensus-building"
    },
    {
      "perspective": "Business perspective",
      "description": "Advocates for balanced policies to maintain hiring flexibility and economic stability"
    },
    {
      "perspective": "Labour critical perspective",
      "description": "Contends the reversal betrays core principles and voter trust"
    },
    {
      "perspective": "Union perspective",
      "description": "Some support the compromise to secure other benefits, while others may feel sidelined"
    }
  ],
  "image_url": "/article_images/article_216ccabc9f7fd267_404d1a13826d.webp"
}