{
  "title": "Decoding the Cosmic Scaffold: A Precision Map of Dark Matter's Role in Universal Structure Formation",
  "summary": "In a landmark study published in Nature Astronomy, an international team of astronomers has generated an unprecedented high-resolution map of dark matter, utilizing data from NASA's James Webb Space Telescope. This research, co-led by Durham University, NASA's Jet Propulsion Laboratory, and the École Polytechnique Fédérale de Lausanne, elucidates the intricate gravitational dynamics through which dark matter orchestrates the formation of cosmic structures. The map corroborates cosmological models positing that dark matter, constituting about 27% of the Universe's mass-energy, initiated clustering post-Big Bang, thereby gravitationally attracting baryonic matter to form dense regions conducive to galaxy and star formation. This process not only dictated the large-scale distribution of galaxies but also accelerated stellar evolution, facilitating planetary development and potentially biogenic conditions. Dark matter's detection relies on gravitational lensing and alignment studies, as it remains non-interactive with electromagnetic radiation, and the new map demonstrates a precise correlation between dark matter concentrations and visible matter distributions, affirming its role as a fundamental cosmic architect. The findings offer profound insights into the Universe's formative mechanisms, challenging existing paradigms and highlighting the synergistic interplay between observable and dark components in cosmological evolution.",
  "keywords": [
    {
      "term": "dark matter",
      "explanation": "a non-baryonic form of matter that does not interact electromagnetically, inferred from gravitational effects and comprising a significant fraction of the Universe's total density"
    },
    {
      "term": "gravitational dynamics",
      "explanation": "the study of forces and motions governed by gravity, particularly how dark matter's gravitational pull influences the aggregation of normal matter in cosmic structures"
    },
    {
      "term": "cosmological models",
      "explanation": "theoretical frameworks, such as the Lambda-CDM model, that describe the Universe's origin, evolution, and large-scale structure, incorporating dark matter as a key component"
    },
    {
      "term": "baryonic matter",
      "explanation": "ordinary matter composed of protons, neutrons, and electrons, which constitutes visible objects like stars and planets, interacting with light and other forces"
    },
    {
      "term": "gravitational lensing",
      "explanation": "a phenomenon where massive objects, like dark matter clusters, bend light from distant sources, used indirectly to map dark matter distributions"
    }
  ],
  "questions": [
    {
      "question": "What journal published the study on the dark matter map?",
      "options": [
        "Science",
        "Nature Astronomy",
        "The Astrophysical Journal",
        "Physical Review D"
      ],
      "correct_answer": "Nature Astronomy"
    },
    {
      "question": "Which cosmological process does the map support regarding dark matter's role?",
      "options": [
        "Dark matter clustering first to attract baryonic matter",
        "Baryonic matter forming independently of dark matter",
        "Dark matter emitting light to heat the early Universe",
        "Dark matter repelling normal matter to create voids"
      ],
      "correct_answer": "Dark matter clustering first to attract baryonic matter"
    },
    {
      "question": "What percentage of the Universe's mass-energy is estimated to be dark matter?",
      "options": [
        "About 27%",
        "About 5%",
        "About 68%",
        "About 100%"
      ],
      "correct_answer": "About 27%"
    },
    {
      "question": "How is dark matter primarily detected in this study?",
      "options": [
        "Through gravitational effects and alignment with normal matter",
        "By direct emission of infrared radiation",
        "Using particle collision experiments",
        "By observing its chemical composition"
      ],
      "correct_answer": "Through gravitational effects and alignment with normal matter"
    },
    {
      "question": "What technology enabled the high-resolution mapping of dark matter?",
      "options": [
        "James Webb Space Telescope's infrared capabilities",
        "Hubble Space Telescope's optical imaging",
        "Ground-based radio telescopes",
        "Satellite-based gamma-ray detectors"
      ],
      "correct_answer": "James Webb Space Telescope's infrared capabilities"
    },
    {
      "question": "What does the alignment between dark matter and normal matter indicate?",
      "options": [
        "A gravitational interaction throughout cosmic history",
        "A coincidental distribution",
        "That dark matter is made of light",
        "That normal matter creates dark matter"
      ],
      "correct_answer": "A gravitational interaction throughout cosmic history"
    },
    {
      "question": "Which institutions were involved in co-leading the research?",
      "options": [
        "Durham University, NASA JPL, and EPFL",
        "CERN, ESA, and MIT",
        "Max Planck Institute, Caltech, and Oxford",
        "Stanford, JPL, and Cambridge"
      ],
      "correct_answer": "Durham University, NASA JPL, and EPFL"
    },
    {
      "question": "What broader implication does the study have for understanding the Universe?",
      "options": [
        "It elucidates dark matter's role in structure formation and potential for life",
        "It determines the exact age of the Universe",
        "It proves dark matter is baryonic",
        "It shows dark matter is decreasing over time"
      ],
      "correct_answer": "It elucidates dark matter's role in structure formation and potential for life"
    },
    {
      "question": "What methodological approach was used to create the dark matter map?",
      "options": [
        "Analysis of gravitational lensing and telescopic data",
        "Direct imaging of dark matter particles",
        "Computer simulations without observational data",
        "Chemical analysis of cosmic dust"
      ],
      "correct_answer": "Analysis of gravitational lensing and telescopic data"
    },
    {
      "question": "How does the study contribute to cosmological theories?",
      "options": [
        "By providing empirical evidence supporting dark matter's gravitational scaffolding",
        "By disproving the Big Bang theory",
        "By showing dark matter is visible",
        "By eliminating the need for dark matter in models"
      ],
      "correct_answer": "By providing empirical evidence supporting dark matter's gravitational scaffolding"
    }
  ],
  "background_read": [
    "Dark matter is a pivotal concept in modern cosmology, first proposed to explain discrepancies in galaxy rotation curves and cosmic microwave background anisotropies. It is theorized to consist of non-baryonic particles, such as WIMPs or axions, that interact only weakly with standard model forces. The James Webb Space Telescope represents a technological leap in infrared astronomy, capable of observing high-redshift objects and probing the early Universe with unprecedented sensitivity. This study integrates observational cosmology with computational astrophysics, using techniques like gravitational lensing to infer dark matter distributions. Understanding dark matter's properties is essential for refining the Lambda-CDM model, which describes the Universe's expansion and structure formation, and has implications for fundamental physics, including potential extensions to the Standard Model. The research underscores the interdisciplinary nature of cosmology, blending telescope data with theoretical insights to unravel the Universe's deepest mysteries."
  ],
  "Article_Structure": [
    "This article details a cutting-edge cosmological study producing a high-resolution dark matter map via the James Webb Space Telescope. Main Points include dark matter's gravitational orchestration of galaxy formation and its alignment with baryonic matter, supported by new data. Purpose is to empirically validate dark matter's role in cosmic structure evolution and inform theoretical models. Evidence Evaluation highlights robust observational evidence from Webb, with gravitational lensing providing indirect but reliable detection methods. Author Credibility is enhanced by collaboration among top institutions, ensuring expertise in cosmology and astrophysics. Methodology combines advanced telescopic observations with computational analysis to map invisible matter, offering a critical assessment that strengthens cosmological paradigms while acknowledging limitations in direct detection."
  ],
  "perspectives": [
    {
      "perspective": "Empirical validation of cosmological theories",
      "description": "This research provides tangible evidence for dark matter's gravitational influence, advancing our understanding of Universe formation and challenging existing astrophysical models."
    }
  ],
  "image_url": "/article_images/article_bbf5c899573e5f09_f39017b7d185.webp"
}