{
  "title": "Nicki Minaj Talks About Her Beliefs and Politics",
  "summary": "Nicki Minaj, a famous rapper, surprised people by speaking at a conservative event in Arizona. She talked about her support for President Donald Trump and Vice President JD Vance, calling them role models. Nicki was interviewed by Erika Kirk, whose husband Charlie Kirk was being remembered at the event. Nicki explained that she likes Trump and Vance because they have heart and soul, and she feels proud of them. She also made fun of California Governor Gavin Newsom by using a nickname. Nicki said she is tired of being pushed around and thinks it's important to speak your mind, even if others disagree. She believes that people should use their minds more. Erika Kirk thanked Nicki for being brave, and Nicki said they are too busy building things to worry about critics. Nicki is from Trinidad and is known for songs like 'Super Freaky Girl' and has been nominated for Grammy awards.",
  "keywords": [
    {
      "term": "rapper",
      "explanation": "a person who sings or speaks words quickly with music"
    },
    {
      "term": "conservative",
      "explanation": "people who like traditional ideas and often support certain political views"
    },
    {
      "term": "role models",
      "explanation": "people others look up to and want to be like"
    },
    {
      "term": "interview",
      "explanation": "a talk where someone asks questions and another person answers"
    },
    {
      "term": "support",
      "explanation": "to agree with or help someone"
    },
    {
      "term": "brave",
      "explanation": "not afraid to do something even if it's hard"
    }
  ],
  "questions": [
    {
      "question": "Who spoke at the conservative event in Arizona?",
      "options": [
        "Nicki Minaj",
        "Erika Kirk",
        "Donald Trump",
        "Gavin Newsom"
      ],
      "correct_answer": "Nicki Minaj"
    },
    {
      "question": "What did Nicki Minaj call Donald Trump and JD Vance?",
      "options": [
        "role models",
        "friends",
        "leaders",
        "singers"
      ],
      "correct_answer": "role models"
    },
    {
      "question": "Who interviewed Nicki Minaj at the event?",
      "options": [
        "Erika Kirk",
        "Charlie Kirk",
        "Gavin Newsom",
        "Adriana Gomez Licon"
      ],
      "correct_answer": "Erika Kirk"
    },
    {
      "question": "Why did Nicki Minaj say she likes Trump and Vance?",
      "options": [
        "They have heart and soul",
        "They are singers",
        "They are from Trinidad",
        "They are Democrats"
      ],
      "correct_answer": "They have heart and soul"
    },
    {
      "question": "What did Nicki Minaj make fun of?",
      "options": [
        "Gavin Newsom",
        "Erika Kirk",
        "Charlie Kirk",
        "Grammy awards"
      ],
      "correct_answer": "Gavin Newsom"
    },
    {
      "question": "What did Nicki Minaj say about speaking your mind?",
      "options": [
        "It's important",
        "It's scary",
        "It's easy",
        "It's boring"
      ],
      "correct_answer": "It's important"
    }
  ],
  "background_read": [
    "Nicki Minaj is a famous rapper from Trinidad who makes popular songs and has been nominated for Grammy awards. She surprised many by supporting Donald Trump, a former president, at a conservative event where people remember Charlie Kirk. Conservatives often have different political views than liberals, and events like this help them share ideas. Nicki talked about being brave and not worrying about critics, which is part of speaking up for what you believe in."
  ],
  "Article_Structure": [
    "WHO: Nicki Minaj, a rapper, and Erika Kirk, interviewer",
    "WHAT: Nicki Minaj spoke at a conservative event, praised Donald Trump and JD Vance, and discussed her beliefs",
    "WHERE: At a Turning Point USA event in Arizona",
    "WHY: To share her support for Trump and talk about speaking your mind"
  ],
  "perspectives": [
    {
      "perspective": "Nicki Minaj's view",
      "description": "She believes Trump and Vance are role models and it's important to speak up even if others disagree."
    }
  ],
  "image_url": "/article_images/article_bf2c954b3f8bc976_bdbe6ca7e626.webp"
}