{
  "title": "Nicki Minaj's Political Endorsement and Discourse at Turning Point USA Summit",
  "summary": "In a notable political engagement, rapper Nicki Minaj appeared unexpectedly at the Turning Point USA AmericaFest convention in Arizona, a conservative summit memorializing activist Charlie Kirk. Interviewed by Erika Kirk, the widow and successor in leading the organization, Minaj articulated her revised political stance, endorsing former President Donald Trump and Vice President JD Vance as role models for young men—a departure from her prior condemnations of Trump. She employed derogatory rhetoric, mocking California Governor Gavin Newsom with the nickname 'New-scum,' and framed her support within a narrative of resilience against being 'pushed around.' Minaj critiqued contemporary discourse, suggesting controversy stems from a lack of critical thinking, as people are 'no longer using their minds.' Erika Kirk lauded Minaj's courage amid anticipated backlash from the entertainment industry, to which Minaj responded dismissively, emphasizing productivity and self-identification as 'the cool kids.' The article contextualizes Minaj's influence through her Trinidadian heritage, chart-topping hits like 'Super Freaky Girl,' and 12 Grammy nominations, underscoring her crossover from pop culture to political advocacy. This event highlights the evolving role of celebrities in partisan politics and the strategic use of platforms like Turning Point USA to amplify conservative messages.",
  "keywords": [
    {
      "term": "partisan politics",
      "explanation": "political activities or support strongly aligned with a particular party, often involving bias or conflict"
    },
    {
      "term": "derogatory rhetoric",
      "explanation": "language that is disrespectful or insulting, used to criticize or belittle others"
    },
    {
      "term": "critical thinking",
      "explanation": "the objective analysis and evaluation of issues to form a reasoned judgment"
    },
    {
      "term": "entertainment industry backlash",
      "explanation": "negative reactions from the music, film, and media sectors due to controversial statements or actions"
    },
    {
      "term": "political advocacy",
      "explanation": "active support for political causes or policies, often involving public endorsement or campaigning"
    },
    {
      "term": "conservative messaging",
      "explanation": "communication strategies used by right-leaning groups to promote their ideologies and attract support"
    },
    {
      "term": "celebrity influence",
      "explanation": "the impact that famous individuals have on public opinion, culture, and political trends"
    },
    {
      "term": "strategic platform",
      "explanation": "a carefully chosen venue or medium used to convey specific messages or achieve political goals"
    },
    {
      "term": "Grammy recognition",
      "explanation": "acknowledgment from the Grammy Awards, indicating artistic achievement and industry status"
    },
    {
      "term": "discourse analysis",
      "explanation": "the study of how language is used in communication, particularly in social and political contexts"
    }
  ],
  "questions": [
    {
      "question": "What was the primary purpose of Nicki Minaj's appearance at the Turning Point USA summit?",
      "options": [
        "To endorse Trump and Vance",
        "To promote her new music",
        "To criticize conservatives",
        "To honor Grammy awards"
      ],
      "correct_answer": "To endorse Trump and Vance"
    },
    {
      "question": "How does the article describe Minaj's past view of Donald Trump?",
      "options": [
        "She had condemned him",
        "She always supported him",
        "She was indifferent",
        "She collaborated with him"
      ],
      "correct_answer": "She had condemned him"
    },
    {
      "question": "What rhetorical device did Minaj use when referring to Gavin Newsom?",
      "options": [
        "Derogatory nickname",
        "Formal title",
        "Poetic metaphor",
        "Historical reference"
      ],
      "correct_answer": "Derogatory nickname"
    },
    {
      "question": "According to Minaj, what causes controversy in speaking one's mind?",
      "options": [
        "People not using their minds",
        "Lack of entertainment support",
        "Political correctness",
        "Media bias"
      ],
      "correct_answer": "People not using their minds"
    },
    {
      "question": "What role does Erika Kirk play in Turning Point USA?",
      "options": [
        "Leader after Charlie Kirk",
        "Event organizer",
        "Journalist",
        "Singer"
      ],
      "correct_answer": "Leader after Charlie Kirk"
    },
    {
      "question": "How did Minaj respond to potential backlash from the entertainment industry?",
      "options": [
        "She dismissed it",
        "She apologized",
        "She avoided it",
        "She embraced it"
      ],
      "correct_answer": "She dismissed it"
    },
    {
      "question": "What broader trend does the article suggest about celebrities?",
      "options": [
        "Increasing involvement in partisan politics",
        "Declining influence in culture",
        "Focus only on music",
        "Avoidance of controversy"
      ],
      "correct_answer": "Increasing involvement in partisan politics"
    },
    {
      "question": "What is the significance of Minaj's Trinidadian background in the context?",
      "options": [
        "Adds to her multicultural influence",
        "Limits her political reach",
        "Is irrelevant",
        "Makes her a conservative"
      ],
      "correct_answer": "Adds to her multicultural influence"
    },
    {
      "question": "How does the article evaluate the evidence presented?",
      "options": [
        "Relies on quotes and event coverage",
        "Uses statistical data",
        "Includes expert analysis",
        "Presents fictional scenarios"
      ],
      "correct_answer": "Relies on quotes and event coverage"
    },
    {
      "question": "What critical assessment can be made of Minaj's political shift?",
      "options": [
        "It reflects strategic alignment with conservative messaging",
        "It is based on thorough policy analysis",
        "It has no impact on her career",
        "It is universally praised"
      ],
      "correct_answer": "It reflects strategic alignment with conservative messaging"
    }
  ],
  "background_read": [
    "Nicki Minaj's career spans over a decade, with her Trinidadian roots and Grammy nominations cementing her status in global pop culture, providing a platform for political expression. Turning Point USA, founded by Charlie Kirk, is a key conservative youth organization that uses events like AmericaFest to mobilize support and disseminate ideology, often featuring high-profile speakers to attract attention. The political landscape involves increasing celebrity endorsements, where figures like Minaj navigate backlash from industries typically leaning liberal. Understanding terms like partisan politics and derogatory rhetoric helps analyze the strategic nature of such appearances, while discourse analysis reveals how language shapes public perception. This context is essential for critically assessing the article's portrayal of Minaj's actions and their implications for media and politics."
  ],
  "Article_Structure": [
    "Main Points: Nicki Minaj's endorsement of Trump and Vance at a conservative summit, her use of derogatory language against Newsom, and her commentary on discourse and backlash. Purpose: To examine the intersection of celebrity influence and conservative politics, highlighting Minaj's political shift and its media coverage. Evidence Evaluation: The article relies on direct quotes and event reporting from Associated Press, offering factual accuracy but limited depth or multiple perspectives. Author Credibility: Adriana Gomez Licon is a reputable AP journalist, ensuring reliable news reporting though potentially lacking in critical analysis. Methodology: Standard news article format with summary of events, interview excerpts, and contextual background, supported by video evidence. Critical Assessment: Strengths include clear reporting and relevance to current political trends; limitations involve minimal exploration of broader implications or counterarguments, presenting a somewhat one-sided view."
  ],
  "perspectives": [
    {
      "perspective": "Nicki Minaj's perspective",
      "description": "She advocates for political expression, views Trump and Vance as inspirational, and prioritizes resilience over industry conformity."
    }
  ],
  "image_url": "/article_images/article_bf2c954b3f8bc976_bdbe6ca7e626.webp"
}