{
  "title": "Analyzing the Labour Budget: Tax and Spend Strategies",
  "summary": "This article examines the UK's recent budget introduced by Chancellor Rachel Reeves, which focuses on significant tax increases and spending initiatives. Reeves defends these measures as necessary to fund progressive policies, such as scrapping the two-child limit on Universal Credit, which is projected to lift hundreds of thousands of children out of poverty. The government argues that this approach benefits all but the wealthiest households and aligns with Labour's core values. However, the budget faces mixed reactions; while many Labour MPs enthusiastically support it, others are cautious due to opinion polls indicating public support for maintaining the previous cap. The Institute for Fiscal Studies highlights that these tax rises are the largest in decades, adding credibility to the debate. The chancellor must balance appealing to financial markets for affordable borrowing, satisfying the electorate amid low poll ratings, and uniting her party. This budget serves as a strategic move to buy time and demonstrate Labour's commitment to social welfare, but it also underscores the challenges of managing diverse public and political expectations.",
  "keywords": [
    {
      "term": "Institute for Fiscal Studies",
      "explanation": "An independent research organization that analyzes UK tax and spending policies"
    },
    {
      "term": "progressive",
      "explanation": "Referring to policies that aim to reduce inequality by taxing the rich more to help the poor"
    },
    {
      "term": "Universal Credit",
      "explanation": "A UK welfare system that combines several benefits into one payment for low-income individuals and families"
    },
    {
      "term": "financial markets",
      "explanation": "Places where money is borrowed and lent, affecting government borrowing costs and economic stability"
    },
    {
      "term": "opinion polls",
      "explanation": "Surveys that measure public attitudes, used by politicians to gauge support for policies"
    },
    {
      "term": "two-child limit",
      "explanation": "A rule that restricted benefits for families with more than two children, now being removed"
    },
    {
      "term": "budget",
      "explanation": "A government's plan for revenue and expenditure over a period, detailing taxes and spending"
    },
    {
      "term": "chancellor",
      "explanation": "The UK government minister responsible for economic and financial matters, equivalent to a finance minister"
    }
  ],
  "questions": [
    {
      "question": "What is the main argument made by Rachel Reeves for the budget?",
      "options": [
        "To cut taxes for all",
        "To fund progressive policies and reduce poverty",
        "To increase military spending",
        "To privatize healthcare"
      ],
      "correct_answer": "To fund progressive policies and reduce poverty"
    },
    {
      "question": "According to the article, how many children could be lifted out of poverty by removing the two-child limit?",
      "options": [
        "100,000",
        "450,000",
        "1 million",
        "50,000"
      ],
      "correct_answer": "450,000"
    },
    {
      "question": "What does the Institute for Fiscal Studies say about the tax rises?",
      "options": [
        "They are the smallest in history",
        "They exceed those in any parliament since 1970",
        "They will not affect the economy",
        "They are only temporary"
      ],
      "correct_answer": "They exceed those in any parliament since 1970"
    },
    {
      "question": "Why is there not universal support for the budget among Labour MPs?",
      "options": [
        "They all agree with it",
        "Opinion polls show maintaining the cap was popular",
        "They want higher taxes",
        "They disagree with helping children"
      ],
      "correct_answer": "Opinion polls show maintaining the cap was popular"
    },
    {
      "question": "What are the three audiences the chancellor needs to appeal to with this budget?",
      "options": [
        "Schools, hospitals, and banks",
        "Financial markets, the electorate, and Labour MPs",
        "Only rich people",
        "International organizations"
      ],
      "correct_answer": "Financial markets, the electorate, and Labour MPs"
    },
    {
      "question": "What is the projected benefit for households according to the government?",
      "options": [
        "All households will pay more taxes",
        "Only the richest 10% will benefit",
        "All but the richest 10% will benefit by the end of the decade",
        "No one will benefit"
      ],
      "correct_answer": "All but the richest 10% will benefit by the end of the decade"
    },
    {
      "question": "How did Labour backbenchers react to the budget announcement?",
      "options": [
        "They were silent",
        "They were noisily delighted",
        "They protested",
        "They left the room"
      ],
      "correct_answer": "They were noisily delighted"
    },
    {
      "question": "What is the purpose of the budget in terms of the government's popularity?",
      "options": [
        "To make it worse",
        "To buy time and improve poll ratings",
        "To ignore public opinion",
        "To focus only on economics"
      ],
      "correct_answer": "To buy time and improve poll ratings"
    }
  ],
  "background_read": [
    "In the UK, the budget is a key governmental plan outlining tax and spending decisions, often reflecting political ideologies. The Labour Party, traditionally associated with social welfare and progressive taxation, uses budgets to address inequality. Universal Credit is a modern welfare system introduced to simplify benefits, but the two-child limit, implemented earlier, restricted support for larger families, leading to debates on poverty. Rachel Reeves, as Chancellor, holds a crucial role in economic policy, and her decisions impact borrowing costs through financial markets' perceptions. Opinion polls heavily influence political strategies, especially when governments face low ratings. Understanding these elements helps analyze how budgets balance economic credibility with social goals and public appeal."
  ],
  "Article_Structure": [
    "This article's main points focus on the Labour government's budget with significant tax rises and spending to fund progressive policies like removing the two-child limit, aiming to reduce child poverty and appeal to various groups. The purpose is to justify Labour's ideological stance, improve electoral chances, and ensure economic stability. Evidence evaluation shows reliance on sources like the Institute for Fiscal Studies for credibility, but it's balanced with government claims and opinion polls, indicating mixed reliability. Author credibility is implied through BBC reporting, known for factual accuracy, though potential bias exists in political coverage. Methodology involves summarizing budget details and reactions without original research, using public documents and expert analysis to present a comprehensive view of the political and economic implications."
  ],
  "perspectives": [
    {
      "perspective": "Government perspective",
      "description": "Views the budget as necessary for social good, reducing poverty, and upholding Labour values."
    },
    {
      "perspective": "Critics perspective",
      "description": "Argues that high taxes and spending may be unsustainable and unpopular with some segments of the public."
    },
    {
      "perspective": "Financial markets perspective",
      "description": "Focuses on the budget's impact on borrowing costs and economic credibility."
    },
    {
      "perspective": "Public perspective",
      "description": "Mixed reactions based on opinion polls, with some supporting progressive measures and others preferring fiscal restraint."
    }
  ],
  "image_url": "/article_images/article_ffb5083b65b40608_75817fde5b4c.webp"
}