{
  "title": "Critical Analysis of Weight Loss Drug Efficacy: Long-Term Regain and Cardiometabolic Reversal",
  "summary": "A comprehensive study published in The BMJ critically assesses the long-term efficacy of glucagon-like peptide-1 (GLP-1) receptor agonists, such as semaglutide (Ozempic) and tirzepatide (Mounjaro), in obesity management. These pharmaceuticals have revolutionized treatment by facilitating substantial weight reduction and ameliorating cardiometabolic risk factors, including hypertension and dyslipidemia. However, the analysis reveals a significant limitation: upon discontinuation, participants experience a mean weight regain of 0.4 kg per month, projecting a return to pre-treatment body mass within approximately 1.7 years. Concurrently, cardiometabolic benefits deteriorate, with markers reverting to baseline in about 1.4 years. The research, synthesizing data from 37 studies encompassing 9,341 individuals, demonstrates that post-cessation weight regain is markedly accelerated—nearly fourfold—compared to outcomes from behavioral weight management interventions, irrespective of initial weight loss magnitude. This is compounded by a high discontinuation rate, with approximately 50% of users ceasing GLP-1 therapy within one year. The study employs a rigorous methodology, reviewing randomized controlled trials and observational studies while utilizing bias assessment tools to mitigate heterogeneity. Conclusions underscore that while GLP-1 agonists are potent for initial weight loss, they may be insufficient as monotherapy for sustained weight control, necessitating integrated approaches that address adherence and lifestyle factors to optimize long-term health outcomes.",
  "keywords": [
    {
      "term": "glucagon-like peptide-1 receptor agonists",
      "explanation": "pharmaceutical agents that mimic incretin hormones to enhance insulin secretion and suppress appetite"
    },
    {
      "term": "cardiometabolic risk factors",
      "explanation": "variables such as blood pressure and lipid profiles that influence the likelihood of cardiovascular and metabolic diseases"
    },
    {
      "term": "weight regain projection",
      "explanation": "the estimated timeline for returning to original weight based on statistical trends post-treatment"
    },
    {
      "term": "discontinuation rate",
      "explanation": "the proportion of patients who terminate a therapeutic regimen over a specified period, reflecting adherence challenges"
    },
    {
      "term": "methodological rigor",
      "explanation": "the systematic approach in research design, including bias evaluation and data synthesis, to ensure validity"
    }
  ],
  "questions": [
    {
      "question": "What class of drugs do semaglutide and tirzepatide belong to?",
      "options": [
        "GLP-1 receptor agonists",
        "SSRIs",
        "Beta-blockers",
        "NSAIDs"
      ],
      "correct_answer": "GLP-1 receptor agonists"
    },
    {
      "question": "What is the average monthly weight regain after discontinuing weight loss drugs?",
      "options": [
        "0.4 kg",
        "1.0 kg",
        "0.1 kg",
        "2.0 kg"
      ],
      "correct_answer": "0.4 kg"
    },
    {
      "question": "How long does it take for cardiometabolic markers to revert to baseline after stopping medication?",
      "options": [
        "1.4 years",
        "2.5 years",
        "0.5 years",
        "5 years"
      ],
      "correct_answer": "1.4 years"
    },
    {
      "question": "How does the rate of weight regain compare between drug-based and behavioral interventions?",
      "options": [
        "Nearly four times faster after drugs",
        "Equal",
        "Slower after drugs",
        "Not quantified"
      ],
      "correct_answer": "Nearly four times faster after drugs"
    },
    {
      "question": "What percentage of GLP-1 drug users discontinue within a year?",
      "options": [
        "About 50%",
        "10%",
        "90%",
        "25%"
      ],
      "correct_answer": "About 50%"
    },
    {
      "question": "How many studies and participants were included in the analysis?",
      "options": [
        "37 studies, 9,341 participants",
        "50 studies, 5,000 participants",
        "20 studies, 2,000 participants",
        "100 studies, 10,000 participants"
      ],
      "correct_answer": "37 studies, 9,341 participants"
    },
    {
      "question": "What methodology did researchers use to assess bias in the studies?",
      "options": [
        "Established assessment tools",
        "Guesswork",
        "Patient surveys",
        "Social media analysis"
      ],
      "correct_answer": "Established assessment tools"
    },
    {
      "question": "What is a key limitation of GLP-1 drugs highlighted by the study?",
      "options": [
        "Insufficiency for long-term weight control alone",
        "Immediate ineffectiveness",
        "High cost only",
        "No side effects"
      ],
      "correct_answer": "Insufficiency for long-term weight control alone"
    },
    {
      "question": "What broader implication does the study have for obesity treatment?",
      "options": [
        "Need for integrated approaches combining drugs and lifestyle",
        "Exclusive reliance on pharmaceuticals",
        "Abandonment of all weight loss drugs",
        "Focus only on surgery"
      ],
      "correct_answer": "Need for integrated approaches combining drugs and lifestyle"
    },
    {
      "question": "How did researchers project the timeline for weight return to pre-treatment levels?",
      "options": [
        "Based on average regain rates",
        "Through patient interviews",
        "Using animal models",
        "By guessing"
      ],
      "correct_answer": "Based on average regain rates"
    }
  ],
  "background_read": [
    "GLP-1 receptor agonists represent a breakthrough in pharmacotherapy for obesity, a multifactorial disease associated with significant morbidity and mortality. These drugs function by activating receptors that regulate glucose metabolism and satiety, leading to weight loss and improved metabolic parameters. However, their long-term sustainability is questioned due to factors like cost, tolerability, and patient adherence. This study situates itself within ongoing debates about the durability of pharmacological interventions versus multimodal strategies. It draws on a meta-analytical framework, incorporating diverse study designs to enhance generalizability. The findings contribute to clinical discourse by emphasizing that while GLP-1 agonists are effective acutely, they may not address underlying behavioral and environmental determinants of weight regain. This underscores the necessity for holistic treatment paradigms that incorporate psychological support, nutritional counseling, and physical activity to foster enduring health benefits."
  ],
  "Article_Structure": [
    "The study's main points detail rapid weight regain and reversal of cardiometabolic benefits post-discontinuation of GLP-1 drugs, with projections of 1.7 years for weight and 1.4 years for health markers. Its purpose is to critically evaluate the long-term efficacy of these pharmaceuticals in obesity management, informing clinical practice and policy. Evidence evaluation involves a systematic review of 37 studies, using bias assessment tools to address variability, though heterogeneity in study quality is noted. Author credibility is bolstered by affiliation with the University of Oxford, known for rigorous research. Methodology includes analysis of clinical trials and observational data, comparison with non-drug interventions, and statistical projection based on regain rates. Critical assessment highlights strengths in comprehensive data synthesis but limitations in reliance on aggregated averages and potential confounding factors, suggesting need for longitudinal studies."
  ],
  "perspectives": [
    {
      "perspective": "Public health perspective",
      "description": "This view emphasizes the need for accessible, sustainable obesity treatments that combine pharmacological advances with community-based lifestyle programs to reduce long-term disease burden."
    }
  ],
  "image_url": "/article_images/article_f7ecc9e9c018bfbb_dfea7bd5e69f.webp"
}