{
  "title": "The Synergistic Impact of Comorbid Insomnia and Sleep Apnea on Cardiovascular Risk",
  "summary": "A study conducted by researchers at Yale School of Medicine, published in the Journal of the American Heart Association, investigates the cardiovascular implications of comorbid insomnia and sleep apnea (COMISA). Analyzing data from nearly 1 million post-9/11 U.S. veterans, the research reveals that individuals with both insomnia and obstructive sleep apnea experience a markedly elevated risk of hypertension and cardiovascular disease relative to those with only one condition. Insomnia, characterized by difficulties initiating or maintaining sleep, and obstructive sleep apnea, involving recurrent breathing cessations, often coexist and exacerbate each other's effects. The physiological basis lies in sleep's role in cardiovascular regulation; during undisturbed sleep, the heart and vasculature undergo restorative processes, but disruptions from COMISA impair this recovery, leading to cumulative strain. The study emphasizes that sleep disturbances are prevalent, particularly in veteran populations, yet frequently overlooked as secondary concerns. By framing sleep as a modifiable upstream risk factor, the authors argue for integrated assessment of insomnia and sleep apnea early in the cardiovascular risk trajectory to enable preventive interventions. They critique current clinical practices that treat these disorders in isolation and advocate for routine sleep evaluation alongside traditional risk factors, positing that such approaches could alter disease progression given the treatable nature of sleep issues.",
  "keywords": [
    {
      "term": "comorbid insomnia and sleep apnea (COMISA)",
      "explanation": "the co-occurrence of insomnia and obstructive sleep apnea, associated with amplified cardiovascular risks due to synergistic effects"
    },
    {
      "term": "cardiovascular regulation",
      "explanation": "the physiological processes during sleep that maintain heart and blood vessel function, including rest and repair mechanisms"
    },
    {
      "term": "upstream modifiable risk factors",
      "explanation": "preventable factors like sleep that influence disease development early, as opposed to downstream treatment of established conditions"
    },
    {
      "term": "obstructive sleep apnea",
      "explanation": "a sleep disorder marked by repeated upper airway obstructions causing breathing pauses, often linked to cardiovascular morbidity"
    },
    {
      "term": "preventive interventions",
      "explanation": "strategies aimed at reducing disease incidence by addressing risk factors before clinical manifestation"
    },
    {
      "term": "cardiovascular trajectory",
      "explanation": "the temporal progression of cardiovascular risk from initial factors to advanced disease, highlighting opportunities for early intervention"
    },
    {
      "term": "synergistic effects",
      "explanation": "the combined impact of multiple factors that is greater than the sum of individual effects, as seen in COMISA"
    },
    {
      "term": "integrated assessment",
      "explanation": "a clinical approach evaluating multiple conditions together to improve diagnosis and management outcomes"
    },
    {
      "term": "veteran health disparities",
      "explanation": "unique health challenges in military veterans, such as higher prevalence of sleep disorders, influencing study generalizability"
    },
    {
      "term": "physiological strain",
      "explanation": "the stress imposed on the cardiovascular system due to inadequate recovery from sleep disruptions"
    }
  ],
  "questions": [
    {
      "question": "In which journal was the study on COMISA and cardiovascular risk published?",
      "options": [
        "Journal of the American Heart Association",
        "The Lancet",
        "JAMA",
        "Sleep Medicine Reviews"
      ],
      "correct_answer": "Journal of the American Heart Association"
    },
    {
      "question": "What is the primary finding regarding COMISA in the study?",
      "options": [
        "It reduces heart disease risk",
        "It has no effect on cardiovascular health",
        "It significantly increases hypertension and cardiovascular disease risk",
        "It only affects sleep quality"
      ],
      "correct_answer": "It significantly increases hypertension and cardiovascular disease risk"
    },
    {
      "question": "What physiological role does sleep play in cardiovascular health?",
      "options": [
        "It increases metabolic rate",
        "It allows for restorative processes in the heart and blood vessels",
        "It decreases blood pressure permanently",
        "It causes breathing irregularities"
      ],
      "correct_answer": "It allows for restorative processes in the heart and blood vessels"
    },
    {
      "question": "What critique do the authors offer about current clinical practices?",
      "options": [
        "They overemphasize sleep assessment",
        "They treat insomnia and sleep apnea in isolation",
        "They ignore all risk factors",
        "They focus only on medication"
      ],
      "correct_answer": "They treat insomnia and sleep apnea in isolation"
    },
    {
      "question": "What population was studied, and what might be a limitation?",
      "options": [
        "General public; small sample size",
        "Post-9/11 U.S. veterans; may not generalize to other groups",
        "Children; lack of data",
        "Elderly; short duration"
      ],
      "correct_answer": "Post-9/11 U.S. veterans; may not generalize to other groups"
    },
    {
      "question": "What is meant by 'upstream modifiable risk factors' in this context?",
      "options": [
        "Factors that cannot be changed",
        "Factors like sleep that can be addressed early to prevent disease",
        "Factors only relevant after disease onset",
        "Genetic factors"
      ],
      "correct_answer": "Factors like sleep that can be addressed early to prevent disease"
    },
    {
      "question": "How do insomnia and sleep apnea interact according to the study?",
      "options": [
        "They cancel each other out",
        "They coexist politely without interaction",
        "They have synergistic effects that intensify health risks",
        "They only affect mental health"
      ],
      "correct_answer": "They have synergistic effects that intensify health risks"
    },
    {
      "question": "What recommendation is made for future cardiovascular care?",
      "options": [
        "Delay treatment until disease is advanced",
        "Routinely evaluate sleep alongside other risk factors",
        "Ignore sleep disorders",
        "Focus solely on pharmacological interventions"
      ],
      "correct_answer": "Routinely evaluate sleep alongside other risk factors"
    },
    {
      "question": "What is a key methodological aspect of the study?",
      "options": [
        "Experimental trials on animals",
        "Analysis of existing health data from veterans",
        "Surveys of general population",
        "Case studies of individual patients"
      ],
      "correct_answer": "Analysis of existing health data from veterans"
    },
    {
      "question": "Why might sleep disturbances be particularly relevant in veteran populations?",
      "options": [
        "They are rare in veterans",
        "They are common and often untreated, affecting cardiovascular outcomes",
        "They have no impact on veterans",
        "They are always diagnosed early"
      ],
      "correct_answer": "They are common and often untreated, affecting cardiovascular outcomes"
    }
  ],
  "background_read": [
    "Cardiovascular disease remains a global health burden, with risk factors including lifestyle, genetics, and sleep disorders. Insomnia and obstructive sleep apnea are prevalent conditions; insomnia involves persistent sleep initiation or maintenance difficulties, while sleep apnea features recurrent breathing pauses due to airway obstruction. Their comorbidity, termed COMISA, is increasingly recognized for exacerbating cardiovascular risks through mechanisms like sleep fragmentation and hypoxemia. Sleep serves critical homeostatic functions, such as reducing sympathetic activity and promoting vascular repair, making disruptions detrimental. The Yale study leverages a large veteran cohort to explore early risk trajectories, emphasizing prevention over reactive treatment. Methodologically, it uses epidemiological data analysis, though potential biases include veteran-specific health profiles. This research aligns with broader public health initiatives to integrate sleep medicine into cardiovascular prevention, highlighting gaps in current clinical paradigms that often silo sleep disorders."
  ],
  "Article_Structure": [
    "Main Points: The study identifies COMISA as a significant risk multiplier for cardiovascular disease, based on veteran data, underscoring the synergistic effects of combined sleep disorders. Purpose: To advocate for a paradigm shift in cardiovascular prevention by prioritizing sleep as an upstream, modifiable factor and promoting integrated clinical assessment. Evidence Evaluation: The evidence is robust due to large sample size and peer-reviewed publication, but limited by potential selection bias in the veteran population and reliance on observational data. Author Credibility: Authors from Yale possess expertise in cardiovascular and sleep medicine, enhancing credibility, though potential institutional biases may exist. Methodology: Retrospective analysis of electronic health records from post-9/11 veterans, employing statistical models to correlate sleep disorder diagnoses with cardiovascular outcomes. Critical Assessment: Strengths include the scale and relevance to at-risk populations; limitations involve generalizability and lack of mechanistic depth, suggesting need for prospective studies."
  ],
  "perspectives": [
    {
      "perspective": "Public Health",
      "description": "Integrating sleep screening into routine care could reduce cardiovascular disease burden through early intervention"
    }
  ],
  "image_url": "/article_images/article_11eec5b401692fa1_8949b4dcd26e.webp"
}