{
  "title": "Analyzing Fairness and Public Perception in the Strictly Come Dancing Final: Amber Davies' Response to Criticism",
  "summary": "The impending Strictly Come Dancing final features three couples—Amber Davies with Nikita Kuzmin, George Clarke, and Karen Carney with Carlos Gu—competing for the glitterball trophy, amidst significant media attention and public debate. A central controversy revolves around Amber Davies, whose extensive performing background in West End musicals such as Pretty Woman and participation in Dancing on Ice has led to allegations of an unfair advantage. At a recent press conference, Davies addressed these criticisms, conceding her comparative experience but asserting that she has exerted equivalent effort to reach the final, emphasizing that positive reception outweighs negative feedback. This discourse is situated within a broader historical context on Strictly, where contestants like Lewis Cope and JB Gill have similarly faced scrutiny for prior artistic endeavors, illustrating a recurring theme of viewer skepticism towards perceived inequalities. Concurrently, Karen Carney's achievement as the first footballer to advance to the final highlights narratives of personal transformation and confidence restoration through the show. The article also notes the departure of long-time presenters Tess Daly and Claudia Winkleman, marking a transitional phase for the series. By examining these elements, the piece delves into complex issues of meritocracy, public judgment, and the entertainment value of underdog stories in reality television, set against the backdrop of the grand final broadcast on BBC platforms.",
  "keywords": [
    {
      "term": "meritocracy",
      "explanation": "a system where success is based on ability and effort rather than privilege"
    },
    {
      "term": "public skepticism",
      "explanation": "doubt or distrust among the general audience regarding fairness or authenticity"
    },
    {
      "term": "narratives of transformation",
      "explanation": "stories that focus on personal change or growth through experiences"
    },
    {
      "term": "entertainment value",
      "explanation": "the appeal or interest generated for viewers, often through drama or competition"
    },
    {
      "term": "underdog stories",
      "explanation": "tales where less favored individuals overcome odds to succeed"
    },
    {
      "term": "transitional phase",
      "explanation": "a period of change or adjustment, such as in leadership or format"
    },
    {
      "term": "allegations",
      "explanation": "claims or accusations made without proof"
    },
    {
      "term": "comparative experience",
      "explanation": "relative background or skills compared to others in a similar context"
    },
    {
      "term": "historical context",
      "explanation": "background information from past events that influences current situations"
    },
    {
      "term": "media attention",
      "explanation": "focus from news outlets and journalists on a particular topic"
    }
  ],
  "questions": [
    {
      "question": "What specific roles in West End musicals are mentioned as part of Amber Davies' background?",
      "options": [
        "Les Misérables and Cats",
        "Pretty Woman, 9 to 5: The Musical, and The Great Gatsby",
        "Hamilton and Wicked",
        "Mamma Mia! and Chicago"
      ],
      "correct_answer": "Pretty Woman, 9 to 5: The Musical, and The Great Gatsby"
    },
    {
      "question": "How does Amber Davies justify her place in the final despite her experience?",
      "options": [
        "She claims she is naturally talented",
        "She argues she has worked just as hard as the other finalists",
        "She says the judges favor her",
        "She believes her popularity guarantees victory"
      ],
      "correct_answer": "She argues she has worked just as hard as the other finalists"
    },
    {
      "question": "What broader pattern on Strictly Come Dancing does the article identify regarding contestant criticism?",
      "options": [
        "Viewers always support experienced contestants",
        "Contestants with prior performance backgrounds often face public scrutiny",
        "Judges' opinions are consistently ignored",
        "The show avoids controversial topics"
      ],
      "correct_answer": "Contestants with prior performance backgrounds often face public scrutiny"
    },
    {
      "question": "Which past contestants are cited as examples of similar criticism to Amber Davies?",
      "options": [
        "Chris McCausland and Tess Daly",
        "Lewis Cope and JB Gill",
        "George Clarke and Karen Carney",
        "Nikita Kuzmin and Carlos Gu"
      ],
      "correct_answer": "Lewis Cope and JB Gill"
    },
    {
      "question": "What significance does Karen Carney's participation hold in the context of the show?",
      "options": [
        "She is the first celebrity to win without dancing experience",
        "She represents the first footballer to reach the final, emphasizing personal growth",
        "She has the most dance training among finalists",
        "She is known for criticizing other contestants"
      ],
      "correct_answer": "She represents the first footballer to reach the final, emphasizing personal growth"
    },
    {
      "question": "How does the article characterize the role of public perception in Strictly Come Dancing?",
      "options": [
        "It is irrelevant to the outcome",
        "It often leads to independent judgments that challenge official results",
        "It always aligns with judge scores",
        "It is solely based on dance technique"
      ],
      "correct_answer": "It often leads to independent judgments that challenge official results"
    },
    {
      "question": "What transitional element is highlighted regarding the show's presentation?",
      "options": [
        "A change in judging panel",
        "The departure of presenters Tess Daly and Claudia Winkleman",
        "A shift to online-only broadcasting",
        "The introduction of new dance styles"
      ],
      "correct_answer": "The departure of presenters Tess Daly and Claudia Winkleman"
    },
    {
      "question": "Which theme does the article suggest is valued by many Strictly viewers?",
      "options": [
        "Predictability in outcomes",
        "The element of surprise or overcoming odds",
        "Exclusive focus on professional dancers",
        "Avoidance of personal stories"
      ],
      "correct_answer": "The element of surprise or overcoming odds"
    },
    {
      "question": "What methodological approach does the article use to support its analysis?",
      "options": [
        "Statistical data on viewer votes",
        "Direct quotes from press conferences and historical examples",
        "Interviews with all past winners",
        "Experimental studies on dance performance"
      ],
      "correct_answer": "Direct quotes from press conferences and historical examples"
    },
    {
      "question": "How does the article assess the credibility of its sources?",
      "options": [
        "It relies solely on anonymous tips",
        "It uses statements from involved parties like Amber Davies and Karen Carney, and references BBC reporting",
        "It bases claims on social media rumors",
        "It ignores conflicting viewpoints"
      ],
      "correct_answer": "It uses statements from involved parties like Amber Davies and Karen Carney, and references BBC reporting"
    }
  ],
  "background_read": [
    "Strictly Come Dancing, a flagship BBC entertainment program, blends celebrity culture with professional dance, operating within a framework of public voting and judge critiques that often sparks debates on fairness and authenticity. Historically, the show has grappled with issues of contestant backgrounds, where individuals with prior performance experience—such as actors, musicians, or athletes—face public and media scrutiny for perceived advantages, challenging notions of a level playing field. This intersects with broader sociological themes in reality TV, including meritocracy, viewer engagement through narrative arcs like underdog triumphs, and the psychological impact of public judgment on participants. The article's analysis draws on press conferences and historical precedents, offering insights into how entertainment media constructs and negotiates these complexities, while also marking institutional changes like presenter transitions, reflecting the evolving nature of broadcast television."
  ],
  "Article_Structure": [
    "This in-depth analysis examines the Strictly Come Dancing final article through Main Points: the competition dynamics, Amber Davies' response to advantage allegations, and broader viewer judgment patterns. Purpose: to critically explore themes of fairness and public perception in reality TV, providing context for entertainment discourse. Evidence Evaluation: assesses direct quotes and historical examples as credible but notes potential bias in selective reporting. Author Credibility: as BBC Entertainment, it offers factual basis but may prioritize sensational angles. Methodology: employs qualitative data from press events and comparative case studies, though lacks quantitative support. Critical Assessment: strengths include engaging narrative and relevant examples, but limitations involve superficial treatment of underlying social issues and reliance on anecdotal evidence without deeper empirical analysis."
  ],
  "perspectives": [
    {
      "perspective": "Amber Davies' defensive stance",
      "description": "She positions herself as equally diligent, using her experience as a asset rather than a detriment, and highlights emotional resilience against criticism."
    },
    {
      "perspective": "Viewer-centric critique",
      "description": "This perspective questions the integrity of competition when contestants have disparate backgrounds, advocating for purity in amateur participation."
    },
    {
      "perspective": "Narrative-driven entertainment analysis",
      "description": "Focuses on how the show crafts stories of personal growth and surprise outcomes to enhance viewer engagement and ratings."
    },
    {
      "perspective": "Institutional transition view",
      "description": "Considers the impact of presenter changes on the show's identity and future direction within the broadcasting landscape."
    }
  ],
  "image_url": "/article_images/article_6246331062ff411b_8d9e7c0a58d3.webp"
}