{
  "title": "Global Forest Changes: Loss of Biodiversity and Resilience",
  "summary": "Forests play a critical role in sustaining life on Earth by absorbing carbon dioxide, supporting biodiversity, and regulating ecosystems. However, recent research indicates that forests worldwide are undergoing significant transformations. A large international study published in Nature Plants analyzed over 31,000 tree species and found that forest ecosystems are becoming more uniform, losing biodiversity, and growing less resilient. The trend shows fast-growing tree species, such as acacia and eucalyptus, are becoming dominant, while slow-growing species with specialized traits are declining. These slow-growing trees, common in moist tropical and subtropical forests, contribute to forest stability, carbon storage, and resilience but are at risk due to climate change and exploitation. The spread of naturalized tree species, which often have traits like rapid growth, further exacerbates these changes. Scientists, including senior author Jens-Christian Svenning, express deep concern because the loss of unique, native species can create gaps in ecosystems that alien species cannot fill, leading to less stable forests that are vulnerable to droughts, storms, and pests. This shift threatens long-term carbon storage and ecosystem health, highlighting the need for conservation efforts to protect forest diversity.",
  "keywords": [
    {
      "term": "biodiversity",
      "explanation": "the variety of plant and animal species in an ecosystem"
    },
    {
      "term": "resilience",
      "explanation": "the ability of an ecosystem to recover from disturbances"
    },
    {
      "term": "fast-growing species",
      "explanation": "tree species that grow quickly but may be less stable"
    },
    {
      "term": "slow-growing species",
      "explanation": "tree species that grow slowly and contribute to ecosystem stability"
    },
    {
      "term": "naturalized species",
      "explanation": "trees that originated elsewhere but now grow wild in new regions"
    },
    {
      "term": "carbon storage",
      "explanation": "the process by which trees absorb and store carbon dioxide"
    },
    {
      "term": "ecosystem stability",
      "explanation": "the ability of an ecosystem to maintain its functions over time"
    },
    {
      "term": "climate change",
      "explanation": "long-term shifts in temperature and weather patterns affecting the environment"
    }
  ],
  "questions": [
    {
      "question": "What did the study in Nature Plants analyze?",
      "options": [
        "Over 31,000 tree species",
        "Animal populations in forests",
        "Soil quality in forests",
        "Water cycles in forests"
      ],
      "correct_answer": "Over 31,000 tree species"
    },
    {
      "question": "What trend did the study find in forests?",
      "options": [
        "Fast-growing species are becoming dominant",
        "Forests are getting more diverse",
        "Slow-growing species are increasing",
        "Forests are becoming colder"
      ],
      "correct_answer": "Fast-growing species are becoming dominant"
    },
    {
      "question": "Why are slow-growing trees important?",
      "options": [
        "They contribute to stability and carbon storage",
        "They grow quickly",
        "They attract more animals",
        "They have colorful leaves"
      ],
      "correct_answer": "They contribute to stability and carbon storage"
    },
    {
      "question": "What is a risk associated with fast-growing trees?",
      "options": [
        "They are more vulnerable to droughts and storms",
        "They store more carbon",
        "They support more biodiversity",
        "They live longer"
      ],
      "correct_answer": "They are more vulnerable to droughts and storms"
    },
    {
      "question": "What percentage of naturalized tree species have traits like rapid growth?",
      "options": [
        "Nearly 41 percent",
        "About 20 percent",
        "Over 50 percent",
        "Less than 10 percent"
      ],
      "correct_answer": "Nearly 41 percent"
    },
    {
      "question": "Where are unique tree species especially concentrated?",
      "options": [
        "Tropical and subtropical regions",
        "Desert regions",
        "Polar regions",
        "Temperate forests"
      ],
      "correct_answer": "Tropical and subtropical regions"
    },
    {
      "question": "What is a consequence of losing native species?",
      "options": [
        "Gaps in ecosystems that alien species cannot fill",
        "Increased forest stability",
        "More carbon storage",
        "Faster tree growth"
      ],
      "correct_answer": "Gaps in ecosystems that alien species cannot fill"
    },
    {
      "question": "What is the main cause of forest changes mentioned in the summary?",
      "options": [
        "Climate change and exploitation",
        "Too much rainfall",
        "Animal migration",
        "Natural forest fires"
      ],
      "correct_answer": "Climate change and exploitation"
    }
  ],
  "background_read": [
    "Forests are complex ecosystems that provide essential services such as carbon sequestration, habitat for wildlife, and regulation of water cycles. Human activities like deforestation and climate change are altering these ecosystems. This article discusses a scientific study that examines global forest changes, focusing on shifts in tree species composition. The research highlights how fast-growing trees are replacing slow-growing ones, leading to reduced biodiversity and resilience. Understanding these dynamics is crucial for developing conservation strategies to mitigate the impacts on forest health and global climate."
  ],
  "Article_Structure": [
    "Main Points: The study reveals forests are becoming more uniform with fast-growing species dominating, while slow-growing species decline, reducing biodiversity and resilience. Purpose: To inform about the alarming shifts in forest ecosystems due to climate change and exploitation, urging conservation action. Evidence Evaluation: Based on analysis of over 31,000 tree species, providing robust data but limited by global generalizations. Author Credibility: Senior author Jens-Christian Svenning is a professor and director at a research center, indicating expertise in ecology. Methodology: Examined tree species globally, focusing on traits and distribution, using scientific data from published research."
  ],
  "perspectives": [
    {
      "perspective": "Ecological concern",
      "description": "Scientists warn that forest changes threaten ecosystem stability and long-term carbon storage, emphasizing the need for protection."
    }
  ],
  "image_url": "/article_images/article_3115e60d6fb69dd4_bb75a388f2d8.webp"
}