{
  "articles": [
    {
      "id": "c8e2d1d708d64cae",
      "title": "Constitutional Clash: Trump's 10% Tariff and Supreme Court Rejection of Global Import Taxes",
      "summary": "In a significant constitutional confrontation, President Donald Trump has enacted a new 10% global tariff following a Supreme Court decision that struck down his prior import taxes. The court, in a 6-3 ruling, concluded that Trump exceeded his executive authority by leveraging the International Emergency Economic Powers Act (IEEPA) to impose tariffs without explicit congressional delegation, as articulated in Chief Justice John Roberts' opinion emphasizing strict limits on presidential tariff powers. This judicial rebuke marks a pivotal victory for litigants including businesses and U.S. states, potentially catalyzing billions in tariff refunds and exacerbating uncertainties within the global trade framework. Trump denounced the ruling as terrible, disparaging the justices as fools, and indicated intentions to utilize alternative statutory mechanisms to advance his protectionist agenda, which he contends stimulates domestic investment and manufacturing. The original tariffs, initiated under the guise of 'Liberation Day,' targeted an expansive array of trade partners, notably Mexico, Canada, and China, inciting domestic and international outcry over projected price escalations and trade disruptions. The legal challenge centered on interpretive disputes regarding IEEPA's scope, with opponents arguing it confers no tariff authority, thereby underscoring deeper tensions between executive initiative and legislative prerogative in trade policy formulation.",
      "source": "BBC News",
      "time_ago": "Just now",
      "image_url": "/article_images/article_c8e2d1d708d64cae_c7a663f8e065.webp",
      "category": "News"
    },
    {
      "id": "9cf47e12a9cb11f2",
      "title": "Investigating Dopamine Agonist-Induced Impulsive Behaviors and Systemic Failures in Healthcare",
      "summary": "A BBC investigation delves into the severe side effects of dopamine agonist medications, particularly Ropinirole, prescribed for movement disorders such as Restless Legs Syndrome. The report documents over 250 cases where patients developed compulsive addictions to gambling, sex, and shopping, often resulting in significant financial and emotional distress. Emma's narrative exemplifies this: after being prescribed Ropinirole for RLS exacerbated post-pregnancy, she incurred losses exceeding £30,000 from gambling, unaware of the pharmacological link until encountering BBC coverage. Despite these drugs being downgraded as a first-line treatment for RLS, prescription rates in England have not declined, indicating a disconnect between clinical guidelines and practice. The article critiques the healthcare system for insufficient patient warnings, with many professionals, including a police officer and bank risk director, reporting similar oversight. In response, the UK Health Select Committee has urged the drug regulator to review warning labels, and the government has labeled the findings as concerning. This analysis highlights broader issues of pharmacovigilance, patient autonomy, and the need for enhanced regulatory frameworks to mitigate adverse drug reactions.",
      "source": "BBC News",
      "time_ago": "1 hour ago",
      "image_url": "/article_images/article_9cf47e12a9cb11f2_31f86349d5d3.webp",
      "category": "News"
    },
    {
      "id": "252ab2e28fb691b8",
      "title": "London Fashion Week 2026: Strategic Revitalization through Sustainability and Inclusivity",
      "summary": "London Fashion Week 2026 represents a concerted effort to reclaim London's position as a preeminent global fashion capital, marked by a significant 10% increase in participation with 41 runway shows and 20 presentations. Central to this initiative is the British Fashion Council's policy of waiving fees for the second consecutive year, strategically reducing financial barriers to entry and enticing established brands like Temperley London and Joseph to return after extended absences. The event showcases a dichotomy between minimalist trends and bold, statement-making collections, exemplified by Tolu Coker's sustainable runway, which utilizes deadstock fabric and environmentally-friendly dyes, and features King Charles III as a front-row guest, underscoring royal endorsement. Emerging talents, supported through the NewGen scheme, and legacy designers such as Burberry contribute to a diverse aesthetic landscape, blending retro influences with contemporary innovation. Sustainability is emphasized as a core theme, aligning with broader industry shifts, while musical performances by artists like Little Simz enhance the cultural experience. This multifaceted approach aims to bolster London's competitive edge in the global fashion arena through creativity, economic incentives, and environmental consciousness.",
      "source": "BBC News",
      "time_ago": "11 hours ago",
      "image_url": "/article_images/article_252ab2e28fb691b8_c4b4fbec61e7.webp",
      "category": "News"
    },
    {
      "id": "ae4cf4a3d62cc170",
      "title": "Judicial Restraint and Executive Authority: Analyzing the Supreme Court's Tariff Ruling",
      "summary": "The U.S. Supreme Court's 6-3 decision to invalidate the majority of President Trump's global tariffs represents a pivotal moment in the interplay between judicial oversight and executive power. The ruling hinged on the court's interpretation of the International Emergency Economic Powers Act (IEEPA) of 1977, with the majority concluding that the president exceeded statutory authority by imposing sweeping tariffs without meeting the law's emergency criteria. This decision not only delivered a significant setback to Trump's economic agenda, which sought to leverage tariffs for trade protectionism, but also reinforced constitutional checks and balances by curbing potential executive overreach. President Trump's vehement response, including accusations of judicial disloyalty and plans to pursue alternative legal avenues for a 10% global tariff, underscores the heightened tensions between branches of government. The case illuminates broader themes of legal formalism versus pragmatic governance, as the court prioritized strict adherence to legislative intent over presidential discretion. Implications extend to future trade policies and the scope of emergency powers, highlighting ongoing debates about the balance of power in a democratic system. This analysis delves into the jurisprudential foundations and political ramifications of the ruling, offering insights into its precedent-setting potential.",
      "source": "PBS NewsHour",
      "time_ago": "12 hours ago",
      "image_url": "/article_images/article_ae4cf4a3d62cc170_0f352d586b1a.webp",
      "category": "News"
    },
    {
      "id": "9ef133e69ee29470",
      "title": "The Institutionalization of Election Denial in Trump's Federal Administration",
      "summary": "This article critically examines the strategic placement within President Donald Trump's administration of individuals who have endorsed his baseless allegations regarding the 2020 electoral defeat to Joe Biden. It details how key appointees, such as Attorney General Pam Bondi and attorney Kurt Olsen, leverage their official capacities to advance disproven conspiracy theories, exemplified by Olsen's leadership in a comprehensive investigation into the 2020 vote, culminating in actions like the seizure of ballots from Fulton County, Georgia. The piece underscores the ramifications of this institutional embedding, as election officials nationwide, particularly in Democratic jurisdictions, prepare for heightened discord during impending elections, with control of Congress at stake. Analysis from Joanna Lydgate of the States United Democracy Center posits that the election denial movement's integration into federal structures amplifies its influence, enabling Trump and allies to utilize governmental authority to subvert electoral processes, especially with an eye toward midterm elections. Despite confronting other pressing issues, such as economic instability and immigration policies, Trump persistently propagates the false narrative of a stolen election, supported by a cadre of loyalists who range from longtime advocates to those promoting fantastical theories, thereby perpetuating a cycle of misinformation that erodes public confidence in democratic institutions.",
      "source": "PBS NewsHour",
      "time_ago": "12 hours ago",
      "image_url": "/article_images/article_9ef133e69ee29470_7ce67daaf2c5.webp",
      "category": "News"
    },
    {
      "id": "497a266866316360",
      "title": "Post-Supreme Court Tariff Ruling: Legal, Economic, and Policy Implications for Consumers and the Economy",
      "summary": "In a landmark decision, the Supreme Court struck down approximately two-thirds of President Trump's global tariffs, which were enacted under the International Emergency Economic Powers Act (IEEPA), deeming them an overreach of executive authority. This ruling represents a significant judicial check on presidential power, but President Trump swiftly responded by announcing intentions to leverage alternative statutory frameworks, such as Section 232 of the Trade Expansion Act and Section 122 of the Trade Act, to reinstate comparable tariff levels. Natasha Sarin, a professor of law and finance at Yale University, provides critical analysis, noting that these alternative authorities entail more rigorous procedural and substantive requirements, potentially limiting the administration's ability to impose tariffs as expansively as before. The tariffs, which targeted imports from both allied and adversarial nations at historically elevated rates, have profound implications for macroeconomic stability, consumer price inflation, and international trade relations. This article delves into the intricate interplay between legal jurisprudence and economic policy, assessing the immediate ramifications of the ruling, the feasibility of the presidential response, and the broader consequences for U.S. economic governance and global trade dynamics.",
      "source": "PBS NewsHour",
      "time_ago": "12 hours ago",
      "image_url": "/article_images/article_497a266866316360_254ec6ce4619.webp",
      "category": "News"
    }
  ]
}