{
  "title": "Analysis of Hewett and Reid's Near-Record Achievement in Wheelchair Tennis",
  "summary": "In the Wheelchair Masters final, British athletes Alfie Hewett and Gordon Reid faced a pivotal moment in their careers, striving to secure an unprecedented fourth title. Their narrow defeat in an epic contest not only denied them this historic milestone but also highlighted the intense competitiveness of elite adaptive sports. The article delves into their journey, underscoring themes of perseverance and the psychological aspects of high-stakes competitions. It serves to inform the public about significant developments in wheelchair tennis, while also reflecting on broader societal issues such as disability representation in media and sports. By examining the athletes' responses to adversity, the piece encourages a deeper appreciation for the dedication required in professional sports, irrespective of physical abilities, and prompts discussions on how such narratives can influence public perceptions and policy regarding inclusivity.",
  "keywords": [
    {
      "term": "Unprecedented",
      "explanation": "Never done or known before; in this context, referring to a record-setting achievement"
    },
    {
      "term": "Milestone",
      "explanation": "A significant event or stage in development or progress"
    },
    {
      "term": "Psychological Aspects",
      "explanation": "Mental and emotional factors that influence performance and behavior in sports"
    },
    {
      "term": "Disability Representation",
      "explanation": "The portrayal and inclusion of people with disabilities in media and society to foster understanding and equality"
    },
    {
      "term": "Elite Competition",
      "explanation": "High-level sporting events where top athletes compete, often with substantial stakes and scrutiny"
    },
    {
      "term": "Perseverance",
      "explanation": "Steadfastness in doing something despite difficulty or delay in achieving success"
    },
    {
      "term": "Societal Issues",
      "explanation": "Broad topics affecting communities, such as inclusivity, equity, and public awareness"
    },
    {
      "term": "Media Framing",
      "explanation": "The way information is presented to shape audience perceptions and interpretations"
    },
    {
      "term": "Policy Implications",
      "explanation": "Potential effects on rules, laws, or guidelines that govern areas like sports and disability rights"
    },
    {
      "term": "Adversity Response",
      "explanation": "How individuals cope with and overcome challenges and setbacks"
    },
    {
      "term": "Inclusivity Advocacy",
      "explanation": "Active support for policies and practices that include diverse groups, particularly those with disabilities"
    },
    {
      "term": "Narrative Influence",
      "explanation": "The power of stories to affect public opinion, attitudes, and behaviors"
    }
  ],
  "questions": [
    {
      "question": "What historical significance did Hewett and Reid's potential record hold?",
      "options": [
        "It would have been an unprecedented fourth title",
        "It was a minor personal achievement",
        "It related to Olympic qualification",
        "It involved breaking a speed record"
      ],
      "correct_answer": "It would have been an unprecedented fourth title"
    },
    {
      "question": "How does the article address psychological factors in sports?",
      "options": [
        "By highlighting perseverance and mental resilience",
        "By ignoring emotional aspects",
        "By focusing only on physical training",
        "By suggesting they lacked motivation"
      ],
      "correct_answer": "By highlighting perseverance and mental resilience"
    },
    {
      "question": "What role does media framing play in this story?",
      "options": [
        "It shapes public perception of disability and effort",
        "It provides unbiased factual data only",
        "It exaggerates the players' failures",
        "It avoids any inspirational elements"
      ],
      "correct_answer": "It shapes public perception of disability and effort"
    },
    {
      "question": "How might this event influence inclusivity advocacy?",
      "options": [
        "By raising awareness and promoting adaptive sports",
        "By discouraging participation in sports",
        "By focusing solely on able-bodied athletes",
        "By minimizing the importance of records"
      ],
      "correct_answer": "By raising awareness and promoting adaptive sports"
    },
    {
      "question": "What evidence does the article use to support its claims?",
      "options": [
        "Factual match outcomes and basic details",
        "Extensive player interviews and data analysis",
        "Speculative opinions without sources",
        "Historical comparisons to other sports"
      ],
      "correct_answer": "Factual match outcomes and basic details"
    },
    {
      "question": "Evaluate the author's credibility in this context.",
      "options": [
        "Assumed through BBC's reputation, but lacks specific expertise details",
        "Clearly stated with extensive sports journalism background",
        "Based on personal experience as a wheelchair athlete",
        "Not relevant to the article's content"
      ],
      "correct_answer": "Assumed through BBC's reputation, but lacks specific expertise details"
    },
    {
      "question": "What methodological approach is evident in the article?",
      "options": [
        "Descriptive reporting of event results",
        "Experimental research with control groups",
        "In-depth ethnographic study",
        "Statistical analysis of player performance"
      ],
      "correct_answer": "Descriptive reporting of event results"
    },
    {
      "question": "How does the article critically assess the players' performance?",
      "options": [
        "It notes their effort but lacks detailed analysis of tactics",
        "It provides a comprehensive breakdown of strategies",
        "It dismisses their skills entirely",
        "It compares them unfavorably to other athletes"
      ],
      "correct_answer": "It notes their effort but lacks detailed analysis of tactics"
    },
    {
      "question": "What are potential limitations of the article's coverage?",
      "options": [
        "Limited depth in evidence and player perspectives",
        "Overemphasis on statistical data",
        "Bias against wheelchair sports",
        "Exclusion of relevant historical context"
      ],
      "correct_answer": "Limited depth in evidence and player perspectives"
    },
    {
      "question": "How does the narrative influence public discourse on disability?",
      "options": [
        "It promotes positive representation and inspiration",
        "It reinforces negative stereotypes",
        "It avoids discussing disability issues",
        "It focuses only on athletic performance without context"
      ],
      "correct_answer": "It promotes positive representation and inspiration"
    },
    {
      "question": "What broader societal issues are implicated by this story?",
      "options": [
        "Inclusivity and disability rights in sports",
        "Economic impacts of sports events",
        "Environmental concerns in athletics",
        "Technological advancements in equipment"
      ],
      "correct_answer": "Inclusivity and disability rights in sports"
    },
    {
      "question": "How could the methodology be improved for a more robust analysis?",
      "options": [
        "Including interviews and performance metrics",
        "Relying solely on audience opinions",
        "Avoiding any factual reporting",
        "Focusing only on the winners' perspectives"
      ],
      "correct_answer": "Including interviews and performance metrics"
    }
  ],
  "background_read": [
    "Wheelchair tennis has evolved since its inception, with key tournaments like the Wheelchair Masters integral to the sport's professional circuit, governed by the International Tennis Federation. Alfie Hewett and Gordon Reid are among Britain's most decorated Paralympians, with numerous Grand Slam titles, and their careers exemplify the growth of adaptive sports. Understanding this context involves examining historical barriers to disability inclusion in athletics, the role of media in shaping narratives, and current policies like the Equality Act that support inclusivity. This background enriches the analysis by connecting individual achievements to larger movements for social change, emphasizing how sports can drive discussions on equity and representation."
  ],
  "Article_Structure": [
    "This article's main points detail Hewett and Reid's attempt to secure a record fourth title in the Wheelchair Masters, culminating in a narrow defeat that underscores their elite status and the competitive nature of adaptive sports. The purpose extends beyond reporting to inspire and highlight issues of disability inclusivity, framed within broader societal contexts. Evidence evaluation reveals reliance on basic factual reporting from BBC, a credible source, but it lacks depth, such as statistical data or direct quotes, limiting critical assessment. Author credibility is inferred from BBC's journalistic standards, though no specific expertise is highlighted, potentially affecting bias. Methodology involves straightforward event coverage without primary research, which, while accessible, weakens analytical rigor. A critical assessment notes strengths in raising awareness but limitations in providing comprehensive insights or addressing potential biases in sports media representation."
  ],
  "perspectives": [
    {
      "perspective": "Athletic Performance Perspective",
      "description": "Examines the technical and mental aspects of the players' performance and its implications for their careers"
    },
    {
      "perspective": "Media Critique Perspective",
      "description": "Analyzes how the BBC's reporting frames the story to influence public perception and advocacy for disability sports"
    },
    {
      "perspective": "Sociocultural Perspective",
      "description": "Discusses the impact on societal attitudes towards disability and the role of sports in promoting inclusivity and policy changes"
    }
  ],
  "image_url": "/article_images/article_e0ca5487c66d3a57_1543a1b7c4f6.jpg"
}