{
  "title": "Gender Dynamics and Public Perception in a Contemporary Tennis Exhibition",
  "summary": "The article details an upcoming exhibition tennis match in Dubai on December 28, featuring Aryna Sabalenka, the current world number one in women's tennis, and Nick Kyrgios, a former Wimbledon finalist, marketed as a 'battle of the sexes'. This framing evokes the historic 1973 match between Billie Jean King and Bobby Riggs, though King has explicitly distanced this event from the original, noting contextual differences. BBC reporter Jonathan Jurejko conducts interviews with both athletes to delve into their rationales for participation and the ensuing controversy, particularly scrutinizing Kyrgios's history of behavioral incidents and their implications for the sport's integrity. Additionally, Jurejko engages with expert Mani Djazmi to analyze the broader societal and professional ramifications, including how such exhibitions influence tennis's public image amid ongoing debates about gender equality and athlete conduct. The piece is part of the BBC World Service's daily podcast, More than the Score, which adopts a narrative-driven approach to sports journalism, exploring themes beyond mere athletic performance by featuring interviews with elite athletes like Mondo Duplantis and experts, thereby contributing to a nuanced understanding of global sports culture.",
  "keywords": [
    {
      "term": "gender dynamics",
      "explanation": "the interactions and power relations between genders, often analyzed in sports contexts to assess equality and representation"
    },
    {
      "term": "public perception",
      "explanation": "the collective opinion or image held by society, influenced by media narratives and events like controversial matches"
    },
    {
      "term": "exhibition match",
      "explanation": "a non-competitive sporting event typically for entertainment, charity, or promotional purposes, distinct from official tournaments"
    },
    {
      "term": "behavioral incidents",
      "explanation": "past actions by athletes, such as code violations or outbursts, that can affect their credibility and the sport's reputation"
    },
    {
      "term": "narrative-driven journalism",
      "explanation": "a media approach that emphasizes storytelling and contextual analysis over factual reporting, common in podcasts and features"
    },
    {
      "term": "societal ramifications",
      "explanation": "the broader social consequences of events, including impacts on cultural norms and public discourse"
    },
    {
      "term": "integrity",
      "explanation": "the quality of being honest and having strong moral principles, crucial in sports for maintaining fairness and trust"
    },
    {
      "term": "global sports culture",
      "explanation": "the shared practices, values, and discussions surrounding sports on an international scale, shaped by media and events"
    }
  ],
  "questions": [
    {
      "question": "How does the article characterize the differences between this exhibition and the 1973 King-Riggs match?",
      "options": [
        "as contextual and motivational disparities",
        "as identical in purpose and impact",
        "as solely based on player rankings",
        "as irrelevant to gender discussions"
      ],
      "correct_answer": "as contextual and motivational disparities"
    },
    {
      "question": "What is a key factor in the controversy surrounding Nick Kyrgios's participation?",
      "options": [
        "his history of behavioral incidents",
        "his ranking as a former Wimbledon finalist",
        "the match location in Dubai",
        "the podcast's narrative style"
      ],
      "correct_answer": "his history of behavioral incidents"
    },
    {
      "question": "How does the More than the Score podcast contribute to sports journalism?",
      "options": [
        "by offering narrative-driven insights beyond scores",
        "by focusing exclusively on tennis results",
        "by avoiding controversial topics",
        "by limiting interviews to athletes"
      ],
      "correct_answer": "by offering narrative-driven insights beyond scores"
    },
    {
      "question": "What role does Mani Djazmi play in the analysis?",
      "options": [
        "providing expert context on broader implications",
        "interviewing the athletes directly",
        "promoting the match as a battle of the sexes",
        "criticizing the BBC's methodology"
      ],
      "correct_answer": "providing expert context on broader implications"
    },
    {
      "question": "Why might the 'battle of the sexes' framing be considered problematic?",
      "options": [
        "it may oversimplify complex gender issues",
        "it accurately reflects all exhibition matches",
        "it is supported by all experts",
        "it avoids controversy entirely"
      ],
      "correct_answer": "it may oversimplify complex gender issues"
    },
    {
      "question": "What methodology does Jonathan Jurejko employ in gathering information?",
      "options": [
        "journalistic interviews and expert consultation",
        "statistical analysis of match data",
        "anonymous surveys of fans",
        "historical comparison only"
      ],
      "correct_answer": "journalistic interviews and expert consultation"
    },
    {
      "question": "How does the article assess the credibility of the BBC's reporting?",
      "options": [
        "by highlighting journalists' decades of sports coverage experience",
        "by comparing it to other media outlets",
        "by dismissing it as biased",
        "by focusing solely on athlete opinions"
      ],
      "correct_answer": "by highlighting journalists' decades of sports coverage experience"
    },
    {
      "question": "What broader theme does the match touch upon regarding sports culture?",
      "options": [
        "gender equality and public image",
        "technical skills in tennis",
        "podcast production techniques",
        "financial aspects of exhibitions"
      ],
      "correct_answer": "gender equality and public image"
    },
    {
      "question": "How might Kyrgios's past incidents impact the match's integrity?",
      "options": [
        "by raising questions about conduct and sportsmanship",
        "by ensuring fair play automatically",
        "by increasing viewership only",
        "by aligning with historical contexts"
      ],
      "correct_answer": "by raising questions about conduct and sportsmanship"
    },
    {
      "question": "What is a limitation of the article's evidence evaluation?",
      "options": [
        "potential lack of diverse perspectives beyond interviews",
        "overreliance on statistical data",
        "exclusion of athlete motivations",
        "focus on unrelated sports"
      ],
      "correct_answer": "potential lack of diverse perspectives beyond interviews"
    }
  ],
  "background_read": [
    "Exhibition matches in tennis have evolved from mere entertainment to platforms for addressing social issues, exemplified by the 1973 King-Riggs match, which became a landmark in gender equality discussions. Nick Kyrgios's career is marked by exceptional talent but also notable controversies, including fines and suspensions, reflecting broader debates about athlete behavior and sports integrity. The BBC World Service's More than the Score podcast represents an advancement in sports media, leveraging narrative journalism to explore socio-cultural dimensions, such as gender dynamics and public perception, through interviews with figures like Boris Becker and experts. This background underscores the complexity of analyzing modern sports events, where media framing, historical context, and athlete narratives intersect to shape public discourse."
  ],
  "Article_Structure": [
    "Main Points: The article analyzes an exhibition match between Aryna Sabalenka and Nick Kyrgios, framed as a 'battle of the sexes', with emphasis on gender dynamics, controversy from Kyrgios's past, and comparisons to the 1973 King-Riggs match. Purpose: To critically examine the match's societal implications, athlete motivations, and impact on tennis's public image within broader sports journalism. Evidence Evaluation: Utilizes direct athlete interviews and expert analysis from Mani Djazmi, offering credible insights but potentially limited by a narrow range of sources and media bias. Author Credibility: Jonathan Jurejko, as a BBC reporter, brings journalistic rigor, supported by the podcast's team of experienced journalists, enhancing reliability. Methodology: Employs qualitative methods including interviews and contextual analysis, typical for narrative-driven podcast production, though may lack quantitative data. Critical Assessment: Strengths include in-depth exploration of gender issues and use of firsthand accounts; limitations involve possible oversimplification of complex topics and reliance on promotional framing."
  ],
  "perspectives": [
    {
      "perspective": "critical media analysis",
      "description": "The article and podcast may reinforce certain narratives while overlooking alternative viewpoints, such as economic motivations or fan perspectives."
    }
  ],
  "image_url": "/article_images/article_53b6e9b63cbee4c1_e41b95c0e2c3.webp"
}