{
  "title": "Geopolitical Crisis Unfolds: UK's Cobra Response to US-Israeli Strikes and Iranian Retaliation",
  "summary": "In the wake of US and Israeli air strikes on Iran, following the collapse of nuclear limitation negotiations, Prime Minister Sir Keir Starmer chaired a Cobra emergency committee to coordinate the UK's strategic response. The strikes precipitated explosions across Iranian urban centers, including Tehran, and elicited retaliatory missile launches from Iran targeting US facilities in regional nations such as Qatar and Bahrain, with reported interceptions and attacks. The UK abstained from direct military engagement but is intensively managing diplomatic and consular efforts, issuing immediate shelter-in-place directives for British nationals in Gulf states like Bahrain, Qatar, Kuwait, and the UAE, while advocating vigilance in adjacent countries. A government spokesperson emphasized the imperative to prevent Iran's acquisition of nuclear weapons and endorsed negotiated resolutions, articulating a commitment to avert broader regional conflagration. Concurrently, disruptions to aviation infrastructure have emerged, and high-profile commentaries, including from Donald Trump, frame the events as incipient major combat, underscoring the volatile international landscape and the intricate balance of power in the Middle East.",
  "keywords": [
    {
      "term": "strategic response",
      "explanation": "a planned and coordinated action by a government to address a crisis, considering long-term implications and alliances"
    },
    {
      "term": "diplomatic efforts",
      "explanation": "activities aimed at resolving conflicts through negotiation and dialogue rather than military force, as pursued by the UK"
    },
    {
      "term": "consular assistance",
      "explanation": "support provided by a country's officials abroad to protect its citizens, including safety advisories and evacuation help"
    },
    {
      "term": "volatile international landscape",
      "explanation": "a rapidly changing and unstable global situation, often driven by geopolitical tensions and military actions"
    },
    {
      "term": "balance of power",
      "explanation": "the distribution of military and political influence among nations, crucial in regions like the Middle East to prevent dominance by any single actor"
    }
  ],
  "questions": [
    {
      "question": "What catalyzed the UK's Cobra committee meeting according to the summary?",
      "options": [
        "US-Israeli air strikes post-nuclear talk failure",
        "A domestic UK political scandal",
        "Economic sanctions on Iran",
        "A natural disaster in the Middle East"
      ],
      "correct_answer": "US-Israeli air strikes post-nuclear talk failure"
    },
    {
      "question": "How does the summary characterize Iran's reaction to the initial strikes?",
      "options": [
        "As retaliatory missile attacks on US facilities",
        "As a surrender and peace offer",
        "As an expansion of nuclear programs",
        "As a diplomatic outreach to the UK"
      ],
      "correct_answer": "As retaliatory missile attacks on US facilities"
    },
    {
      "question": "What specific action did the UK Foreign Office take for nationals in Gulf states?",
      "options": [
        "Issued shelter-in-place directives",
        "Ordered immediate evacuation flights",
        "Recommended tourism activities",
        "Ignored the situation entirely"
      ],
      "correct_answer": "Issued shelter-in-place directives"
    },
    {
      "question": "What is the UK's stated position on Iran's nuclear ambitions?",
      "options": [
        "Opposition to weapon development and support for negotiations",
        "Encouragement of nuclear testing",
        "Neutrality and non-interference",
        "Active military support for disarmament"
      ],
      "correct_answer": "Opposition to weapon development and support for negotiations"
    },
    {
      "question": "Which broader risk does the UK aim to mitigate in this crisis?",
      "options": [
        "Regional escalation into wider conflict",
        "Increased immigration to the UK",
        "Economic recession globally",
        "Technological advancements in Iran"
      ],
      "correct_answer": "Regional escalation into wider conflict"
    },
    {
      "question": "What evidence of regional impact is highlighted beyond Iran?",
      "options": [
        "Disruptions to air travel and attacks in Qatar/Bahrain",
        "Improved trade relations among Middle Eastern countries",
        "Decreased military presence of the US",
        "Enhanced diplomatic alliances with Europe"
      ],
      "correct_answer": "Disruptions to air travel and attacks in Qatar/Bahrain"
    },
    {
      "question": "How does the summary incorporate external perspectives on the events?",
      "options": [
        "By quoting Donald Trump's description as 'major combat operations'",
        "By citing opinions from UK celebrities",
        "By referencing historical analogies only",
        "By ignoring all non-governmental views"
      ],
      "correct_answer": "By quoting Donald Trump's description as 'major combat operations'"
    },
    {
      "question": "What methodological approach does the summary suggest for information gathering?",
      "options": [
        "Reliance on official statements and news reports",
        "Conducting independent field investigations",
        "Using social media as primary source",
        "Ignoring Iranian sources entirely"
      ],
      "correct_answer": "Reliance on official statements and news reports"
    },
    {
      "question": "What critical assessment can be inferred about the UK's role?",
      "options": [
        "It balances diplomatic caution with citizen protection, avoiding direct conflict",
        "It actively participates in military strikes for regional dominance",
        "It withdraws entirely from international affairs",
        "It supports unilateral actions by the US without question"
      ],
      "correct_answer": "It balances diplomatic caution with citizen protection, avoiding direct conflict"
    },
    {
      "question": "Which element underscores the complexity of the geopolitical situation?",
      "options": [
        "The interplay of nuclear diplomacy, military actions, and regional stability",
        "The focus solely on UK domestic policies",
        "The absence of any international reactions",
        "The simplification of events to a bilateral dispute"
      ],
      "correct_answer": "The interplay of nuclear diplomacy, military actions, and regional stability"
    }
  ],
  "background_read": [
    "This article situates a current crisis within the broader context of Middle Eastern geopolitics and nuclear non-proliferation efforts. Iran's nuclear program has been a focal point of international diplomacy for years, with negotiations often stalling due to trust deficits and strategic interests. The Cobra mechanism reflects the UK's institutional approach to crisis management, emphasizing rapid, coordinated responses across government departments. The involvement of US facilities in countries like Qatar and Bahrain highlights the extended footprint of American military power in the region, which can become flashpoints in conflicts. Understanding these dynamics requires knowledge of historical tensions, such as the Iran-US rivalry, and the role of international organizations in mediating disputes. The UK's position as a non-participant but active manager illustrates the complexities of modern foreign policy, where nations must navigate alliances, humanitarian concerns, and global stability simultaneously."
  ],
  "Article_Structure": [
    "Main Points: Details the sequence of US-Israeli strikes on Iran, Iranian retaliation affecting US allies, and the UK's Cobra-led response focusing on citizen safety and de-escalation. Purpose: To analyze the UK's strategic and diplomatic maneuvers in a volatile international incident, providing insight into crisis management and geopolitical balancing. Evidence Evaluation: Sources include government statements and news reports, offering factual basis but limited primary evidence; potential biases may arise from reliance on official narratives without counter-perspectives. Author Credibility: BBC News maintains editorial standards, yet the article's brevity may overlook deeper investigative angles, leaning towards summary rather than critique. Methodology: Compiles information from public announcements and media coverage, employing a descriptive approach that prioritizes immediacy over in-depth analysis. Critical Assessment: Strengths lie in clear reporting of key events and official positions; limitations include insufficient exploration of underlying causes or long-term implications, potentially oversimplifying a multifaceted conflict."
  ],
  "perspectives": [
    {
      "perspective": "UK Government",
      "description": "Emphasizes protective and diplomatic roles, seeking to stabilize the region without military entanglement."
    },
    {
      "perspective": "Iranian Leadership",
      "description": "Asserts a defensive and retaliatory stance, promising severe responses to perceived aggressions."
    },
    {
      "perspective": "US Political Figures",
      "description": "Frames the conflict in terms of major military operations, influencing public and international perceptions."
    }
  ],
  "image_url": "/article_images/article_d8ea1d6df01ae38f_2ce8f8c2a826.webp"
}