{
  "title": "Analysis of the New Year Honours: Celebrating Civic Engagement and Cultural Impact",
  "summary": "The New Year Honours list for this year, comprising 1,157 recipients, serves as a reflection of societal values by recognizing individuals who have made substantial contributions in fields such as charity, sports, and entertainment. Idris Elba's knighthood is attributed to his philanthropic endeavors through the Elba Hope Foundation, which addresses youth issues like knife crime and provides international grants, highlighting the role of celebrities in social advocacy. In sports, Sarina Wiegman's honorary damehood and the recognition of Lionesses players like Leah Williamson with a CBE underscore the growing prominence of women's football and its cultural impact following their European Championship victory. Figure skaters Jayne Torvill and Christopher Dean's honours further illustrate the celebration of athletic excellence. Within entertainment, Meera Syal's damehood for her work in comedy, literature, and charity, along with OBEs for figures like Warwick Davis and Richard Osman, demonstrates the honours' breadth in acknowledging artistic and literary achievements. The article contextualizes these awards within the British honours system, emphasizing their role in fostering civic engagement and national identity, while also noting the inclusion of activists like Betty Brown for her campaign against wrongful prosecutions.",
  "keywords": [
    {
      "term": "philanthropic endeavors",
      "explanation": "charitable activities aimed at promoting social good and addressing public issues"
    },
    {
      "term": "societal values",
      "explanation": "the principles and beliefs that a society considers important, often reflected in public recognition"
    },
    {
      "term": "cultural impact",
      "explanation": "the influence that individuals or events have on society's arts, traditions, and behaviors"
    },
    {
      "term": "civic engagement",
      "explanation": "participation in activities that improve community well-being and public life"
    },
    {
      "term": "British honours system",
      "explanation": "a formal structure of awards granted by the monarchy to recognize service and achievement"
    },
    {
      "term": "social advocacy",
      "explanation": "efforts to promote social change and support causes through public action"
    },
    {
      "term": "national identity",
      "explanation": "the sense of belonging and shared characteristics that define a country's people"
    },
    {
      "term": "artistic achievements",
      "explanation": "notable accomplishments in creative fields such as drama, literature, and performance"
    }
  ],
  "questions": [
    {
      "question": "What does the number 1,157 represent in the context of the article?",
      "options": [
        "Total recipients in the New Year Honours list",
        "Awards given to football players",
        "Charities supported by Idris Elba",
        "Years the honours have existed"
      ],
      "correct_answer": "Total recipients in the New Year Honours list"
    },
    {
      "question": "How does Idris Elba's knighthood reflect broader societal trends?",
      "options": [
        "It highlights celebrity involvement in social issues",
        "It focuses solely on acting achievements",
        "It ignores youth concerns",
        "It promotes political campaigns"
      ],
      "correct_answer": "It highlights celebrity involvement in social issues"
    },
    {
      "question": "What significance does Sarina Wiegman's damehood hold for women's sports?",
      "options": [
        "It recognizes the rising profile of women's football",
        "It diminishes the importance of male coaches",
        "It is only for entertainment value",
        "It focuses on individual performance over team success"
      ],
      "correct_answer": "It recognizes the rising profile of women's football"
    },
    {
      "question": "Which aspect of Meera Syal's career is emphasized in her damehood?",
      "options": [
        "Her contributions to drama, literature, and charity",
        "Her sports commentary",
        "Her political activism",
        "Her scientific research"
      ],
      "correct_answer": "Her contributions to drama, literature, and charity"
    },
    {
      "question": "What role does the British honours system play according to the article?",
      "options": [
        "It fosters civic engagement and national identity",
        "It is primarily for financial rewards",
        "It excludes international contributions",
        "It focuses only on military service"
      ],
      "correct_answer": "It fosters civic engagement and national identity"
    },
    {
      "question": "How does the article evaluate the evidence provided for the honours?",
      "options": [
        "It relies on official statements without critical analysis",
        "It includes independent investigations",
        "It dismisses recipient quotes as unreliable",
        "It compares honours across different countries"
      ],
      "correct_answer": "It relies on official statements without critical analysis"
    },
    {
      "question": "What methodological approach does the article use in reporting the honours?",
      "options": [
        "Descriptive reporting based on official releases",
        "Experimental research with surveys",
        "Historical analysis of past honours",
        "Statistical modeling of award trends"
      ],
      "correct_answer": "Descriptive reporting based on official releases"
    },
    {
      "question": "Which recipient is mentioned for activism against wrongful prosecutions?",
      "options": [
        "Betty Brown",
        "Idris Elba",
        "Sarina Wiegman",
        "Meera Syal"
      ],
      "correct_answer": "Betty Brown"
    },
    {
      "question": "What critical assessment can be made of the honours' representation?",
      "options": [
        "They may overlook lesser-known contributors",
        "They perfectly balance all sectors",
        "They exclude entertainment entirely",
        "They are based solely on public voting"
      ],
      "correct_answer": "They may overlook lesser-known contributors"
    },
    {
      "question": "How does the article address author credibility?",
      "options": [
        "By citing BBC News as a reputable source",
        "By providing author biographies",
        "By questioning journalistic integrity",
        "By comparing with tabloid reports"
      ],
      "correct_answer": "By citing BBC News as a reputable source"
    }
  ],
  "background_read": [
    "The New Year Honours are an integral component of the British honours system, originating from medieval chivalric orders and evolving to recognize civilian achievements. Administered by the Cabinet Office, the process involves public nominations and committee reviews, with awards ranging from knighthoods to MBEs, reflecting a hierarchy of service. Historically, these honours have been critiqued for potential biases, such as over-representation of certain demographics, but they also serve to promote national unity and civic duty. In contemporary context, they intersect with issues like diversity, social justice, and the role of media in shaping public perception. Understanding this background enables a nuanced analysis of how honours both reflect and influence societal priorities, particularly in areas like charity, sports, and arts."
  ],
  "Article_Structure": [
    "Main Points: The article details key honorees including Idris Elba for philanthropy, Sarina Wiegman for sports leadership, and Meera Syal for cultural contributions, within the framework of the New Year Honours. Purpose: To report on the annual awards while contextualizing their significance in promoting civic engagement and reflecting societal values. Evidence Evaluation: Sources include official honours lists and recipient statements, providing factual basis but lacking critical interrogation of selection criteria. Author Credibility: BBC News maintains journalistic integrity, though the article is descriptive rather than analytical. Methodology: Relies on press releases and public announcements, presented in a news report format. Critical Assessment: Strengths include comprehensive coverage of diverse fields, but limitations involve potential oversight of underrepresented groups and minimal exploration of systemic issues within the honours system."
  ],
  "perspectives": [
    {
      "perspective": "Societal Reflection and Critique",
      "description": "The article can be viewed as both a celebration of achievement and a lens for examining how honours mirror and potentially reinforce social hierarchies and values."
    }
  ],
  "image_url": "/article_images/article_4068d337e96be56e_1afd16441795.webp"
}