{
  "title": "Evaluating Helicopter Emergency Medical Services in Trauma Survival: A Decadal Analysis",
  "summary": "A comprehensive study published in Emergency Medicine Journal investigates the efficacy of Helicopter Emergency Medical Services (HEMS) in enhancing survival outcomes for patients with critical injuries. Conducted in South East England from 2013 to 2022, the research analyzed 3,225 trauma patients treated by a single HEMS team across Kent, Surrey, and Sussex. Utilizing advanced statistical methodologies, including Ws analysis to adjust for injury severity and patient demographics, the study revealed an actual 30-day survival rate of 85% versus an expected 81%, indicating approximately five additional survivors per 100 patients. This equates to potentially 115 extra lives saved annually based on the service's caseload. The analysis further delineated that patients with moderate predicted survival probabilities (25-45%) and those with low probabilities (less than 50%) experienced substantial benefits, with survival rates of 35% and 39%, respectively, defying expectations. Key prognostic factors associated with improved outcomes included younger age, higher Glasgow Coma Scale scores, and the administration of pre-hospital emergency anesthesia—an intervention exclusive to advanced medical teams. The study also examined traumatic cardiac arrest cases, focusing on return of spontaneous circulation as a critical metric. By addressing limitations in prior international research, such as heterogeneous methodologies and insufficient sample sizes, this work provides robust evidence supporting HEMS integration into trauma systems and offers insights into patient stratification for optimized care delivery.",
  "keywords": [
    {
      "term": "HEMS efficacy",
      "explanation": "the effectiveness of Helicopter Emergency Medical Services in improving patient outcomes"
    },
    {
      "term": "Ws analysis",
      "explanation": "a statistical method used to estimate survival probabilities by adjusting for covariates like injury severity"
    },
    {
      "term": "traumatic cardiac arrest",
      "explanation": "a condition where the heart ceases function due to severe physical injury, requiring immediate intervention"
    },
    {
      "term": "return of spontaneous circulation",
      "explanation": "the re-establishment of a perfusing cardiac rhythm after cardiac arrest, a key indicator in resuscitation"
    },
    {
      "term": "pre-hospital emergency anesthesia",
      "explanation": "a medical procedure inducing coma in trauma patients to stabilize them before hospital arrival, performed by specialized teams"
    },
    {
      "term": "Glasgow Coma Scale",
      "explanation": "a neurological scale ranging from 3 to 15 to assess the level of consciousness in brain-injured patients"
    },
    {
      "term": "patient stratification",
      "explanation": "the process of categorizing patients based on factors like injury severity to tailor treatments"
    },
    {
      "term": "retrospective analysis",
      "explanation": "a research design examining historical data to identify trends and outcomes"
    },
    {
      "term": "methodological heterogeneity",
      "explanation": "variations in study designs and measures that can complicate comparisons across research"
    },
    {
      "term": "prognostic factors",
      "explanation": "variables, such as age or clinical scores, that predict future outcomes like survival"
    }
  ],
  "questions": [
    {
      "question": "What statistical method was used to estimate survival probabilities in the study?",
      "options": [
        "Ws analysis",
        "T-test",
        "Regression analysis",
        "Chi-square test"
      ],
      "correct_answer": "Ws analysis"
    },
    {
      "question": "How many years of data were included in the analysis?",
      "options": [
        "10 years",
        "5 years",
        "15 years",
        "20 years"
      ],
      "correct_answer": "10 years"
    },
    {
      "question": "What was the focus in traumatic cardiac arrest cases?",
      "options": [
        "Return of spontaneous circulation",
        "Blood pressure levels",
        "Temperature regulation",
        "Oxygen saturation"
      ],
      "correct_answer": "Return of spontaneous circulation"
    },
    {
      "question": "Which patient group had a 39% survival rate despite low predicted chances?",
      "options": [
        "Those with less than 50% predicted survival",
        "Those with over 50% predicted survival",
        "Those with no injuries",
        "Those with minor injuries"
      ],
      "correct_answer": "Those with less than 50% predicted survival"
    },
    {
      "question": "What intervention is only deliverable by advanced teams like HEMS?",
      "options": [
        "Pre-hospital emergency anesthesia",
        "Basic wound care",
        "Hospital admission",
        "Routine check-ups"
      ],
      "correct_answer": "Pre-hospital emergency anesthesia"
    },
    {
      "question": "What does the Glasgow Coma Scale measure?",
      "options": [
        "Level of consciousness",
        "Heart rate",
        "Blood glucose",
        "Respiratory rate"
      ],
      "correct_answer": "Level of consciousness"
    },
    {
      "question": "What limitation did previous international studies on HEMS face?",
      "options": [
        "Methodological heterogeneity",
        "Large sample sizes",
        "Consistent outcomes",
        "High funding"
      ],
      "correct_answer": "Methodological heterogeneity"
    },
    {
      "question": "How many additional survivors per 100 patients were estimated?",
      "options": [
        "5",
        "10",
        "15",
        "20"
      ],
      "correct_answer": "5"
    },
    {
      "question": "What factor was independently linked to improved survival in severe injuries?",
      "options": [
        "Pre-hospital emergency anesthesia",
        "Age over 60",
        "Low Glasgow Coma Scale",
        "Delayed treatment"
      ],
      "correct_answer": "Pre-hospital emergency anesthesia"
    },
    {
      "question": "What is the potential annual impact of HEMS based on caseload?",
      "options": [
        "Up to 115 extra lives saved",
        "Up to 50 extra lives saved",
        "Up to 200 extra lives saved",
        "Up to 300 extra lives saved"
      ],
      "correct_answer": "Up to 115 extra lives saved"
    }
  ],
  "background_read": [
    "Trauma remains a predominant cause of mortality globally, necessitating innovative emergency response strategies. Helicopter Emergency Medical Services (HEMS) represent a critical component in pre-hospital care, designed to expedite advanced medical interventions to geographically dispersed or inaccessible trauma scenes. Historical evaluations of HEMS have been marred by inconsistencies, including disparate study methodologies, limited sample sizes, and ambiguous outcome definitions, hindering definitive conclusions on their efficacy. This study, embedded in the context of South East England's healthcare system, employs a rigorous retrospective cohort design spanning a decade to mitigate these issues. By integrating statistical adjustments via Ws analysis and examining nuanced factors like traumatic cardiac arrest outcomes, it contributes to the evidence base on HEMS. The findings underscore the importance of specialized interventions, such as pre-hospital anesthesia, and highlight demographic and clinical predictors of survival. This research not only validates HEMS as a life-saving modality but also informs policy decisions and clinical protocols for trauma management, emphasizing the need for standardized metrics in emergency medicine research."
  ],
  "Article_Structure": [
    "Main Points: The study demonstrates that HEMS significantly enhances 30-day survival rates for trauma patients, with an 85% actual vs. 81% expected rate, saving approximately five extra lives per 100 patients. It identifies specific patient subgroups, such as those with moderate to low predicted survival, who benefit disproportionately, and links prognostic factors like younger age and pre-hospital anesthesia to improved outcomes. Purpose: To address methodological gaps in prior HEMS research by providing a robust, decade-long analysis that informs clinical practice and healthcare policy. Evidence Evaluation: The evidence is strong, based on a large, region-specific dataset with statistical controls, though generalizability may be limited by geographic focus. Author Credibility: Authors are likely experts in emergency medicine, as indicated by publication in a peer-reviewed journal. Methodology: Retrospective analysis using Ws statistical modeling to adjust for confounders and examine factors like cardiac arrest. Critical Assessment: Strengths include longitudinal data and advanced statistics, but limitations involve potential regional bias and reliance on observational data, suggesting need for multi-center studies."
  ],
  "perspectives": [
    {
      "perspective": "Academic researchers",
      "description": "They emphasize the study's methodological rigor in advancing evidence-based trauma care and call for broader implementation of HEMS."
    }
  ],
  "image_url": "/article_images/article_81b49e7fe7e6b243_d1667ddcc188.webp"
}