{
  "title": "Air Ambulance Impact on Trauma Survival Rates",
  "summary": "A recent study from South East England demonstrates that Helicopter Emergency Medical Services (HEMS) significantly improve survival rates for patients with life-threatening injuries. Researchers analyzed data from 2013 to 2022, covering 3,225 trauma patients treated by a single HEMS team operating in Kent, Surrey, and Sussex. Using statistical methods to adjust for injury severity and patient characteristics, they found an actual survival rate of 85% compared to an expected 81%, equating to approximately five additional survivors per 100 patients. This could translate to up to 115 extra lives saved annually based on typical caseloads. The study highlighted that patients with moderate predicted survival chances (25-45%) and those with low probabilities (less than 50%) showed notable gains, with 35% and 39% surviving 30 days, respectively. Key factors linked to better outcomes included younger age, higher Glasgow Coma Scale scores (a measure of consciousness), and pre-hospital emergency anesthesia, which induces a coma and is only deliverable by advanced teams like HEMS. The research addresses gaps in previous international studies by providing robust evidence on HEMS effectiveness and identifying which patient groups benefit most.",
  "keywords": [
    {
      "term": "HEMS",
      "explanation": "Helicopter Emergency Medical Services, teams that provide advanced medical care via helicopter"
    },
    {
      "term": "trauma patients",
      "explanation": "individuals with severe physical injuries from events like accidents"
    },
    {
      "term": "survival rate",
      "explanation": "the percentage of patients who live after a specific period, such as 30 days"
    },
    {
      "term": "statistical methods",
      "explanation": "techniques used to analyze data and adjust for variables like injury severity"
    },
    {
      "term": "Glasgow Coma Scale",
      "explanation": "a tool scoring from 3 to 15 to assess consciousness levels after brain injury"
    },
    {
      "term": "pre-hospital emergency anesthesia",
      "explanation": "medicine given before hospital arrival to induce a coma, aiding in severe trauma care"
    },
    {
      "term": "cardiac arrest",
      "explanation": "when the heart stops beating, often due to severe injury"
    },
    {
      "term": "return of spontaneous circulation",
      "explanation": "the restoration of heart function after cardiac arrest"
    }
  ],
  "questions": [
    {
      "question": "What does HEMS stand for in this study?",
      "options": [
        "Helicopter Emergency Medical Services",
        "Hospital Emergency Medical Systems",
        "Helicopter Emergency Monitoring Services",
        "Health Emergency Medical Support"
      ],
      "correct_answer": "Helicopter Emergency Medical Services"
    },
    {
      "question": "How many patients were included in the data analysis?",
      "options": [
        "3,225",
        "2,125",
        "1,000",
        "5,000"
      ],
      "correct_answer": "3,225"
    },
    {
      "question": "What was the actual survival rate compared to the expected rate?",
      "options": [
        "85% vs 81%",
        "81% vs 85%",
        "90% vs 80%",
        "75% vs 70%"
      ],
      "correct_answer": "85% vs 81%"
    },
    {
      "question": "Which patient group showed a 35% survival rate despite low expectations?",
      "options": [
        "Those with moderate predicted survival",
        "Those with high predicted survival",
        "Those with no injuries",
        "Those with minor injuries"
      ],
      "correct_answer": "Those with moderate predicted survival"
    },
    {
      "question": "What tool is used to assess consciousness after brain injury?",
      "options": [
        "Glasgow Coma Scale",
        "Pain Scale",
        "Blood Pressure Monitor",
        "Heart Rate Monitor"
      ],
      "correct_answer": "Glasgow Coma Scale"
    },
    {
      "question": "What medical intervention is only deliverable by advanced teams like HEMS?",
      "options": [
        "Pre-hospital emergency anesthesia",
        "Basic first aid",
        "Hospital surgery",
        "Medication for fever"
      ],
      "correct_answer": "Pre-hospital emergency anesthesia"
    },
    {
      "question": "What factor was linked to better survival in the study?",
      "options": [
        "Younger age",
        "Older age",
        "Gender",
        "Height"
      ],
      "correct_answer": "Younger age"
    },
    {
      "question": "How many extra lives could be saved per year based on the service's caseload?",
      "options": [
        "Up to 115",
        "Up to 50",
        "Up to 200",
        "Up to 300"
      ],
      "correct_answer": "Up to 115"
    }
  ],
  "background_read": [
    "Trauma injuries, such as those from car accidents or falls, are a leading cause of death worldwide, and timely medical intervention is crucial for survival. Helicopter Emergency Medical Services (HEMS) have been developed to provide rapid, advanced care to patients in remote or hard-to-access areas. However, previous international studies on HEMS effectiveness have been inconclusive due to methodological differences and small sample sizes. This study from South East England offers a comprehensive analysis over nearly a decade, using robust statistical methods to evaluate survival outcomes. It highlights the importance of specialized interventions like pre-hospital emergency anesthesia and identifies specific patient demographics, such as younger individuals and those with certain injury severities, who benefit most from HEMS. Understanding these factors can guide emergency response strategies and improve trauma care systems globally."
  ],
  "Article_Structure": [
    "Main Points: The study shows HEMS improves survival rates for trauma patients, with an 85% actual vs. 81% expected survival, saving about 5 extra lives per 100 patients. It identifies patients with moderate to low predicted survival as benefiting most, and links factors like younger age and pre-hospital anesthesia to better outcomes. Purpose: To provide clear evidence on HEMS effectiveness, addressing gaps in previous research and informing emergency care policies. Evidence Evaluation: Based on a large dataset of 3,225 patients over 10 years, using statistical adjustments for reliability, though limited to one region. Author Credibility: Researchers likely have expertise in emergency medicine, given publication in Emergency Medicine Journal. Methodology: Retrospective analysis of patient data with statistical modeling to estimate survival probabilities and examine factors like cardiac arrest outcomes."
  ],
  "perspectives": [
    {
      "perspective": "Researchers",
      "description": "They argue that HEMS significantly enhances trauma survival and provides actionable data for improving emergency services."
    }
  ],
  "image_url": "/article_images/article_81b49e7fe7e6b243_d1667ddcc188.webp"
}