{
  "title": "Mormon Perspectives on Reality TV Portrayal",
  "summary": "This article examines the reactions of Mormons, specifically members of the Church of Jesus Christ of Latter-day Saints (LDS), to the reality TV show The Secret Lives of Mormon Wives. The show, set in Utah, features female influencers dealing with themes like infidelity, divorce, and 'soft-swinging,' which contrast with traditional Christian values. It has gained popularity as a hit on Hulu and Disney+. The BBC interviewed LDS members in the UK, such as Ben and Olivia, who watch the show; Ben notes that while such issues occur, they are less common among Mormons who strive to avoid them. He expresses that the LDS community is mostly supportive and not embarrassed by the portrayal. The article provides background on Mormonism, including its founding by Joseph Smith in 1830, belief in the Book of Mormon as divine scripture, and missionary work. In the UK, there are about 185,000 LDS members, with a significant temple in Preston. Another perspective comes from Traci, who left the faith but returned after a personal experience, highlighting diverse views within the community. Overall, the article explores whether the show offers a fair representation of Mormon life.",
  "keywords": [
    {
      "term": "Latter-day Saints",
      "explanation": "Members of the Church of Jesus Christ of Latter-day Saints, often called Mormons, who follow specific religious beliefs"
    },
    {
      "term": "reality TV show",
      "explanation": "A television program that presents unscripted situations or real-life events, often for entertainment"
    },
    {
      "term": "infidelity",
      "explanation": "The act of being unfaithful in a marriage or relationship, which is a theme in the show"
    },
    {
      "term": "missionary tradition",
      "explanation": "The practice of sending young Mormons worldwide to recruit followers, central to LDS outreach"
    },
    {
      "term": "Book of Mormon",
      "explanation": "A religious text that LDS members consider scripture, alongside the Bible, believed to be translated by Joseph Smith"
    }
  ],
  "questions": [
    {
      "question": "What is the main focus of The Secret Lives of Mormon Wives?",
      "options": [
        "Following female influencers in Utah",
        "Documenting missionary work",
        "Teaching Mormon beliefs",
        "Criticizing the LDS church"
      ],
      "correct_answer": "Following female influencers in Utah"
    },
    {
      "question": "How does Ben describe the occurrence of infidelity among Mormons?",
      "options": [
        "It happens but at a lower percentage",
        "It never happens",
        "It is very common",
        "It is encouraged"
      ],
      "correct_answer": "It happens but at a lower percentage"
    },
    {
      "question": "What year was the Church of Jesus Christ of Latter-day Saints founded?",
      "options": [
        "1830",
        "1850",
        "1900",
        "1800"
      ],
      "correct_answer": "1830"
    },
    {
      "question": "What do LDS members believe about Jesus compared to other Christians?",
      "options": [
        "He is separate from God",
        "He is the same as God",
        "He is not important",
        "He is a prophet only"
      ],
      "correct_answer": "He is separate from God"
    },
    {
      "question": "Where is Europe's largest Mormon temple located?",
      "options": [
        "Preston, UK",
        "Utah, US",
        "Buckinghamshire, UK",
        "Lancashire, US"
      ],
      "correct_answer": "Preston, UK"
    },
    {
      "question": "What was Traci's experience that led her back to the LDS faith?",
      "options": [
        "Feeling the Holy Ghost's presence after missionaries visited",
        "Watching the TV show",
        "Moving to Utah",
        "Reading the Book of Mormon"
      ],
      "correct_answer": "Feeling the Holy Ghost's presence after missionaries visited"
    },
    {
      "question": "How many LDS members are estimated to be in the UK?",
      "options": [
        "185,000",
        "100,000",
        "250,000",
        "50,000"
      ],
      "correct_answer": "185,000"
    },
    {
      "question": "What streaming services air The Secret Lives of Mormon Wives?",
      "options": [
        "Hulu and Disney+",
        "Netflix and Amazon",
        "BBC and CNN",
        "YouTube and TikTok"
      ],
      "correct_answer": "Hulu and Disney+"
    }
  ],
  "background_read": [
    "This article delves into the portrayal of Mormonism in media, specifically through the reality TV show The Secret Lives of Mormon Wives. Mormons, or Latter-day Saints, are a religious group founded in the US with beliefs centered on the Book of Mormon and missionary work. The show highlights personal dramas among women in Utah, raising questions about accuracy and fairness. Interviews with UK Mormons reveal mixed but generally accepting views, emphasizing that they see themselves as ordinary people. Understanding Mormon history and practices, such as the role of missionaries and temples, provides context for evaluating the show's impact and the community's response."
  ],
  "Article_Structure": [
    "Main Points: The article discusses Mormon reactions to a reality TV show, highlighting that some members enjoy it and do not feel embarrassed, while providing background on LDS beliefs and history. Purpose: To explore whether the show fairly represents Mormon life and to present diverse perspectives from UK Mormons. Evidence Evaluation: Relies on direct quotes from interviewees like Ben and Traci, offering personal insights, but lacks statistical data or broad surveys, making it anecdotal. Author Credibility: BBC News is a reputable source, but the article focuses on entertainment and may not delve deeply into theological analysis. Methodology: Uses interviews with a few LDS members in the UK, combined with factual background on Mormonism, to create a narrative about media portrayal."
  ],
  "perspectives": [
    {
      "perspective": "Supportive Mormon",
      "description": "Some Mormons, like Ben, support the show and view it as not embarrassing, seeing it as a reflection of normal human experiences within their faith."
    },
    {
      "perspective": "Returning believer",
      "description": "Individuals like Traci, who left and later returned to the LDS faith, show how personal crises can reinforce religious beliefs, adding depth to the community's diversity."
    }
  ],
  "image_url": "/article_images/article_55ff75bf65f62716_fe72094d7cc7.webp"
}