{
  "title": "Strategic Implications of Ariane 6's Maiden Heavy Launch for Amazon's Satellite Deployment",
  "summary": "The inaugural flight of the Ariane 64, Europe's most powerful rocket configuration, successfully deployed 32 Amazon Leo satellites into low-Earth orbit, marking a critical achievement for European space autonomy and commercial launch services. Launching from the Guiana Space Center, the rocket utilized four solid rocket boosters to generate 15,400 kN of thrust, delivering a 20-metric-ton payload near its maximum capacity. This mission is part of Amazon's broader strategy to deploy over 3,200 satellites for its broadband constellation, with bookings across multiple launch providers including SpaceX, United Launch Alliance (ULA), and Arianespace. However, Amazon confronts a near-term launch capacity shortage, exacerbated by delays and anomalies in new rockets like ULA's Vulcan, which experienced a booster malfunction, and Blue Origin's New Glenn. The company has invested over $2 billion in ULA's Vulcan infrastructure but faces regulatory pressure from the FCC to deploy half its constellation by July, prompting requests for deadline extensions. The Ariane 6's rapid cadence of six flights contrasts with slower ramp-ups for Vulcan and New Glenn, highlighting competitive dynamics in the global launch market.",
  "keywords": [
    {
      "term": "commercial launch services",
      "explanation": "companies providing rocket launches for paying customers, often for satellite deployment"
    },
    {
      "term": "low-Earth orbit constellation",
      "explanation": "a network of satellites in orbits below 2,000 km for services like broadband"
    },
    {
      "term": "launch cadence",
      "explanation": "the rate at which rockets are launched, affecting capacity and reliability"
    },
    {
      "term": "regulatory pressure",
      "explanation": "influence from government agencies enforcing rules on satellite deployment"
    },
    {
      "term": "infrastructure investment",
      "explanation": "funding directed towards improving manufacturing and launch facilities"
    }
  ],
  "questions": [
    {
      "question": "What was the total payload mass launched by the Ariane 64?",
      "options": [
        "10 metric tons",
        "15 metric tons",
        "20 metric tons",
        "25 metric tons"
      ],
      "correct_answer": "20 metric tons"
    },
    {
      "question": "Which organization funded the development of the Ariane 6 rocket?",
      "options": [
        "NASA",
        "European Space Agency",
        "Arianespace",
        "Amazon"
      ],
      "correct_answer": "European Space Agency"
    },
    {
      "question": "How many Vulcan launches per year does Amazon aim to support with its investment?",
      "options": [
        "10",
        "15",
        "20",
        "25"
      ],
      "correct_answer": "25"
    },
    {
      "question": "What regulatory body is involved in Amazon's deadline extension request?",
      "options": [
        "FAA",
        "FCC",
        "ESA",
        "ITU"
      ],
      "correct_answer": "FCC"
    },
    {
      "question": "What anomaly affected ULA's Vulcan rocket recently?",
      "options": [
        "upper stage failure",
        "solid rocket booster malfunction",
        "guidance system error",
        "fuel contamination"
      ],
      "correct_answer": "solid rocket booster malfunction"
    },
    {
      "question": "How many satellites has Amazon launched in total across all providers as of this article?",
      "options": [
        "100",
        "214",
        "300",
        "500"
      ],
      "correct_answer": "214"
    },
    {
      "question": "What is the altitude of the orbit where Amazon's satellites were deployed?",
      "options": [
        "200 miles",
        "289 miles",
        "350 miles",
        "400 miles"
      ],
      "correct_answer": "289 miles"
    },
    {
      "question": "Which rocket variant of Ariane 6 was used in this launch?",
      "options": [
        "Ariane 62",
        "Ariane 64",
        "Ariane 6 Heavy",
        "Ariane 6 Plus"
      ],
      "correct_answer": "Ariane 64"
    },
    {
      "question": "What is the purpose of Amazon's Leo constellation?",
      "options": [
        "Earth observation",
        "scientific research",
        "broadband internet",
        "military surveillance"
      ],
      "correct_answer": "broadband internet"
    },
    {
      "question": "How many flights has the Ariane 6 completed after this mission?",
      "options": [
        "4",
        "5",
        "6",
        "7"
      ],
      "correct_answer": "6"
    }
  ],
  "background_read": [
    "The commercial space sector is rapidly evolving, with companies like Amazon investing in satellite constellations for global broadband coverage, competing with projects like Starlink. Launch providers such as Arianespace, ULA, and SpaceX develop heavy-lift rockets (e.g., Ariane 6, Vulcan, Falcon 9) to meet demand, but face technical hurdles and market pressures. Regulatory frameworks, overseen by bodies like the FCC, impose deployment deadlines to ensure efficient spectrum use and space sustainability. Launch capacity shortages arise from rocket delays, anomalies, and production limits, impacting companies' strategic timelines. Investments in launch infrastructure, as seen with Amazon's funding of ULA, aim to stabilize supply chains but depend on technological reliability and competitive dynamics in a globalized industry."
  ],
  "Article_Structure": [
    "Main Points: The Ariane 64's successful debut enhances Europe's launch capabilities and supports Amazon's constellation deployment, amid broader challenges in launch capacity and regulatory compliance. Purpose: To analyze a significant space launch event within the context of commercial satellite deployment strategies and industry competition. Evidence Evaluation: Uses specific metrics (thrust, payload mass) and official quotes, but lacks primary source verification or independent data on anomalies. Author Credibility: Ars Technica provides detailed reporting, though the article is unsigned, potentially limiting accountability. Methodology: Combines event reporting with background on launch contracts and regulatory filings, drawing from company statements and public records. Critical Assessment: Strengths include comprehensive coverage of technical and strategic aspects; limitations involve reliance on corporate sources without critical analysis of potential biases or broader market implications."
  ],
  "perspectives": [
    {
      "perspective": "Global launch market competition",
      "description": "The Ariane 6's success positions Europe against U.S. providers, influencing Amazon's multi-vendor strategy."
    }
  ],
  "image_url": "/article_images/article_ad0a3ca81c6fd25c_ed314680b13d.webp"
}