{
  "title": "Rachel Duffy Wins a Game and Shares Sad News About Her Mom",
  "summary": "Rachel Duffy won a TV show called The Traitors and became the first woman to win it. She is from Northern Ireland. After winning, she shared that her mom passed away, which made her very sad. On the show, Rachel talked about her mom, who had Parkinson's Disease and dementia. She wanted to use the prize money to take her mom on a fun holiday and make happy memories with her family. Rachel's sister said this showed how kind Rachel is. The article tells us about Rachel's win and her feelings for her mom.",
  "keywords": [
    {
      "term": "Traitors",
      "explanation": "a TV game show where people play as traitors or faithfuls"
    },
    {
      "term": "winner",
      "explanation": "the person who wins a competition"
    },
    {
      "term": "mom",
      "explanation": "a mother, a parent"
    },
    {
      "term": "prize money",
      "explanation": "money you get for winning something"
    },
    {
      "term": "memories",
      "explanation": "happy times you remember with family or friends"
    },
    {
      "term": "Northern Ireland",
      "explanation": "a place in the United Kingdom"
    }
  ],
  "questions": [
    {
      "question": "What show did Rachel Duffy win?",
      "options": [
        "The Traitors",
        "The Great British Bake Off",
        "Strictly Come Dancing",
        "Doctor Who"
      ],
      "correct_answer": "The Traitors"
    },
    {
      "question": "How did Rachel feel when her mom passed away?",
      "options": [
        "Heartbroken",
        "Happy",
        "Angry",
        "Excited"
      ],
      "correct_answer": "Heartbroken"
    },
    {
      "question": "Where is Rachel Duffy from?",
      "options": [
        "Northern Ireland",
        "Scotland",
        "England",
        "Wales"
      ],
      "correct_answer": "Northern Ireland"
    },
    {
      "question": "What did Rachel want to do with the prize money?",
      "options": [
        "Take her mom on holiday",
        "Buy a new car",
        "Donate to charity",
        "Go on a solo trip"
      ],
      "correct_answer": "Take her mom on holiday"
    },
    {
      "question": "What health problems did Rachel's mom have?",
      "options": [
        "Parkinson's Disease and dementia",
        "A cold",
        "Broken leg",
        "Allergies"
      ],
      "correct_answer": "Parkinson's Disease and dementia"
    },
    {
      "question": "Who said Rachel's plan showed her true character?",
      "options": [
        "Her sister Joanne",
        "Her friend",
        "The TV host",
        "A neighbor"
      ],
      "correct_answer": "Her sister Joanne"
    }
  ],
  "background_read": [
    "This article is about Rachel Duffy, who won a TV competition called The Traitors. It talks about her personal life, especially her mom who was sick. Rachel wanted to use her prize money to make happy memories with her mom, but sadly her mom passed away. The story shows how winning a game can be mixed with sad news, and it highlights family love and kindness."
  ],
  "Article_Structure": [
    "WHO: Rachel Duffy, the winner of The Traitors show",
    "WHAT: She shared that her mom passed away and wanted to use prize money for family memories",
    "WHERE: Northern Ireland, where Rachel is from",
    "WHY: To tell about her win and her emotional story with her mom"
  ],
  "perspectives": [
    {
      "perspective": "Personal Loss",
      "description": "Rachel's sadness over her mom's death shows how personal events affect people even after a big win."
    }
  ],
  "image_url": "/article_images/article_59917c5b62cfec6d_3bf5ff89d5f6.webp"
}