{
  "title": "Analyzing Senator Kaine's Strategic Vote to Resolve the Government Shutdown",
  "summary": "The recent government shutdown exposed deep fissures within the Senate Democrats, with Senator Tim Kaine of Virginia emerging as a pivotal figure among the eight who voted to terminate the impasse. In an interview with Geoff Bennett on PBS NewsHour, Kaine articulated his decision by emphasizing the necessity to 'change the equation,' suggesting a strategic shift to overcome legislative gridlock. This vote not only underscores intra-party divisions but also reflects broader political tactics employed during budgetary crises. Kaine's justification centered on the adverse effects of the shutdown on federal operations and public welfare, advocating for a pragmatic resolution. The article provides insight into the complexities of congressional dynamics, where individual votes can influence party cohesion and policy outcomes, highlighting the interplay between principle and practicality in governance.",
  "keywords": [
    {
      "term": "government shutdown",
      "explanation": "a temporary cessation of federal government operations due to appropriation lapses, impacting services and economic stability"
    },
    {
      "term": "Senate Democrats",
      "explanation": "the faction of the Democratic Party within the U.S. Senate, involved in legislative processes and partisan strategies"
    },
    {
      "term": "stalemate",
      "explanation": "a deadlock in political negotiations, often resulting from ideological differences and procedural hurdles"
    },
    {
      "term": "strategic shift",
      "explanation": "a calculated change in approach to achieve political objectives, such as breaking gridlock"
    },
    {
      "term": "intra-party divisions",
      "explanation": "internal conflicts within a political party, affecting unity and decision-making"
    },
    {
      "term": "legislative gridlock",
      "explanation": "a situation where lawmaking is hindered by disagreements, common in bicameral systems"
    },
    {
      "term": "pragmatic resolution",
      "explanation": "a practical solution to a problem, often compromising ideals for feasibility"
    },
    {
      "term": "congressional dynamics",
      "explanation": "the interactions and processes within Congress that shape legislation and political outcomes"
    },
    {
      "term": "policy outcomes",
      "explanation": "the results of governmental decisions, influencing society and economy"
    },
    {
      "term": "appropriation lapses",
      "explanation": "failures to approve government funding, leading to operational halts"
    },
    {
      "term": "partisan strategies",
      "explanation": "tactics used by political parties to advance their agendas, often involving alliances and oppositions"
    },
    {
      "term": "public welfare",
      "explanation": "the well-being of citizens, often a focus in political debates over government actions"
    }
  ],
  "questions": [
    {
      "question": "What was Senator Kaine's primary reason for voting to end the shutdown?",
      "options": [
        "To change the political equation",
        "To gain personal popularity",
        "To oppose his party",
        "To avoid media scrutiny"
      ],
      "correct_answer": "To change the political equation"
    },
    {
      "question": "How did the vote reflect intra-party dynamics?",
      "options": [
        "It revealed divisions among Democrats",
        "It showed unanimous support",
        "It had no effect on party unity",
        "It strengthened Republican positions"
      ],
      "correct_answer": "It revealed divisions among Democrats"
    },
    {
      "question": "What is the significance of 'changing the equation' in this context?",
      "options": [
        "Altering strategic approaches to resolve deadlock",
        "Introducing new mathematical formulas",
        "Ignoring the shutdown",
        "Supporting the status quo"
      ],
      "correct_answer": "Altering strategic approaches to resolve deadlock"
    },
    {
      "question": "Who interviewed Senator Kaine for this report?",
      "options": [
        "Geoff Bennett",
        "A political analyst",
        "The Senate Majority Leader",
        "A random citizen"
      ],
      "correct_answer": "Geoff Bennett"
    },
    {
      "question": "What broader issue does the government shutdown represent?",
      "options": [
        "Political gridlock in budgeting",
        "Economic prosperity",
        "Technological innovation",
        "Social harmony"
      ],
      "correct_answer": "Political gridlock in budgeting"
    },
    {
      "question": "How might Kaine's vote impact future legislative processes?",
      "options": [
        "Influence party strategies and negotiations",
        "Have no lasting effect",
        "Lead to more shutdowns",
        "Weaken democratic institutions"
      ],
      "correct_answer": "Influence party strategies and negotiations"
    },
    {
      "question": "What evidence does the article primarily rely on?",
      "options": [
        "An interview with Kaine",
        "Statistical data",
        "Historical comparisons",
        "Public opinion polls"
      ],
      "correct_answer": "An interview with Kaine"
    },
    {
      "question": "Why could the methodology of this article be critiqued?",
      "options": [
        "It uses a single source, limiting perspective",
        "It includes extensive data analysis",
        "It avoids any interviews",
        "It is based on fictional events"
      ],
      "correct_answer": "It uses a single source, limiting perspective"
    },
    {
      "question": "What is a key strength of the article's reporting?",
      "options": [
        "Direct insight from a senator",
        "Comprehensive data sets",
        "Multilingual coverage",
        "Entertainment value"
      ],
      "correct_answer": "Direct insight from a senator"
    },
    {
      "question": "How does the article address author credibility?",
      "options": [
        "By associating with PBS NewsHour's reputation",
        "By citing multiple experts",
        "By including author biographies",
        "By using anonymous sources"
      ],
      "correct_answer": "By associating with PBS NewsHour's reputation"
    },
    {
      "question": "What critical assessment can be made of Kaine's rationale?",
      "options": [
        "It may overlook long-term political consequences",
        "It is entirely unbiased",
        "It is based on false information",
        "It has been proven ineffective"
      ],
      "correct_answer": "It may overlook long-term political consequences"
    },
    {
      "question": "In what way does the shutdown affect public welfare?",
      "options": [
        "By disrupting essential services",
        "By improving government efficiency",
        "By increasing public trust",
        "By reducing political engagement"
      ],
      "correct_answer": "By disrupting essential services"
    }
  ],
  "background_read": [
    "Government shutdowns in the U.S. stem from failures in the congressional appropriations process, where funding bills must be passed to sustain operations. These events highlight partisan divides and can have widespread economic and social impacts, such as furloughs and service interruptions. The Senate's role involves debating and voting on such measures, with individual senators like Kaine wielding influence based on party allegiances and strategic considerations. Historical contexts, like past shutdowns under different administrations, show varying resolutions and political fallout. Understanding these elements is crucial for analyzing contemporary governance challenges and the interplay between ideology and pragmatism in lawmaking."
  ],
  "Article_Structure": [
    "This article delves into Senator Kaine's vote to end the government shutdown, outlining main points such as intra-party divisions and the strategic rationale behind his decision. The purpose is to elucidate political maneuvering during crises, providing a case study in legislative behavior. Evidence evaluation notes the reliance on a firsthand interview, which offers authenticity but lacks corroborating sources, potentially introducing bias. Author credibility is supported by PBS NewsHour's journalistic standards, though the piece does not detail the author's expertise. Methodology involves qualitative interviewing, capturing subjective perspectives, but critical assessment reveals limitations in breadth and potential for one-sided narrative, underscoring the need for multi-source analysis in comprehensive political reporting."
  ],
  "perspectives": [
    {
      "perspective": "Kaine's pragmatic perspective",
      "description": "He views the vote as a necessary tactical move to break deadlock and minimize public harm, prioritizing resolution over ideological purity."
    },
    {
      "perspective": "Critical Democratic perspective",
      "description": "Opponents might argue that ending the shutdown prematurely weakens bargaining power and compromises long-term policy goals."
    }
  ],
  "image_url": "/article_images/article_5ef5525a38ececd6_9e6e82f4dbe3.webp"
}