{
  "title": "Legal and Social Implications of Trans Inclusion in NHS Workplaces",
  "summary": "The article examines a pivotal employment tribunal case involving Darlington Memorial Hospital, where eight nurses alleged indirect discrimination after the NHS Trust permitted Rose Henderson, a trans woman, to use the female staff changing room. The nurses reported significant distress, including one citing trauma flashbacks, and argued that management prioritized Rose's perceived rights over their dignity. The tribunal concluded that the Trust's failure to provide a dignified alternative created a hostile, humiliating environment, constituting indirect discrimination under UK equality law, though it absolved Rose of personal misconduct. This case underscores the NHS's role as the UK's largest employer, making it a critical battleground for trans rights debates, where inclusive policies clash with employee comfort and safety concerns. It raises complex questions about legal frameworks, such as the Equality Act 2010, which protects both gender reassignment and sex-based rights, often leading to contentious interpretations. The article highlights broader societal tensions, as workplaces nationwide grapple with implementing trans-inclusive practices while addressing potential conflicts among staff, emphasizing the need for nuanced, evidence-based approaches to policy-making and conflict resolution in diverse professional settings.",
  "keywords": [
    {
      "term": "indirect discrimination",
      "explanation": "a legal concept where a provision, criterion, or practice puts persons with a protected characteristic at a particular disadvantage, as defined under the Equality Act 2010"
    },
    {
      "term": "Equality Act 2010",
      "explanation": "UK legislation that consolidates anti-discrimination laws, protecting characteristics such as gender reassignment and sex, often central to trans rights cases"
    },
    {
      "term": "gender reassignment",
      "explanation": "a protected characteristic under UK law, referring to the process of transitioning to live in a different gender, relevant to trans inclusion debates"
    },
    {
      "term": "hostile work environment",
      "explanation": "a legal term describing a workplace where harassment or discrimination creates an intimidating, offensive, or abusive atmosphere for employees"
    },
    {
      "term": "nuanced policy-making",
      "explanation": "the development of detailed and sensitive policies that consider multiple perspectives and evidence to address complex social issues"
    },
    {
      "term": "societal tensions",
      "explanation": "broader conflicts within society, such as those between trans rights advocates and groups concerned with sex-based protections, reflected in workplace disputes"
    }
  ],
  "questions": [
    {
      "question": "What legal outcome did the employment tribunal reach regarding the NHS Trust?",
      "options": [
        "Direct discrimination against Rose",
        "Indirect discrimination against the nurses",
        "No violation of law",
        "Victimization of the nurses"
      ],
      "correct_answer": "Indirect discrimination against the nurses"
    },
    {
      "question": "Which UK legislation is most relevant to this case?",
      "options": [
        "Human Rights Act 1998",
        "Equality Act 2010",
        "Data Protection Act 2018",
        "Health and Safety at Work Act 1974"
      ],
      "correct_answer": "Equality Act 2010"
    },
    {
      "question": "What did the tribunal find about Rose's personal conduct?",
      "options": [
        "It was improper and discriminatory",
        "It was not improper",
        "It was criminal",
        "It was exemplary"
      ],
      "correct_answer": "It was not improper"
    },
    {
      "question": "How does the article position the NHS in the trans debate?",
      "options": [
        "As a minor case study",
        "As the UK's largest employer and a key battleground",
        "As an organization avoiding controversy",
        "As a supporter of only one side"
      ],
      "correct_answer": "As the UK's largest employer and a key battleground"
    },
    {
      "question": "What broader implication does the case have for workplace policies?",
      "options": [
        "It suggests ignoring employee complaints",
        "It highlights the need for nuanced, inclusive approaches",
        "It advocates for eliminating trans rights",
        "It promotes strict segregation"
      ],
      "correct_answer": "It highlights the need for nuanced, inclusive approaches"
    },
    {
      "question": "What was a key factor in the tribunal's ruling of indirect discrimination?",
      "options": [
        "Rose's behavior",
        "The Trust's failure to provide alternatives",
        "The nurses' bigotry",
        "External political pressure"
      ],
      "correct_answer": "The Trust's failure to provide alternatives"
    },
    {
      "question": "How does the article address evidence from the nurses?",
      "options": [
        "It dismisses it as irrelevant",
        "It uses it to support the discrimination claim",
        "It ignores it completely",
        "It contradicts it with other sources"
      ],
      "correct_answer": "It uses it to support the discrimination claim"
    },
    {
      "question": "What societal tension is reflected in this workplace dispute?",
      "options": [
        "Economic inequality",
        "Trans rights versus sex-based protections",
        "Technological advancement",
        "Environmental concerns"
      ],
      "correct_answer": "Trans rights versus sex-based protections"
    },
    {
      "question": "What methodological approach does the article primarily use?",
      "options": [
        "Statistical analysis",
        "Legal reporting and case study",
        "Experimental research",
        "Historical comparison"
      ],
      "correct_answer": "Legal reporting and case study"
    },
    {
      "question": "What critical assessment can be made of the article's coverage?",
      "options": [
        "It provides a balanced view with multiple sources",
        "It lacks direct input from the trans woman, limiting perspective",
        "It is overly biased against the NHS",
        "It includes extensive independent data"
      ],
      "correct_answer": "It lacks direct input from the trans woman, limiting perspective"
    }
  ],
  "background_read": [
    "This article analyzes a high-profile employment tribunal case in the UK, set against the backdrop of the NHS as the nation's largest employer and a focal point for debates on trans inclusion. The NHS, or National Health Service, is a publicly funded healthcare system employing over 1.5 million people, making its policies influential across sectors. Trans rights, protected under the Equality Act 2010, involve legal and social recognition for transgender individuals, but conflicts arise when these rights intersect with others' rights, such as sex-based protections for women. Employment tribunals are specialized courts handling workplace disputes, and their rulings can set legal precedents affecting organizational practices. Understanding this context requires knowledge of UK law, social policy, and the ongoing societal discourse on gender identity, which high school students can explore to critically assess how legal frameworks mediate complex human rights issues in real-world settings."
  ],
  "Article_Structure": [
    "Main Points: The article details a tribunal ruling that an NHS Trust indirectly discriminated against nurses by allowing a trans woman to use a female changing room without alternatives, highlighting legal and social conflicts in trans inclusion. Purpose: To explore how large employers like the NHS navigate trans rights debates, serving as a microcosm for broader societal tensions and informing policy discussions. Evidence Evaluation: Relies on tribunal documents and nurse testimonies, which are credible but lack the trans woman's direct input, potentially skewing perspective; BBC reporting adds journalistic credibility but limited depth. Author Credibility: BBC News is a reputable source with editorial standards, though the article maintains neutrality without extensive critical analysis or expert commentary. Methodology: Uses case study reporting based on legal proceedings, typical for news journalism, but lacks empirical research or comparative data, limiting generalizability. Critical Assessment: Strengths include clear legal narrative and relevance to current debates; limitations involve one-sided sourcing and insufficient exploration of trans perspectives or long-term implications for workplace diversity."
  ],
  "perspectives": [
    {
      "perspective": "Legal perspective",
      "description": "Focuses on interpretation of the Equality Act 2010, balancing protections for gender reassignment and sex, as seen in tribunal rulings on indirect discrimination."
    },
    {
      "perspective": "Social justice perspective",
      "description": "Emphasizes trans rights and inclusion, arguing that denying access to gendered spaces perpetuates discrimination and harms transgender individuals."
    },
    {
      "perspective": "Employee welfare perspective",
      "description": "Highlights the need for safe and dignified workplaces, where staff concerns about privacy and trauma are validated and addressed through thoughtful policies."
    },
    {
      "perspective": "Organizational management perspective",
      "description": "Examines challenges in implementing inclusive policies amid conflicting stakeholder interests, requiring evidence-based strategies and conflict resolution mechanisms."
    }
  ],
  "image_url": "/article_images/article_259c245c07a9a8ca_f55f33e8f822.webp"
}