{
  "title": "James Webb Space Telescope Reveals Complex Organic Chemistry in an Ultra-Luminous Infrared Galactic Nucleus",
  "summary": "A collaborative investigation led by the Center for Astrobiology, utilizing modeling tools from the University of Oxford and data from the James Webb Space Telescope, has uncovered an extraordinary concentration of small organic molecules within the obscured core of the ultra-luminous infrared galaxy IRAS 07251-0248. Published in Nature Astronomy, the research employed JWST's NIRSpec and MIRI instruments to obtain spectroscopic data across 3-28 microns, revealing a diverse array of compounds including benzene, methane, acetylene, and the first extragalactic detection of the methyl radical. The abundances of these molecules surpass current theoretical models, indicating a continuous carbon source in galactic nuclei. Analysis integrating polycyclic aromatic hydrocarbon models suggests that cosmic rays, rather than thermal processes alone, are instrumental in fragmenting larger carbon structures to produce these molecules, with a correlation observed between hydrocarbon levels and cosmic-ray ionization. This positions deeply buried galactic nuclei as significant chemical factories influencing galactic evolution. The findings underscore JWST's transformative potential in probing extreme astrophysical environments and contribute to understanding prebiotic chemical pathways that may lead to amino acid and nucleotide formation.",
  "keywords": [
    {
      "term": "spectroscopic analysis",
      "explanation": "a technique measuring light absorption/emission at specific wavelengths to identify molecular compositions and physical conditions"
    },
    {
      "term": "cosmic-ray driven chemistry",
      "explanation": "chemical reactions initiated by high-energy cosmic rays ionizing matter, leading to molecule formation or destruction in space"
    },
    {
      "term": "chemical evolution of galaxies",
      "explanation": "the process by which galaxies' chemical compositions change over time due to stellar processes and environmental factors"
    },
    {
      "term": "prebiotic chemical networks",
      "explanation": "interconnected reactions involving organic molecules that could precede the emergence of biological systems"
    },
    {
      "term": "infrared astronomy",
      "explanation": "the study of astronomical objects using infrared radiation, which penetrates dust clouds to reveal hidden structures"
    }
  ],
  "questions": [
    {
      "question": "What was the primary methodology used to analyze the galactic core in this study?",
      "options": [
        "Radio telescope imaging",
        "Spectroscopic data from JWST",
        "Gravitational wave detection",
        "Optical photography"
      ],
      "correct_answer": "Spectroscopic data from JWST"
    },
    {
      "question": "Which molecule was detected for the first time beyond the Milky Way in this research?",
      "options": [
        "Benzene",
        "Methyl radical",
        "Acetylene",
        "Methane"
      ],
      "correct_answer": "Methyl radical"
    },
    {
      "question": "How do the observed organic molecule abundances compare to theoretical predictions?",
      "options": [
        "They are lower",
        "They match exactly",
        "They are far higher",
        "They are unpredictable"
      ],
      "correct_answer": "They are far higher"
    },
    {
      "question": "What role do cosmic rays play according to the study's conclusions?",
      "options": [
        "They heat the gas",
        "They break apart PAHs to release smaller molecules",
        "They create black holes",
        "They emit infrared light"
      ],
      "correct_answer": "They break apart PAHs to release smaller molecules"
    },
    {
      "question": "What is the significance of the correlation between hydrocarbons and cosmic-ray ionization?",
      "options": [
        "It disproves the cosmic-ray hypothesis",
        "It strengthens the idea that cosmic rays drive molecule formation",
        "It indicates a measurement error",
        "It shows no relationship"
      ],
      "correct_answer": "It strengthens the idea that cosmic rays drive molecule formation"
    },
    {
      "question": "How does this research contribute to the field of prebiotic chemistry?",
      "options": [
        "By proving life exists in galaxies",
        "By identifying small organic molecules as potential precursors to amino acids",
        "By focusing only on stellar formation",
        "By dismissing chemical evolution"
      ],
      "correct_answer": "By identifying small organic molecules as potential precursors to amino acids"
    },
    {
      "question": "What technological advantage does JWST provide in studying galaxies like IRAS 07251-0248?",
      "options": [
        "Higher resolution in visible light",
        "Ability to penetrate dust with infrared spectroscopy",
        "Detection of gravitational waves",
        "Direct imaging of black holes"
      ],
      "correct_answer": "Ability to penetrate dust with infrared spectroscopy"
    },
    {
      "question": "What broader implication does the study suggest for galactic nuclei?",
      "options": [
        "They are chemically inert",
        "They function as large-scale chemical factories",
        "They are solely dominated by black holes",
        "They are easily observable with all telescopes"
      ],
      "correct_answer": "They function as large-scale chemical factories"
    },
    {
      "question": "Which institutions were involved in this collaborative research?",
      "options": [
        "NASA only",
        "CAB, University of Oxford, and others",
        "European Space Agency alone",
        "Private companies only"
      ],
      "correct_answer": "CAB, University of Oxford, and others"
    },
    {
      "question": "What does the study highlight about current theoretical models of galaxy chemistry?",
      "options": [
        "They are perfectly accurate",
        "They need revision to account for higher organic abundances",
        "They only apply to the Milky Way",
        "They ignore cosmic rays entirely"
      ],
      "correct_answer": "They need revision to account for higher organic abundances"
    }
  ],
  "background_read": [
    "Astrophysical chemistry explores molecular processes in space, often in extreme conditions like those near supermassive black holes or in dusty galactic cores. The James Webb Space Telescope represents a leap in infrared astronomy, with instruments like NIRSpec and MIRI enabling detailed spectroscopy to analyze chemical fingerprints. Organic molecules, such as those detected here, are key to understanding prebiotic chemistry—the chemical pathways that could lead to life's building blocks. Cosmic rays, originating from astrophysical accelerators, can ionize interstellar medium, driving non-thermal chemistry that challenges traditional models. This study integrates observational data with theoretical frameworks on polycyclic aromatic hydrocarbons, contributing to debates on galaxy chemical evolution and the origins of complex molecules in the universe."
  ],
  "Article_Structure": [
    "Main Points: JWST data revealed high abundances of small organic molecules in a dusty galactic core, exceeding models and implicating cosmic rays in their formation via PAH fragmentation. Purpose: To investigate chemical behavior in extreme galactic environments and assess JWST's capabilities in uncovering hidden astrophysical processes. Evidence Evaluation: Robust spectroscopic evidence from JWST, combined with theoretical PAH models, supports cosmic-ray involvement, though further observations are needed for confirmation. Author Credibility: Experts from CAB and Oxford with strong backgrounds in astrobiology and spectroscopy, though potential biases in model assumptions exist. Methodology: Spectroscopic analysis across infrared wavelengths, integrated with computational models to infer chemical drivers. Critical Assessment: Strengths include novel data and interdisciplinary approach; limitations involve reliance on models and need for broader galaxy samples to generalize findings."
  ],
  "perspectives": [
    {
      "perspective": "Interdisciplinary Research",
      "description": "Combines observational astronomy, theoretical chemistry, and astrophysical modeling to advance understanding of space chemistry."
    }
  ],
  "image_url": "/article_images/article_1079827a5e3ee6da_de9a9c18d336.webp"
}