{
  "title": "Strategic Developments in the Contemporary Space Launch Sector",
  "summary": "This article from Ars Science delves into pivotal updates within the space launch industry, commencing with the cessation of a government shutdown that enabled the FAA to revoke daytime launch constraints, facilitating increased operational flexibility. Blue Origin maintains its prominence with the New Glenn rocket, achieving a successful launch and landing, and disclosing an engineering roadmap to augment thrust through additional engines, signaling competitive advancements. Concurrently, SpaceX is advancing toward the maiden flight of its Starship vehicle, underscoring the rapid evolution of reusable rocket technology. A significant contractual development involves Katalyst Space Technologies, which secured a $30 million NASA award to construct a robotic rescue mission for the Neil Gehrels Swift Observatory. This satellite, instrumental in gamma-ray burst research since 2004, faces orbital decay due to atmospheric drag, necessitating urgent intervention. Katalyst's selection of Northrop Grumman's Pegasus XL rocket, despite its infrequent deployment and elevated costs, is justified by its capability to access the requisite low-inclination orbit, potential inventory clearance discounts, and the inadequacy of smaller alternatives like Rocket Lab's Electron. Furthermore, Ursa Major Technologies attained a $600 million valuation in a Series E round, reflecting robust investor confidence in propulsion innovations for hypersonic and space defense applications, with clients including BAE Systems and Stratolaunch. Rocket Lab's execution of a clandestine launch within 48 hours exemplifies the industry's agility. The article critically examines these elements, emphasizing strategic rationales and market dynamics in the burgeoning commercial space era.",
  "keywords": [
    {
      "term": "gamma-ray bursts",
      "explanation": "cosmological phenomena involving immense energy releases from distant celestial events, studied for insights into universe evolution"
    },
    {
      "term": "orbital decay",
      "explanation": "the progressive reduction in orbital altitude due to frictional forces from residual atmosphere, leading to reentry if unaddressed"
    },
    {
      "term": "hypersonic propulsion",
      "explanation": "advanced engine systems designed for velocities exceeding Mach 5, critical for military and space access applications"
    },
    {
      "term": "rendezvous maneuver",
      "explanation": "a precise orbital operation where two spacecraft align and dock, requiring exact trajectory calculations"
    },
    {
      "term": "company valuation",
      "explanation": "the financial assessment of a firm's worth based on investment rounds, market potential, and asset base"
    },
    {
      "term": "solid rocket motor",
      "explanation": "a propulsion unit utilizing solid propellants that burn uniformly, offering simplicity but limited throttle control"
    },
    {
      "term": "liquid-fueled engine",
      "explanation": "a rocket engine employing liquid oxidizers and fuels for adjustable thrust and reignition capabilities"
    },
    {
      "term": "FAA regulations",
      "explanation": "governmental rules governing launch activities to ensure safety, environmental protection, and airspace coordination"
    },
    {
      "term": "market dynamics",
      "explanation": "the interplay of supply, demand, competition, and innovation shaping industry trends and pricing"
    },
    {
      "term": "reusable rocket technology",
      "explanation": "engineering approaches enabling multiple launches of the same vehicle to reduce costs and increase access to space"
    }
  ],
  "questions": [
    {
      "question": "How did the end of the government shutdown affect space launch operations?",
      "options": [
        "FAA removed daytime launch restrictions",
        "It had no impact",
        "All launches were delayed",
        "New regulations were imposed"
      ],
      "correct_answer": "FAA removed daytime launch restrictions"
    },
    {
      "question": "What strategic advantage does Blue Origin's New Glenn enhancement plan offer?",
      "options": [
        "Increased thrust and competitiveness",
        "Reduced costs only",
        "Faster reentry capabilities",
        "Better satellite imaging"
      ],
      "correct_answer": "Increased thrust and competitiveness"
    },
    {
      "question": "Why is the Pegasus XL rocket considered suboptimal for general use despite its selection for the Swift mission?",
      "options": [
        "High cost and infrequent launches",
        "It is unreliable",
        "It cannot reach orbit",
        "It is too small for any payload"
      ],
      "correct_answer": "High cost and infrequent launches"
    },
    {
      "question": "What scientific purpose does the Neil Gehrels Swift Observatory serve?",
      "options": [
        "Investigating gamma-ray bursts",
        "Monitoring solar flares",
        "Tracking near-Earth asteroids",
        "Studying ocean currents"
      ],
      "correct_answer": "Investigating gamma-ray bursts"
    },
    {
      "question": "What factors contributed to Ursa Major's high valuation in its funding round?",
      "options": [
        "Investor confidence in propulsion tech",
        "Government bailouts",
        "Declining competition",
        "Focus on consumer products"
      ],
      "correct_answer": "Investor confidence in propulsion tech"
    },
    {
      "question": "How does Rocket Lab's rapid launch capability reflect industry trends?",
      "options": [
        "Emphasis on agility and responsiveness",
        "Shift to slower, cheaper launches",
        "Reduction in launch frequency",
        "Focus only on government contracts"
      ],
      "correct_answer": "Emphasis on agility and responsiveness"
    },
    {
      "question": "What critical assessment can be made of the evidence in this article?",
      "options": [
        "It relies on corporate sources without independent verification",
        "It includes peer-reviewed studies",
        "It is based solely on historical data",
        "It has no credible sources"
      ],
      "correct_answer": "It relies on corporate sources without independent verification"
    },
    {
      "question": "Which company is noted for using Ursa Major's engines in hypersonic applications?",
      "options": [
        "Stratolaunch",
        "Blue Origin",
        "SpaceX",
        "NASA"
      ],
      "correct_answer": "Stratolaunch"
    },
    {
      "question": "What methodological approach does the article use to gather information?",
      "options": [
        "Synthesis of news reports and press releases",
        "Original scientific experiments",
        "Surveys of public opinion",
        "Analysis of satellite imagery"
      ],
      "correct_answer": "Synthesis of news reports and press releases"
    },
    {
      "question": "How does the article address the limitations of smaller rockets like Electron for specific missions?",
      "options": [
        "By noting performance constraints for certain orbits",
        "By claiming they are obsolete",
        "By ignoring their capabilities",
        "By suggesting they are always preferable"
      ],
      "correct_answer": "By noting performance constraints for certain orbits"
    }
  ],
  "background_read": [
    "The contemporary space industry is characterized by rapid commercialization, with entities like SpaceX and Blue Origin pioneering reusable rockets to lower costs and increase launch frequency. NASA's Neil Gehrels Swift Observatory, launched in 2004, has been pivotal in astrophysics, detecting gamma-ray bursts to probe extreme cosmic events. Orbital mechanics dictate that satellites in low-Earth orbit experience decay from atmospheric drag, necessitating propulsion or rescue efforts to maintain altitude. The Pegasus rocket, developed by Northrop Grumman, represents an older, air-launched system that, while niche, offers unique orbital insertion capabilities. Investment trends show growing capital inflow into space tech startups, driven by defense needs and commercial opportunities, with companies like Ursa Major focusing on advanced propulsion for hypersonic and space domains. Understanding these elements requires knowledge of aerospace engineering, economic factors, and regulatory environments."
  ],
  "Article_Structure": [
    "This in-depth analysis examines the article's main points, including Blue Origin's New Glenn advancements, SpaceX's Starship progress, Katalyst's Pegasus-based rescue mission for NASA's Swift Observatory, Ursa Major's $600 million valuation, and Rocket Lab's agile launch. The purpose is to elucidate strategic developments in the space sector, contextualizing them within broader trends of commercialization and innovation. Evidence evaluation notes reliance on corporate press releases and news outlets like Bloomberg, which, while informative, may introduce bias and lack peer-reviewed rigor. Author credibility is inferred from Ars Technica's established science journalism, though individual expertise is unspecified. Methodology involves aggregating and interpreting secondary sources without original research, providing a timely but potentially superficial overview. Critical assessment highlights strengths in covering diverse industry actors and rationales but limitations in depth, such as insufficient exploration of technical failures or long-term implications, underscoring the need for corroborative data."
  ],
  "perspectives": [
    {
      "perspective": "Industry innovators",
      "description": "They push technological boundaries to reduce costs and enhance capabilities, driving market competition."
    },
    {
      "perspective": "Government agencies",
      "description": "They leverage commercial partnerships to achieve scientific and strategic goals efficiently."
    },
    {
      "perspective": "Economic analysts",
      "description": "They assess investment flows and valuation trends to predict sector growth and risks."
    },
    {
      "perspective": "Environmental critics",
      "description": "They raise concerns about rocket emissions and space debris impacts on sustainability."
    },
    {
      "perspective": "Academic researchers",
      "description": "They rely on data from missions like Swift to advance astrophysical knowledge and may critique commercial priorities."
    }
  ],
  "image_url": "/article_images/article_a86806b0b694244f_c42c108bf384.webp"
}