{
  "title": "Strategic Implications of Extending the New START Treaty: Expert Analysis and Geopolitical Context",
  "summary": "The impending expiration of the New START treaty has ignited a nuanced debate among policymakers and experts regarding the United States' strategic approach to nuclear arms control with Russia. This treaty, which caps deployed strategic nuclear warheads and delivery systems, serves as a cornerstone of bilateral stability, incorporating verification mechanisms to foster transparency. Rose Gottemoeller, former chief U.S. negotiator for New START, contends that extension is imperative to constrain Russia's potential for rapid nuclear escalation through warhead uploading, thereby preventing an arms race. She contextualizes this within the broader geopolitical landscape, noting China's accelerated nuclear modernization as a pressing concern that necessitates focused U.S. attention. The treaty's continuation, she argues, would allow the U.S. to manage dual threats effectively. While Frank Miller's perspective is acknowledged, the article emphasizes Gottemoeller's advocacy, highlighting the interplay between arms control, deterrence theory, and great power competition. This discussion underscores the complexities of maintaining strategic parity in an era of multipolar challenges and evolving security paradigms.",
  "keywords": [
    {
      "term": "strategic nuclear warheads",
      "explanation": "long-range nuclear weapons designed for major military objectives, subject to treaty limits"
    },
    {
      "term": "verification mechanisms",
      "explanation": "procedures like inspections and data exchanges to monitor compliance with arms agreements"
    },
    {
      "term": "nuclear escalation",
      "explanation": "the process of increasing nuclear readiness or deployment, potentially leading to conflict"
    },
    {
      "term": "deterrence theory",
      "explanation": "the concept that possessing nuclear weapons prevents attack by threatening retaliation"
    },
    {
      "term": "great power competition",
      "explanation": "rivalry among major nations like the U.S., Russia, and China for global influence"
    }
  ],
  "questions": [
    {
      "question": "What specific limits does the New START treaty impose?",
      "options": [
        "1,550 deployed strategic nuclear warheads and 700 delivery systems",
        "Unlimited nuclear testing",
        "Complete disarmament",
        "Only economic sanctions"
      ],
      "correct_answer": "A"
    },
    {
      "question": "How does Rose Gottemoeller justify treaty extension in relation to China?",
      "options": [
        "To free U.S. resources to address China's nuclear buildup",
        "To ally with China against Russia",
        "To ignore China's threats",
        "To reduce U.S. nuclear weapons unilaterally"
      ],
      "correct_answer": "A"
    },
    {
      "question": "What is the role of verification mechanisms in the treaty?",
      "options": [
        "To ensure compliance through inspections and data exchanges",
        "To increase secrecy",
        "To promote arms racing",
        "To eliminate all weapons"
      ],
      "correct_answer": "A"
    },
    {
      "question": "What broader concept does the article relate to arms control?",
      "options": [
        "Great power competition",
        "Environmental sustainability",
        "Cultural exchange",
        "Technological innovation"
      ],
      "correct_answer": "A"
    },
    {
      "question": "What potential risk does Gottemoeller associate with treaty expiration?",
      "options": [
        "Nuclear escalation and arms race",
        "Economic recession",
        "Social unrest",
        "Diplomatic isolation"
      ],
      "correct_answer": "A"
    },
    {
      "question": "What is Frank Miller's professional background?",
      "options": [
        "30-year career in government focusing on nuclear security",
        "Academic in humanities",
        "Business executive",
        "Medical researcher"
      ],
      "correct_answer": "A"
    },
    {
      "question": "How does the article characterize the current geopolitical context?",
      "options": [
        "Multipolar with emerging threats",
        "Unipolar U.S. dominance",
        "Isolationist trends",
        "Post-conflict stability"
      ],
      "correct_answer": "A"
    },
    {
      "question": "What methodological approach does the article use?",
      "options": [
        "Expert interview format",
        "Statistical analysis",
        "Historical narrative",
        "Experimental study"
      ],
      "correct_answer": "A"
    },
    {
      "question": "What critical assessment can be made of the article's evidence?",
      "options": [
        "Relies on expert opinion without comprehensive data",
        "Includes extensive quantitative research",
        "Presents balanced opposing views",
        "Uses primary source documents"
      ],
      "correct_answer": "A"
    },
    {
      "question": "What is the primary purpose of the treaty according to the summary?",
      "options": [
        "To maintain strategic stability and transparency",
        "To increase military spending",
        "To promote unilateral actions",
        "To ignore international norms"
      ],
      "correct_answer": "A"
    }
  ],
  "background_read": [
    "The New START treaty, ratified in 2010, represents a pivotal arms control framework between the U.S. and Russia, emerging from post-Cold War efforts to reduce nuclear risks. It builds on previous agreements like START I and SORT, emphasizing verifiable limits to enhance predictability in strategic relations. In contemporary security studies, arms control is analyzed through lenses of realism, liberalism, and constructivism, considering factors such as deterrence, trust-building, and normative shifts. The rise of China as a nuclear power introduces triangular dynamics, challenging traditional bilateral paradigms. Experts debate the efficacy of existing treaties in addressing hybrid threats and technological advancements, such as cyber capabilities and hypersonic weapons. This context requires interdisciplinary knowledge in international law, political science, and military strategy to evaluate policy options critically."
  ],
  "Article_Structure": [
    "Main Points: The article analyzes the debate over extending New START, with Gottemoeller advocating for limits on Russia to manage China's nuclear rise, emphasizing treaty verification and strategic stability. Purpose: To explore expert insights on U.S. arms control strategy in a multipolar world, informing public and policy discourse. Evidence Evaluation: Based on expert testimony from Gottemoeller and Miller, but lacks empirical data or counterarguments, limiting depth; sources are credible but presentation is somewhat biased. Author Credibility: PBS NewsHour is a reliable journalistic outlet, and interviewees have high expertise in arms control and security. Methodology: Uses an interview-based narrative, common in news media, which provides qualitative perspectives but may not include rigorous analysis or diverse viewpoints. Critical Assessment: Strengths include highlighting key geopolitical issues; limitations involve one-sided coverage and insufficient examination of alternative strategies or treaty drawbacks."
  ],
  "perspectives": [
    {
      "perspective": "Rose Gottemoeller's view",
      "description": "She advocates for treaty extension to constrain Russia's nuclear potential and strategically pivot towards addressing China's buildup, framing it within deterrence and great power competition."
    }
  ],
  "image_url": "/article_images/article_1eb6bb93a0315f69_bb0c31313468.webp"
}