{
  "articles": [
    {
      "id": "0a78c8993864bf50",
      "title": "Metropolitan Police Initiates Inquiries into Royal Protection Officers Amid Epstein Island Allegations",
      "summary": "The Metropolitan Police has commenced initial inquiries into close protection officers formerly assigned to Prince Andrew Mountbatten Windsor, following allegations that members of the Royalty and Specialist Protection (RaSP) unit may have deliberately overlooked misconduct during visits to Jeffrey Epstein's private island, Little St James. An unnamed former senior Met protection officer disclosed to LBC that Andrew's team accompanied him to the island on at least two occasions, including via Epstein's private jet, and suggested that in the late 1990s and early 2000s, there were concerns about officers becoming excessively familiar with their principals, fostering a climate of fear regarding demotion. Epstein, who died in prison in 2019 while awaiting trial on sex trafficking charges, is implicated by multiple survivors alleging abuse on the island. The Met asserts it has not identified any wrongdoing but is working to establish facts, with potential escalation to the Independent Office of Police Conduct (IOPC) for further investigation if concerns emerge. Andrew faces accusations from Virginia Giuffre of sexual abuse on the island, though he denies any offense and reached a financial settlement that did not constitute an admission of guilt. This case underscores complex issues of police accountability, royal privilege, and the ongoing repercussions of the Epstein scandal, reflecting broader societal debates on institutional integrity and victim advocacy.",
      "source": "BBC News",
      "time_ago": "Just now",
      "image_url": "/article_images/article_0a78c8993864bf50_b0a7a226ff63.webp",
      "category": "News"
    },
    {
      "id": "d52eb8ff587f6b99",
      "title": "Legal and Ethical Dimensions of a Fatal Alpine Climbing Incident",
      "summary": "The trial of Thomas P for gross negligent manslaughter following the hypothermia death of his girlfriend, Kerstin G, on Austria's Grossglockner mountain raises complex legal and ethical questions about responsibility in high-risk sports. Prosecutors assert that Thomas, as the more experienced climber and de facto guide, committed a series of critical errors: initiating the climb two hours late, insufficient emergency bivouac equipment, and permitting Kerstin to use snowboard boots unsuitable for mixed terrain, all amid severe winter conditions with winds up to 74 km/h and windchill temperatures of -20°C. They argue these actions constitute gross negligence, warranting criminal liability. In contrast, the defense, led by lawyer Kurt Jelinek, frames the incident as a tragic accident, emphasizing that both individuals considered themselves experienced, well-prepared, and physically fit, with the tour jointly planned. This case has ignited debate within the Alpine community and beyond, probing when personal judgment in adventure sports transitions into culpable negligence. A conviction could herald a paradigm shift, influencing legal standards and safety protocols in mountain climbing, thereby redefining the boundaries of risk acceptance and duty of care in extreme environments.",
      "source": "BBC News",
      "time_ago": "4 hours ago",
      "image_url": "/article_images/article_d52eb8ff587f6b99_0a846c4cfe38.webp",
      "category": "News"
    },
    {
      "id": "58106f636d0a5731",
      "title": "Post-Industrial Decline and Political Realignment in East Durham's Coastal Villages",
      "summary": "The article delves into the socio-economic and political challenges facing Horden, a coastal village in County Durham, emblematic of broader post-industrial decline in the UK. Cotsford Primary School serves as a microcosm of these issues, with playground restrictions due to cannabis cultivation in neighboring properties and innovative pedagogical approaches, such as application-based roles for students, aimed at mitigating future disadvantages. The narrative traces the village's trajectory from a thriving mining community in the mid-20th century to a state of severe deprivation following pit closures, resulting in population halving, elevated child poverty, and social fragmentation. Political contexts are critically examined, noting the failure of initiatives like Brexit and 'levelling up' to alleviate hardships, which has catalyzed a shift in voter allegiance from traditional parties to Reform UK, as evidenced in recent council elections. Structural problems, including absentee landlordism, cheap housing attracting marginalized groups like ex-prisoners, and a breakdown of community cohesion, are analyzed as perpetuating a cycle of poverty. The article employs qualitative evidence from resident testimonies and local observations to underscore themes of abandonment and resilience, while also implicating broader policy failures. It concludes by questioning the capacity of new political entrants to enact meaningful change in an entrenched environment of disillusionment and economic stagnation.",
      "source": "BBC News",
      "time_ago": "11 hours ago",
      "image_url": "/article_images/article_58106f636d0a5731_04d5b603c4bc.webp",
      "category": "News"
    },
    {
      "id": "5d15aaa4f5d93297",
      "title": "Avalanche Crisis in California: Analysis of Rescue and Risk Factors",
      "summary": "An avalanche incident in the Castle Peak area northwest of Lake Tahoe, California, has resulted in six backcountry skiers being located alive while ten remain missing, amid a severe winter storm. The event, reported via a 911 call at approximately 11:30 a.m. on Tuesday, involved a group of four guides and twelve clients, prompting a large-scale rescue operation with 46 emergency responders from agencies including the Nevada County Sheriff's Office and California Department of Forestry and Fire Protection. Survivors were instructed to shelter in place as teams navigated treacherous conditions. The Sierra Avalanche Center of the Tahoe National Forest issued warnings of high avalanche danger, attributing it to rapid snowfall accumulation on fragile snowpack layers and gale-force winds, which are expected to persist. This article underscores the complexities of backcountry skiing safety, the efficacy of emergency response systems, and the broader implications of climate-influenced weather patterns on avalanche risks in mountainous regions.",
      "source": "PBS NewsHour",
      "time_ago": "11 hours ago",
      "image_url": "/article_images/article_5d15aaa4f5d93297_23fd7fca33ab.webp",
      "category": "News"
    },
    {
      "id": "55f285b22bab7136",
      "title": "Diplomatic Progress and Strategic Maneuvers in U.S.-Iran Nuclear Negotiations",
      "summary": "High-level diplomatic engagements in Geneva, Switzerland, addressed dual international crises: negotiations to curtail Iran's nuclear program and discussions aimed at resolving Russia's aggression in Ukraine. Concerning Iran, U.S. officials indicated measurable progress following approximately three hours of indirect talks, orchestrated through Omani mediators, with Special Envoy Steve Witkoff and Jared Kushner articulating the American stance. Iranian Foreign Minister Abbas Araghchi, via interpreter, acknowledged that a new window for consensus has emerged, with established guiding principles providing a clearer trajectory, albeit persistent divergences necessitating further diplomatic labor. Simultaneously, Iran conducted live-fire military exercises in the Strait of Hormuz, a critical maritime conduit responsible for approximately 20% of global oil transit, broadcast on state television to signal military preparedness. This occurs amidst heightened U.S. naval deployments in the Middle East, including the imminent arrival of the USS Gerald Ford aircraft carrier, reflecting escalating regional tensions and power projection. The Geneva forum also facilitated initial dialogues between Ukrainian and Russian officials, brokered by the same U.S. negotiators, illustrating a multifaceted diplomatic strategy addressing interconnected geopolitical challenges. These developments underscore the intricate balance between diplomatic overtures and military posturing in international relations.",
      "source": "PBS NewsHour",
      "time_ago": "12 hours ago",
      "image_url": "/article_images/article_55f285b22bab7136_063b3857a256.webp",
      "category": "News"
    },
    {
      "id": "50e9077fdf4164f2",
      "title": "Regulatory and Political Implications of FDA's mRNA Flu Vaccine Rejection",
      "summary": "The U.S. Food and Drug Administration's decision to decline review of Moderna's mRNA flu vaccine, notwithstanding positive results from late-stage clinical trials affirming its safety and efficacy, has generated significant discourse within public health and regulatory circles. This rejection is contextualized within the Trump administration's vaccine development framework, notably influenced by Health Secretary Robert F. Kennedy Jr.'s critiques of mRNA technology—a modality successfully deployed by Moderna and Pfizer in COVID-19 immunizations. Dr. Michael Osterholm, a prominent epidemiologist and director of the Center for Infectious Disease Research and Policy, characterizes the move as alarming, suggesting it 'sends chills' due to potential impediments to biomedical innovation. The article interrogates the intersection of regulatory oversight, political ideology, and scientific advancement, raising questions about the consistency and transparency of FDA processes. Implications extend to future vaccine pipelines, public trust in health institutions, and the broader trajectory of infectious disease mitigation strategies in an era of rapid technological change.",
      "source": "PBS NewsHour",
      "time_ago": "12 hours ago",
      "image_url": "/article_images/article_50e9077fdf4164f2_f0c5105c7a92.webp",
      "category": "News"
    }
  ]
}