{
  "title": "Northern Ireland's Marine Strategy: A Call for Action on Seabird Protection",
  "summary": "The Department of Agriculture, Environment and Rural Affairs (Daera) in Northern Ireland has launched an updated Marine Protected Area (MPA) strategy, aiming to enhance protection for key habitats like Strangford Lough over the next five years. This strategy outlines management plans until 2030 to safeguard ecological networks, address gaps, and support nature-based solutions against climate change impacts. Dr. Sharon Thompson from the Royal Society for the Protection of Birds (RSPB) NI emphasizes that while designating 48 MPAs is a critical first step, real progress depends on effective management, monitoring, and enforcement. She points to recent devastating reports of mass seabird deaths from Spain to Scotland as evidence of the urgent need to build resilience in bird populations. Thompson stresses that officials must assess pressures contributing to seabird declines and implement measures for recovery. The strategy represents a milestone in marine conservation, but the charity argues that action is essential to ensure MPAs are not just designated but properly maintained to protect species such as Brent Geese, kelp forests, and diverse marine life.",
  "keywords": [
    {
      "term": "Marine Protected Area (MPA)",
      "explanation": "a designated site managed for long-term conservation of marine ecosystems"
    },
    {
      "term": "strategy",
      "explanation": "a comprehensive plan outlining goals and methods for achieving marine protection"
    },
    {
      "term": "seabird resilience",
      "explanation": "the ability of seabirds to withstand environmental shocks and pressures"
    },
    {
      "term": "ecological gaps",
      "explanation": "areas in marine networks that lack sufficient protection or connectivity"
    },
    {
      "term": "nature-based solutions",
      "explanation": "approaches that use natural processes to address challenges like climate change"
    },
    {
      "term": "enforcement",
      "explanation": "the application of rules and regulations to ensure compliance in protected areas"
    },
    {
      "term": "Daera",
      "explanation": "the government department responsible for agriculture, environment, and rural affairs in Northern Ireland"
    },
    {
      "term": "RSPB",
      "explanation": "a charity focused on bird conservation and protection"
    }
  ],
  "questions": [
    {
      "question": "What government department launched the updated MPA strategy?",
      "options": [
        "Department of Health",
        "Department of Agriculture, Environment and Rural Affairs (Daera)",
        "Department of Education",
        "Department of Transport"
      ],
      "correct_answer": "Department of Agriculture, Environment and Rural Affairs (Daera)"
    },
    {
      "question": "How many MPAs have already been identified in Northern Ireland?",
      "options": [
        "30",
        "48",
        "60",
        "75"
      ],
      "correct_answer": "48"
    },
    {
      "question": "What is the main goal of the MPA strategy until 2030?",
      "options": [
        "Increase tourism",
        "Safeguard key habitats and species",
        "Build more ports",
        "Reduce fishing quotas"
      ],
      "correct_answer": "Safeguard key habitats and species"
    },
    {
      "question": "What recent event does Dr. Sharon Thompson cite as devastating?",
      "options": [
        "Seabirds migrating earlier",
        "Mass deaths of seabirds washing ashore",
        "Increase in seabird populations",
        "New species discovered"
      ],
      "correct_answer": "Mass deaths of seabirds washing ashore"
    },
    {
      "question": "What does the charity say is needed after designating MPAs?",
      "options": [
        "More designations",
        "Proper management and enforcement",
        "Less monitoring",
        "Reduced funding"
      ],
      "correct_answer": "Proper management and enforcement"
    },
    {
      "question": "What type of solutions does the strategy support to mitigate climate change?",
      "options": [
        "Technological solutions",
        "Nature-based solutions",
        "Economic solutions",
        "Political solutions"
      ],
      "correct_answer": "Nature-based solutions"
    },
    {
      "question": "Who is Dr. Sharon Thompson?",
      "options": [
        "A government minister",
        "A representative from RSPB NI",
        "A fisherman",
        "A scientist from Spain"
      ],
      "correct_answer": "A representative from RSPB NI"
    },
    {
      "question": "What is emphasized as the starting place for ensuring protected areas work?",
      "options": [
        "Designating MPAs",
        "Collecting data",
        "Taking action",
        "Writing reports"
      ],
      "correct_answer": "Taking action"
    }
  ],
  "background_read": [
    "This article discusses Northern Ireland's updated Marine Protected Area (MPA) strategy, a government initiative aimed at conserving marine environments through a network of protected sites. MPAs are designated areas managed for long-term nature conservation, and in Northern Ireland, there are six types focusing on various habitats. The strategy, led by Daera, sets out plans until 2030 to protect ecological significant areas, close gaps in protection, and use nature-based approaches to combat climate change. The Royal Society for the Protection of Birds (RSPB) NI, represented by Dr. Sharon Thompson, advocates for this strategy but stresses that mere designation is insufficient; effective management, monitoring, and enforcement are crucial. Recent mass seabird deaths across Europe highlight the urgency of building resilience in bird populations. The article underscores the need for critical assessment of pressures on seabirds and implementation of recovery measures, positioning the strategy as a milestone that requires concrete action to succeed in protecting species like Brent Geese and diverse marine ecosystems."
  ],
  "Article_Structure": [
    "The article presents main points on Northern Ireland's updated MPA strategy to protect marine habitats and seabirds, with a purpose to advocate for actionable conservation measures. Evidence includes government reports and charity statements, evaluated as credible but reliant on implementation. Author credibility is high through Dr. Sharon Thompson's expertise in bird conservation, though potential bias towards environmental advocacy exists. Methodology involves analysis of official strategy documents and observational data on seabird deaths, providing a solid foundation but limited by the need for ongoing monitoring and enforcement to validate effectiveness."
  ],
  "perspectives": [
    {
      "perspective": "Environmental advocacy",
      "description": "The RSPB NI perspective emphasizes that MPA designation must be followed by robust management and enforcement to achieve real conservation outcomes and address urgent threats like seabird declines."
    }
  ],
  "image_url": "/article_images/article_fe3c4363b95cdf11_2699d4efe56c.webp"
}