{
  "title": "Intergenerational Health Impacts of Dietary Emulsifiers: A Murine Model of Gut Microbiota Disruption",
  "summary": "A study published in Nature Communications by researchers from the Institut Pasteur and Inserm examines the transgenerational health effects of dietary emulsifiers, specifically carboxymethyl cellulose (E466) and polysorbate 80 (E433). In this murine model, female mice were administered these emulsifiers commencing ten weeks prior to pregnancy and continuing through gestation and lactation. The offspring, which had no direct exposure to the additives, exhibited significant alterations in their gut microbiota during early life, including elevated levels of flagellated bacteria and increased bacterial encroachment toward the intestinal epithelium. This microbial shift precipitated premature closure of gut pathways essential for immune tolerance, disrupting microbiota-immune system crosstalk. Consequently, the adult offspring developed chronic inflammation, heightening susceptibility to inflammatory bowel conditions and obesity. The research underscores the potential for maternal dietary factors to program offspring health via microbiota modulation, even in the absence of direct consumption. It calls for rigorous human clinical trials to elucidate analogous mechanisms, particularly concerning emulsifier-laden infant formulas, and to inform regulatory frameworks for food additive safety.",
  "keywords": [
    {
      "term": "transgenerational health effects",
      "explanation": "health impacts passed from one generation to the next without direct exposure"
    },
    {
      "term": "murine model",
      "explanation": "a scientific study using mice as subjects to simulate human conditions"
    },
    {
      "term": "intestinal epithelium",
      "explanation": "the lining of the gut that acts as a barrier and interacts with microbiota"
    },
    {
      "term": "immune tolerance",
      "explanation": "the immune system's ability to not react against beneficial microbes or self-tissues"
    },
    {
      "term": "microbiota-immune system crosstalk",
      "explanation": "the complex communication between gut bacteria and immune cells influencing health"
    },
    {
      "term": "chronic inflammation",
      "explanation": "persistent immune activation linked to various metabolic and autoimmune disorders"
    },
    {
      "term": "program offspring health",
      "explanation": "the process by which early-life exposures permanently shape health outcomes"
    },
    {
      "term": "regulatory frameworks",
      "explanation": "policies and guidelines governing the use and safety of substances like food additives"
    },
    {
      "term": "infant formulas",
      "explanation": "commercial milk substitutes for babies, often containing emulsifiers and other additives"
    },
    {
      "term": "clinical trials",
      "explanation": "research studies conducted on humans to test interventions and outcomes"
    }
  ],
  "questions": [
    {
      "question": "What specific emulsifiers were investigated in the study for their effects on offspring health?",
      "options": [
        "Carboxymethyl cellulose and polysorbate 80",
        "Lecithin and monoacylglycerols",
        "Sodium benzoate and potassium sorbate",
        "Aspartame and sucralose"
      ],
      "correct_answer": "Carboxymethyl cellulose and polysorbate 80"
    },
    {
      "question": "How did the researchers administer emulsifiers to the female mice in the study?",
      "options": [
        "Starting ten weeks before pregnancy and continuing through reproduction",
        "Only during pregnancy",
        "Only to the offspring directly",
        "In a single dose after birth"
      ],
      "correct_answer": "Starting ten weeks before pregnancy and continuing through reproduction"
    },
    {
      "question": "What microbial changes were observed in the offspring's gut microbiota?",
      "options": [
        "Increased flagellated bacteria and bacterial encroachment",
        "Decreased diversity and beneficial bacteria",
        "No significant alterations",
        "Complete replacement with foreign species"
      ],
      "correct_answer": "Increased flagellated bacteria and bacterial encroachment"
    },
    {
      "question": "What physiological consequence resulted from the premature closure of gut pathways in the offspring?",
      "options": [
        "Disrupted immune tolerance and chronic inflammation",
        "Enhanced nutrient absorption",
        "Reduced gut permeability",
        "Improved metabolic rate"
      ],
      "correct_answer": "Disrupted immune tolerance and chronic inflammation"
    },
    {
      "question": "Which health conditions were the offspring mice at higher risk for in adulthood?",
      "options": [
        "Inflammatory bowel diseases and obesity",
        "Type 1 diabetes and hypertension",
        "Cancer and neurodegenerative diseases",
        "Infections and allergies"
      ],
      "correct_answer": "Inflammatory bowel diseases and obesity"
    },
    {
      "question": "What is the significance of studying emulsifiers in the context of infant formulas?",
      "options": [
        "They are commonly added and consumed during critical microbiota establishment",
        "They are banned in all baby products",
        "They have no effect on human health",
        "They improve infant growth universally"
      ],
      "correct_answer": "They are commonly added and consumed during critical microbiota establishment"
    },
    {
      "question": "Who led the research study on emulsifiers and offspring health?",
      "options": [
        "Benoit Chassaing",
        "Marie Curie",
        "Albert Einstein",
        "Jane Goodall"
      ],
      "correct_answer": "Benoit Chassaing"
    },
    {
      "question": "What funding source supported this research?",
      "options": [
        "European Research Council grants",
        "National Institutes of Health",
        "Private food industry",
        "Crowdfunding campaigns"
      ],
      "correct_answer": "European Research Council grants"
    },
    {
      "question": "What methodological approach was used to assess the offspring's gut microbiota?",
      "options": [
        "Analysis of microbial composition and encroachment",
        "Blood tests only",
        "Behavioral observations",
        "Genetic sequencing of parents"
      ],
      "correct_answer": "Analysis of microbial composition and encroachment"
    },
    {
      "question": "What critical limitation does the study acknowledge regarding its findings?",
      "options": [
        "Results are from mouse models and require human validation",
        "The sample size was too large",
        "Emulsifiers were not properly identified",
        "The study duration was too short"
      ],
      "correct_answer": "Results are from mouse models and require human validation"
    }
  ],
  "background_read": [
    "This article presents a groundbreaking study on the intergenerational effects of dietary emulsifiers, published in a high-impact journal, Nature Communications. Emulsifiers, such as carboxymethyl cellulose and polysorbate 80, are pervasive in processed foods, including dairy items and infant formulas, yet their long-term health implications remain poorly understood. The research, conducted by a team at Institut Pasteur and Inserm led by Benoit Chassaing, employed a rigorous murine model to simulate maternal exposure. By feeding female mice emulsifiers pre- and post-conception, they demonstrated that offspring gut microbiota undergoes early-life alterations, such as increased flagellated bacteria and encroachment, which impair immune tolerance pathways. This leads to chronic inflammation and elevated risks of conditions like inflammatory bowel disease and obesity in adulthood. The study highlights the epigenetic-like programming of health via microbiota, emphasizing the need for human clinical trials to assess real-world risks, particularly for vulnerable populations like infants consuming formula. Funded by the European Research Council, it contributes to ongoing debates about food additive safety and regulatory policies, urging a precautionary approach in public health."
  ],
  "Article_Structure": [
    "Main Points: The study identifies that maternal emulsifier consumption reprograms offspring gut microbiota, causing flagellated bacteria increase and encroachment, which disrupts immune tolerance and elevates risks of inflammatory diseases and obesity. Purpose: To elucidate transgenerational health impacts of food additives and advocate for human research, especially on infant formulas, to inform safety regulations. Evidence Evaluation: Evidence is robust from controlled mouse experiments with specific emulsifiers, but limited by animal model extrapolation and absence of human data, requiring cautious interpretation. Author Credibility: Led by Benoit Chassaing, an expert in microbiome research with Inserm backing, enhancing scientific validity though potential biases from funding sources are minimal. Methodology: Utilized a longitudinal murine design with emulsifier administration pre-pregnancy through lactation, followed by microbiota analysis via advanced techniques to track microbial and immune changes. Critical Assessment: Strengths include detailed mechanistic insights and controlled conditions, but weaknesses involve species differences and small sample implications, necessitating further validation in diverse human cohorts."
  ],
  "perspectives": [
    {
      "perspective": "Regulatory advocacy",
      "description": "The findings support stricter regulations on emulsifiers in food, particularly for products consumed by pregnant women and infants, to mitigate potential long-term health risks."
    }
  ],
  "image_url": "/article_images/article_210399992301bc50_5b879a56e386.webp"
}