{
  "title": "Discovery of a Saturn-Sized Rogue Planet in the Einstein Desert",
  "summary": "Researchers have discovered a Saturn-sized planet through microlensing, a technique that detects planets by observing temporary brightening of stars when a planet passes in front. This planet is notable as a rogue planet, meaning it does not orbit any star and drifts freely in interstellar space. It was found in the \"Einstein desert,\" a gap in microlensing data where few planets are detected, sparking discussions about its significance. The discovery involved Earth-based telescopes from the Korea Microlensing Telescope Network and the Optical Gravitational Lensing Experiment, along with the Gaia space telescope, which provided a unique perspective due to its orientation. Rogue planets are thought to originate in two ways: either ejected from star systems by gravitational interactions or formed through incomplete stellar processes, resulting in gas giants. Microlensing events, though rare, allow scientists to estimate planet masses by analyzing Einstein rings, but details like distance and star size are often lacking. This finding contributes to understanding planetary formation and the diversity of celestial bodies, highlighting the role of advanced technology in space exploration.",
  "keywords": [
    {
      "term": "microlensing",
      "explanation": "a detection method where a planet's gravity bends light from a background star, causing a temporary brightening"
    },
    {
      "term": "rogue planet",
      "explanation": "a planet not bound to any star system, drifting through interstellar space"
    },
    {
      "term": "Einstein desert",
      "explanation": "a statistical gap in microlensing data between clusters of small and large planets, indicating fewer detections in that range"
    },
    {
      "term": "Einstein ring",
      "explanation": "a circular ring of light formed when a planet and star align perfectly from Earth, used to estimate planet mass"
    },
    {
      "term": "gravitational interactions",
      "explanation": "forces between celestial bodies that can eject planets from their orbits"
    },
    {
      "term": "Gaia telescope",
      "explanation": "a European Space Agency space telescope that maps stars and assists in microlensing observations"
    },
    {
      "term": "KMT and OGLE",
      "explanation": "Earth-based telescope networks that monitor microlensing events"
    },
    {
      "term": "statistical models",
      "explanation": "mathematical tools used to analyze patterns in microlensing data"
    }
  ],
  "questions": [
    {
      "question": "What is microlensing used to detect?",
      "options": [
        "Stars",
        "Planets",
        "Galaxies",
        "Asteroids"
      ],
      "correct_answer": "B"
    },
    {
      "question": "Why is the discovered planet called rogue?",
      "options": [
        "It orbits a star",
        "It floats alone in space",
        "It is very hot",
        "It is in our solar system"
      ],
      "correct_answer": "B"
    },
    {
      "question": "What is the Einstein desert?",
      "options": [
        "A place with many planets",
        "A gap in microlensing data",
        "A type of telescope",
        "A star formation region"
      ],
      "correct_answer": "B"
    },
    {
      "question": "Which telescopes were involved in the discovery?",
      "options": [
        "KMT, OGLE, and Gaia",
        "Hubble and James Webb",
        "Only Gaia",
        "Only Earth-based telescopes"
      ],
      "correct_answer": "A"
    },
    {
      "question": "How can rogue planets form?",
      "options": [
        "Only from stellar collapse",
        "Only by ejection from star systems",
        "Through ejection or incomplete stellar processes",
        "By orbiting stars closely"
      ],
      "correct_answer": "C"
    },
    {
      "question": "What does an Einstein ring help scientists estimate?",
      "options": [
        "Planet color",
        "Planet mass",
        "Star distance",
        "Planet temperature"
      ],
      "correct_answer": "B"
    },
    {
      "question": "Why is Gaia's orientation important in this discovery?",
      "options": [
        "It provided a unique view of the event",
        "It made the planet brighter",
        "It orbited Earth faster",
        "It detected radio waves"
      ],
      "correct_answer": "A"
    },
    {
      "question": "What do statistical models analyze in microlensing?",
      "options": [
        "Planet surfaces",
        "Patterns in event data",
        "Star compositions",
        "Telescope designs"
      ],
      "correct_answer": "B"
    }
  ],
  "background_read": [
    "Exoplanets are planets outside our solar system, often found orbiting stars. Microlensing is a key method for detecting rogue planets, which are not bound to stars and are challenging to observe. The Einstein desert refers to a gap in microlensing detections, suggesting fewer planets of certain sizes. Rogue planets may form through gravitational ejection from star systems or via incomplete stellar collapse, leading to gas giants. Telescopes like KMT, OGLE, and Gaia collaborate to capture rare microlensing events, enhancing our understanding of planetary diversity and formation processes in the universe."
  ],
  "Article_Structure": [
    "Main Points: The article reports the discovery of a Saturn-sized rogue planet using microlensing, found in the Einstein desert, with insights into rogue planet origins via ejection or stellar processes. Purpose: To inform about advancements in exoplanet detection and discuss the significance of the Einstein desert in planetary studies. Evidence Evaluation: Relies on data from telescope networks and Gaia, with microlensing providing indirect but reliable evidence, though limited by sample size. Author Credibility: Based on research from scientific teams using established methods, though specific author details are not provided. Methodology: Utilizes microlensing observations, statistical analysis of Einstein rings, and multi-telescope collaboration to gather and interpret data."
  ],
  "perspectives": [
    {
      "perspective": "Astronomical research",
      "description": "Highlights how technology and collaboration lead to discoveries about planetary formation."
    }
  ],
  "image_url": "/article_images/article_b243ed0717e037e4_3ef463aaac91.webp"
}