{
  "title": "Strategic Divestiture: BP's $6 Billion Castrol Sale and Corporate Realignment",
  "summary": "BP has executed a significant divestiture by selling a 65% majority stake in its Castrol motor oil division to Stonepeak, a US-based investment firm, for $6 billion, which values Castrol at $10.1 billion. BP will retain a 35% minority stake, reflecting a strategic partnership rather than a complete exit. The proceeds are earmarked for debt reduction, enabling BP to sharpen its focus on its core crude oil and gas business, as part of a broader $20 billion asset sale initiative announced in February, with the company now exceeding halfway toward this target. This move underscores a strategic pivot away from green energy investments, driven by investor dissatisfaction with BP's lagging profits and share price compared to rivals such as Shell and Equinor, amid a broader industry trend encouraged by political calls like 'drill baby drill'. The transaction occurs amidst leadership transitions, including the appointment of Meg O'Neill as BP's first female CEO, set to assume role in 2026, following recent changes in chairmanship and CEO positions. Interim CEO Carol Howle characterized the sale as advantageous for stakeholders, emphasizing operational simplification and enhanced focus on integrated businesses. This divestiture is part of a series of sales, including the offloading of US onshore wind energy and Dutch mobility units, illustrating BP's concerted effort to streamline its portfolio and fortify its financial position in a volatile energy market.",
  "keywords": [
    {
      "term": "divestiture",
      "explanation": "the action of selling off subsidiary business interests or investments"
    },
    {
      "term": "strategic partnership",
      "explanation": "a collaborative arrangement between companies to achieve mutual business objectives"
    },
    {
      "term": "debt reduction",
      "explanation": "the process of decreasing the amount of money owed by a company to improve financial health"
    },
    {
      "term": "corporate realignment",
      "explanation": "the restructuring of a company's strategy, operations, or focus to adapt to market conditions"
    },
    {
      "term": "investor dissatisfaction",
      "explanation": "discontent among shareholders due to poor financial performance or strategic decisions"
    },
    {
      "term": "volatile energy market",
      "explanation": "a market characterized by rapid and unpredictable price fluctuations in energy commodities"
    },
    {
      "term": "portfolio streamlining",
      "explanation": "the process of simplifying a company's range of investments or business units to enhance efficiency"
    },
    {
      "term": "integrated businesses",
      "explanation": "operations that combine multiple stages of production or service delivery within a company"
    }
  ],
  "questions": [
    {
      "question": "What is the total valuation of Castrol in this deal?",
      "options": [
        "$10.1 billion",
        "$6 billion",
        "$20 billion",
        "$7.5 billion"
      ],
      "correct_answer": "$10.1 billion"
    },
    {
      "question": "How does BP's retention of a 35% stake in Castrol reflect its strategy?",
      "options": [
        "As a strategic partnership rather than a complete exit",
        "As a temporary holding until full sale",
        "As a move to dominate the lubricants market",
        "As a compliance requirement"
      ],
      "correct_answer": "As a strategic partnership rather than a complete exit"
    },
    {
      "question": "What broader asset sale target did BP announce in February?",
      "options": [
        "$20 billion",
        "$10.1 billion",
        "$6 billion",
        "$35 billion"
      ],
      "correct_answer": "$20 billion"
    },
    {
      "question": "What factor is driving BP's shift away from green energy investments?",
      "options": [
        "Investor dissatisfaction with financial performance",
        "Government regulations favoring fossil fuels",
        "Technological limitations in renewables",
        "Increased competition in green energy"
      ],
      "correct_answer": "Investor dissatisfaction with financial performance"
    },
    {
      "question": "How does the article contextualize BP's strategy within industry trends?",
      "options": [
        "By mentioning rivals scaling back green investments and political influences",
        "By focusing solely on BP's internal decisions",
        "By comparing to automotive industry shifts",
        "By highlighting consumer demand changes"
      ],
      "correct_answer": "By mentioning rivals scaling back green investments and political influences"
    },
    {
      "question": "What leadership change is highlighted in relation to this sale?",
      "options": [
        "Appointment of Meg O'Neill as CEO starting in 2026",
        "Resignation of Albert Manifold as chairman",
        "Promotion of Carol Howle to permanent CEO",
        "Hiring of a new CFO"
      ],
      "correct_answer": "Appointment of Meg O'Neill as CEO starting in 2026"
    },
    {
      "question": "How does interim CEO Carol Howle describe the outcome of the sale?",
      "options": [
        "As a very good outcome for all stakeholders",
        "As a necessary compromise for debt reduction",
        "As a setback for green energy initiatives",
        "As a routine business transaction"
      ],
      "correct_answer": "As a very good outcome for all stakeholders"
    },
    {
      "question": "What other assets has BP divested as part of its streamlining efforts?",
      "options": [
        "US onshore wind energy business and Dutch mobility arm",
        "All international oil operations",
        "Its renewable energy division entirely",
        "Stakes in competitor companies"
      ],
      "correct_answer": "US onshore wind energy business and Dutch mobility arm"
    },
    {
      "question": "What is the significance of BP being over halfway to its $20 billion asset sale target?",
      "options": [
        "It indicates progress in corporate restructuring and financial goals",
        "It shows failure to meet initial timelines",
        "It suggests a shift back to green energy",
        "It reflects increased market volatility"
      ],
      "correct_answer": "It indicates progress in corporate restructuring and financial goals"
    },
    {
      "question": "How does the article assess the evidence presented?",
      "options": [
        "As based on corporate statements with potential bias",
        "As independently verified through external audits",
        "As speculative without concrete data",
        "As primarily anecdotal from industry experts"
      ],
      "correct_answer": "As based on corporate statements with potential bias"
    }
  ],
  "background_read": [
    "BP, a multinational oil and gas corporation, has undergone significant transformation since its founding in 1909, with Castrol representing a key acquisition in 2000 to diversify into lubricants. In response to evolving market dynamics, including pressure from investors for improved returns and competition from rivals like Shell, BP has embarked on a strategic realignment. The $20 billion asset sale initiative aims to reduce leverage and refocus on hydrocarbon extraction, marking a retreat from earlier commitments to renewable energy under the 'Net Zero' agenda. This shift reflects broader industry trends where energy firms are reassessing green investments due to economic and political factors, such as calls for increased fossil fuel production. Leadership changes, including the upcoming CEO Meg O'Neill, highlight BP's ongoing governance evolution. Analyzing this context is crucial for understanding the Castrol sale as a tactical move within a complex corporate strategy, influenced by financial, operational, and stakeholder considerations in a global energy landscape."
  ],
  "Article_Structure": [
    "Main Points: BP's sale of a 65% stake in Castrol to Stonepeak for $6 billion facilitates debt reduction and a strategic refocus on core oil and gas operations, as part of a $20 billion divestiture plan. Purpose: The article aims to report on a major corporate transaction while analyzing BP's broader strategic pivot away from green energy, driven by investor pressures and industry trends. Evidence Evaluation: Sources include BP's official statements and executive quotes, offering credible but potentially biased perspectives; lacks independent verification or critical external analysis. Author Credibility: As a BBC Business piece, it maintains journalistic standards but may prioritize corporate narratives over investigative depth. Methodology: Relies on secondary reporting from press releases and industry context, without primary data collection or methodological rigor. Critical Assessment: Strengths include timely coverage and clear explanation of strategic implications; limitations involve reliance on company sources and insufficient exploration of environmental or social impacts."
  ],
  "perspectives": [
    {
      "perspective": "Strategic Financial Management",
      "description": "BP is leveraging asset sales like the Castrol deal to optimize its balance sheet, reduce debt, and reallocate resources towards more profitable core operations in response to market pressures."
    }
  ],
  "image_url": "/article_images/article_c8559fbcdeee3ab3_d58aa64ca517.webp"
}