{
  "title": "Molecular Convergence of Amyloid Beta and Inflammatory Pathways in Alzheimer's Synaptic Pathology",
  "summary": "Alzheimer's disease represents a complex neurodegenerative condition marked by progressive cognitive decline, largely attributed to the deterioration of neuronal networks and synaptic connections. While amyloid beta plaques have historically been central to etiological models, emerging evidence implicates neuroinflammation as a critical contributor. A recent study in Proceedings of the National Academy of Sciences elucidates a potential mechanistic link between these two pathways through the LilrB2 receptor, a molecule involved in synaptic pruning. Researchers, including Carla Shatz and Barbara Brott, demonstrated that amyloid beta binds to LilrB2, activating signals for synapse elimination—a process previously shown to exacerbate memory loss in Alzheimer's models. Extending this, the investigation explored whether inflammatory mediators, specifically components of the complement cascade, could engage the same receptor. Screening identified C4d, a cleavage product of complement component C4, as a high-affinity ligand for LilrB2. In vivo experiments involving intracerebral injection of C4d into mice resulted in significant synapse stripping, analogous to Alzheimer's pathology. This convergence suggests that both amyloidogenic and inflammatory stimuli may hijack a physiological pruning mechanism, leading to pathological synapse loss. The findings propose a unified framework where diverse Alzheimer's risk factors coalesce at LilrB2, offering novel insights into disease progression and highlighting potential therapeutic strategies targeting this receptor or its ligands to mitigate synaptic degeneration.",
  "keywords": [
    {
      "term": "etiological models",
      "explanation": "theoretical frameworks explaining the causes and origins of a disease"
    },
    {
      "term": "neuroinflammation",
      "explanation": "inflammation in the nervous system, often involving immune cells like microglia, which can damage neurons"
    },
    {
      "term": "mechanistic link",
      "explanation": "a direct connection between biological processes that explains how they interact causally"
    },
    {
      "term": "ligand",
      "explanation": "a molecule that binds specifically to a receptor, triggering a cellular response"
    },
    {
      "term": "synaptic degeneration",
      "explanation": "the breakdown or loss of synapses, a key feature in neurodegenerative diseases like Alzheimer's"
    }
  ],
  "questions": [
    {
      "question": "What is the significance of the LilrB2 receptor in the context of Alzheimer's disease?",
      "options": [
        "It serves as a convergence point for amyloid beta and inflammatory pathways in synaptic pruning",
        "It primarily functions to produce new neurons in the hippocampus",
        "It is unrelated to Alzheimer's and only involved in developmental processes",
        "It inhibits the complement cascade to prevent inflammation"
      ],
      "correct_answer": "It serves as a convergence point for amyloid beta and inflammatory pathways in synaptic pruning"
    },
    {
      "question": "How does the study's methodology validate the interaction between C4d and LilrB2?",
      "options": [
        "Through binding assays and in vivo injection experiments in mice",
        "By surveying Alzheimer's patients' brain tissues only",
        "Using computational models without experimental verification",
        "By testing it in cell cultures without animal models"
      ],
      "correct_answer": "Through binding assays and in vivo injection experiments in mice"
    },
    {
      "question": "What broader implication does the convergence of amyloid beta and inflammation have for Alzheimer's research?",
      "options": [
        "It suggests a unified pathological mechanism that could simplify therapeutic targeting",
        "It indicates that amyloid beta is irrelevant to disease progression",
        "It proves that inflammation alone causes all Alzheimer's symptoms",
        "It shows that synaptic pruning is not involved in memory loss"
      ],
      "correct_answer": "It suggests a unified pathological mechanism that could simplify therapeutic targeting"
    },
    {
      "question": "What role does the complement cascade play in healthy versus Alzheimer's-affected brains?",
      "options": [
        "In health, it eliminates pathogens; in Alzheimer's, it may contribute to excessive synaptic pruning",
        "In health, it causes inflammation; in Alzheimer's, it reduces inflammation",
        "It is always beneficial and prevents neurodegeneration",
        "It has no known function in the brain"
      ],
      "correct_answer": "In health, it eliminates pathogens; in Alzheimer's, it may contribute to excessive synaptic pruning"
    },
    {
      "question": "How does the study address the limitations of previous Alzheimer's theories?",
      "options": [
        "By integrating multiple factors into a single pathway, offering a more comprehensive explanation",
        "By dismissing the role of amyloid beta entirely",
        "By focusing solely on genetic mutations",
        "By ignoring inflammatory contributions"
      ],
      "correct_answer": "By integrating multiple factors into a single pathway, offering a more comprehensive explanation"
    },
    {
      "question": "What is the potential therapeutic target identified in this research?",
      "options": [
        "The LilrB2 receptor or its ligands like C4d",
        "Increasing amyloid beta production",
        "Blocking all synaptic pruning processes",
        "Enhancing complement cascade activity"
      ],
      "correct_answer": "The LilrB2 receptor or its ligands like C4d"
    },
    {
      "question": "How does synaptic pruning relate to normal brain function versus Alzheimer's pathology?",
      "options": [
        "Normally, it refines neural circuits; in Alzheimer's, it becomes excessive and destructive",
        "It is always harmful and leads to memory loss",
        "It only occurs in disease states and not during development",
        "It has no connection to learning or memory"
      ],
      "correct_answer": "Normally, it refines neural circuits; in Alzheimer's, it becomes excessive and destructive"
    },
    {
      "question": "What evidence supports the author's credibility in this field?",
      "options": [
        "Carla Shatz's long-term research on LilrB2 and synaptic pruning, with publications in high-impact journals",
        "The authors are new to neuroscience with no prior publications",
        "The study is based solely on anecdotal evidence",
        "It lacks institutional support or peer review"
      ],
      "correct_answer": "Carla Shatz's long-term research on LilrB2 and synaptic pruning, with publications in high-impact journals"
    },
    {
      "question": "What critical assessment can be made of the study's findings?",
      "options": [
        "Strong mechanistic insights but requires validation in human models and clinical settings",
        "It definitively proves the cause of Alzheimer's without need for further research",
        "The methods are flawed due to lack of control groups",
        "It overemphasizes inflammation while ignoring other factors like tau proteins"
      ],
      "correct_answer": "Strong mechanistic insights but requires validation in human models and clinical settings"
    },
    {
      "question": "How does the study contribute to understanding Alzheimer's disease progression?",
      "options": [
        "By revealing how multiple risk factors may interact to accelerate synaptic loss over time",
        "By showing that Alzheimer's progresses randomly with no predictable pattern",
        "By indicating that only early-life factors matter",
        "By proving that synapse loss is reversible in all cases"
      ],
      "correct_answer": "By revealing how multiple risk factors may interact to accelerate synaptic loss over time"
    }
  ],
  "background_read": [
    "Alzheimer's disease is a multifactorial disorder involving genetic, environmental, and biological factors. Key pathological hallmarks include extracellular amyloid beta plaques and intracellular neurofibrillary tangles of tau protein, but recent research emphasizes the role of neuroinflammation mediated by microglia and the complement system. Synaptic pruning is a conserved process regulated by molecules like LilrB2, essential for neural circuit optimization during development and plasticity. Dysregulation of this process is implicated in various neuropsychiatric and neurodegenerative conditions. This study builds on foundational work by Carla Shatz, who identified LilrB2's role in pruning, and integrates it with contemporary understanding of Alzheimer's immunology. The complement cascade, part of the innate immune response, has been linked to synaptic elimination in diseases, but its specific interactions with Alzheimer's pathways remain underexplored. This research fills a gap by demonstrating a direct molecular link, offering a paradigm shift in how we conceptualize Alzheimer's pathogenesis and potential interventions."
  ],
  "Article_Structure": [
    "Main Points: The study identifies LilrB2 as a common receptor for amyloid beta and inflammatory molecule C4d, leading to excessive synaptic pruning in Alzheimer's. Purpose: To bridge amyloid and inflammation theories, providing a cohesive mechanistic explanation for synaptic loss. Evidence Evaluation: Robust experimental design includes in vitro binding assays and in vivo mouse models, though translational to humans is pending. Author Credibility: Led by established neuroscientist Carla Shatz with a track record in synaptic biology, supported by reputable funding. Methodology: Combined molecular screening, biochemical assays, and animal experimentation to validate interactions and functional outcomes. Critical Assessment: Offers innovative insights but limited by animal model relevance and need for human tissue studies to confirm clinical applicability."
  ],
  "perspectives": [
    {
      "perspective": "Integrative pathogenesis",
      "description": "This research advocates for a holistic view of Alzheimer's, where diverse pathological inputs converge on shared molecular effectors, challenging single-target therapeutic approaches."
    }
  ],
  "image_url": "/article_images/article_6b6366225860ec3b_0f6b9a7c6212.webp"
}