{
  "title": "Analyzing the Golden Globes: Satire, Awards, and Cultural Impact",
  "summary": "The Golden Globes ceremony served as the inaugural event of Hollywood's awards season, characterized by a blend of satire, celebratory moments, and cultural commentary. Host Nikki Glaser delivered a monologue replete with pointed humor, targeting high-profile figures such as George Clooney and Leonardo DiCaprio, while extending her critique to institutions like the US Department of Justice and CBS, thereby infusing the entertainment with political satire. The evening featured parodic elements, including a spoof of Nicole Kidman's AMC ad and a K-Pop parody, highlighting the show's self-referential and meta-humorous tone. A significant moment arose when a recording artist-actress, winning for 'One Battle After Another', articulated an empowerment-focused acceptance speech aimed at young girls, emphasizing themes of representation and self-worth. The introduction of a podcast category marked an evolution in the awards' scope, with Amy Poehler's victory accompanied by her humorous interactions with Snoop Dogg and jabs at nominees like NPR, reflecting the ongoing integration of digital media into traditional ceremonies. Overall, the event underscored the Golden Globes' role in shaping industry narratives through a mix of levity and substantive discourse.",
  "keywords": [
    {
      "term": "political satire",
      "explanation": "the use of humor, irony, or exaggeration to criticize political figures or systems, often to provoke thought or change"
    },
    {
      "term": "meta-humor",
      "explanation": "humor that references or comments on the nature of humor itself or the context in which it is delivered"
    },
    {
      "term": "empowerment discourse",
      "explanation": "language and rhetoric that aims to inspire confidence and agency, particularly among marginalized groups"
    },
    {
      "term": "digital media integration",
      "explanation": "the incorporation of internet-based formats like podcasts into traditional media structures"
    },
    {
      "term": "industry narratives",
      "explanation": "the stories and themes that shape perceptions and discussions within the entertainment industry"
    },
    {
      "term": "self-referential tone",
      "explanation": "a style that refers back to itself or its context, often used in comedy or critique"
    }
  ],
  "questions": [
    {
      "question": "How did Nikki Glaser's monologue contribute to the political dimension of the Golden Globes?",
      "options": [
        "By satirizing institutions like the US Department of Justice",
        "By endorsing specific political candidates",
        "By avoiding any political references",
        "By focusing solely on celebrity gossip"
      ],
      "correct_answer": "By satirizing institutions like the US Department of Justice"
    },
    {
      "question": "What cultural significance did the empowerment speech by the recording artist-actress hold?",
      "options": [
        "It addressed issues of representation and self-worth for young girls",
        "It criticized the awards show for lack of diversity",
        "It promoted a new film project",
        "It was a generic thank-you speech"
      ],
      "correct_answer": "It addressed issues of representation and self-worth for young girls"
    },
    {
      "question": "How does the introduction of a podcast category reflect changes in the media landscape?",
      "options": [
        "It shows the awards adapting to include digital content formats",
        "It indicates a decline in traditional film and TV",
        "It was a one-time experiment",
        "It replaced an existing category without reason"
      ],
      "correct_answer": "It shows the awards adapting to include digital content formats"
    },
    {
      "question": "What role did meta-humor play in the ceremony as described in the article?",
      "options": [
        "It was used in parodies and self-referential jokes",
        "It was absent from the event",
        "It only appeared in award speeches",
        "It focused on historical events"
      ],
      "correct_answer": "It was used in parodies and self-referential jokes"
    },
    {
      "question": "How did Amy Poehler's comments about NPR contribute to the article's themes?",
      "options": [
        "They added humor while critiquing media practices",
        "They were a serious critique of journalism",
        "They praised NPR for its coverage",
        "They were unrelated to the ceremony"
      ],
      "correct_answer": "They added humor while critiquing media practices"
    },
    {
      "question": "What does the article suggest about the Golden Globes' broader impact on Hollywood?",
      "options": [
        "It shapes industry narratives through entertainment and discourse",
        "It has no significant influence",
        "It only focuses on awarding films",
        "It is primarily a political event"
      ],
      "correct_answer": "It shapes industry narratives through entertainment and discourse"
    },
    {
      "question": "How were parodic elements like the K-Pop parody utilized in the show?",
      "options": [
        "To add humor and cultural references",
        "To award music prizes",
        "To promote K-Pop artists",
        "To criticize music trends"
      ],
      "correct_answer": "To add humor and cultural references"
    },
    {
      "question": "What methodological approach does the article use in reporting the event?",
      "options": [
        "Observational summarization of key moments",
        "In-depth interviews with all participants",
        "Statistical analysis of award trends",
        "Historical comparison with past ceremonies"
      ],
      "correct_answer": "Observational summarization of key moments"
    },
    {
      "question": "How does the article evaluate the credibility of its sources?",
      "options": [
        "It relies on direct descriptions from the ceremony without external verification",
        "It cites multiple expert opinions",
        "It uses anonymous insider tips",
        "It references academic studies"
      ],
      "correct_answer": "It relies on direct descriptions from the ceremony without external verification"
    },
    {
      "question": "What critical assessment can be made of the article's coverage?",
      "options": [
        "It provides entertainment-focused insights but lacks analytical depth",
        "It offers a comprehensive critique of the awards system",
        "It is biased against the Golden Globes",
        "It ignores key moments entirely"
      ],
      "correct_answer": "It provides entertainment-focused insights but lacks analytical depth"
    }
  ],
  "background_read": [
    "The Golden Globes, organized by the Hollywood Foreign Press Association, is a prominent awards ceremony that recognizes achievements in film and television, often seen as a precursor to the Oscars. Historically, it has been noted for its more informal and humorous tone, allowing hosts to engage in satire and social commentary. In recent years, the ceremony has faced scrutiny over diversity and inclusion issues, leading to reforms. The inclusion of new categories, such as podcasts, reflects the evolving media ecosystem and the awards' attempt to stay relevant. This event not only celebrates artistic work but also serves as a platform for cultural and political statements, influencing public discourse within the entertainment industry."
  ],
  "Article_Structure": [
    "The article provides a 100-word in-depth analysis covering: Main Points - It details the Golden Globes' key moments, including Nikki Glaser's satirical monologue, award wins, and cultural speeches. Purpose - To explore how the ceremony blends entertainment with social and political commentary, highlighting its role in industry narratives. Evidence Evaluation - Relies on observational reporting from the event, offering specific examples but lacking critical source analysis or external references. Author Credibility - BBC Entertainment provides reputable coverage, though the focus is on surface-level entertainment rather than investigative journalism. Methodology - Uses descriptive summarization of the ceremony's events, without primary research or interviews. Critical Assessment - Effectively captures the event's tone and highlights but lacks depth in analyzing broader implications or biases."
  ],
  "perspectives": [
    {
      "perspective": "Media Critique",
      "description": "The article examines how the Golden Globes uses humor and awards to comment on media and society, reflecting on its evolving role."
    }
  ],
  "image_url": "/article_images/article_d4d2b38513675f88_d2cc62b41dfc.webp"
}