{
  "title": "Highlights and Humor at the Golden Globes Ceremony",
  "summary": "The Golden Globes ceremony marked the beginning of Hollywood's awards season, featuring a mix of humor, awards, and notable moments. Host Nikki Glaser opened the show with sharp jokes targeting celebrities like George Clooney and Leonardo DiCaprio, as well as institutions such as the US Department of Justice and CBS. She humorously commented on Warner Bros and Los Angeles, adding political satire to the evening. The event included a parody of K-Pop music and a spoof of Nicole Kidman's viral ad. A recording artist-actress won an award for her role in 'One Battle After Another' and delivered an inspiring speech about empowerment for young girls. In a new category for podcasts, Amy Poehler won and expressed excitement over receiving the award from Snoop Dogg, while joking about fellow nominees. The show highlighted the blend of entertainment and social commentary, with stars celebrating their achievements in a lively atmosphere.",
  "keywords": [
    {
      "term": "awards season",
      "explanation": "the period when major awards shows like the Golden Globes and Oscars take place"
    },
    {
      "term": "political satire",
      "explanation": "using humor to criticize or comment on politics and institutions"
    },
    {
      "term": "empowerment speech",
      "explanation": "a talk that encourages people, especially marginalized groups, to feel strong and confident"
    },
    {
      "term": "inaugural category",
      "explanation": "a new award category being introduced for the first time"
    },
    {
      "term": "K-Pop parody",
      "explanation": "a humorous imitation of K-Pop music or performances"
    },
    {
      "term": "celebrity humor",
      "explanation": "jokes made about famous people and their lives"
    }
  ],
  "questions": [
    {
      "question": "What does the Golden Globes signify in Hollywood?",
      "options": [
        "The start of awards season",
        "The end of the year",
        "A music festival",
        "A political event"
      ],
      "correct_answer": "The start of awards season"
    },
    {
      "question": "How did Nikki Glaser incorporate political elements into her hosting?",
      "options": [
        "By joking about the US Department of Justice",
        "By singing patriotic songs",
        "By discussing election results",
        "By inviting politicians on stage"
      ],
      "correct_answer": "By joking about the US Department of Justice"
    },
    {
      "question": "What was the message in the award winner's speech?",
      "options": [
        "Encouragement for young girls",
        "Criticism of the awards show",
        "Thanks to family members",
        "Promotion of a new movie"
      ],
      "correct_answer": "Encouragement for young girls"
    },
    {
      "question": "Why was the podcast category significant at the Golden Globes?",
      "options": [
        "It was a new category for the first time",
        "It had the most nominees",
        "It was hosted by Snoop Dogg",
        "It replaced an old category"
      ],
      "correct_answer": "It was a new category for the first time"
    },
    {
      "question": "What did Amy Poehler joke about regarding her fellow nominees?",
      "options": [
        "That NPR should try harder",
        "That they were all friends",
        "That they didn't deserve to win",
        "That they were too serious"
      ],
      "correct_answer": "That NPR should try harder"
    },
    {
      "question": "How did the article describe the overall tone of the event?",
      "options": [
        "A mix of humor and celebration",
        "Serious and formal",
        "Boring and uneventful",
        "Focused only on awards"
      ],
      "correct_answer": "A mix of humor and celebration"
    },
    {
      "question": "What role did K-Pop play in the ceremony?",
      "options": [
        "It was parodied in a performance",
        "It won multiple awards",
        "It was the main theme",
        "It was ignored entirely"
      ],
      "correct_answer": "It was parodied in a performance"
    },
    {
      "question": "Who presented the award to Amy Poehler?",
      "options": [
        "Snoop Dogg",
        "Nikki Glaser",
        "George Clooney",
        "Fran Drescher"
      ],
      "correct_answer": "Snoop Dogg"
    }
  ],
  "background_read": [
    "The Golden Globes is an annual awards show organized by the Hollywood Foreign Press Association, recognizing excellence in film and television. It is known for its more relaxed and humorous atmosphere compared to other awards like the Oscars. The ceremony often features hosts who deliver monologues with jokes about current events and celebrities. In recent years, it has expanded to include new categories, such as podcasts, reflecting changes in media. This event sets the stage for the awards season, influencing Oscar races and generating buzz in the entertainment industry."
  ],
  "Article_Structure": [
    "The article provides a 100-word analysis covering: Main Points - It highlights key moments from the Golden Globes, including host Nikki Glaser's jokes, award wins, and speeches. Purpose - To inform readers about the entertaining and significant aspects of the ceremony, showcasing humor and social messages. Evidence Evaluation - Based on direct descriptions from the event, with specific examples like jokes and speeches, but lacks external sources. Author Credibility - The BBC is a reputable news source, but the article is entertainment-focused without deep analysis. Methodology - Uses observational reporting from the ceremony, summarizing events as they occurred."
  ],
  "perspectives": [
    {
      "perspective": "Cultural Commentary",
      "description": "The article uses the Golden Globes to discuss broader themes like celebrity culture and media satire."
    }
  ],
  "image_url": "/article_images/article_d4d2b38513675f88_d2cc62b41dfc.webp"
}