{
  "title": "The Australian Open's Festivalisation: Balancing Commercial Success with Sporting Integrity",
  "summary": "The Australian Open, renowned as the 'Happy Slam,' has undergone a significant transformation under tournament director Craig Tiley's strategy of 'festivalisation,' evolving from a conventional Grand Slam into a three-week cultural spectacle. This shift integrates elements such as the innovative One Point Slam, star-powered opening ceremonies featuring Roger Federer and Novak Djokovic, and high-profile music events headlined by Peggy Gou and The Kid Laroi, effectively branding it as the 'Glastonbury of tennis.' The expansion aims to maximize revenue and broaden appeal, resulting in record attendance and enhanced global visibility. However, critical issues have surfaced, including intrusive surveillance via behind-the-scenes cameras, logistical challenges from overcrowding, and allegations that the festival atmosphere prioritizes entertainment over athletic competition, potentially undermining the tournament's core identity. With Tiley's potential departure, the article interrogates the sustainability of this model, examining tensions between commercialization and the preservation of tennis traditions. It situates these developments within broader trends in sports entertainment, questioning whether such innovations foster long-term growth or risk alienating purist stakeholders and compromising player welfare.",
  "keywords": [
    {
      "term": "festivalisation strategy",
      "explanation": "a deliberate plan to incorporate festival-like elements into a sports event to increase engagement"
    },
    {
      "term": "commercialization tensions",
      "explanation": "conflicts arising from prioritizing profit over traditional sports values"
    },
    {
      "term": "cultural spectacle",
      "explanation": "an event that combines multiple cultural forms, such as sport and music, for broad appeal"
    },
    {
      "term": "athletic integrity",
      "explanation": "the maintenance of fair and focused competition in sports"
    },
    {
      "term": "surveillance concerns",
      "explanation": "issues related to privacy invasion due to excessive camera monitoring"
    },
    {
      "term": "logistical overcrowding",
      "explanation": "operational problems caused by too many attendees in limited spaces"
    },
    {
      "term": "stakeholder alienation",
      "explanation": "the risk of losing support from traditional fans, players, or sponsors"
    },
    {
      "term": "sustainability model",
      "explanation": "the long-term viability of an approach considering economic and social factors"
    },
    {
      "term": "global visibility",
      "explanation": "increased international attention and media coverage"
    },
    {
      "term": "innovation critique",
      "explanation": "analysis of the potential downsides of new ideas in sports management"
    }
  ],
  "questions": [
    {
      "question": "What is the primary strategy driving the Australian Open's transformation?",
      "options": [
        "Festivalisation",
        "Reduction in ticket prices",
        "Focus on player privacy",
        "Shortening the event duration"
      ],
      "correct_answer": "Festivalisation"
    },
    {
      "question": "How does the article characterize the tension in the tournament's evolution?",
      "options": [
        "Between commercialization and sporting integrity",
        "Between player rivalries and fan loyalty",
        "Between weather conditions and scheduling",
        "Between local and international audiences"
      ],
      "correct_answer": "Between commercialization and sporting integrity"
    },
    {
      "question": "What specific innovation was introduced to engage new audiences?",
      "options": [
        "One Point Slam",
        "Extended qualifying rounds",
        "Free admission days",
        "Player autograph sessions"
      ],
      "correct_answer": "One Point Slam"
    },
    {
      "question": "Which artist performed at the AO Live event, as mentioned in the article?",
      "options": [
        "Peggy Gou",
        "Taylor Swift",
        "Ed Sheeran",
        "Beyoncé"
      ],
      "correct_answer": "Peggy Gou"
    },
    {
      "question": "What is a major criticism regarding player experience at the tournament?",
      "options": [
        "Intrusive behind-the-scenes cameras",
        "Lack of prize money",
        "Poor court conditions",
        "Inadequate training facilities"
      ],
      "correct_answer": "Intrusive behind-the-scenes cameras"
    },
    {
      "question": "What term describes the blending of sport, entertainment, and food at the Australian Open?",
      "options": [
        "Cultural jamboree",
        "Athletic festival",
        "Commercial merger",
        "Global convergence"
      ],
      "correct_answer": "Cultural jamboree"
    },
    {
      "question": "Why is Craig Tiley's potential departure significant?",
      "options": [
        "It raises questions about the future direction of festivalisation",
        "It means the tournament will end",
        "It indicates a shift to a two-week format",
        "It suggests reduced player participation"
      ],
      "correct_answer": "It raises questions about the future direction of festivalisation"
    },
    {
      "question": "How has the tournament's duration changed in recent years?",
      "options": [
        "Extended to three weeks",
        "Contracted to one week",
        "Stabilized at two weeks",
        "Became irregular"
      ],
      "correct_answer": "Extended to three weeks"
    },
    {
      "question": "What broader trend in sports does the Australian Open's evolution reflect?",
      "options": [
        "Increasing integration of entertainment to attract wider audiences",
        "Declining interest in traditional tournaments",
        "Focus on amateur participation",
        "Reduction in commercial activities"
      ],
      "correct_answer": "Increasing integration of entertainment to attract wider audiences"
    },
    {
      "question": "What is a potential risk of the festivalisation model, according to the article?",
      "options": [
        "Alienating traditional tennis fans and players",
        "Decreasing revenue streams",
        "Reducing global media coverage",
        "Limiting innovation in game formats"
      ],
      "correct_answer": "Alienating traditional tennis fans and players"
    }
  ],
  "background_read": [
    "The Australian Open, established in 1905, is one of tennis's four Grand Slams and has a history of innovation, such as introducing hard courts and roofed stadiums. In recent decades, under leadership like Craig Tiley's, it has embraced 'festivalisation'—a concept drawn from events like Glastonbury—to enhance its appeal beyond core tennis audiences. This involves expanding the event to three weeks, incorporating music, food, and entertainment, and leveraging star power from figures like Roger Federer. The strategy aligns with global sports trends where events seek to maximize commercial returns through diversified experiences. However, this raises ethical and practical questions about athlete welfare, fan engagement, and the preservation of sporting traditions, making it a case study in modern sports management and cultural integration."
  ],
  "Article_Structure": [
    "The article provides an in-depth analysis of the Australian Open's shift towards festivalisation, detailing main points such as the integration of entertainment elements and associated criticisms. Its purpose is to evaluate the tournament's commercial success while questioning its impact on tennis integrity, set within the broader context of sports entertainment trends. Evidence evaluation notes specific examples like the One Point Slam and music events, though it lacks statistical data, relying on descriptive reporting. Author credibility is assumed through BBC Sport's platform, but no individual expertise is specified, potentially introducing bias towards observational critique. Methodology involves summarizing recent developments and potential interviews, with a critical assessment highlighting strengths in innovation and audience reach, but limitations in addressing long-term sustainability and player concerns."
  ],
  "perspectives": [
    {
      "perspective": "Commercial Optimist",
      "description": "Views festivalisation as a necessary evolution to secure financial stability and expand tennis's global footprint, leveraging entertainment to sustain the sport."
    },
    {
      "perspective": "Purist Skeptic",
      "description": "Contends that over-commercialization risks eroding the tournament's athletic essence, potentially marginalizing dedicated fans and compromising competitive purity."
    }
  ],
  "image_url": "/article_images/article_9b447a3c0efe6e19_8eaee7f7f2ec.webp"
}