{
  "title": "Avian Influenza Threat: Expert Analysis for UK Farmers",
  "summary": "A leading virology expert has issued a warning through the BBC about a highly infectious avian influenza virus spreading in the UK, which could potentially be the most severe outbreak to date. The expert emphasizes that the virus has the ability to mutate, increasing its transmissibility and possibly leading to more widespread infections among bird populations and even posing risks to human health. This situation requires immediate attention from farmers, who are advised to implement strict biosecurity measures, such as isolating flocks and monitoring for symptoms. The spread of bird flu can have significant economic impacts, including losses in poultry farming and disruptions to food supplies. Public health officials are monitoring the situation closely to prevent a larger crisis, highlighting the importance of collaboration between experts, farmers, and government agencies to mitigate the threat.",
  "keywords": [
    {
      "term": "avian influenza",
      "explanation": "a viral infection that primarily affects birds but can occasionally transmit to humans, causing respiratory illness"
    },
    {
      "term": "virology",
      "explanation": "the scientific study of viruses and viral diseases"
    },
    {
      "term": "mutate",
      "explanation": "the process by which a virus undergoes genetic changes, potentially altering its behavior and infectivity"
    },
    {
      "term": "biosecurity",
      "explanation": "measures taken to protect against the spread of harmful biological agents, such as diseases in agriculture"
    },
    {
      "term": "transmissibility",
      "explanation": "the ability of a disease to spread from one host to another"
    },
    {
      "term": "outbreak",
      "explanation": "a sudden increase in the occurrence of a disease in a specific population or area"
    },
    {
      "term": "poultry",
      "explanation": "domesticated birds raised for meat or eggs, such as chickens and turkeys"
    },
    {
      "term": "public health",
      "explanation": "the science and practice of protecting and improving the health of communities through prevention and education"
    },
    {
      "term": "economic impact",
      "explanation": "the effect of an event on the economy, such as financial losses in industries"
    },
    {
      "term": "monitoring",
      "explanation": "the ongoing observation and assessment of a situation to detect changes or risks"
    }
  ],
  "questions": [
    {
      "question": "What is the main concern expressed by the virology expert?",
      "options": [
        "The virus is harmless",
        "The virus could mutate and become worse",
        "Farmers are overreacting",
        "The UK has no bird flu"
      ],
      "correct_answer": "B"
    },
    {
      "question": "Which organization reported this warning?",
      "options": [
        "BBC",
        "CNN",
        "Fox News",
        "Al Jazeera"
      ],
      "correct_answer": "A"
    },
    {
      "question": "What does 'avian influenza' refer to?",
      "options": [
        "A flu that affects only humans",
        "A flu that affects birds and sometimes humans",
        "A type of plant disease",
        "A weather phenomenon"
      ],
      "correct_answer": "B"
    },
    {
      "question": "Why is mutation a significant issue in viruses?",
      "options": [
        "It makes viruses weaker",
        "It can increase infectivity and spread",
        "It always cures the disease",
        "It only affects animals"
      ],
      "correct_answer": "B"
    },
    {
      "question": "What role do farmers play in this situation?",
      "options": [
        "They ignore the virus",
        "They implement biosecurity measures",
        "They spread the virus intentionally",
        "They study virology"
      ],
      "correct_answer": "B"
    },
    {
      "question": "How can bird flu impact the economy?",
      "options": [
        "By improving trade",
        "By causing losses in poultry farming",
        "By increasing tourism",
        "By reducing food prices"
      ],
      "correct_answer": "B"
    },
    {
      "question": "What is biosecurity in this context?",
      "options": [
        "Measures to protect against disease spread",
        "A type of insurance",
        "A method for growing crops",
        "A political policy"
      ],
      "correct_answer": "A"
    },
    {
      "question": "What does transmissibility mean?",
      "options": [
        "The ability to cure a disease",
        "The ability to spread between hosts",
        "The color of the virus",
        "The age of the virus"
      ],
      "correct_answer": "B"
    },
    {
      "question": "Who is monitoring the bird flu situation?",
      "options": [
        "Only farmers",
        "Public health officials",
        "Tourists",
        "Sports teams"
      ],
      "correct_answer": "B"
    },
    {
      "question": "What is the potential risk to humans from bird flu?",
      "options": [
        "No risk at all",
        "It can cause respiratory illness",
        "It improves immunity",
        "It only affects children"
      ],
      "correct_answer": "B"
    }
  ],
  "background_read": [
    "Avian influenza, commonly known as bird flu, is caused by influenza viruses that naturally circulate in wild birds but can infect domestic poultry. Past outbreaks, such as H5N1, have led to significant bird mortalities and occasional human cases, raising concerns about pandemics. Viruses mutate through genetic changes, which can enhance their ability to infect new species or evade immune responses. In agriculture, biosecurity involves practices like disinfecting equipment and controlling access to farms to prevent disease introduction. Public health agencies worldwide monitor avian flu to assess risks and develop response plans, emphasizing the need for global cooperation in disease surveillance and control."
  ],
  "Article_Structure": [
    "This article analyzes a warning from a virology expert about a highly infectious avian influenza virus in the UK, highlighting key arguments that it could mutate into a more severe threat. The purpose is to alert farmers and the public to potential risks, urging preventive actions. Evidence is based on expert testimony from the BBC, which is credible but lacks detailed data, so evaluation should consider the need for peer-reviewed studies. The author's credibility stems from being a top virologist, though specific expertise isn't detailed. Methodology involves expert analysis and media reporting, relying on observational data rather than controlled experiments, which may limit comprehensiveness."
  ],
  "perspectives": [
    {
      "perspective": "Scientific perspective",
      "description": "Experts focus on viral mutation risks and the need for ongoing research and monitoring to prevent outbreaks."
    },
    {
      "perspective": "Agricultural perspective",
      "description": "Farmers are concerned about economic losses and the practical challenges of implementing biosecurity measures."
    },
    {
      "perspective": "Public health perspective",
      "description": "Officials emphasize surveillance and preparedness to protect human health from potential zoonotic transmission."
    }
  ],
  "image_url": "/article_images/article_62820fd89e30a374_39380b245b69.webp"
}