{
  "title": "Deconstructing the Thanksgiving Narrative: Historical Erasure and Identity Formation",
  "summary": "In this insightful analysis, historian Thomas Tweed deconstructs the conventional Thanksgiving narrative, revealing how it has been shaped by historical forces that often erase indigenous and minority contributions. Tweed argues that while the 1621 feast between Pilgrims and Wampanoag is central to American folklore, rituals of gratitude in North America predate this event by centuries. For example, the Cahokians in the 11th century conducted elaborate feasts in Cahokia, a major pre-Columbian urban center, where they expressed thanks to deities through symbolic consumption of animals like white swans, distinct from their staple diet. The Pilgrims, as separatist Puritans, immigrated to Plymouth after a stint in Holland, driven by desires for religious autonomy, but their story was amplified in the late 19th and early 20th centuries to forge a national identity. This process marginalized Native Americans, Catholics, and Jews, narrowing the concept of American belonging. Tweed's examination, supported by his upcoming book 'Religion in the Lands That Became America,' underscores the political and social implications of such historical selectivity, urging a critical reassessment of Thanksgiving to acknowledge its multifaceted origins and promote a more inclusive historical consciousness.",
  "keywords": [
    {
      "term": "Pilgrims",
      "explanation": "English religious separatists who established Plymouth Colony, representing early American settler colonialism"
    },
    {
      "term": "Thanksgiving",
      "explanation": "a cultural and national holiday with contested origins, involving historical narratives of gratitude and erasure"
    },
    {
      "term": "erasure",
      "explanation": "the ideological process of omitting certain groups from historical accounts, often to reinforce dominant narratives"
    },
    {
      "term": "Wampanoag",
      "explanation": "an Indigenous tribe in New England whose interactions with Pilgrims are part of the Thanksgiving mythos"
    },
    {
      "term": "Cahokia",
      "explanation": "a significant Mississippian culture city that hosted large-scale ritual feasts, illustrating pre-Columbian complexity"
    },
    {
      "term": "Puritans",
      "explanation": "a Protestant group in England advocating church reform, with subsets like the Pilgrims seeking separation"
    },
    {
      "term": "historiography",
      "explanation": "the study of historical writing and interpretation, relevant to how Thanksgiving stories are constructed"
    },
    {
      "term": "national identity",
      "explanation": "the collective sense of belonging shaped by historical narratives, often excluding minority perspectives"
    },
    {
      "term": "ritual tobacco",
      "explanation": "a substance used in Native American ceremonies for spiritual purposes, mentioned in Cahokian contexts"
    },
    {
      "term": "separatist",
      "explanation": "referring to groups that break away from established institutions, like the Pilgrims from the Church of England"
    }
  ],
  "questions": [
    {
      "question": "What evidence does Tweed use to show Thanksgiving rituals predate the Pilgrims?",
      "options": [
        "Cahokian feasts in the 11th century",
        "European medieval festivals",
        "Asian harvest ceremonies",
        "African tribal rituals"
      ],
      "correct_answer": "Cahokian feasts in the 11th century"
    },
    {
      "question": "How did the standardization of the Thanksgiving narrative in the early 20th century affect American society?",
      "options": [
        "It marginalized certain groups",
        "It increased religious diversity",
        "It had no significant impact",
        "It promoted global unity"
      ],
      "correct_answer": "It marginalized certain groups"
    },
    {
      "question": "What is the significance of the Pilgrims' move from Holland to America?",
      "options": [
        "It reflects their quest for religious autonomy",
        "It was for economic opportunities",
        "It was forced by the Dutch government",
        "It was part of a trade mission"
      ],
      "correct_answer": "It reflects their quest for religious autonomy"
    },
    {
      "question": "Which group does Tweed argue was excluded by the focus on Pilgrims?",
      "options": [
        "Native Americans, Catholics, and Jews",
        "Only Native Americans",
        "European immigrants",
        "African Americans"
      ],
      "correct_answer": "Native Americans, Catholics, and Jews"
    },
    {
      "question": "What methodological approach does Tweed employ in his analysis?",
      "options": [
        "Historical and cultural analysis",
        "Scientific experimentation",
        "Statistical surveys",
        "Literary criticism"
      ],
      "correct_answer": "Historical and cultural analysis"
    },
    {
      "question": "How does the article assess the credibility of the author?",
      "options": [
        "As a historian with expertise in religion",
        "As a journalist with no specialization",
        "As a politician with biases",
        "As a novelist with fictional accounts"
      ],
      "correct_answer": "As a historian with expertise in religion"
    },
    {
      "question": "What critical limitation might exist in Tweed's argument?",
      "options": [
        "Potential bias towards inclusivity",
        "Lack of any historical evidence",
        "Over-reliance on Pilgrim sources",
        "Ignorance of European history"
      ],
      "correct_answer": "Potential bias towards inclusivity"
    },
    {
      "question": "What role did Cahokia play in pre-Columbian North America?",
      "options": [
        "It was a major urban center with ritual feasts",
        "It was a small farming village",
        "It was a European settlement",
        "It had no cultural significance"
      ],
      "correct_answer": "It was a major urban center with ritual feasts"
    },
    {
      "question": "How does the article evaluate the evidence for Native American thanks-giving traditions?",
      "options": [
        "As robust but interpretive",
        "As entirely fabricated",
        "As solely based on oral histories",
        "As irrelevant to modern times"
      ],
      "correct_answer": "As robust but interpretive"
    },
    {
      "question": "What broader purpose does Tweed's analysis serve?",
      "options": [
        "To encourage critical historical reassessment",
        "To defend the traditional Thanksgiving story",
        "To promote religious conversion",
        "To discuss economic policies"
      ],
      "correct_answer": "To encourage critical historical reassessment"
    }
  ],
  "background_read": [
    "The Thanksgiving narrative in the United States is deeply intertwined with national identity formation, often centering on the 1621 feast between Pilgrims and Wampanoag in Plymouth. However, this story emerged prominently in the late 19th and early 20th centuries, a period of increased immigration and nation-building, where it served to assimilate diverse populations into a Anglo-Protestant ideal. The Pilgrims were part of the Puritan movement, which included separatists who broke from the Church of England and non-separatists who founded the Massachusetts Bay Colony. Concurrently, Indigenous societies like the Cahokians in the Mississippi Valley had sophisticated cultures with large-scale feasts, as archaeological evidence shows. Tweed's analysis draws on such historical contexts to critique how selective memory erases contributions, a theme relevant to ongoing debates about historical accuracy and inclusion. Understanding this requires examining primary sources, secondary historiography, and the socio-political motives behind holiday traditions, highlighting the importance of multidisciplinary approaches in historical scholarship."
  ],
  "Article_Structure": [
    "This article provides an in-depth analysis of the Thanksgiving narrative, with main points emphasizing the pre-Pilgrim thanks-giving traditions of Native Americans, such as the Cahokian feasts, and the historical erasure of marginalized groups. The purpose is to critique how national identities are constructed through selective history and to advocate for inclusivity. Evidence evaluation notes the use of specific examples like the Wampanoag and Cahokia, which are historically documented but interpreted through a critical lens, with potential biases in source selection. Author credibility is high due to Tweed's expertise as a historian of religion, though his perspective may lean towards corrective narratives. Methodology involves historical research, including analysis of events and cultural practices, supported by academic references. Critical assessment reveals strengths in challenging dominant narratives and promoting diversity, but limitations include possible overemphasis on erasure and reliance on interpretive historical accounts that may not fully capture complexities."
  ],
  "perspectives": [
    {
      "perspective": "Postcolonial critique",
      "description": "The article examines how colonial narratives like the Thanksgiving story suppress indigenous histories and perpetuate cultural dominance."
    },
    {
      "perspective": "Identity politics",
      "description": "It explores how historical erasure shapes national identity, excluding groups such as Native Americans to reinforce certain social hierarchies."
    }
  ],
  "image_url": "/article_images/article_94f4cd13285ba15d_0e54c81b1c8c.webp"
}