{
  "title": "Unlocking Aging: A Cellular Atlas Across 21 Organs",
  "summary": "Researchers are exploring aging as a unified process to potentially reduce multiple disease risks simultaneously, rather than treating illnesses individually. A groundbreaking study published in Science provides an unprecedented atlas of aging by analyzing nearly 7 million cells from 21 organs in mice at three life stages: one month (young adult), five months (middle-aged), and 21 months (elderly). Using single-cell ATAC-seq, a technique that examines DNA packaging to assess cell activity, scientists identified over 1,800 cell subtypes and tracked their abundance changes over time. They discovered that about one-quarter of cell types significantly shift in number with age, challenging the old belief that aging only alters cell function. Key findings include declines in muscle and kidney cells and expansions in immune cells, with changes starting as early as middle age and occurring synchronously across organs, suggesting coordinated aging signals. Additionally, roughly 40% of aging-related changes differ between males and females, such as broader immune activation in females, which may explain sex-specific disease patterns. This research aims to identify drivers of aging for future interventions.",
  "keywords": [
    {
      "term": "single-cell ATAC-seq",
      "explanation": "a method that analyzes DNA accessibility to understand cell states"
    },
    {
      "term": "cell subtypes",
      "explanation": "different categories of cells with specific roles in the body"
    },
    {
      "term": "synchronized aging",
      "explanation": "coordinated changes in cells across multiple organs during aging"
    },
    {
      "term": "abundance changes",
      "explanation": "variations in the number of specific cell types over time"
    },
    {
      "term": "sex differences",
      "explanation": "variations in biological processes between males and females"
    }
  ],
  "questions": [
    {
      "question": "What technique did researchers use to study cell aging?",
      "options": [
        "Microscopy",
        "Single-cell ATAC-seq",
        "PCR",
        "X-ray"
      ],
      "correct_answer": "Single-cell ATAC-seq"
    },
    {
      "question": "How many cell subtypes were identified in the study?",
      "options": [
        "500",
        "1,000",
        "1,800",
        "2,500"
      ],
      "correct_answer": "1,800"
    },
    {
      "question": "What percentage of cell types showed significant abundance changes with age?",
      "options": [
        "10%",
        "25%",
        "50%",
        "75%"
      ],
      "correct_answer": "25%"
    },
    {
      "question": "At what age did some cell populations begin to decline in mice?",
      "options": [
        "One month",
        "Five months",
        "21 months",
        "Never"
      ],
      "correct_answer": "Five months"
    },
    {
      "question": "What does synchronized aging suggest about the body?",
      "options": [
        "Organs age independently",
        "Shared signals coordinate aging",
        "Aging is random",
        "Only one organ ages"
      ],
      "correct_answer": "Shared signals coordinate aging"
    },
    {
      "question": "What percentage of aging changes differed by sex?",
      "options": [
        "20%",
        "40%",
        "60%",
        "80%"
      ],
      "correct_answer": "40%"
    },
    {
      "question": "Which cell type expanded considerably with age?",
      "options": [
        "Muscle cells",
        "Kidney cells",
        "Immune cells",
        "Nerve cells"
      ],
      "correct_answer": "Immune cells"
    },
    {
      "question": "What is the main goal of this aging research?",
      "options": [
        "To cure specific diseases",
        "To understand and target aging itself",
        "To increase mouse lifespan only",
        "To study plant cells"
      ],
      "correct_answer": "To understand and target aging itself"
    }
  ],
  "background_read": [
    "Aging is a complex biological process associated with increased risks of chronic diseases like cancer and dementia. Traditionally, research focused on individual diseases, but recent approaches aim to understand aging as a root cause. Single-cell technologies, such as ATAC-seq, allow scientists to analyze individual cells' genomic activity, providing insights into cellular changes over time. Mice are commonly used in aging studies due to their genetic similarity to humans and shorter lifespans, enabling observations of aging effects. This study's findings on coordinated aging and sex differences highlight the dynamic nature of aging and its potential for targeted interventions to improve healthspan."
  ],
  "Article_Structure": [
    "Main Points: The study reveals that aging involves significant changes in cell abundance across 21 organs, starting early and synchronized, with sex-specific variations. Purpose: To shift from disease-specific treatments to understanding aging as a unified process for broader health interventions. Evidence Evaluation: High-quality, using advanced single-cell ATAC-seq on 7 million cells from mice at three ages, providing detailed cellular data. Author Credibility: Researchers from The Rockefeller University, led by Junyue Cao, experts in genomics and aging. Methodology: Employed single-cell ATAC-seq to map DNA accessibility in cells from 32 mice, identifying over 1,800 cell subtypes and tracking changes over time."
  ],
  "perspectives": [
    {
      "perspective": "Biological perspective",
      "description": "Aging is a dynamic, coordinated process involving cellular shifts that begin early and vary by sex, offering new targets for intervention."
    }
  ],
  "image_url": "/article_images/article_e7e6c66f4b7a905b_205994e3a797.webp"
}