{
  "title": "Judge's Resignation Over Concerns About Trump",
  "summary": "Mark Wolf, a federal judge originally appointed by President Ronald Reagan, has announced his resignation after serving for four decades. In a detailed essay published by The Atlantic, he expressed that Donald Trump is 'uniquely dangerous' and criticized the White House for what he sees as an assault on the rule of law. Wolf emphasized that remaining silent is no longer acceptable to him, prompting his decision to speak out publicly. He further elaborated on his concerns in an interview with journalist Amna Nawaz from PBS NewsHour. This event highlights significant tensions within the judicial system and raises questions about the integrity of democratic institutions. Wolf's actions underscore the importance of upholding legal principles, especially when they are perceived to be under threat from political figures. His resignation serves as a powerful statement on the role of judges in safeguarding justice and the potential consequences when leaders challenge foundational norms.",
  "keywords": [
    {
      "term": "federal judge",
      "explanation": "a judge who works in the national court system, handling cases that involve federal laws"
    },
    {
      "term": "resignation",
      "explanation": "the act of formally leaving a position or job"
    },
    {
      "term": "rule of law",
      "explanation": "the principle that all individuals and institutions are subject to and accountable under the law"
    },
    {
      "term": "assault",
      "explanation": "in this context, a strong attack or challenge against something"
    },
    {
      "term": "uniquely dangerous",
      "explanation": "exceptionally harmful in a way that is different from others"
    },
    {
      "term": "judicial system",
      "explanation": "the system of courts that interprets and applies the law in a country"
    },
    {
      "term": "democratic institutions",
      "explanation": "organizations and systems that support democracy, like courts and governments"
    },
    {
      "term": "integrity",
      "explanation": "the quality of being honest and having strong moral principles"
    },
    {
      "term": "political figures",
      "explanation": "people involved in politics, such as presidents or leaders"
    },
    {
      "term": "norms",
      "explanation": "standard rules or behaviors that are generally accepted in a society"
    }
  ],
  "questions": [
    {
      "question": "Who appointed Mark Wolf as a federal judge?",
      "options": [
        "President Reagan",
        "President Trump",
        "President Biden",
        "President Obama"
      ],
      "correct_answer": "President Reagan"
    },
    {
      "question": "How long did Mark Wolf serve as a judge?",
      "options": [
        "20 years",
        "30 years",
        "40 years",
        "50 years"
      ],
      "correct_answer": "40 years"
    },
    {
      "question": "Where was Mark Wolf's essay published?",
      "options": [
        "The Atlantic",
        "The New York Times",
        "PBS NewsHour",
        "A local newspaper"
      ],
      "correct_answer": "The Atlantic"
    },
    {
      "question": "What phrase did Mark Wolf use to describe Donald Trump?",
      "options": [
        "Uniquely dangerous",
        "Very nice",
        "A great leader",
        "Not important"
      ],
      "correct_answer": "Uniquely dangerous"
    },
    {
      "question": "Why did Mark Wolf feel compelled to speak out?",
      "options": [
        "He was bored",
        "He thought the assault on the rule of law was disturbing",
        "He wanted a new job",
        "He was forced to"
      ],
      "correct_answer": "He thought the assault on the rule of law was disturbing"
    },
    {
      "question": "Who interviewed Mark Wolf about his concerns?",
      "options": [
        "Amna Nawaz",
        "A random person",
        "The president",
        "A judge friend"
      ],
      "correct_answer": "Amna Nawaz"
    },
    {
      "question": "What is the rule of law?",
      "options": [
        "A law for rulers only",
        "The principle that everyone must follow the law",
        "A type of game",
        "A new policy"
      ],
      "correct_answer": "The principle that everyone must follow the law"
    },
    {
      "question": "What does 'assault on the rule of law' mean in this context?",
      "options": [
        "A physical attack",
        "A challenge to legal principles",
        "A support for laws",
        "A celebration"
      ],
      "correct_answer": "A challenge to legal principles"
    },
    {
      "question": "What broader issue does Wolf's resignation highlight?",
      "options": [
        "Tensions in the judicial system",
        "Sports events",
        "Cooking shows",
        "Weather changes"
      ],
      "correct_answer": "Tensions in the judicial system"
    },
    {
      "question": "How might supporters of Trump view Wolf's actions?",
      "options": [
        "As necessary",
        "As unfair",
        "As funny",
        "As unimportant"
      ],
      "correct_answer": "As unfair"
    }
  ],
  "background_read": [
    "Mark Wolf is a prominent conservative judge who was appointed to the federal bench by President Ronald Reagan in the 1980s. Over his 40-year career, he has been involved in numerous high-profile cases, earning respect for his judicial integrity. The rule of law is a fundamental concept in democracies, ensuring that laws are applied equally to all, including government officials. Recently, Wolf decided to resign, citing concerns about Donald Trump's presidency and its impact on legal norms. In an essay for The Atlantic, he argued that Trump's actions pose a unique threat to democratic institutions, such as the independence of the judiciary. This resignation is part of a larger debate about political influence on the courts and the responsibilities of public servants to uphold ethical standards. Understanding this context helps explain why Wolf's statement is significant in discussions about justice and governance."
  ],
  "Article_Structure": [
    "This article's main points focus on Judge Mark Wolf's resignation after 40 years, his criticism of Donald Trump as uniquely dangerous, and his concerns about the White House's assault on the rule of law. The purpose is to inform the public about a judicial figure's stance on political issues and highlight threats to democratic norms. Evidence includes Wolf's essay in The Atlantic and an interview with Amna Nawaz, providing firsthand accounts, though it relies on his perspective without opposing views. Author credibility is high as Wolf is an experienced federal judge, but potential bias exists as a conservative appointee criticizing a Republican figure. Methodology involves Wolf's personal reflections and public statements, gathered through published media, offering credible but opinion-based insights into judicial ethics and political conflicts."
  ],
  "perspectives": [
    {
      "perspective": "Judge Wolf's perspective",
      "description": "He believes Trump is a unique danger to the rule of law and that speaking out is a moral duty to protect democracy."
    },
    {
      "perspective": "Trump supporters' perspective",
      "description": "They may view Wolf's comments as biased or exaggerated, arguing that Trump's actions are within presidential authority."
    },
    {
      "perspective": "Legal experts' perspective",
      "description": "Some might agree with Wolf on the importance of judicial independence, while others could question the timing or impact of his resignation."
    }
  ],
  "image_url": "/article_images/article_10f284797ba39e7d_bd2f539c851f.webp"
}