{
  "articles": [
    {
      "id": "30e43bd950e7dcea",
      "title": "Deconstructing Sombr's Artistic Duality in the Contemporary Music Landscape",
      "summary": "Sombr, a 20-year-old alt-pop vocalist, has emerged as a significant figure in the music industry, securing third place on BBC Radio 1's Sound of 2026 list—a prognostic indicator of future influence. His ascension is characterized by a multifaceted approach: viral dissemination on TikTok, capacity-selling tours, high-profile media appearances such as on Jimmy Fallon, and accolades from icons like Taylor Swift, culminating in transatlantic chart success. Currently shortlisted for a Grammy Award in the best new artist category, this potential accolade could substantiate his commercial and critical breakthrough. At the MTV Video Music Awards, his acquisition of a Moonman trophy was accompanied by a dichotomous performance: 'Back to Friends' presented him as an angst-ridden indie archetype, enveloped in dry ice with rock instrumentation, while '12 to 12' transitioned into a disco-infused pop spectacle with choreographed dancers and a glitterball, underscoring his stylistic versatility. This duality positions Sombr as a nexus between introspective, emotionally charged indie music, influenced by Jeff Buckley and Radiohead, and polished, accessible pop akin to Harry Styles. In an era of genre fluidity, his career challenges binary categorizations, illustrating that artistic authenticity can coexist with mainstream appeal, thereby reflecting broader sociocultural shifts in music consumption and identity formation.",
      "source": "BBC Entertainment",
      "time_ago": "1 day ago",
      "image_url": "/article_images/article_30e43bd950e7dcea_3c23f0991dc4.webp",
      "category": "Fun"
    },
    {
      "id": "225ccc49758626f2",
      "title": "Quantum Structured Light: A Paradigm Shift in Information Technology",
      "summary": "Quantum structured light represents a significant advancement in photonics and quantum information science, where engineered light patterns in spatial and temporal domains are harnessed to create high-dimensional quantum states. This approach supersedes conventional qubits with qudits, enabling photons to encode substantially more information and facilitating breakthroughs across diverse sectors. In quantum communication, it augments security through multi-channel operations and enhanced error tolerance, while in quantum computing, it streamlines circuit architectures and accelerates processing for sophisticated simulations like molecular interactions. The field also propels imaging and sensing technologies, exemplified by the holographic quantum microscope for non-invasive biological imaging and sensors leveraging quantum correlations for unprecedented sensitivity. Despite two decades of evolution, marked by the development of compact on-chip sources and international collaborations, persistent challenges such as limited transmission distances necessitate further exploration of abstract degrees of freedom. Researchers, including Professor Andrew Forbes and Adam Vallés, emphasize its maturation from academic curiosity to a practical instrument, with implications for cryptography, material science, and global technological infrastructure, supported by initiatives like the Catalonia Quantum Academy.",
      "source": "Science Daily - Technology",
      "time_ago": "1 day ago",
      "image_url": "/article_images/article_225ccc49758626f2_0bce1e037134.webp",
      "category": "Fun"
    },
    {
      "id": "2c4f9d2e573c65b7",
      "title": "Analyzing Pulsar Scintillation Dynamics for Enhanced Astronomical Precision and SETI Applications",
      "summary": "In a comprehensive study spanning nearly a year, researchers from the SETI Institute investigated scintillation in the pulsar PSR J0332+5434, utilizing the Allen Telescope Array to collect data across a broad radio frequency spectrum from 900 to 1956 MHz. Scintillation, the temporal and spectral variation in radio signal intensity caused by scattering in the interstellar medium, was monitored through daily measurements of scintillation bandwidth over approximately 300 days. The findings revealed significant variability in scintillation strength on timescales ranging from days to several months, with an identified cyclical pattern of about 200 days. Pulsars, as rapidly rotating neutron stars, provide highly regular pulse emissions; however, interstellar electron clouds induce phase delays, necessitating precise timing corrections. This research developed a novel methodology for estimating frequency-dependent scintillation, leveraging the ATA's wide bandwidth to enhance accuracy. The implications extend beyond pulsar astrophysics, offering refined tools for distinguishing natural cosmic phenomena from potential technosignatures in SETI searches, as scintillation affects all extraterrestrial radio transmissions. By elucidating the dynamic interactions between pulsar signals, Earth's motion, and interstellar material, the study advances both fundamental knowledge and practical applications in high-precision astronomy.",
      "source": "Science Daily - Technology",
      "time_ago": "1 day ago",
      "image_url": "/article_images/article_2c4f9d2e573c65b7_cd503c6cab19.webp",
      "category": "Fun"
    },
    {
      "id": "592fe227bd154737",
      "title": "Charlotte Church's Candid Reflection on Paternal Influence and Terminal Illness",
      "summary": "In a recent episode of Deborah Thomas's podcast, These Three Things, Charlotte Church offered a profound insight into her life, attributing her survival and moral compass to her father, James Church. The singer, who achieved international acclaim at age 11, described the child star trajectory as arduous, replete with temptations that could have precipitated addiction, and credited her father with providing the grounding necessary to navigate this perilous path. Her father assumed a nurturing role during her tours, contrasting with her mother's focus on business management, and imparted wisdom on the transient nature of fame, fostering a balanced perspective. Concurrently, James Church battles amyloidosis, a rare and terminal blood disorder, enduring multiple near-death experiences over nine years, which has profoundly altered his life and their relationship. Church is compiling a photo album as a tribute, symbolizing her gratitude for his enduring influence on her identity. This narrative not only underscores the vulnerabilities inherent in child stardom but also explores themes of familial support, mortality, and resilience in the face of chronic illness, offering a nuanced examination of personal and public intersections.",
      "source": "BBC Entertainment",
      "time_ago": "1 day ago",
      "image_url": "/article_images/article_592fe227bd154737_597cf43b6a72.webp",
      "category": "Fun"
    },
    {
      "id": "ce615281d6e3f6d8",
      "title": "Ashley Tisdale's Critique of Toxic Social Dynamics in Celebrity Mom Groups",
      "summary": "Ashley Tisdale, a 40-year-old actress and singer renowned for her roles in Disney Channel productions and the High School Musical franchise, has articulated her departure from a 'toxic mom group' in a detailed account published by the Cut, adapted from her personal blog. Following the birth of her first daughter in 2021, Tisdale initially embraced the concept of a 'village of moms' for communal support. However, she observed a deterioration in group dynamics, characterized by exclusionary practices reminiscent of high school cliques, where she felt systematically 'frozen out.' This manifested through social events orchestrated without her participation and a palpable 'growing distance' during shared gatherings, evoking past insecurities about not being 'cool enough.' Tisdale's decision to sever ties was communicated via a message decrying the group's behavior as 'too high school,' which met with mixed reactions, including attempts at reconciliation by some members. She clarified that while she does not deem the individuals inherently malevolent, the group's environment had become detrimental to her mental health. Her narrative, which elicited widespread resonance among women with analogous experiences, underscores broader societal issues pertaining to toxic social structures within parenting communities, particularly among celebrities, and advocates for the prioritization of psychological well-being over conformist social pressures.",
      "source": "BBC Entertainment",
      "time_ago": "1 day ago",
      "image_url": "/article_images/article_ce615281d6e3f6d8_62516ae0580d.webp",
      "category": "Fun"
    },
    {
      "id": "68917b2e6aeacfab",
      "title": "Discontent Amid Record Prize Money: Player-Organizer Tensions at the Australian Open",
      "summary": "The 2026 Australian Open, commencing on January 18, features a record prize fund of £55 million (A$111.5 million), marking a 16% increase from the previous year and establishing the largest player allocation in the tournament's history. Singles champions will receive $4.15 million, a 19% rise, while all competitors in singles and doubles are guaranteed a minimum 10% boost. Tennis Australia CEO Craig Tiley emphasized that this enhancement reflects their dedication to fostering tennis careers across all levels. Nonetheless, a coalition of elite players, including figures such as Jannik Sinner and Aryna Sabalenka, has expressed disappointment, asserting that their core demands for a greater prize money-to-revenue ratio and enhanced player welfare provisions have been substantially overlooked. This follows intensified advocacy in October, where players called for increased financial contributions to pensions, healthcare, and maternity support, alongside more substantive consultation on the sport's structural governance. Financial analyses reveal that the prize money constitutes approximately 16% of Tennis Australia's revenue, derived largely from the Australian Open, aligning with the US Open's 2025 share but exceeding Wimbledon's 13%. The article underscores persistent friction between athletes and organizing bodies, highlighting issues of equitable revenue distribution and the broader economic dynamics within professional tennis.",
      "source": "BBC Tennis",
      "time_ago": "2 days ago",
      "image_url": "/article_images/article_68917b2e6aeacfab_28114aadd6da.webp",
      "category": "Fun"
    }
  ]
}