{
  "title": "The Rise of 996 Work Culture in Tech Firms",
  "summary": "This article explores the adoption of extreme working hours, known as 996 culture, in tech companies, exemplified by Rilla, a New York-based firm. Rilla's recruitment website promotes perks but warns of working around 70 hours per week, reflecting a hustle culture that values long hours from 9am to 9pm, six days a week. Will Gao, Rilla's head of growth, describes employees as 'Olympian athletes' driven by ambition and fun, with flexible schedules allowing late-night work. This trend is fueled by the rapid development of artificial intelligence (AI), where companies invest heavily to monetize AI quickly and outpace competitors. Originating in China a decade ago, 996 was embraced by tech giants like Alibaba to advance technological leadership. While proponents argue it fosters innovation and dedication, critics highlight potential burnout and work-life imbalance, raising questions about sustainable work practices in the fast-paced tech industry.",
  "keywords": [
    {
      "term": "996 culture",
      "explanation": "a work schedule of 9am to 9pm, six days a week, common in tech for intense productivity"
    },
    {
      "term": "hustle culture",
      "explanation": "a mindset that emphasizes hard work and long hours to achieve success"
    },
    {
      "term": "artificial intelligence",
      "explanation": "technology enabling machines to perform tasks that typically require human intelligence"
    },
    {
      "term": "Rilla",
      "explanation": "a tech company in New York using AI to monitor sales reps and promoting long work hours"
    },
    {
      "term": "monetization",
      "explanation": "the process of earning money from a product or service, like AI applications"
    },
    {
      "term": "work-life balance",
      "explanation": "managing time between work and personal life to avoid stress"
    }
  ],
  "questions": [
    {
      "question": "What is the main warning on Rilla's job ads?",
      "options": [
        "Working ~70 hrs/week in person",
        "Low pay",
        "No health benefits",
        "Short vacations"
      ],
      "correct_answer": "Working ~70 hrs/week in person"
    },
    {
      "question": "How does Will Gao describe Rilla's employees?",
      "options": [
        "Like Olympian athletes",
        "As lazy workers",
        "As part-time students",
        "As retired professionals"
      ],
      "correct_answer": "Like Olympian athletes"
    },
    {
      "question": "What drives tech companies to adopt long work hours?",
      "options": [
        "Rapid AI development and competition",
        "Government regulations",
        "Employee requests for less work",
        "Environmental concerns"
      ],
      "correct_answer": "Rapid AI development and competition"
    },
    {
      "question": "Where did 996 culture originate?",
      "options": [
        "China",
        "United States",
        "Europe",
        "Africa"
      ],
      "correct_answer": "China"
    },
    {
      "question": "What perk is NOT mentioned on Rilla's website?",
      "options": [
        "Free housing",
        "Free meals",
        "Free gym membership",
        "Free health care"
      ],
      "correct_answer": "Free housing"
    },
    {
      "question": "What is a key feature of 996 work schedule?",
      "options": [
        "9am to 9pm, six days a week",
        "9am to 5pm, five days a week",
        "Flexible hours only",
        "Night shifts only"
      ],
      "correct_answer": "9am to 9pm, six days a week"
    },
    {
      "question": "Why might companies fear competitors in AI?",
      "options": [
        "Someone else will develop technology first",
        "Employees will quit",
        "Prices will drop",
        "Governments will ban AI"
      ],
      "correct_answer": "Someone else will develop technology first"
    },
    {
      "question": "What is a potential downside of 996 culture?",
      "options": [
        "Burnout and work-life imbalance",
        "Increased vacation time",
        "Lower productivity",
        "More team building"
      ],
      "correct_answer": "Burnout and work-life imbalance"
    }
  ],
  "background_read": [
    "This article discusses the 996 work culture in tech firms, where employees work extremely long hours, often 70 hours per week, as seen at Rilla in New York. This culture emerged from China's tech boom a decade ago, promoted by figures like Jack Ma of Alibaba, to accelerate innovation and economic growth. With the rise of artificial intelligence, companies are racing to monetize AI, leading to intense pressure for faster results. While advocates like Will Gao argue it attracts ambitious workers, concerns about health, burnout, and ethical work practices persist. Understanding this trend helps evaluate modern workplace dynamics and the balance between productivity and well-being in global tech industries."
  ],
  "Article_Structure": [
    "This article analyzes the 996 work culture in tech, focusing on Rilla as a case study. Main Points: It highlights long hours (70+ per week) driven by AI competition and monetization, with origins in China. Purpose: To inform about extreme work practices and their implications in fast-paced industries. Evidence Evaluation: Uses quotes from Will Gao and historical context, but lacks worker testimonials, making evidence somewhat one-sided. Author Credibility: BBC News is reputable, but the article relies on limited sources, potentially skewing perspectives. Methodology: Based on company website analysis and interviews, offering insights but not comprehensive data on worker experiences."
  ],
  "perspectives": [
    {
      "perspective": "Pro-996 view",
      "description": "Supporters like Will Gao believe long hours foster innovation, attract dedicated employees, and are necessary for rapid AI advancement."
    },
    {
      "perspective": "Anti-996 view",
      "description": "Critics argue that such schedules lead to burnout, harm work-life balance, and may exploit workers, questioning sustainability and ethics."
    }
  ],
  "image_url": "/article_images/article_64c9a43df714c6df_2d5beca9593b.webp"
}