{
  "title": "Analyzing the Crisis of Youth Disengagement: Policy, Personal Narratives, and Systemic Challenges",
  "summary": "This article examines the escalating issue of youth disengagement, focusing on the Neet phenomenon—young people aged 16 to 24 not engaged in education, employment, or training. Alan Milburn, a former New Labour minister, leads a government review aimed at mitigating this trend, which currently affects almost a million individuals, the highest figure in over a decade, with over half classified as economically inactive. Milburn characterizes the situation as a multifaceted catastrophe with social, economic, and political dimensions, particularly acute in the north-east of England due to structural economic weaknesses. His personal narrative, rooted in a disadvantaged upbringing in Benwell, Newcastle, where he faced poverty and inadequate schooling, informs his empathetic approach and underscores the role of chance in life outcomes. The article also incorporates perspectives from Karl Maughan Gilbert, a senior youth worker at Patchwork, who critiques the term Neet for perpetuating stigma and shifting blame onto individuals rather than addressing systemic inadequacies in education and labor markets. This analysis calls for comprehensive strategies that combine policy reforms with community-based interventions to enhance youth opportunities and reduce marginalization.",
  "keywords": [
    {
      "term": "youth disengagement",
      "explanation": "the process by which young people become detached from educational and employment systems, often leading to long-term socioeconomic exclusion"
    },
    {
      "term": "structural economic weaknesses",
      "explanation": "underlying deficiencies in an economy, such as lack of industries or investment, that hinder job creation and opportunities"
    },
    {
      "term": "stigma perpetuation",
      "explanation": "the reinforcement of negative stereotypes that can marginalize groups, like unemployed youth, affecting their self-esteem and societal integration"
    },
    {
      "term": "systemic inadequacies",
      "explanation": "failures within institutional frameworks, such as education or welfare systems, that contribute to persistent social problems"
    },
    {
      "term": "marginalization",
      "explanation": "the social process of pushing certain groups to the edges of society, limiting their access to resources and participation"
    }
  ],
  "questions": [
    {
      "question": "What is the primary focus of Alan Milburn's government review as described in the article?",
      "options": [
        "Stemming the rise of Neets",
        "Reforming healthcare systems",
        "Promoting technological innovation",
        "Reducing carbon emissions"
      ],
      "correct_answer": "Stemming the rise of Neets"
    },
    {
      "question": "How does the article quantify the current scale of the Neet issue?",
      "options": [
        "Almost a million 16 to 24-year-olds",
        "500,000 teenagers",
        "2 million adults",
        "A few thousand children"
      ],
      "correct_answer": "Almost a million 16 to 24-year-olds"
    },
    {
      "question": "What does the term 'economically inactive' signify in this context?",
      "options": [
        "Not seeking employment",
        "Working part-time",
        "Studying full-time",
        "Retired early"
      ],
      "correct_answer": "Not seeking employment"
    },
    {
      "question": "Why does Milburn describe the Neet problem as having political dimensions?",
      "options": [
        "It affects governance and policy responses",
        "It is only an economic issue",
        "It has no political impact",
        "It is solely a personal matter"
      ],
      "correct_answer": "It affects governance and policy responses"
    },
    {
      "question": "How does Milburn's personal background influence his perspective on youth unemployment?",
      "options": [
        "It provides empathy based on his own disadvantaged upbringing",
        "It makes him biased against government help",
        "It leads him to blame individuals",
        "It has no relevance to his work"
      ],
      "correct_answer": "It provides empathy based on his own disadvantaged upbringing"
    },
    {
      "question": "What critique does Karl Maughan Gilbert offer regarding the term Neet?",
      "options": [
        "It unfairly blames individuals and ignores systemic issues",
        "It is an accurate descriptor of choice",
        "It encourages positive action",
        "It is too technical for public use"
      ],
      "correct_answer": "It unfairly blames individuals and ignores systemic issues"
    },
    {
      "question": "What role does chance play in Milburn's narrative according to the article?",
      "options": [
        "It highlights how luck can influence life outcomes",
        "It is irrelevant to youth unemployment",
        "It suggests all success is random",
        "It undermines the need for policy"
      ],
      "correct_answer": "It highlights how luck can influence life outcomes"
    },
    {
      "question": "Which region is identified as particularly affected by youth unemployment?",
      "options": [
        "North-east of England",
        "South-east of England",
        "Midlands",
        "Scotland"
      ],
      "correct_answer": "North-east of England"
    },
    {
      "question": "What broader societal issue does the article suggest needs addressing to reduce Neet numbers?",
      "options": [
        "Systemic inadequacies in education and labor markets",
        "Individual motivation alone",
        "Increased policing",
        "Reduced social welfare"
      ],
      "correct_answer": "Systemic inadequacies in education and labor markets"
    },
    {
      "question": "How does the article characterize the potential solutions to youth disengagement?",
      "options": [
        "Comprehensive strategies combining policy and community efforts",
        "Sole reliance on government mandates",
        "Focusing only on economic growth",
        "Ignoring personal narratives"
      ],
      "correct_answer": "Comprehensive strategies combining policy and community efforts"
    }
  ],
  "background_read": [
    "Youth unemployment and disengagement, encapsulated by the Neet category, represent critical challenges in contemporary societies, often linked to broader economic transitions, educational disparities, and social exclusion. In the UK, historical trends show fluctuations in Neet rates influenced by recessions, policy changes, and regional inequalities. Government reviews, such as those led by figures like Alan Milburn, aim to synthesize evidence from statistics, personal testimonies, and academic research to propose interventions. Understanding concepts like structural economic weaknesses and stigma is essential for analyzing the multifaceted nature of this issue and evaluating potential solutions in policy and practice."
  ],
  "Article_Structure": [
    "This article provides an in-depth analysis of youth disengagement through a blend of policy discussion and personal narrative. Main Points: It details the scale of Neets, regional impacts in the north-east, and the interplay of chance and structure in life outcomes. Purpose: To critique current approaches and advocate for holistic solutions by contextualizing the issue within broader socioeconomic frameworks. Evidence Evaluation: Uses quantitative data (e.g., Neet statistics) and qualitative insights from interviews, though sources are not extensively cited, limiting verifiability. Author Credibility: The BBC offers journalistic credibility, but the article may reflect editorial biases towards social advocacy. Methodology: Employs narrative and interview-based methods, providing rich contextual understanding but lacking rigorous empirical analysis. Critical Assessment: Strengths include highlighting personal and systemic factors, but limitations involve potential oversimplification and reliance on anecdotal evidence without deeper statistical backing."
  ],
  "perspectives": [
    {
      "perspective": "Structural analysis perspective",
      "description": "Focuses on how economic and educational systems contribute to youth disengagement, advocating for policy reforms to address root causes."
    },
    {
      "perspective": "Narrative and empathy perspective",
      "description": "Emphasizes the importance of personal stories, like Milburn's, in understanding human dimensions and reducing stigma through relatable experiences."
    }
  ],
  "image_url": "/article_images/article_fdfb331048fb9ba4_f1d4809b18af.webp"
}