{
  "title": "Government Freezes Rail Fares to Ease Cost of Living",
  "summary": "The UK government has announced a freeze on regulated rail fares in England until March 2027, marking the first such freeze in 30 years. Regulated fares include season tickets, off-peak returns, and flexible tickets, which cover about 45% of all rail fares in England. This decision comes just before the Budget announcement and aims to address the cost of living crisis by limiting inflation, as rail costs are a significant part of daily expenses. Historically, fares have increased annually, often based on the retail price index (RPI) plus 1%, with the most recent rise being 4.6% in March 2025. The freeze does not apply to unregulated fares, which saw a 5.5% increase last year, leading to an overall fare rise of 5.1%. The Rail Delivery Group, representing train operators, supports the move, stating it benefits customers and aligns with ongoing railway reforms. This policy shift follows periods of below-inflation increases and a brief price dip after the 2010 financial crash, highlighting a strategic effort to make rail travel more affordable and stable for commuters.",
  "keywords": [
    {
      "term": "regulated fares",
      "explanation": "Fare types controlled by the government, including season tickets and certain off-peak tickets, to ensure affordability."
    },
    {
      "term": "retail price index (RPI)",
      "explanation": "A measure of inflation used to calculate annual fare increases, reflecting changes in the cost of goods and services."
    },
    {
      "term": "cost of living",
      "explanation": "The overall level of prices for essential items, which the government aims to reduce by freezing fares."
    },
    {
      "term": "Rail Delivery Group",
      "explanation": "An organization representing UK rail operators that advocates for industry interests and customer benefits."
    },
    {
      "term": "unregulated fares",
      "explanation": "Fare types set by train companies without government control, which can vary more in price."
    },
    {
      "term": "inflation",
      "explanation": "The rate at which prices increase over time, targeted by the freeze to prevent further economic strain."
    },
    {
      "term": "Budget",
      "explanation": "The government's annual financial plan where policies like fare freezes are often announced."
    },
    {
      "term": "privatisation",
      "explanation": "The process of transferring ownership from public to private entities, which led to fare regulation in 1996."
    }
  ],
  "questions": [
    {
      "question": "What is the duration of the rail fare freeze announced by the government?",
      "options": [
        "Until 2025",
        "Until March 2027",
        "For one year",
        "Indefinitely"
      ],
      "correct_answer": "Until March 2027"
    },
    {
      "question": "Which types of fares are included in the freeze?",
      "options": [
        "All rail fares",
        "Only unregulated fares",
        "Regulated fares like season tickets",
        "Only peak-time fares"
      ],
      "correct_answer": "Regulated fares like season tickets"
    },
    {
      "question": "What was the percentage increase in regulated fares in March 2025?",
      "options": [
        "5.5%",
        "4.6%",
        "3.2%",
        "6.0%"
      ],
      "correct_answer": "4.6%"
    },
    {
      "question": "How does the government justify the fare freeze?",
      "options": [
        "To increase train speeds",
        "To directly limit inflation",
        "To reduce the number of trains",
        "To promote car travel"
      ],
      "correct_answer": "To directly limit inflation"
    },
    {
      "question": "What is the role of the Rail Delivery Group in this context?",
      "options": [
        "It sets fare prices",
        "It represents rail operators and supports the freeze",
        "It opposes the government's decision",
        "It manages ticket sales"
      ],
      "correct_answer": "It represents rail operators and supports the freeze"
    },
    {
      "question": "When did the annual fare increase shift from January to March?",
      "options": [
        "In 1996",
        "In 2010",
        "In 2021",
        "In 2025"
      ],
      "correct_answer": "In 2021"
    },
    {
      "question": "What percentage of rail fares are regulated in England, Wales, and Scotland?",
      "options": [
        "About 25%",
        "About 45%",
        "About 60%",
        "About 75%"
      ],
      "correct_answer": "About 45%"
    },
    {
      "question": "How did unregulated fares change in the year to March 2025?",
      "options": [
        "They decreased by 1.1%",
        "They increased by 5.5%",
        "They stayed the same",
        "They increased by 4.6%"
      ],
      "correct_answer": "They increased by 5.5%"
    }
  ],
  "background_read": [
    "Rail fare regulation in the UK began after the privatisation of British Rail in 1996, with the government setting prices for certain tickets to protect consumers. Typically, fares rise annually based on the Retail Price Index (RPI), a measure of inflation, but this has led to concerns about affordability. The cost of living crisis has intensified these issues, prompting government interventions like fare freezes. The Rail Delivery Group works with operators to implement reforms, and historical context includes periods of economic downturn affecting fare policies. Understanding this background helps explain why the current freeze is significant for commuters and the economy, as it diverges from decades of incremental increases."
  ],
  "Article_Structure": [
    "This article outlines the UK government's decision to freeze regulated rail fares in England until 2027, emphasizing main points like the first freeze in 30 years and its coverage of season tickets. The purpose is to alleviate cost of living pressures and curb inflation, as stated in the Budget context. Evidence includes specific percentage increases and historical data, though it relies on government and industry sources without independent verification. Author credibility is assumed through BBC News reporting, but potential biases may exist. Methodology involves summarizing official announcements and stakeholder comments, providing a clear yet limited view of the policy's implications."
  ],
  "perspectives": [
    {
      "perspective": "Government perspective",
      "description": "Views the freeze as a necessary measure to control inflation and support households during economic challenges."
    },
    {
      "perspective": "Rail industry perspective",
      "description": "Sees the freeze as positive for customer relations and aligned with long-term reform goals, despite potential revenue impacts."
    }
  ],
  "image_url": "/article_images/article_f5fe3c5151eace1b_f1c39fad77cd.webp"
}