{
  "articles": [
    {
      "id": "069eec4d0ae7b173",
      "title": "穆霍娃击败青少年姆博科赢得卡塔尔公开赛",
      "summary": "卡洛琳娜·穆霍娃在卡塔尔公开赛决赛中以6-4、7-5击败加拿大青少年维多利亚·姆博科，赢得了她的首个WTA 1000赛事冠军。这位29岁的捷克选手自2019年韩国公开赛以来首次夺冠，此次胜利将使她的世界排名从第19位升至第11位。穆霍娃在比赛中表现出色，首盘一发成功率达到75%，并在第二盘以4-2落后时两次破发，最终在94分钟内获胜。赛后，她表示“很久没赢比赛了，重新找到这种感觉真好”。姆博科年仅19岁，尽管失利，但由于本赛季在女子巡回赛中赢得最多比赛，她从年初排名300名外跃升至前十名。她承认“这不是我想要的结果”，但强调“有很多积极方面可以吸取”。文章还提到，下一站WTA 1000赛事将于周日在多哈举行，但世界排名前两位的阿丽娜·萨巴伦卡和伊加·斯瓦泰克将缺席，萨巴伦卡因健康问题未完全恢复，斯瓦泰克则因赛程调整。这场比赛不仅展示了穆霍娃的经验回归，也突显了姆博科作为新星的快速崛起，反映了女子网球中经验与年轻人才的融合。",
      "source": "BBC Tennis",
      "time_ago": "18 hours ago",
      "image_url": "/article_images/article_069eec4d0ae7b173_59eef6b227e1.webp",
      "category": "Fun"
    },
    {
      "id": "e1a3375da693cf27",
      "title": "玛格特·罗比盛赞《加文与斯泰西》为最佳剧集",
      "summary": "好莱坞明星玛格特·罗比近日在Table Manners播客中透露，她对BBC情景喜剧《加文与斯泰西》情有独钟，称其为“有史以来最好的节目”。这位澳大利亚演员目前正在宣传新片《呼啸山庄》的改编版，但仍抽出时间表达了对这部喜剧的热爱。她特别喜爱剧中史密斯向内萨求婚的结局，并观看了两次。罗比还表示，她曾与娱乐传奇贝特·米德勒共进晚餐时讨论该剧，随后寄给米德勒全套DVD，米德勒立即开始观看。该剧结局于2024年圣诞节播出，吸引了近1200万直播观众，总观看量超过2000万，创下纪录。与此同时，剧中巴里叔叔位于巴里的联排别墅正在以21万英镑的价格出售，威尔士喜剧演员罗布·布莱顿在得知罗比是粉丝后，以角色身份向她发送了生日祝福。文章展示了名人认可如何提升剧集知名度，并连接不同代际的粉丝，同时反映了娱乐行业中电影宣传与个人媒体偏好的交叉动态。",
      "source": "BBC Entertainment",
      "time_ago": "1 day ago",
      "image_url": "/article_images/article_e1a3375da693cf27_1f4a87965a91.webp",
      "category": "Fun"
    },
    {
      "id": "63dccece014eb32d",
      "title": "为什么玛格特·罗比和雅各布·埃洛迪的“相互痴迷”让一些粉丝感到不适",
      "summary": "这篇文章探讨了玛格特·罗比和雅各布·埃洛迪在宣传新电影《呼啸山庄》时的行为。在媒体巡演中，两位演员表达了亲密关系，例如罗比表示没有埃洛迪时感到“迷失”，埃洛迪则形容为“相互痴迷”。埃洛迪在情人节送玫瑰等举动进一步引发了猜测。然而，一些粉丝对此感到不适，用“the ick”来形容，意指行为令人反感或尴尬；另一些人则怀疑这是公关策略的一部分，尤其是因为罗比的丈夫是电影制片人。文章将此与《除了你谁都可以》和《一个明星的诞生》等其他电影进行比较，其中浪漫传闻被用于宣传。它提出了问题：这些行为是否旨在为一部评价褒贬不一的电影制造话题？通过分析演员的言论和行动，文章深入探讨了真实性 versus 营销动机之间的张力，反映了娱乐圈中常见的宣传手法及其对公众感知的影响。",
      "source": "BBC Entertainment",
      "time_ago": "1 day ago",
      "image_url": "/article_images/article_63dccece014eb32d_2abe19cfa842.webp",
      "category": "Fun"
    },
    {
      "id": "5d9397ac43dd5cec",
      "title": "平宁顿·琼斯的达拉斯梦想之旅被西里奇终结",
      "summary": "英国网球选手杰克·平宁顿·琼斯在达拉斯公开赛上经历了一次突破性的一周，展示了他作为年轻球员的潜力。他首先通过两轮资格赛成功进入正赛，随后在比赛中击败了世界排名第20位的弗拉维奥·科博利，这是他职业生涯中最大的胜利。接着，他战胜了埃利奥特·斯皮齐里，晋级四分之一决赛。然而，他的梦想之旅被老将马林·西里奇终结，这位2014年美国公开赛冠军以6-1、6-4的比分直落两盘获胜。尽管失利，平宁顿·琼斯的ATP排名预计将上升43位，从第181位升至第138位，反映了他状态的提升。这一表现发生在他决定跳过德克萨斯基督教大学的最后一年，全职追求网球职业之后，此前他在埃及的索马湾挑战赛中进入决赛。文章还提到了维多利亚·姆博科在卡塔尔公开赛上的成功，她击败了顶级选手进入决赛，为网球新兴人才的故事增添了背景。整体而言，这篇文章报道了平宁顿·琼斯的成长与挫折，以及网球界年轻球员的崛起。",
      "source": "BBC Tennis",
      "time_ago": "1 day ago",
      "image_url": "/article_images/article_5d9397ac43dd5cec_fac74784057b.webp",
      "category": "Fun"
    },
    {
      "id": "fd164a94a7210016",
      "title": "迪拜港口巨头负责人因与爱泼斯坦关联曝光后辞职",
      "summary": "全球港口运营商DP World的负责人苏丹·艾哈迈德·本·苏拉耶姆因与定罪性犯罪者杰弗里·爱泼斯坦的关联面临日益增长的压力后辞职。辞职是在新发布的法庭文件显示这位阿联酋大亨与爱泼斯坦在十多年间交换了数百封电子邮件之后发生的。尽管在文件中被提及并不表示有任何不当行为，但这一关联导致了严重后果：英国发展金融机构和加拿大第二大养老基金La Caisse暂停了对该公司的新投资，威尔士亲王的地球卫士项目也因此被报告给英国慈善委员会。电子邮件显示爱泼斯坦将苏拉耶姆介绍给国际政商人物，并包括旅行和商业讨论。美国议员指控苏拉耶姆是关联爱泼斯坦的“六位有权势男性”之一，一份被编辑的电子邮件提及“酷刑视频”，但上下文不明。DP World任命了新的领导层并从其网站上移除了苏拉耶姆的照片，突显了企业声誉在全球贸易中的影响。这一事件引发了关于企业治理、道德监督以及高层商业网络透明度的关键问题。",
      "source": "BBC Business",
      "time_ago": "1 day ago",
      "image_url": "/article_images/article_fd164a94a7210016_00c7cb7b8b9d.webp",
      "category": "Fun"
    },
    {
      "id": "caa3e689048b00d1",
      "title": "凯瑟琳·泽塔-琼斯在新角色前“涉足”艺术收藏",
      "summary": "凯瑟琳·泽塔-琼斯，一位知名演员，最近透露她开始涉足艺术收藏，这一爱好与她最新电影《画廊主》中的角色相呼应。她在片中饰演一位艺术顾问，而现实生活中，她收藏了雕塑家亨利·摩尔和当代艺术家马克·奎因的作品，显示出对艺术日益增长的兴趣。她与丈夫迈克尔·道格拉斯居住在纽约，并指出相比洛杉矶，她的社交圈中有更多艺术爱好者，这反映了她融入纽约充满活力的艺术场景。为庆祝共同生日，道格拉斯赠送了她一件马克·奎因的作品，其雕塑《神话维纳斯》曾以高价售出。泽塔-琼斯自称是一位“折衷收藏家”，经常从跳蚤市场和旅行中购买艺术品作为纪念。这一爱好与《画廊主》中涉及艺术欺诈的黑暗主题形成对比，突显了她对艺术的真实欣赏与个人联系。文章通过她的经历，探讨了名人如何影响艺术趋势，以及艺术收藏在当代文化中的角色。",
      "source": "BBC Entertainment",
      "time_ago": "1 day ago",
      "image_url": "/article_images/article_caa3e689048b00d1_d64e2b70575e.webp",
      "category": "Fun"
    }
  ]
}