{
  "articles": [
    {
      "id": "069eec4d0ae7b173",
      "title": "Muchova's Qatar Open Triumph: A Strategic Victory Over Mboko with Ranking Implications",
      "summary": "Karolina Muchova achieved a significant milestone by capturing the Qatar Open title, a WTA 1,000 event, with a 6-4, 7-5 victory over Victoria Mboko. This win represents her first tournament triumph since the 2019 Korea Open and her inaugural WTA 1,000 championship, propelling her world ranking from 19th to 11th. Muchova, a 29-year-old Czech player, demonstrated tactical prowess, notably landing 75% of her first serves in the opening set and overcoming a 4-2 deficit in the second set to secure victory in 94 minutes. Post-match, she expressed relief and joy at rediscovering the winning sensation after a prolonged hiatus. Conversely, Mboko, a 19-year-old Canadian, showcased resilience despite the loss; starting the 2025 season ranked outside the top 300, she will ascend into the top 10 due to accumulating the highest number of match wins on the tour this season, underscoring her rapid ascent. The article contextualizes this within the broader WTA landscape, noting the absence of top-ranked players Aryna Sabalenka and Iga Swiatek from the upcoming Doha event due to health and scheduling constraints, which may influence competitive dynamics. This victory not only enhances Muchova's career but also highlights the evolving narratives in women's tennis, blending experience with emerging talent.",
      "source": "BBC Tennis",
      "time_ago": "18 hours ago",
      "image_url": "/article_images/article_069eec4d0ae7b173_59eef6b227e1.webp",
      "category": "Fun"
    },
    {
      "id": "e1a3375da693cf27",
      "title": "Celebrity Endorsement and Cultural Impact: Margot Robbie's Advocacy for Gavin & Stacey",
      "summary": "In a recent interview on the Table Manners podcast, acclaimed actress Margot Robbie fervently endorsed the BBC sitcom Gavin & Stacey, labeling it the best show ever due to its ability to evoke happiness. Robbie, currently promoting Emerald Fennell's film adaptation of Wuthering Heights, elaborated on her appreciation for the series, particularly praising its climactic finale where Smithy proposes to Nessa—an episode she viewed twice. She further disclosed discussing the show with veteran entertainer Bette Midler during a dinner, subsequently sending Midler a DVD package, which Midler began watching promptly. The finale, broadcast on Christmas Day 2024, achieved record-breaking viewership with nearly 12 million live audiences and over 20 million cumulative watches, underscoring the sitcom's enduring popularity. Concurrently, the article notes the sale of the Barry terrace house featured as Uncle Bryn's residence and Rob Brydon's personalized birthday message to Robbie, highlighting fan-celebrity interactions. This piece intersects themes of media influence, as Robbie's endorsement potentially amplifies the show's reach, and cultural nostalgia, given Gavin & Stacey's focus on familial and friendship narratives across English and Welsh settings. It also touches on the promotional strategies within the entertainment industry, where actors balance film promotions with personal media preferences, reflecting broader dynamics of celebrity and audience engagement.",
      "source": "BBC Entertainment",
      "time_ago": "1 day ago",
      "image_url": "/article_images/article_e1a3375da693cf27_1f4a87965a91.webp",
      "category": "Fun"
    },
    {
      "id": "63dccece014eb32d",
      "title": "Deconstructing Celebrity Promotion: Authenticity and Media Strategy in Film Publicity",
      "summary": "This article critically examines the promotional dynamics surrounding Margot Robbie and Jacob Elordi's press tour for the Wuthering Heights adaptation, probing the intersection of personal authenticity and calculated media strategy. It details instances where the actors have articulated an intense bond, such as Robbie's admission of feeling 'lost' without Elordi and Elordi's characterization of their relationship as a 'mutual obsession,' complemented by symbolic gestures like rose-giving on Valentine's Day. The analysis contextualizes this within broader Hollywood PR practices, citing parallels in films like Anyone But You and A Star is Born, where romance rumors are leveraged for promotional gain. A key point of contention is the potential conflict of interest, given Robbie's husband, Tom Ackerley, serves as a producer, fueling skepticism about the genuineness of their displays. The article engages with fan discourse, noting terms like 'the ick' to describe discomfort, and questions the efficacy of such tactics in bolstering a film's reception amid mixed critical reviews. By synthesizing interview excerpts and public reactions, it invites a nuanced debate on the ethics of celebrity publicity and its impact on audience perception.",
      "source": "BBC Entertainment",
      "time_ago": "1 day ago",
      "image_url": "/article_images/article_63dccece014eb32d_2abe19cfa842.webp",
      "category": "Fun"
    },
    {
      "id": "5d9397ac43dd5cec",
      "title": "Analyzing Pinnington Jones' Professional Breakthrough and Setback at the Dallas Open",
      "summary": "Jack Pinnington Jones, a 22-year-old British tennis prospect, demonstrated significant progress during his campaign at the Dallas Open, an ATP Tour event. He commenced by successfully qualifying through two preliminary rounds to secure a spot in the main draw. His tournament performance was highlighted by a notable upset victory over Flavio Cobolli, the world number 20, which he described as the biggest win of his career, followed by a win against Eliot Spizzirri to advance to the quarter-finals. However, his run was terminated by Marin Cilic, the 2014 US Open champion and former world number three, who dominated with a 6-1, 6-4 victory in 78 minutes. Despite this defeat, Pinnington Jones is projected to ascend 43 places in the ATP rankings, from 181st to 138th, reflecting his enhanced competitive level. This achievement follows his strategic decision to forgo his final year at Texas Christian University after his junior season to commit fully to professional tennis, a move supported by prior successes such as reaching the final at the Soma Bay challenger in Egypt. The article contextualizes this within broader tennis narratives by also covering Victoria Mboko's impressive run at the Qatar Open, where she defeated elite players like Elena Rybakina and Jelena Ostapenko to reach the final, underscoring themes of emerging talent and career transitions in the sport.",
      "source": "BBC Tennis",
      "time_ago": "1 day ago",
      "image_url": "/article_images/article_5d9397ac43dd5cec_fac74784057b.webp",
      "category": "Fun"
    },
    {
      "id": "fd164a94a7210016",
      "title": "Corporate Governance Crisis: DP World Leadership Exit Over Epstein Associations",
      "summary": "The resignation of Sultan Ahmed bin Sulayem as chairman and chief executive of DP World, a Dubai-based global ports operator, underscores a significant corporate governance crisis precipitated by his associations with Jeffrey Epstein, a convicted sex offender. Mounting pressure emerged following the release of court documents that revealed extensive email correspondence between Sulayem and Epstein spanning over a decade, indicating a close, multifaceted relationship involving introductions to international figures, shared travel plans, and business discussions. While the documents do not allege wrongdoing by Sulayem, the mere association triggered severe repercussions: key partners, including the UK development finance agency and Canada's La Caisse pension fund, suspended new investments, and the Prince of Wales' Earthshot project faced scrutiny from the UK Charity Commission. US lawmakers Ro Khanna and Thomas Massie highlighted Sulayem among 'six powerful men' linked to Epstein, criticizing redactions in the files, such as a 2009 email referencing a 'torture video' with unclear context. DP World's swift appointment of new leadership and removal of Sulayem's image from its website reflect the acute impact on corporate reputation within global trade infrastructure. This incident raises critical questions about ethical oversight, transparency in high-level business networks, and the broader implications for international commerce when leaders are entangled in scandals.",
      "source": "BBC Business",
      "time_ago": "1 day ago",
      "image_url": "/article_images/article_fd164a94a7210016_00c7cb7b8b9d.webp",
      "category": "Fun"
    },
    {
      "id": "caa3e689048b00d1",
      "title": "Catherine Zeta-Jones: Art Collecting as a Personal and Professional Pursuit in Contemporary Culture",
      "summary": "Catherine Zeta-Jones, an acclaimed actor, has disclosed her engagement in art collecting, a pursuit that parallels her cinematic role in The Gallerist, where she embodies an art consultant. This hobby reflects her deepening fascination with the art world, as evidenced by her ownership of sculptures by Henry Moore and contemporary pieces by Marc Quinn. Residing in New York with her husband Michael Douglas, she contrasts her social environment with that of Los Angeles, noting a greater prevalence of art enthusiasts in the East Coast metropolis, which she describes as 'dipping my toes' into the art scene. Douglas's birthday gift of a Quinn sculpture, notably Myth Venus which sold for over $1.3 million, underscores the high-value nature of her collection. Zeta-Jones characterizes herself as an eclectic collector, frequently acquiring artworks from flea markets and during international travels as personal mementos. This personal interest stands in stark contrast to the narrative of The Gallerist, a comedy-thriller involving art fraud, thereby highlighting the dichotomy between her genuine appreciation for art and the fictionalized darker aspects of the industry. The article situates her hobby within broader cultural contexts of celebrity influence and art market dynamics.",
      "source": "BBC Entertainment",
      "time_ago": "1 day ago",
      "image_url": "/article_images/article_caa3e689048b00d1_d64e2b70575e.webp",
      "category": "Fun"
    }
  ]
}