{
  "articles": [
    {
      "id": "f94bbfbc32ae9200",
      "title": "Neurological Manipulation of Dream Content for Enhanced Creative Cognition",
      "summary": "A groundbreaking study conducted by neuroscientists at Northwestern University investigates the feasibility of influencing dream content to augment creative problem-solving capabilities. Utilizing targeted memory reactivation (TMR), researchers delivered auditory cues associated with unsolved puzzles during REM sleep, a phase characterized by vivid dreaming and cognitive processing. The experimental cohort comprised 20 individuals with prior lucid dreaming experience, who attempted challenging puzzles paired with distinct soundtracks in a controlled laboratory setting. Polysomnography confirmed sleep stages, enabling precise cue delivery during REM. Results indicated that 75% of participants incorporated puzzle-related elements into their dreams, with a statistically significant improvement in solving rates for cued puzzles (42%) versus non-cued puzzles (17%). While these findings suggest a correlation between dream manipulation and enhanced problem-solving, the study acknowledges confounding variables such as heightened curiosity. The research posits that sleep engineering, through techniques like TMR, could facilitate creative cognition, offering potential applications for addressing intricate global challenges by leveraging the brain's nocturnal processes.",
      "source": "Science Daily",
      "time_ago": "5 hours ago",
      "image_url": "/article_images/article_f94bbfbc32ae9200_836d6fa1a303.webp",
      "category": "Science"
    },
    {
      "id": "f7a73afae7ffdf62",
      "title": "Deciphering Sperm Metabolic Reprogramming: Implications for Reproductive Therapeutics and Contraception",
      "summary": "A groundbreaking study by Michigan State University researchers elucidates a molecular mechanism that augments sperm energy production prior to fertilization, offering transformative potential for both infertility interventions and the development of nonhormonal male contraceptives. Sperm cells, characterized by their specialized metabolic focus, transition from a quiescent, low-energy state to an activated, high-energy state upon entering the female reproductive tract, necessitating a rapid and substantial increase in energy output for functions such as enhanced motility and membrane remodeling. Under the leadership of Melanie Balbach, the investigation employed a novel methodology to trace glucose utilization in sperm, drawing an analogy to painting a vehicle and monitoring its trajectory via drone to distinguish metabolic pathways between inactive and activated states. The enzyme aldolase was pinpointed as a pivotal regulator in glycolysis, facilitating the conversion of glucose into adenosine triphosphate (ATP), while sperm also mobilize internal energy reserves. This discovery builds upon Balbach's earlier work at Weill Cornell Medicine, which demonstrated that enzymatic inhibition could induce reversible infertility in murine models, underscoring the feasibility of metabolic targeting for fertility control. Collaborative efforts with institutions including Memorial Sloan Kettering Cancer Center and the Van Andel Institute, coupled with advanced analytical tools such as mass spectrometry and metabolomics, enabled a comprehensive mapping of sperm metabolic networks. The findings not only advance fundamental knowledge of cellular energetics but also pave the way for clinical applications aimed at modulating sperm function, thereby addressing critical challenges in reproductive health with precision and innovation.",
      "source": "Science Daily",
      "time_ago": "20 hours ago",
      "image_url": "/article_images/article_f7a73afae7ffdf62_dcd145e38ac9.webp",
      "category": "Science"
    },
    {
      "id": "396e8c633a665972",
      "title": "Neuromorphic Computing Breakthrough: Efficient Solution of Partial Differential Equations for National Security",
      "summary": "A groundbreaking study in Nature Machine Intelligence demonstrates that neuromorphic computers, engineered to emulate the neural architecture of the human brain, exhibit unexpected proficiency in solving partial differential equations (PDEs). These equations are integral to modeling complex physical systems, including fluid dynamics, electromagnetic fields, and structural mechanics, which conventionally necessitate extensive computational resources from supercomputers. Conducted by computational neuroscientists Brad Theilman and Brad Aimone at Sandia National Laboratories, the research introduces a novel algorithm that optimizes neuromorphic hardware for PDE resolution, showcasing significant energy efficiency. This advancement holds profound implications for national security, particularly for the National Nuclear Security Administration, as it could enable neuromorphic supercomputers to simulate nuclear physics and other critical scenarios with reduced power consumption. The scientists posit that the human brain's innate ability to perform exascale-level computations, such as in motor control tasks, underpins this capability, challenging prior assumptions that neuromorphic systems were confined to pattern recognition. Funded by the Department of Energy's Office of Science and related programs, this work signifies a paradigm shift towards sustainable, high-performance computing, potentially revolutionizing scientific simulations and engineering applications while addressing global energy constraints.",
      "source": "Science Daily",
      "time_ago": "21 hours ago",
      "image_url": "/article_images/article_396e8c633a665972_789db0909df9.webp",
      "category": "Science"
    },
    {
      "id": "ec713098dcf86b3c",
      "title": "Examining Joint Savoring as a Correlate of Relationship Resilience and Well-being",
      "summary": "Research from the University of Illinois Urbana-Champaign investigates the role of joint savoring—defined as the deliberate, shared appreciation of positive experiences—in fostering stronger and more enduring romantic relationships. Led by graduate student Noah Larsen and professors Allen W. Barton and Brian G. Ogolsky, the study employed a cross-sectional online survey of 589 adults across the United States, utilizing the Joint Savoring in Romantic Relationships scale, adapted from the Savoring Beliefs Inventory. Participants, predominantly married with an average age of 39, reported on frequencies of joint savoring, relationship satisfaction, communication conflict, confidence in the relationship's longevity, and individual stress levels. Findings indicate a positive correlation between joint savoring and enhanced relationship outcomes, including reduced conflict, increased satisfaction, and greater confidence, with a notable buffering effect against stress that protects both relationship stability and mental health. The study contextualizes joint savoring within broader resilience frameworks, suggesting it as a practical, evidence-based intervention for couples. However, limitations include reliance on self-report data, potential sampling bias toward higher-income, white demographics, and the inability to infer causality due to the correlational design. This research contributes to relationship science by highlighting the interpersonal dimensions of savoring and its implications for clinical and educational applications in promoting dyadic well-being.",
      "source": "Science Daily",
      "time_ago": "23 hours ago",
      "image_url": "/article_images/article_ec713098dcf86b3c_037c6f3fcb6f.webp",
      "category": "Science"
    },
    {
      "id": "54a9315c7c1b8e5f",
      "title": "Advancing Kuiper Belt Research through Next-Generation Astronomical Observatories",
      "summary": "The Kuiper Belt, a region of frozen debris extending 30 to 50 astronomical units beyond Neptune, represents a critical frontier in solar system science. Astronomers have identified approximately 4,000 Kuiper Belt objects (KBOs), including dwarf planets like Pluto, Eris, and Sedna, but anticipate a tenfold increase in discoveries due to advanced telescopic projects. The Vera C. Rubin Observatory in Chile, with its Legacy Survey of Space and Time (LSST) operational since last year, is poised to systematically map this enigmatic zone, complemented by instruments like the James Webb Space Telescope (JWST). This research aims to address fundamental questions: the existence of undiscovered planets within or beyond the belt, its spatial extent, and evidence of cataclysmic events from the solar system's formative era. The Kuiper Belt serves as a pristine time capsule, preserving dynamical structures such as the 'kernel' at 44 AU, hypothesized to result from Neptune's migratory 'jumping' scenario during planetary migration over 4 billion years ago. By analyzing these relics, scientists can refine models of planetary formation and evolution, leveraging multidisciplinary approaches from observational astronomy to theoretical astrophysics.",
      "source": "Ars Science",
      "time_ago": "1 day ago",
      "image_url": "/article_images/article_54a9315c7c1b8e5f_07265a12eca5.webp",
      "category": "Science"
    },
    {
      "id": "995f9985c66ee90b",
      "title": "QT-45: A Minimal Self-Replicating Ribozyme and Its Implications for Abiogenesis",
      "summary": "A groundbreaking study has identified QT-45, a 45-nucleotide ribozyme capable of autocatalytic replication, offering profound insights into abiogenesis and the RNA world hypothesis. RNA's dual functionality in information storage and enzymatic catalysis underpins theories that primordial life relied solely on RNA prior to the advent of DNA and proteins. A critical requirement for such a scenario is self-replication, yet previously characterized polymerase ribozymes were prohibitively long, structurally intricate, and inefficient, hindering spontaneous formation and complete self-copying. To address this, a collaborative French-UK research team employed an in vitro selection strategy, screening vast libraries of random RNA sequences (40-80 nucleotides) for ligase activity. Using a tag-based assay in cryo-aqueous conditions, they isolated initial ligases and subjected them to mutagenesis and iterative selection, ultimately deriving QT-45 from a 51-nucleotide precursor. This minimal ribozyme exhibits polymerase functionality, adding nucleotide triples or singles to a template via base-pairing, albeit with slow kinetics. Its compact size and simplified structure circumvent earlier limitations, suggesting that short, functional RNAs could have emerged prebiotically. This discovery not only validates key aspects of the RNA world hypothesis but also advances synthetic biology by demonstrating the evolvability of catalytic RNAs, with implications for understanding life's chemical origins and designing artificial life systems.",
      "source": "Ars Science",
      "time_ago": "1 day ago",
      "image_url": "/article_images/article_995f9985c66ee90b_9c7c36452211.webp",
      "category": "Science"
    }
  ]
}