{
  "title": "Biosynthetic Tagatose: A Paradigm Shift in Sweetener Technology and Public Health",
  "summary": "A groundbreaking study from Tufts University, published in Cell Reports Physical Science, presents a biosynthetic strategy for producing tagatose, a rare sugar that closely emulates sucrose's sensory profile while mitigating adverse health outcomes. Tagatose, occurring minimally in dairy and fruits, has been historically limited by inefficient extraction methods. The research team engineered Escherichia coli bacteria to function as microbial factories, incorporating galactose-1-phosphate-selective phosphatase from slime mold and arabinose isomerase to catalyze the conversion of abundant glucose into tagatose, achieving yields up to 95%—surpassing conventional techniques that yield 40-77%. Tagatose exhibits 92% of sucrose's sweetness with a 60% calorie reduction, FDA GRAS status, and minimal effects on blood glucose and insulin, offering therapeutic potential for diabetes management. Additionally, it may confer oral health benefits by inhibiting cariogenic bacteria and exerting probiotic effects. This innovation not only enhances economic feasibility but also addresses global public health challenges related to sugar consumption, positioning tagatose as a transformative alternative in the food industry.",
  "keywords": [
    {
      "term": "tagatose",
      "explanation": "a monosaccharide sugar analog with reduced caloric content and favorable metabolic properties"
    },
    {
      "term": "biosynthetic",
      "explanation": "pertaining to production through engineered biological systems, optimizing yield and cost"
    },
    {
      "term": "Escherichia coli",
      "explanation": "a model bacterium genetically modified for industrial bioprocessing of sugars"
    },
    {
      "term": "galactose-1-phosphate-selective phosphatase",
      "explanation": "an enzyme derived from slime mold that facilitates galactose synthesis from glucose"
    },
    {
      "term": "arabinose isomerase",
      "explanation": "an enzyme that catalyzes the isomerization of galactose to tagatose"
    },
    {
      "term": "FDA GRAS",
      "explanation": "Generally Recognized as Safe designation by the FDA, indicating regulatory approval for food use"
    },
    {
      "term": "cariogenic",
      "explanation": "referring to bacteria that promote tooth decay; tagatose may inhibit their growth"
    },
    {
      "term": "probiotic effects",
      "explanation": "beneficial impacts on gut and oral microbiota from fermentation processes"
    },
    {
      "term": "metabolic impact",
      "explanation": "the influence on bodily processes like glucose and insulin regulation"
    },
    {
      "term": "public health",
      "explanation": "concerns related to population-wide issues such as obesity and diabetes addressed by tagatose"
    }
  ],
  "questions": [
    {
      "question": "In which scientific journal was the tagatose study published?",
      "options": [
        "Cell Reports Physical Science",
        "Nature",
        "Science",
        "Journal of Biological Chemistry"
      ],
      "correct_answer": "Cell Reports Physical Science"
    },
    {
      "question": "What enzyme from slime mold is used in the engineered bacteria?",
      "options": [
        "Galactose-1-phosphate-selective phosphatase",
        "Arabinose isomerase",
        "Glucose oxidase",
        "Sucrase"
      ],
      "correct_answer": "Galactose-1-phosphate-selective phosphatase"
    },
    {
      "question": "What is the primary sugar substrate converted to tagatose in the new method?",
      "options": [
        "Glucose",
        "Galactose",
        "Fructose",
        "Lactose"
      ],
      "correct_answer": "Glucose"
    },
    {
      "question": "How does the yield of the new biosynthetic method compare to traditional techniques?",
      "options": [
        "Up to 95% vs. 40-77%",
        "Up to 50% vs. 90%",
        "Up to 100% vs. 60%",
        "Up to 80% vs. 95%"
      ],
      "correct_answer": "Up to 95% vs. 40-77%"
    },
    {
      "question": "What percentage of sucrose's sweetness does tagatose provide?",
      "options": [
        "92%",
        "60%",
        "100%",
        "75%"
      ],
      "correct_answer": "92%"
    },
    {
      "question": "Which regulatory status does tagatose hold according to the FDA?",
      "options": [
        "Generally Recognized as Safe",
        "Approved for medical use only",
        "Under review",
        "Not evaluated"
      ],
      "correct_answer": "Generally Recognized as Safe"
    },
    {
      "question": "How does tagatose affect blood glucose levels based on clinical studies?",
      "options": [
        "Minimal increase",
        "Significant spike",
        "No change",
        "Decrease"
      ],
      "correct_answer": "Minimal increase"
    },
    {
      "question": "What potential oral health mechanism is associated with tagatose?",
      "options": [
        "Inhibition of cariogenic bacteria",
        "Increased saliva production",
        "Enamel strengthening",
        "Reduction in plaque pH"
      ],
      "correct_answer": "Inhibition of cariogenic bacteria"
    },
    {
      "question": "What broader public health issue does tagatose address?",
      "options": [
        "Sugar-related diseases like obesity and diabetes",
        "Vitamin deficiencies",
        "Food allergies",
        "Water contamination"
      ],
      "correct_answer": "Sugar-related diseases like obesity and diabetes"
    },
    {
      "question": "What is a key economic advantage of the new production method?",
      "options": [
        "Cost-effectiveness from high yields",
        "Use of expensive raw materials",
        "Labor-intensive processes",
        "Dependence on rare enzymes"
      ],
      "correct_answer": "Cost-effectiveness from high yields"
    }
  ],
  "background_read": [
    "The pursuit of sugar substitutes spans over a century, driven by health concerns such as caloric intake, dental caries, and metabolic disorders. Tagatose, a rare hexose sugar, exists naturally in trace amounts but poses extraction challenges. Previous production methods relied on galactose, resulting in low yields and high costs. The Tufts University study introduces a biosynthetic paradigm, leveraging genetic engineering of E. coli with novel enzymes to optimize glucose conversion. This advancement aligns with biotechnological trends in sustainable manufacturing. Tagatose's properties—including reduced calorie content, minimal glycemic impact, and potential prebiotic effects—position it as a multifunctional sweetener. Understanding this context requires knowledge of enzymology, metabolic pathways, and regulatory frameworks, highlighting the intersection of food science, public health, and industrial biotechnology in addressing dietary-related epidemics."
  ],
  "Article_Structure": [
    "Main Points: The article details a biosynthetic method for tagatose production using engineered E. coli, highlighting yields up to 95%, health benefits like reduced calories and diabetes management, and oral health advantages. Purpose: To report a scientific breakthrough that could transform sweetener markets and mitigate public health issues linked to sugar consumption. Evidence Evaluation: Sources include a peer-reviewed journal study with quantitative data on yields and clinical findings, though long-term effects require further research. Author Credibility: Researchers from Tufts University provide expertise in engineering and biochemistry, enhancing reliability. Methodology: Involves genetic modification of bacteria, enzyme utilization, and yield comparisons, employing robust bioprocessing techniques. Critical Assessment: Strengths include innovative approach and potential health impacts; limitations involve scalability challenges and need for more extensive human trials."
  ],
  "perspectives": [
    {
      "perspective": "Biotechnological advancement",
      "description": "Emphasizes the engineering of microbial systems for efficient tagatose synthesis as a leap in industrial biotechnology."
    }
  ],
  "image_url": "/article_images/article_31a975bb924a9373_8b0b8bde6c5f.webp"
}