{
  "title": "The Accelerating Discovery of Earth's Species",
  "summary": "A recent study reveals that we are in a golden age of species discovery, with scientists identifying over 16,000 new species annually, the highest rate ever recorded. Led by researchers at the University of Arizona and published in Science Advances, the study challenges the idea that discovery is slowing down. By analyzing taxonomic records of about 2 million species from 2015 to 2020, the team found that new discoveries outpace extinctions, which are estimated at about 10 per year. These findings include diverse groups like arthropods, plants, fungi, and vertebrates. The researchers project that many more species exist than currently known, such as up to 115,000 fish species compared to 42,000 described. Advances in molecular techniques are aiding discovery by identifying genetically distinct species that appear similar. Discovering new species is crucial for conservation, as species must be documented to be protected, and it also benefits human health through natural products like medicines inspired by organisms such as Gila monsters. Overall, the study emphasizes the importance of ongoing exploration to understand and preserve Earth's biodiversity.",
  "keywords": [
    {
      "term": "taxonomic records",
      "explanation": "organized lists of species names and classifications"
    },
    {
      "term": "molecular techniques",
      "explanation": "methods using DNA to study organisms"
    },
    {
      "term": "extinction rate",
      "explanation": "how fast species are dying out"
    },
    {
      "term": "biodiversity projection",
      "explanation": "estimates of how many species might exist"
    },
    {
      "term": "conservation documentation",
      "explanation": "recording species to help protect them"
    },
    {
      "term": "natural products",
      "explanation": "substances from living things used for medicines"
    },
    {
      "term": "genetic distinction",
      "explanation": "differences in DNA that define species"
    },
    {
      "term": "discovery acceleration",
      "explanation": "the increasing speed of finding new species"
    }
  ],
  "questions": [
    {
      "question": "What is the main finding of the University of Arizona study?",
      "options": [
        "Discovery of species is accelerating",
        "Species are going extinct faster",
        "Few new species are found each year",
        "Discovery has stopped"
      ],
      "correct_answer": "Discovery of species is accelerating"
    },
    {
      "question": "How many new species are discovered per year according to the study?",
      "options": [
        "Over 16,000",
        "About 1,000",
        "Less than 100",
        "Exactly 2 million"
      ],
      "correct_answer": "Over 16,000"
    },
    {
      "question": "What does the study say about extinction rates compared to discovery rates?",
      "options": [
        "Discovery outpaces extinction",
        "Extinction outpaces discovery",
        "They are equal",
        "Extinction is not mentioned"
      ],
      "correct_answer": "Discovery outpaces extinction"
    },
    {
      "question": "What method helps find species that look similar but are genetically different?",
      "options": [
        "Molecular techniques",
        "Only visual inspection",
        "Historical records",
        "Guessing"
      ],
      "correct_answer": "Molecular techniques"
    },
    {
      "question": "Why is documenting new species important for conservation?",
      "options": [
        "Species can't be protected until described",
        "It makes them go extinct",
        "It is only for science",
        "It has no impact"
      ],
      "correct_answer": "Species can't be protected until described"
    },
    {
      "question": "What is an example of a natural product mentioned in the article?",
      "options": [
        "GLP-1 receptor agonists from Gila monsters",
        "A new computer from plants",
        "A type of rock from fungi",
        "Water from insects"
      ],
      "correct_answer": "GLP-1 receptor agonists from Gila monsters"
    },
    {
      "question": "What group has the highest number of projected undiscovered species?",
      "options": [
        "Insects",
        "Fish",
        "Plants",
        "Fungi"
      ],
      "correct_answer": "Insects"
    },
    {
      "question": "Who is the senior author of the study?",
      "options": [
        "John Wiens",
        "Carl Linnaeus",
        "Robert May",
        "A University of Arizona student"
      ],
      "correct_answer": "John Wiens"
    }
  ],
  "background_read": [
    "This article discusses a study from the University of Arizona published in Science Advances, showing that species discovery is accelerating, with over 16,000 new species found each year. It explains how researchers analyzed taxonomic data to conclude that discovery rates outpace extinctions, highlighting groups like insects and plants. The study uses projections to estimate undiscovered species, such as up to 115,000 fish species. Advances in molecular techniques are key to identifying genetically distinct species. The importance of discovery is linked to conservation, as documentation is necessary for protection, and to benefits like new medicines from natural products. This context helps middle school students understand the scientific process and the relevance of biodiversity research."
  ],
  "Article_Structure": [
    "Main Points: The study shows accelerating species discovery with over 16,000 new species annually, challenging slowdown assumptions. Purpose: To inform about biodiversity trends and emphasize conservation and health benefits. Evidence Evaluation: Based on taxonomic records of 2 million species, providing robust data but reliant on existing documentation. Author Credibility: Led by John Wiens, a professor at University of Arizona, with expertise in ecology. Methodology: Analysis of recent data (2015-2020) and use of projections to estimate undiscovered species, incorporating molecular techniques."
  ],
  "perspectives": [
    {
      "perspective": "Scientific optimism",
      "description": "Researchers highlight progress in discovery as a positive trend for understanding and protecting biodiversity."
    }
  ],
  "image_url": "/article_images/article_bd151cb4d727973b_5c8cd99a94f9.webp"
}