{
  "title": "Overhauling England's Arts Funding: A Shift Towards Regional Power",
  "summary": "A major review commissioned by the government and conducted by former minister Dame Margaret Hodge calls for an overhaul of cultural funding in England. Arts Council England (ACE), which distributes over £680 million annually, faces criticism for its Let's Create strategy, which many view as a straitjacket that stifles artistic innovation and prioritizes access over excellence. The review recommends that ACE should continue but with new local and regional decision-making boards to allocate funding, giving more power to communities. It also suggests replacing Let's Create, as venues like Wigmore Hall in London have complained that the system is prescriptive and forces them to meet rigid criteria rather than pursue artistic ambitions. ACE responds that it is heartened by support for its principles of excellence and access but acknowledges being too prescriptive in implementation. The report aims to balance artistic quality with broader cultural access, addressing long-standing concerns from the arts sector.",
  "keywords": [
    {
      "term": "cultural funding",
      "explanation": "financial support for arts and cultural activities, managed by organizations like Arts Council England"
    },
    {
      "term": "Let's Create strategy",
      "explanation": "a controversial policy by ACE aimed at widening access but criticized for limiting artistic excellence"
    },
    {
      "term": "regional decision-making boards",
      "explanation": "proposed local groups that would have authority over funding allocations to arts organizations"
    },
    {
      "term": "artistic excellence",
      "explanation": "the quality and innovation in art that the review argues has been sidelined by current funding approaches"
    },
    {
      "term": "Arm's Length Principle",
      "explanation": "a concept endorsed in the review where funding decisions are made independently from direct government control"
    }
  ],
  "questions": [
    {
      "question": "Who commissioned the review of Arts Council England?",
      "options": [
        "The government",
        "Dame Margaret Hodge",
        "Wigmore Hall",
        "Local arts groups"
      ],
      "correct_answer": "The government"
    },
    {
      "question": "What is the main criticism of the Let's Create strategy?",
      "options": [
        "It stifles artistic innovation",
        "It gives too much money to London",
        "It ignores access to culture",
        "It is too expensive"
      ],
      "correct_answer": "It stifles artistic innovation"
    },
    {
      "question": "How much funding does Arts Council England distribute annually?",
      "options": [
        "Over £680 million",
        "Over £500 million",
        "Over £1 billion",
        "Over £200 million"
      ],
      "correct_answer": "Over £680 million"
    },
    {
      "question": "What does the review recommend regarding decision-making?",
      "options": [
        "New local and regional boards",
        "Abolishing ACE",
        "Centralizing all decisions in London",
        "Increasing government control"
      ],
      "correct_answer": "New local and regional boards"
    },
    {
      "question": "Why did Wigmore Hall leave the funding system?",
      "options": [
        "It found the system crippling and prescriptive",
        "It received no funding",
        "It wanted to focus on community work",
        "It disagreed with artistic excellence"
      ],
      "correct_answer": "It found the system crippling and prescriptive"
    },
    {
      "question": "What principle does ACE say underpins its strategy?",
      "options": [
        "Excellence and access",
        "Only excellence",
        "Only access",
        "Profit and loss"
      ],
      "correct_answer": "Excellence and access"
    },
    {
      "question": "What does the review suggest about ACE's future?",
      "options": [
        "It should survive but with changes",
        "It should be disbanded immediately",
        "It should merge with the government",
        "It should focus only on London"
      ],
      "correct_answer": "It should survive but with changes"
    },
    {
      "question": "How does ACE respond to the criticism of being prescriptive?",
      "options": [
        "It acknowledges being too prescriptive",
        "It denies any issues",
        "It blames artists",
        "It increases funding"
      ],
      "correct_answer": "It acknowledges being too prescriptive"
    }
  ],
  "background_read": [
    "Arts funding in England involves distributing public money to support cultural institutions and artists, with Arts Council England as the key body. Historically, debates have centered on balancing artistic excellence with making culture accessible to diverse audiences. The Let's Create strategy, introduced to promote inclusivity, has faced backlash for perceived rigidity. This review emerges from sector complaints, including high-profile cases like Wigmore Hall's exit, highlighting tensions between top-down control and local autonomy in cultural policy."
  ],
  "Article_Structure": [
    "The article presents a review by Dame Margaret Hodge criticizing Arts Council England's Let's Create strategy for stifling innovation and sidelining artistic excellence. Main points include recommendations for regional decision-making boards and replacing the strategy. The purpose is to advocate for funding reforms that empower local communities while maintaining ACE. Evidence includes sector feedback and Wigmore Hall's example, though it relies on anecdotal reports. Author credibility is high as a former minister, but potential bias towards elite arts is noted. Methodology involves a commissioned review, but details on data collection are limited, suggesting a need for broader empirical support."
  ],
  "perspectives": [
    {
      "perspective": "Arts sector critics",
      "description": "They argue that current funding prioritizes access over excellence, limiting creative freedom and forcing compliance with rigid criteria."
    },
    {
      "perspective": "ACE supporters",
      "description": "They emphasize the importance of both excellence and access, viewing the review as an opportunity to refine implementation while upholding core principles."
    }
  ],
  "image_url": "/article_images/article_569c1be8ad51252a_7d03a0204213.webp"
}