{
  "articles": [
    {
      "id": "687508a2f3c9da89",
      "title": "BP任命新老板，现任CEO任职不到两年后离职",
      "summary": "BP任命梅格·奥尼尔为新任首席执行官，使她成为首位领导全球主要石油公司的女性。这一变动发生在现任CEO默里·奥金克洛斯任职不到两年后离职之际，他接替了因未披露同事关系而犯有“严重不当行为”的伯纳德·卢尼。奥尼尔的任命伴随着BP的战略转变，公司正在减少对可再生能源的投资，重新聚焦于核心的石油和天然气业务。这一决策受到投资者的压力影响，他们对BP的利润和股价落后于壳牌等竞争对手感到不满。近期新任董事长的任命标志着领导层的全面改革。能源专家指出，这一举措旨在加强BP在行业中的地位，因为石油巨头之间的整合增加了被收购的风险。梅格·奥尼尔此前任职于伍德赛德能源公司，她强调其目标是帮助BP满足全球能源需求，而分析师则强调她在提升盈利能力和保持独立性方面面临的挑战。文章还提到，壳牌和挪威国家石油公司等竞争对手也缩减了绿色能源计划，反映了行业整体向化石燃料回归的趋势。",
      "source": "BBC Business",
      "time_ago": "Just now",
      "image_url": "/article_images/article_687508a2f3c9da89_ff5f47bdd54b.webp",
      "category": "Fun"
    },
    {
      "id": "633cf977d33bcafb",
      "title": "保险公司被告知需使保单更易理解",
      "summary": "英国金融监管机构金融行为监管局（FCA）表示，保险公司需要进一步改进理赔处理方式，并更清晰地向客户说明保单覆盖范围。这一回应是针对消费者组织Which?就家庭和旅行保险行业提出的“超级投诉”。FCA承认了一些需要解决的问题，并表示将扩大对理赔处理和保单清晰度的审查。消费者团体强调，FCA必须采取强有力的后续行动，并将其视为根本性改革的第一步。超级投诉是一种罕见机制，仅在消费者组织认为特定行业的做法对大量人群造成重大损害时使用。Which?认为家庭和旅行保险行业“已崩溃”，指出在某些情况下，向保险公司索赔的经历可能比原始事件更令人痛苦。该投诉基于三个关注领域：理赔处理方式（许多外包给专业公司）、保险公司的销售实践（导致对保单覆盖范围的广泛混淆），以及FCA作为监管机构未能提供适当程度的消费者保护。数据显示，2024年，汽车保险的理赔接受率为99%，而独立单次旅行保险为80%，家庭财产保险仅为74%，部分反映了消费者对保单内容的理解不足。FCA和消费者团体呼吁加强行动，以改革这些行业并更好地保护数百万保单持有人。",
      "source": "BBC Business",
      "time_ago": "1 hour ago",
      "image_url": "/article_images/article_633cf977d33bcafb_dd4a4c8e6e3d.webp",
      "category": "Fun"
    },
    {
      "id": "ad5429a670d56f26",
      "title": "安东尼·普莱斯：为鲍伊和杜兰杜兰设计服装的设计师去世，享年80岁",
      "summary": "安东尼·普莱斯，这位英国时装设计师，曾为大卫·鲍伊、罗克西音乐乐队和卡米拉王后等设计服装，于80岁去世。他以雕塑般的轮廓和戏剧性的风格闻名，例如杜兰杜兰乐队音乐视频《Rio》中的淡色西装。该乐队在社交媒体上发布声明，称他为“有远见的人”和“善良、聪明、机智的朋友”。普莱斯的去世发生在他于伦敦展示最新系列不到一个月后，这是30多年来的首次，歌手莉莉·艾伦在其中展示了一件受戴安娜王妃黑色天鹅绒“复仇裙”启发的连衣裙。1945年出生于西约克郡的基斯利，普莱斯于1960年代初移居伦敦，在皇家艺术学院学习。毕业后一年，他开始在斯特林·科珀设计男装，并负责米克·贾格尔在1969年滚石乐队《Gimme Shelter》巡演中穿的紧身纽扣裤。他于1979年创立了自己的品牌，并于次年举办了首次时装秀，以模特杰里·霍尔的造型开场，她也穿着普莱斯为她与米克爵士婚礼设计的连衣裙。作为大卫·鲍伊的长期合作者，普莱斯设计了这位歌手在1986年《As The World Falls Down》音乐视频中穿的夹克。他融合男装和女装的能力以及塑造紧身造型的技术熟练度使他成为“真正的原创者”，英国时装协会如此评价。1990年代，他开始为康沃尔公爵夫人卡米拉设计服装，包括她获得头衔后美国巡演的多套服装。在跨越五十多年的职业生涯后，普莱斯上个月在伦敦与时尚品牌16Arlington合作举办了他的最后一场秀。",
      "source": "BBC Entertainment",
      "time_ago": "8 hours ago",
      "image_url": "/article_images/article_ad5429a670d56f26_2313c97c1ab7.webp",
      "category": "Fun"
    },
    {
      "id": "d3a598ee404adfda",
      "title": "奥斯卡颁奖典礼将于2029年起移至YouTube播出",
      "summary": "奥斯卡颁奖典礼将于2029年起独家在YouTube上流媒体播放，这标志着好莱坞广播格局的重大变革。美国电影艺术与科学学院宣布了一项多年协议，授予YouTube直至2033年的全球转播权，结束了在ABC电视台长达半个世纪的播出历史。此举旨在扩大国际访问范围并吸引年轻观众，因为尽管2025年数字观众略有增加，但数十年来收视率一直呈下降趋势。学院领导强调这一合作有望惠及电影界，而YouTube首席执行官则突出其在培养创造力方面的作用。这一转变反映了更广泛的行业趋势，如制片厂合并和制作削减，并突显了流媒体服务日益增长的主导地位。ABC将在未来几年继续主办奥斯卡，但该协议标志着向数字平台的战略转向，以在不断变化的媒体环境中保持相关性。这一举措发生在好莱坞结构动荡的背景下，包括流媒体巨头竞争和传统收入模式可能面临的挑战，突显了娱乐业为适应不断变化的消费模式而进行的调整。",
      "source": "BBC Entertainment",
      "time_ago": "17 hours ago",
      "image_url": "/article_images/article_d3a598ee404adfda_c7f06698574e.webp",
      "category": "Fun"
    },
    {
      "id": "5ee0786384a7f61c",
      "title": "苏珊·博伊尔对蒂莫西·柴勒梅德的赞美感到“无比感动”",
      "summary": "在BBC娱乐新闻的一次采访中，好莱坞演员蒂莫西·柴勒梅德称赞苏格兰歌手苏珊·博伊尔为他最伟大的英国英雄之一，提及她2009年在《英国达人秀》上演唱《我曾有梦》的标志性表演。柴勒梅德在宣传新电影《马蒂至尊》时表示，博伊尔“比我们所有人都梦想得更大”，并回忆了该表演在YouTube早期时代的病毒式传播。博伊尔回应称感到“非常荣幸”并谦卑，反思了那段早期经历如何持续产生影响，并强调心怀大梦的重要性。此次交流是柴勒梅德更广泛活动的一部分，他向弗兰克·奥申和汤姆·布雷迪等文化人物赠送品牌夹克，融合了名人认可与营销策略。文章对比了博伊尔47岁时的晚期突破与柴勒梅德13岁时的记忆，说明了数字媒体如何跨越世代永恒化艺术表演。它还触及其他文化活动的细节，但核心叙事聚焦于相互钦佩和病毒现象的社会文化影响，突显了娱乐新闻、促销策略及励志故事在塑造公共话语中的交集。",
      "source": "BBC Entertainment",
      "time_ago": "17 hours ago",
      "image_url": "/article_images/article_5ee0786384a7f61c_3cd476bf6a21.webp",
      "category": "Fun"
    },
    {
      "id": "6b0a2001bdc09c9e",
      "title": "FIFA电子游戏四年后回归，Netflix独家发行",
      "summary": "FIFA电子游戏系列将在2026年回归，这是自2023年与长期开发商艺电（EA）分裂后的首次亮相。EA因高昂的授权费用停止使用FIFA品牌，将其足球游戏更名为EA Sports FC，该游戏在2023年仍是英国最畅销游戏。Netflix获得了新FIFA游戏的独家发行权，游戏将由尚未发布过作品的Delphi Interactive工作室开发和出版，计划在2026年世界杯前推出，并对Netflix会员免费开放。国际足联主席詹尼·因凡蒂诺对此合作表示兴奋，称其为数字足球的新时代。然而，反应褒贬不一，部分粉丝对Netflix以移动端为主的策略和Delphi Interactive的经验表示怀疑。原FIFA系列自1993年由EA推出，拥有约1.5亿玩家，体现了其在游戏史上的重要地位。这一复兴标志着游戏行业的重大调整，Netflix借此扩大游戏业务，但面临开发质量和市场接受度的挑战。",
      "source": "BBC Entertainment",
      "time_ago": "18 hours ago",
      "image_url": "/article_images/article_6b0a2001bdc09c9e_32b3c18a7830.webp",
      "category": "Fun"
    }
  ]
}