{
  "articles": [
    {
      "id": "d547410532ab48dd",
      "title": "Catalytic Efficiency Breakthrough: Tungsten Carbide as a Sustainable Alternative to Platinum in Upcycling Applications",
      "summary": "A groundbreaking study demonstrates that tungsten carbide, when engineered into specific atomic phases, can serve as a highly efficient catalyst for plastic upcycling and carbon dioxide conversion, achieving performance up to tenfold greater than traditional platinum-based systems. Platinum catalysts, while effective, are constrained by economic and supply chain issues due to their rarity and high cost. Tungsten carbide, an Earth-abundant material, offers a sustainable alternative but has historically been limited by its polymorphic nature, where varying atomic configurations (phases) lead to inconsistent catalytic behavior. Researchers under Marc Porosoff at the University of Rochester employed advanced methodologies, including temperature-programmed carburization, to precisely manipulate tungsten carbide nanostructures within reactors operating above 700°C. They identified the β-W2C phase as particularly efficacious, facilitating reactions such as hydrocracking of polypropylene plastic waste and conversion of CO2 into chemical precursors. This innovation addresses critical challenges in waste management, such as the stability of polymer chains and deactivation by contaminants, which hinder conventional catalysts. Published in ACS Catalysis and the Journal of the American Chemical Society, the research underscores the potential for scalable industrial applications, reducing dependency on precious metals and advancing circular economy principles through enhanced material recovery and chemical synthesis efficiency.",
      "source": "Science Daily",
      "time_ago": "3 hours ago",
      "image_url": "/article_images/article_d547410532ab48dd_468eb8ca71f8.webp",
      "category": "Science"
    },
    {
      "id": "bd49212243a21dd0",
      "title": "Advancing Galactic Astronomy: A Comprehensive Radio Image of the Milky Way Unveils Stellar Dynamics",
      "summary": "Astronomers at the International Centre of Radio Astronomy Research have unveiled a monumental low-frequency radio color image of the Milky Way, representing the largest such compilation to date. This image, synthesized from the Southern Hemisphere perspective, utilizes radio wavelengths to depict the galaxy in unprecedented detail. PhD candidate Silvia Mantovanini spearheaded the project, dedicating 18 months and approximately 1 million CPU hours on supercomputers at the Pawsey Supercomputing Research Centre to process data from the Murchison Widefield Array telescope in Western Australia. The dataset integrates observations from the GaLactic and Extragalactic All-sky MWA survey and its extended counterpart, GLEAM-X, encompassing 141 nights of observations between 2013 and 2020. Compared to prior imagery, this iteration boasts double the resolution, tenfold sensitivity, and expanded sky coverage, facilitating enhanced analysis of stellar phenomena. It enables precise differentiation between supernova remnants and stellar nurseries, thereby elucidating mechanisms of star formation, evolution, and demise. This technological leap not only refines our comprehension of galactic structures but also propels research into cosmic interactions and the lifecycle of stars within the Milky Way.",
      "source": "Science Daily",
      "time_ago": "3 hours ago",
      "image_url": "/article_images/article_bd49212243a21dd0_320e154960a9.webp",
      "category": "Science"
    },
    {
      "id": "8a81403bcdabc742",
      "title": "Investigating Super-Eddington Accretion in an Early Universe Quasar: A Challenge to Astrophysical Models",
      "summary": "An international team of astronomers has identified a quasar at redshift z=3.4, corresponding to approximately 12 billion years ago, which exhibits a supermassive black hole undergoing super-Eddington accretion at a rate roughly 13 times the theoretical Eddington limit. Utilizing the Subaru Telescope's MOIRCS near-infrared spectrograph, researchers analyzed the Mg II emission line to estimate the black hole's mass and combined this with X-ray and radio data. Contrary to prevailing theoretical models, which predict diminished X-ray emission and suppressed jet activity during such rapid growth, this quasar simultaneously displays intense X-ray luminosity from a corona and a powerful radio-loud jet. This anomalous combination suggests the object may be in a short transitional phase following a sudden gas influx, allowing extreme accretion while maintaining energetic emissions. The findings, published in the Astrophysical Journal, challenge existing frameworks of black hole accretion physics and offer critical insights into the mechanisms driving rapid mass accumulation in the early Universe. Furthermore, the strong radio jet implies potential feedback effects on the host galaxy, influencing star formation and galactic evolution, thereby connecting black hole growth to broader cosmological processes.",
      "source": "Science Daily",
      "time_ago": "4 hours ago",
      "image_url": "/article_images/article_8a81403bcdabc742_7fdd927c3c96.webp",
      "category": "Science"
    },
    {
      "id": "0490ec6b30ea3488",
      "title": "Biomechanical Evidence Supports Occasional Hopping in Pleistocene Giant Kangaroos",
      "summary": "A groundbreaking study published in Scientific Reports re-evaluates the locomotor capabilities of extinct giant kangaroos, proposing that species such as Protemnodon from the Pleistocene epoch were mechanically capable of hopping, contrary to previous hypotheses that deemed them too massive for such movement. Researchers, led by Megan Jones, conducted a comprehensive biomechanical analysis on 134 specimens encompassing 63 species, including both modern kangaroos and wallabies as well as fossil representatives. By examining the fourth metatarsal—a critical bone for energy storage and propulsion in hopping—and comparing heel bone morphology to estimate Achilles tendon dimensions, the team demonstrated that these anatomical structures could withstand the stresses associated with hopping in animals weighing up to 250 kilograms. The findings indicate that while hopping was feasible, it was likely employed only in short bursts due to biomechanical inefficiencies over extended distances for such large body sizes. This suggests a behavioral adaptation where hopping served as an evasive tactic against predators like Thylacoleo, an extinct marsupial lion. The study integrates paleontological and biomechanical methodologies, offering nuanced insights into the functional morphology and ecological roles of megafauna, thereby challenging simplistic assumptions about size-related locomotion constraints and contributing to broader discussions on evolutionary adaptations in extinct species.",
      "source": "Science Daily",
      "time_ago": "8 hours ago",
      "image_url": "/article_images/article_0490ec6b30ea3488_b9db7fcb47fd.webp",
      "category": "Science"
    },
    {
      "id": "a2dc0401407b3d46",
      "title": "Global Rocket Industry Analysis: Failures, Investments, and Geopolitical Implications",
      "summary": "This article from Ars Science's Rocket Report edition 8.26 examines recent advancements and setbacks in the global rocket industry, emphasizing the complex interplay of technical, financial, and geopolitical factors. Chinese launchers experienced two failures within approximately 12 hours, highlighting ongoing reliability issues in space launch systems. Rocket Lab encountered a significant setback during a key qualification test for its Neutron rocket, potentially stalling its planned debut and underscoring the challenges in developing reusable launch vehicles. In Australia, Gilmour Space Technologies secured $148 million in funding, positioning it as a unicorn startup and reflecting a strategic push for sovereign launch capabilities to mitigate reliance on foreign providers like SpaceX amid extended US launch queues and geopolitical reshuffling. Concurrently, Isar Aerospace postponed its Spectrum rocket launch due to a valve issue, as Europe seeks to bolster its space sovereignty following the loss of Russian launch access and strained trans-Atlantic relations. Additionally, Orbex's letter of intent to sell to The Exploration Company indicates financial pressures in the competitive small launch market. The report synthesizes these events to illustrate how nations and private entities navigate innovation hurdles, capital acquisition, and strategic alliances in the rapidly evolving space sector.",
      "source": "Ars Science",
      "time_ago": "22 hours ago",
      "image_url": "/article_images/article_a2dc0401407b3d46_4215c7baf13f.webp",
      "category": "Science"
    },
    {
      "id": "aa10d7c69c718870",
      "title": "Reevaluating Human Artistic Origins: A 67,800-Year-Old Hand Stencil in Wallacea",
      "summary": "A groundbreaking archaeological study has identified a 67,800-year-old hand stencil in Liang Metanduno cave, Sulawesi, Indonesia, as the world's oldest known human-made artwork, predating the previous record-holder—a Neanderthal hand stencil in Spain—by approximately 1,100 years. Conducted by Adhi Agus Oktaviana and colleagues from Indonesia's National Research and Innovation Agency, this research employed uranium-thorium dating on a calcite layer overlying the faded stencil to establish its minimum age, revealing critical insights into early human presence in Wallacea, the biogeographical region between Asia and Australia. The hand stencil, created through the application of pigment via spitting or blowing around a hand placed on a limestone wall, represents not only artistic expression but also evidence of planned sea crossings by Homo sapiens during the late Pleistocene epoch. The study involved extensive surveys of 44 rock art sites in Sulawesi and its satellite islands, uncovering 14 previously undocumented sites and dating 11 individual artworks, thereby underscoring a vibrant and longstanding artistic tradition in the area. Additional findings, such as a 51,200-year-old mural depicting human-animal interactions, further contextualize this cultural complexity. This discovery challenges Eurocentric narratives of art origins and highlights the role of Southeast Asia in human cognitive and cultural evolution. However, limitations include the fragmentary nature of rock art preservation and the speculative interpretation of artistic intent. Overall, this research advances our understanding of early human migration, creativity, and the anthropological significance of art as a marker of human identity.",
      "source": "Ars Science",
      "time_ago": "1 day ago",
      "image_url": "/article_images/article_aa10d7c69c718870_379cf33be9a0.webp",
      "category": "Science"
    }
  ]
}