{
  "title": "Analyzing the $16.5 Million Pokémon Card Sale: Market Dynamics and Cultural Impact",
  "summary": "In a landmark auction, Logan Paul, a multifaceted influencer and professional wrestler, sold a Pikachu Illustrator Pokémon trading card for $16.492 million, inclusive of buyer's premium, establishing a new Guinness World Record for the most expensive trading card ever sold. Originally acquired in 2021 for $5.3 million, this transaction underscores a dramatic appreciation in value, attributed to the card's exceptional rarity—only approximately 40 were issued in a 1998 contest—and its unparalleled condition, being the sole example graded a perfect 10 by Professional Sports Authenticator (PSA). The purchaser, venture capitalist AJ Scaramucci, framed the acquisition as the inaugural step in a 'planetary treasure hunt,' aiming to procure other稀缺 items like dinosaur fossils, thereby highlighting the convergence of high finance and pop culture collectibles. Facilitated by auction house Goldin, with Ken Goldin incentivizing Paul through advances and profit shares, this event exemplifies the surging Pokémon and trading card game (TCG) market, which has dominated collectible sectors in recent years. Media coverage, including YouTube livestreams and Netflix's King of Collectibles series, amplifies the cultural resonance, while the inclusion of personal memorabilia, such as Paul's WWE necklace, adds layers of narrative. This sale not only reflects speculative investment trends but also raises questions about market sustainability and the role of celebrity in driving valuations.",
  "keywords": [
    {
      "term": "multifaceted influencer",
      "explanation": "an individual with diverse roles in media, entertainment, and business"
    },
    {
      "term": "appreciation in value",
      "explanation": "an increase in monetary worth over time, often due to demand or rarity"
    },
    {
      "term": "unparalleled condition",
      "explanation": "a state of preservation that is unmatched by any other example"
    },
    {
      "term": "convergence",
      "explanation": "the coming together of different fields or interests, such as finance and culture"
    },
    {
      "term": "speculative investment",
      "explanation": "putting money into assets with the hope of high returns, but with significant risk"
    },
    {
      "term": "cultural resonance",
      "explanation": "the ability of an event or item to evoke widespread cultural interest and relevance"
    },
    {
      "term": "market sustainability",
      "explanation": "the long-term viability and stability of a market, considering factors like demand and bubbles"
    },
    {
      "term": "narrative layers",
      "explanation": "multiple stories or meanings attached to an object, enhancing its perceived value"
    },
    {
      "term": "profit shares",
      "explanation": "a portion of earnings given to someone involved in a sale or project"
    },
    {
      "term": "稀缺 items",
      "explanation": "rare and scarce objects, often sought after by collectors"
    }
  ],
  "questions": [
    {
      "question": "What factors contributed to the Pikachu Illustrator card's record-breaking sale price?",
      "options": [
        "Rarity, perfect condition, and celebrity involvement",
        "High production quality and mass availability",
        "Government regulation and tax incentives",
        "Technological advancements in card printing"
      ],
      "correct_answer": "Rarity, perfect condition, and celebrity involvement"
    },
    {
      "question": "How does AJ Scaramucci's 'planetary treasure hunt' concept relate to broader investment trends?",
      "options": [
        "It reflects a shift towards alternative assets in high finance",
        "It indicates a decline in traditional stock markets",
        "It is solely a personal hobby with no economic impact",
        "It focuses only on digital collectibles"
      ],
      "correct_answer": "It reflects a shift towards alternative assets in high finance"
    },
    {
      "question": "What role did Ken Goldin play in facilitating the transaction beyond organizing the auction?",
      "options": [
        "He offered Logan Paul a $2.5 million advance and a cut of sales",
        "He purchased the card himself as an investment",
        "He produced the Netflix series featuring the sale",
        "He graded the card as a perfect 10"
      ],
      "correct_answer": "He offered Logan Paul a $2.5 million advance and a cut of sales"
    },
    {
      "question": "How does the article address the potential risks in the Pokémon card market?",
      "options": [
        "It implies questions about market sustainability through speculative trends",
        "It states that the market is guaranteed to grow indefinitely",
        "It ignores risks and focuses only on positive aspects",
        "It recommends government intervention to stabilize prices"
      ],
      "correct_answer": "It implies questions about market sustainability through speculative trends"
    },
    {
      "question": "What is the significance of the card being graded a 10 by PSA?",
      "options": [
        "It certifies the card as virtually perfect, enhancing its value",
        "It means the card is fake and not authentic",
        "It indicates the card is common and widely available",
        "It shows the card was recently produced"
      ],
      "correct_answer": "It certifies the card as virtually perfect, enhancing its value"
    },
    {
      "question": "How does media coverage, such as YouTube and Netflix, influence the collectibles market?",
      "options": [
        "It amplifies cultural interest and can drive up valuations",
        "It has no effect on market dynamics",
        "It decreases value by making items seem less exclusive",
        "It is only relevant for entertainment purposes"
      ],
      "correct_answer": "It amplifies cultural interest and can drive up valuations"
    },
    {
      "question": "What does the inclusion of Logan Paul's WWE necklace in the sale suggest about modern collectibles?",
      "options": [
        "It adds personal narrative and emotional value to transactions",
        "It is a standard practice in all auctions",
        "It decreases the item's financial worth",
        "It is irrelevant to the card's condition"
      ],
      "correct_answer": "It adds personal narrative and emotional value to transactions"
    },
    {
      "question": "How has the Pokémon TCG market evolved in recent years according to the article?",
      "options": [
        "It has soared in value and dominated collectible markets",
        "It has remained stable with no significant changes",
        "It has declined due to oversaturation",
        "It has shifted focus entirely to digital versions"
      ],
      "correct_answer": "It has soared in value and dominated collectible markets"
    },
    {
      "question": "What critical assessment can be made about the evidence presented in the article?",
      "options": [
        "It relies on credible sources but lacks in-depth economic analysis",
        "It is based entirely on unverified rumors",
        "It includes comprehensive data on market trends",
        "It dismisses celebrity influence as unimportant"
      ],
      "correct_answer": "It relies on credible sources but lacks in-depth economic analysis"
    },
    {
      "question": "How does the sale reflect the intersection of entertainment and finance?",
      "options": [
        "Through celebrity-driven auctions and media coverage blending pop culture with investment",
        "By separating entertainment events from financial transactions",
        "By focusing only on traditional banking methods",
        "By avoiding any mention of cultural factors"
      ],
      "correct_answer": "Through celebrity-driven auctions and media coverage blending pop culture with investment"
    }
  ],
  "background_read": [
    "The collectibles market, particularly for trading cards like Pokémon, has undergone a transformation from niche hobby to mainstream investment, fueled by factors such as nostalgia, scarcity, and digital media exposure. Pokémon, launched in 1996, has a global fanbase, and its cards are graded by organizations like PSA to assess condition, impacting value. High-profile sales, often involving celebrities like Logan Paul, highlight speculative bubbles and the role of influencers in driving demand. Auction houses like Goldin leverage these trends, while venture capitalists like AJ Scaramucci view collectibles as alternative assets in diversified portfolios. Understanding this requires knowledge of economic principles, cultural studies, and media dynamics, as events like this sale raise questions about market ethics, sustainability, and the commodification of pop culture."
  ],
  "Article_Structure": [
    "Main Points: The sale of a Pikachu Illustrator card for $16.492 million sets a record, driven by rarity, condition, and celebrity influence, with buyer AJ Scaramucci planning further acquisitions. Purpose: To analyze a high-profile auction within broader contexts of collectible markets, celebrity culture, and economic speculation. Evidence Evaluation: Sources include auction firm data, Guinness Records, and direct quotes, offering reliability but limited critical depth; lacks statistical market analysis. Author Credibility: BBC provides factual reporting but may oversimplify complex economic implications. Methodology: Relies on event coverage and interviews, standard for entertainment news, yet misses opportunities for investigative rigor. Critical Assessment: Strengths lie in highlighting cultural trends, but weaknesses include insufficient examination of market risks and potential biases in celebrity-driven narratives."
  ],
  "perspectives": [
    {
      "perspective": "Sociocultural Critique",
      "description": "This sale exemplifies the commodification of nostalgia and fan culture, where items gain excessive value through media spectacle, potentially distorting their intrinsic worth and alienating genuine collectors."
    }
  ],
  "image_url": "/article_images/article_40bd9165e27dfa73_fec9089e84f8.webp"
}