{
  "title": "Cardinal Tobin's Theological Critique and Call for ICE Defunding in Immigration Policy Debate",
  "summary": "Cardinal Joseph Tobin, Archbishop of Newark and a prominent figure in the U.S. Catholic hierarchy, has issued a sharp condemnation of the Trump administration's immigration enforcement, characterizing ICE as a 'lawless organization.' He advocates for the defunding of ICE, urging congregants to exert political pressure on lawmakers to halt financial allocations. This stance is grounded in moral and theological convictions, responding to specific incidents such as the deaths of Alex Pretti and Renee Nicole Good, and the detention of Liam Conejo Ramos, a 5-year-old apprehended after preschool and placed in a Texas family detention center. Cardinal Tobin's intervention highlights broader systemic issues within U.S. immigration policy, emphasizing the ethical imperative to address human rights violations and operational overreach by enforcement agencies. His call to action reflects a synthesis of religious doctrine with socio-political activism, aiming to catalyze reform through grassroots mobilization and legislative engagement.",
  "keywords": [
    {
      "term": "socio-political activism",
      "explanation": "engagement in activities that combine social and political elements to advocate for change"
    },
    {
      "term": "human rights violations",
      "explanation": "actions that infringe upon the basic rights and freedoms entitled to all individuals"
    },
    {
      "term": "grassroots mobilization",
      "explanation": "organizing efforts that originate from ordinary people rather than leaders or institutions"
    },
    {
      "term": "operational overreach",
      "explanation": "when an organization exceeds its authorized scope or authority in carrying out its functions"
    },
    {
      "term": "theological convictions",
      "explanation": "deeply held beliefs derived from religious teachings and doctrines"
    }
  ],
  "questions": [
    {
      "question": "What rhetorical strategy does Cardinal Tobin employ by labeling ICE as 'lawless'?",
      "options": [
        "To emphasize perceived illegitimacy and moral failure",
        "To praise ICE's efficiency",
        "To suggest legal reforms within ICE",
        "To encourage more funding for ICE"
      ],
      "correct_answer": "To emphasize perceived illegitimacy and moral failure"
    },
    {
      "question": "How does Cardinal Tobin's position as Archbishop influence his credibility in this debate?",
      "options": [
        "It lends moral authority but may introduce religious bias",
        "It has no impact on credibility",
        "It makes him a legal expert on immigration",
        "It reduces his public influence"
      ],
      "correct_answer": "It lends moral authority but may introduce religious bias"
    },
    {
      "question": "What specific incidents does Cardinal Tobin reference to support his critique of ICE?",
      "options": [
        "Deaths of Alex Pretti and Renee Nicole Good, and detention of Liam Conejo Ramos",
        "Economic data on immigration",
        "Historical treaties",
        "Church attendance records"
      ],
      "correct_answer": "Deaths of Alex Pretti and Renee Nicole Good, and detention of Liam Conejo Ramos"
    },
    {
      "question": "What methodological approach does Cardinal Tobin use in presenting his arguments?",
      "options": [
        "Qualitative advocacy based on case studies and ethical appeals",
        "Quantitative analysis of immigration statistics",
        "Experimental research",
        "Legal court proceedings"
      ],
      "correct_answer": "Qualitative advocacy based on case studies and ethical appeals"
    },
    {
      "question": "How does Cardinal Tobin's call to defund ICE relate to broader immigration policy discussions?",
      "options": [
        "It challenges enforcement-centric approaches and advocates for systemic reform",
        "It supports increased border security",
        "It focuses solely on religious rituals",
        "It ignores political dimensions"
      ],
      "correct_answer": "It challenges enforcement-centric approaches and advocates for systemic reform"
    },
    {
      "question": "What potential limitations exist in Cardinal Tobin's evidence for defunding ICE?",
      "options": [
        "Reliance on anecdotal cases without comprehensive data",
        "Overuse of statistical models",
        "Lack of theological references",
        "Excessive focus on economic factors"
      ],
      "correct_answer": "Reliance on anecdotal cases without comprehensive data"
    },
    {
      "question": "How does Cardinal Tobin integrate theological convictions into his socio-political advocacy?",
      "options": [
        "By framing immigration issues through Catholic social teaching on human dignity",
        "By avoiding religious references entirely",
        "By promoting secular policies only",
        "By focusing on financial incentives"
      ],
      "correct_answer": "By framing immigration issues through Catholic social teaching on human dignity"
    },
    {
      "question": "What role does grassroots mobilization play in Cardinal Tobin's strategy?",
      "options": [
        "To amplify public pressure on lawmakers for policy change",
        "To replace legislative processes",
        "To reduce church involvement",
        "To support ICE operations"
      ],
      "correct_answer": "To amplify public pressure on lawmakers for policy change"
    },
    {
      "question": "How might Cardinal Tobin's perspective be critiqued from a pro-enforcement stance?",
      "options": [
        "As undermining legal authority and border security",
        "As overly data-driven",
        "As too focused on economic growth",
        "As ignoring human rights"
      ],
      "correct_answer": "As undermining legal authority and border security"
    },
    {
      "question": "What critical assessment can be made of Cardinal Tobin's methodology in advocating for defunding?",
      "options": [
        "Effective in raising ethical awareness but limited in providing empirical evidence for broad policy shifts",
        "Comprehensive in statistical analysis",
        "Focused solely on legal precedents",
        "Irrelevant to public discourse"
      ],
      "correct_answer": "Effective in raising ethical awareness but limited in providing empirical evidence for broad policy shifts"
    }
  ],
  "background_read": [
    "The U.S. immigration system under the Trump administration saw intensified enforcement measures, including family separations and expanded detention, sparking debates over human rights and legality. Cardinal Tobin's intervention draws from Catholic social teaching, which prioritizes the dignity of migrants and critiques unjust structures. Defunding ICE is a contentious proposal within broader immigration reform efforts, with proponents arguing it addresses abuse and opponents citing security needs. Understanding this requires knowledge of political advocacy, ethical frameworks, and the interplay between religion and policy. Cardinal Tobin's approach exemplifies how religious leaders can leverage moral authority to influence public discourse, though it raises questions about evidence-based policymaking and bias in advocacy."
  ],
  "Article_Structure": [
    "Main Points: Cardinal Tobin condemns ICE as lawless, advocates defunding based on moral/theological grounds, citing specific incidents to highlight human rights concerns. Purpose: To mobilize religious communities for immigration reform, challenging enforcement policies within a broader ethical and political context. Evidence Evaluation: Relies on anecdotal cases (e.g., Liam Ramos) and ethical appeals; lacks robust empirical data, potentially limiting policy impact. Author Credibility: High as a Catholic leader with influence, but biased towards religious perspectives, affecting objectivity. Methodology: Qualitative advocacy through public statements and interviews, emphasizing persuasive rhetoric over systematic research. Critical Assessment: Strengths include raising awareness and ethical discourse; limitations involve insufficient evidence for defunding and potential oversight of enforcement necessities."
  ],
  "perspectives": [
    {
      "perspective": "Interdisciplinary critique",
      "description": "Cardinal Tobin blends theology, ethics, and politics to advocate for immigration reform, though his approach may be critiqued for lacking empirical rigor and balancing enforcement needs."
    }
  ],
  "image_url": "/article_images/article_f88d5409d9604972_2c6ae40df52e.webp"
}