{
  "title": "UK Weather Shift: Sunshine Before Snow and Ice Warnings",
  "summary": "The United Kingdom is experiencing a significant weather transition after prolonged periods of rain. On Saturday, Arctic air brings cold, frosty conditions with widespread sunshine for most regions, though northern areas may see some snow and ice. However, this respite is short-lived as rain, accompanied by more snow and ice, spreads overnight into Sunday. The Met Office has issued yellow warnings for ice and snow across Scotland and northern England from Saturday evening to Sunday morning, predicting up to 15 cm of snow on higher ground and potential travel disruption due to ice. Additionally, the UK's Health Security Agency has activated yellow health alerts for northern England and the Midlands, warning of minor impacts on healthcare services and increased risks for vulnerable populations during the cold spell. The article includes observations from BBC Weather Watchers, such as sunny starts in Cornwall and snowy scenes in the High Peak, and raises a broader question about whether wetter winters and frequent flooding are becoming permanent features of the UK climate.",
  "keywords": [
    {
      "term": "Arctic air",
      "explanation": "cold air masses originating from the Arctic region that lower temperatures"
    },
    {
      "term": "yellow warnings",
      "explanation": "Met Office alerts indicating potential low-impact but disruptive weather conditions"
    },
    {
      "term": "travel disruption",
      "explanation": "delays or hazards in transportation caused by adverse weather like ice or snow"
    },
    {
      "term": "health alerts",
      "explanation": "official warnings about health risks from weather, targeting vulnerable groups"
    },
    {
      "term": "Met Office",
      "explanation": "the UK's national weather service responsible for forecasts and warnings"
    },
    {
      "term": "vulnerable populations",
      "explanation": "groups such as the elderly or ill who are more at risk during extreme weather"
    },
    {
      "term": "climate",
      "explanation": "long-term patterns of weather in a region"
    },
    {
      "term": "BBC Weather Watchers",
      "explanation": "a community of volunteers who report and share weather observations"
    }
  ],
  "questions": [
    {
      "question": "What causes the cold and frosty conditions on Saturday in the UK?",
      "options": [
        "Tropical air",
        "Arctic air",
        "Desert winds",
        "Ocean currents"
      ],
      "correct_answer": "Arctic air"
    },
    {
      "question": "What type of warnings has the Met Office issued for Scotland and northern England?",
      "options": [
        "Red warnings",
        "Yellow warnings",
        "Green warnings",
        "Blue warnings"
      ],
      "correct_answer": "Yellow warnings"
    },
    {
      "question": "How much snow is possible on higher ground according to the forecast?",
      "options": [
        "Up to 5 cm",
        "Up to 10 cm",
        "Up to 15 cm",
        "Up to 20 cm"
      ],
      "correct_answer": "Up to 15 cm"
    },
    {
      "question": "What is the purpose of the UK's Health Security Agency alerts?",
      "options": [
        "To warn about heatwaves",
        "To warn about health risks from cold weather",
        "To promote outdoor activities",
        "To announce holiday closures"
      ],
      "correct_answer": "To warn about health risks from cold weather"
    },
    {
      "question": "Which regions are specifically mentioned in the health alerts?",
      "options": [
        "Southern England and Wales",
        "Northern England and the Midlands",
        "Scotland only",
        "All of the UK"
      ],
      "correct_answer": "Northern England and the Midlands"
    },
    {
      "question": "What do BBC Weather Watchers contribute to the article?",
      "options": [
        "Official forecasts",
        "Personal weather observations",
        "Government policies",
        "Historical data"
      ],
      "correct_answer": "Personal weather observations"
    },
    {
      "question": "What broader question does the article raise about UK winters?",
      "options": [
        "Will they become drier?",
        "Will they become wetter and cause more flooding?",
        "Will they disappear entirely?",
        "Will they always be sunny?"
      ],
      "correct_answer": "Will they become wetter and cause more flooding?"
    },
    {
      "question": "When do the Met Office warnings for ice and snow expire on Sunday?",
      "options": [
        "At 08:00",
        "At 10:00",
        "At 12:00",
        "At 14:00"
      ],
      "correct_answer": "At 10:00"
    }
  ],
  "background_read": [
    "The UK's weather is influenced by various factors, including Arctic air masses that can bring cold spells. The Met Office, established in 1854, provides weather forecasts and issues color-coded warnings: yellow for low-impact events, amber for medium-impact, and red for high-impact. Yellow health alerts are part of the Cold-Health Alert system managed by the UK Health Security Agency, aiming to protect public health during cold weather by advising on risks to vulnerable groups. Climate change is increasing the frequency of extreme weather events, such as heavy rainfall and flooding, raising concerns about long-term patterns. This article discusses a specific weather event where sunny conditions precede snow and ice, highlighting the rapid changes typical of UK weather and the societal impacts, including travel and health considerations."
  ],
  "Article_Structure": [
    "Main Points: The article details a weather shift in the UK from sunny, cold conditions on Saturday to snow and ice overnight, with Met Office yellow warnings for Scotland and northern England and health alerts for vulnerable populations. Purpose: To inform the public about imminent weather hazards and promote safety, while raising questions about climate trends. Evidence Evaluation: Relies on official sources like the Met Office and UK Health Security Agency, providing specific warning times and snow predictions, but includes anecdotal evidence from BBC Weather Watchers. Author Credibility: As a BBC News article, it benefits from journalistic standards and access to authoritative weather agencies. Methodology: Combines forecast data from the Met Office with observational reports from volunteers and health agency updates, offering a comprehensive view of the event."
  ],
  "perspectives": [
    {
      "perspective": "Public Safety",
      "description": "Emphasizes warnings and preparedness for weather-related risks."
    },
    {
      "perspective": "Climate Inquiry",
      "description": "Questions long-term weather patterns and potential impacts of climate change."
    }
  ],
  "image_url": "/article_images/article_7547140c1a495abd_0118368005be.webp"
}