{
  "title": "Geopolitical Escalation: Analyzing the US-Israel Coordinated Strike on Iran",
  "summary": "The article reports on a significant military escalation involving joint operations by the United States and Israel against Iran, characterized as \"major combat operations\" by US President Donald Trump and a \"pre-emptive attack\" by Israeli officials. This action follows protracted diplomatic tensions centered on Iran's nuclear program, with attacks resulting in explosions across multiple Iranian cities, including Tehran, Isfahan, Qom, Karaj, and Kermanshah. Verified multimedia evidence, such as videos and photos, depicts smoke plumes near strategic sites like Leadership House, the office of Supreme Leader Ayatollah Ali Khamenei, though direct impacts remain unconfirmed. Trump articulated the US objective as defending American citizens by neutralizing imminent threats from the Iranian regime and ensuring Iran does not acquire nuclear capabilities, while advising Iranian civilians to seek shelter. The aftermath includes unknown casualties and the closure of Iranian airspace, signaling a severe disruption. This event underscores the collapse of prior negotiations and highlights complex international security dynamics, with implications for regional stability and global non-proliferation efforts.",
  "keywords": [
    {
      "term": "geopolitical escalation",
      "explanation": "an increase in tensions or conflicts between countries affecting global politics"
    },
    {
      "term": "pre-emptive strike",
      "explanation": "a military action taken to forestall an anticipated attack, based on perceived threats"
    },
    {
      "term": "nuclear non-proliferation",
      "explanation": "efforts to prevent the spread of nuclear weapons to more countries"
    },
    {
      "term": "verified multimedia",
      "explanation": "authenticated videos or photos used as evidence in reporting"
    },
    {
      "term": "strategic sites",
      "explanation": "key locations, such as government buildings, that are important for military or political reasons"
    }
  ],
  "questions": [
    {
      "question": "How does the article characterize the US and Israeli attacks?",
      "options": [
        "As major combat operations and pre-emptive",
        "As minor skirmishes",
        "As humanitarian aid",
        "As economic sanctions"
      ],
      "correct_answer": "As major combat operations and pre-emptive"
    },
    {
      "question": "What is the significance of Leadership House in the context of the attacks?",
      "options": [
        "It's the office of Iran's Supreme Leader",
        "It's a US military base",
        "It's a nuclear facility",
        "It's a shelter for civilians"
      ],
      "correct_answer": "It's the office of Iran's Supreme Leader"
    },
    {
      "question": "What broader issue prompted the attacks according to the article?",
      "options": [
        "Iran's nuclear program",
        "Trade disputes",
        "Climate change",
        "Cultural differences"
      ],
      "correct_answer": "Iran's nuclear program"
    },
    {
      "question": "How does the article assess the evidence of the attacks?",
      "options": [
        "Uses verified videos but lacks casualty details",
        "Relies solely on official statements",
        "Includes eyewitness accounts only",
        "Dismisses all visual evidence"
      ],
      "correct_answer": "Uses verified videos but lacks casualty details"
    },
    {
      "question": "What did Trump specify as the US aim regarding nuclear weapons?",
      "options": [
        "To ensure Iran does not obtain them",
        "To help Iran develop them",
        "To ignore the issue",
        "To share them with allies"
      ],
      "correct_answer": "To ensure Iran does not obtain them"
    },
    {
      "question": "Which of the following is a consequence mentioned in the article?",
      "options": [
        "Closure of Iranian airspace",
        "Increase in diplomatic talks",
        "Reduction in military spending",
        "Opening of new trade routes"
      ],
      "correct_answer": "Closure of Iranian airspace"
    },
    {
      "question": "What methodological approach does the article use for reporting?",
      "options": [
        "Combining official announcements and verified visuals",
        "Conducting original interviews only",
        "Using speculative analysis",
        "Ignoring social media sources"
      ],
      "correct_answer": "Combining official announcements and verified visuals"
    },
    {
      "question": "How does the article contextualize the attacks?",
      "options": [
        "As an escalation after failed negotiations",
        "As a routine military exercise",
        "As a response to economic crisis",
        "As a cultural event"
      ],
      "correct_answer": "As an escalation after failed negotiations"
    },
    {
      "question": "What is a limitation in the article's reporting?",
      "options": [
        "Unconfirmed casualties and direct impacts",
        "Lack of official statements",
        "Too much detail on diplomacy",
        "Over-reliance on historical data"
      ],
      "correct_answer": "Unconfirmed casualties and direct impacts"
    },
    {
      "question": "What perspective does the article primarily present?",
      "options": [
        "US and Israeli justification for security",
        "Iranian government response",
        "International community's reaction",
        "Economic analysis of the conflict"
      ],
      "correct_answer": "US and Israeli justification for security"
    }
  ],
  "background_read": [
    "This article analyzes a joint US-Israel military strike on Iran, set against the backdrop of Iran's contentious nuclear program and international diplomacy. Iran, under Supreme Leader Ayatollah Ali Khamenei, has faced sanctions and negotiations aimed at curbing its nuclear activities, which many fear could lead to weaponization. The attacks represent a critical juncture in Middle East geopolitics, involving pre-emptive strategies and verified evidence from sources like BBC Verify. Understanding this requires familiarity with nuclear proliferation treaties, US foreign policy under Trump, and the role of media in conflict reporting. It highlights the intersection of security, diplomacy, and information verification in contemporary conflicts."
  ],
  "Article_Structure": [
    "Main Points: The article outlines a coordinated US-Israel attack on Iran, driven by nuclear concerns, with explosions in multiple cities and use of verified evidence. Purpose: To report on the escalation and its geopolitical implications, providing a timely account based on available sources. Evidence Evaluation: Critically assesses verified videos and official statements, noting gaps like unconfirmed casualties, which may affect reliability. Author Credibility: BBC News offers credible journalism, but potential biases in sourcing from Western perspectives should be considered. Methodology: Employs a multi-source approach including official announcements, social media verification, and agency reports, though it lacks firsthand investigation. Critical Assessment: Strengths include timely updates and verification efforts, but limitations involve reliance on preliminary data and potential oversight of Iranian viewpoints."
  ],
  "perspectives": [
    {
      "perspective": "Security-focused view",
      "description": "Emphasizes the necessity of the attack for preventing nuclear threats and protecting national interests."
    }
  ],
  "image_url": "/article_images/article_3fb558f0d55c58df_6e447d4b2460.webp"
}