{
  "title": "Trump's 10% Tariff Response to Supreme Court Rejection of Global Taxes",
  "summary": "Following a Supreme Court ruling that struck down his previous global import taxes, President Donald Trump has introduced a new 10% tariff. The court, in a 6-3 decision, determined that Trump overstepped his presidential authority by using the International Emergency Economic Powers Act (IEEPA) to impose tariffs without explicit congressional approval. This ruling represents a significant victory for businesses and U.S. states that challenged the duties, potentially leading to billions in tariff refunds and adding uncertainty to global trade. Trump criticized the decision as terrible and labeled the justices as fools, asserting that he will pursue alternative legal avenues to maintain his trade policies, which he argues boost domestic investment and manufacturing. The original tariffs, announced last year, targeted goods from numerous countries including Mexico, Canada, and China, sparking concerns about increased prices and trade disruptions. Chief Justice John Roberts emphasized in his opinion that Congress must delegate tariff powers explicitly, highlighting the limits of presidential authority in trade matters.",
  "keywords": [
    {
      "term": "tariff",
      "explanation": "a tax imposed on imported goods to regulate trade and protect domestic industries"
    },
    {
      "term": "Supreme Court ruling",
      "explanation": "a legal decision by the highest U.S. court that can invalidate presidential actions if they exceed constitutional limits"
    },
    {
      "term": "International Emergency Economic Powers Act (IEEPA)",
      "explanation": "a 1977 law allowing the president to regulate trade during emergencies, but its use for tariffs was contested"
    },
    {
      "term": "congressional approval",
      "explanation": "authorization from the U.S. Congress, which holds the power to tax and regulate trade under the Constitution"
    },
    {
      "term": "global trade uncertainty",
      "explanation": "instability in international trade relations caused by sudden policy changes like tariffs"
    },
    {
      "term": "presidential authority",
      "explanation": "the powers granted to the president, which are limited by laws and court interpretations"
    },
    {
      "term": "refunds",
      "explanation": "repayments of previously paid tariffs to businesses affected by the overturned policies"
    },
    {
      "term": "trade disruptions",
      "explanation": "interruptions in normal trade flows due to tariffs or legal battles"
    }
  ],
  "questions": [
    {
      "question": "What was the Supreme Court's main reason for rejecting Trump's tariffs?",
      "options": [
        "He overstepped his presidential authority",
        "The tariffs were too low",
        "Businesses supported them",
        "Other countries approved them"
      ],
      "correct_answer": "He overstepped his presidential authority"
    },
    {
      "question": "Which law did Trump use to justify his original tariffs?",
      "options": [
        "International Emergency Economic Powers Act (IEEPA)",
        "Tax Reform Act",
        "Trade Expansion Act",
        "National Security Act"
      ],
      "correct_answer": "International Emergency Economic Powers Act (IEEPA)"
    },
    {
      "question": "What potential outcome did the court ruling create for businesses?",
      "options": [
        "Billions in tariff refunds",
        "Higher tariff rates",
        "New trade deals",
        "Increased manufacturing"
      ],
      "correct_answer": "Billions in tariff refunds"
    },
    {
      "question": "How did Trump react to the Supreme Court decision?",
      "options": [
        "He called it terrible and the justices fools",
        "He accepted it and dropped all tariffs",
        "He praised the court for its wisdom",
        "He announced a new trade agreement"
      ],
      "correct_answer": "He called it terrible and the justices fools"
    },
    {
      "question": "What did Chief Justice John Roberts emphasize in his opinion?",
      "options": [
        "Congress must delegate tariff powers explicitly",
        "The president has unlimited trade authority",
        "Tariffs always help the economy",
        "States have no say in trade matters"
      ],
      "correct_answer": "Congress must delegate tariff powers explicitly"
    },
    {
      "question": "Which countries were initially targeted by Trump's tariffs?",
      "options": [
        "Mexico, Canada, and China",
        "Only European countries",
        "All countries equally",
        "No specific countries"
      ],
      "correct_answer": "Mexico, Canada, and China"
    },
    {
      "question": "What concern did the tariffs raise among firms?",
      "options": [
        "Higher prices on shipments",
        "Lower investment in the U.S.",
        "Fewer trade partners",
        "Increased congressional power"
      ],
      "correct_answer": "Higher prices on shipments"
    },
    {
      "question": "What does Trump argue his tariffs encourage?",
      "options": [
        "Investment and manufacturing in the U.S.",
        "Global trade cooperation",
        "Lower taxes for everyone",
        "More imports from China"
      ],
      "correct_answer": "Investment and manufacturing in the U.S."
    }
  ],
  "background_read": [
    "In the U.S., the separation of powers divides authority among the president, Congress, and the judiciary. The Supreme Court plays a key role in interpreting laws and checking executive actions, such as tariffs imposed under emergency powers. Tariffs are tools used in trade policy to influence economic activity, but their legality depends on congressional intent and constitutional limits. Recent debates highlight tensions between presidential initiatives and judicial oversight in shaping global trade dynamics."
  ],
  "Article_Structure": [
    "Main Points: The article details Trump's imposition of a new 10% tariff after the Supreme Court invalidated his previous global tariffs, citing overreach of presidential authority under IEEPA. Purpose: To inform about the legal and trade implications of the court ruling and Trump's response, highlighting conflicts between executive power and judicial checks. Evidence Evaluation: Relies on court documents, presidential statements, and business reactions, providing credible but polarized perspectives. Author Credibility: BBC News is a reputable source, though the article presents factual reporting with some emphasis on Trump's criticisms. Methodology: Uses direct quotes, legal analysis, and summaries of court proceedings to convey the story."
  ],
  "perspectives": [
    {
      "perspective": "Legal perspective",
      "description": "Focuses on constitutional limits and the Supreme Court's role in curbing presidential overreach in trade policy."
    },
    {
      "perspective": "Economic perspective",
      "description": "Examines the impact of tariffs on businesses, prices, and global trade stability."
    },
    {
      "perspective": "Political perspective",
      "description": "Analyzes Trump's strategic use of tariffs to appeal to domestic manufacturing interests despite legal setbacks."
    }
  ],
  "image_url": "/article_images/article_c8e2d1d708d64cae_c7a663f8e065.webp"
}