{
  "title": "The Power of Shared Joy in Romantic Partnerships",
  "summary": "A study from the University of Illinois Urbana-Champaign reveals that couples who practice joint savoring—intentionally appreciating positive experiences together—experience stronger and more durable relationships. Researchers, including graduate student Noah Larsen and professors Allen W. Barton and Brian G. Ogolsky, surveyed 589 adults across the United States using an online questionnaire. They adapted the Joint Savoring in Romantic Relationships scale to measure how often couples focus on shared happy moments, such as reminiscing about the past or anticipating future joys. Participants reported on relationship satisfaction, communication conflict, confidence in the relationship's future, and personal stress levels. Results showed that higher joint savoring correlated with less conflict, greater satisfaction, and increased confidence, particularly acting as a buffer against stress. The sample was predominantly married, with an average age of 39, and reported low stress overall. This research highlights joint savoring as a practical strategy for couples to enhance relationship resilience and individual well-being, offering tangible actions to maintain bond strength during challenging times.",
  "keywords": [
    {
      "term": "joint savoring",
      "explanation": "the intentional act of couples focusing on and appreciating positive experiences together"
    },
    {
      "term": "relationship satisfaction",
      "explanation": "how happy and content individuals feel in their romantic partnership"
    },
    {
      "term": "stress buffer",
      "explanation": "something that reduces the negative effects of stress on a relationship"
    },
    {
      "term": "survey methodology",
      "explanation": "using questionnaires to collect data from a large group of people"
    },
    {
      "term": "resilience",
      "explanation": "the ability to recover from difficulties and maintain strength"
    },
    {
      "term": "communication conflict",
      "explanation": "disagreements or arguments that occur during interactions between partners"
    },
    {
      "term": "confidence in relationship",
      "explanation": "belief that a partnership will continue and thrive in the future"
    },
    {
      "term": "practical strategy",
      "explanation": "a simple, actionable plan that couples can use to improve their relationship"
    }
  ],
  "questions": [
    {
      "question": "What is the main focus of the University of Illinois study?",
      "options": [
        "Individual stress management",
        "Joint savoring in romantic relationships",
        "Financial income effects",
        "Health benefits of exercise"
      ],
      "correct_answer": "Joint savoring in romantic relationships"
    },
    {
      "question": "How many adults participated in the online survey?",
      "options": [
        "500",
        "589",
        "600",
        "400"
      ],
      "correct_answer": "589"
    },
    {
      "question": "What scale was adapted to measure joint savoring?",
      "options": [
        "Stress Inventory Scale",
        "Joint Savoring in Romantic Relationships scale",
        "Happiness Index",
        "Conflict Resolution Scale"
      ],
      "correct_answer": "Joint Savoring in Romantic Relationships scale"
    },
    {
      "question": "What did higher joint savoring correlate with in the study?",
      "options": [
        "More conflict and less satisfaction",
        "Less conflict, greater satisfaction, and more confidence",
        "No change in relationship dynamics",
        "Increased stress levels"
      ],
      "correct_answer": "Less conflict, greater satisfaction, and more confidence"
    },
    {
      "question": "Who were the researchers involved in this study?",
      "options": [
        "Noah Larsen, Allen W. Barton, and Brian G. Ogolsky",
        "Medical doctors only",
        "High school teachers",
        "Government officials"
      ],
      "correct_answer": "Noah Larsen, Allen W. Barton, and Brian G. Ogolsky"
    },
    {
      "question": "What role does joint savoring play for couples under stress?",
      "options": [
        "It increases their stress",
        "It has no effect",
        "It acts as a buffer to protect the relationship",
        "It causes more arguments"
      ],
      "correct_answer": "It acts as a buffer to protect the relationship"
    },
    {
      "question": "What was the average age of participants in the study?",
      "options": [
        "25 years",
        "39 years",
        "50 years",
        "30 years"
      ],
      "correct_answer": "39 years"
    },
    {
      "question": "Why is joint savoring considered a practical strategy?",
      "options": [
        "Because it requires expensive tools",
        "Because it offers simple actions couples can take to strengthen their bond",
        "Because it is only for married couples",
        "Because it involves professional therapy"
      ],
      "correct_answer": "Because it offers simple actions couples can take to strengthen their bond"
    }
  ],
  "background_read": [
    "This article discusses research on how couples can improve their relationships through joint savoring, which involves intentionally appreciating positive experiences together. Conducted by researchers at the University of Illinois, the study surveyed 589 adults in the U.S. to explore the effects of this practice. It builds on previous knowledge about individual savoring and extends it to romantic partnerships, highlighting the importance of shared activities in enhancing satisfaction and reducing conflict. The findings are relevant for understanding relationship dynamics and offer evidence-based strategies for couples seeking to maintain strong bonds, especially during stressful periods. This background helps middle school students grasp the study's context and its implications for everyday life."
  ],
  "Article_Structure": [
    "Main Points: The study finds that joint savoring—couples intentionally appreciating positive experiences together—leads to less conflict, greater relationship satisfaction, and increased confidence, especially buffering stress. Purpose: To investigate how shared savoring benefits romantic relationships and individual well-being, providing practical strategies for couples. Evidence Evaluation: Based on an online survey of 589 U.S. adults using adapted scales, with self-reported data showing correlations; however, it relies on participant honesty and may not establish causality. Author Credibility: Researchers include a graduate student and professors in human development and family studies at a reputable university, suggesting expertise. Methodology: Quantitative survey methodology with questionnaires measuring joint savoring, relationship metrics, and stress, though limited by self-selection and lack of partner participation."
  ],
  "perspectives": [
    {
      "perspective": "Supportive View",
      "description": "Joint savoring is an effective, accessible tool for couples to enhance relationship quality and resilience, supported by empirical data."
    }
  ],
  "image_url": "/article_images/article_ec713098dcf86b3c_037c6f3fcb6f.webp"
}