{
  "title": "Space Alters Virus-Bacteria Evolution in Microgravity",
  "summary": "A recent study investigated how bacteriophages, viruses that infect bacteria, interact with their E. coli hosts under microgravity conditions on the International Space Station. Researchers led by Phil Huss compared samples on Earth and in space, finding that while phages could still infect bacteria in space, the process was delayed. Genetic analysis revealed distinct mutations in both the phages and bacteria in the space samples. The phages developed mutations that enhanced their ability to infect, while the bacteria evolved defenses to survive in near-weightless environments. Using techniques like deep mutational scanning, the team identified changes in a key protein that improved phage activity against drug-resistant E. coli strains on Earth. This research highlights how microgravity reshapes evolutionary dynamics, offering insights for space exploration and potential applications in combating antibiotic-resistant infections.",
  "keywords": [
    {
      "term": "bacteriophages",
      "explanation": "viruses that specifically target and infect bacterial cells"
    },
    {
      "term": "microgravity",
      "explanation": "a condition of very low gravity, like on the ISS, where objects appear weightless"
    },
    {
      "term": "E. coli",
      "explanation": "a common type of bacteria used in research, some strains can cause infections"
    },
    {
      "term": "genetic mutations",
      "explanation": "changes in DNA that can alter how organisms function or evolve"
    },
    {
      "term": "deep mutational scanning",
      "explanation": "a high-tech method to study many mutations at once in proteins"
    },
    {
      "term": "antibiotic-resistant",
      "explanation": "bacteria that are not killed by common medicines, making infections hard to treat"
    },
    {
      "term": "evolutionary dynamics",
      "explanation": "how species change and adapt over time through interactions"
    },
    {
      "term": "International Space Station",
      "explanation": "a orbiting laboratory for scientific experiments in space"
    }
  ],
  "questions": [
    {
      "question": "What was the main focus of the study?",
      "options": [
        "Plant growth in space",
        "Virus-bacteria interactions in microgravity",
        "Astronaut health",
        "Solar energy in space"
      ],
      "correct_answer": "Virus-bacteria interactions in microgravity"
    },
    {
      "question": "Which organism did the phages infect in the experiment?",
      "options": [
        "Humans",
        "E. coli bacteria",
        "Plants",
        "Fungi"
      ],
      "correct_answer": "E. coli bacteria"
    },
    {
      "question": "How did infection rates compare between Earth and space?",
      "options": [
        "Faster in space",
        "Slower in space",
        "No difference",
        "Infection didn't occur in space"
      ],
      "correct_answer": "Slower in space"
    },
    {
      "question": "What did genetic analysis show about the space samples?",
      "options": [
        "No changes",
        "Identical mutations to Earth",
        "Distinct mutations in phages and bacteria",
        "Only bacterial mutations"
      ],
      "correct_answer": "Distinct mutations in phages and bacteria"
    },
    {
      "question": "What technique was used to study the receptor binding protein?",
      "options": [
        "Microscopy",
        "Deep mutational scanning",
        "PCR",
        "Chromatography"
      ],
      "correct_answer": "Deep mutational scanning"
    },
    {
      "question": "What potential application was mentioned for the research?",
      "options": "[\"Improving space food\", \"Combating antibiotic-resistant infections\", \"Building new spacecraft\", \"Studying planets\"]",
      "correct_answer": "Combating antibiotic-resistant infections"
    },
    {
      "question": "Who funded the study?",
      "options": [
        "NASA",
        "Defense Threat Reduction Agency",
        "European Space Agency",
        "Private companies"
      ],
      "correct_answer": "Defense Threat Reduction Agency"
    },
    {
      "question": "What journal published the findings?",
      "options": [
        "Nature",
        "Science",
        "PLOS Biology",
        "Cell"
      ],
      "correct_answer": "PLOS Biology"
    }
  ],
  "background_read": [
    "This study builds on prior research into how microgravity affects biological systems. On Earth, phage-bacteria interactions are well-studied, often described as an evolutionary arms race where both sides adapt. In space, reduced gravity alters bacterial physiology and collision dynamics, potentially disrupting these interactions. The International Space Station provides a unique environment to test such effects, with implications for long-term space missions where microbial balance is crucial. Understanding these changes can inform strategies for managing infections in space and developing new therapies against resistant pathogens on Earth, linking space science to medical advancements."
  ],
  "Article_Structure": [
    "Main Points: The study found that phage-bacteria interactions in microgravity on the ISS are delayed and lead to distinct genetic mutations in both organisms, with phages evolving enhanced infectivity and bacteria developing survival defenses. Purpose: To explore how microgravity alters evolutionary dynamics between phages and bacteria, addressing a gap in space biology research. Evidence Evaluation: The evidence is robust, using controlled experiments with Earth and space samples, whole-genome sequencing, and deep mutational scanning to validate findings. Author Credibility: Researchers from the University of Wisconsin-Madison have expertise in microbiology and space science, supported by reputable funding. Methodology: Comparative analysis of E. coli samples infected with T7 phage in Earth and ISS conditions, followed by genetic and protein-level investigations."
  ],
  "perspectives": [
    {
      "perspective": "Space biology",
      "description": "Highlights how unique space environments drive novel evolutionary pathways in microbes"
    }
  ],
  "image_url": "/article_images/article_48c86f67499515b3_81872fe7a786.webp"
}