{
  "title": "Dave Robinson's Dedication to Music and Touring in Ukraine",
  "summary": "Dave Robinson, an 82-year-old music industry veteran, demonstrates unwavering commitment by bringing live music to Ukraine amidst conflict. As a co-founder of Stiff Records, he signed iconic acts like Elvis Costello and The Pogues, and his career includes touring with Jimi Hendrix and photographing The Beatles in Liverpool. Recently, he traveled to Ukraine, just 12km from the front line, with the band Hardwicke Circus, despite battling pneumonia. Robinson emphasizes that touring is essential for musical growth, citing how bands from Stiff Records that still tour today have succeeded. He explains the demanding life of touring, involving long travel, setup, performances, and breakdowns. His journey began in the 1960s as a photographer, where he captured The Beatles at the Cavern Club, though he initially didn't see their potential. Reflecting on The Beatles' transformation after touring in Hamburg, Robinson highlights how live performances refine bands, making them better musicians. His story underscores the resilience of music in challenging environments and the importance of perseverance in the arts.",
  "keywords": [
    {
      "term": "Stiff Records",
      "explanation": "A record label co-founded by Dave Robinson that signed famous bands"
    },
    {
      "term": "touring",
      "explanation": "The practice of traveling to perform live shows, which Robinson views as crucial for musical development"
    },
    {
      "term": "front line",
      "explanation": "The area closest to active combat in a war, where Robinson risked going in Ukraine"
    },
    {
      "term": "pneumonia",
      "explanation": "A serious lung infection that Robinson overcame to continue his work"
    },
    {
      "term": "Cavern Club",
      "explanation": "A famous music venue in Liverpool where Robinson photographed The Beatles"
    }
  ],
  "questions": [
    {
      "question": "What record label did Dave Robinson help start?",
      "options": [
        "Stiff Records",
        "Motown Records",
        "Columbia Records",
        "Warner Bros. Records"
      ],
      "correct_answer": "Stiff Records"
    },
    {
      "question": "How close to the front line did Dave travel in Ukraine?",
      "options": [
        "12km",
        "50km",
        "100km",
        "5km"
      ],
      "correct_answer": "12km"
    },
    {
      "question": "Which band did Dave tour with in Ukraine?",
      "options": [
        "Hardwicke Circus",
        "The Beatles",
        "Jimi Hendrix",
        "Madness"
      ],
      "correct_answer": "Hardwicke Circus"
    },
    {
      "question": "What health issue did Dave face during his trip?",
      "options": [
        "Pneumonia",
        "Broken leg",
        "Heart attack",
        "Allergies"
      ],
      "correct_answer": "Pneumonia"
    },
    {
      "question": "Where did Dave photograph The Beatles in the 1960s?",
      "options": [
        "Cavern Club",
        "Abbey Road",
        "Shea Stadium",
        "Hollywood Bowl"
      ],
      "correct_answer": "Cavern Club"
    },
    {
      "question": "Why does Dave believe touring is important for bands?",
      "options": [
        "It helps them improve as musicians",
        "It makes them famous quickly",
        "It is an easy way to earn money",
        "It allows them to record albums"
      ],
      "correct_answer": "It helps them improve as musicians"
    },
    {
      "question": "What was Dave's initial opinion of The Beatles when he photographed them?",
      "options": [
        "He didn't think they were special",
        "He thought they were amazing",
        "He was scared of them",
        "He wanted to join them"
      ],
      "correct_answer": "He didn't think they were special"
    },
    {
      "question": "Which city is associated with The Beatles' early touring that Robinson mentions?",
      "options": [
        "Hamburg",
        "London",
        "New York",
        "Paris"
      ],
      "correct_answer": "Hamburg"
    }
  ],
  "background_read": [
    "Dave Robinson is a key figure in music history, having co-founded Stiff Records, which launched careers of bands like Madness and The Pogues. His work spans from the 1960s to today, including roles as a tour manager for Jimi Hendrix and a photographer. The article discusses his recent trip to Ukraine, highlighting the challenges of bringing music to war zones. For middle school students, this story connects to themes of resilience, the music industry, and historical events like the rise of rock bands. It shows how personal passion can drive social impact, even in old age."
  ],
  "Article_Structure": [
    "Main Points: Dave Robinson, at 82, continues to promote live music in Ukraine despite war and illness, emphasizing touring's role in musical improvement. Purpose: To inspire by showing dedication to arts in adversity and highlight the historical significance of touring. Evidence Evaluation: Relies on Robinson's firsthand accounts and career milestones, though lacks external sources. Author Credibility: BBC is reputable, but the article is entertainment-focused, potentially simplifying complex issues. Methodology: Based on interviews and historical facts, presenting a narrative of Robinson's life and recent activities."
  ],
  "perspectives": [
    {
      "perspective": "Artistic perseverance",
      "description": "Robinson's actions demonstrate how art can persist and inspire even in the toughest conditions, like war zones."
    }
  ],
  "image_url": "/article_images/article_562951b1d23d5865_fb2608e23496.webp"
}