{
  "title": "ChronoFast Study Reveals No Metabolic Advantage in Isocaloric Time-Restricted Eating",
  "summary": "The ChronoFast study, conducted by the German Institute of Human Nutrition Potsdam-Rehbruecke and Charité -- Universitätsmedizin Berlin, critically examines the efficacy of time-restricted eating (TRE) under isocaloric conditions. Led by Prof. Olga Ramich, this randomized crossover trial involved 31 women with overweight or obesity, who adhered to two TRE schedules: early (8 a.m.-4 p.m.) and late (1 p.m.-9 p.m.), while consuming nutritionally identical meals to maintain constant calorie intake. Utilizing comprehensive assessments including oral glucose tolerance tests, continuous glucose monitoring, and the novel BodyTime assay for circadian phase measurement, the research aimed to isolate the effects of meal timing from caloric reduction. Findings indicate no clinically significant improvements in insulin sensitivity, glycemic control, lipid profiles, or inflammatory markers after two-week interventions, challenging prior assertions that TRE inherently enhances metabolic health. Instead, results suggest that previously observed benefits likely stemmed from inadvertent calorie restriction. Notably, the study documented a mean 40-minute shift in circadian rhythms with late eating, underscoring TRE's influence on internal clocks without conferring metabolic advantages. This work emphasizes methodological rigor in nutritional science and calls for reevaluation of TRE's role in preventive strategies for conditions like diabetes.",
  "keywords": [
    {
      "term": "isocaloric conditions",
      "explanation": "experimental settings where calorie intake is strictly controlled and kept constant"
    },
    {
      "term": "randomized crossover trial",
      "explanation": "a research design where participants receive multiple interventions in random sequence to reduce bias"
    },
    {
      "term": "insulin sensitivity",
      "explanation": "the body's ability to respond effectively to insulin, crucial for glucose metabolism"
    },
    {
      "term": "circadian phase measurement",
      "explanation": "quantification of the timing of internal biological rhythms using assays like BodyTime"
    },
    {
      "term": "methodological rigor",
      "explanation": "the strict adherence to precise and validated research methods to ensure reliable results"
    }
  ],
  "questions": [
    {
      "question": "What was the primary hypothesis tested in the ChronoFast study?",
      "options": [
        "TRE reduces calorie intake automatically",
        "TRE improves metabolic health independent of calorie reduction",
        "TRE only affects circadian rhythms",
        "TRE is ineffective for weight loss"
      ],
      "correct_answer": "TRE improves metabolic health independent of calorie reduction"
    },
    {
      "question": "Which institution led the research?",
      "options": [
        "Harvard University",
        "German Institute of Human Nutrition",
        "Oxford University",
        "NIH"
      ],
      "correct_answer": "German Institute of Human Nutrition"
    },
    {
      "question": "What type of study design was employed?",
      "options": [
        "Longitudinal cohort",
        "Randomized crossover trial",
        "Case-control study",
        "Meta-analysis"
      ],
      "correct_answer": "Randomized crossover trial"
    },
    {
      "question": "How did researchers ensure constant calorie intake?",
      "options": [
        "By using isocaloric meals",
        "By allowing free eating",
        "By reducing portion sizes",
        "By tracking only some meals"
      ],
      "correct_answer": "By using isocaloric meals"
    },
    {
      "question": "What metabolic markers showed no significant change?",
      "options": [
        "Insulin sensitivity and blood lipids",
        "Only body weight",
        "Sleep quality",
        "Muscle mass"
      ],
      "correct_answer": "Insulin sensitivity and blood lipids"
    },
    {
      "question": "What assay was used to measure circadian phases?",
      "options": [
        "BodyTime",
        "ELISA",
        "PCR",
        "Western blot"
      ],
      "correct_answer": "BodyTime"
    },
    {
      "question": "What was the observed shift in internal clocks with late eating?",
      "options": [
        "20 minutes",
        "40 minutes",
        "60 minutes",
        "80 minutes"
      ],
      "correct_answer": "40 minutes"
    },
    {
      "question": "What limitation might affect the study's generalizability?",
      "options": [
        "Small sample size of 31 women",
        "Lack of control group",
        "Short duration of two weeks",
        "Both small sample size and short duration"
      ],
      "correct_answer": "Both small sample size and short duration"
    },
    {
      "question": "What broader implication does the study suggest for TRE?",
      "options": [
        "It should be recommended for everyone",
        "Its benefits may depend on calorie reduction",
        "It has no effect on any health aspects",
        "It only works in animal models"
      ],
      "correct_answer": "Its benefits may depend on calorie reduction"
    },
    {
      "question": "How does this study contribute to nutritional science?",
      "options": [
        "By highlighting the need for controlled calorie studies",
        "By proving TRE is always beneficial",
        "By focusing only on animal research",
        "By ignoring circadian effects"
      ],
      "correct_answer": "By highlighting the need for controlled calorie studies"
    }
  ],
  "background_read": [
    "This article analyzes a pivotal study on time-restricted eating (TRE), a dietary intervention gaining traction for its purported metabolic benefits. The ChronoFast study addresses a critical gap in literature by controlling for calorie intake, a confounding factor in prior research. Conducted with methodological precision, it employs a randomized crossover design and advanced biomarkers to assess outcomes. The findings challenge prevailing narratives by demonstrating no metabolic improvements under isocaloric conditions, suggesting that earlier positive results may be attributable to caloric deficit rather than timing per se. Additionally, the study's exploration of circadian rhythms via the BodyTime assay reveals TRE's capacity to modulate internal clocks, offering insights into chronobiology. This work underscores the importance of rigorous experimental design in nutrition research and has implications for public health recommendations regarding dietary strategies for metabolic disease prevention."
  ],
  "Article_Structure": [
    "The article details the ChronoFast study's investigation into time-restricted eating (TRE) under isocaloric conditions. Main points include the absence of metabolic benefits and the effect on circadian rhythms. Purpose is to clarify TRE's efficacy by controlling calories, addressing inconsistencies in earlier research. Evidence evaluation notes robust methods like randomized design and detailed monitoring, but critiques include small sample size and short duration. Author credibility is strong with Prof. Ramich's expertise in nutrition. Methodology involves precise meal control and advanced assays, providing reliable data. Critical assessment highlights strengths in experimental rigor but limitations in generalizability, suggesting need for longer, larger studies."
  ],
  "perspectives": [
    {
      "perspective": "Critical nutritional research",
      "description": "Emphasizes the necessity of controlling variables like calorie intake to accurately assess dietary interventions, challenging oversimplified health claims."
    }
  ],
  "image_url": "/article_images/article_a43b3cdce42498e5_aa2f8b2c7875.webp"
}