{
  "title": "Study Finds No Health Benefits from Time-Restricted Eating Without Calorie Reduction",
  "summary": "A recent study from German research institutes challenges the idea that time-restricted eating (TRE) improves metabolic health when calorie intake is unchanged. TRE involves limiting daily eating to a window of up to ten hours, followed by fasting, and has been popular for weight management. The ChronoFast study, led by Prof. Olga Ramich, tested 31 women with overweight or obesity using a randomized crossover design. Participants followed two schedules: early TRE from 8 a.m. to 4 p.m. and late TRE from 1 p.m. to 9 p.m., while eating identical isocaloric meals. Researchers measured insulin sensitivity, blood sugar, fat metabolism, and circadian rhythms using methods like oral glucose tolerance tests and the BodyTime assay. Results showed no significant improvements in metabolic or cardiovascular markers after two weeks, suggesting earlier benefits might have been due to unintentional calorie reduction. However, meal timing did shift internal clocks by an average of 40 minutes, indicating effects on circadian rhythms. This study highlights the importance of controlling calories in dietary research and questions the standalone benefits of TRE for health.",
  "keywords": [
    {
      "term": "time-restricted eating",
      "explanation": "a diet method where food intake is limited to a specific time window each day"
    },
    {
      "term": "metabolic health",
      "explanation": "how well the body processes energy, including sugar and fat levels"
    },
    {
      "term": "isocaloric meals",
      "explanation": "meals that have the same number of calories and nutrients"
    },
    {
      "term": "circadian rhythms",
      "explanation": "natural body cycles that repeat every 24 hours, affecting sleep and metabolism"
    },
    {
      "term": "randomized crossover design",
      "explanation": "a study method where participants try different treatments in a random order"
    }
  ],
  "questions": [
    {
      "question": "What was the main goal of the ChronoFast study?",
      "options": [
        "To test weight loss",
        "To see if TRE improves health without calorie reduction",
        "To compare different foods",
        "To study sleep patterns"
      ],
      "correct_answer": "To see if TRE improves health without calorie reduction"
    },
    {
      "question": "How many participants were in the study?",
      "options": [
        "25",
        "31",
        "40",
        "50"
      ],
      "correct_answer": "31"
    },
    {
      "question": "What design did the study use?",
      "options": [
        "Observational",
        "Randomized crossover",
        "Case study",
        "Survey"
      ],
      "correct_answer": "Randomized crossover"
    },
    {
      "question": "What did researchers measure to assess metabolic health?",
      "options": [
        "Insulin sensitivity and blood sugar",
        "Only body weight",
        "Food preferences",
        "Sleep duration"
      ],
      "correct_answer": "Insulin sensitivity and blood sugar"
    },
    {
      "question": "What tool was used to measure circadian rhythms?",
      "options": [
        "BodyTime assay",
        "Heart rate monitor",
        "Questionnaire",
        "MRI scan"
      ],
      "correct_answer": "BodyTime assay"
    },
    {
      "question": "What shift in internal clocks was observed?",
      "options": [
        "20 minutes",
        "40 minutes",
        "60 minutes",
        "No shift"
      ],
      "correct_answer": "40 minutes"
    },
    {
      "question": "Why might earlier studies have shown benefits from TRE?",
      "options": [
        "Due to calorie reduction",
        "Due to longer eating windows",
        "Due to more exercise",
        "Due to different foods"
      ],
      "correct_answer": "Due to calorie reduction"
    },
    {
      "question": "What did the study conclude about TRE without eating less?",
      "options": [
        "It greatly improves health",
        "It has no metabolic benefit",
        "It only helps with weight loss",
        "It worsens health"
      ],
      "correct_answer": "It has no metabolic benefit"
    }
  ],
  "background_read": [
    "This article discusses a scientific study on time-restricted eating (TRE), a popular diet trend where people eat only during a limited time window each day. Previous research suggested TRE could improve metabolic health, but it was unclear if benefits came from eating less calories or the timing itself. The ChronoFast study aimed to clarify this by controlling calorie intake. Conducted in Germany with 31 women, it used advanced methods like glucose tests and circadian rhythm analysis. The findings challenge common beliefs by showing no health improvements from TRE when calories are unchanged, though it affects body clocks. This highlights the need for careful research in nutrition science and helps inform dietary recommendations."
  ],
  "Article_Structure": [
    "The article presents a study on time-restricted eating (TRE) to test if it improves metabolic health without calorie reduction. Main points include the lack of benefits in insulin sensitivity and other markers, and the effect on circadian rhythms. Purpose is to address gaps in earlier research by controlling for calories. Evidence evaluation shows robust methods like randomized design and detailed monitoring, but limitations include a small sample size. Author credibility is high with Prof. Ramich's expertise in nutrition. Methodology involves isocaloric meals, blood tests, and the BodyTime assay, providing reliable data but short duration."
  ],
  "perspectives": [
    {
      "perspective": "Scientific skepticism",
      "description": "Questions popular diet claims by using controlled experiments to reveal that calorie intake may be more critical than timing for health benefits."
    }
  ],
  "image_url": "/article_images/article_a43b3cdce42498e5_aa2f8b2c7875.webp"
}