{
  "title": "Encapsulating Thyme Extract for Precision Medicine",
  "summary": "Researchers are advancing precision medicine by encapsulating thyme extract into nanodoses to overcome its practical limitations. Thyme contains bioactive compounds like thymol, carvacrol, rosmarinic acid, and caffeic acid, which offer anti-inflammatory, antimicrobial, and antioxidant benefits. However, thyme extract evaporates rapidly and can cause irritation in larger amounts, hindering its medical use. Scientists from Tomsk Polytechnic University and Surgut State University in Russia developed a method to seal tiny droplets of thyme extract inside another liquid using a microfluidic chip. This process involves combining thyme extract with gelatin and sodium alginate, then introducing oil to form encapsulated droplets, preventing evaporation and enabling controlled nanodosing. The research, published in Physics of Fluids, demonstrates that this technique allows for consistent dose delivery and can be adjusted by varying oil flow rates. It has potential applications beyond pharmaceuticals, such as in the food industry, and future integration with AI could enhance real-time monitoring. The study shows no significant limitations and is being extended to encapsulate more concentrated extracts.",
  "keywords": [
    {
      "term": "encapsulating",
      "explanation": "sealing a substance inside another material to protect or control it"
    },
    {
      "term": "nanodoses",
      "explanation": "extremely small, precise amounts of a substance used for medical purposes"
    },
    {
      "term": "bioactive compounds",
      "explanation": "chemicals in plants that have effects on living organisms, like improving health"
    },
    {
      "term": "microfluidic chip",
      "explanation": "a small device that manipulates tiny amounts of liquids for scientific experiments"
    },
    {
      "term": "precision medicine",
      "explanation": "medical treatments tailored to individual needs using exact doses"
    },
    {
      "term": "evaporation",
      "explanation": "the process where a liquid turns into vapor and disappears"
    },
    {
      "term": "sodium alginate",
      "explanation": "a substance from seaweed used to thicken or gel liquids"
    },
    {
      "term": "real-time monitoring",
      "explanation": "observing and controlling a process as it happens, often with technology"
    }
  ],
  "questions": [
    {
      "question": "What are the main bioactive compounds in thyme extract mentioned in the summary?",
      "options": [
        "Thymol, carvacrol, rosmarinic acid, caffeic acid",
        "Vitamin C, iron, calcium, potassium",
        "Sugar, salt, fat, protein",
        "Water, alcohol, oil, gelatin"
      ],
      "correct_answer": "Thymol, carvacrol, rosmarinic acid, caffeic acid"
    },
    {
      "question": "What problem does encapsulating thyme extract solve?",
      "options": [
        "Evaporation and irritation",
        "High cost and bad taste",
        "Lack of availability and color",
        "Size and weight issues"
      ],
      "correct_answer": "Evaporation and irritation"
    },
    {
      "question": "Which universities are involved in this research?",
      "options": [
        "Tomsk Polytechnic University and Surgut State University",
        "Harvard University and MIT",
        "University of Tokyo and Seoul National University",
        "Oxford University and Cambridge University"
      ],
      "correct_answer": "Tomsk Polytechnic University and Surgut State University"
    },
    {
      "question": "What device is used to create the encapsulated droplets?",
      "options": [
        "A microfluidic chip",
        "A test tube",
        "A centrifuge",
        "A microscope"
      ],
      "correct_answer": "A microfluidic chip"
    },
    {
      "question": "How can the diameter of the droplets be adjusted?",
      "options": [
        "By varying the oil flow rate",
        "By changing the temperature",
        "By adding more thyme",
        "By using a different liquid"
      ],
      "correct_answer": "By varying the oil flow rate"
    },
    {
      "question": "What journal published the findings?",
      "options": [
        "Physics of Fluids",
        "Nature",
        "Science",
        "The Lancet"
      ],
      "correct_answer": "Physics of Fluids"
    },
    {
      "question": "What potential application is mentioned besides pharmaceuticals?",
      "options": [
        "Food industry",
        "Automotive industry",
        "Fashion industry",
        "Construction industry"
      ],
      "correct_answer": "Food industry"
    },
    {
      "question": "What technology could be combined with this method for better control?",
      "options": [
        "AI and machine vision",
        "Solar panels and wind turbines",
        "Radio and television",
        "Printers and scanners"
      ],
      "correct_answer": "AI and machine vision"
    }
  ],
  "background_read": [
    "Thyme extract is derived from the thyme plant and has been used in traditional medicine for its health-promoting properties. It contains compounds like thymol and carvacrol, which exhibit antimicrobial and anti-inflammatory effects. However, its volatility and potential for irritation limit its use in modern medicine. Encapsulation techniques, such as microfluidics, involve trapping substances in tiny droplets to enhance stability and control release. This research builds on advancements in nanotechnology and drug delivery systems, aiming to create more effective and personalized treatments. Understanding these concepts helps appreciate how scientific innovation can transform natural remedies into precise medical solutions."
  ],
  "Article_Structure": [
    "Main Points: The article discusses encapsulating thyme extract into nanodoses to address evaporation and irritation issues, using a microfluidic chip with gelatin, sodium alginate, and oil. Purpose: To advance precision medicine by enabling controlled delivery of natural remedies. Evidence Evaluation: The research is based on experimental methods published in a peer-reviewed journal, providing credible data on droplet formation and consistency. Author Credibility: Scientists from reputable Russian universities conducted the study, with findings validated in Physics of Fluids. Methodology: Involves microfluidic techniques to combine liquids and form encapsulated droplets, with adjustments via oil flow rates for precise dosing."
  ],
  "perspectives": [
    {
      "perspective": "Technological Advancement",
      "description": "This research showcases how microfluidics and encapsulation can improve drug delivery systems."
    }
  ],
  "image_url": "/article_images/article_8a45436ff5008b1f_708477eb62df.webp"
}