{
  "title": "Doctor Foster's Final Season: A Look at the Upcoming Drama",
  "summary": "The BBC has announced that Doctor Foster will return for a third and final series, with actress Suranne Jones reprising her role as Gemma Foster. This drama, which first aired in 2015, follows Gemma, a GP in the fictional town of Parminster, as she navigates personal challenges. In the new season, Gemma is on the brink of a fresh start, preparing to get married, but shadows from her past threaten her happiness and reputation. The series explores themes of accountability and whether one can truly move forward from past traumas. Key returning characters include Bertie Carvel as Simon and Tom Taylor as Tom, Gemma and Simon's son, who returns as an adult with questions. Filming is set to begin in Hertfordshire later this spring, with Mike Bartlett as the writer and creator. The show has been highly successful, winning awards like National Television Awards and a Bafta for Jones. Bartlett describes the final part as focusing on justice in an unfair world, promising secrets, betrayals, and vengeance. A broadcast date will be announced later.",
  "keywords": [
    {
      "term": "accountability",
      "explanation": "the idea of taking responsibility for one's actions and their effects"
    },
    {
      "term": "traumas",
      "explanation": "emotional wounds or painful experiences from the past that can affect present life"
    },
    {
      "term": "reprised role",
      "explanation": "when an actor plays the same character again in a new part of a series"
    },
    {
      "term": "fictional town",
      "explanation": "a made-up place in a story, like Parminster in the show"
    },
    {
      "term": "executive producer",
      "explanation": "a person who oversees the production of a TV show or film"
    },
    {
      "term": "vengeance",
      "explanation": "the act of seeking revenge or payback for wrongs done"
    },
    {
      "term": "broadcast date",
      "explanation": "the scheduled day when the show will air on TV"
    },
    {
      "term": "Bafta",
      "explanation": "a prestigious award for excellence in television and film in the UK"
    }
  ],
  "questions": [
    {
      "question": "What is the main theme explored in the new season of Doctor Foster?",
      "options": [
        "Accountability and moving forward",
        "Romance and adventure",
        "Science and medicine",
        "Comedy and laughter"
      ],
      "correct_answer": "Accountability and moving forward"
    },
    {
      "question": "Who returns as Gemma and Simon's son in the new series?",
      "options": [
        "Tom Taylor",
        "Bertie Carvel",
        "Mike Bartlett",
        "Suranne Jones"
      ],
      "correct_answer": "Tom Taylor"
    },
    {
      "question": "Where will the filming for the third series take place?",
      "options": [
        "Hertfordshire",
        "Parminster",
        "London",
        "BBC studios"
      ],
      "correct_answer": "Hertfordshire"
    },
    {
      "question": "What award did Suranne Jones win for her role in Doctor Foster?",
      "options": [
        "Bafta TV Award for best actress",
        "National Television Award for best drama",
        "Oscar for best performance",
        "Emmy for outstanding lead"
      ],
      "correct_answer": "Bafta TV Award for best actress"
    },
    {
      "question": "How many episodes are planned for the final series?",
      "options": [
        "Five",
        "Ten",
        "Three",
        "Seven"
      ],
      "correct_answer": "Five"
    },
    {
      "question": "What does Mike Bartlett say the final part is about?",
      "options": [
        "A woman seeking justice in an unfair world",
        "A doctor saving lives in a hospital",
        "A family going on vacation",
        "A mystery solving crimes"
      ],
      "correct_answer": "A woman seeking justice in an unfair world"
    },
    {
      "question": "When did the second series of Doctor Foster air?",
      "options": [
        "2017",
        "2015",
        "2019",
        "2020"
      ],
      "correct_answer": "2017"
    },
    {
      "question": "What threatens Gemma's happiness in the new season?",
      "options": [
        "Shadows from her past",
        "A new job opportunity",
        "A natural disaster",
        "A financial crisis"
      ],
      "correct_answer": "Shadows from her past"
    }
  ],
  "background_read": [
    "Doctor Foster is a British TV drama that premiered in 2015, created by Mike Bartlett. It centers on Gemma Foster, a GP who discovers her husband's infidelity, leading to intense personal drama. The show gained popularity for its gripping storytelling and strong performances, with Suranne Jones winning a Bafta. The second series aired in 2017, and now, after a nine-year gap, the third and final series is announced. This context helps middle school students understand the show's history, its themes of betrayal and resilience, and why the return is significant in TV culture."
  ],
  "Article_Structure": [
    "Main Points: The article announces the return of Doctor Foster for a final series, highlighting Suranne Jones' role, themes of accountability and past traumas, and key characters like Simon and Tom. Purpose: To inform fans and the public about the upcoming season, generate excitement, and discuss the show's narrative direction. Evidence Evaluation: The information is credible as it comes from the BBC, a reputable source, with direct quotes from Jones and Bartlett, though it lacks independent verification. Author Credibility: The BBC is a trusted news organization, and the article includes statements from involved parties, adding reliability. Methodology: The article is based on official announcements and interviews, providing factual updates without in-depth analysis."
  ],
  "perspectives": [
    {
      "perspective": "TV critic",
      "description": "Analyzes the show's impact and themes, considering its award-winning history and audience reception."
    }
  ],
  "image_url": "/article_images/article_9fc52c235fdde31c_8e6ef3080ad1.webp"
}