{
  "title": "The Intersection of Personal Scandal and Royal Succession: Prince Andrew's Arrest and Prince William's Future",
  "summary": "The arrest of Prince Andrew at Wood Farm on the Sandringham estate, occurring merely three miles from Prince William's Norfolk retreat during a family holiday, underscores a critical juncture in the British monarchy's narrative. This incident forcibly bridges the personal and professional realms for Prince William, the future king, who has historically maintained distance from the controversies surrounding his uncle. The strained dynamic between Prince William and Prince Andrew, evidenced by awkward public encounters such as outside Westminster Cathedral, is compounded by Prince Andrew's longstanding associations with Jeffrey Epstein—a financier convicted of sex trafficking—and allegations from Virginia Giuffre, which Prince Andrew denies. Prince William's adolescence coincided with these initial connections, and his engagement announcement preceded Epstein's 2010 Central Park walk with Prince Andrew, symbolizing how royal milestones intersect with familial scandal. The article posits that Prince Andrew's legal troubles now directly implicate Prince William, challenging his ability to uphold the monarchy's integrity while navigating intimate family discord. This analysis delves into the implications for royal succession, public trust, and the evolving role of the monarchy in contemporary society, highlighting the inherent tensions between private life and sovereign duty.",
  "keywords": [
    {
      "term": "Sandringham estate",
      "explanation": "a royal property in Norfolk where Prince Andrew's arrest occurred, symbolizing the proximity of scandal to royal life"
    },
    {
      "term": "Jeffrey Epstein",
      "explanation": "a convicted sex offender whose association with Prince Andrew has fueled ongoing legal and reputational crises for the royal family"
    },
    {
      "term": "Virginia Giuffre",
      "explanation": "an accuser in civil cases against Prince Andrew, alleging sexual abuse, with implications for royal accountability and public perception"
    },
    {
      "term": "royal succession",
      "explanation": "the process of transitioning leadership within the monarchy, here complicated by familial scandals affecting Prince William's preparation"
    },
    {
      "term": "public trust",
      "explanation": "the confidence society places in the monarchy, potentially eroded by incidents involving members like Prince Andrew"
    },
    {
      "term": "sovereign duty",
      "explanation": "the responsibilities inherent to a monarch's role, which Prince William must balance against personal family issues"
    },
    {
      "term": "familial discord",
      "explanation": "conflict within the royal family, as seen between Prince William and Prince Andrew, impacting unified public representation"
    },
    {
      "term": "monarchical integrity",
      "explanation": "the ethical and reputational standing of the monarchy, challenged by scandals that blur personal and professional boundaries"
    },
    {
      "term": "legal troubles",
      "explanation": "issues involving the law, such as Prince Andrew's arrest, that carry consequences for individual members and the institution"
    },
    {
      "term": "contemporary society",
      "explanation": "modern social context in which the monarchy operates, requiring adaptation to public scrutiny and evolving norms"
    }
  ],
  "questions": [
    {
      "question": "What specific location on the Sandringham estate was Prince Andrew arrested at?",
      "options": [
        "Wood Farm",
        "Westminster Cathedral",
        "Norfolk retreat",
        "Central Park"
      ],
      "correct_answer": "Wood Farm"
    },
    {
      "question": "How does the article characterize the relationship between Prince William and Prince Andrew?",
      "options": [
        "Close and supportive",
        "Strained and distant",
        "Neutral and indifferent",
        "Competitive and hostile"
      ],
      "correct_answer": "Strained and distant"
    },
    {
      "question": "What historical event involving Prince Andrew and Jeffrey Epstein is mentioned in relation to Prince William's engagement?",
      "options": [
        "A walk in Central Park in 2010",
        "A meeting in Saudi Arabia",
        "An arrest in Norfolk",
        "A funeral in Westminster"
      ],
      "correct_answer": "A walk in Central Park in 2010"
    },
    {
      "question": "What broader implication does Prince Andrew's arrest have for the monarchy according to the article?",
      "options": [
        "It strengthens royal unity",
        "It challenges public trust and monarchical integrity",
        "It has no significant impact",
        "It simplifies succession planning"
      ],
      "correct_answer": "It challenges public trust and monarchical integrity"
    },
    {
      "question": "Who is Virginia Giuffre and what is her relevance to this article?",
      "options": [
        "A royal family member",
        "An accuser in allegations against Prince Andrew",
        "A friend of Prince William",
        "A journalist covering the story"
      ],
      "correct_answer": "An accuser in allegations against Prince Andrew"
    },
    {
      "question": "What does the article suggest about Prince William's approach to the Andrew story prior to the arrest?",
      "options": [
        "He was actively involved",
        "He maintained distance",
        "He publicly denounced it",
        "He ignored it completely"
      ],
      "correct_answer": "He maintained distance"
    },
    {
      "question": "How does the article frame the intersection of personal and professional realms for Prince William?",
      "options": [
        "As a minor inconvenience",
        "As a critical challenge affecting his future role",
        "As an opportunity for growth",
        "As irrelevant to royal duties"
      ],
      "correct_answer": "As a critical challenge affecting his future role"
    },
    {
      "question": "What symbolic significance does the timing of Prince Andrew's arrest hold in relation to Prince William's life?",
      "options": [
        "It occurred during a school holiday, emphasizing family disruption",
        "It coincided with a royal engagement announcement",
        "It happened after Prince William became king",
        "It was during a state visit"
      ],
      "correct_answer": "It occurred during a school holiday, emphasizing family disruption"
    },
    {
      "question": "What aspect of the monarchy's evolution is highlighted in the article?",
      "options": [
        "Its resistance to change",
        "Its need to adapt to contemporary societal scrutiny",
        "Its focus on private life over public duty",
        "Its avoidance of legal issues"
      ],
      "correct_answer": "Its need to adapt to contemporary societal scrutiny"
    },
    {
      "question": "What critical assessment does the article make regarding the evidence presented?",
      "options": [
        "It is thoroughly sourced and unbiased",
        "It relies on reported events with some contested details",
        "It is entirely speculative",
        "It is based solely on official statements"
      ],
      "correct_answer": "It relies on reported events with some contested details"
    }
  ],
  "background_read": [
    "The British monarchy operates within a framework of constitutional and symbolic roles, with Prince William as heir apparent facing unique pressures. Prince Andrew's involvement with Jeffrey Epstein, a figure central to high-profile sex trafficking cases, and subsequent allegations from Virginia Giuffre have precipitated legal and reputational crises. The arrest at Sandringham estate situates these issues within the royal family's private sphere, forcing examination of how personal scandals impact succession and public perception. Historical context includes Prince William's life stages aligning with key events, such as his engagement amid Epstein's associations. This background informs analysis of monarchical integrity, the balancing of sovereign duty with familial discord, and the monarchy's navigation of modern societal expectations, highlighting the complex interplay between individual actions and institutional stability."
  ],
  "Article_Structure": [
    "This in-depth analysis examines the arrest of Prince Andrew and its ramifications for Prince William's future kingship. Main points detail the strained uncle-nephew dynamic, the historical ties to Jeffrey Epstein and Virginia Giuffre's allegations, and how this personal scandal intrudes on Prince William's royal preparation. The purpose is to critique the monarchy's vulnerability to familial issues, set against broader societal scrutiny. Evidence evaluation notes reliance on documented events and public records, though allegations remain disputed, affecting credibility. Author credibility stems from BBC News' reputation, yet potential bias in framing royal narratives is acknowledged. Methodology involves synthesizing news reports and contextual history, offering a critical assessment that highlights strengths in exposing royal challenges but limitations in speculative elements and lack of direct insider perspectives, ultimately questioning the monarchy's adaptability in contemporary contexts."
  ],
  "perspectives": [
    {
      "perspective": "Institutional vulnerability",
      "description": "The article illustrates how personal scandals within the royal family can expose systemic weaknesses in the monarchy, affecting succession and public confidence"
    }
  ],
  "image_url": "/article_images/article_7f91a2d135dabcdd_c0d259320951.webp"
}