{
  "title": "Trump's Dual Foreign Policy: Conditioning Gaza Peace on Hamas Disarmament and Escalating Anti-Drug Operations in Venezuela",
  "summary": "President Trump articulated a stringent precondition for the Gaza peace process, asserting that Hamas must disarm to facilitate any substantive advancement in negotiations. This stance aligns with Israeli positions and underscores the complexities of Middle East diplomacy, where disarmament is often a contentious issue in conflict resolution. Concurrently, Trump confirmed a U.S. ground attack in Venezuela, targeting drug trafficking infrastructure as part of an expanded military deployment in the Caribbean, which represents the largest naval presence there in decades. This deployment has enabled strikes on numerous alleged drug vessels and the seizure of sanctioned Venezuelan oil tankers, intensifying pressure on the Maduro regime. Furthermore, Trump referenced an unverified claim from Russian President Vladimir Putin regarding an attempted attack by Ukraine on a residence, highlighting his receptivity to narratives from adversarial leaders. The article encapsulates Trump's multifaceted foreign policy strategy, intertwining diplomatic demands in Gaza with coercive measures in Venezuela and nuanced engagements with global powers, reflecting broader themes of sovereignty, security, and international law in contemporary geopolitics.",
  "keywords": [
    {
      "term": "stringent precondition",
      "explanation": "a strict requirement that must be met before progress can occur"
    },
    {
      "term": "substantive advancement",
      "explanation": "meaningful progress or development in a process"
    },
    {
      "term": "contentious issue",
      "explanation": "a topic that causes disagreement or debate"
    },
    {
      "term": "conflict resolution",
      "explanation": "the process of resolving disputes or conflicts peacefully"
    },
    {
      "term": "infrastructure",
      "explanation": "the basic physical systems and facilities needed for operations"
    },
    {
      "term": "coercive measures",
      "explanation": "actions taken to force compliance, often through pressure or threats"
    },
    {
      "term": "adversarial leaders",
      "explanation": "leaders from opposing or hostile countries"
    },
    {
      "term": "sovereignty",
      "explanation": "the authority of a state to govern itself independently"
    },
    {
      "term": "geopolitics",
      "explanation": "the study of how geography and politics influence international relations"
    },
    {
      "term": "unverified claim",
      "explanation": "an assertion that lacks confirmation or evidence"
    }
  ],
  "questions": [
    {
      "question": "What is Trump's precondition for advancing the Gaza peace process?",
      "options": [
        "Hamas disarmament",
        "Israeli withdrawal from settlements",
        "International mediation",
        "Economic aid to Gaza"
      ],
      "correct_answer": "Hamas disarmament"
    },
    {
      "question": "How does the U.S. military deployment in the Caribbean compare historically?",
      "options": [
        "Largest in half-a-century",
        "Smallest ever",
        "Similar to peacetime levels",
        "Focused only on training"
      ],
      "correct_answer": "Largest in half-a-century"
    },
    {
      "question": "What actions has the U.S. taken against Venezuelan assets?",
      "options": [
        "Struck drug boats and seized oil tankers",
        "Built diplomatic ties",
        "Provided humanitarian assistance",
        "Ignored the situation"
      ],
      "correct_answer": "Struck drug boats and seized oil tankers"
    },
    {
      "question": "What claim did Putin make that Trump accepted?",
      "options": [
        "Ukraine attempted to attack a residence",
        "Ukraine is planning peace talks",
        "Ukraine supports drug trafficking",
        "Ukraine has a strong economy"
      ],
      "correct_answer": "Ukraine attempted to attack a residence"
    },
    {
      "question": "How does Trump's stance on Hamas align with broader diplomatic efforts?",
      "options": [
        "Reflects Israeli positions",
        "Contradicts U.S. policy",
        "Supports Hamas governance",
        "Avoids international norms"
      ],
      "correct_answer": "Reflects Israeli positions"
    },
    {
      "question": "What is the significance of the U.S. targeting drug trafficking infrastructure in Venezuela?",
      "options": [
        "Part of pressure on the Maduro regime",
        "A humanitarian intervention",
        "A trade enhancement",
        "A cultural exchange program"
      ],
      "correct_answer": "Part of pressure on the Maduro regime"
    },
    {
      "question": "How does the article characterize Trump's engagement with Putin's claim?",
      "options": [
        "Receptivity to adversarial narratives",
        "Complete rejection",
        "Indifference",
        "Support for Ukraine"
      ],
      "correct_answer": "Receptivity to adversarial narratives"
    },
    {
      "question": "What broader themes does the article highlight in Trump's foreign policy?",
      "options": [
        "Sovereignty and security",
        "Economic globalization",
        "Environmental protection",
        "Cultural diplomacy"
      ],
      "correct_answer": "Sovereignty and security"
    },
    {
      "question": "What methodological limitation is noted in the article?",
      "options": [
        "Reliance on transcripts with potential errors",
        "Extensive field research",
        "Peer-reviewed analysis",
        "Government audits"
      ],
      "correct_answer": "Reliance on transcripts with potential errors"
    },
    {
      "question": "How does the article assess the evidence for Trump's statements?",
      "options": [
        "Lacks independent verification",
        "Fully corroborated by multiple sources",
        "Based on scientific studies",
        "Derived from public opinion polls"
      ],
      "correct_answer": "Lacks independent verification"
    }
  ],
  "background_read": [
    "The Gaza conflict involves deep-seated issues between Hamas, designated as a terrorist organization by some countries, and Israel, with peace processes often stymied by demands for disarmament and security guarantees. Venezuela's crisis under Maduro includes allegations of state-sponsored drug trafficking, leading to U.S. sanctions and military interventions as part of broader anti-narcotics and regime change strategies. International relations theory examines how leaders like Trump use coercive diplomacy and engage with adversaries, impacting global stability. The article's context requires understanding of Middle East politics, Latin American geopolitics, and the role of media in reporting on executive actions, with critical attention to source credibility and evidence quality in fast-moving news cycles."
  ],
  "Article_Structure": [
    "Main Points: Trump conditions Gaza peace on Hamas disarmament, details U.S. anti-drug operations in Venezuela including ground attacks and naval deployments, and accepts Putin's unverified claim about Ukraine. Purpose: To analyze Trump's integrated foreign policy approach, linking Middle East diplomacy with South American security measures and interactions with Russia. Evidence Evaluation: Relies on Trump's announcements and brief reports, lacking thorough verification or diverse sources, raising questions about accuracy and bias. Author Credibility: PBS NewsHour provides reputable journalism, but the article is based on limited transcripts, potentially affecting depth and objectivity. Methodology: Uses summarized event descriptions and presidential statements, with acknowledged errors in transcripts, offering a snapshot rather than comprehensive investigation. Critical Assessment: Strengths include timely coverage of key policy statements, but limitations involve superficial analysis, reliance on official narratives, and insufficient context on long-term implications for international relations."
  ],
  "perspectives": [
    {
      "perspective": "Strategic foreign policy",
      "description": "Views Trump's actions as a calculated blend of diplomatic pressure and military coercion to address multiple global challenges, emphasizing sovereignty and security priorities"
    }
  ],
  "image_url": "/article_images/article_d4638496f14e5a4e_f221ff940ccd.webp"
}