{
  "title": "Scientists Solve a Superconductor Puzzle Under High Pressure",
  "summary": "Scientists have solved a big mystery about superconductors, which are special materials that let electricity flow without any resistance. This is important for things like fast trains and powerful computers. The problem was that superconductors usually only work at very cold temperatures, which makes them hard to use in everyday life. Recently, scientists found new superconductors made with hydrogen that work at higher temperatures, but they are tricky to study because they need to be squeezed under huge pressure. Researchers at the Max Planck Institute created a new tool to look inside these materials under pressure. They discovered that the superconductors have a special property called a superconducting gap, which helps electrons team up to let electricity flow smoothly. This finding helps explain how these materials work and could lead to better technology in the future.",
  "keywords": [
    {
      "term": "superconductors",
      "explanation": "materials that let electricity flow without any resistance"
    },
    {
      "term": "hydrogen",
      "explanation": "a light gas that is part of the new superconductors"
    },
    {
      "term": "pressure",
      "explanation": "a big squeeze that is needed to make the superconductors work"
    },
    {
      "term": "superconducting gap",
      "explanation": "a special property that shows how electrons work together in superconductors"
    },
    {
      "term": "electrons",
      "explanation": "tiny particles that carry electricity"
    },
    {
      "term": "Max Planck Institute",
      "explanation": "a place where scientists did the research"
    }
  ],
  "questions": [
    {
      "question": "What do superconductors let electricity do without any resistance?",
      "options": [
        "Flow smoothly",
        "Stop completely",
        "Get hotter",
        "Change color"
      ],
      "correct_answer": "Flow smoothly"
    },
    {
      "question": "Why are the new superconductors made with hydrogen hard to study?",
      "options": [
        "They need high pressure",
        "They are too big",
        "They melt easily",
        "They are invisible"
      ],
      "correct_answer": "They need high pressure"
    },
    {
      "question": "What did scientists at the Max Planck Institute create to study the superconductors?",
      "options": [
        "A new tool",
        "A new material",
        "A new computer",
        "A new train"
      ],
      "correct_answer": "A new tool"
    },
    {
      "question": "What special property did scientists find in the superconductors?",
      "options": [
        "Superconducting gap",
        "Super bright light",
        "Super strong magnet",
        "Super fast speed"
      ],
      "correct_answer": "Superconducting gap"
    },
    {
      "question": "What do electrons do in superconductors to help electricity flow?",
      "options": [
        "Team up",
        "Fight each other",
        "Hide away",
        "Get bigger"
      ],
      "correct_answer": "Team up"
    },
    {
      "question": "Why is this discovery important for the future?",
      "options": [
        "It could lead to better technology",
        "It makes things colder",
        "It stops electricity",
        "It creates more pressure"
      ],
      "correct_answer": "It could lead to better technology"
    }
  ],
  "background_read": [
    "Superconductors are cool materials that can carry electricity perfectly, with no loss of energy. Imagine a wire that never gets hot or wastes power—this could make trains float on magnets or computers super fast. For a long time, scientists could only make superconductors work at super cold temperatures, like in freezers, which made them expensive and hard to use. Recently, they found new types with hydrogen that work at higher temperatures, but these need to be squeezed really hard, like under a giant press, to work. This made it tough to study them until scientists invented a special tool to peek inside under pressure. Learning about how electrons team up in these materials helps us understand them better and might lead to new gadgets that save energy and work faster in our daily lives."
  ],
  "Article_Structure": [
    "WHO: Scientists at the Max Planck Institute",
    "WHAT: Solved a mystery about superconductors by studying hydrogen-rich materials under high pressure",
    "WHERE: In a research lab",
    "WHY: To understand how superconductors work and improve technology"
  ],
  "perspectives": [
    {
      "perspective": "Scientific Discovery",
      "description": "This research helps scientists learn more about superconductors, which could lead to new inventions."
    }
  ],
  "image_url": "/article_images/article_92eb70fcf2cbc404_1f7a493dd002.webp"
}