{
  "articles": [
    {
      "id": "724a313201ff9732",
      "title": "International Central Bank Solidarity in Defense of Fed Chair Powell Amidst Political and Legal Scrutiny",
      "summary": "In a significant display of institutional unity, central bank chiefs from eleven major financial institutions, including the Bank of England, European Central Bank, and Bank of Canada, have issued a joint statement expressing full solidarity with Jerome Powell, chair of the US Federal Reserve. This action responds to a criminal investigation launched by the US Department of Justice into Powell's testimony regarding renovations at Federal Reserve buildings, a probe that has escalated amidst sustained criticism from former President Donald Trump. Trump has repeatedly disparaged Powell's monetary policy decisions, particularly on interest rates, and made derogatory personal remarks, challenging the Fed's operational autonomy. The global bankers commend Powell's integrity and unwavering commitment to public interest, asserting that central bank independence is a cornerstone of price, financial, and economic stability, essential for democratic accountability. Powell has countered by warning that such independence is imperiled by political pressure and intimidation, which could distort evidence-based policymaking. With Powell's term concluding in May and Trump poised to nominate a successor, Senator Thom Tillis has declared opposition to any Fed Board nominations until the investigation is fully resolved, highlighting the intricate interplay between legal proceedings, political dynamics, and economic governance. This scenario underscores broader debates on the resilience of central bank independence in an era of heightened political polarization.",
      "source": "BBC News",
      "time_ago": "Just now",
      "image_url": "/article_images/article_724a313201ff9732_fdc4353abe56.webp",
      "category": "News"
    },
    {
      "id": "c4839c1c38431333",
      "title": "Investigating the Microbiome's Role in Aging: A Critical Analysis of Gut Health and Longevity",
      "summary": "This article delves into the complex relationship between gut health and the aging process through a personal investigative lens. The author, in their 60s, engages with Dr. James Kinross, a professor in surgery at Imperial College London, to analyze their gut microbiome via stool sample testing. Dr. Kinross, described as a 'microbiome evangelist,' posits that the gut microbiome—comprising trillions of microbes including bacteria, viruses, and fungi—plays a pivotal role in influencing longevity and physical resilience in elderly years. The narrative extends to a scientific case study of Maria Branyas Morera, the world's oldest person who died at 117, whose daily consumption of three servings of yogurt is hypothesized by geneticist Dr. Manel Esteller to enhance beneficial bacteria that mitigate inflammation, potentially contributing to her extended lifespan. While the article highlights promising connections, it also incorporates critical perspectives from experts who caution against overhyping the gut's significance, underscoring the necessity for more rigorous research. Ultimately, it raises profound questions about actionable strategies, such as dietary modifications, to potentially modulate gut health and improve aging outcomes, reflecting broader debates in biomedical science.",
      "source": "BBC News",
      "time_ago": "3 hours ago",
      "image_url": "/article_images/article_c4839c1c38431333_979084215cb2.webp",
      "category": "News"
    },
    {
      "id": "7afc2a9cf3f8fbd6",
      "title": "Fiscal Priorities and Social Realities: An Analysis of Scottish Budget Pressures Through Citizen Testimonies",
      "summary": "Amidst Scotland's Budget Day deliberations at Holyrood, this article examines the intersection of fiscal policy and social welfare through the lens of voter testimonies, with implications for the impending election. It foregrounds the narratives of Megan, a retail assistant from Airdrie facing eviction as her landlord sells the property, and Alan, a long-term retail employee from Kilmarnock grappling with low household earnings. Megan articulates a crisis of housing affordability, wherein exorbitant private rents jeopardize her mental well-being and aspirational independence, prompting calls for enhanced governmental oversight of councils and subsidized support mechanisms. Concurrently, she critiques escalating public transport costs, advocating for improved connectivity to Glasgow. Alan's account underscores the precarity of low-wage labor, as even earnings above the National Minimum Wage prove insufficient for financial stability, highlighting systemic economic disparities. The article synthesizes these personal accounts to illustrate broader policy challenges: housing market failures, inadequate social safety nets, and transport infrastructure deficits. By contextualizing individual struggles within macroeconomic frameworks, it underscores the political stakes of budget allocations, urging policymakers to prioritize equitable resource distribution. This analysis reveals how grassroots voices can shape public discourse, emphasizing the need for evidence-based interventions to address structural inequalities in Scotland's socio-economic landscape.",
      "source": "BBC News",
      "time_ago": "6 hours ago",
      "image_url": "/article_images/article_7afc2a9cf3f8fbd6_fe7e95ea658d.webp",
      "category": "News"
    },
    {
      "id": "5bd970ab7bf1bda8",
      "title": "Yellen's Critique of Political Intimidation in Monetary Policy",
      "summary": "Former Treasury Secretary Janet Yellen, in a recent interview, articulates a critical perspective on the Trump administration's alleged intimidation of Federal Reserve leadership, positing that it jeopardizes economic stability. She contends that the Justice Department's investigation into Fed Chair Jerome Powell is a weaponized effort to coerce monetary policy adjustments, specifically to lower interest rates in alignment with presidential preferences. Yellen elucidates that Trump's public criticism stems from desires to reduce the government's interest payments on its $38 trillion debt, despite inflation persisting above the Fed's 2% target and a robust labor market with low unemployment. She underscores the imperative of central bank independence, arguing that political interference could precipitate suboptimal policy decisions, such as premature rate cuts that might exacerbate inflationary pressures or destabilize financial markets. Yellen's analysis draws on her tenure as Fed Chair and Treasury Secretary, emphasizing the normative principles of technocratic governance and the risks of conflating political objectives with economic stewardship.",
      "source": "PBS NewsHour",
      "time_ago": "13 hours ago",
      "image_url": "/article_images/article_5bd970ab7bf1bda8_8f34980b6e5b.webp",
      "category": "News"
    },
    {
      "id": "ce0e8dad0c05f7ab",
      "title": "Analyzing Legal Proceedings and Political Accountability in High-Profile Investigations",
      "summary": "This article examines the Justice Department's investigation into Jerome Powell, Chair of the Federal Reserve, within the context of alleged political targeting by the Trump administration. Mary McCord, a former federal prosecutor and executive director of the Institute for Constitutional Advocacy and Protection, provides a detailed legal analysis. She outlines the investigatory process, beginning with the service of a subpoena to Powell and the Federal Reserve, and progressing through potential stages such as evidence evaluation for a grand jury indictment, requiring agreement from at least 12 of 23 jurors. McCord highlights the legal concept of vindictiveness as a possible defense for Powell, given the pattern of pressure from President Trump to influence interest rate decisions and the suspicious timing of the investigation following public criticisms. The discussion delves into the standard guardrails designed to mitigate political conflicts of interest, emphasizing the procedural safeguards in federal law. This case serves as a critical example of the tensions between executive power and judicial independence, raising questions about the integrity of legal institutions when subjected to political influence. The article underscores the broader implications for democratic governance and the rule of law.",
      "source": "PBS NewsHour",
      "time_ago": "13 hours ago",
      "image_url": "/article_images/article_ce0e8dad0c05f7ab_7905c7d4477c.webp",
      "category": "News"
    },
    {
      "id": "82015666a72ae1f9",
      "title": "Strategic Leadership Shift: Meta's Appointment of Dina Powell McCormick",
      "summary": "Meta Platforms, Inc., the parent company of Facebook, has announced the appointment of Dina Powell McCormick as president and vice chairman, marking a significant leadership transition aimed at enhancing corporate strategy and global expansion. Powell McCormick, who previously served on Meta's board and was involved in its artificial intelligence initiatives, will now oversee execution of multi-billion-dollar investments and overall strategic direction. Her extensive background includes roles as a national security adviser in the Trump administration, positions in the Bush White House, and a 16-year tenure at Goldman Sachs, followed by executive roles at BDT & MSD Partners. The appointment has garnered political attention, with former President Donald Trump endorsing it on Truth Social, while CEO Mark Zuckerberg highlighted her global networks and financial acumen as critical for future growth. Additionally, her corporate board experience at entities like Exxon Mobil and her marriage to Senator David McCormick underscore the intersection of technology, politics, and finance. This move reflects Meta's broader strategy to integrate diverse expertise amid evolving regulatory and market challenges.",
      "source": "PBS NewsHour",
      "time_ago": "13 hours ago",
      "image_url": "/article_images/article_82015666a72ae1f9_9f1e90d811cb.webp",
      "category": "News"
    }
  ]
}