{
  "articles": [
    {
      "id": "a52755e118ef2176",
      "title": "Weather Disruption in Tennis: Raducanu's Hobart Match Postponed",
      "summary": "Emma Raducanu, the British tennis star, faced a delay in her first-round match at the Hobart International due to rain. Playing against Camila Osorio of Colombia, Raducanu led 6-3 in the first set but trailed 2-4 in the second when play was suspended. The match featured challenging conditions, including blustery weather and Osorio dealing with a cough. Raducanu, recovering from a foot injury that disrupted her off-season, is using this tournament as preparation for the Australian Open starting on Sunday. Meanwhile, Magdalena Frech advanced to the quarter-finals with a win and will face the winner of Raducanu-Osorio. The article also covers other tennis news, such as Harriet Dart's victory in Australian Open qualifying and losses for Mimi Xu and Ryan Peniston, highlighting the broader competitive landscape in tennis.",
      "source": "BBC Tennis",
      "time_ago": "1 hour ago",
      "image_url": "/article_images/article_a52755e118ef2176_b4c28684b111.webp",
      "category": "Fun"
    },
    {
      "id": "d7c9f6275fea5566",
      "title": "Harry Styles Teases Fourth Album with Global Campaign",
      "summary": "Harry Styles has sparked speculation about his musical return after a four-year hiatus by launching a cryptic marketing campaign. Billboards with the message 'we belong together' and an image from his 2022-23 world tour have appeared in major cities worldwide, including New York, Manchester, Palermo, São Paulo, and Berlin. Simultaneously, a website branded similarly went live, featuring a WhatsApp group chat named 'HSHQ' (Harry Styles Headquarters). Fans interpret these moves as hints toward the announcement of his fourth album, following his last release, Harry's House, which earned Brit and Grammy Awards in 2022. Styles, who rose to fame with One Direction, has been involved in other activities recently, such as marathon running, including participating in the Tokyo and Berlin Marathons. He was also seen at significant events like the papal announcement in St. Peter's Square and spending time with actress Zoe Kravitz. Despite these diversions, it is believed he has been working on new music since concluding his Love On Tour three years ago. Initial recording sessions were confirmed in August 2024 at London's RAK Studios, and rumors suggest the album might be written on a typewriter, though sources are questionable. Additionally, reports indicate potential residencies at venues like Madison Square Garden and Manchester's Co-op Live arena, where Styles is an investor. His comeback was subtly hinted at in a YouTube video titled 'Forever, Forever' released in December, showcasing fan moments from his tour's final date in Italy.",
      "source": "BBC Entertainment",
      "time_ago": "2 hours ago",
      "image_url": "/article_images/article_d7c9f6275fea5566_bbee4247bb32.webp",
      "category": "Fun"
    },
    {
      "id": "a48afe2c4de1e297",
      "title": "The Million Dollar One Point Slam: A Unique Tennis Competition",
      "summary": "The Million Dollar One Point Slam is a special tennis event held in Melbourne, Australia, just before the Australian Open. It features 48 competitors, including 24 top professional players such as world number one Carlos Alcaraz and women's number two Iga Swiatek, alongside 24 amateur participants. The amateurs qualify through state championship rounds across Australia or as wildcards, which include celebrities like Taiwanese singer Jay Chou. Each match consists of a single point, with the server determined by a game of rock, paper, scissors. The knockout tournament progresses through rounds, culminating in a final at the 14,800-seat Rod Laver Arena. The winner receives one million Australian dollars in prize money, offering amateurs a rare opportunity to compete against elite athletes. Notable absences include Aryna Sabalenka and Madison Keys, but many top-ranked players are confirmed. This event blends entertainment and sport, highlighting inclusivity and quick-paced competition.",
      "source": "BBC Tennis",
      "time_ago": "3 hours ago",
      "image_url": "/article_images/article_a48afe2c4de1e297_063c0ca8324d.webp",
      "category": "Fun"
    },
    {
      "id": "cae1684f0eaa2962",
      "title": "BTS's Comeback: From Hiatus to Global Tour",
      "summary": "BTS, the world-renowned K-pop boy band, is making a highly anticipated comeback after a four-year hiatus. The hiatus began in 2022 when all seven members entered mandatory military service in South Korea. Following their reunion last summer, the band is set to release a new album and announce a massive world tour, generating excitement among their dedicated fanbase, known as Army. Superfans like Ashia from the UK express their enthusiasm, recalling past concerts such as the 2018 London show and the historic 2019 performances at Wembley Stadium, where BTS became the first K-pop band to headline back-to-back shows there. Their previous tour, Permission to Dance on Stage, occurred in 2021-2022, but the upcoming tour is expected to be larger. Despite the hiatus, fan interest has remained strong, with experts noting strategic planning to maximize hype. The article highlights how BTS has maintained relevance through this period, with fans eagerly awaiting live performances after cancellations due to the Covid-19 pandemic.",
      "source": "BBC Entertainment",
      "time_ago": "3 hours ago",
      "image_url": "/article_images/article_cae1684f0eaa2962_8f56d899b503.webp",
      "category": "Fun"
    },
    {
      "id": "0968103ac5dd7916",
      "title": "BBC Challenges Trump's Defamation Lawsuit in Court",
      "summary": "The BBC is seeking to dismiss a $5 billion defamation lawsuit filed by former US President Donald Trump in a Florida court. Trump alleges that a Panorama documentary edited his January 6, 2021, speech to imply he incited violence, thereby damaging his reputation. The BBC has apologized for the edit, which spliced parts of his speech to create a misleading impression, but contends that no defamation occurred. In its motion, the BBC argues that the Florida court lacks personal jurisdiction over the British broadcaster, as the documentary was not aired in the US and the BBC operates primarily in the UK. Additionally, the BBC asserts that Trump failed to state a valid claim, noting that he was re-elected after the program aired and carried Florida with a significant majority, indicating no actual harm. The broadcaster also disputes Trump's claim that the documentary aired on Britbox, emphasizing that the edit was a small part of an hour-long program with balanced coverage. The BBC further argues that Trump cannot prove 'actual malice,' a key requirement in defamation cases involving public figures. This legal battle highlights issues of media ethics, jurisdictional boundaries, and the standards for defamation claims in the US.",
      "source": "BBC Entertainment",
      "time_ago": "4 hours ago",
      "image_url": "/article_images/article_0968103ac5dd7916_8c322930ac48.webp",
      "category": "Fun"
    },
    {
      "id": "8ddfb52701b3657c",
      "title": "Emotional Victory: A Tennis Player Faces Her Daughters' Idol",
      "summary": "In a notable tennis match at the Hobart International, German player Tatjana Maria defeated Venus Williams with a score of 6-4, 6-3. The encounter was emotionally charged because Maria's two daughters, aged 12 and 4, are avid fans of Williams, making it challenging for Maria to compete against their favorite player. Despite this, Maria expressed admiration for Williams, noting they are neighbors and she felt honored to play her for the first time. The match set a WTA record for the highest combined age of players in a main-draw event, with Maria at 38 and Williams at 45. Williams, a tennis legend with seven Grand Slam singles titles and an Olympic gold medal, has been active on the tour since 1994 and recently received a wildcard for the Australian Open. This article explores the intersection of personal relationships and professional sports, highlighting how athletes navigate emotional dynamics while achieving milestones.",
      "source": "BBC Tennis",
      "time_ago": "4 hours ago",
      "image_url": "/article_images/article_8ddfb52701b3657c_1836124a7608.webp",
      "category": "Fun"
    }
  ]
}