{
  "articles": [
    {
      "id": "a52755e118ef2176",
      "title": "Analyzing Weather-Induced Delays and Competitive Dynamics in Professional Tennis",
      "summary": "The article details the suspension of Emma Raducanu's first-round match at the Hobart International due to inclement rain, with Raducanu leading Camila Osorio 6-3 2-4 amidst blustery conditions and Osorio's health issues. This event underscores the logistical challenges in outdoor tennis tournaments, as Raducanu, recovering from a foot injury, uses this competition as a tune-up for the Australian Open. Concurrently, Magdalena Frech's advancement to the quarter-finals sets up a potential matchup, highlighting the tournament's competitive structure. The piece expands to broader tennis news, covering Harriet Dart's successful qualification bid for the Australian Open, contrasted with losses for Mimi Xu and Ryan Peniston, illustrating the variances in player form and the rigorous nature of professional circuits. It touches on themes of athlete resilience, weather's impact on sports scheduling, and the ongoing narratives in women's and men's tennis.",
      "source": "BBC Tennis",
      "time_ago": "1 hour ago",
      "image_url": "/article_images/article_a52755e118ef2176_b4c28684b111.webp",
      "category": "Fun"
    },
    {
      "id": "d7c9f6275fea5566",
      "title": "Harry Styles' Cryptic Teaser Campaign: Analyzing the Anticipation for a Fourth Album",
      "summary": "Harry Styles has initiated a meticulously orchestrated teaser campaign, suggesting an imminent end to his four-year musical hiatus. Cryptic billboards bearing the slogan 'we belong together' superimposed on imagery from his 2022-23 world tour have been deployed globally in cities such as New York, Manchester, Palermo, São Paulo, and Berlin. Concurrently, a branded website launched, featuring a WhatsApp group chat dubbed 'HSHQ' (Harry Styles Headquarters), which fans interpret as a precursor to announcing his fourth album. This follows his critically acclaimed third album, Harry's House, which secured Brit and Grammy Awards in 2022, producing hit singles like 'As It Was.' Styles, who ascended to stardom with One Direction, has diversified his pursuits recently, including marathon running—notably completing the Berlin Marathon in under three hours—and attending high-profile events like the papal announcement in St. Peter's Square. Despite these engagements, industry insiders believe he has been clandestinely developing new music since concluding his Love On Tour three years ago. Recording sessions were ostensibly confirmed in August 2024 at London's RAK Studios, with unsubstantiated claims from Australian radio hosts alleging the album was composed entirely on a typewriter. Additionally, reports from the New York Post indicate a potential residency deal at Madison Square Garden, complemented by rumors of a stint at Manchester's Co-op Live arena, where Styles holds an investment stake. His strategic comeback was subtly foreshadowed by a YouTube video titled 'Forever, Forever' released in late December, encapsulating emotional fan moments from his tour's finale in Reggio Emilia, Italy, thereby weaving a narrative of continuity and renewal.",
      "source": "BBC Entertainment",
      "time_ago": "2 hours ago",
      "image_url": "/article_images/article_d7c9f6275fea5566_bbee4247bb32.webp",
      "category": "Fun"
    },
    {
      "id": "a48afe2c4de1e297",
      "title": "Analyzing the Million Dollar One Point Slam: A Convergence of Sport and Spectacle",
      "summary": "The Million Dollar One Point Slam, scheduled prior to the Australian Open in Melbourne, represents a novel tennis competition designed to merge professional athletics with amateur participation and celebrity entertainment. Featuring 48 competitors—24 top-tier professionals such as Carlos Alcaraz, Jannik Sinner, and Iga Swiatek, alongside 24 amateurs selected through state championship rounds and wildcard entries including celebrities like Taiwanese singer Jay Chou—the event employs a knockout tournament format where each match comprises a single point. The server is determined by rock, paper, scissors, adding an element of chance and spectacle. With a prize of one million Australian dollars, the competition aims to democratize access to high-stakes tennis, though notable absences like Aryna Sabalenka and Madison Keys highlight selective participation. The final at Rod Laver Arena underscores its integration into the Australian Open festivities, leveraging the venue's 14,800 capacity for audience engagement. This event reflects broader trends in sports marketing, utilizing simplified rules and media-friendly elements to enhance viewer appeal while providing amateurs with unprecedented competitive opportunities against elite athletes.",
      "source": "BBC Tennis",
      "time_ago": "3 hours ago",
      "image_url": "/article_images/article_a48afe2c4de1e297_063c0ca8324d.webp",
      "category": "Fun"
    },
    {
      "id": "cae1684f0eaa2962",
      "title": "BTS's Strategic Return: Analyzing the Post-Hiatus Comeback in Global Music",
      "summary": "BTS, the preeminent K-pop boy band, is orchestrating a meticulously planned comeback following a four-year hiatus initiated in 2022 for mandatory military service in South Korea. The band reformed last summer and is poised to release a new album and announce an expansive world tour, a move calculated to maximize hype and impact, as noted by experts. This resurgence capitalizes on the unwavering dedication of their fanbase, Army, with superfans like Ashia from the UK exemplifying the intense anticipation, including willingness to pursue international travel for tickets. Historically, BTS's 2019 performances at Wembley Stadium marked a milestone as the first K-pop act to headline back-to-back shows there, underscoring their global influence. Their previous tour, Permission to Dance on Stage (2021-2022), faced disruptions from the Covid-19 pandemic, which cancelled multiple dates and heightened demand for live experiences. The article suggests that despite the hiatus, BTS has maintained relevance through strategic engagement, challenging perceptions of diminished interest. This analysis delves into the cultural and economic implications of their return, exploring how K-pop groups navigate mandatory service obligations while sustaining fan loyalty and market presence in a competitive industry.",
      "source": "BBC Entertainment",
      "time_ago": "3 hours ago",
      "image_url": "/article_images/article_cae1684f0eaa2962_8f56d899b503.webp",
      "category": "Fun"
    },
    {
      "id": "0968103ac5dd7916",
      "title": "Jurisdictional and Defamation Dispute: BBC's Motion to Dismiss Trump's $5 Billion Lawsuit",
      "summary": "The BBC has filed a motion to dismiss a $5 billion defamation lawsuit initiated by former US President Donald Trump in a Florida district court. Trump alleges that a Panorama documentary, which edited his January 6, 2021, speech, falsely portrayed him as inciting violence, thereby damaging his reputation and violating Florida's Deceptive and Unfair Trade Practices Act. In response, the BBC presents multiple legal arguments: first, that the Florida court lacks personal jurisdiction over the British broadcaster, as the documentary was not aired in the United States and the BBC's operations are centered in the UK; second, that Trump has failed to state a plausible claim for defamation, particularly because he cannot demonstrate 'actual malice'—a requisite element for public figures under US defamation law, requiring proof that the BBC knowingly or recklessly published false information. The BBC also contends that no actual damages occurred, noting Trump's subsequent re-election and electoral success in Florida. Additionally, the broadcaster disputes Trump's assertion that the program aired on Britbox, emphasizing that the edit constituted only 15 seconds of an hour-long documentary that provided balanced coverage. This case underscores complex issues of transnational jurisdiction, the stringent standards for defamation claims involving public figures, and the ethical implications of media editing practices. The BBC's motion includes a request to stay discovery processes pending the court's decision, highlighting strategic legal maneuvering in high-stakes litigation.",
      "source": "BBC Entertainment",
      "time_ago": "4 hours ago",
      "image_url": "/article_images/article_0968103ac5dd7916_8c322930ac48.webp",
      "category": "Fun"
    },
    {
      "id": "8ddfb52701b3657c",
      "title": "Intersecting Narratives: Familial Fandom and Athletic Legacy in Professional Tennis",
      "summary": "The article recounts Tatjana Maria's 6-4, 6-3 victory over Venus Williams at the Hobart International, a match distinguished by its emotional undertones as Maria's daughters are devoted fans of Williams. This personal dynamic introduced a unique psychological layer to the competition, with Maria acknowledging the difficulty while expressing reverence for Williams, whom she knows as a neighbor. Historically, the encounter set a WTA record for the highest combined age in a main-draw event, featuring Maria at 38 and Williams at 45, underscoring themes of longevity in sports. Williams, a seminal figure in tennis with seven Grand Slam singles titles and an Olympic gold medal, continues her career into its third decade, recently securing a wildcard for the Australian Open. The piece situates this event within broader narratives of athletic endurance, intergenerational fandom, and the intersection of personal relationships with professional endeavors, offering insights into how athletes navigate complex emotional landscapes while pursuing competitive achievements.",
      "source": "BBC Tennis",
      "time_ago": "4 hours ago",
      "image_url": "/article_images/article_8ddfb52701b3657c_1836124a7608.webp",
      "category": "Fun"
    }
  ]
}