{
  "articles": [
    {
      "id": "aadfdb60eb5f0da6",
      "title": "ENSO as the Global Synchronizer of Hydrological Extremes: A Satellite-Based Analysis",
      "summary": "A groundbreaking study published in AGU Advances by researchers at The University of Texas at Austin demonstrates that the El Niño-Southern Oscillation (ENSO) is the predominant climatic mechanism orchestrating extreme variations in total water storage on a global scale over the last two decades. By employing gravity anomaly data from NASA's GRACE and GRACE-FO satellites, the team quantified total water storage, encompassing surface water, soil moisture, groundwater, and cryospheric components. Their analysis revealed that ENSO induces synchronized hydrological extremes, whereby disparate regions experience concurrent wet or dry conditions, defined statistically as values above the 90th percentile or below the 10th percentile, respectively. This spatial connectivity elucidates how ENSO phases—El Niño and La Niña—can precipitate droughts in some continents while triggering floods in others simultaneously, with profound implications for water security, agricultural productivity, and international trade networks. The methodological innovation lies in shifting from event-based counting to examining spatial correlations, thereby augmenting the dataset and enhancing pattern recognition. This research underscores the necessity of integrating global climate dynamics into regional water resource management and disaster mitigation strategies, offering a framework for anticipating cascading impacts of synchronized extremes in an increasingly volatile climate system.",
      "source": "Science Daily",
      "time_ago": "5 hours ago",
      "image_url": "/article_images/article_aadfdb60eb5f0da6_db1a95097321.webp",
      "category": "Science"
    },
    {
      "id": "31a975bb924a9373",
      "title": "Biosynthetic Tagatose: A Paradigm Shift in Sweetener Technology and Public Health",
      "summary": "A groundbreaking study from Tufts University, published in Cell Reports Physical Science, presents a biosynthetic strategy for producing tagatose, a rare sugar that closely emulates sucrose's sensory profile while mitigating adverse health outcomes. Tagatose, occurring minimally in dairy and fruits, has been historically limited by inefficient extraction methods. The research team engineered Escherichia coli bacteria to function as microbial factories, incorporating galactose-1-phosphate-selective phosphatase from slime mold and arabinose isomerase to catalyze the conversion of abundant glucose into tagatose, achieving yields up to 95%—surpassing conventional techniques that yield 40-77%. Tagatose exhibits 92% of sucrose's sweetness with a 60% calorie reduction, FDA GRAS status, and minimal effects on blood glucose and insulin, offering therapeutic potential for diabetes management. Additionally, it may confer oral health benefits by inhibiting cariogenic bacteria and exerting probiotic effects. This innovation not only enhances economic feasibility but also addresses global public health challenges related to sugar consumption, positioning tagatose as a transformative alternative in the food industry.",
      "source": "Science Daily",
      "time_ago": "6 hours ago",
      "image_url": "/article_images/article_31a975bb924a9373_8b0b8bde6c5f.webp",
      "category": "Science"
    },
    {
      "id": "6bb690c618aab49a",
      "title": "Quantifying Atmospheric Microplastics and Nanoplastics: A Breakthrough in Urban Pollution Assessment",
      "summary": "A groundbreaking study has quantified microplastics (MPs) and nanoplastics (NPs) in urban atmospheres, revealing concentrations two to six orders of magnitude higher than previous estimates. Conducted by researchers from the Institute of Earth Environment of the Chinese Academy of Sciences, the investigation employed a semi-automated microanalytical technique to analyze atmospheric samples from Guangzhou and Xi'an. Utilizing computer-controlled scanning electron microscopy, this methodology minimized human bias and enabled detection of NPs as small as 200 nm within complex environmental matrices. The findings indicate that prior visual identification methods, such as manual SEM-EDX, μ-FTIR, or μ-Raman, significantly underestimated plastic abundance in total suspended particulates and dustfall fluxes. Variations in plastic movement across atmospheric pathways, driven by factors like road dust resuspension and wet deposition, highlight dynamic transport and removal mechanisms. This research provides the first detailed quantitative assessment of atmospheric plastics, addressing critical gaps in the global plastic cycle and offering insights into their biogeochemical transformations, potential climate feedbacks, and implications for ecosystem integrity and public health.",
      "source": "Science Daily",
      "time_ago": "9 hours ago",
      "image_url": "/article_images/article_6bb690c618aab49a_688acc84f184.webp",
      "category": "Science"
    },
    {
      "id": "e9d22171df4ccb3c",
      "title": "Addressing Stellar Contamination: NASA's Pandora Mission as a Calibrative Tool for the James Webb Space Telescope in Exoplanet Atmospheric Spectroscopy",
      "summary": "NASA's Pandora mission, launched in early 2026, serves as a critical calibrative instrument to mitigate stellar contamination issues affecting the James Webb Space Telescope's exoplanet atmospheric studies. Webb, with its unprecedented sensitivity, employs transit spectroscopy to detect molecular signatures such as water vapor, carbon dioxide, and methane in exoplanet atmospheres, aiming to identify potentially habitable Earth-like worlds. However, stellar variability—including photospheric spots, chromospheric flares, and intrinsic atmospheric molecules—introduces signal contamination that obscures planetary data, a problem recognized as severe by the astronomical community around 2017-2018. Pandora, a small satellite deployed into a polar Sun-synchronous orbit via a SpaceX Falcon 9 rocket, will conduct simultaneous stellar observations to characterize and correct for this interference. With a constrained budget of $20 million versus Webb's $10 billion, Pandora exemplifies a cost-effective approach to enhancing data fidelity. Scientists like Daniel Apai and Tom Barclay highlight that this mission reduces uncertainties in spectral analysis, ensuring more reliable assessments of biosignatures and advancing the search for extraterrestrial habitats. This collaboration underscores the integration of complementary technologies in modern astrophysics to address complex observational challenges.",
      "source": "Ars Science",
      "time_ago": "17 hours ago",
      "image_url": "/article_images/article_e9d22171df4ccb3c_663c117dbae0.webp",
      "category": "Science"
    },
    {
      "id": "b227530e00e0563d",
      "title": "Neuronal Biomarker Discovery for Predicting Alzheimer's Disease Progression",
      "summary": "A collaborative study between Brown University and Complutense University of Madrid has unveiled a novel brain-based biomarker capable of predicting the transition from mild cognitive impairment to Alzheimer's disease. The research involved 85 participants diagnosed with mild cognitive impairment, utilizing magnetoencephalography (MEG) to capture noninvasive recordings of resting-state brain activity. By employing the Spectral Events Toolbox—a computational framework developed at Brown for decomposing neural signals into discrete events—the team analyzed beta frequency oscillations, which are critically implicated in memory functions. Findings revealed that individuals who progressed to Alzheimer's within a 2.5-year timeframe exhibited beta events characterized by reduced rate, abbreviated duration, and diminished power relative to those with stable impairment. This biomarker offers a direct assessment of neuronal dynamics, contrasting with conventional biomarkers like beta amyloid and tau proteins that indicate pathological accumulation but not functional brain responses. The study, published in Imaging Neuroscience, underscores the potential for integrating electrophysiological markers into clinical practice to enhance early diagnosis and inform targeted therapeutic strategies in Alzheimer's disease management.",
      "source": "Science Daily",
      "time_ago": "22 hours ago",
      "image_url": "/article_images/article_b227530e00e0563d_637d5288ab5e.webp",
      "category": "Science"
    },
    {
      "id": "b9326bdc72047aa6",
      "title": "Revealing Roman Grandeur: The Discovery of Wales' Largest Villa and Its Implications for Heritage Studies",
      "summary": "Archaeologists have made a groundbreaking discovery in Wales, unearthing the largest Roman villa ever found in the region, situated beneath Margam Country Park. Utilizing advanced ground-penetrating radar technology, the team identified a 572-square-meter structure characterized by a corridor villa design with two wings, a veranda, and multiple rooms, indicative of a high-status residence likely occupied by a local dignitary. This find is particularly significant due to the site's pristine preservation, as the land has remained unploughed and undeveloped, offering an exceptional window into Roman civilian life in Wales, which is predominantly documented through military installations. Led by Dr. Alex Langlands of Swansea University's Centre for Heritage Research and Training, the project exemplifies interdisciplinary collaboration involving Neath Port Talbot council and Margam Abbey Church, and is embedded within a broader community archaeology initiative aimed at enhancing public engagement with heritage. The exclusive report to BBC News underscores the villa's potential to reshape historical narratives, providing unparalleled insights into agricultural estates and social hierarchies during the Roman period. This discovery not only advances academic knowledge but also highlights the efficacy of non-invasive methodologies and participatory approaches in contemporary archaeological practice.",
      "source": "BBC Science",
      "time_ago": "1 day ago",
      "image_url": "/article_images/article_b9326bdc72047aa6_d625c4946a9e.webp",
      "category": "Science"
    }
  ]
}