{
  "title": "PinkPantheress Breaks Barriers as First Female Brit Award Producer Winner",
  "summary": "PinkPantheress, a 24-year-old pop musician, has made history by winning the Brit Award for producer of the year, becoming the first woman to receive this honor since the award's inception in 1977. In an interview with BBC News, she expressed mixed feelings, calling it 'bittersweet' due to the lack of previous female winners, with only Kate Bush nominated in 1989. PinkPantheress is also the youngest recipient, achieving this just five years after gaining fame by posting lo-fi tracks like 'Break it Off' and 'Pain' on TikTok, which were created in her university room using UK garage and drum and bass influences. Her self-taught production style, characterized by skittering breakbeats and melodies, was developed through YouTube tutorials and inspiration from artists like Nia Archives. Starting with limited resources, she even used a karaoke game microphone. Since her breakthrough, she has amassed over one billion streams, with hits such as 'Boy's a Liar, Pt. 2' and a top 10 album 'Fancy That' nominated for the Mercury Prize. This award highlights her rapid rise and the ongoing gender disparities in music production.",
  "keywords": [
    {
      "term": "Brit Award",
      "explanation": "a prestigious UK music award recognizing achievements in the industry"
    },
    {
      "term": "producer of the year",
      "explanation": "an award category honoring the best music producer based on creative and technical skills"
    },
    {
      "term": "gender disparities",
      "explanation": "differences in opportunities or recognition between men and women in a field"
    },
    {
      "term": "lo-fi tracks",
      "explanation": "music recordings with a raw, DIY quality often made with simple equipment"
    },
    {
      "term": "self-taught",
      "explanation": "learning a skill independently without formal education or training"
    }
  ],
  "questions": [
    {
      "question": "What is significant about PinkPantheress winning the Brit Award for producer of the year?",
      "options": [
        "She is the first woman to win since 1977",
        "She is the oldest winner",
        "She won multiple awards",
        "She was nominated before"
      ],
      "correct_answer": "She is the first woman to win since 1977"
    },
    {
      "question": "How did PinkPantheress describe her feelings about the award?",
      "options": [
        "Bittersweet",
        "Excited only",
        "Disappointed",
        "Indifferent"
      ],
      "correct_answer": "Bittersweet"
    },
    {
      "question": "What platform helped PinkPantheress gain initial fame?",
      "options": [
        "TikTok",
        "YouTube",
        "Instagram",
        "Spotify"
      ],
      "correct_answer": "TikTok"
    },
    {
      "question": "What music genres influenced her early tracks?",
      "options": [
        "UK garage and drum and bass",
        "Pop and rock",
        "Classical and jazz",
        "Hip-hop and R&B"
      ],
      "correct_answer": "UK garage and drum and bass"
    },
    {
      "question": "How did PinkPantheress learn production skills?",
      "options": [
        "By watching YouTube tutorials",
        "Attending music school",
        "Working with a mentor",
        "Reading manuals"
      ],
      "correct_answer": "By watching YouTube tutorials"
    },
    {
      "question": "What resource did she use as a microphone when starting out?",
      "options": [
        "A karaoke game mic",
        "A studio microphone",
        "Her smartphone",
        "A borrowed mic"
      ],
      "correct_answer": "A karaoke game mic"
    },
    {
      "question": "What achievement did PinkPantheress reach with her streams?",
      "options": [
        "Over one billion streams",
        "A million streams",
        "Top streaming award",
        "No specific count"
      ],
      "correct_answer": "Over one billion streams"
    },
    {
      "question": "What was nominated for the Mercury Prize?",
      "options": [
        "Her album 'Fancy That'",
        "Her song 'Boy's a Liar'",
        "Her TikTok videos",
        "Her producer award"
      ],
      "correct_answer": "Her album 'Fancy That'"
    }
  ],
  "background_read": [
    "The Brit Awards are annual music awards in the United Kingdom, established to celebrate British and international music talent. The producer of the year award, started in 1977, has historically been dominated by male winners, reflecting broader gender imbalances in the music industry. PinkPantheress's win comes amid increasing discussions about diversity and representation. Her journey from posting on TikTok to winning major awards illustrates the impact of digital platforms on modern music careers. Understanding this context helps appreciate the significance of her achievement as a young, self-taught female producer breaking into a male-dominated field."
  ],
  "Article_Structure": [
    "This article analyzes PinkPantheress's historic Brit Award win for producer of the year. Main Points: She is the first female winner since 1977, highlighting gender disparities, and her self-taught rise via TikTok and YouTube showcases modern music production paths. Purpose: To report on her achievement and critique the lack of female representation in production awards. Evidence Evaluation: Relies on direct quotes from PinkPantheress and factual data like award history and streaming numbers, making it credible but limited to BBC sources. Author Credibility: BBC Entertainment is a reputable news outlet, though the article lacks author details. Methodology: Based on an interview and historical research, providing a narrative of her career and award context."
  ],
  "perspectives": [
    {
      "perspective": "Feminist",
      "description": "The award win underscores ongoing gender inequalities in music production, with PinkPantheress as a symbol of progress and the need for more inclusive recognition."
    }
  ],
  "image_url": "/article_images/article_a2d8c6304d37a7fd_b5e812d493e3.webp"
}