{
  "title": "BBC Faces Criticism Over Racial Slur Broadcast at Baftas",
  "summary": "During the Bafta Film Awards broadcast, a racial slur was shouted by John Davidson, a campaigner with Tourette's syndrome, which involves involuntary verbal tics. This occurred while black actors Michael B Jordan and Delroy Lindo were on stage, sparking widespread concern. Culture Secretary Lisa Nandy condemned the incident as completely unacceptable and harmful, speaking with BBC director general Tim Davie to demand swift action. The BBC acknowledged it as a serious mistake and initiated a fast-tracked investigation through its Executive Complaints Unit. Nandy emphasized the need for inclusive award ceremonies that accommodate individuals with Tourette's, while also addressing previous similar incidents, such as antisemitic remarks at Glastonbury. The Commons culture committee, led by Dame Caroline Dinenage, questioned why the slur wasn't edited out and whether lessons from past scandals were applied. The government expressed dissatisfaction with the BBC's initial response, calling for improved systems to prevent future occurrences.",
  "keywords": [
    {
      "term": "racial slur",
      "explanation": "A derogatory term targeting a racial group, causing offense and harm"
    },
    {
      "term": "Tourette's syndrome",
      "explanation": "A neurological disorder characterized by involuntary movements and vocalizations, including tics"
    },
    {
      "term": "Executive Complaints Unit",
      "explanation": "A BBC department that investigates complaints about editorial standards"
    },
    {
      "term": "inclusive",
      "explanation": "Ensuring environments are welcoming and accessible to all people, including those with disabilities"
    },
    {
      "term": "Commons culture committee",
      "explanation": "A parliamentary group that oversees cultural and media issues in the UK"
    },
    {
      "term": "editorial guidelines",
      "explanation": "Rules set by media organizations to maintain standards in broadcasting content"
    },
    {
      "term": "fast-tracked investigation",
      "explanation": "An accelerated process to quickly address and resolve complaints or incidents"
    },
    {
      "term": "duty of care",
      "explanation": "The responsibility to protect the well-being of individuals involved in events or broadcasts"
    }
  ],
  "questions": [
    {
      "question": "What incident occurred during the Bafta Film Awards broadcast?",
      "options": [
        "A racial slur was shouted",
        "A technical glitch happened",
        "A fire broke out",
        "A prize was stolen"
      ],
      "correct_answer": "A racial slur was shouted"
    },
    {
      "question": "Who is John Davidson?",
      "options": [
        "A Tourette's campaigner who shouted the slur",
        "An actor on stage",
        "The BBC director general",
        "A government minister"
      ],
      "correct_answer": "A Tourette's campaigner who shouted the slur"
    },
    {
      "question": "What did Lisa Nandy do in response to the incident?",
      "options": [
        "Spoke to the BBC director general and demanded action",
        "Ignored the issue",
        "Praised the BBC",
        "Resigned from her position"
      ],
      "correct_answer": "Spoke to the BBC director general and demanded action"
    },
    {
      "question": "How did the BBC describe the incident?",
      "options": [
        "As a serious mistake",
        "As a planned event",
        "As unimportant",
        "As a joke"
      ],
      "correct_answer": "As a serious mistake"
    },
    {
      "question": "What is the role of the Executive Complaints Unit?",
      "options": [
        "To investigate BBC editorial breaches",
        "To plan TV shows",
        "To award prizes",
        "To manage finances"
      ],
      "correct_answer": "To investigate BBC editorial breaches"
    },
    {
      "question": "Why was the Commons culture committee involved?",
      "options": [
        "To question why the slur wasn't edited and if lessons were learned",
        "To organize the awards",
        "To praise the BBC",
        "To cancel the show"
      ],
      "correct_answer": "To question why the slur wasn't edited and if lessons were learned"
    },
    {
      "question": "What previous incident was mentioned as similar?",
      "options": [
        "Antisemitic remarks at Glastonbury",
        "A sports event scandal",
        "A music award issue",
        "A weather report error"
      ],
      "correct_answer": "Antisemitic remarks at Glastonbury"
    },
    {
      "question": "What does Nandy want for award ceremonies?",
      "options": [
        "To be inclusive for people with Tourette's",
        "To be shorter",
        "To have more prizes",
        "To be online only"
      ],
      "correct_answer": "To be inclusive for people with Tourette's"
    }
  ],
  "background_read": [
    "The Bafta Film Awards are prestigious ceremonies honoring achievements in the film industry, broadcast live to audiences. Racial slurs are highly offensive terms that can perpetuate discrimination and cause emotional distress. Tourette's syndrome is a condition where individuals experience involuntary tics, including verbal outbursts, which they cannot control. The BBC, as a public broadcaster in the UK, adheres to editorial guidelines to ensure content is appropriate and respectful. Lisa Nandy, as Culture Secretary, oversees media and cultural policies, advocating for inclusivity and accountability. The Executive Complaints Unit handles grievances related to BBC output, ensuring compliance with standards. Previous incidents, like antisemitic remarks at Glastonbury, highlight ongoing challenges in live broadcasting and the need for robust editorial controls. The Commons culture committee monitors these issues to uphold public trust in media."
  ],
  "Article_Structure": [
    "Main Points: The article reports on a racial slur broadcast during the Bafta Film Awards by a person with Tourette's syndrome, leading to government criticism and a BBC investigation. Purpose: To inform about the incident, highlight responses from officials like Lisa Nandy and the Commons culture committee, and discuss broader issues of inclusivity and editorial oversight in live broadcasting. Evidence Evaluation: The article cites direct statements from Nandy, BBC spokespeople, and committee members, providing credible sources but lacks detailed evidence on the investigation's findings. Author Credibility: As a BBC news article, it likely follows journalistic standards, though the source is part of the organization involved, which may introduce bias. Methodology: Based on official statements and parliamentary discussions, with no independent verification mentioned."
  ],
  "perspectives": [
    {
      "perspective": "Government perspective",
      "description": "Lisa Nandy and the Commons culture committee emphasize accountability and the need for the BBC to prevent such incidents through better systems and inclusivity measures."
    }
  ],
  "image_url": "/article_images/article_4a679cadd273298a_d65cd3e617e2.webp"
}