{
  "title": "SpaceX's Plan for a Million Satellites to Fuel AI Growth",
  "summary": "SpaceX, led by Elon Musk, has submitted an application to launch up to one million satellites into Earth's orbit, aiming to create 'orbital data centers' that power artificial intelligence (AI). The company argues that this approach is more cost-effective and energy-efficient than traditional terrestrial data centers, which are large warehouses filled with computers. As AI usage expands, processing demands are surpassing ground-based capabilities, prompting this innovative solution. The satellites would be solar-powered and operate in low-Earth orbit, similar to the existing Starlink network of nearly 10,000 satellites that provides internet access. SpaceX claims this system could serve billions globally and represents a step toward a Kardashev II civilization, capable of harnessing the Sun's full energy. However, experts raise concerns about space congestion, increased risk of collisions, and interference with astronomical research due to radio waves from satellites. Musk disputes these issues, emphasizing the vastness of space. The application was filed with the US Federal Communications Commission, though no timeline is specified.",
  "keywords": [
    {
      "term": "orbital data centers",
      "explanation": "satellite-based facilities that process and store data in space"
    },
    {
      "term": "terrestrial capabilities",
      "explanation": "the limits of ground-based technology and infrastructure"
    },
    {
      "term": "low-Earth orbit",
      "explanation": "the region of space close to Earth, between 500-2,000 km altitude"
    },
    {
      "term": "Kardashev II civilization",
      "explanation": "a theoretical advanced society that uses all energy from its star"
    },
    {
      "term": "space congestion",
      "explanation": "overcrowding in orbit that can lead to collisions and debris"
    },
    {
      "term": "radio wave interference",
      "explanation": "signals from satellites that disrupt scientific observations"
    },
    {
      "term": "solar-powered",
      "explanation": "operated using energy collected from sunlight"
    },
    {
      "term": "Federal Communications Commission",
      "explanation": "a US government agency that regulates communications"
    }
  ],
  "questions": [
    {
      "question": "What is the main purpose of SpaceX's proposed satellites?",
      "options": [
        "To power AI data centers",
        "To provide internet only",
        "To explore other planets",
        "To monitor weather"
      ],
      "correct_answer": "To power AI data centers"
    },
    {
      "question": "How does SpaceX claim orbital data centers compare to traditional ones?",
      "options": [
        "More cost and energy efficient",
        "Less efficient but cheaper",
        "Same efficiency but smaller",
        "More expensive but faster"
      ],
      "correct_answer": "More cost and energy efficient"
    },
    {
      "question": "What is the existing SpaceX satellite network called?",
      "options": [
        "Starlink",
        "SpaceNet",
        "OrbitLink",
        "GalaxyWeb"
      ],
      "correct_answer": "Starlink"
    },
    {
      "question": "What theoretical concept does SpaceX reference in its application?",
      "options": [
        "Kardashev II civilization",
        "Black hole energy",
        "Quantum computing",
        "Interstellar travel"
      ],
      "correct_answer": "Kardashev II civilization"
    },
    {
      "question": "What are experts concerned about regarding the new satellites?",
      "options": [
        "Space congestion and collisions",
        "Too much solar power",
        "Lack of internet access",
        "High costs for users"
      ],
      "correct_answer": "Space congestion and collisions"
    },
    {
      "question": "Which agency did SpaceX file the application with?",
      "options": [
        "US Federal Communications Commission",
        "NASA",
        "European Space Agency",
        "United Nations"
      ],
      "correct_answer": "US Federal Communications Commission"
    },
    {
      "question": "What altitude range will the satellites operate in?",
      "options": [
        "500-2,000 km",
        "100-500 km",
        "2,000-5,000 km",
        "Above 10,000 km"
      ],
      "correct_answer": "500-2,000 km"
    },
    {
      "question": "How does Musk respond to concerns about space congestion?",
      "options": [
        "He says space is vast and satellites will be far apart",
        "He agrees and plans to reduce numbers",
        "He ignores the concerns",
        "He blames other companies"
      ],
      "correct_answer": "He says space is vast and satellites will be far apart"
    }
  ],
  "background_read": [
    "Artificial intelligence (AI) involves computer systems that perform tasks requiring human-like intelligence, such as learning and decision-making, driving demand for massive computing power. Data centers are facilities housing servers and networking equipment to process and store digital information; traditional ones consume significant energy and water for cooling. SpaceX is a private aerospace company known for developing reusable rockets and satellite constellations like Starlink, which aims to provide global internet coverage. Low-Earth orbit is a crowded region used for satellites due to its proximity to Earth, but it raises issues like space debris and collision risks. The Kardashev scale, proposed by astronomer Nikolai Kardashev, classifies civilizations based on energy usage, with Type II harnessing a star's total output. Regulatory bodies like the FCC oversee communications to ensure safety and coordination in space activities."
  ],
  "Article_Structure": [
    "Main Points: SpaceX proposes launching one million satellites to create orbital data centers for AI, claiming efficiency over ground-based centers. Purpose: To address growing AI processing demands and advance toward energy-harnessing civilizations. Evidence Evaluation: Based on SpaceX's application and claims, but lacks independent verification; expert concerns highlight risks like congestion and interference. Author Credibility: BBC Science provides reliable reporting, but the article cites Musk and experts without deep technical analysis. Methodology: Summarizes application details and expert opinions from public sources, offering a balanced view of promises and challenges."
  ],
  "perspectives": [
    {
      "perspective": "Pro-innovation view",
      "description": "Supports SpaceX's plan as a forward-thinking solution to AI energy needs and space exploration."
    },
    {
      "perspective": "Environmental and safety view",
      "description": "Emphasizes risks such as space debris, collision hazards, and impacts on scientific research."
    }
  ],
  "image_url": "/article_images/article_a3a3772ed48370f6_a7a11f1c18f3.webp"
}