{
  "title": "Molecular and Structural Cardiac Remodeling in Type 2 Diabetes: Insights from Human Tissue Analysis",
  "summary": "A groundbreaking study by researchers at the University of Sydney, published in EMBO Molecular Medicine, demonstrates that type 2 diabetes induces significant molecular and structural alterations in the human heart, elucidating mechanisms behind the elevated risk of heart failure in diabetic populations. Led by Dr. Benjamin Hunter and Associate Professor Sean Lal, the investigation utilized donated heart tissue from transplant recipients with concurrent diabetes and ischemia cardiomyopathy, compared to healthy controls, to identify unique molecular profiles. Findings indicate that diabetes exacerbates heart failure by impairing insulin sensitivity in glucose transporters, disrupting mitochondrial function—the cellular energy producers—and promoting fibrosis, or pathological fibrous tissue deposition in cardiac muscle. Advanced microscopy techniques revealed these direct physical changes, underscoring that diabetes is not merely a comorbidity but an active driver of cardiac deterioration. The research provides novel insights into the metabolic and structural interplay between diabetes and heart disease, with implications for developing targeted therapeutic strategies. In Australia, where heart disease is the leading cause of death and over 1.2 million individuals have type 2 diabetes, this study addresses critical gaps in human cardiac biology, moving beyond animal models to offer a more accurate understanding of disease progression.",
  "keywords": [
    {
      "term": "cardiac remodeling",
      "explanation": "structural and functional changes in the heart due to disease, such as fibrosis and altered energy metabolism"
    },
    {
      "term": "insulin resistance",
      "explanation": "a condition where cells fail to respond normally to insulin, impairing glucose uptake and contributing to metabolic dysfunction"
    },
    {
      "term": "mitochondrial dysfunction",
      "explanation": "impaired function of mitochondria, leading to reduced energy production and increased cellular stress"
    },
    {
      "term": "pathological fibrosis",
      "explanation": "abnormal accumulation of fibrous tissue in organs like the heart, resulting in stiffness and compromised function"
    },
    {
      "term": "ischemia cardiomyopathy",
      "explanation": "a form of heart disease characterized by reduced blood supply to the heart muscle, causing damage and increasing failure risk"
    },
    {
      "term": "molecular profiling",
      "explanation": "the analysis of molecular characteristics in tissues to identify disease-specific patterns and mechanisms"
    },
    {
      "term": "therapeutic strategies",
      "explanation": "approaches to treatment based on understanding disease mechanisms, aiming to mitigate or reverse pathological changes"
    },
    {
      "term": "comorbidity",
      "explanation": "the presence of one or more additional diseases co-occurring with a primary condition, often exacerbating outcomes"
    },
    {
      "term": "advanced microscopy",
      "explanation": "sophisticated imaging techniques that allow detailed visualization of cellular and subcellular structures in biological samples"
    },
    {
      "term": "energy metabolism",
      "explanation": "the biochemical processes by which cells generate and utilize energy, crucial for organ function like heart contraction"
    }
  ],
  "questions": [
    {
      "question": "What unique aspect of this study distinguishes it from previous research on diabetes and heart disease?",
      "options": [
        "It jointly examines diabetes and ischemia heart disease in human tissue",
        "It uses only animal models",
        "It focuses solely on blood tests",
        "It ignores molecular changes"
      ],
      "correct_answer": "It jointly examines diabetes and ischemia heart disease in human tissue"
    },
    {
      "question": "How does diabetes affect glucose transporters in heart muscle cells?",
      "options": [
        "Reduces their insulin sensitivity",
        "Increases their number",
        "Destroys them completely",
        "Has no effect"
      ],
      "correct_answer": "Reduces their insulin sensitivity"
    },
    {
      "question": "What role do mitochondria play in the context of diabetes-induced heart changes?",
      "options": [
        "They experience increased stress and dysfunction",
        "They become more efficient",
        "They stop working entirely",
        "They multiply rapidly"
      ],
      "correct_answer": "They experience increased stress and dysfunction"
    },
    {
      "question": "What is the significance of observing fibrosis in diabetic heart tissue?",
      "options": [
        "It indicates structural damage that impairs heart function",
        "It shows the heart is healing",
        "It means the heart is getting stronger",
        "It is a normal aging process"
      ],
      "correct_answer": "It indicates structural damage that impairs heart function"
    },
    {
      "question": "Which condition is highlighted as making diabetic effects on the heart more severe?",
      "options": [
        "Ischemia cardiomyopathy",
        "Hypertension",
        "Asthma",
        "Diabetes alone"
      ],
      "correct_answer": "Ischemia cardiomyopathy"
    },
    {
      "question": "What methodology was primarily used to gather data in this study?",
      "options": [
        "Analysis of donated human heart tissue",
        "Surveys of patients",
        "Computer simulations",
        "Blood pressure monitoring"
      ],
      "correct_answer": "Analysis of donated human heart tissue"
    },
    {
      "question": "How does this research contribute to the understanding of diabetes as a comorbidity?",
      "options": [
        "It shows diabetes actively worsens heart failure, not just coexists",
        "It proves diabetes has no effect on the heart",
        "It suggests diabetes protects the heart",
        "It indicates diabetes is unrelated to heart disease"
      ],
      "correct_answer": "It shows diabetes actively worsens heart failure, not just just coexists"
    },
    {
      "question": "What are the potential implications of this study for global health?",
      "options": [
        "Development of new treatments for diabetic heart disease",
        "Elimination of diabetes worldwide",
        "Reduction in all heart diseases immediately",
        "Increased use of animal models"
      ],
      "correct_answer": "Development of new treatments for diabetic heart disease"
    },
    {
      "question": "What does the study suggest about the use of animal models in cardiac research?",
      "options": [
        "Human tissue analysis provides more accurate insights",
        "Animal models are sufficient alone",
        "Animal models are obsolete",
        "Human tissue is irrelevant"
      ],
      "correct_answer": "Human tissue analysis provides more accurate insights"
    },
    {
      "question": "How does the article contextualize the importance of this research in Australia?",
      "options": [
        "By noting heart disease is the leading cause of death and diabetes prevalence is high",
        "By stating Australia has no heart disease issues",
        "By ignoring local statistics",
        "By focusing only on global data"
      ],
      "correct_answer": "By noting heart disease is the leading cause of death and diabetes prevalence is high"
    }
  ],
  "background_read": [
    "Type 2 diabetes is a complex metabolic disorder involving insulin resistance, where the body's cells become less responsive to insulin, leading to hyperglycemia and systemic complications. It is a major risk factor for cardiovascular diseases, particularly heart failure, which involves the heart's inability to pump adequately due to structural and functional impairments. Ischemia cardiomyopathy, resulting from coronary artery disease, reduces blood flow and oxygen to the heart muscle, exacerbating failure. Molecular mechanisms include altered energy metabolism, with mitochondria playing a key role in ATP production; dysfunction here can lead to cellular stress. Fibrosis, driven by extracellular matrix deposition, contributes to myocardial stiffness and diastolic dysfunction. Research methodologies like advanced microscopy and molecular profiling enable detailed examination of human tissues, offering insights beyond animal models. This study's findings on diabetes-induced cardiac remodeling highlight the need for integrative approaches in cardiometabolic research to develop targeted interventions."
  ],
  "Article_Structure": [
    "Main Points: The study identifies that type 2 diabetes causes specific molecular alterations, such as reduced insulin sensitivity in glucose transporters and mitochondrial stress, leading to structural changes like fibrosis in heart muscle, particularly worsening ischemia cardiomyopathy and heart failure. Purpose: To elucidate the direct mechanistic links between diabetes and cardiac pathology in humans, providing a foundation for novel therapeutic strategies to address the high morbidity and mortality associated with diabetic heart disease. Evidence Evaluation: The evidence is robust, derived from comparative analysis of human heart tissue using advanced techniques, though limited by sample size and reliance on post-transplant tissues, which may not represent early disease stages. Author Credibility: The authors are established researchers from the University of Sydney with expertise in medical sciences, and the publication in EMBO Molecular Medicine adds credibility through peer review. Methodology: The methodology involved examining donated heart tissue from transplant patients and healthy donors, employing molecular profiling and microscopy to assess changes, offering a direct human-centric approach but with potential biases from donor selection. Critical Assessment: Strengths include the use of human tissue for direct relevance and advanced analytical methods; limitations involve the cross-sectional design, which precludes causal inferences, and the focus on advanced disease, potentially missing earlier pathological events."
  ],
  "perspectives": [
    {
      "perspective": "Biomedical research perspective",
      "description": "This study advances understanding of diabetes as an active modulator of cardiac biology, emphasizing the importance of human tissue studies to translate findings into clinical applications for heart failure prevention and treatment."
    }
  ],
  "image_url": "/article_images/article_9d8649c30112d512_e5d6fa2b57eb.webp"
}