{
  "title": "Media Merger: Daily Mail Publisher Acquires Telegraph",
  "summary": "The Daily Mail and General Trust (DMGT) has agreed to purchase the Daily and Sunday Telegraph for £500 million, marking a significant shift in the UK media landscape. This deal follows the collapse of a previous bid by RedBird IMI, a joint venture between the UAE and US private equity firm RedBird Capital Partners. The acquisition requires approval from Culture Secretary Lisa Nandy, who will review it under public interest and foreign state influence regulations to ensure media plurality. The Telegraph has faced uncertainty for over two years after RedBird IMI paid off its debts, aiming for ownership. DMGT's chairman, Lord Rothermere, expressed admiration for the Telegraph and plans to maintain its editorial independence while investing in its growth as a global brand. The purchase integrates the Telegraph into DMGT's portfolio, which includes titles like the i Paper and Metro, with assurances of no foreign state involvement in funding.",
  "keywords": [
    {
      "term": "acquisition",
      "explanation": "the process of one company buying another to expand its business"
    },
    {
      "term": "media plurality",
      "explanation": "having a variety of media owners to ensure diverse opinions and prevent monopoly"
    },
    {
      "term": "private equity",
      "explanation": "investment firms that buy companies to improve and sell them for profit"
    },
    {
      "term": "editorial independence",
      "explanation": "when a newspaper makes its own decisions without interference from owners"
    },
    {
      "term": "government review",
      "explanation": "official assessment by authorities to check if a deal meets legal and public standards"
    },
    {
      "term": "joint venture",
      "explanation": "a business arrangement where two or more parties collaborate on a project"
    },
    {
      "term": "broadband",
      "explanation": "a type of high-speed internet connection"
    },
    {
      "term": "regulatory compliance",
      "explanation": "following laws and rules set by government agencies"
    }
  ],
  "questions": [
    {
      "question": "What is the primary reason the government is reviewing this deal?",
      "options": [
        "To increase taxes",
        "To ensure public interest and media plurality",
        "To change newspaper names",
        "To reduce media competition"
      ],
      "correct_answer": "To ensure public interest and media plurality"
    },
    {
      "question": "Which entity previously attempted to buy the Telegraph?",
      "options": [
        "RedBird IMI",
        "DMGT",
        "Barclay family",
        "BBC"
      ],
      "correct_answer": "RedBird IMI"
    },
    {
      "question": "How does DMGT plan to handle the Telegraph's editorial content?",
      "options": [
        "Merge it with Daily Mail",
        "Keep it independent",
        "Shut it down",
        "Sell it overseas"
      ],
      "correct_answer": "Keep it independent"
    },
    {
      "question": "What role does Culture Secretary Lisa Nandy play in this deal?",
      "options": [
        "Signing the cheque",
        "Reviewing for approval",
        "Editing articles",
        "Investing money"
      ],
      "correct_answer": "Reviewing for approval"
    },
    {
      "question": "Why has the Telegraph been in limbo for over two years?",
      "options": [
        "Due to high profits",
        "Because of debt repayment by RedBird IMI",
        "Lack of readers",
        "Government shutdown"
      ],
      "correct_answer": "Because of debt repayment by RedBird IMI"
    },
    {
      "question": "What is DMGT's portfolio besides the Daily Mail?",
      "options": [
        "i Paper, Metro, New Scientist",
        "BBC, ITV, Sky",
        "Telegraph only",
        "No other media"
      ],
      "correct_answer": "i Paper, Metro, New Scientist"
    },
    {
      "question": "What assurance did DMGT give regarding foreign influence?",
      "options": [
        "No foreign state investment",
        "Full foreign control",
        "Partnership with China",
        "Ignoring regulations"
      ],
      "correct_answer": "No foreign state investment"
    },
    {
      "question": "Who is Chris Evans in the context of this article?",
      "options": [
        "Editor of the Telegraph",
        "Culture Secretary",
        "DMGT chairman",
        "RedBird CEO"
      ],
      "correct_answer": "Editor of the Telegraph"
    }
  ],
  "background_read": [
    "In the UK, media mergers are closely monitored to prevent any single entity from dominating news outlets, which could limit diverse viewpoints. The Telegraph, a historic broadsheet, has been owned by the Barclay family but faced financial struggles, leading to RedBird IMI's involvement. Private equity firms like RedBird Capital often invest in companies to restructure and profit, but government interventions ensure deals align with national interests. DMGT, a major media conglomerate, expanding its holdings could impact competition, highlighting the balance between business growth and regulatory oversight in the media industry."
  ],
  "Article_Structure": [
    "This article outlines the acquisition of the Daily Telegraph by DMGT for £500m, emphasizing key points like the deal's value, government approval needs, and historical context of the Telegraph's uncertainty. The purpose is to inform about corporate changes in media and regulatory scrutiny. Evidence comes from direct quotes and company statements, but lacks independent verification, relying on authoritative sources like the BBC. Author credibility is assumed through the BBC's reputation, though potential biases in reporting business deals are unaddressed. Methodology involves summarizing public announcements and official comments, providing a factual yet surface-level account without deep investigative elements."
  ],
  "perspectives": [
    {
      "perspective": "Regulatory perspective",
      "description": "Focuses on ensuring the deal does not harm media diversity and complies with laws"
    },
    {
      "perspective": "Business perspective",
      "description": "Views the acquisition as a strategic move to expand market share and brand value"
    },
    {
      "perspective": "Public interest perspective",
      "description": "Concerned with how the merger affects news quality and public access to diverse opinions"
    }
  ],
  "image_url": "/article_images/article_850128e8cb325c20_e9a402179dfa.webp"
}