{
  "title": "Jesy Nelson's Advocacy for Under-16 Social Media Ban: A Case Study in Celebrity Influence and Youth Protection",
  "summary": "Jesy Nelson, formerly of the pop ensemble Little Mix, articulates a compelling argument for prohibiting social media access for individuals under 16 in the United Kingdom, drawing from her protracted exposure to online vitriol since her 2011 debut on The X Factor. In the documentary Life After Little Mix, she characterizes social media as the 'downfall' of her mental health, underscoring its pernicious effects through personal anecdote. Nelson's maternal role to twins Ocean and Story, who faced serious health issues including Twin-to-Twin Transfusion Syndrome and Spinal Muscular Atrophy Type 1, informs her protective stance, as she seeks to shield future generations from analogous digital harms. Her endorsement coincides with a governmental consultation on youth well-being, reflecting escalating societal apprehensions regarding cyberbullying and adolescent psychological welfare. Nelson's narrative intertwines celebrity influence with policy discourse, emphasizing the tension between digital inclusion and safety, while her documentary serves as a medium for memorializing familial experiences and advocating for systemic change.",
  "keywords": [
    {
      "term": "online vitriol",
      "explanation": "extremely bitter and abusive language directed at individuals on digital platforms"
    },
    {
      "term": "cyberbullying",
      "explanation": "the use of electronic communication to bully a person, typically by sending intimidating or threatening messages"
    },
    {
      "term": "adolescent psychological welfare",
      "explanation": "the mental and emotional health of teenagers, often impacted by social and digital environments"
    },
    {
      "term": "governmental consultation",
      "explanation": "a formal process where authorities solicit feedback from stakeholders to inform policy development"
    },
    {
      "term": "systemic change",
      "explanation": "transformative adjustments to societal structures or policies to address root causes of issues"
    }
  ],
  "questions": [
    {
      "question": "What catalyzed Jesy Nelson's advocacy against social media for youth?",
      "options": [
        "Her academic research",
        "Her prolonged experience with online trolling",
        "Her role in Little Mix",
        "Her twins' medical diagnosis"
      ],
      "correct_answer": "Her prolonged experience with online trolling"
    },
    {
      "question": "How does Nelson's documentary contribute to her argument?",
      "options": [
        "By providing statistical data",
        "By offering a personal narrative on mental health and motherhood",
        "By criticizing government policies",
        "By promoting her music career"
      ],
      "correct_answer": "By offering a personal narrative on mental health and motherhood"
    },
    {
      "question": "What broader societal issue does the UK government consultation address?",
      "options": [
        "Economic inequality",
        "Youth well-being in the digital age",
        "Healthcare access",
        "Educational reforms"
      ],
      "correct_answer": "Youth well-being in the digital age"
    },
    {
      "question": "What medical conditions did Nelson's twins experience?",
      "options": [
        "Asthma and diabetes",
        "Twin-to-Twin Transfusion Syndrome and Spinal Muscular Atrophy",
        "Autism and ADHD",
        "Heart disease and cancer"
      ],
      "correct_answer": "Twin-to-Twin Transfusion Syndrome and Spinal Muscular Atrophy"
    },
    {
      "question": "How does Nelson balance the risk of social exclusion with online safety?",
      "options": [
        "By ignoring it",
        "By acknowledging it as a potential consequence of bans",
        "By advocating for unlimited access",
        "By focusing solely on health issues"
      ],
      "correct_answer": "By acknowledging it as a potential consequence of bans"
    },
    {
      "question": "What methodological approach does the article use to present Nelson's views?",
      "options": [
        "Quantitative analysis",
        "Interview-based narrative and documentary excerpts",
        "Historical comparison",
        "Experimental study"
      ],
      "correct_answer": "Interview-based narrative and documentary excerpts"
    },
    {
      "question": "How does Nelson's celebrity status affect her credibility in this debate?",
      "options": [
        "It undermines it due to bias",
        "It enhances it through public platform and lived experience",
        "It has no impact",
        "It limits it to entertainment contexts"
      ],
      "correct_answer": "It enhances it through public platform and lived experience"
    },
    {
      "question": "What critical limitation might exist in Nelson's argument?",
      "options": [
        "Lack of personal experience",
        "Overreliance on anecdotal evidence without broader data",
        "Insufficient government support",
        "Focus on adult issues only"
      ],
      "correct_answer": "Overreliance on anecdotal evidence without broader data"
    },
    {
      "question": "How does the article evaluate the evidence presented?",
      "options": [
        "As purely statistical",
        "As credible but anecdotal, based on Nelson's testimony",
        "As irrelevant to policy",
        "As scientifically rigorous"
      ],
      "correct_answer": "As credible but anecdotal, based on Nelson's testimony"
    },
    {
      "question": "What is the overarching purpose of Nelson's advocacy as depicted?",
      "options": [
        "To boost her documentary's ratings",
        "To instigate systemic protections for youth mental health",
        "To criticize social media companies",
        "To share her motherhood journey only"
      ],
      "correct_answer": "To instigate systemic protections for youth mental health"
    }
  ],
  "background_read": [
    "Jesy Nelson's career trajectory from The X Factor contestant to Little Mix member has been marred by pervasive online harassment, a phenomenon increasingly scrutinized in academic and policy circles for its detrimental effects on mental health. The UK's ongoing consultation on youth well-being reflects a growing recognition of digital platforms' role in adolescent development, with research indicating correlations between social media use and issues like anxiety and depression. Nelson's documentary, Life After Little Mix, provides a visceral account of her personal struggles and maternal challenges, including rare medical conditions in her twins, which contextualizes her advocacy within broader debates on child protection and digital ethics. This background situates her views within a framework of celebrity activism, where personal narratives intersect with public policy, highlighting the complexities of balancing freedom, safety, and inclusion in the digital age."
  ],
  "Article_Structure": [
    "Main Points: Jesy Nelson advocates for a UK ban on social media for under-16s, citing her mental health decline due to online trolling and her maternal desire to protect children from similar harms. Purpose: To explore how celebrity narratives can influence policy discussions on youth digital safety, using Nelson's story as a case study. Evidence Evaluation: Relies on Nelson's personal testimony and documentary footage, which are compelling but anecdotal; references a government consultation add institutional context. Author Credibility: The BBC provides journalistic rigor, while Nelson's expertise stems from lived experience, though potential biases exist as a public figure. Methodology: Utilizes interviews and documentary analysis to construct a narrative-driven argument. Critical Assessment: Strengths include emotional resonance and timely relevance; limitations involve lack of empirical data and potential oversimplification of complex social dynamics."
  ],
  "perspectives": [
    {
      "perspective": "Policy influencer",
      "description": "Nelson leverages her celebrity to shape public discourse and potential regulations on youth digital access."
    }
  ],
  "image_url": "/article_images/article_bebc84b15fbdb766_f50479f23881.webp"
}