{
  "title": "Advancements in Cosmic Ray Source Identification",
  "summary": "Recent astrophysical research from Michigan State University addresses the enduring enigma of galactic cosmic ray origins, a puzzle since their 1912 discovery. Cosmic rays, comprising high-energy particles traveling at relativistic speeds, emanate from both the Milky Way and extragalactic sources, yet their precise progenitors have eluded identification. Assistant Professor Shuo Zhang and her team employed advanced methodologies, including X-ray observations from the XMM-Newton and Swift telescopes, to investigate PeVatron candidates—natural accelerators such as black holes, star-forming regions, and supernova remnants. In one study, postdoctoral researcher Stephen DiKerby utilized XMM-Newton data to classify a high-energy source detected by LHAASO as a pulsar wind nebula, a confirmed cosmic ray emitter. Concurrently, undergraduate researchers analyzed additional LHAASO sources using Swift, establishing upper limits for X-ray emissions to guide future inquiries. The research aims to develop a comprehensive catalog of cosmic ray sources, integrating neutrino data from IceCube with gamma-ray and X-ray observations to elucidate acceleration mechanisms and neutrino production variances. Supported by NASA and NSF grants, this interdisciplinary effort not only seeks to resolve specific cosmic ray mysteries but also contributes to broader astrophysical understanding, including galaxy formation dynamics and the properties of dark matter, by leveraging collaborative approaches between particle physics and astronomy.",
  "keywords": [
    {
      "term": "cosmic rays",
      "explanation": "high-energy charged particles originating from astrophysical sources, capable of traveling at near-light speeds"
    },
    {
      "term": "PeVatrons",
      "explanation": "astrophysical sources that accelerate particles to petaelectronvolt energies, often associated with extreme environments"
    },
    {
      "term": "neutrinos",
      "explanation": "elementary particles with negligible mass, interacting weakly with matter, and produced in high-energy processes"
    },
    {
      "term": "pulsar wind nebula",
      "explanation": "a structure formed by relativistic winds from a pulsar, emitting synchrotron radiation and accelerating particles"
    },
    {
      "term": "LHAASO",
      "explanation": "the Large High Altitude Air Shower Observatory, designed to detect cosmic rays and gamma rays through air shower observations"
    },
    {
      "term": "XMM-Newton",
      "explanation": "an X-ray space observatory used for high-resolution spectroscopy and imaging of cosmic X-ray sources"
    },
    {
      "term": "IceCube Neutrino Observatory",
      "explanation": "a detector at the South Pole designed to observe neutrinos from astrophysical sources"
    },
    {
      "term": "galaxy formation",
      "explanation": "the theoretical and observational study of how galaxies assemble and evolve over cosmic time"
    },
    {
      "term": "dark matter",
      "explanation": "a form of matter inferred from gravitational effects that does not interact with electromagnetic radiation"
    },
    {
      "term": "methodology",
      "explanation": "the systematic approach involving observational data collection, analysis, and theoretical modeling in scientific research"
    }
  ],
  "questions": [
    {
      "question": "What specific type of source did Stephen DiKerby identify using XMM-Newton?",
      "options": [
        "Pulsar wind nebula",
        "Black hole",
        "Supernova remnant",
        "Star cluster"
      ],
      "correct_answer": "Pulsar wind nebula"
    },
    {
      "question": "How does the research integrate different observational data?",
      "options": [
        "By combining neutrino, X-ray, and gamma-ray data",
        "By using only X-ray data",
        "By focusing solely on visual light",
        "By ignoring neutrino observations"
      ],
      "correct_answer": "By combining neutrino, X-ray, and gamma-ray data"
    },
    {
      "question": "What is the significance of classifying PeVatrons?",
      "options": [
        "It helps create a catalog for future studies",
        "It proves all cosmic rays come from one source",
        "It eliminates the need for telescopes",
        "It focuses only on Earth-based effects"
      ],
      "correct_answer": "It helps create a catalog for future studies"
    },
    {
      "question": "Why are neutrinos relevant to cosmic ray studies?",
      "options": [
        "They are produced in the same high-energy processes",
        "They block cosmic rays from reaching Earth",
        "They are a type of cosmic ray",
        "They have no connection to cosmic rays"
      ],
      "correct_answer": "They are produced in the same high-energy processes"
    },
    {
      "question": "What role do undergraduate students play in the research?",
      "options": [
        "They analyze X-ray signals from cosmic ray sources",
        "They lead the theoretical modeling",
        "They build the telescopes",
        "They fund the projects"
      ],
      "correct_answer": "They analyze X-ray signals from cosmic ray sources"
    },
    {
      "question": "How does the methodology address evidence quality?",
      "options": [
        "Through cross-validation with multiple telescopes",
        "By relying on single observations",
        "By ignoring peer review",
        "By using only simulations"
      ],
      "correct_answer": "Through cross-validation with multiple telescopes"
    },
    {
      "question": "What broader implications does this research have?",
      "options": [
        "Insights into galaxy formation and dark matter",
        "Development of new energy sources",
        "Improvements in medical imaging",
        "Advances in computer technology"
      ],
      "correct_answer": "Insights into galaxy formation and dark matter"
    },
    {
      "question": "What funding sources support this work?",
      "options": [
        "NASA and NSF grants",
        "Private corporations only",
        "Crowdfunding campaigns",
        "University tuition fees"
      ],
      "correct_answer": "NASA and NSF grants"
    },
    {
      "question": "How does author credibility influence the research?",
      "options": [
        "It adds legitimacy through academic affiliation",
        "It guarantees all findings are correct",
        "It limits the scope of study",
        "It focuses only on student work"
      ],
      "correct_answer": "It adds legitimacy through academic affiliation"
    },
    {
      "question": "What is a key limitation mentioned in the research?",
      "options": [
        "Some sources remain unclassified",
        "All sources have been identified",
        "Telescopes are not used",
        "Neutrinos are not detectable"
      ],
      "correct_answer": "Some sources remain unclassified"
    }
  ],
  "background_read": [
    "Cosmic rays, discovered in 1912 by Victor Hess, are high-energy particles primarily composed of protons and atomic nuclei, originating from astrophysical sources within and beyond the Milky Way. Their study involves detecting air showers or direct particles to infer origins, with observatories like LHAASO and IceCube playing crucial roles. PeVatrons, potential sources accelerating particles to PeV energies, include objects such as supernova remnants, active galactic nuclei, and pulsar wind nebulae, investigated through multi-wavelength astronomy using X-ray, gamma-ray, and neutrino data. This field intersects with particle physics and cosmology, addressing fundamental questions about particle acceleration mechanisms, the composition of the universe, and the roles of dark matter and energy. Historical context shows incremental progress, with recent advances leveraging technological improvements in space-based and ground-based detectors, emphasizing the importance of interdisciplinary collaboration to unravel cosmic mysteries."
  ],
  "Article_Structure": [
    "The article details main points on identifying cosmic ray sources via PeVatron studies, using X-ray telescopes to classify pulsar wind nebulae and analyze LHAASO data, with arguments that such classifications advance astrophysical catalogs. Its purpose is to resolve a century-old mystery and enhance understanding of particle acceleration, set in the broader context of galaxy evolution and dark matter research. Evidence evaluation critically assesses peer-reviewed studies and multi-telescope data, noting strengths in observational consistency but limitations in unconfirmed sources. Author credibility is bolstered by academic affiliations and conference presentations, though potential biases from funding sources are minimal. Methodology relies on observational astronomy with space telescopes and data integration, employing rigorous analysis techniques, yet faces constraints in instrument sensitivity and sample size, requiring future validation for comprehensive insights."
  ],
  "perspectives": [
    {
      "perspective": "Interdisciplinary Integration",
      "description": "Emphasizes the synergy between astronomy and particle physics to address complex cosmic phenomena."
    },
    {
      "perspective": "Technological Dependency",
      "description": "Highlights how advancements in telescope and detector technology drive progress in astrophysical research."
    }
  ],
  "image_url": "/article_images/article_7a27ca04f00742ab_889dd61140b8.webp"
}