{
  "title": "Assessing the Microbiome Impact of Ubiquitous Chemical Contaminants",
  "summary": "A comprehensive investigation conducted by the University of Cambridge has elucidated that 168 out of 1,076 anthropogenic chemicals adversely affect the growth of beneficial gut bacteria, underscoring a significant public health concern. These contaminants, encompassing pesticides (e.g., herbicides and insecticides) and industrial chemicals (e.g., flame retardants and plasticizers), infiltrate the human body via dietary and environmental pathways, yet their microbiome impacts were previously unrecognized. The study reveals that microbial adaptation to these pollutants may foster antibiotic resistance, complicating infection treatments. Employing a high-throughput laboratory approach, researchers assessed chemical-bacteria interactions and subsequently developed a machine learning model to prognosticate the gut toxicity of extant and novel chemicals. Published in Nature Microbiology, the research critiques current safety evaluations, which predominantly target specific organisms and neglect microbiome considerations. The authors, including Dr. Indra Roux and Professor Kiran Patil, advocate for integrating microbiome safety into chemical design paradigms to mitigate potential dysbiosis and associated disorders such as metabolic and immune dysfunctions.",
  "keywords": [
    {
      "term": "anthropogenic chemicals",
      "explanation": "substances produced by human activities that may contaminate ecosystems"
    },
    {
      "term": "gut dysbiosis",
      "explanation": "an imbalance in gut microbial communities linked to various diseases"
    },
    {
      "term": "high-throughput screening",
      "explanation": "a method to rapidly test many compounds for biological effects"
    },
    {
      "term": "antibiotic resistance",
      "explanation": "a microbial trait that reduces drug efficacy, often driven by environmental pressures"
    },
    {
      "term": "machine learning prognostication",
      "explanation": "using AI algorithms to forecast outcomes based on data patterns"
    },
    {
      "term": "chemical design paradigms",
      "explanation": "frameworks for creating substances with minimized health and environmental risks"
    },
    {
      "term": "microbiome considerations",
      "explanation": "factoring microbial community impacts into safety and regulatory assessments"
    },
    {
      "term": "peer-reviewed publication",
      "explanation": "research vetted by experts in the field to ensure validity and quality"
    },
    {
      "term": "environmental exposure pathways",
      "explanation": "routes through which pollutants enter organisms, such as ingestion or inhalation"
    },
    {
      "term": "public health concern",
      "explanation": "an issue affecting population well-being, requiring intervention or policy changes"
    }
  ],
  "questions": [
    {
      "question": "What percentage of tested chemicals were found harmful to gut bacteria?",
      "options": [
        "Approximately 15.6%",
        "50%",
        "5%",
        "100%"
      ],
      "correct_answer": "Approximately 15.6%"
    },
    {
      "question": "Which mechanism did the study suggest could arise from chemical exposure?",
      "options": [
        "Antibiotic resistance development",
        "Enhanced bacterial growth",
        "Reduced chemical toxicity",
        "Increased vitamin production"
      ],
      "correct_answer": "Antibiotic resistance development"
    },
    {
      "question": "What methodological approach was used to test chemical effects?",
      "options": [
        "High-throughput laboratory screening",
        "Field studies in humans",
        "Theoretical modeling only",
        "Survey-based analysis"
      ],
      "correct_answer": "High-throughput laboratory screening"
    },
    {
      "question": "How does the machine learning tool contribute to chemical safety?",
      "options": [
        "Predicts gut toxicity of new chemicals",
        "Manufactures safer chemicals",
        "Measures chemical concentrations",
        "Treats gut infections"
      ],
      "correct_answer": "Predicts gut toxicity of new chemicals"
    },
    {
      "question": "What limitation is noted regarding the study's evidence?",
      "options": [
        "Lack of real-world exposure data",
        "Too few chemicals tested",
        "No peer review",
        "Focus only on animals"
      ],
      "correct_answer": "Lack of real-world exposure data"
    },
    {
      "question": "Who emphasized the need for safety assessments to include gut bacteria?",
      "options": [
        "Dr. Stephan Kamrad",
        "Dr. Indra Roux",
        "Professor Kiran Patil",
        "All of the above"
      ],
      "correct_answer": "All of the above"
    },
    {
      "question": "What broader implication does the research have for regulatory practices?",
      "options": [
        "Calls for microbiome-inclusive safety evaluations",
        "Suggests banning all chemicals",
        "Promotes reduced testing",
        "Ignores industrial impacts"
      ],
      "correct_answer": "Calls for microbiome-inclusive safety evaluations"
    },
    {
      "question": "Which chemical categories were specifically highlighted as harmful?",
      "options": [
        "Pesticides and industrial chemicals",
        "Pharmaceuticals only",
        "Natural compounds",
        "Metallic elements"
      ],
      "correct_answer": "Pesticides and industrial chemicals"
    },
    {
      "question": "What is the significance of publishing in Nature Microbiology?",
      "options": [
        "Indicates high scientific rigor and impact",
        "Means it is a popular magazine",
        "Shows it is a government report",
        "Suggests it is preliminary"
      ],
      "correct_answer": "Indicates high scientific rigor and impact"
    },
    {
      "question": "How might chemical-induced dysbiosis affect human health?",
      "options": [
        "Contribute to metabolic and immune disorders",
        "Only improve digestion",
        "Have no effect",
        "Increase lifespan"
      ],
      "correct_answer": "Contribute to metabolic and immune disorders"
    }
  ],
  "background_read": [
    "The human gut microbiome, comprising diverse bacterial taxa, is integral to host physiology, influencing metabolism, immunity, and neurology. Anthropogenic chemical proliferation has introduced myriad contaminants into ecosystems, with ingestion via food and water posing exposure risks. Current regulatory frameworks often employ reductionist safety assessments that overlook non-target effects on microbial symbionts. This study leverages in vitro assays and computational modeling to bridge this knowledge gap, highlighting the potential for chemical-driven dysbiosis and antibiotic resistance. It underscores the imperative for interdisciplinary approaches in toxicology and environmental health to foster sustainable chemical design and protect microbiome integrity."
  ],
  "Article_Structure": [
    "Main Points: Identification of 168 chemicals disrupting gut bacteria, with implications for antibiotic resistance and health; advocacy for predictive tools and revised safety standards. Purpose: To expose latent risks of chemical contaminants on microbiome stability and prompt regulatory evolution. Evidence Evaluation: Laboratory-based data on 1076 chemicals offers controlled insights but lacks ecological validity; machine learning enhances predictive capability yet requires validation. Author Credibility: Researchers from a prestigious institution with expertise in toxicology and microbiology, bolstered by publication in a high-impact journal. Methodology: Employed in vitro high-throughput screening of bacterial growth responses, complemented by machine learning algorithm development for risk forecasting. Critical Assessment: Strengths include large-scale testing and innovative predictive modeling; limitations involve absence of in vivo confirmation and real-world exposure dynamics, necessitating further translational research."
  ],
  "perspectives": [
    {
      "perspective": "Toxicological and regulatory view",
      "description": "Highlights the need for paradigm shifts in chemical safety to incorporate microbiome endpoints, balancing innovation with public health protection."
    }
  ],
  "image_url": "/article_images/article_093bcc28c9bc2483_93b1c858e9bd.webp"
}