{
  "articles": [
    {
      "id": "552df7efa88a77d5",
      "title": "NHS Cancer Target Failures and Patient Impact",
      "summary": "This BBC News article reports that nearly all NHS trusts in the UK are failing to meet cancer targets, leading to significant delays in diagnosis and treatment. Experts warn that these delays are harming patients, as timely intervention is crucial for better cancer outcomes. The article explains that cancer targets are benchmarks for how quickly patients should be seen, diagnosed, and treated, but many trusts are missing these goals due to factors like high demand and resource shortages. It includes an interactive tool allowing readers to check the performance of their local NHS trust, highlighting regional variations. The piece aims to raise public awareness about systemic issues in healthcare, urging action to improve services and reduce wait times that could exacerbate cancer progression and increase mortality risks.",
      "source": "BBC News",
      "time_ago": "14 hours ago",
      "image_url": "/article_images/article_552df7efa88a77d5_2209cd5fd789.webp",
      "category": "News"
    },
    {
      "id": "a40d9cf8ca429de3",
      "title": "US Senate Approves Funding Bill to Avert Government Shutdown",
      "summary": "The US Senate has passed a funding bill aimed at ending a potential government shutdown. This legislative action requires approval from the House of Representatives and the president's signature to become law. If enacted, the bill would allocate funds to government operations, allowing agencies to reopen and resume services. A government shutdown occurs when funding lapses, leading to furloughs for federal employees and disruptions in public services. The Senate's move is a critical step in the budgetary process, reflecting efforts to maintain governmental stability. This development highlights the importance of bipartisan cooperation in Congress to address fiscal challenges and ensure continuous governance for the benefit of citizens.",
      "source": "BBC News",
      "time_ago": "15 hours ago",
      "image_url": "/article_images/article_a40d9cf8ca429de3_70b4a5204892.webp",
      "category": "News"
    },
    {
      "id": "4b0796f6cca160ef",
      "title": "Bipartisan Deal to End Government Shutdown",
      "summary": "After 41 days, the longest government shutdown in U.S. history may be nearing its end due to a bipartisan agreement. A group of Democrats and one independent senator have broken with their party leadership to negotiate a deal with Republicans. This agreement must still pass the Senate, the House of Representatives, and gain the president's approval before the government can reopen, potentially as early as this week. The shutdown has caused widespread disruptions, including furloughs for federal employees and suspensions of various services. This development highlights ongoing political tensions and the challenges of bipartisanship in Congress. Lisa Desjardins, a congressional correspondent, provides this report, emphasizing the significance of cross-party cooperation in resolving critical issues.",
      "source": "PBS NewsHour",
      "time_ago": "18 hours ago",
      "image_url": "/article_images/article_4b0796f6cca160ef_502993e698d1.webp",
      "category": "News"
    },
    {
      "id": "5ef5525a38ececd6",
      "title": "Senator Kaine's Decision to End the Government Shutdown",
      "summary": "The government shutdown created a major political crisis, and Senator Tim Kaine from Virginia was among eight Senate Democrats who voted to end it. He explained his decision in an interview with Geoff Bennett on PBS NewsHour, stating that he needed to 'change the equation' to break the stalemate. This vote highlighted divisions within the Democratic Party, as not all members agreed with this approach. Kaine's rationale focused on the negative impacts of the shutdown on government services and citizens, emphasizing the need for a resolution. The article sheds light on how political leaders navigate conflicts and make tough choices during governmental disputes.",
      "source": "PBS NewsHour",
      "time_ago": "19 hours ago",
      "image_url": "/article_images/article_5ef5525a38ececd6_9e6e82f4dbe3.webp",
      "category": "News"
    },
    {
      "id": "aaae1ad0c75d8f9b",
      "title": "Trump &#8216;likely to be emboldened&#8217; by 8 Democrats voting to end shutdown, Sen. Murphy says",
      "summary": "Sen. Chris Murphy of Connecticut is one of the 40 Democrats who voted against the deal to end the shutdown. He joined Amna Nawaz to discuss the latest.",
      "source": "PBS NewsHour",
      "time_ago": "19 hours ago",
      "image_url": "/article_images/article_aaae1ad0c75d8f9b_cd5f7d8c2232.webp",
      "category": "News"
    },
    {
      "id": "82fcadb2dbf621ee",
      "title": "Trump threatens $1bn legal action against BBC over 6 January speech edit",
      "summary": "The BBC's director general and head of news both resigned on Sunday after criticism of the programme.",
      "source": "BBC News",
      "time_ago": "22 hours ago",
      "image_url": "/article_images/article_82fcadb2dbf621ee_b86e9c1fcc19.webp",
      "category": "News"
    }
  ]
}