{
  "articles": [
    {
      "id": "1d2dc110ba228d43",
      "title": "Arrest of Adolescent in E-Bike Collision: Implications for Maternal and Infant Health",
      "summary": "A 13-year-old male from Poole has been apprehended by Dorset Police in connection with an e-bike hit-and-run incident that occurred on Herbert Avenue on 26 January. The collision, which took place at approximately 15:50 GMT, involved a pregnant woman in her 30s, resulting in injuries deemed non-serious for her but culminating in the birth of an infant in critical condition, currently hospitalized. Authorities confirm that the juvenile operator and a pillion passenger absconded from the scene, prompting an investigation that has led to the arrest on suspicion of a driving offence. Sergeant Dan Yates acknowledged public assistance in the inquiry and continues to solicit further information. This event raises pertinent questions regarding the regulation of e-bike usage among minors, the legal ramifications of hit-and-run behaviors, and the broader public health implications for vulnerable populations such as pregnant individuals. The narrative underscores the intersection of road safety policies, adolescent responsibility, and emergency response protocols in urban settings.",
      "source": "BBC News",
      "time_ago": "2 hours ago",
      "image_url": "/article_images/article_1d2dc110ba228d43_da240fcac693.webp",
      "category": "News"
    },
    {
      "id": "64fe6019b0bb551b",
      "title": "Clintons' Testimony Agreement in Epstein Probe: Political and Legal Implications",
      "summary": "In a significant development, former President Bill Clinton and former Secretary of State Hillary Clinton have consented to provide testimony before the House Oversight Committee as part of the congressional investigation into Jeffrey Epstein, the deceased sex offender. This agreement emerges on the eve of a scheduled vote to hold the Clintons in criminal contempt for their protracted refusal to comply with subpoenas, following a months-long impasse. The Clintons had previously contested the committee's demands, characterizing the legal summonses as a politically driven maneuver instigated by former President Trump and asserting that their sworn statements already encapsulated their limited knowledge regarding Epstein. Bill Clinton has admitted to a prior association with Epstein but vehemently denies awareness of his sexual misconduct, claiming he terminated the relationship approximately two decades ago. This testimony is historically notable, representing the first instance since Gerald Ford in 1983 that a former president will appear before a congressional panel. Subsequent to the Clintons' acquiescence, the contempt proceedings were deferred to facilitate negotiations over the precise parameters of their deposition. The House Oversight Committee, under Republican leadership with bipartisan support, continues to scrutinize the extent of the Clintons' involvement or knowledge of Epstein's illicit activities, amid broader questions about accountability and the use of congressional oversight powers.",
      "source": "BBC News",
      "time_ago": "3 hours ago",
      "image_url": "/article_images/article_64fe6019b0bb551b_2f028c4d377d.webp",
      "category": "News"
    },
    {
      "id": "8bcfff4144895ee3",
      "title": "Philanthropic Fallout: Sarah Ferguson's Charity Closure in the Wake of Epstein Document Revelations",
      "summary": "Sarah Ferguson's philanthropic endeavor, Sarah's Trust, announced its imminent closure indefinitely, a decision precipitated by the recent release of documents detailing her association with Jeffrey Epstein, a convicted sex offender. Established in 2020, the charity aimed to address humanitarian and environmental crises, hunger, and cycles of extreme poverty through grassroots support. A spokesman cited months of deliberation leading to the closure, though specific rationale remains undisclosed. This development follows a pattern from last year, wherein multiple charities, including Julia's House and the Teenage Cancer Trust, terminated Ferguson's patronage due to her Epstein connections. The latest tranche of US Department of Justice files includes emails demonstrating Ferguson's communication with Epstein during his incarceration and imagery of her ex-husband, Prince Andrew, in questionable scenarios. While the article emphasizes that inclusion in the Epstein files does not denote culpability, the resultant reputational damage has evidently undermined Ferguson's charitable credibility. The closure exemplifies the intricate interplay between personal affiliations, public scrutiny, and organizational sustainability in the philanthropic sector, prompting reflections on governance and transparency.",
      "source": "BBC News",
      "time_ago": "11 hours ago",
      "image_url": "/article_images/article_8bcfff4144895ee3_40b29717b132.webp",
      "category": "News"
    },
    {
      "id": "6d7a0225a347e602",
      "title": "Clintons' Negotiations Over Epstein Testimony Amid Imminent Contempt of Congress Proceedings",
      "summary": "Former President Bill Clinton and former Secretary of State Hillary Clinton are engaged in urgent negotiations to comply with a congressional subpoena issued by the House Oversight Committee, chaired by Rep. James Comer, as part of an investigation into convicted sex offender Jeffrey Epstein. The Clintons face advancing criminal contempt of Congress charges for initially defying the subpoena, with potential penalties including substantial fines and incarceration. While their spokesperson, Angel Ureña, indicated via social media that they would testify, Comer demands a written agreement and insists on sworn depositions from both, rejecting their prior offer of a transcribed interview for Bill and a sworn declaration for Hillary. The contempt resolution is proceeding through the House Rules Committee, nearing a floor vote, underscoring the procedural and political stakes. This scenario illustrates broader issues of congressional oversight, legal enforcement, and the complexities of high-profile testimonies in politically charged environments.",
      "source": "PBS NewsHour",
      "time_ago": "12 hours ago",
      "image_url": "/article_images/article_6d7a0225a347e602_745286a2429f.webp",
      "category": "News"
    },
    {
      "id": "cd8681857d301c05",
      "title": "Legal and Political Implications of a Whistleblower Complaint Against Director of National Intelligence Tulsi Gabbard",
      "summary": "A contentious issue has arisen concerning the handling of a whistleblower complaint against Tulsi Gabbard, the Director of National Intelligence. Attorney Andrew Bakaj alleges that Gabbard has impeded the referral of the complaint to congressional intelligence committees for eight months, justifying the delay as necessary for legal review. The complaint, originating from an anonymous individual engaged in sensitive work, underwent evaluation by the intelligence community's inspector general, who concluded it lacked credibility. In response, Gabbard's press secretary, Olivia Coleman, refutes claims of delay, attributing procedural complexities to the classified nature of the complaint and noting that the inspector general commenced duties during the Biden administration, independent of Gabbard's influence. Coleman reaffirms Gabbard's commitment to whistleblower rights, even for allegations deemed baseless. Bakaj has escalated the matter by requesting a congressional investigation into the complaint's management, highlighting broader debates over governmental transparency, accountability, and the efficacy of whistleblower protections within the intelligence sector. This scenario underscores the intricate interplay between legal frameworks, political oversight, and national security considerations, prompting scrutiny of procedural norms and potential biases in intelligence governance.",
      "source": "PBS NewsHour",
      "time_ago": "12 hours ago",
      "image_url": "/article_images/article_cd8681857d301c05_1602ba77f161.webp",
      "category": "News"
    },
    {
      "id": "0a08220b7634b1ef",
      "title": "Analyzing the UK's Comprehensive PFAS Mitigation Strategy",
      "summary": "The UK government has initiated a national strategy to address per- and polyfluoroalkyl substances (PFAS), commonly termed 'forever chemicals,' which are integral to numerous industrial and consumer products due to their hydrophobic and oleophobic properties. This plan emerges amid escalating environmental and health apprehensions, as PFAS exhibit persistence, bioaccumulation, and toxicity, with certain compounds linked to adverse health outcomes. Key components include a 50% augmentation in water sampling across Scotland and Wales, alongside biomonitoring of coastal fauna in England and soil analyses in prioritized zones to delineate contamination hotspots. By 2029, the UK intends to synchronize with evolving EU regulatory frameworks, potentially proscribing non-essential PFAS applications. Environment Minister Emma Hardy characterizes PFAS as a paramount chemical challenge, underscoring objectives to safeguard public health and ecological integrity while facilitating a transition to safer alternatives. Nevertheless, regulatory enactment is protracted, approximately five years, and industry stakeholders, exemplified by the Chemicals Industries Association, cite indispensable roles in sectors like hydrogen production where substitutes are scarce. Concurrently, environmental advocates and the water sector exhort expedited action, emphasizing PFAS ubiquity—from school uniforms to pharmaceutical packaging—and environmental ingress via manufacturing effluents, laundry discharges, and agricultural sludge application. The strategy also encompasses public outreach through a specialized informational portal.",
      "source": "BBC News",
      "time_ago": "12 hours ago",
      "image_url": "/article_images/article_0a08220b7634b1ef_0c7e108f1618.webp",
      "category": "News"
    }
  ]
}