{
  "title": "Systemic Employment Challenges: Scottish Teachers Grappling with Prolonged Supply List Tenures and International Relocation Due to Job Insecurity",
  "summary": "The article investigates the persistent employment crisis facing newly qualified teachers in Scotland, where a majority fail to secure permanent positions, particularly in primary schools, despite acknowledged staffing pressures. Analysis of Scottish government figures underscores a systemic issue: most new educators are relegated to supply lists, characterized by temporary, contract-based work, or opt to emigrate for stability. Case studies illustrate the profound impacts: Louise Fraser, a 24-year-old from Ayrshire, relocated to Dubai post-probation in 2022 to attain job security and enhanced quality of life, yet she now contemplates returning to Scotland with trepidation about re-entering the dire job market. Concurrently, an anonymous modern studies teacher has endured nine-and-a-half years on the supply list, accruing £50,000 in debt and attempting suicide last year, exacerbated by instances where job offers were retracted in favor of probationers. Education Secretary Jenny Gilruth concedes that teacher pay rises have inflated hiring costs but asserts incremental progress in addressing teacher numbers. This scenario reveals broader structural deficiencies in Scotland's education sector, affecting teacher retention, mental health, and economic stability, while prompting questions about policy efficacy and long-term workforce sustainability.",
  "keywords": [
    {
      "term": "systemic issue",
      "explanation": "a problem rooted in the structure or policies of an organization or system"
    },
    {
      "term": "supply list tenure",
      "explanation": "the duration a teacher spends in temporary or substitute positions without a permanent contract"
    },
    {
      "term": "emigration for stability",
      "explanation": "the act of leaving one's country to seek more secure employment opportunities abroad"
    },
    {
      "term": "probationers",
      "explanation": "new teachers undergoing a mandatory evaluation period before full certification"
    },
    {
      "term": "workforce sustainability",
      "explanation": "the ability to maintain a stable and effective teaching force over time"
    }
  ],
  "questions": [
    {
      "question": "What does analysis of Scottish government figures reveal about newly qualified teachers?",
      "options": [
        "Most are unable to obtain permanent jobs",
        "All secure positions quickly",
        "They are overrepresented in secondary schools",
        "They receive high salaries"
      ],
      "correct_answer": "Most are unable to obtain permanent jobs"
    },
    {
      "question": "Why did Louise Fraser choose to move to Dubai?",
      "options": [
        "To achieve job security and improve her quality of life",
        "To pursue further education",
        "Due to political unrest in Scotland",
        "For a temporary vacation"
      ],
      "correct_answer": "To achieve job security and improve her quality of life"
    },
    {
      "question": "What has been the duration of the anonymous teacher's supply list tenure?",
      "options": [
        "Nine-and-a-half years",
        "Three years",
        "Seven years",
        "One decade"
      ],
      "correct_answer": "Nine-and-a-half years"
    },
    {
      "question": "What severe consequence did the anonymous teacher experience due to job instability?",
      "options": [
        "Accumulated £50,000 in debt and a suicide attempt",
        "Won a teaching award",
        "Saved a significant amount of money",
        "Retired early"
      ],
      "correct_answer": "Accumulated £50,000 in debt and a suicide attempt"
    },
    {
      "question": "How does the Education Secretary justify the hiring challenges?",
      "options": [
        "Pay rises have increased costs, but progress is being made",
        "There is no issue with teacher numbers",
        "Teachers are not qualified enough",
        "Schools have too many vacancies"
      ],
      "correct_answer": "Pay rises have increased costs, but progress is being made"
    },
    {
      "question": "What broader implication does the article suggest about Scotland's education sector?",
      "options": [
        "Structural deficiencies affecting teacher retention and well-being",
        "High levels of job satisfaction among teachers",
        "A surplus of teaching positions",
        "Effective policy implementation"
      ],
      "correct_answer": "Structural deficiencies affecting teacher retention and well-being"
    },
    {
      "question": "What type of evidence does the article primarily use to support its claims?",
      "options": [
        "Government data analysis and personal anecdotes",
        "Only statistical reports",
        "Expert opinions exclusively",
        "Historical comparisons"
      ],
      "correct_answer": "Government data analysis and personal anecdotes"
    },
    {
      "question": "What is a key factor mentioned as contributing to the job shortage?",
      "options": [
        "Pay rises making hiring more expensive",
        "Lack of teacher training programs",
        "Overpopulation in Scotland",
        "Decreased student enrollment"
      ],
      "correct_answer": "Pay rises making hiring more expensive"
    },
    {
      "question": "What does the article imply about the impact on teacher mental health?",
      "options": [
        "Job instability leads to stress and severe consequences like suicide attempts",
        "Teachers are generally unaffected",
        "It improves their resilience",
        "It is not discussed"
      ],
      "correct_answer": "Job instability leads to stress and severe consequences like suicide attempts"
    },
    {
      "question": "What does the term 'workforce sustainability' refer to in this context?",
      "options": [
        "Maintaining a stable teaching force over time",
        "Increasing teacher salaries",
        "Reducing class sizes",
        "Expanding supply lists"
      ],
      "correct_answer": "Maintaining a stable teaching force over time"
    }
  ],
  "background_read": [
    "In Scotland, the teacher employment landscape is shaped by post-graduation probation requirements and economic constraints. The supply list system, designed for temporary staffing needs, has become a long-term solution for many due to a dearth of permanent roles, influenced by budgetary pressures from teacher pay negotiations. This crisis intersects with broader issues such as brain drain, where skilled professionals emigrate for better opportunities, and mental health challenges exacerbated by financial insecurity. Policy responses, including those from the Education Secretary, highlight the tension between cost management and workforce needs. Understanding this requires knowledge of educational governance, labor economics, and social welfare systems, as the article critiques systemic failures and calls for sustainable solutions to retain talent and support educator well-being."
  ],
  "Article_Structure": [
    "Main Points: The article details a systemic employment crisis in Scotland where newly qualified teachers face barriers to permanent positions, leading to extended supply list tenures or emigration, with case studies highlighting personal and financial tolls. Purpose: To critically examine structural deficiencies in Scotland's education employment system, emphasizing impacts on teacher retention, mental health, and policy effectiveness. Evidence Evaluation: Utilizes government data analysis for quantitative support and personal anecdotes for qualitative depth, though lacks comprehensive statistical breakdowns or independent expert validation. Author Credibility: BBC Scotland provides reputable journalism, but the article's reliance on limited sources may affect breadth. Methodology: Employs analysis of official figures and interviews with affected teachers, offering a human-interest narrative that underscores systemic issues. Critical Assessment: Strengths include compelling personal stories and data integration, but limitations involve potential bias from anecdotal focus and insufficient exploration of alternative perspectives or long-term solutions."
  ],
  "perspectives": [
    {
      "perspective": "Structural critique",
      "description": "The article frames the job shortage as a systemic failure in education policy and budgeting, highlighting how economic and administrative factors undermine teacher stability and well-being."
    }
  ],
  "image_url": "/article_images/article_897eaabc27a1b94f_82e57c992c5c.webp"
}