{
  "title": "How Countries Work Together After Big Wars",
  "summary": "This article talks about how the world changed after World War 2. The United States helped Europe rebuild and keep peace. People in countries like Czechoslovakia wanted freedom from Soviet control. A speaker at a university shared stories about this time. Some students felt safe because of American power, but others from places like Pakistan felt scared because they thought America could do whatever it wanted without consequences. The article explains that the rules for countries to work together are not always fair for everyone. It shows different views on how powerful countries affect others.",
  "keywords": [
    {
      "term": "United States",
      "explanation": "a big country that helped Europe after World War 2"
    },
    {
      "term": "World War 2",
      "explanation": "a huge war that ended a long time ago"
    },
    {
      "term": "Europe",
      "explanation": "a continent with many countries that got help to rebuild"
    },
    {
      "term": "Soviet",
      "explanation": "a group that controlled some countries and people wanted freedom from"
    },
    {
      "term": "Pakistan",
      "explanation": "a country where a student came from who felt scared of American power"
    },
    {
      "term": "rules",
      "explanation": "agreements that countries are supposed to follow to work together"
    }
  ],
  "questions": [
    {
      "question": "What big event happened before the speaker gave a speech?",
      "options": [
        "World War 2",
        "A big party",
        "A sports game",
        "A school test"
      ],
      "correct_answer": "World War 2"
    },
    {
      "question": "Who helped Europe rebuild after World War 2?",
      "options": [
        "The United States",
        "China",
        "Australia",
        "India"
      ],
      "correct_answer": "The United States"
    },
    {
      "question": "Where did the speaker give the speech?",
      "options": [
        "At a university",
        "At a park",
        "At a store",
        "At a beach"
      ],
      "correct_answer": "At a university"
    },
    {
      "question": "What did people in Czechoslovakia want from the Soviet?",
      "options": [
        "Freedom",
        "More money",
        "New toys",
        "A bigger house"
      ],
      "correct_answer": "Freedom"
    },
    {
      "question": "How did a student from Pakistan feel about American power?",
      "options": [
        "Scared",
        "Happy",
        "Bored",
        "Excited"
      ],
      "correct_answer": "Scared"
    },
    {
      "question": "What are rules in the article about?",
      "options": [
        "Countries working together",
        "Playing games",
        "Eating food",
        "Building cars"
      ],
      "correct_answer": "Countries working together"
    }
  ],
  "background_read": [
    "After World War 2, many countries were damaged, and the United States helped Europe get better by giving money and support. This made peace in places like Western Europe. Some countries, like those controlled by the Soviet Union, wanted to be free and join the West. The article shows that not everyone feels the same about big countries like America; some feel protected, while others feel unsafe because the rules aren't always fair for all countries."
  ],
  "Article_Structure": [
    "WHO: A speaker and students at a university",
    "WHAT: Talking about how America helped after World War 2 and different views on power",
    "WHERE: At Columbia University in New York and other places like Pakistan",
    "WHY: To explain that the rules for countries are not always fair for everyone"
  ],
  "perspectives": [
    {
      "perspective": "American view",
      "description": "America is seen as helpful and protective, bringing peace and freedom."
    },
    {
      "perspective": "Global South view",
      "description": "Some people from other countries feel scared because America can act without consequences."
    }
  ],
  "image_url": "/article_images/article_a6ca563b6e6a0d0f_bdba44e32ed5.webp"
}