{
  "title": "The Changing World Order and Middle Powers' Challenges",
  "summary": "This article reflects on the post-World War 2 international order, where the United States played a key role in rebuilding Europe through initiatives like the Marshall Plan and containing Soviet expansion. It describes a speech given at Columbia University in 2002, shortly after 9/11, where the speaker highlighted America's benevolent influence in creating a rules-based system that promoted peace and democracy in the West. However, the article also presents contrasting perspectives, such as from a Pakistani student who compared the US to Imperial Rome, arguing that American power is perceived as oppressive and unaccountable in the Global South. This challenges the notion of a universally fair rules-based order, pointing out asymmetries in trade enforcement and international law. The piece suggests that as the world shifts back towards a pre-WW2 dynamic with great power competition, middle powers face new difficulties in navigating an uneven system where benefits are not equally shared.",
  "keywords": [
    {
      "term": "rules-based order",
      "explanation": "a system where countries agree to follow international rules for cooperation"
    },
    {
      "term": "Marshall Plan",
      "explanation": "a US program after WW2 to help European economies recover"
    },
    {
      "term": "Global South",
      "explanation": "regions like Asia, Africa, and Latin America that often feel excluded from global benefits"
    },
    {
      "term": "middle powers",
      "explanation": "countries that are not superpowers but have significant influence and face challenges in global politics"
    },
    {
      "term": "asymmetrical enforcement",
      "explanation": "when rules are applied unevenly, favoring powerful countries"
    },
    {
      "term": "Soviet containment",
      "explanation": "US efforts to limit the spread of Soviet influence during the Cold War"
    },
    {
      "term": "9/11",
      "explanation": "a terrorist attack in 2001 that made the US feel vulnerable"
    },
    {
      "term": "Imperial Rome",
      "explanation": "an ancient empire used as a metaphor for US power being protective inside but oppressive outside"
    }
  ],
  "questions": [
    {
      "question": "What was the main purpose of the Marshall Plan?",
      "options": [
        "To rebuild European economies after WW2",
        "To start a new war",
        "To build schools in Asia",
        "To create a sports league"
      ],
      "correct_answer": "To rebuild European economies after WW2"
    },
    {
      "question": "Where did the speaker give the keynote address mentioned in the article?",
      "options": [
        "Columbia University",
        "Harvard University",
        "A local park",
        "A television studio"
      ],
      "correct_answer": "Columbia University"
    },
    {
      "question": "How did the Pakistani student describe American power?",
      "options": [
        "Like Imperial Rome, protective inside but oppressive outside",
        "As always fair and just",
        "As weak and ineffective",
        "As focused only on trade"
      ],
      "correct_answer": "Like Imperial Rome, protective inside but oppressive outside"
    },
    {
      "question": "What event made the US feel 'raw and vulnerable' according to the article?",
      "options": [
        "The 9/11 attacks",
        "The end of WW2",
        "A economic crisis",
        "A natural disaster"
      ],
      "correct_answer": "The 9/11 attacks"
    },
    {
      "question": "What does the article say about the rules-based international order?",
      "options": [
        "It is not universally fair and benefits are unevenly distributed",
        "It is perfect and works for everyone",
        "It only applies to European countries",
        "It was created by the Soviet Union"
      ],
      "correct_answer": "It is not universally fair and benefits are unevenly distributed"
    },
    {
      "question": "Who is mentioned as reminding about the uneven benefits of the international order?",
      "options": [
        "Mark Carney",
        "The US President",
        "A student from Czechoslovakia",
        "A journalist from Pakistan"
      ],
      "correct_answer": "Mark Carney"
    },
    {
      "question": "What challenge do middle powers face according to the article?",
      "options": [
        "Navigating an uneven global system with great power competition",
        "Building their own empires",
        "Ignoring international rules",
        "Focusing only on domestic issues"
      ],
      "correct_answer": "Navigating an uneven global system with great power competition"
    },
    {
      "question": "What year was the speech given, as noted in the article?",
      "options": [
        "2002",
        "1989",
        "2001",
        "1990"
      ],
      "correct_answer": "2002"
    }
  ],
  "background_read": [
    "After World War 2, the United States emerged as a dominant global power, implementing the Marshall Plan to aid European recovery and establishing a rules-based international order to prevent conflicts. This system, centered on American leadership, promoted democracy and trade but has been criticized for favoring Western interests. The Cold War era saw US efforts to contain Soviet influence, leading to events like the 1989 revolutions in Eastern Europe. In recent decades, challenges such as 9/11 have exposed vulnerabilities, while perspectives from the Global South highlight inequalities in how international laws and trade rules are enforced. As global dynamics shift towards pre-WW2-style great power rivalries, middle powers like Canada or Australia must adapt to a less predictable environment where the benefits of globalization are not evenly shared."
  ],
  "Article_Structure": [
    "This 100-word analysis covers: Main Points: The article contrasts America's post-WW2 role in creating a rules-based order with critiques from the Global South on its unfairness. Purpose: To explore how shifting global power dynamics challenge middle powers in an uneven system. Evidence Evaluation: Uses personal anecdotes from speeches and student perspectives, but lacks statistical data, relying on qualitative insights. Author Credibility: The speaker is a journalist with firsthand experience, adding authenticity but potential bias. Methodology: Narrative reflection based on historical events and personal observations, not formal research."
  ],
  "perspectives": [
    {
      "perspective": "Western perspective",
      "description": "Views the US-led order as benevolent, promoting peace and democracy through rules."
    },
    {
      "perspective": "Global South perspective",
      "description": "Sees the order as oppressive, with asymmetrical enforcement that disadvantages weaker nations."
    }
  ],
  "image_url": "/article_images/article_a6ca563b6e6a0d0f_bdba44e32ed5.webp"
}