{
  "title": "Impact of Frozen Tax Thresholds on UK Salaries",
  "summary": "This article examines how the UK government's decision to freeze income tax and National Insurance thresholds until 2031 affects workers' take-home pay. With wages rising faster than inflation since July 2023, the longest such period since the 2008 financial crisis, employees might face higher tax bills despite salary increases. Tax thresholds, which determine the rates applied to earnings, are typically adjusted for inflation to maintain purchasing power. However, the freeze means thresholds remain static, so as salaries grow, more income falls into higher tax bands. The article includes a calculator for employees in England, Wales, and Northern Ireland to estimate personal impact, noting that Scottish thresholds differ and self-employed workers have separate rules. For example, someone earning the average UK salary of £39,000 could pay an additional £465 in tax by 2030-31 due to the freeze, with £227 attributed to an extension announced by Chancellor Rachel Reeves. The analysis highlights the broader economic context, using Office for National Statistics data to show real wage growth, and discusses the implications for financial planning and government revenue.",
  "keywords": [
    {
      "term": "tax thresholds",
      "explanation": "Income levels at which higher tax rates apply, crucial for determining tax liability"
    },
    {
      "term": "National Insurance",
      "explanation": "A UK tax paid by workers and employers to fund state benefits"
    },
    {
      "term": "inflation",
      "explanation": "The rate at which prices increase, affecting purchasing power"
    },
    {
      "term": "take-home pay",
      "explanation": "Net income after deductions like taxes, impacting disposable earnings"
    },
    {
      "term": "real wage growth",
      "explanation": "Increase in salaries adjusted for inflation, indicating improved living standards"
    }
  ],
  "questions": [
    {
      "question": "What is the main effect of freezing tax thresholds?",
      "options": [
        "Higher tax bills as salaries rise",
        "Lower tax rates for all workers",
        "Increased government spending",
        "Reduced inflation rates"
      ],
      "correct_answer": "Higher tax bills as salaries rise"
    },
    {
      "question": "How long has wages been rising faster than inflation according to the article?",
      "options": [
        "Since July 2023",
        "Since 2008",
        "For one year",
        "Since 2031"
      ],
      "correct_answer": "Since July 2023"
    },
    {
      "question": "Who announced the extension of the freeze in November?",
      "options": [
        "Chancellor Rachel Reeves",
        "The Office for National Statistics",
        "The UK Prime Minister",
        "Self-employed workers"
      ],
      "correct_answer": "Chancellor Rachel Reeves"
    },
    {
      "question": "What does the calculator in the article apply to?",
      "options": [
        "Employees in England, Wales, and Northern Ireland",
        "All UK residents",
        "Only high earners",
        "Scottish taxpayers"
      ],
      "correct_answer": "Employees in England, Wales, and Northern Ireland"
    },
    {
      "question": "What is the estimated additional tax for someone earning £50,000 due to the freeze?",
      "options": [
        "£1,309",
        "£465",
        "£227",
        "£704"
      ],
      "correct_answer": "£1,309"
    },
    {
      "question": "Why are tax thresholds normally adjusted for inflation?",
      "options": [
        "To keep take-home pay in line with living costs",
        "To reduce government debt",
        "To encourage savings",
        "To lower tax rates"
      ],
      "correct_answer": "To keep take-home pay in line with living costs"
    },
    {
      "question": "What data source does the article cite for wage growth?",
      "options": [
        "Office for National Statistics",
        "UK Treasury",
        "BBC Business reports",
        "Chancellor's office"
      ],
      "correct_answer": "Office for National Statistics"
    },
    {
      "question": "How does the freeze impact someone earning £39,000?",
      "options": [
        "Adds £465 to their tax bill by 2030-31",
        "Reduces their salary by £465",
        "Increases their take-home pay",
        "Has no effect"
      ],
      "correct_answer": "Adds £465 to their tax bill by 2030-31"
    }
  ],
  "background_read": [
    "In the UK, income tax and National Insurance are key components of the tax system, with thresholds defining the income levels at which different rates apply. Historically, governments have raised these thresholds in line with inflation to prevent 'fiscal drag,' where people pay more tax simply due to nominal wage increases. The current policy, extended until 2031, freezes thresholds, meaning that as salaries rise with inflation, more income is taxed at higher rates. This article analyzes the impact on workers, particularly in the context of recent real wage growth—where salaries have outpaced price rises since July 2023. It discusses the economic implications, such as increased government revenue and reduced disposable income for employees, and uses specific examples to illustrate the financial effects. Understanding this issue requires knowledge of basic tax principles, economic indicators like inflation, and government budgeting processes."
  ],
  "Article_Structure": [
    "This article analyzes the UK's frozen tax thresholds and their impact on take-home pay. Main Points: It explains how thresholds determine tax rates, the freeze until 2031, and its effect on rising salaries, with examples like a £39,000 earner facing a £465 increase. Purpose: To inform workers about financial implications and government policy decisions. Evidence Evaluation: Uses Office for National Statistics data for wage growth and specific calculations for tax impacts, providing credible but simplified estimates. Author Credibility: As a BBC Business article, it relies on journalistic standards and expert analysis, though it may lack deep technical detail. Methodology: Combines statistical data, policy announcements, and a calculator tool to present accessible information, focusing on employee perspectives in England, Wales, and Northern Ireland."
  ],
  "perspectives": [
    {
      "perspective": "Worker impact view",
      "description": "Highlights how frozen thresholds reduce disposable income despite wage growth, affecting personal finances."
    }
  ],
  "image_url": "/article_images/article_fa345a7878f8b73d_f1bf43616dd0.webp"
}