{
  "title": "Deconstructing the Avatar Soundtrack: A Seven-Year Orchestral Endeavor and Its Narrative Significance",
  "summary": "The Avatar film series is celebrated for its pioneering cinematography and animation, yet the musical score represents an equally formidable artistic undertaking. Composer Simon Franglen's work on Avatar: Fire and Ash spanned seven years, culminating in 1,907 pages of orchestral score and the invention of novel instruments tailored to Pandora's alien ecosystem. This extensive timeline was compounded by director James Cameron's persistent edits, with Franglen finalizing the score merely five days prior to the film's distribution. The soundtrack boasts four times the volume of a conventional Hollywood film, accompanying nearly the entirety of its 195-minute duration. The narrative advances the saga of the Na'vi resisting human exploitation, while delving into profound emotional terrain as protagonists Jake Sully and Neytiri grapple with the loss of their son. Franglen's compositional strategy involved crafting diverging melodic lines to sonically manifest their emotional estrangement, underscoring grief—a theme he notes is seldom explored in blockbuster cinema. This analysis reveals how the score transcends mere accompaniment, serving as a critical narrative device that amplifies thematic depth and character psychology, thereby redefining the role of music in large-scale film productions.",
  "keywords": [
    {
      "term": "cinematography",
      "explanation": "the art and technology of motion-picture photography, including camera work and lighting"
    },
    {
      "term": "orchestral score",
      "explanation": "a comprehensive written representation of music for orchestra, detailing instrumentation, harmony, and structure"
    },
    {
      "term": "narrative device",
      "explanation": "a technique used in storytelling to convey plot, themes, or emotions, such as through music or symbolism"
    },
    {
      "term": "emotional estrangement",
      "explanation": "a state of emotional distance or disconnection between individuals, often depicted through artistic means"
    },
    {
      "term": "thematic depth",
      "explanation": "the complexity and significance of underlying themes in a work, explored through various elements like plot and music"
    }
  ],
  "questions": [
    {
      "question": "What aspect of Avatar films does the article contrast with the music's significance?",
      "options": [
        "Cinematography and animation",
        "Acting performances",
        "Screenwriting",
        "Marketing strategies"
      ],
      "correct_answer": "Cinematography and animation"
    },
    {
      "question": "How does Franglen's compositional approach reflect the characters' emotional state?",
      "options": [
        "By using diverging melodies to show distance",
        "By incorporating silence to indicate grief",
        "By increasing tempo for tension",
        "By repeating motifs for unity"
      ],
      "correct_answer": "By using diverging melodies to show distance"
    },
    {
      "question": "What challenge did Franglen face due to James Cameron's involvement?",
      "options": [
        "Last-minute edits requiring quick adjustments",
        "Limited budget for instruments",
        "Lack of creative freedom",
        "Pressure to shorten the score"
      ],
      "correct_answer": "Last-minute edits requiring quick adjustments"
    },
    {
      "question": "How does the article characterize the treatment of grief in blockbuster films?",
      "options": [
        "As a rarely addressed theme",
        "As a common focal point",
        "As an irrelevant element",
        "As an overused trope"
      ],
      "correct_answer": "As a rarely addressed theme"
    },
    {
      "question": "What is the implied narrative function of the invented instruments?",
      "options": [
        "To enhance world-building and cultural authenticity",
        "To reduce production costs",
        "To appeal to younger audiences",
        "To simplify the scoring process"
      ],
      "correct_answer": "To enhance world-building and cultural authenticity"
    },
    {
      "question": "What does the volume of music relative to standard films indicate about Avatar's production?",
      "options": [
        "A commitment to immersive storytelling",
        "A focus on visual over auditory elements",
        "An inefficient use of resources",
        "A trend in modern cinema"
      ],
      "correct_answer": "A commitment to immersive storytelling"
    },
    {
      "question": "How does Franglen's timeline for scoring compare to typical film projects?",
      "options": [
        "It is significantly longer due to complexity",
        "It is shorter for efficiency",
        "It is average for blockbusters",
        "It is undocumented in the industry"
      ],
      "correct_answer": "It is significantly longer due to complexity"
    },
    {
      "question": "What broader cinematic role does the article suggest for the Avatar score?",
      "options": [
        "As a narrative device enhancing themes",
        "As background filler for action scenes",
        "As a marketing tool for soundtracks",
        "As a technical experiment only"
      ],
      "correct_answer": "As a narrative device enhancing themes"
    },
    {
      "question": "How does the article evaluate the evidence from Franglen's quotes?",
      "options": [
        "As credible firsthand insights",
        "As speculative opinions",
        "As biased promotional material",
        "As outdated information"
      ],
      "correct_answer": "As credible firsthand insights"
    },
    {
      "question": "What critical assessment can be made about the score's impact on audience engagement?",
      "options": [
        "It deepens emotional connection and thematic understanding",
        "It distracts from visual elements",
        "It simplifies complex plots",
        "It limits creative expression"
      ],
      "correct_answer": "It deepens emotional connection and thematic understanding"
    }
  ],
  "background_read": [
    "The Avatar franchise, directed by James Cameron, represents a zenith in film technology, utilizing performance capture and 3D innovation to create immersive worlds. Its narratives critique colonialism and environmental degradation through the lens of Pandora's Na'vi civilization. Film scoring is an interdisciplinary art involving composition, orchestration, and collaboration, with composers like Simon Franglen often navigating tight deadlines and directorial changes. Orchestral scores require meticulous notation and can incorporate experimental elements to fit unique settings. Analyzing such scores involves considering their structural complexity, emotional resonance, and contribution to cinematic language, reflecting broader trends in media production and artistic expression."
  ],
  "Article_Structure": [
    "Main Points: The article examines the seven-year development of Avatar: Fire and Ash's soundtrack, highlighting 1,907 pages of score, instrument innovation, and the emotional portrayal of grief through diverging melodies. Purpose: To analyze how music functions as a narrative tool in blockbuster cinema, emphasizing its role in enhancing thematic depth and character development. Evidence Evaluation: Relies on direct quotes from composer Simon Franglen and factual production details, offering credible but potentially biased insights from a key creator. Author Credibility: Franglen provides expert testimony as the composer, while BBC reporting adds journalistic reliability, though it may lack critical distance. Methodology: Uses interview-based reporting and descriptive analysis to explore the scoring process, without independent verification of claims. Critical Assessment: Strengths include detailed insider perspectives on artistic choices; limitations involve potential promotional slant and insufficient comparison to other film scores."
  ],
  "perspectives": [
    {
      "perspective": "Narrative integration",
      "description": "The score's design as a narrative device illustrates how music can transcend accompaniment to become integral to storytelling, enriching audience interpretation."
    }
  ],
  "image_url": "/article_images/article_9db8b2199cba2381_4b68e8360dd0.webp"
}