{
  "title": "Advancing Alzheimer's Detection Through Brain Metabolism and Microvesicles",
  "summary": "Researchers at Northern Arizona University are developing a novel test that could detect Alzheimer's disease before symptoms manifest, potentially slowing its progression. Led by Assistant Professor Travis Gibbons, the study focuses on brain metabolism, specifically how the brain utilizes glucose for functions like thinking and emotion. In Alzheimer's, brain metabolism slows down, serving as an early indicator. Historically, measuring glucose metabolism required invasive procedures, such as inserting catheters into neck veins, but Gibbons' team is exploring a less invasive method using microvesicles in the bloodstream. Microvesicles are small vesicles that originate from neurons and carry biomarkers, acting as messengers from the brain. By analyzing these with commercial kits, researchers can assess brain health without invasive sampling. The research involves validating the approach in healthy volunteers before comparing it to individuals with mild cognitive impairment and Alzheimer's patients. This could lead to a routine checkup tool for tracking disease progression. Gibbons emphasizes the potential to manage brain health proactively, similar to cardiovascular disease prevention through lifestyle changes. The study is supported by the Arizona Alzheimer's Association and involves collaboration with other scientists, aiming to reduce the societal burden of aging populations.",
  "keywords": [
    {
      "term": "brain metabolism",
      "explanation": "the process by which the brain uses glucose for energy and function"
    },
    {
      "term": "microvesicles",
      "explanation": "small extracellular vesicles in blood that carry biomarkers from cells like neurons"
    },
    {
      "term": "glucose",
      "explanation": "a sugar that serves as the primary fuel for brain activity"
    },
    {
      "term": "biomarkers",
      "explanation": "measurable indicators of biological processes or conditions, such as disease"
    },
    {
      "term": "invasive procedures",
      "explanation": "medical techniques that involve entering the body, like catheter insertion"
    },
    {
      "term": "mild cognitive impairment",
      "explanation": "a condition involving memory or thinking problems that may precede Alzheimer's"
    }
  ],
  "questions": [
    {
      "question": "What is the main focus of Travis Gibbons' research?",
      "options": [
        "Brain metabolism and glucose use",
        "Heart disease prevention",
        "Exercise and diet effects",
        "Space exploration"
      ],
      "correct_answer": "A"
    },
    {
      "question": "How do microvesicles help in detecting Alzheimer's?",
      "options": [
        "They carry biomarkers from the brain",
        "They increase glucose levels",
        "They replace invasive procedures",
        "They cure the disease"
      ],
      "correct_answer": "A"
    },
    {
      "question": "Why is measuring brain metabolism historically challenging?",
      "options": [
        "It required invasive methods like catheters",
        "It needed expensive equipment",
        "It was only done in animals",
        "It involved brain surgery"
      ],
      "correct_answer": "A"
    },
    {
      "question": "What is the role of glucose in the brain according to the article?",
      "options": [
        "It powers thinking and emotion",
        "It fights infections",
        "It builds muscle",
        "It regulates sleep"
      ],
      "correct_answer": "A"
    },
    {
      "question": "Who is supporting this research?",
      "options": [
        "Arizona Alzheimer's Association",
        "National Space Agency",
        "Local hospitals only",
        "Private companies"
      ],
      "correct_answer": "A"
    },
    {
      "question": "What is the first step in validating the new test?",
      "options": [
        "Testing on healthy volunteers",
        "Using it on Alzheimer's patients",
        "Comparing it to heart tests",
        "Developing new kits"
      ],
      "correct_answer": "A"
    },
    {
      "question": "How does Gibbons compare brain health management to cardiovascular disease?",
      "options": [
        "Through proactive prevention strategies",
        "By using the same medications",
        "With invasive surgeries",
        "By ignoring symptoms"
      ],
      "correct_answer": "A"
    },
    {
      "question": "What is mild cognitive impairment?",
      "options": [
        "A condition with memory problems that may lead to Alzheimer's",
        "A type of brain tumor",
        "A symptom of heart disease",
        "A result of poor diet"
      ],
      "correct_answer": "A"
    }
  ],
  "background_read": [
    "Alzheimer's disease is a progressive neurodegenerative disorder characterized by memory loss, cognitive decline, and behavioral changes, primarily affecting older adults. It is linked to abnormal protein buildup in the brain and impaired neuronal function. Early detection is crucial as it allows for interventions that may slow progression. Brain metabolism refers to the biochemical processes that convert glucose into energy, essential for neuronal activity; disruptions in this process are early signs of Alzheimer's. Microvesicles, part of extracellular vesicles, are released by cells including neurons and contain proteins, lipids, and nucleic acids that reflect cellular state. Biomarkers derived from microvesicles offer a non-invasive way to monitor brain health. Invasive procedures like catheterization pose risks and are impractical for routine use, highlighting the need for simpler methods. This research builds on prior studies, such as nasal insulin delivery to enhance neuroplasticity, and aims to translate findings into clinical tools. Understanding these concepts helps appreciate the innovation in using microvesicles for early Alzheimer's detection and its potential impact on public health."
  ],
  "Article_Structure": [
    "Main Points: The article discusses a new test using microvesicles to detect Alzheimer's by analyzing brain glucose metabolism non-invasively, with potential for early intervention. Purpose: To inform about advancements in Alzheimer's research that could lead to routine detection methods and slow disease progression. Evidence Evaluation: The evidence includes quotes from lead researcher Travis Gibbons, references to prior studies on insulin delivery, and descriptions of microvesicle analysis, though the method is still in development and requires validation. Author Credibility: Gibbons is an assistant professor at NAU with support from the Arizona Alzheimer's Association and collaboration with other accredited scientists, enhancing reliability. Methodology: The research involves using commercial kits to isolate microvesicles from blood, comparing results across healthy individuals, those with mild cognitive impairment, and Alzheimer's patients, following a stepwise validation process."
  ],
  "perspectives": [
    {
      "perspective": "Scientific Innovation",
      "description": "This approach represents a breakthrough in non-invasive biomarker research for neurodegenerative diseases."
    }
  ],
  "image_url": "/article_images/article_8c13546c1ecfefca_81180fcb7ac6.webp"
}