{
  "title": "Cruz Beckham Starts a Rock Band and Goes on Tour",
  "summary": "Cruz Beckham is the youngest son of famous parents David and Victoria Beckham. He is starting a music career as the singer in a rock band. This week, he began his first headline tour, which means he is the main performer at concerts. He played in Birmingham, and many fans came to see him. Some people know him because of his family, but others discovered his music without knowing who he was. Cruz is having fun and making feel-good music. He does not talk about family problems and focuses on his band. His music is described as ebullient and indie, and fans like it.",
  "keywords": [
    {
      "term": "headline tour",
      "explanation": "a series of concerts where the performer is the main act"
    },
    {
      "term": "rock band",
      "explanation": "a group of musicians who play loud, energetic music with guitars and drums"
    },
    {
      "term": "fans",
      "explanation": "people who like and support a performer or band"
    },
    {
      "term": "music career",
      "explanation": "working as a musician to make and perform songs"
    },
    {
      "term": "family connections",
      "explanation": "being related to famous people, which can bring attention"
    }
  ],
  "questions": [
    {
      "question": "Who is Cruz Beckham?",
      "options": [
        "A singer in a rock band",
        "A football player",
        "A movie star",
        "A teacher"
      ],
      "correct_answer": "A"
    },
    {
      "question": "What did Cruz Beckham start this week?",
      "options": [
        "His first headline tour",
        "A new school",
        "A TV show",
        "A sports team"
      ],
      "correct_answer": "A"
    },
    {
      "question": "Where did Cruz play his first headline tour show?",
      "options": [
        "Birmingham",
        "London",
        "New York",
        "Paris"
      ],
      "correct_answer": "A"
    },
    {
      "question": "Why do some people know about Cruz Beckham?",
      "options": [
        "Because of his famous family",
        "Because he is a chef",
        "Because he is an actor",
        "Because he is a scientist"
      ],
      "correct_answer": "A"
    },
    {
      "question": "What type of music does Cruz make?",
      "options": [
        "Feel-good and indie music",
        "Classical music",
        "Rap music",
        "Jazz music"
      ],
      "correct_answer": "A"
    },
    {
      "question": "How does Cruz feel about his music career?",
      "options": [
        "He is having fun",
        "He is sad",
        "He is angry",
        "He is bored"
      ],
      "correct_answer": "A"
    }
  ],
  "background_read": [
    "Cruz Beckham is part of the Beckham family, which is very famous around the world. His dad, David Beckham, was a famous football player, and his mum, Victoria Beckham, was in the Spice Girls pop group. Starting a music career can be hard, but Cruz is using his family name to get attention while also trying to show he is a good musician on his own. Many young people today use social media like TikTok to discover new music and artists."
  ],
  "Article_Structure": [
    "WHO: Cruz Beckham, the youngest son of David and Victoria Beckham",
    "WHAT: He is launching a music career as the frontman of a rock band and starting his first headline tour",
    "WHERE: The tour began in Birmingham, UK",
    "WHY: To pursue his passion for music and have fun, while dealing with the attention from his famous family"
  ],
  "perspectives": [
    {
      "perspective": "Fan view",
      "description": "Fans enjoy Cruz's music and think he can have a successful career, even if they didn't know who he was at first."
    }
  ],
  "image_url": "/article_images/article_9a5f3eeaa3832b23_be271ef094d6.webp"
}