{
  "title": "Cruz Beckham's Musical Ascent: Navigating Nepotism and Artistic Identity",
  "summary": "Cruz Beckham, aged 21 and the youngest offspring of David and Victoria Beckham, is formally launching his music career as the frontman of a rock band, commencing his inaugural headline tour in Birmingham. This development occurs against a backdrop of familial celebrity, where Cruz initially performed under pseudonyms to mitigate the 'nepo baby' stigma—a term denoting individuals who capitalize on familial connections for professional advancement. The article delineates his strategic embrace of this identity, exemplified by onstage acknowledgments of his heritage, such as commenting on a fan's Spice Girls attire, while simultaneously asserting artistic autonomy by declining requests for familial songs. It further explores the dichotomy of public perception: fans, including a 17-year-old who discovered his identity post-concert via TikTok, laud his ebullient indie music as feel-good and potentially career-sustaining, yet skepticism persists regarding the surname's dual role as both an asset and a hindrance. Cruz's approach mirrors the Beckham family's broader tactic of maintaining composure amidst personal dramas, like the estrangement with brother Brooklyn, emphasizing exuberance and fun in his performances. The piece critically engages with themes of privilege, authenticity, and the construction of artistic credibility in the digital age, where social media platforms facilitate organic discovery yet amplify celebrity narratives.",
  "keywords": [
    {
      "term": "nepo baby stigma",
      "explanation": "the negative perception associated with individuals who achieve success primarily through family connections rather than merit"
    },
    {
      "term": "artistic autonomy",
      "explanation": "the ability of an artist to make independent creative decisions free from external influences, such as family expectations"
    },
    {
      "term": "familial celebrity",
      "explanation": "the phenomenon where fame is inherited or shared within a family, impacting members' public and professional lives"
    },
    {
      "term": "digital age discovery",
      "explanation": "the process by which artists gain recognition through online platforms like social media, often bypassing traditional media channels"
    },
    {
      "term": "public perception dichotomy",
      "explanation": "the contrasting views held by the audience regarding an individual's talents versus their privileged background"
    }
  ],
  "questions": [
    {
      "question": "What strategic measure did Cruz take early in his career to avoid scrutiny?",
      "options": [
        "Performing under different names",
        "Limiting social media use",
        "Hiring a publicist",
        "Releasing music anonymously"
      ],
      "correct_answer": "A"
    },
    {
      "question": "How does the article characterize Cruz's response to family-related song requests?",
      "options": [
        "As an assertion of artistic autonomy",
        "As a sign of disrespect",
        "As a marketing tactic",
        "As an avoidance strategy"
      ],
      "correct_answer": "A"
    },
    {
      "question": "What platform did a fan use to identify Cruz after a concert?",
      "options": [
        "TikTok",
        "Instagram",
        "YouTube",
        "Snapchat"
      ],
      "correct_answer": "A"
    },
    {
      "question": "Which term best describes the Beckham family's approach to personal drama?",
      "options": [
        "Keep calm and carry on",
        "Publicly address issues",
        "Withdraw from public life",
        "Legal confrontation"
      ],
      "correct_answer": "A"
    },
    {
      "question": "What is a key theme explored regarding Cruz's career?",
      "options": [
        "Balancing privilege and artistic credibility",
        "Overcoming financial obstacles",
        "Rejecting family connections entirely",
        "Focusing solely on classical music"
      ],
      "correct_answer": "A"
    },
    {
      "question": "How does the article assess fan reactions to Cruz's music?",
      "options": [
        "Mostly positive with some skepticism",
        "Overwhelmingly negative",
        "Completely indifferent",
        "Highly polarized"
      ],
      "correct_answer": "A"
    },
    {
      "question": "What does 'ebullient indie music' imply about Cruz's style?",
      "options": [
        "Energetic and independent",
        "Slow and melancholic",
        "Mainstream pop-oriented",
        "Experimental and chaotic"
      ],
      "correct_answer": "A"
    },
    {
      "question": "What broader societal issue does the 'nepo baby' concept highlight?",
      "options": [
        "Nepotism in entertainment industries",
        "Lack of talent in youth",
        "Overemphasis on education",
        "Decline of traditional media"
      ],
      "correct_answer": "A"
    },
    {
      "question": "How does social media influence Cruz's career according to the article?",
      "options": [
        "It enables organic discovery and amplifies narratives",
        "It has no impact",
        "It solely creates negative publicity",
        "It replaces live performances"
      ],
      "correct_answer": "A"
    },
    {
      "question": "What is Cruz's age as mentioned in the article?",
      "options": [
        "21",
        "19",
        "23",
        "25"
      ],
      "correct_answer": "A"
    }
  ],
  "background_read": [
    "Cruz Beckham emerges in a media landscape where 'nepo babies' are scrutinized for leveraging familial fame, a topic intensified by discussions on privilege in industries like entertainment. David and Victoria Beckham represent a pinnacle of celebrity culture, with careers spanning sports, music, and fashion, creating a complex legacy for their children. The music industry's evolution includes the rise of indie artists using tours and digital platforms for promotion, while TikTok has revolutionized music discovery by virality. Artistic credibility often hinges on perceived authenticity, challenging those with famous backgrounds to prove merit. Family dynamics, such as estrangements, are magnified in celebrity contexts, affecting public image. This article situates Cruz's journey within these intersecting frameworks, offering insights into modern celebrity and creative expression."
  ],
  "Article_Structure": [
    "This in-depth analysis examines Cruz Beckham's music career launch, detailing main points like his headline tour and navigation of nepotism. The purpose is to critique how celebrity offspring establish artistic identity amid privilege, set in a broader context of media and social discourse. Evidence evaluation notes reliance on anecdotal fan quotes and observational reporting, which, while engaging, lacks rigorous data. Author credibility is bolstered by BBC Entertainment's reputation, but potential bias towards sensationalism exists. Methodology involves descriptive journalism without primary research, limiting depth. Critical assessment highlights strengths in capturing public sentiment but weaknesses in addressing structural industry issues, offering a nuanced yet incomplete portrait of artistic ascent in fame-saturated environments."
  ],
  "perspectives": [
    {
      "perspective": "Sociocultural critique",
      "description": "The article invites reflection on how nepotism and digital media reshape artistic validation, questioning whether Cruz's success can transcend his familial context."
    }
  ],
  "image_url": "/article_images/article_9a5f3eeaa3832b23_be271ef094d6.webp"
}