{
  "title": "Reevaluating the Origins of Writing Through Paleolithic Symbolic Artifacts",
  "summary": "A groundbreaking archaeological study challenges conventional historiography by proposing that the origins of writing may extend tens of thousands of years earlier than previously established. Researchers analyzed patterns—comprising lines, notches, dots, and crosses—on mammoth tusks and other ivory artifacts from caves in Germany, such as the Lonetal and Geißenklösterle systems, dating to approximately 45,000 years ago. This period coincides with the migration of Homo sapiens into Europe and their interactions with Neanderthals. Traditionally, the inception of writing is attributed to proto-cuneiform scripts in Mesopotamia around 5,000 years ago, but this discovery suggests that Stone Age societies engaged in complex symbolic communication. Led by Prof Christian Bentz and Ewa Dutkiewicz, the team examined over 3,000 characters across 260 objects, conceptualizing these sequences as the 'DNA of writing.' They argue that these deliberate carvings represent an early alternative to writing, indicating cognitive sophistication comparable to modern humans. While the precise semantic content remains undeciphered, the findings prompt a critical reassessment of literacy's evolution and underscore the need for interdisciplinary approaches in paleoanthropology.",
  "keywords": [
    {
      "term": "historiography",
      "explanation": "the study of historical writing and methodologies, often involving critical analysis of sources and timelines"
    },
    {
      "term": "paleolithic",
      "explanation": "relating to the early Stone Age, characterized by the use of stone tools and hunter-gatherer societies"
    },
    {
      "term": "symbolic communication",
      "explanation": "the use of symbols, such as marks or images, to convey ideas, which may precede formal writing systems"
    },
    {
      "term": "proto-cuneiform",
      "explanation": "the earliest known form of cuneiform writing from ancient Mesopotamia, emerging around 3,000 BCE"
    },
    {
      "term": "cognitive sophistication",
      "explanation": "advanced mental abilities, including abstract thinking and communication, attributed to early humans"
    },
    {
      "term": "paleoanthropology",
      "explanation": "the scientific study of ancient humans and their ancestors, combining archaeology, anthropology, and biology"
    },
    {
      "term": "semantic content",
      "explanation": "the meaning or information conveyed by symbols or language"
    },
    {
      "term": "interdisciplinary approaches",
      "explanation": "methods that integrate multiple academic fields, such as archaeology and linguistics, to address complex research questions"
    },
    {
      "term": "artifactual analysis",
      "explanation": "the examination of human-made objects to infer cultural practices and historical contexts"
    },
    {
      "term": "Neanderthal interaction",
      "explanation": "the cultural and genetic exchanges between Homo sapiens and Neanderthals during the Paleolithic era"
    }
  ],
  "questions": [
    {
      "question": "What does the study propose about the origins of writing?",
      "options": [
        "They may be tens of thousands of years older than traditional views",
        "They are exclusively linked to Mesopotamia",
        "They began with hieroglyphics in Egypt",
        "They are unrelated to symbolic artifacts"
      ],
      "correct_answer": "They may be tens of thousands of years older than traditional views"
    },
    {
      "question": "Which artifacts were analyzed in the research?",
      "options": [
        "Mammoth tusks and ivory plaques from German caves",
        "Clay tablets from Mesopotamia",
        "Papyrus scrolls from Egypt",
        "Bone tools from Africa"
      ],
      "correct_answer": "Mammoth tusks and ivory plaques from German caves"
    },
    {
      "question": "What is the significance of the 45,000-year date for the artifacts?",
      "options": [
        "It aligns with Homo sapiens' migration into Europe and Neanderthal interactions",
        "It marks the beginning of agriculture",
        "It corresponds to the rise of ancient civilizations",
        "It indicates the end of the Ice Age"
      ],
      "correct_answer": "It aligns with Homo sapiens' migration into Europe and Neanderthal interactions"
    },
    {
      "question": "How does the traditional view date the first writing?",
      "options": [
        "Around 5,000 years ago with proto-cuneiform in Mesopotamia",
        "Around 45,000 years ago in Germany",
        "Around 10,000 years ago in China",
        "Around 1,000 BCE in Mesoamerica"
      ],
      "correct_answer": "Around 5,000 years ago with proto-cuneiform in Mesopotamia"
    },
    {
      "question": "What metaphor do the researchers use to describe the patterns?",
      "options": [
        "The DNA of writing",
        "The blueprint of language",
        "The code of civilization",
        "The key to prehistory"
      ],
      "correct_answer": "The DNA of writing"
    },
    {
      "question": "What methodological approach did the team employ?",
      "options": [
        "Analysis of over 3,000 characters on 260 artifacts",
        "Genetic testing of ancient DNA",
        "Linguistic comparison of modern languages",
        "Radiocarbon dating alone"
      ],
      "correct_answer": "Analysis of over 3,000 characters on 260 artifacts"
    },
    {
      "question": "What limitation is acknowledged regarding the symbols?",
      "options": [
        "Their precise meaning remains undeciphered",
        "Their age is uncertain",
        "They are not from authentic artifacts",
        "They were created by Neanderthals only"
      ],
      "correct_answer": "Their precise meaning remains undeciphered"
    },
    {
      "question": "How do the findings impact the understanding of Stone Age people?",
      "options": [
        "They suggest cognitive sophistication comparable to modern humans",
        "They indicate a lack of communication skills",
        "They show reliance solely on oral traditions",
        "They prove writing was invented independently in multiple regions"
      ],
      "correct_answer": "They suggest cognitive sophistication comparable to modern humans"
    },
    {
      "question": "What broader field does this study contribute to?",
      "options": [
        "Paleoanthropology and historiography",
        "Modern linguistics only",
        "Astronomy and physics",
        "Medical science"
      ],
      "correct_answer": "Paleoanthropology and historiography"
    },
    {
      "question": "What is a key implication of the research for historical timelines?",
      "options": [
        "It necessitates a reassessment of literacy's evolution",
        "It confirms existing theories without change",
        "It suggests writing originated in Africa first",
        "It dismisses the importance of Mesopotamian scripts"
      ],
      "correct_answer": "It necessitates a reassessment of literacy's evolution"
    }
  ],
  "background_read": [
    "The evolution of writing is a central topic in archaeology and historiography, traditionally framed within the context of ancient civilizations like Mesopotamia, Egypt, China, and Mesoamerica, where formal scripts emerged around 5,000 years ago. This paradigm is based on extensive evidence from cuneiform tablets, hieroglyphics, and other inscribed materials. However, recent archaeological discoveries in Europe, particularly from the Paleolithic era, challenge this narrative. Artifacts such as mammoth tusks with engraved patterns from sites like the Lonetal and Geißenklösterle caves in Germany date to approximately 45,000 years ago, a period marked by the dispersal of Homo sapiens from Africa and their encounters with Neanderthals. Researchers analyze these symbols through artifactual analysis and comparative studies, arguing for early forms of symbolic communication that predate traditional writing. This interdisciplinary approach integrates paleoanthropology, linguistics, and cognitive science to explore the cognitive capacities of ancient humans and the origins of complex thought. The study highlights the need for critical assessment of evidence, considering factors like artifact preservation, contextual interpretation, and potential biases in historical reconstruction."
  ],
  "Article_Structure": [
    "Main Points: The article posits that writing may have originated much earlier than the traditional Mesopotamian timeline, based on symbolic patterns on Paleolithic artifacts in Germany. Purpose: To critically reassess historical narratives and emphasize early human cognitive abilities. Evidence Evaluation: The evidence includes detailed analysis of over 3,000 characters on 260 artifacts, though the undeciphered meaning limits interpretative certainty, and reliance on archaeological context requires careful scrutiny. Author Credibility: Prof Christian Bentz and Ewa Dutkiewicz are established researchers in prehistory and archaeology, affiliated with reputable institutions, enhancing the study's credibility. Methodology: The research employed systematic examination of artifacts from German caves, using descriptive analysis to identify pattern sequences and infer communicative intent. Critical Assessment: Strengths include the large dataset and interdisciplinary approach, but limitations involve the speculative nature of symbolic interpretation and the need for further corroborative evidence from other regions."
  ],
  "perspectives": [
    {
      "perspective": "Conventional historiography",
      "description": "Writing is a late development in human history, emerging around 5,000 years ago in settled agricultural societies, marking a key transition to civilization."
    },
    {
      "perspective": "Paleolithic revisionism",
      "description": "Symbolic communication, potentially akin to writing, existed tens of thousands of years earlier among hunter-gatherer societies, reflecting advanced cognitive traits and challenging linear models of cultural evolution."
    }
  ],
  "image_url": "/article_images/article_f73ebc9946573d76_69aa5961a74d.webp"
}