{
  "title": "Prenatal Alcohol Exposure Alters Brain Dopamine and Drinking Behavior in Monkeys",
  "summary": "A recent study published in JNeurosci investigated the long-term effects of prenatal alcohol exposure and stress on rhesus monkeys. Researchers led by Mary Schneider and Alexander Converse at the University of Wisconsin-Madison exposed pregnant monkeys to moderate alcohol, mild stress, or both. When the offspring reached adulthood, they examined changes in the dopamine system—a brain pathway involved in reward and motivation—and measured alcohol consumption. Findings revealed that prenatal alcohol exposure altered the dopamine system and led to faster alcohol drinking in adult monkeys. Interestingly, dopamine measurements taken before any alcohol exposure could predict later drinking behavior, suggesting brain differences exist prior to problematic drinking. The study also observed that as monkeys drank alcohol, further dopamine changes occurred, varying by individual and potentially driving the transition to alcohol use disorder. While prenatal stress alone did not directly link to drinking behavior, it may affect other aspects. The research reinforces the risks of drinking during pregnancy and bridges animal models to human health, highlighting how early experiences shape adult outcomes.",
  "keywords": [
    {
      "term": "dopamine system",
      "explanation": "a brain network that controls feelings of pleasure and reward"
    },
    {
      "term": "prenatal exposure",
      "explanation": "exposure to substances like alcohol before birth"
    },
    {
      "term": "alcohol use disorder",
      "explanation": "a condition where drinking alcohol causes health and social problems"
    },
    {
      "term": "rhesus monkeys",
      "explanation": "a type of monkey often used in medical research due to similarities to humans"
    },
    {
      "term": "interdisciplinary research",
      "explanation": "a study that combines knowledge from different fields like biology and psychology"
    }
  ],
  "questions": [
    {
      "question": "What journal published the study on prenatal alcohol exposure?",
      "options": [
        "JNeurosci",
        "Science Daily",
        "Nature",
        "Cell"
      ],
      "correct_answer": "JNeurosci"
    },
    {
      "question": "What brain system was examined in the adult monkeys?",
      "options": [
        "Dopamine system",
        "Nervous system",
        "Immune system",
        "Digestive system"
      ],
      "correct_answer": "Dopamine system"
    },
    {
      "question": "What did prenatal alcohol exposure cause in adult monkeys?",
      "options": [
        "Faster alcohol drinking",
        "Slower movement",
        "Better memory",
        "Less stress"
      ],
      "correct_answer": "Faster alcohol drinking"
    },
    {
      "question": "What could dopamine measurements predict?",
      "options": [
        "Later drinking behavior",
        "Monkey age",
        "Food preferences",
        "Sleep patterns"
      ],
      "correct_answer": "Later drinking behavior"
    },
    {
      "question": "How did the study design relate to humans?",
      "options": [
        "Closely reflected real-world exposure",
        "Used different animals",
        "Ignored stress effects",
        "Focused only on alcohol"
      ],
      "correct_answer": "Closely reflected real-world exposure"
    },
    {
      "question": "What did researchers observe as monkeys drank alcohol?",
      "options": [
        "Additional dopamine changes",
        "No changes",
        "Improved health",
        "Reduced appetite"
      ],
      "correct_answer": "Additional dopamine changes"
    },
    {
      "question": "What was the effect of prenatal stress alone on drinking?",
      "options": [
        "No direct association",
        "Increased drinking",
        "Decreased drinking",
        "Caused memory loss"
      ],
      "correct_answer": "No direct association"
    },
    {
      "question": "Why is this study relevant to human health?",
      "options": [
        "It bridges animal research to human outcomes",
        "It only applies to monkeys",
        "It focuses on stress only",
        "It ignores pregnancy risks"
      ],
      "correct_answer": "It bridges animal research to human outcomes"
    }
  ],
  "background_read": [
    "This study builds on existing knowledge about fetal alcohol spectrum disorders and addiction research. Prenatal alcohol exposure is known to cause developmental issues, but this research delves into specific brain mechanisms like the dopamine system. By using rhesus monkeys, which share biological similarities with humans, the findings offer insights into how early-life exposures can predispose individuals to alcohol use disorder. Understanding these brain changes helps inform public health messages about alcohol avoidance during pregnancy and could lead to early interventions for at-risk populations."
  ],
  "Article_Structure": [
    "This 100-word analysis covers: Main Points: The study shows prenatal alcohol exposure alters the dopamine system in monkeys, leading to faster drinking and predictable behavior, with stress having indirect effects. Purpose: To explore how early experiences shape adult brain function and drinking patterns, linking animal models to human health. Evidence Evaluation: Strong, using controlled experiments with monkeys and dopamine measurements, but limited to animal subjects. Author Credibility: Researchers from University of Wisconsin-Madison with interdisciplinary expertise. Methodology: Exposed pregnant monkeys to alcohol/stress, then assessed adult offspring's brains and drinking behavior in a lab setting."
  ],
  "perspectives": [
    {
      "perspective": "Scientific perspective",
      "description": "Highlights the role of dopamine in addiction and the predictive value of brain changes for behavior"
    }
  ],
  "image_url": "/article_images/article_8e96fde278e122a5_0e47c427ce0a.webp"
}