{
  "title": "Princess Catherine and Charlotte Play Piano Together for Christmas",
  "summary": "Princess Catherine and her daughter Princess Charlotte played a piano duet for a Christmas carol concert. They did not perform live at the event in Westminster Abbey but recorded their music at Windsor Castle. The video was shown on TV on Christmas Eve. In the clip, they sat together at the piano, with Catherine using her left hand and Charlotte using her right hand. Catherine talked about how Christmas is about love in simple ways like listening and helping others. This is not the first time Catherine has played piano at a carol service. The concert was about celebrating love and togetherness, and Catherine wanted to show how important connections are.",
  "keywords": [
    {
      "term": "piano duet",
      "explanation": "two people playing the piano together"
    },
    {
      "term": "Christmas carol concert",
      "explanation": "a special show with Christmas songs"
    },
    {
      "term": "recorded",
      "explanation": "made a video or audio to play later"
    },
    {
      "term": "Windsor Castle",
      "explanation": "a big castle where the royal family lives"
    },
    {
      "term": "love",
      "explanation": "caring for others in kind ways"
    },
    {
      "term": "connections",
      "explanation": "how people are linked or close to each other"
    }
  ],
  "questions": [
    {
      "question": "Who played the piano duet?",
      "options": [
        "Princess Catherine and Princess Charlotte",
        "Prince William and Princess Charlotte",
        "Catherine and Tom Walker",
        "Charlotte and Erland Cooper"
      ],
      "correct_answer": "Princess Catherine and Princess Charlotte"
    },
    {
      "question": "Where did they record their performance?",
      "options": [
        "Westminster Abbey",
        "Windsor Castle",
        "Kensington Palace",
        "ITV1 studio"
      ],
      "correct_answer": "Windsor Castle"
    },
    {
      "question": "When was the video shown on TV?",
      "options": [
        "Christmas Day",
        "Christmas Eve",
        "New Year's Eve",
        "Earlier this month"
      ],
      "correct_answer": "Christmas Eve"
    },
    {
      "question": "What did Catherine use to play the piano?",
      "options": [
        "Both hands",
        "Only her left hand",
        "Only her right hand",
        "A keyboard"
      ],
      "correct_answer": "Only her left hand"
    },
    {
      "question": "What did Catherine say Christmas is about?",
      "options": [
        "Big gifts and parties",
        "Love in simple ways",
        "Singing carols loudly",
        "Watching TV shows"
      ],
      "correct_answer": "Love in simple ways"
    },
    {
      "question": "Why did Catherine include the performance?",
      "options": [
        "To show off her piano skills",
        "To highlight the importance of connections",
        "To surprise the audience",
        "To teach Charlotte piano"
      ],
      "correct_answer": "To highlight the importance of connections"
    }
  ],
  "background_read": [
    "Christmas carol concerts are events where people sing and play music to celebrate Christmas. Royal families like Princess Catherine's often take part in these events to share joy and messages of love. Playing music together can bring people closer, and Catherine wanted to show this with her daughter."
  ],
  "Article_Structure": [
    "WHO: Princess Catherine and Princess Charlotte",
    "WHAT: Played a piano duet for a Christmas carol concert",
    "WHERE: Recorded at Windsor Castle and shown on TV",
    "WHY: To celebrate love and togetherness and highlight connections"
  ],
  "perspectives": [
    {
      "perspective": "Family bonding",
      "description": "The performance shows how families can share special moments through music."
    }
  ],
  "image_url": "/article_images/article_5cd93c43affb4b7b_c0a671f1d5e4.webp"
}