{
  "title": "Political Protests at Kennedy Center and Multifaceted Global Developments",
  "summary": "This article provides a comprehensive news wrap detailing several significant events. Central to the report is the ongoing protest by artists against the Kennedy Center in Washington, D.C., following the addition of former President Trump's name to the institution. The jazz ensemble The Cookers canceled their New Year's Eve performance, implicitly opposing the renaming by emphasizing their dedication to music that fosters unity, though without explicit reference to Trump. Preceding this, musician Chuck Redd canceled his Christmas Eve show, directly citing the name change as his rationale, and subsequently faced a $1 million lawsuit threat from Richard Grenell, the center's president and a Trump ally. Concurrently, meteorological disturbances, characterized by arctic air influx, precipitated heavy snowfall and gale-force winds across the Great Lakes and Northeastern United States, resulting in widespread power outages for tens of thousands and over 5,000 flight delays, exacerbating travel woes ahead of the new year. In the sports domain, New England Patriots wide receiver Stefon Diggs is confronting serious criminal charges, including strangulation, as per court disclosures; he vehemently denies these allegations, with the Patriots organization publicly endorsing him amidst legal proceedings. On the international front, the United Arab Emirates has initiated the withdrawal of its residual military contingent from Yemen subsequent to a Saudi Arabian assault on an Emirati logistical shipment in a Yemeni port, an incident that has intensified bilateral tensions and threatens to rekindle the protracted civil war in Yemen. The Saudi-backed Yemeni Presidential Council has responded by annulling a defense pact with the UAE, underscoring the geopolitical ramifications of this escalation.",
  "keywords": [
    {
      "term": "geopolitical ramifications",
      "explanation": "the broader political consequences on international relations, such as those from the UAE-Saudi conflict"
    },
    {
      "term": "meteorological disturbances",
      "explanation": "weather events like snowstorms and winds that disrupt normal conditions"
    },
    {
      "term": "artistic integrity",
      "explanation": "the principle that art should remain free from political interference, as argued by protesting artists"
    },
    {
      "term": "legal proceedings",
      "explanation": "the formal process of dealing with criminal charges in court, as in Stefon Diggs' case"
    },
    {
      "term": "bilateral tensions",
      "explanation": "strained relations between two countries, exemplified by Saudi Arabia and the UAE"
    },
    {
      "term": "protracted civil war",
      "explanation": "a long-lasting internal conflict within a country, like the war in Yemen"
    }
  ],
  "questions": [
    {
      "question": "What implicit reason did The Cookers give for canceling their show?",
      "options": [
        "Explicit blame on Trump",
        "Commitment to music bridging division",
        "Travel disruptions due to weather",
        "Legal issues with the center"
      ],
      "correct_answer": "Commitment to music bridging division"
    },
    {
      "question": "How does the article characterize the weather impact on travel?",
      "options": [
        "Minimal delays",
        "Over 5,000 flights delayed and power outages",
        "Only road closures",
        "No significant effect"
      ],
      "correct_answer": "Over 5,000 flights delayed and power outages"
    },
    {
      "question": "What is the legal threat faced by Chuck Redd?",
      "options": [
        "Criminal charges",
        "A $1 million lawsuit from Richard Grenell",
        "Team suspension",
        "International sanctions"
      ],
      "correct_answer": "A $1 million lawsuit from Richard Grenell"
    },
    {
      "question": "What broader conflict does the UAE's withdrawal from Yemen relate to?",
      "options": [
        "The U.S. political scene",
        "The civil war in Yemen and Saudi-UAE tensions",
        "Global weather patterns",
        "Sports controversies"
      ],
      "correct_answer": "The civil war in Yemen and Saudi-UAE tensions"
    },
    {
      "question": "How does the article source information on Stefon Diggs?",
      "options": [
        "From team statements only",
        "From court records and a lawyer's denial",
        "From artist protests",
        "From weather reports"
      ],
      "correct_answer": "From court records and a lawyer's denial"
    },
    {
      "question": "What action did the Yemeni Presidential Council take in response to the UAE withdrawal?",
      "options": [
        "Signed a new peace deal",
        "Canceled a defense pact with the UAE",
        "Supported Trump's naming",
        "Announced a cultural event"
      ],
      "correct_answer": "Canceled a defense pact with the UAE"
    },
    {
      "question": "What is the significance of Richard Grenell's role in the Kennedy Center controversy?",
      "options": [
        "He is a neutral mediator",
        "He is a Trump ally threatening legal action",
        "He is an artist canceling shows",
        "He is a weather forecaster"
      ],
      "correct_answer": "He is a Trump ally threatening legal action"
    },
    {
      "question": "How does the article frame the weather events in relation to the new year?",
      "options": [
        "As a minor inconvenience",
        "As a set of disruptions ahead of the new year",
        "As unrelated to other news",
        "As a positive development"
      ],
      "correct_answer": "As a set of disruptions ahead of the new year"
    },
    {
      "question": "What does the article suggest about the methodology for reporting on Yemen?",
      "options": [
        "It relies solely on official Saudi statements",
        "It uses reports of attacks and council announcements",
        "It ignores casualty details",
        "It focuses only on artistic aspects"
      ],
      "correct_answer": "It uses reports of attacks and council announcements"
    },
    {
      "question": "How is the article's purpose described in terms of content scope?",
      "options": [
        "Focusing only on politics",
        "Providing a multifaceted news wrap covering various domains",
        "Exclusively reporting on sports",
        "Limiting to weather updates"
      ],
      "correct_answer": "Providing a multifaceted news wrap covering various domains"
    }
  ],
  "background_read": [
    "The Kennedy Center, as a federal cultural institution, often becomes a site for political expression, and renaming it after Trump intersects with broader debates on art and politics. Arctic air masses influencing U.S. weather reflect climate variability, with infrastructure vulnerabilities exposed by such events. In professional sports, athlete legal cases involve complex interactions between personal conduct, team loyalty, and public image management. The Yemeni civil war, involving proxies like Saudi Arabia and the UAE, illustrates how regional power dynamics can shift rapidly, affecting humanitarian crises. This background underscores the article's role in synthesizing diverse news strands, requiring critical assessment of sources and contexts."
  ],
  "Article_Structure": [
    "This 100-word in-depth analysis covers: Main Points: Artists protest Kennedy Center renaming, severe weather disrupts travel, a sports figure faces legal charges, and UAE withdraws from Yemen amid Saudi tensions. Purpose: To provide a holistic news overview linking cultural, environmental, athletic, and international issues within a single narrative. Evidence Evaluation: Sources include artist statements, court records, weather forecasts, and official announcements, but the transcript note indicates potential inaccuracies, limiting reliability. Author Credibility: PBS NewsHour offers reputable journalism, yet the wrap-up format may simplify complex events. Methodology: Compiles reports from various domains without original investigation, using summary techniques. Critical Assessment: Strengths lie in breadth of coverage, but limitations include superficial treatment of each topic and reliance on secondary sources, reducing depth for nuanced understanding."
  ],
  "perspectives": [
    {
      "perspective": "Cultural politics view",
      "description": "The Kennedy Center protests highlight how cultural institutions become battlegrounds for political ideologies, affecting artistic expression."
    },
    {
      "perspective": "Geostrategic analysis view",
      "description": "The UAE-Saudi rift over Yemen exemplifies shifting alliances in Middle Eastern geopolitics, with implications for regional stability and conflict resolution."
    }
  ],
  "image_url": "/article_images/article_178719d49a976f25_aa85f6378b2f.webp"
}