{
  "title": "Decoding a Medieval Homicide: Advanced Scientific Analysis of Duke Béla's Demise",
  "summary": "In a landmark study, scientists have employed cutting-edge genetic, isotopic, and forensic methodologies to resolve a centuries-old enigma: the murder of Duke Béla of Macsó in 1272. The research definitively identifies his remains, elucidating that he was a young nobleman with ancestral connections to Scandinavian and Rurik dynasties. The investigation uncovered that his death resulted from a coordinated assault, characterized by emotional intensity, likely driven by political or personal vendettas. This interdisciplinary approach not only corroborates historical accounts but also introduces new dimensions to our understanding of medieval societal structures and violence. By integrating DNA analysis to trace lineage, isotopic ratios to infer dietary habits and mobility, and forensic pathology to ascertain the nature of the attack, the study exemplifies how modern science can reconstruct nuanced historical narratives. It underscores the significance of such techniques in challenging preconceived notions and providing empirical evidence for events previously shrouded in mystery, thereby contributing to broader discussions in historiography and scientific archaeology.",
  "keywords": [
    {
      "term": "genetic analysis",
      "explanation": "the examination of DNA sequences to determine hereditary traits, ancestry, and biological relationships"
    },
    {
      "term": "isotopic analysis",
      "explanation": "a scientific technique measuring stable isotope ratios in tissues to infer diet, migration patterns, and environmental exposures"
    },
    {
      "term": "forensic methodology",
      "explanation": "systematic application of scientific principles to investigate deaths, including trauma analysis and cause determination"
    },
    {
      "term": "Scandinavian-Rurik ancestry",
      "explanation": "genetic heritage linking individuals to Nordic populations and the Rurikid dynasty, influential in Kievan Rus' and medieval Europe"
    },
    {
      "term": "coordinated assault",
      "explanation": "a premeditated violent act involving multiple actors, indicating organization and potential conspiracy"
    },
    {
      "term": "emotionally charged",
      "explanation": "imbued with strong affective elements, suggesting motives rooted in passion, rivalry, or ideological conflict"
    },
    {
      "term": "archaeological science",
      "explanation": "the integration of scientific disciplines like chemistry and biology into archaeology to analyze material remains"
    },
    {
      "term": "medieval historiography",
      "explanation": "the study and interpretation of historical writings and evidence from the Middle Ages"
    },
    {
      "term": "empirical evidence",
      "explanation": "data obtained through observation or experimentation, providing objective support for conclusions"
    },
    {
      "term": "interdisciplinary research",
      "explanation": "collaboration across multiple fields, such as genetics, history, and forensics, to address complex questions"
    },
    {
      "term": "skeletal remains",
      "explanation": "bones and related tissues from deceased individuals, used in scientific studies to extract biological information"
    },
    {
      "term": "cause of death",
      "explanation": "the specific injury or disease that directly results in a person's demise, determined through forensic investigation"
    }
  ],
  "questions": [
    {
      "question": "What methodologies were central to identifying Duke Béla's remains?",
      "options": [
        "Genetic, isotopic, and forensic analysis",
        "Literary analysis alone",
        "Astronomical observations",
        "Economic modeling"
      ],
      "correct_answer": "Genetic, isotopic, and forensic analysis"
    },
    {
      "question": "How does isotopic analysis contribute to understanding Duke Béla's life?",
      "options": [
        "By revealing diet and geographical movements",
        "By determining his political beliefs",
        "By estimating his wealth",
        "By identifying his language"
      ],
      "correct_answer": "By revealing diet and geographical movements"
    },
    {
      "question": "What is implied by the term 'emotionally charged' in describing the attack?",
      "options": [
        "It involved intense personal or political emotions",
        "It was a random act of violence",
        "It was purely strategic without emotion",
        "It was a ceremonial execution"
      ],
      "correct_answer": "It involved intense personal or political emotions"
    },
    {
      "question": "Which dynasty is associated with Duke Béla's ancestry?",
      "options": [
        "Rurik",
        "Habsburg",
        "Ming",
        "Ottoman"
      ],
      "correct_answer": "Rurik"
    },
    {
      "question": "What year did the study focus on for Duke Béla's death?",
      "options": [
        "1272",
        "1066",
        "1453",
        "1600"
      ],
      "correct_answer": "1272"
    },
    {
      "question": "How does genetic evidence aid in historical studies?",
      "options": [
        "By confirming identities and ancestral links",
        "By predicting future genetic trends",
        "By altering historical timelines",
        "By creating fictional narratives"
      ],
      "correct_answer": "By confirming identities and ancestral links"
    },
    {
      "question": "What does the interdisciplinary nature of this research highlight?",
      "options": [
        "The integration of multiple scientific fields",
        "The superiority of one method over others",
        "The irrelevance of history",
        "The focus on modern crimes only"
      ],
      "correct_answer": "The integration of multiple scientific fields"
    },
    {
      "question": "What might be a limitation of relying on skeletal remains for evidence?",
      "options": [
        "Potential degradation over time",
        "They always provide complete stories",
        "They are easy to interpret without science",
        "They are not affected by environment"
      ],
      "correct_answer": "Potential degradation over time"
    },
    {
      "question": "How does this study impact medieval historiography?",
      "options": [
        "It provides empirical data to test historical theories",
        "It dismisses all previous historical accounts",
        "It focuses only on genetic aspects",
        "It is unrelated to history"
      ],
      "correct_answer": "It provides empirical data to test historical theories"
    },
    {
      "question": "What role does forensic methodology play in this context?",
      "options": [
        "Determining the cause and manner of death",
        "Writing historical documents",
        "Conducting genetic experiments only",
        "Analyzing political systems"
      ],
      "correct_answer": "Determining the cause and manner of death"
    },
    {
      "question": "Why is the Scandinavian connection significant?",
      "options": [
        "It shows cross-cultural influences in medieval Europe",
        "It proves all nobles were Scandinavian",
        "It indicates a modern migration",
        "It is irrelevant to the study"
      ],
      "correct_answer": "It shows cross-cultural influences in medieval Europe"
    },
    {
      "question": "What broader purpose does this research serve?",
      "options": [
        "Advancing the use of science in historical inquiry",
        "Promoting fictional stories",
        "Ignoring archaeological findings",
        "Focusing solely on genetics"
      ],
      "correct_answer": "Advancing the use of science in historical inquiry"
    }
  ],
  "background_read": [
    "This article examines a scientific investigation into the 1272 murder of Duke Béla of Macsó, utilizing genetic, isotopic, and forensic evidence to identify his remains and elucidate aspects of his life and death. Duke Béla, with Scandinavian-Rurik ancestry, represents the complex noble networks of medieval Europe, where political alliances and conflicts often led to violence. The study's background involves understanding medieval history, particularly the Rurik dynasty's influence in Eastern Europe, and the evolution of scientific methods in archaeology. Genetic analysis allows for ancestry tracing, isotopic studies provide insights into diet and mobility, and forensics determine violent death causes. This research is situated within broader academic debates on the reliability of historical sources and the role of empirical science in correcting or confirming narratives, highlighting how interdisciplinary approaches can overcome limitations of traditional historiography and offer new perspectives on past events."
  ],
  "Article_Structure": [
    "This article's main points detail the application of genetic, isotopic, and forensic evidence to solve the 700-year-old murder of Duke Béla, revealing his Scandinavian-Rurik roots and a coordinated, emotional attack in 1272. Its purpose is to illustrate how scientific advancements can address historical mysteries and enrich medieval studies. Evidence evaluation shows high credibility, with genetic data offering precise ancestry links, isotopic analysis providing reliable life history indicators, and forensic methods yielding robust cause-of-death conclusions, though potential biases in sample preservation exist. Author credibility is inferred from the use of established scientific techniques, suggesting expertise in genetics, archaeology, or forensics. The methodology involves DNA sequencing for genetic profiling, mass spectrometry for isotopic ratios, and trauma analysis in forensics, employing cross-disciplinary validation. Critical assessment notes strengths in empirical rigor and innovation but limitations in relying on degraded remains and the inability to capture full contextual nuances without complementary historical records."
  ],
  "perspectives": [
    {
      "perspective": "Scientific Rigor Perspective",
      "description": "Highlights the methodological strengths and potential biases in using advanced techniques for historical verification."
    },
    {
      "perspective": "Historical Interpretation Perspective",
      "description": "Explores how scientific findings challenge or support existing historical narratives about medieval nobility and violence."
    }
  ],
  "image_url": "/article_images/article_e35a8efb0b3810ce_92ad5a77e043.webp"
}