{
  "title": "Evaluating A$AP Rocky's Comeback Album After an Eight-Year Hiatus",
  "summary": "A$AP Rocky, a prominent hip-hop artist from New York, has released his fourth studio album, Don't Be Dumb, following an eight-year gap since his last record. During this hiatus, he gained attention for his relationship with Rihanna, fashion endeavors, and a legal case, but his musical return features 17 tracks exploring diverse genres such as punk, trap, and indie. The album includes collaborations with artists like Tyler, The Creator and Doechii, and boasts creative input from filmmaker Tim Burton, who designed the cover art depicting A$AP Rocky's alter-egos in a gothic style. Critical reception has been largely positive: NME's Kyann-Sian Williams describes it as mature and current, Clash's Robin Murray rates it 8/10 for its eclectic and ambitious approach, and The Guardian's Shaad D'Souza calls it his strongest work since 2013, though noting some lazy lyrics. Fan perspectives are mixed, with some, like Lee, finding it energetic and consistent but a bit safe compared to his more experimental previous album, Testing. Overall, the album is seen as a significant comeback that justifies the long wait for many.",
  "keywords": [
    {
      "term": "hiatus",
      "explanation": "a break or pause in an artist's work or career"
    },
    {
      "term": "eclectic",
      "explanation": "combining elements from various styles or sources"
    },
    {
      "term": "alter-egos",
      "explanation": "different personalities or personas adopted by an artist"
    },
    {
      "term": "critical reception",
      "explanation": "the opinions and reviews from professional critics"
    },
    {
      "term": "experimental",
      "explanation": "trying new or unconventional methods in music"
    }
  ],
  "questions": [
    {
      "question": "What is the main reason A$AP Rocky was in the news during his hiatus?",
      "options": [
        "Only for his music",
        "For his relationship, fashion, and a court case",
        "For touring constantly",
        "For retiring from music"
      ],
      "correct_answer": "For his relationship, fashion, and a court case"
    },
    {
      "question": "How many tracks are included in the album Don't Be Dumb?",
      "options": [
        "12 tracks",
        "15 tracks",
        "17 tracks",
        "20 tracks"
      ],
      "correct_answer": "17 tracks"
    },
    {
      "question": "Which filmmaker contributed to the album's cover art?",
      "options": [
        "Steven Spielberg",
        "Tim Burton",
        "Christopher Nolan",
        "Quentin Tarantino"
      ],
      "correct_answer": "Tim Burton"
    },
    {
      "question": "What rating did Clash's Robin Murray give the album?",
      "options": [
        "5/10",
        "7/10",
        "8/10",
        "10/10"
      ],
      "correct_answer": "8/10"
    },
    {
      "question": "According to The Guardian's review, what is a weakness noted in the album?",
      "options": [
        "Poor production quality",
        "Lazy lyrics",
        "Too few features",
        "Short length"
      ],
      "correct_answer": "Lazy lyrics"
    },
    {
      "question": "How does fan Lee describe the album compared to Testing?",
      "options": [
        "More experimental",
        "A bit safe",
        "Less energetic",
        "Too ambitious"
      ],
      "correct_answer": "A bit safe"
    },
    {
      "question": "What genres does A$AP Rocky explore in this album?",
      "options": [
        "Only hip-hop",
        "Punk, trap, and indie",
        "Classical and jazz",
        "Pop and rock"
      ],
      "correct_answer": "Punk, trap, and indie"
    },
    {
      "question": "Who is featured on the lead single's music video?",
      "options": [
        "Rihanna and Tyler, The Creator",
        "Winona Ryder and Danny Elfman",
        "Doechii and Tim Burton",
        "Kyann-Sian Williams and Robin Murray"
      ],
      "correct_answer": "Winona Ryder and Danny Elfman"
    }
  ],
  "background_read": [
    "A$AP Rocky is a key figure in modern hip-hop, known for blending street style with high fashion and innovative music. His career began with mixtapes and peaked with albums like Long. Live. ASAP in 2013. The eight-year gap before Don't Be Dumb reflects trends in the music industry where artists take extended breaks to evolve or pursue other interests. Critical analysis in music journalism involves evaluating elements like genre fusion, lyrical content, and production quality. Collaborations with artists like Tyler, The Creator and filmmakers like Tim Burton highlight cross-disciplinary creativity. Understanding fan and critic perspectives helps assess an album's impact and relevance in contemporary culture."
  ],
  "Article_Structure": [
    "This article analyzes A$AP Rocky's comeback album, Don't Be Dumb, after an eight-year hiatus. Main Points: The album features 17 tracks exploring genres like punk and trap, with collaborations from artists and filmmaker Tim Burton, receiving positive critical reviews for its maturity and eclecticism, though some note lyrical flaws. Purpose: To evaluate whether the album justifies the long wait by presenting critic and fan opinions. Evidence Evaluation: Relies on quotes from reputable sources like NME, Clash, and The Guardian, providing balanced perspectives but limited to a few critics. Author Credibility: The BBC is a credible news source, but the article aggregates external reviews without deep original analysis. Methodology: Summarizes key points from reviews and fan comments, offering a snapshot of reception without extensive data or interviews."
  ],
  "perspectives": [
    {
      "perspective": "Professional critics",
      "description": "Critics from NME, Clash, and The Guardian praise the album's growth and ambition, though some point out inconsistent lyrics."
    },
    {
      "perspective": "Everyday fans",
      "description": "Fans appreciate the energetic consistency but express disappointment over its safety compared to previous experimental work."
    }
  ],
  "image_url": "/article_images/article_799a59a4aa3ea933_38a764d031c2.webp"
}