{
  "title": "Amateur Tennis Player Wins Big Prize in Australia",
  "summary": "An amateur tennis player named Jordan Smith won a huge prize of A$1 million at a special event in Melbourne, Australia. He beat top professional players like Jannik Sinner, who is the Australian Open champion, and Amanda Anisimova. The event was called the Million Dollar One Point Slam, where amateur players got to play just one point against famous tennis stars for a chance to win money. Smith played on Rod Laver Arena in front of 10,000 people. He also faced Joanna Garland in the final match. Another amateur, Alec Reverente, beat a top player too and won a new car by competing against Smith. The tournament was fun and exciting, with many players watching the final.",
  "keywords": [
    {
      "term": "amateur",
      "explanation": "a person who plays a sport for fun, not as a job"
    },
    {
      "term": "prize",
      "explanation": "a reward or money given for winning something"
    },
    {
      "term": "tournament",
      "explanation": "a competition where players or teams play against each other"
    },
    {
      "term": "arena",
      "explanation": "a large place where sports events are held"
    },
    {
      "term": "final",
      "explanation": "the last match in a competition to decide the winner"
    }
  ],
  "questions": [
    {
      "question": "Who won the A$1 million prize in the tennis event?",
      "options": [
        "Jordan Smith",
        "Jannik Sinner",
        "Alec Reverente",
        "Joanna Garland"
      ],
      "correct_answer": "Jordan Smith"
    },
    {
      "question": "What is the name of the special tennis event where amateurs could win money?",
      "options": [
        "Australian Open",
        "Million Dollar One Point Slam",
        "Wimbledon",
        "Rod Laver Cup"
      ],
      "correct_answer": "Million Dollar One Point Slam"
    },
    {
      "question": "Where did the tournament take place?",
      "options": [
        "Sydney",
        "Melbourne",
        "Brisbane",
        "Perth"
      ],
      "correct_answer": "Melbourne"
    },
    {
      "question": "Which amateur player won a new car by competing against Jordan Smith?",
      "options": [
        "Alec Reverente",
        "Amanda Anisimova",
        "Nick Kyrgios",
        "Carlos Alcaraz"
      ],
      "correct_answer": "Alec Reverente"
    },
    {
      "question": "How many people watched Jordan Smith play on Rod Laver Arena?",
      "options": [
        "1,000",
        "5,000",
        "10,000",
        "20,000"
      ],
      "correct_answer": "10,000"
    },
    {
      "question": "What did amateur players do to try to win the prize money?",
      "options": [
        "Play a whole match",
        "Play one point against top players",
        "Coach professional players",
        "Watch the event on TV"
      ],
      "correct_answer": "Play one point against top players"
    }
  ],
  "background_read": [
    "Tennis is a sport where players hit a ball over a net with rackets. Professional tennis players compete in big tournaments like the Australian Open to win titles and money. Amateurs are people who play tennis for fun or as a hobby, not for a job. In this article, a special event let amateurs play against top pros for a chance to win a lot of money, which is unusual because usually only pros win big prizes. This shows how sports can have fun events that include everyone."
  ],
  "Article_Structure": [
    "WHO: Jordan Smith, an amateur tennis player, and other amateurs like Alec Reverente, competing against top players such as Jannik Sinner and Amanda Anisimova.",
    "WHAT: A tennis event called the Million Dollar One Point Slam where amateurs played one point against professionals to win A$1 million and other prizes.",
    "WHERE: Rod Laver Arena in Melbourne, Australia, in front of 10,000 spectators.",
    "WHY: To create an exciting and fun tournament that gives amateur players a chance to shine and win big rewards, while entertaining fans."
  ],
  "perspectives": [
    {
      "perspective": "Excitement for Amateurs",
      "description": "This event shows how amateur players can have a moment of glory and win life-changing prizes, making tennis more inclusive and thrilling for everyone."
    }
  ],
  "image_url": "/article_images/article_045952e738631b0e_57215fe83f87.webp"
}