{
  "title": "Regulatory Sanction: Virgin Media's £24m Fine for Compromising Telecare Safety in Digital Migration",
  "summary": "Ofcom, the UK communications regulator, has imposed a £23.8 million fine on Virgin Media for systemic failures in protecting vulnerable telecare users during the digital switchover from analogue to IP-based landline services. The penalty addresses Virgin Media's inadequate identification and support mechanisms for customers reliant on telecare systems—emergency devices that connect via landlines to summon help. Investigations revealed that the company's migration processes left thousands of elderly and disabled individuals without functional alarms, disconnecting those who did not actively engage in the transition and thereby exposing them to direct harm. The fine reflects multiple aggravating factors: the high vulnerability of affected customers, the prolonged duration of risk, the seriousness of the regulatory breach, and the potential for severe safety consequences. Virgin Media self-reported incidents from late 2023, acknowledging flaws while promoting subsequent improvements. This case underscores critical issues in the telecom industry's infrastructure modernization, where technological advancements must be balanced with ethical obligations to at-risk populations. Ofcom's enforcement action, articulated by director Ian Strawhorne, signals a stringent regulatory stance aimed at compelling corporate accountability and safeguarding public welfare in an evolving digital landscape.",
  "keywords": [
    {
      "term": "fine",
      "explanation": "a financial penalty levied by a regulatory body for non-compliance with legal or ethical standards"
    },
    {
      "term": "telecare",
      "explanation": "assistive technology systems that facilitate emergency communications for vulnerable individuals via landline infrastructure"
    },
    {
      "term": "digital switchover",
      "explanation": "the technological transition from analogue copper networks to digital IP-based telecommunications systems"
    },
    {
      "term": "vulnerable customers",
      "explanation": "consumer segments with heightened susceptibility to harm due to factors like age, disability, or socioeconomic status"
    },
    {
      "term": "Ofcom",
      "explanation": "the UK's independent regulatory authority for broadcasting, telecommunications, and postal services"
    },
    {
      "term": "enforcement action",
      "explanation": "formal measures undertaken by regulators to address violations and ensure adherence to regulatory frameworks"
    },
    {
      "term": "regulatory breach",
      "explanation": "a failure to comply with established regulations, potentially resulting in sanctions or penalties"
    },
    {
      "term": "infrastructure modernization",
      "explanation": "the process of upgrading legacy systems to contemporary technological standards"
    },
    {
      "term": "corporate accountability",
      "explanation": "the responsibility of companies to answer for their actions, particularly regarding social and ethical impacts"
    },
    {
      "term": "public welfare",
      "explanation": "the well-being and safety of the general population, often protected through regulatory oversight"
    }
  ],
  "questions": [
    {
      "question": "What specific regulatory failure led to Ofcom's fine against Virgin Media?",
      "options": [
        "Inadequate protection of telecare users during digital migration",
        "Violation of advertising standards",
        "Data privacy breaches",
        "Antitrust violations"
      ],
      "correct_answer": "A"
    },
    {
      "question": "How does the article characterize the telecare user demographic?",
      "options": [
        "Primarily elderly and disabled individuals",
        "Young professionals",
        "Students",
        "Business executives"
      ],
      "correct_answer": "A"
    },
    {
      "question": "What factors did Ofcom consider in determining the fine amount?",
      "options": [
        "Vulnerability, duration of risk, breach seriousness, potential harm",
        "Company revenue, market share, customer satisfaction",
        "Political climate, media coverage, stock prices",
        "Technological complexity, employee count, geographic location"
      ],
      "correct_answer": "A"
    },
    {
      "question": "When did Virgin Media self-report the incidents to Ofcom?",
      "options": [
        "November and December 2023",
        "February 2024",
        "October 2022",
        "June 2021"
      ],
      "correct_answer": "A"
    },
    {
      "question": "What broader industry trend is highlighted in the article?",
      "options": [
        "Transition from analogue to digital landline networks",
        "Decline in telecare usage",
        "Increase in mobile-only households",
        "Reduction in regulatory fines"
      ],
      "correct_answer": "A"
    },
    {
      "question": "What is the role of Ian Strawhorne as mentioned?",
      "options": [
        "Ofcom's enforcement director",
        "Virgin Media's compliance officer",
        "A telecare industry advocate",
        "A government policy advisor"
      ],
      "correct_answer": "A"
    },
    {
      "question": "What limitation is noted regarding the investigation's findings?",
      "options": [
        "Lack of exact numbers for affected customers",
        "Insufficient evidence from Virgin Media",
        "Bias in regulatory reporting",
        "Conflicts of interest among investigators"
      ],
      "correct_answer": "A"
    },
    {
      "question": "How does Virgin Media respond to the fine in the article?",
      "options": [
        "By admitting faults and announcing improvements",
        "By denying all allegations",
        "By suing Ofcom",
        "By ignoring the issue"
      ],
      "correct_answer": "A"
    },
    {
      "question": "What ethical implication arises from the case?",
      "options": [
        "Corporate responsibility to protect vulnerable groups during tech changes",
        "Need for reduced regulation in telecom",
        "Importance of profit maximization over safety",
        "Advocacy for eliminating telecare systems"
      ],
      "correct_answer": "A"
    },
    {
      "question": "What is the potential impact of Ofcom's enforcement action?",
      "options": [
        "Deterring other companies from similar failures",
        "Increasing customer fees",
        "Slowing digital migration",
        "Reducing telecare innovation"
      ],
      "correct_answer": "A"
    }
  ],
  "background_read": [
    "The digital switchover in telecommunications represents a pivotal shift from legacy analogue copper networks to digital IP-based systems, driven by technological obsolescence and reliability concerns. Telecare systems are integral to social care, enabling emergency response for vulnerable populations through landline dependencies. Regulatory frameworks, enforced by bodies like Ofcom, mandate consumer protection, especially for at-risk groups, during such transitions. Virgin Media's case exemplifies the complexities of infrastructure modernization, where corporate processes must align with ethical safeguards to prevent harm. This incident prompts scrutiny of industry-wide practices, highlighting the interplay between innovation, regulation, and social responsibility in ensuring public safety."
  ],
  "Article_Structure": [
    "Main Points: Virgin Media's £23.8m fine by Ofcom results from failures to safeguard telecare users during digital migration, exposing vulnerable customers to harm due to disconnected emergency alarms. Purpose: To analyze regulatory enforcement and its implications for corporate accountability in telecom infrastructure upgrades. Evidence Evaluation: Relies on Ofcom's investigation and Virgin Media's self-reporting, though limited by unspecified customer impact data, suggesting reliance on regulatory authority but potential gaps in transparency. Author Credibility: BBC Business provides credible journalism, but the article primarily cites official sources without independent verification. Methodology: Uses regulatory documents, company statements, and expert commentary to construct a narrative on safety breaches and regulatory responses. Critical Assessment: Strengths include clear reporting on regulatory actions and ethical issues; limitations involve lack of detailed data on affected customers and minimal critique of broader systemic factors in the industry."
  ],
  "perspectives": [
    {
      "perspective": "Ethical corporate governance",
      "description": "The case emphasizes the necessity for companies to integrate ethical considerations, such as protecting vulnerable stakeholders, into technological and operational decisions."
    }
  ],
  "image_url": "/article_images/article_f98a407614cba5ea_9f4c10b5c766.webp"
}