{
  "title": "Reevaluating the Multifaceted Drivers of Classic Maya Deurbanization",
  "summary": "Recent archaeological research led by Douglas Kennett of UC Santa Barbara challenges the predominant hypothesis that drought alone caused the collapse of Classic Maya cities. Published in the Proceedings of the National Academy of Sciences, the study employs population ecology theory to analyze urbanization patterns in the Maya Lowlands, integrating high-resolution climate data, archaeological evidence on population dynamics, conflict, and agricultural investments. The findings indicate that urbanization was propelled by interrelated factors including climate downturns, intergroup conflict, and economies of scale achieved through capital investments in agrarian infrastructure, which fostered urbanism, systemic inequality, and patron-client relationships. Conversely, deurbanization ensued when the advantages of urban living, such as resource sharing, were eclipsed by costs like environmental degradation and enhanced rural livability due to climate amelioration. This research leverages advanced computational modeling to quantify these relationships, revealing that the Maya decline was a complex process involving environmental, economic, and social dimensions. By synthesizing diverse datasets, the study provides a more holistic understanding of ancient urban cycles, underscoring the limitations of monocausal explanations and highlighting the relevance of such historical analyses for contemporary urban sustainability issues.",
  "keywords": [
    {
      "term": "population ecology theory",
      "explanation": "a framework examining how biological and social populations evolve in response to environmental pressures and interactions"
    },
    {
      "term": "economies of scale",
      "explanation": "reductions in per-unit costs resulting from increased scale of production, often due to shared infrastructure"
    },
    {
      "term": "systemic inequality",
      "explanation": "structural disparities in wealth and power that are embedded in social institutions"
    },
    {
      "term": "patron-client relationships",
      "explanation": "social bonds where elites provide resources and protection in exchange for support and labor from commoners"
    },
    {
      "term": "computational modeling",
      "explanation": "the use of algorithmic simulations to analyze complex systems and predict outcomes based on input data"
    },
    {
      "term": "environmental degradation",
      "explanation": "the deterioration of natural environments through processes like deforestation or soil depletion, often exacerbated by human activity"
    },
    {
      "term": "deurbanization",
      "explanation": "the demographic and economic shift away from urban centers to rural areas, often due to push and pull factors"
    },
    {
      "term": "archaeological evidence",
      "explanation": "material remains from past societies used to reconstruct historical events and behaviors"
    },
    {
      "term": "high-resolution climate records",
      "explanation": "detailed historical climate data derived from sources like ice cores or sediment layers, allowing precise temporal analysis"
    },
    {
      "term": "intergroup conflict",
      "explanation": "hostilities and competition between different social or political groups, influencing settlement patterns"
    }
  ],
  "questions": [
    {
      "question": "How does population ecology theory apply to the Maya study?",
      "options": [
        "By modeling population changes from environmental and social factors",
        "Focusing only on genetic evolution",
        "Analyzing modern urban policies",
        "Studying animal behavior in cities"
      ],
      "correct_answer": "By modeling population changes from environmental and social factors"
    },
    {
      "question": "What evidence supports the role of economies of scale in Maya urbanization?",
      "options": [
        "Investments in agricultural infrastructure",
        "Written records of trade",
        "Climate data alone",
        "Artistic depictions"
      ],
      "correct_answer": "Investments in agricultural infrastructure"
    },
    {
      "question": "How did computational modeling enhance the research?",
      "options": [
        "By analyzing complex dataset relationships",
        "By predicting exact population numbers",
        "By replacing archaeological digs",
        "By focusing solely on climate"
      ],
      "correct_answer": "By analyzing complex dataset relationships"
    },
    {
      "question": "What limitations might affect the study's conclusions?",
      "options": [
        "Gaps in archaeological records",
        "Too much focus on modern data",
        "Lack of any climate information",
        "Over-reliance on theoretical models"
      ],
      "correct_answer": "Gaps in archaeological records"
    },
    {
      "question": "What is systemic inequality in the context of Maya cities?",
      "options": [
        "Structural wealth and power disparities",
        "Equal distribution of resources",
        "Government regulations",
        "Foreign trade imbalances"
      ],
      "correct_answer": "Structural wealth and power disparities"
    },
    {
      "question": "How does the study address author credibility?",
      "options": [
        "Kennett is an experienced archaeologist with multidisciplinary support",
        "Authors are anonymous",
        "Based solely on historical texts",
        "No information provided"
      ],
      "correct_answer": "Kennett is an experienced archaeologist with multidisciplinary support"
    },
    {
      "question": "What triggered deurbanization according to the findings?",
      "options": [
        "When urban costs exceeded benefits",
        "Sudden natural disasters",
        "Invasions from other regions",
        "Economic booms in cities"
      ],
      "correct_answer": "When urban costs exceeded benefits"
    },
    {
      "question": "What methodology was used to gather data?",
      "options": [
        "Archaeological records and climate analysis",
        "Surveys of modern populations",
        "Experimental reenactments",
        "Theoretical deductions only"
      ],
      "correct_answer": "Archaeological records and climate analysis"
    },
    {
      "question": "How does the study evaluate the quality of evidence?",
      "options": [
        "By integrating multiple data sources and models",
        "By relying on anecdotal accounts",
        "By dismissing climate factors",
        "By using only historical narratives"
      ],
      "correct_answer": "By integrating multiple data sources and models"
    },
    {
      "question": "What broader implications does the research have?",
      "options": [
        "Insights into modern urban sustainability",
        "Proof that drought was irrelevant",
        "Solutions for current conflicts",
        "Methods for predicting weather"
      ],
      "correct_answer": "Insights into modern urban sustainability"
    }
  ],
  "background_read": [
    "The Classic Maya civilization, spanning from approximately 250 to 900 AD in Mesoamerica, is renowned for its sophisticated achievements in mathematics, astronomy, and architecture. Urban centers like Tikal and Palenque thrived but experienced a widespread collapse around the 9th century, traditionally attributed to prolonged droughts. However, contemporary scholarship increasingly highlights multifactorial causes, including sociopolitical instability, resource depletion, and economic shifts. This study builds on decades of archaeological work, incorporating new technological advances in data analysis to challenge reductionist explanations. Understanding the Maya collapse offers valuable parallels to modern issues such as climate change, urban planning, and social equity, emphasizing the importance of interdisciplinary approaches in historical analysis."
  ],
  "Article_Structure": [
    "The article's main points detail the coevolution of urbanism with climate, conflict, and economic factors in the Maya Lowlands, arguing against monocausal theories like drought. Its purpose is to advance scholarly debate by applying population ecology and computational models to historical data, situating the findings in broader discussions on urban sustainability. Evidence evaluation critically assesses archaeological and climate datasets as robust but potentially incomplete, requiring careful interpretation. Author credibility is strengthened by Kennett's expertise and collaborative institutional support, though potential biases towards environmental determinism are noted. Methodology employs quantitative modeling and interdisciplinary data synthesis, offering innovative insights but limited by the speculative nature of reconstructing ancient societies, thus calling for further empirical validation."
  ],
  "perspectives": [
    {
      "perspective": "Environmental determinism",
      "description": "Posits that climate and environment are primary drivers, but this study shows they interact with social factors."
    },
    {
      "perspective": "Social constructivism",
      "description": "Argues that human agency and social structures played crucial roles in urban dynamics."
    }
  ],
  "image_url": "/article_images/article_5e231f318b6233e6_a3dd28f49c4f.webp"
}