{
  "title": "Unraveling the Complex Causes of the Maya Collapse",
  "summary": "The collapse of Classic Maya cities has long been attributed to severe droughts, but new research reveals a more intricate story. Archaeologist Douglas Kennett and his team from UC Santa Barbara conducted a study published in the Proceedings of the National Academy of Sciences, applying population ecology theory to analyze urbanization in the Maya Lowlands. They found that the rise of cities was driven by climate downturns, intergroup conflict, and economies of scale from agricultural investments. However, deurbanization occurred when the benefits of city life, such as shared resources, no longer outweighed the costs, including environmental degradation near cities and improved rural conditions due to climate changes. The team used archaeological data on population shifts, conflict, and agricultural systems, enhanced by high-resolution climate records and computational modeling. This approach allowed them to quantify factors like inequality and patron-client relationships, showing that the Maya collapse involved a combination of environmental, social, and economic pressures, not just drought.",
  "keywords": [
    {
      "term": "urbanization",
      "explanation": "the process of people moving to and developing cities"
    },
    {
      "term": "deurbanization",
      "explanation": "the process where people leave cities and return to rural areas"
    },
    {
      "term": "population ecology",
      "explanation": "a theory that studies how populations change due to environmental and social factors"
    },
    {
      "term": "economies of scale",
      "explanation": "benefits from larger operations, like shared infrastructure reducing costs"
    },
    {
      "term": "environmental degradation",
      "explanation": "damage to the environment, such as soil erosion or pollution"
    },
    {
      "term": "computational modeling",
      "explanation": "using computer simulations to analyze complex data and relationships"
    },
    {
      "term": "systemic inequality",
      "explanation": "ongoing unfairness in society, like wealth gaps"
    },
    {
      "term": "patron-client relationships",
      "explanation": "connections where powerful people provide support in exchange for loyalty"
    }
  ],
  "questions": [
    {
      "question": "What theory did Kennett's team use in their study?",
      "options": [
        "Population ecology",
        "Quantum physics",
        "Behavioral economics",
        "Literary analysis"
      ],
      "correct_answer": "Population ecology"
    },
    {
      "question": "Which factors contributed to the rise of Maya cities?",
      "options": [
        "Climate downturns and conflict",
        "Only drought",
        "Technological advances",
        "Foreign invasions"
      ],
      "correct_answer": "Climate downturns and conflict"
    },
    {
      "question": "What triggered deurbanization according to the study?",
      "options": [
        "Costs outweighing benefits",
        "Increase in city populations",
        "Discovery of new lands",
        "Government policies"
      ],
      "correct_answer": "Costs outweighing benefits"
    },
    {
      "question": "How did the researchers gather data?",
      "options": [
        "Archaeological records and climate data",
        "Only surveys",
        "Interviews with Maya descendants",
        "Satellite images alone"
      ],
      "correct_answer": "Archaeological records and climate data"
    },
    {
      "question": "What role did computational modeling play?",
      "options": [
        "Analyzing relationships between datasets",
        "Predicting future climates",
        "Building new cities",
        "Writing historical texts"
      ],
      "correct_answer": "Analyzing relationships between datasets"
    },
    {
      "question": "What is economies of scale?",
      "options": [
        "Benefits from larger operations",
        "Small-scale farming",
        "Individual savings",
        "Trade routes"
      ],
      "correct_answer": "Benefits from larger operations"
    },
    {
      "question": "Where was the study published?",
      "options": [
        "Proceedings of the National Academy of Sciences",
        "Science Daily",
        "History Journal",
        "Nature Magazine"
      ],
      "correct_answer": "Proceedings of the National Academy of Sciences"
    },
    {
      "question": "What improved the analysis in recent years?",
      "options": [
        "High-resolution climate records",
        "Ancient manuscripts",
        "Oral histories",
        "Artifacts only"
      ],
      "correct_answer": "High-resolution climate records"
    }
  ],
  "background_read": [
    "The Classic Maya civilization flourished from around 250 to 900 AD in regions like present-day Mexico, Guatemala, and Belize. They are known for their advanced writing, calendar, and architecture, including pyramids and cities. The collapse of many Maya cities around 900 AD has been a topic of debate, with theories often focusing on drought. However, archaeologists now emphasize that social factors, such as conflict and inequality, played significant roles. This study uses modern methods to re-examine these causes, highlighting how urban centers can decline due to a mix of environmental and human factors, which is relevant to understanding modern urban challenges."
  ],
  "Article_Structure": [
    "The article's main points focus on the complex causes of Maya urban rise and decline, including climate, conflict, and economic factors. Its purpose is to challenge the simplistic drought narrative and provide a nuanced understanding using scientific methods. Evidence evaluation shows reliance on archaeological data and climate records, which are robust but limited by historical gaps. Author credibility is high, as Douglas Kennett is an experienced archaeologist from UC Santa Barbara, supported by a multidisciplinary team. Methodology involves population ecology theory, computational modeling, and analysis of long-term datasets, offering a comprehensive but not exhaustive view of ancient urbanization dynamics."
  ],
  "perspectives": [
    {
      "perspective": "Environmental perspective",
      "description": "Emphasizes climate change and drought as key drivers, but acknowledges other factors."
    },
    {
      "perspective": "Social perspective",
      "description": "Focuses on human actions like conflict and inequality in urban decline."
    }
  ],
  "image_url": "/article_images/article_5e231f318b6233e6_a3dd28f49c4f.webp"
}