{
  "title": "Andy Burnham's Political Crossroads: By-Election and Leadership Ambitions",
  "summary": "Andy Burnham, the Mayor of Greater Manchester, faces a Saturday deadline to decide whether to stand in the Gorton and Denton by-election. Winning this parliamentary seat would allow him to challenge Sir Keir Starmer for the Labour Party leadership, as he must be an MP to enter any leadership race. However, significant hurdles exist: as a directly-elected mayor, Burnham requires permission from Labour's National Executive Committee (NEC) to become a candidate. Reports suggest that allies of Sir Keir on the NEC may attempt to block his candidacy, potentially angering Labour MPs who support Burnham. Burnham has not confirmed his intentions, stating he is focused on his mayoral duties and urging against premature conclusions. Deputy Labour leader Lucy Powell, an NEC member, expressed support for Burnham, calling him a popular politician who should decide for himself, while also emphasizing unity behind Starmer. The by-election occurs amid speculation about Starmer's leadership after upcoming difficult elections in May. Additionally, former deputy prime minister Angela Rayner is expected to advocate for the NEC not to block Burnham, highlighting internal party dynamics. This situation reflects broader political tensions within Labour as it navigates electoral challenges and leadership questions.",
  "keywords": [
    {
      "term": "by-election",
      "explanation": "a special election held to fill a vacant parliamentary seat between general elections"
    },
    {
      "term": "directly-elected mayor",
      "explanation": "a mayor chosen by public vote to lead a specific region, like Greater Manchester"
    },
    {
      "term": "National Executive Committee",
      "explanation": "the governing body of the Labour Party that makes key decisions on candidates and policy"
    },
    {
      "term": "leadership challenge",
      "explanation": "an attempt to replace the current leader of a political party through internal competition"
    },
    {
      "term": "parliamentary seat",
      "explanation": "a position in the UK Parliament representing a constituency, held by an MP"
    },
    {
      "term": "internal party dynamics",
      "explanation": "the relationships and conflicts within a political party that influence decisions and unity"
    }
  ],
  "questions": [
    {
      "question": "What is the deadline for Andy Burnham to decide on standing in the by-election?",
      "options": [
        "Saturday at 17:00 GMT",
        "Friday at noon",
        "Next Monday",
        "In May"
      ],
      "correct_answer": "Saturday at 17:00 GMT"
    },
    {
      "question": "Why must Andy Burnham win the parliamentary seat to challenge for Labour leadership?",
      "options": [
        "He needs to be an MP to enter a leadership race",
        "It is a rule for all mayors",
        "Sir Keir Starmer requires it",
        "The NEC demands it"
      ],
      "correct_answer": "He needs to be an MP to enter a leadership race"
    },
    {
      "question": "What hurdle does Burnham face as a directly-elected mayor?",
      "options": [
        "He needs NEC permission to stand as a candidate",
        "He must resign as mayor first",
        "He has to win a public vote",
        "He needs approval from the Prime Minister"
      ],
      "correct_answer": "He needs NEC permission to stand as a candidate"
    },
    {
      "question": "Who might try to block Burnham's candidacy on the NEC?",
      "options": [
        "Allies of Sir Keir Starmer",
        "Lucy Powell",
        "Angela Rayner",
        "The public"
      ],
      "correct_answer": "Allies of Sir Keir Starmer"
    },
    {
      "question": "What did Lucy Powell emphasize about Labour unity?",
      "options": [
        "Members should get behind Keir Starmer",
        "Burnham should lead immediately",
        "The NEC should be abolished",
        "Elections should be delayed"
      ],
      "correct_answer": "Members should get behind Keir Starmer"
    },
    {
      "question": "When are elections expected to be difficult for Labour, according to the article?",
      "options": [
        "In May",
        "In January",
        "Next year",
        "In December"
      ],
      "correct_answer": "In May"
    },
    {
      "question": "Who is expected to support Burnham by telling the NEC not to block him?",
      "options": [
        "Angela Rayner",
        "Sir Keir Starmer",
        "Lucy Powell",
        "A council member"
      ],
      "correct_answer": "Angela Rayner"
    },
    {
      "question": "What broader issue does the by-election highlight within the Labour Party?",
      "options": [
        "Internal tensions and leadership questions",
        "Economic policies",
        "Foreign relations",
        "Education reform"
      ],
      "correct_answer": "Internal tensions and leadership questions"
    }
  ],
  "background_read": [
    "In UK politics, by-elections are crucial events that can shift power dynamics within parties. The Labour Party, one of the major political forces, has a hierarchical structure led by the National Executive Committee (NEC), which oversees candidate selections and party rules. Andy Burnham is a prominent figure with experience as a former Labour minister and current mayor, often seen as a potential leadership contender. Sir Keir Starmer, the current Labour leader, faces pressure from upcoming elections in May, which could influence his position. Internal party conflicts, such as those between Starmer's allies and supporters of figures like Burnham, reflect deeper ideological and strategic divisions. Understanding these elements helps contextualize the stakes of the Gorton and Denton by-election and its implications for Labour's future direction."
  ],
  "Article_Structure": [
    "This article analyzes the political dilemma facing Andy Burnham as he considers a by-election candidacy. Main Points: Burnham must decide by Saturday to run in Gorton and Denton, with winning enabling a leadership challenge against Starmer, but he faces NEC permission hurdles and potential opposition from Starmer's allies. Purpose: To inform about internal Labour dynamics and leadership speculation ahead of key elections. Evidence Evaluation: Relies on BBC reports and statements from politicians like Powell and Rayner, providing credible but potentially biased insights. Author Credibility: BBC News is a reputable source, though the article cites anonymous sources for NEC actions. Methodology: Uses direct quotes, political analysis, and contextual information to build a narrative on party conflicts and electoral strategies."
  ],
  "perspectives": [
    {
      "perspective": "Pro-Burnham View",
      "description": "Supporters argue Burnham's popularity and experience make him a strong candidate to revitalize Labour and win elections, with figures like Powell and Rayner backing his potential candidacy."
    },
    {
      "perspective": "Pro-Starmer View",
      "description": "Allies of Starmer may seek to block Burnham to maintain current leadership stability and avoid internal divisions, especially before challenging May elections."
    }
  ],
  "image_url": "/article_images/article_6b72a74fd2ff5af9_86a6896bdee0.webp"
}