{
  "title": "Investigating the Kidnapping of Nancy Guthrie: Clues and Challenges",
  "summary": "Nancy Guthrie, an 84-year-old woman from Tucson, Arizona, disappeared from her home on January 31, in a suspected kidnapping. Her family last saw her after a dinner and games evening, and reported her missing when she failed to attend church the next day. Authorities, including the Pima County Sheriff's Office, have found evidence such as blood matching Nancy's DNA on her front porch and a disconnected doorbell camera, indicating forced entry. Nancy relies on a pacemaker and daily medication, raising concerns about her deteriorating health. Investigators are examining ransom notes and attempting to recover footage from the camera, but technical issues have hindered progress due to an inactive subscription. Sheriff Chris Nanos highlighted the challenges with technology in solving the case. The community, through the Catalina Foothills Association, is assisting by sharing surveillance images and allowing property searches. Despite extensive efforts, no suspect has been identified, and the search continues with a focus on accessing digital evidence and gathering tips.",
  "keywords": [
    {
      "term": "suspected kidnapping",
      "explanation": "an event where someone is believed to have been taken illegally, based on initial evidence"
    },
    {
      "term": "DNA evidence",
      "explanation": "genetic material used to identify individuals, like blood samples in investigations"
    },
    {
      "term": "doorbell camera",
      "explanation": "a device that records video at a home's entrance, often used for security"
    },
    {
      "term": "ransom notes",
      "explanation": "written demands for payment in exchange for a kidnapped person's release"
    },
    {
      "term": "Pima County Sheriff",
      "explanation": "the law enforcement agency responsible for the area where the incident occurred"
    },
    {
      "term": "community assistance",
      "explanation": "help from local residents, such as providing information or resources to authorities"
    },
    {
      "term": "technical challenges",
      "explanation": "difficulties related to technology, like accessing data from devices"
    },
    {
      "term": "health deterioration",
      "explanation": "a decline in physical condition, especially concerning for someone with medical needs"
    }
  ],
  "questions": [
    {
      "question": "When was Nancy Guthrie last seen by her family?",
      "options": [
        "January 31",
        "February 1",
        "January 30",
        "February 2"
      ],
      "correct_answer": "January 31"
    },
    {
      "question": "What evidence suggests Nancy was taken against her will?",
      "options": [
        "Blood on the porch and disconnected camera",
        "A ransom note found at home",
        "Neighbor testimonies",
        "Church attendance records"
      ],
      "correct_answer": "Blood on the porch and disconnected camera"
    },
    {
      "question": "Who is leading the investigation?",
      "options": [
        "Pima County Sheriff's Office",
        "Catalina Foothills Association",
        "Savannah Guthrie",
        "Local church group"
      ],
      "correct_answer": "Pima County Sheriff's Office"
    },
    {
      "question": "Why is Nancy's health a critical factor in the search?",
      "options": [
        "She has a pacemaker and needs daily medication",
        "She is very old",
        "She lives alone",
        "She has no family nearby"
      ],
      "correct_answer": "She has a pacemaker and needs daily medication"
    },
    {
      "question": "What technical issue is hindering the investigation?",
      "options": [
        "Inactive subscription to camera service",
        "Broken camera hardware",
        "Lack of internet connection",
        "Outdated software"
      ],
      "correct_answer": "Inactive subscription to camera service"
    },
    {
      "question": "How is the community helping with the search?",
      "options": [
        "Sharing camera images and allowing property searches",
        "Donating money to the family",
        "Organizing protests",
        "Writing to newspapers"
      ],
      "correct_answer": "Sharing camera images and allowing property searches"
    },
    {
      "question": "What has Sheriff Chris Nanos said about the technology challenges?",
      "options": [
        "It's not as easy as getting a clear picture of the suspect",
        "Technology always provides quick answers",
        "They have recovered all footage",
        "No challenges exist"
      ],
      "correct_answer": "It's not as easy as getting a clear picture of the suspect"
    },
    {
      "question": "What type of neighborhood does Nancy live in?",
      "options": [
        "Upscale desert area near Tucson",
        "Urban city center",
        "Rural farmland",
        "Coastal town"
      ],
      "correct_answer": "Upscale desert area near Tucson"
    }
  ],
  "background_read": [
    "This case involves the kidnapping of Nancy Guthrie, highlighting real-world investigative processes. Kidnapping is a felony where someone is abducted, often for ransom. In the U.S., law enforcement uses evidence like DNA and surveillance to solve crimes. The article shows how technology, such as doorbell cameras, plays a role but can have limitations like subscription issues. Community involvement is crucial in missing persons cases, as seen with neighborhood associations aiding police. Understanding these elements helps grasp the complexities of criminal investigations and public safety efforts."
  ],
  "Article_Structure": [
    "Main Points: The article details the disappearance of Nancy Guthrie, suspected as a kidnapping, with evidence like blood and a disconnected camera. Purpose: To inform the public about the ongoing investigation, challenges with technology, and community efforts. Evidence Evaluation: Evidence includes DNA-matched blood and camera data, but its reliability is limited by technical issues like an inactive subscription. Author Credibility: The article is from PBS NewsHour, citing the Associated Press, which is a reputable news source known for factual reporting. Methodology: Information is gathered from official statements by authorities like Sheriff Nanos, family reports, and community updates, providing a balanced view."
  ],
  "perspectives": [
    {
      "perspective": "Law enforcement view",
      "description": "Authorities are methodically investigating with available evidence but face technological hurdles in accessing crucial footage."
    }
  ],
  "image_url": "/article_images/article_56d2faba4e036639_381316e17086.webp"
}