{
  "articles": [
    {
      "id": "e705bed80aef7922",
      "title": "Evaluating Incremental Gains in England's Bathing Water Quality: Data and Debates",
      "summary": "The latest figures from the Environment Agency reveal a marginal enhancement in water quality at England's bathing sites, with 93% of 449 monitored locations meeting minimum bacterial standards this summer, compared to 92% the previous year. Concurrently, the count of sites rated 'poor' declined from 37 to 32, though this remains the second highest in a decade, while 'excellent' ratings rose to 66%. These metrics, covering 2022-2025, are influenced by pollution from sewage spills, agricultural activities, and climatic conditions, with monitoring conducted annually from May to September. The government touts bathing water reforms as instrumental in further improvements, whereas industry voices from Water UK assert ongoing initiatives to mitigate sewage discharges. However, campaigners critique the persistence of health hazards, underscoring the inadequacy of current measures. This analysis underscores the complex interplay of regulatory enforcement, economic investments, and environmental advocacy in addressing water pollution, highlighting both achievements and the imperative for sustained, critical action to safeguard public health and ecological integrity.",
      "source": "BBC Science",
      "time_ago": "1 hour ago",
      "image_url": "/article_images/article_e705bed80aef7922_43a1fda9842d.webp",
      "category": "Science"
    },
    {
      "id": "6ab1b830c5cc59c1",
      "title": "Investigating Exosome Dysfunction as a Key Factor in Alzheimer's Pathogenesis",
      "summary": "A groundbreaking study from Aarhus University has elucidated a critical defect in exosome biogenesis associated with Alzheimer's disease, focusing on mutations in the Sorl1 gene. Exosomes, nanoscale extracellular vesicles, are essential for intercellular communication, particularly in the brain's immune cells, where they facilitate cellular activation and maintenance. The research demonstrates that mutations in the SORLA protein lead to a 30% reduction in exosome production and a 50% impairment in their ability to stimulate neighboring cell growth and maturation. This dysfunction is posited to disrupt neural homeostasis, thereby increasing Alzheimer's risk. The findings provide a mechanistic insight into how genetic predispositions translate into pathological changes, suggesting that exosome quality and quantity are vital for brain health. Consequently, the study proposes novel therapeutic strategies, such as modulating SORLA function or targeting alternative receptors to enhance exosome efficacy. With Alzheimer's representing a major public health challenge due to limited treatment options, this research underscores the importance of molecular pathways in developing targeted interventions, potentially paving the way for advanced treatments that address the root causes of neurodegeneration.",
      "source": "Science Daily",
      "time_ago": "3 hours ago",
      "image_url": "/article_images/article_6ab1b830c5cc59c1_6148a5afd28b.webp",
      "category": "Science"
    },
    {
      "id": "e856e32eab138b32",
      "title": "Dietary Flavanols as a Mitigant for Vascular Dysfunction Induced by Prolonged Sedentary Behavior",
      "summary": "A study published in the Journal of Physiology by researchers at the University of Birmingham investigates the potential of flavanol-rich foods, such as cocoa, tea, berries, and apples, to counteract the detrimental vascular effects associated with extended sitting. Sedentary behavior, prevalent among young adults who average six hours daily seated, impairs vascular function, quantified through brachial flow-mediated dilatation (FMD), where a mere 1% decline correlates with a 13% increased risk of cardiovascular diseases like heart attacks and strokes. The experimental design involved forty healthy young men, stratified by fitness levels, who consumed either a high-flavanol cocoa beverage (695 mg) or a low-flavanol control (5.6 mg) prior to a two-hour sitting session. Outcomes revealed that the high-flavanol group maintained FMD, shear rate, blood flow, and leg muscle oxygenation, whereas the low-flavanol group exhibited significant declines, indicating that physical fitness alone does not confer protection. These findings suggest flavanols may alleviate vascular stress from inactivity, offering insights into dietary strategies for cardiovascular risk reduction. However, the exclusion of women due to potential estrogen-related influences underscores a critical limitation, necessitating further research to validate applicability across genders and explore long-term effects.",
      "source": "Science Daily",
      "time_ago": "6 hours ago",
      "image_url": "/article_images/article_e856e32eab138b32_18a9506d422b.webp",
      "category": "Science"
    },
    {
      "id": "2c0e3dcfcb2c70c6",
      "title": "Advanced Laser Techniques in Elucidating Lightning Initiation Mechanisms",
      "summary": "At the Institute of Science and Technology Austria, researchers are employing sophisticated laser methodologies to delve into the enigmatic processes underlying lightning formation. Utilizing optical tweezers composed of intersecting laser beams, they have developed a system to trap and electrically charge individual aerosol particles, specifically silica spheres, within a sealed, vibration-isolated environment. This setup enables precise observation of charge dynamics, revealing that particles undergo charging through a two-photon absorption process, wherein simultaneous photon impacts eject electrons, leading to progressive positive charge accumulation. Subsequently, the particles exhibit intermittent spontaneous discharges, which may analogize natural charge-release cycles in atmospheric clouds. The research, documented in Physical Review Letters, represents a significant advancement in understanding cloud electrification by providing a controlled laboratory model. It underscores the role of photon-induced electron emission in charge buildup and suggests potential parallels to lightning triggers. This work not only enhances fundamental knowledge of electrostatics in aerosols but also holds implications for improving atmospheric models and storm prediction technologies, bridging gap between theoretical physics and practical meteorology.",
      "source": "Science Daily",
      "time_ago": "8 hours ago",
      "image_url": "/article_images/article_2c0e3dcfcb2c70c6_24cd170a0e66.webp",
      "category": "Science"
    },
    {
      "id": "a4994f39c5310c08",
      "title": "Extraterrestrial Viability of Moss Sporophytes: A Study on Long-Term Space Survival",
      "summary": "A groundbreaking study published in iScience reveals that moss sporophytes from Physcomitrium patens can survive prolonged exposure to the harsh conditions of outer space. Conducted by researchers at Hokkaido University, led by Tomomichi Fujita, the investigation involved both laboratory simulations and an actual space mission. In simulations, sporophytes demonstrated approximately 1,000 times greater UV radiation tolerance compared to other moss forms like protenemata and brood cells, and they withstood extreme temperatures ranging from -196°C to 55°C. For the space trial, sporophytes were launched to the International Space Station aboard Cygnus NG-17 in March 2022, mounted externally for 283 days, and returned via SpaceX CRS-16 in January 2023. Post-recovery analysis showed that over 80% of spores remained viable and capable of germination, marking the first evidence of an early land plant enduring long-term space exposure. Fujita noted that the protective encasement of spores likely absorbs UV light and provides chemical shielding, an adaptation that may have facilitated bryophytes' transition from aquatic to terrestrial environments 500 million years ago and their survival through mass extinctions. This research not only expands understanding of plant extremophilia but also has implications for astrobiology, suggesting potential for life's persistence in extraterrestrial settings and informing future bioregenerative life support systems in space exploration.",
      "source": "Science Daily",
      "time_ago": "8 hours ago",
      "image_url": "/article_images/article_a4994f39c5310c08_6d1cc7e8beee.webp",
      "category": "Science"
    },
    {
      "id": "9cca53bff6bbe6f2",
      "title": "Chemical Mechanisms of Synthetic Emerald-Green Pigment Degradation in Art Conservation",
      "summary": "A recent study published in Science Advances delves into the chemical degradation of synthetic emerald-green pigments, widely used in 19th-century artworks by masters such as Ensor, Cézanne, and Munch. European researchers employed sophisticated analytical techniques, including synchrotron radiation and Fourier transform infrared imaging, to examine microsamples from James Ensor's The Intrigue and laboratory-created paint mockups. Their findings elucidate distinct degradation pathways: exposure to UV light induces oxidation of trivalent arsenic, leading to color dulling, while high humidity promotes the formation of arsenolite, resulting in brittleness and flaking. This research contextualizes prior studies, such as those on Munch's The Scream, which emphasized humidity's impact, and integrates with broader conservation science efforts addressing metal soap formations in oil paintings. By identifying specific environmental triggers, the study provides critical insights for developing targeted preservation strategies, highlighting the interplay between material science and art history in safeguarding cultural heritage against irreversible damage.",
      "source": "Ars Science",
      "time_ago": "16 hours ago",
      "image_url": "/article_images/article_9cca53bff6bbe6f2_35b7b407c7ba.webp",
      "category": "Science"
    }
  ]
}