{
  "articles": [
    {
      "id": "7d3d69b5db4c3d62",
      "title": "Toxic Exposure in Firefighting Foam at 3M Factory",
      "summary": "An investigation by BBC File on 4 has revealed that dozens of workers at a 3M factory in Swansea, Wales, were exposed to toxic chemicals over decades. The factory, which operated from 1952 to 2023, manufactured products like nappy fastenings and video tapes, employing over 1,000 people. Workers selected for the 'fire party' team used aqueous film-forming foam (AFFF) during monthly training to put out chemical fires. This foam contained PFOS and PFOA, two 'forever chemicals' that are carcinogenic and persist in the environment. 3M, a multi-billion-dollar US company, knew about the health risks but failed to inform employees. Although the company stopped manufacturing these chemicals in 2002, they remained at the site, leading to environmental contamination. In 2023, 3M closed the factory and applied for redevelopment, but a land contamination report submitted to the local council showed the site is polluted with PFOS and PFOA from historic firefighting activities. The BBC tracked down former workers, who are now speaking publicly about their experiences, highlighting issues of corporate responsibility and worker safety.",
      "source": "BBC Science",
      "time_ago": "6 hours ago",
      "image_url": "/article_images/article_7d3d69b5db4c3d62_5029d9888707.webp",
      "category": "Science"
    },
    {
      "id": "f071a846c557f3de",
      "title": "Climate Shift and Human Migration in the Pacific 1,000 Years Ago",
      "summary": "A recent study by researchers from the University of Southampton and University of East Anglia reveals that a significant climate shift around 1,000 years ago may have driven epic voyages across the Pacific. Using sediment cores from islands like Tahiti and Nuku Hiva, scientists analyzed plant waxes to reconstruct rainfall patterns over the last 1,500 years. They found that Western Polynesia, including Samoa and Tonga, experienced drying, while Eastern Polynesia, such as French Polynesia, became wetter. This change is linked to a natural shift in sea surface temperatures that moved the South Pacific Convergence Zone eastward. The researchers propose that this created a 'push-pull' effect: drier conditions in the west made life harder, pushing communities to seek new homes, while increased rainfall in the east pulled them toward more favorable environments. This aligns with the timing of human settlement into Eastern Polynesia, suggesting that climate adaptation motivated long-distance ocean travel. The study is part of the PROMS project, which explores long-term Pacific rainfall changes and their impacts on human history, highlighting how past climate variations influenced migration patterns.",
      "source": "Science Daily",
      "time_ago": "8 hours ago",
      "image_url": "/article_images/article_f071a846c557f3de_5be662d9beb5.webp",
      "category": "Science"
    },
    {
      "id": "9dac1c7723f613cc",
      "title": "The Evolution of Consciousness: From Survival to Self-Awareness",
      "summary": "This article explores the evolutionary reasons behind consciousness, the state of being aware and experiencing sensations like pleasure and pain. Scientists Albert Newen and Carlos Montemayor identify three forms of consciousness. First, basic arousal evolved early to alert organisms to life-threatening situations, with pain serving as a key signal for survival responses like fleeing. Second, general alertness developed later, enabling focused attention on important stimuli, such as detecting smoke to find fire, which facilitates learning about correlations. Third, reflexive or self-consciousness allows individuals, including humans and some animals like chimpanzees and birds, to reflect on themselves, recognize their mirror image, and engage in social coordination. Research by Gianmarco Maldarelli and Onur Güntürkün suggests birds exhibit sensory consciousness, with studies showing pigeons interpreting ambiguous images and crows having brain signals tied to perception. Bird brains, despite anatomical differences, contain structures like the NCL that support conscious processing, similar to mammalian prefrontal cortex, aligning with theories like the Global Neuronal Workspace. This analysis highlights consciousness as an adaptive trait that enhances survival, learning, and social integration across species.",
      "source": "Science Daily",
      "time_ago": "21 hours ago",
      "image_url": "/article_images/article_9dac1c7723f613cc_06cba3a37ad5.webp",
      "category": "Science"
    },
    {
      "id": "e4aa223801eb2e1d",
      "title": "Exploring Hidden Dimensions: A New Theory of Mass and Geometry",
      "summary": "Recent theoretical physics research proposes that the origin of mass might be explained by hidden dimensions and geometric structures, rather than the traditional Higgs field. In a study published in Nuclear Physics B, physicist Richard Pincak and his team investigate extra dimensions that are compact and folded into complex seven-dimensional shapes called G2-manifolds. These dimensions are not directly observable but can evolve over time through a mathematical process known as G2-Ricci flow, which alters their internal geometry. The researchers found that these shapes can possess torsion, an intrinsic twist similar to DNA or amino acids, leading to stable configurations called solitons. These solitons could provide a geometric explanation for phenomena like spontaneous symmetry breaking, which is key in particle physics. Instead of mass arising from interactions with the Higgs field, as in the Standard Model, this theory suggests mass emerges from the resistance of geometry itself. Additionally, the team connects geometric torsion to the curvature of spacetime, potentially explaining the accelerating expansion of the universe linked to the cosmological constant. They also speculate about a new particle, the Torstone, which might be detectable in future experiments. This work extends Einstein's vision by emphasizing geometry as a fundamental driver of physical forces and particles.",
      "source": "Science Daily",
      "time_ago": "21 hours ago",
      "image_url": "/article_images/article_e4aa223801eb2e1d_eeebefaafce9.webp",
      "category": "Science"
    },
    {
      "id": "3df1e28cca87df08",
      "title": "Mosasaurs Adapted to River Life Before Extinction",
      "summary": "Researchers discovered a mosasaur tooth in North Dakota's river deposits, dating back about 66 million years ago, which challenges the belief that these giant marine reptiles lived exclusively in oceans. The tooth, found alongside a Tyrannosaurus rex tooth and a crocodylian jawbone, prompted an international team led by Uppsala University to investigate. Using isotope analysis on the tooth enamel, scientists measured oxygen, strontium, and carbon isotopes. Results showed high levels of lighter oxygen isotopes and specific strontium ratios, indicating a freshwater river environment rather than a marine one. Carbon isotopes suggested the mosasaur did not dive deep and may have fed on drowned dinosaurs. Additional teeth from nearby sites supported these findings, revealing that mosasaurs inhabited riverine systems in the final million years before their extinction. The study explains that the Western Interior Seaway, an ancient inland sea, gradually turned brackish and then freshwater due to increased freshwater input, creating a halocline where lung-breathing mosasaurs could live in the upper freshwater layer. This adaptation is simpler than moving from freshwater to marine habitats, as seen in modern animals like river dolphins and estuarine crocodiles.",
      "source": "Science Daily",
      "time_ago": "23 hours ago",
      "image_url": "/article_images/article_3df1e28cca87df08_b59e123ef4fa.webp",
      "category": "Science"
    },
    {
      "id": "470288b113db43b0",
      "title": "Spain's Renewable Energy Push and Challenges",
      "summary": "Spain is advancing its renewable energy transition, exemplified by the town of Figueruelas in Aragón, which hosts wind turbines and a new battery factory for electric vehicles, funded by Chinese and Dutch companies. This investment highlights Spain's commitment to green energy, with renewables contributing 57% of electricity last year, up from a third in 2017, and a government target of 81% by 2030. Prime Minister Pedro Sánchez promotes this shift with slogans like 'Green, baby, green.' However, a major blackout in April affected Spain and Portugal, sparking political debate. Opposition leader Alberto Núñez Feijóo criticized the government's 'fanaticism' towards renewables, suggesting over-reliance might have caused the outage, especially given record solar generation beforehand. The government and grid operator deny this link, but the incident has raised questions about Spain's energy model and its reliance on intermittent sources like wind and solar.",
      "source": "BBC Science",
      "time_ago": "1 day ago",
      "image_url": "/article_images/article_470288b113db43b0_7e5dc5701571.webp",
      "category": "Science"
    }
  ]
}