{
  "generated_at": "2025-11-12T13:03:04.587Z",
  "dates": [
    {
      "date": "2025-11-12",
      "supabase_path": "website/2025-11-12",
      "payloads_url": "https://lfknsvavhiqrsasdfyrs.supabase.co/storage/v1/object/public/shared-storage/website/2025-11-12/payloads/",
      "images_url": "https://lfknsvavhiqrsasdfyrs.supabase.co/storage/v1/object/public/shared-storage/website/2025-11-12/article_images/",
      "article_payloads_url": "https://lfknsvavhiqrsasdfyrs.supabase.co/storage/v1/object/public/shared-storage/website/2025-11-12/article_payloads/"
    },
    {
      "date": "2025-11-11",
      "supabase_path": "website/2025-11-11",
      "payloads_url": "https://lfknsvavhiqrsasdfyrs.supabase.co/storage/v1/object/public/shared-storage/website/2025-11-11/payloads/",
      "images_url": "https://lfknsvavhiqrsasdfyrs.supabase.co/storage/v1/object/public/shared-storage/website/2025-11-11/article_images/",
      "article_payloads_url": "https://lfknsvavhiqrsasdfyrs.supabase.co/storage/v1/object/public/shared-storage/website/2025-11-11/article_payloads/"
    }
  ]
}