{
  "articles": [
    {
      "id": "6578d20d9b390c98",
      "title": "Analyzing the Prime Minister's Stance on BBC Accountability and Independence",
      "summary": "Prime Minister Sir Keir Starmer's recent remarks concerning the BBC underscore a critical juncture in media governance, where he demands the corporation rectify its mistakes and adhere to the highest standards of journalism, while simultaneously endorsing its strength and independence. This dual emphasis reflects broader societal concerns about media reliability and the role of public broadcasters in democratic systems. Starmer's statement implies that the BBC's occasional errors could erode public trust, necessitating internal reforms to ensure accuracy and impartiality. However, his support for independence highlights a commitment to safeguarding the BBC from governmental overreach, preserving its editorial autonomy. This tension between accountability and freedom is central to discussions on media ethics, as the BBC, funded by public license fees, must balance operational integrity with external expectations. The article, sourced from the BBC itself, adds layers of self-reflection and potential bias, inviting scrutiny on how such institutions report on their own critiques. Ultimately, this situation illustrates the evolving dynamics between political leadership and media institutions in fostering an informed citizenry.",
      "source": "BBC Entertainment",
      "time_ago": "4 hours ago",
      "image_url": "/article_images/article_6578d20d9b390c98_f22441677a5f.jpg",
      "category": "Fun"
    },
    {
      "id": "0784ef9c12a485f5",
      "title": "I'm A Celebrity changes rules for bushtucker trials",
      "summary": "Individual contestants cannot be voted to do every bushtucker trial for numerous days in a row.",
      "source": "BBC Entertainment",
      "time_ago": "6 hours ago",
      "image_url": "/article_images/article_0784ef9c12a485f5_1f3749d9341b.jpg",
      "category": "Fun"
    },
    {
      "id": "8e7aa0efc70fb2de",
      "title": "Analyzing Cyber Harassment: Katseye's Ordeal with Death Threats Post-Grammy Recognition",
      "summary": "Katseye, an internationally acclaimed girl group nominated for the Grammy Award for best new act, has disclosed enduring thousands of death threats disseminated through digital channels, characterizing the experience as profoundly jarring. This incident underscores the escalating issue of cyber harassment within the entertainment sector, where artists' visibility renders them vulnerable to extreme online animosity. The article elucidates the psychological toll on performers, linking it to broader societal concerns about digital safety and free expression. By publicizing their plight, Katseye aims to catalyze discourse on regulatory frameworks and support mechanisms for public figures. This coverage not only highlights the band's resilience but also critiques the inadequacies in current online moderation systems. Ultimately, it serves as a case study in the intersection of fame, mental health, and digital ethics, urging a reevaluation of how society addresses hatred in virtual spaces.",
      "source": "BBC Entertainment",
      "time_ago": "17 hours ago",
      "image_url": "/article_images/article_8e7aa0efc70fb2de_ea0c85492e86.webp",
      "category": "Fun"
    },
    {
      "id": "4e7102e74f4716aa",
      "title": "Strategic Resilience: Alcaraz's ATP Finals Triumph Analyzed",
      "summary": "Carlos Alcaraz's victory against Taylor Fritz at the ATP Finals in Turin exemplifies the psychological and physical demands of elite tennis, as he mounted a remarkable comeback in a match characterized by intense rallies and shifting momentum. This thriller not only underscores Alcaraz's burgeoning prowess but also highlights the tournament's role in defining seasonal hierarchies among top male players. Lorenzo Musetti's performance further captivated the local Italian audience, illustrating how home advantage can influence player morale and fan engagement. The ATP Finals, as a pinnacle event, aggregates the year's best performances, offering insights into athletic endurance, tactical adaptability, and the broader narrative of sports excellence. Such matches serve as microcosms of competitive spirit, where individual brilliance intersects with global sporting culture, prompting discussions on player development and the evolution of modern tennis strategies.",
      "source": "BBC Tennis",
      "time_ago": "19 hours ago",
      "image_url": "/article_images/article_4e7102e74f4716aa_6d7f3b3f1de6.webp",
      "category": "Fun"
    },
    {
      "id": "b75b779fe5ef84af",
      "title": "Analyzing Djokovic's Confrontation with Adversity in Professional Tennis",
      "summary": "In this article from BBC Tennis, Novak Djokovic reflects on his career ambitions amidst recent challenges, articulating his desire to secure a 25th Grand Slam title despite what he terms a 'slap from reality' over the past few years. This phrase encapsulates the setbacks he has encountered, including injuries, competitive losses, and the psychological toll of sustaining peak performance in professional tennis. Djokovic's narrative underscores themes of resilience, mental fortitude, and the evolving dynamics of athletic longevity. The piece delves into how elite athletes navigate adversity, drawing on Djokovic's personal insights to illustrate broader issues in sports psychology and career management. It serves as a case study on perseverance, highlighting the intersection of physical prowess and psychological resilience in achieving sustained success. For high school students, this analysis offers a nuanced understanding of the complexities in professional sports, encouraging critical thinking about motivation, failure, and personal growth.",
      "source": "BBC Tennis",
      "time_ago": "21 hours ago",
      "image_url": "/article_images/article_b75b779fe5ef84af_c56864d86057.webp",
      "category": "Fun"
    },
    {
      "id": "0773003bc6904a09",
      "title": "Strategic Triumph: Cash and Glasspool's Ascent to Doubles Dominance",
      "summary": "Julian Cash and Lloyd Glasspool, professional British tennis players, have secured the men's doubles year-end world number one ranking following their inaugural victory at the ATP Finals. This accomplishment underscores their exceptional performance across the season, characterized by strategic gameplay and cohesive partnership. The ATP Finals, as the culminating event of the ATP tour, features elite competitors and significantly impacts annual rankings through a points-based system. Their success not only elevates their status within the sport but also reflects broader trends in doubles tennis, where synchronization and tactical acumen are paramount. Analyzing this achievement reveals insights into athlete development, the role of mental fortitude, and the economic and cultural implications for British tennis. Furthermore, it highlights the competitive nature of professional sports and the dedication required to maintain peak performance. This milestone may influence training methodologies and inspire a new generation of athletes, emphasizing the importance of perseverance and collaboration in achieving global recognition.",
      "source": "BBC Tennis",
      "time_ago": "23 hours ago",
      "image_url": "/article_images/article_0773003bc6904a09_6f3ac990b1b1.webp",
      "category": "Fun"
    }
  ]
}