{
  "articles": [
    {
      "id": "6578d20d9b390c98",
      "title": "Prime Minister Talks About the BBC",
      "summary": "The Prime Minister, Sir Keir Starmer, has spoken about the BBC, which is a big TV and radio company in the UK. He says the BBC needs to fix its mistakes and do things better. But he also supports the BBC and wants it to be strong and independent. This means the BBC can make its own choices without the government telling it what to do. It's important for the BBC to be fair and correct in its news reports. This helps everyone trust what they see and hear. The Prime Minister is reminding the BBC to be careful and follow high standards.",
      "source": "BBC Entertainment",
      "time_ago": "4 hours ago",
      "image_url": "/article_images/article_6578d20d9b390c98_f22441677a5f.jpg",
      "category": "Fun"
    },
    {
      "id": "0784ef9c12a485f5",
      "title": "I'm A Celebrity changes rules for bushtucker trials",
      "summary": "Individual contestants cannot be voted to do every bushtucker trial for numerous days in a row.",
      "source": "BBC Entertainment",
      "time_ago": "6 hours ago",
      "image_url": "/article_images/article_0784ef9c12a485f5_1f3749d9341b.jpg",
      "category": "Fun"
    },
    {
      "id": "8e7aa0efc70fb2de",
      "title": "Katseye Band Gets Mean Threats",
      "summary": "Katseye is a popular girl group from around the world that was nominated for a big music award called the Grammys. They have been getting thousands of very scary messages called death threats from some people online. The band members feel shocked and upset by this hatred. They are talking about it to let others know that it's not okay to send such hurtful messages. This is important because everyone should feel safe and respected, especially when they are sharing their music and talents with the world. Katseye is working to stay strong and continue making music despite these challenges.",
      "source": "BBC Entertainment",
      "time_ago": "17 hours ago",
      "image_url": "/article_images/article_8e7aa0efc70fb2de_ea0c85492e86.webp",
      "category": "Fun"
    },
    {
      "id": "4e7102e74f4716aa",
      "title": "Carlos Alcaraz Wins Exciting Tennis Match",
      "summary": "Carlos Alcaraz played a very exciting tennis match against Taylor Fritz at the ATP Finals in Turin, Italy. He had to fight hard to win, and it was a thrilling game that kept fans on the edge of their seats. Lorenzo Musetti also played and made the home crowd very happy with his performance. The ATP Finals is a big tournament where the best tennis players in the world compete. Alcaraz showed great skill and determination to come back and win the match. This victory is important for him in the tournament. Tennis is a fun sport where players hit a ball over a net, and matches can be full of excitement and surprises.",
      "source": "BBC Tennis",
      "time_ago": "19 hours ago",
      "image_url": "/article_images/article_4e7102e74f4716aa_6d7f3b3f1de6.webp",
      "category": "Fun"
    },
    {
      "id": "b75b779fe5ef84af",
      "title": "Novak Djokovic's Big Dream",
      "summary": "Novak Djokovic is a famous tennis player who has won many big tournaments called Grand Slams. He still thinks he can win his 25th Grand Slam title, even though he says he got a 'slap from reality' in the last couple of years. This means he faced some tough times and challenges that made him realize things are not always easy. Djokovic is known for being very strong and determined, and he wants to keep playing and winning. This article talks about his goals and how he stays positive despite difficulties. It's inspiring for kids to see that even great athletes have hard moments but keep trying their best.",
      "source": "BBC Tennis",
      "time_ago": "21 hours ago",
      "image_url": "/article_images/article_b75b779fe5ef84af_c56864d86057.webp",
      "category": "Fun"
    },
    {
      "id": "0773003bc6904a09",
      "title": "British Tennis Stars Become Number One in Doubles",
      "summary": "Julian Cash and Lloyd Glasspool are two British tennis players who have done something amazing. They won their first match at a big tournament called the ATP Finals. This victory helped them become the number one men's doubles team in the world for the whole year. It means they are the best pair out of all the players. They worked very hard and played well together. This is a huge achievement for them and for British tennis. Everyone is proud of their success. It shows that with teamwork and practice, you can reach your goals. They are now at the top of the rankings, which is like being the champions of the world in doubles tennis.",
      "source": "BBC Tennis",
      "time_ago": "23 hours ago",
      "image_url": "/article_images/article_0773003bc6904a09_6f3ac990b1b1.webp",
      "category": "Fun"
    }
  ]
}