{
  "articles": [
    {
      "id": "e2d6ac459e43806b",
      "title": "Deep-Earth Structures Influence Magnetic Field Over Millions of Years",
      "summary": "A study published in Nature Geoscience reveals that massive, intensely hot rock formations at the base of Earth's mantle, located about 2,900 kilometers below Africa and the Pacific Ocean, significantly influence the planet's magnetic field. Researchers from the University of Liverpool combined palaeomagnetic data with advanced computer simulations of the geodynamo—the process where liquid iron in the outer core generates the magnetic field—to analyze these structures over 265 million years. The findings show that these giant rock bodies create uneven heat at the core-mantle boundary, with hot zones beneath them causing the liquid iron to stagnate, while cooler regions experience vigorous flow. This affects the magnetic field's stability and variability over time. The research suggests that Earth's magnetic field does not behave as a perfect bar magnet aligned with the rotational axis, challenging previous assumptions. Implications include better understanding of ancient continental configurations like Pangaea, climate changes, and natural resource formation, as these areas relied on simplified magnetic models. The study highlights the importance of deep-Earth dynamics in shaping long-term planetary processes.",
      "source": "Science Daily",
      "time_ago": "1 hour ago",
      "image_url": "/article_images/article_e2d6ac459e43806b_5f438e6cbd70.webp",
      "category": "Science"
    },
    {
      "id": "81b49e7fe7e6b243",
      "title": "Air Ambulance Impact on Trauma Survival Rates",
      "summary": "A recent study from South East England demonstrates that Helicopter Emergency Medical Services (HEMS) significantly improve survival rates for patients with life-threatening injuries. Researchers analyzed data from 2013 to 2022, covering 3,225 trauma patients treated by a single HEMS team operating in Kent, Surrey, and Sussex. Using statistical methods to adjust for injury severity and patient characteristics, they found an actual survival rate of 85% compared to an expected 81%, equating to approximately five additional survivors per 100 patients. This could translate to up to 115 extra lives saved annually based on typical caseloads. The study highlighted that patients with moderate predicted survival chances (25-45%) and those with low probabilities (less than 50%) showed notable gains, with 35% and 39% surviving 30 days, respectively. Key factors linked to better outcomes included younger age, higher Glasgow Coma Scale scores (a measure of consciousness), and pre-hospital emergency anesthesia, which induces a coma and is only deliverable by advanced teams like HEMS. The research addresses gaps in previous international studies by providing robust evidence on HEMS effectiveness and identifying which patient groups benefit most.",
      "source": "Science Daily",
      "time_ago": "4 hours ago",
      "image_url": "/article_images/article_81b49e7fe7e6b243_d1667ddcc188.webp",
      "category": "Science"
    },
    {
      "id": "85efc85d9d151daf",
      "title": "Advancing Light Control with a Dual-Spin Metasurface",
      "summary": "Researchers at Nanjing University have developed a groundbreaking metasurface that achieves independent achromatic control of light for two different spin states, addressing a key challenge in optical technologies. Light dispersion, where different wavelengths spread out, causes chromatic aberrations that degrade performance in imaging and sensing systems. Metasurfaces, composed of subwavelength meta-atoms, manipulate light but often struggle with dual-spin control due to shared dispersion behavior. The team's hybrid-phase approach combines Aharonov-Anandan (AA) and Pancharatnam-Berry (PB) geometric phases within a single layer. The AA phase enables spin unlocking, separating right- and left-handed circularly polarized waves, while the PB phase extends the phase range without affecting group delay. By fine-tuning meta-atom resonances and using frequency tuning with structural rotation, they independently adjusted phase and group delay for each spin, minimizing crosstalk. Experimental demonstrations in the 8-12 GHz and 0.8-1.2 THz ranges included spin-unlocked beam deflectors and metalenses that maintained performance across broad bandwidths. This work represents a significant step toward versatile meta-optical systems, enabling compact devices with multiple functions, such as polarization-multiplexed imaging, and could be extended to visible light with potential applications in broadband integrated optics.",
      "source": "Science Daily",
      "time_ago": "5 hours ago",
      "image_url": "/article_images/article_85efc85d9d151daf_9b23264fa663.webp",
      "category": "Science"
    },
    {
      "id": "4205f45106477b8c",
      "title": "Museums Use Science to Recreate Ancient Egyptian Scents for Exhibits",
      "summary": "Museums are enhancing Egyptian mummy exhibits by incorporating recreated scents based on scientific research. In 2023, scientists identified compounds in balms used to mummify an ancient Egyptian noblewoman's organs, revealing complex recipes with non-local ingredients. Collaborating with perfumer Carole Calvez, they produced 'the scent of eternity.' Barbara Huber, a researcher from Max Planck Institute and University of Tübingen, has partnered with museum curators to integrate this scent into displays, aiming to deepen visitor understanding of embalming. Mummification began in ancient Egypt's Predynastic Period, utilizing natron salt and plant resins to preserve bodies in tombs. The process involved removing organs, dehydrating the body, and wrapping it in linen with amulets. Historical knowledge comes from texts like Herodotus' Histories, but scientific methods like gas chromatography-mass spectrometry fill gaps by analyzing residues. Huber's team studied balms from canopic jars, finding ingredients like beeswax, plant oils, and coniferous resins. Their workflow, detailed in Frontiers in Environmental Archaeology, guides museums in adding scents, linking data to perfumery. This approach transforms exhibits into multisensory experiences, making ancient practices more tangible and emotionally resonant.",
      "source": "Ars Science",
      "time_ago": "7 hours ago",
      "image_url": "/article_images/article_4205f45106477b8c_0c684eeb75fc.webp",
      "category": "Science"
    },
    {
      "id": "d82463e5722a0c86",
      "title": "Advancing Wireless Tech with Switchable Light Vortices",
      "summary": "Researchers have developed an optical device capable of generating two distinct vortex-shaped light patterns, known as skyrmions, in terahertz pulses. These skyrmions are exceptionally stable and resistant to interference, making them promising for encoding information in future wireless communication systems. The device uses a nonlinear metasurface—a nanoscale-patterned material—to actively switch between electric and magnetic modes within toroidal light pulses. This controllability is achieved by manipulating the polarization of input laser pulses, allowing for reliable selection and reproduction of desired states. The team, led by scientists from Tianjin University and Nanyang Technological University, demonstrated this innovation experimentally and published their findings in Optica. They built a measurement setup to validate the switching behavior and confirmed high purity in each mode. This work could lead to more resilient terahertz wireless communication and advanced light-based information processing, with potential applications in compact circuits that generate and route signals. Future plans include refining the device for practical use.",
      "source": "Science Daily",
      "time_ago": "19 hours ago",
      "image_url": "/article_images/article_d82463e5722a0c86_3c39e055bae0.webp",
      "category": "Science"
    },
    {
      "id": "0c001ee50de0dc69",
      "title": "Restoring Seagrass Meadows to Combat Climate Change and Coastal Erosion",
      "summary": "A restoration project in the Humber Estuary has achieved a significant milestone in bringing back seagrass meadows, which are vital for environmental health. Seagrass, a saltwater plant, serves as a powerful natural tool against climate change by capturing carbon up to 35 times faster than tropical rainforests, according to Wilder Humber, a partnership of wildlife trusts. Historically, seagrass covered approximately 1,100 acres in the estuary but declined to about 12 acres by the 20th century due to factors like pollution, disease, and loss of coastal habitat. The project, led by experts like Dr. Andy van der Schatte Olivier, involves testing planting techniques such as direct seed injection and transplanting small patches, with successful results observed over a full growing season. These methods aim to help seagrass recover and thrive, providing benefits like improved water quality, habitat for fish and birds, and protection from storms and erosion for coastal communities. Supported by the renewable energy firm Orsted, the initiative demonstrates that large-scale restoration is feasible with appropriate approaches, offering hope for similar efforts worldwide to enhance biodiversity and mitigate climate impacts.",
      "source": "BBC Science",
      "time_ago": "1 day ago",
      "image_url": "/article_images/article_0c001ee50de0dc69_c8236677d6f4.webp",
      "category": "Science"
    }
  ]
}