{
  "title": "Legal and Media Scrutiny of Sir Idris Elba's Speeding Conviction: A Case Study in Celebrity Accountability",
  "summary": "Sir Idris Elba, an acclaimed actor and DJ, was convicted and fined for exceeding a 20mph speed limit while operating his scooter on Chelsea Embankment in London. Captured by a speed camera travelling at 28mph in June, he incurred a £147 fine, three penalty points on his licence, and additional financial penalties totalling £169. The Metropolitan Police submitted three photographic images as evidence to Westminster Magistrates' Court, confirming Sir Idris as the rider. He asserted through his legal representatives at Patterson Law that the fixed penalty notice was never received, implying administrative error, and stated he would have complied if it had arrived. Pleading guilty spared the costs of a trial, with the case processed under the Single Justice Procedure—a streamlined system for low-level offences based solely on written evidence, negating the need for court attendance. Concurrently, Sir Idris was ineligible for a diversionary course per the National Driver Offender Retraining Scheme database, underscoring procedural rigor. This incident juxtaposes his recent knighthood for philanthropic endeavors and collaboration with King Charles on a Netflix film, raising questions about celebrity privilege versus legal impartiality. The article delves into the mechanisms of traffic enforcement, legal accountability, and media portrayal of minor infractions involving public figures.",
  "keywords": [
    {
      "term": "Single Justice Procedure",
      "explanation": "A legal mechanism in England and Wales allowing magistrates to adjudicate minor criminal cases privately using written submissions, enhancing efficiency but potentially limiting transparency"
    },
    {
      "term": "fixed penalty notice",
      "explanation": "An administrative sanction issued for certain offences, offering an out-of-court settlement that, if unmet, escalates to formal prosecution"
    },
    {
      "term": "diversionary course",
      "explanation": "An educational intervention under NDORS aimed at rehabilitating offenders instead of imposing penalty points, subject to eligibility criteria"
    },
    {
      "term": "plea bargaining",
      "explanation": "The process where a defendant admits guilt to obtain a reduced sentence or avoid trial, as seen in Sir Idris's guilty plea"
    },
    {
      "term": "celebrity accountability",
      "explanation": "The scrutiny and legal consequences faced by public figures for their actions, often amplified by media coverage"
    },
    {
      "term": "speed camera enforcement",
      "explanation": "The use of automated technology to detect and record speeding violations, providing objective evidence for prosecution"
    },
    {
      "term": "Westminster Magistrates' Court",
      "explanation": "A key judicial body in London handling summary offences, integral to the administration of justice in traffic cases"
    },
    {
      "term": "administrative error",
      "explanation": "Mistakes in bureaucratic processes, such as non-delivery of penalty notices, that can affect legal outcomes"
    }
  ],
  "questions": [
    {
      "question": "What legal firm represented Sir Idris Elba, and what is their specialization?",
      "options": [
        "Patterson Law, motoring offences",
        "Smith & Jones, corporate law",
        "Legal Aid, criminal defence",
        "Green & Co., family law"
      ],
      "correct_answer": "Patterson Law, motoring offences"
    },
    {
      "question": "How does the Single Justice Procedure differ from traditional court trials?",
      "options": [
        "It uses written evidence only and does not require defendant attendance",
        "It involves a jury and public hearings",
        "It allows for appeals to higher courts",
        "It is reserved for serious crimes"
      ],
      "correct_answer": "It uses written evidence only and does not require defendant attendance"
    },
    {
      "question": "What was the basis for Sir Idris Elba's ineligibility for a diversionary course?",
      "options": [
        "An automatic check on the NDORS database",
        "His celebrity status",
        "The severity of the speeding offence",
        "A decision by the magistrate"
      ],
      "correct_answer": "An automatic check on the NDORS database"
    },
    {
      "question": "Which aspect of the case highlights potential administrative issues?",
      "options": [
        "The non-receipt of the fixed penalty notice",
        "The speed camera accuracy",
        "The court's sentencing decision",
        "The police investigation methods"
      ],
      "correct_answer": "The non-receipt of the fixed penalty notice"
    },
    {
      "question": "What broader societal issue does this article implicitly address regarding celebrities?",
      "options": [
        "Accountability and privilege in legal systems",
        "Their impact on traffic laws",
        "Their role in charity work",
        "Media representation of personal lives"
      ],
      "correct_answer": "Accountability and privilege in legal systems"
    },
    {
      "question": "What was the total financial penalty imposed on Sir Idris Elba, including all components?",
      "options": [
        "£316",
        "£147",
        "£257",
        "£169"
      ],
      "correct_answer": "£316"
    },
    {
      "question": "How did Sir Idris Elba's guilty plea affect the legal proceedings?",
      "options": [
        "It avoided a trial and reduced costs",
        "It led to a harsher sentence",
        "It required a court appearance",
        "It triggered an appeal"
      ],
      "correct_answer": "It avoided a trial and reduced costs"
    },
    {
      "question": "What evidence corroborated Sir Idris Elba's identity as the scooter rider?",
      "options": [
        "Three images from a speed camera",
        "A witness testimony",
        "His admission in court",
        "A police officer's statement"
      ],
      "correct_answer": "Three images from a speed camera"
    },
    {
      "question": "What recent honor did Sir Idris Elba receive, mentioned in the article?",
      "options": [
        "Knighthood for charity work",
        "An Oscar award",
        "A Grammy for DJing",
        "A BAFTA for acting"
      ],
      "correct_answer": "Knighthood for charity work"
    },
    {
      "question": "What does the article suggest about the timing of the speeding incident relative to Sir Idris Elba's other activities?",
      "options": [
        "It occurred near announcements of his charity collaboration with King Charles",
        "It happened during a film shoot",
        "It coincided with a public holiday",
        "It was after a court hearing"
      ],
      "correct_answer": "It occurred near announcements of his charity collaboration with King Charles"
    }
  ],
  "background_read": [
    "Sir Idris Elba is a distinguished British actor and DJ, knighted in the New Year Honours for his philanthropic efforts, which include work with the King's Trust. UK traffic law enforces speed limits through devices like speed cameras, with penalties including fines, points, and potential licence disqualification. The Single Justice Procedure, introduced to expedite minor cases, operates on written evidence, raising debates about transparency and defendant rights. Fixed penalty notices serve as an initial enforcement tool, but failures in delivery can lead to court involvement, as seen here. Diversionary courses under NDORS aim to educate offenders, but eligibility is database-dependent. This case intersects legal, media, and celebrity studies, illustrating how public figures navigate accountability amidst procedural nuances. The article's sourcing from BBC Entertainment implies a focus on news value over deep legal analysis, yet it provides a snapshot of contemporary enforcement practices."
  ],
  "Article_Structure": [
    "Main Points: Sir Idris Elba's speeding conviction involved a £147 fine, penalty points, and costs after speed camera evidence, with a guilty plea processed under the Single Justice Procedure. He claimed administrative error regarding the fixed penalty notice. Purpose: To explore celebrity accountability within legal frameworks, highlighting procedural efficiencies and potential biases. Evidence Evaluation: Relies on police photographic evidence and court documents, which are standard but lack cross-examination; the claim of non-receipt introduces uncertainty. Author Credibility: BBC Entertainment provides factual reporting but may prioritize celebrity angle over critical legal depth. Methodology: Based on court records and police statements, using descriptive journalism without primary investigation. Critical Assessment: Strengths include clear presentation of legal steps; limitations involve superficial analysis of systemic issues like administrative failures or celebrity treatment."
  ],
  "perspectives": [
    {
      "perspective": "Legal Ethics",
      "description": "The balance between efficient justice and defendant rights in procedures like the Single Justice Procedure"
    },
    {
      "perspective": "Media Dynamics",
      "description": "How celebrity incidents are framed to engage public interest while informing on legal matters"
    }
  ],
  "image_url": "/article_images/article_b8433b53c6e12373_74a05f79c1d3.webp"
}