{
  "title": "Search Stopped for Missing Swimmers",
  "summary": "On Christmas Day, two men went swimming in the sea at Budleigh Salterton in Devon, England, but they went missing. The coastguard and emergency services searched for them, but they could not find the men. The search in the water stopped in the evening, but police kept looking on the shore. The families of the men have been told. The sea was very rough and cold that day, with big waves. People in the town said it was a shocking and sad event, especially on Christmas. Police have warned others not to go into the water because it can be dangerous.",
  "keywords": [
    {
      "term": "coastguard",
      "explanation": "a group that helps people at sea"
    },
    {
      "term": "search",
      "explanation": "looking for something or someone"
    },
    {
      "term": "missing",
      "explanation": "not able to be found"
    },
    {
      "term": "sea",
      "explanation": "a large body of salt water"
    },
    {
      "term": "waves",
      "explanation": "big movements of water in the sea"
    },
    {
      "term": "police",
      "explanation": "people who keep us safe and enforce laws"
    }
  ],
  "questions": [
    {
      "question": "Where did the two men go missing?",
      "options": [
        "In a lake",
        "In the sea at Budleigh Salterton",
        "In a river",
        "In a pool"
      ],
      "correct_answer": "In the sea at Budleigh Salterton"
    },
    {
      "question": "What day did this happen?",
      "options": [
        "New Year's Day",
        "Christmas Day",
        "Easter",
        "Halloween"
      ],
      "correct_answer": "Christmas Day"
    },
    {
      "question": "Who searched for the men in the water?",
      "options": [
        "Police",
        "Coastguard",
        "Firefighters",
        "Doctors"
      ],
      "correct_answer": "Coastguard"
    },
    {
      "question": "What did the police do after the water search stopped?",
      "options": [
        "They went home",
        "They kept searching on the shore",
        "They canceled the search",
        "They told everyone to swim"
      ],
      "correct_answer": "They kept searching on the shore"
    },
    {
      "question": "How did people describe the sea that day?",
      "options": [
        "Calm and warm",
        "Rough and cold",
        "Dry and sunny",
        "Small and gentle"
      ],
      "correct_answer": "Rough and cold"
    },
    {
      "question": "Why did police warn people not to go in the water?",
      "options": [
        "Because it was too hot",
        "Because it can be dangerous",
        "Because it was closed for cleaning",
        "Because there were too many fish"
      ],
      "correct_answer": "Because it can be dangerous"
    }
  ],
  "background_read": [
    "This article is about a sad event where two men went missing while swimming in the sea on Christmas Day. It happened in a town called Budleigh Salterton in Devon, which is in England. The coastguard is a team that helps rescue people from the sea, and they tried to find the men but couldn't. The sea was very rough with big waves, making it unsafe. Events like this remind us to be careful near water, especially when conditions are bad. It's important to listen to warnings from authorities like the police to stay safe."
  ],
  "Article_Structure": [
    "WHO: Two men in their 40s and 60s, the coastguard, police, and residents of Budleigh Salterton",
    "WHAT: A search for missing swimmers was called off after they couldn't be found in the rough sea",
    "WHERE: Budleigh Salterton, Devon, England",
    "WHY: Because the sea conditions were dangerous, and the men went missing during a Christmas Day swim"
  ],
  "perspectives": [
    {
      "perspective": "Safety",
      "description": "The event highlights the importance of water safety and following warnings to prevent accidents."
    }
  ],
  "image_url": "/article_images/article_b9373db0df8cb0af_5fc2b181a047.webp"
}