{
  "title": "Sir Chris Hoy Breaks Leg in Bike Crash",
  "summary": "Sir Chris Hoy is a famous Olympic cyclist who won many gold medals. He recently had a bad crash while riding his mountain bike and broke his leg. He is now using crutches and says it was the worst crash he has ever had in his 43 years of cycling. Chris Hoy is also dealing with a serious illness called cancer, but he still enjoys riding his bike. He says the crash happened because he doesn't bounce back like he did when he was younger. Despite this, he is doing better now and is looking forward to Christmas. He wants to live his life fully and enjoy every moment.",
  "keywords": [
    {
      "term": "Olympic",
      "explanation": "a big sports event where athletes from around the world compete"
    },
    {
      "term": "crutches",
      "explanation": "sticks that help people walk when they have a hurt leg"
    },
    {
      "term": "cancer",
      "explanation": "a sickness that can make people very ill"
    },
    {
      "term": "mountain bike",
      "explanation": "a bicycle made for riding on rough trails"
    },
    {
      "term": "crash",
      "explanation": "when someone falls or hits something hard"
    }
  ],
  "questions": [
    {
      "question": "What did Sir Chris Hoy break in his crash?",
      "options": [
        "His leg",
        "His arm",
        "His bike",
        "His helmet"
      ],
      "correct_answer": "His leg"
    },
    {
      "question": "How is Sir Chris Hoy moving around after the crash?",
      "options": [
        "On crutches",
        "In a wheelchair",
        "Running",
        "Swimming"
      ],
      "correct_answer": "On crutches"
    },
    {
      "question": "How long has Sir Chris Hoy been riding bikes?",
      "options": [
        "43 years",
        "10 years",
        "20 years",
        "5 years"
      ],
      "correct_answer": "43 years"
    },
    {
      "question": "What is Sir Chris Hoy also dealing with besides the crash?",
      "options": [
        "Cancer",
        "A cold",
        "A broken bike",
        "A new job"
      ],
      "correct_answer": "Cancer"
    },
    {
      "question": "What does Sir Chris Hoy want to do with his life?",
      "options": [
        "Live it fully",
        "Stop riding bikes",
        "Move to a new country",
        "Forget about the crash"
      ],
      "correct_answer": "Live it fully"
    },
    {
      "question": "What is Sir Chris Hoy looking forward to after the crash?",
      "options": [
        "Christmas",
        "His birthday",
        "A new bike",
        "A race"
      ],
      "correct_answer": "Christmas"
    }
  ],
  "background_read": [
    "Sir Chris Hoy is a famous British cyclist who won many Olympic gold medals. He is known for being very fast on his bike. Recently, he had a bad accident while riding a mountain bike, which is a bike for rough paths. He broke his leg and needs crutches to walk. He also has a serious illness called cancer, but he stays positive and keeps riding. This article talks about his crash and how he is handling it with courage."
  ],
  "Article_Structure": [
    "WHO: Sir Chris Hoy, a famous Olympic cyclist",
    "WHAT: He broke his leg in a mountain bike crash and is using crutches",
    "WHERE: Not specified in the summary, but it happened while riding",
    "WHY: He had the crash because he doesn't bounce back like when he was younger, and he wants to enjoy life despite his illness"
  ],
  "perspectives": [
    {
      "perspective": "Positive outlook",
      "description": "Sir Chris Hoy focuses on enjoying life and staying positive even after a bad crash and illness"
    }
  ],
  "image_url": "/article_images/article_d26b53d895ff76b6_4389a33e08c4.webp"
}