{
  "title": "Remembering Robin Smith: Cricket Legend and Personal Struggles",
  "summary": "Robin Smith, a former England cricketer known for his aggressive batting style, has passed away at the age of 62. Born in South Africa in 1963, he moved to England as a teenager and played for Hampshire throughout his county career, winning trophies like the Benson & Hedges Cup. He earned 62 Test caps from 1988 to 1996, scoring 4,236 runs with nine centuries, and also played 71 one-day internationals. His highest Test score of 175 came in a memorable match against West Indies in 1994. After retiring in 2003, Smith relocated to Australia and faced significant challenges, including mental health issues and alcoholism, leading to hospitalization in 2024. His family announced his unexpected death at his home in Perth, highlighting his charisma and popularity. This article covers his sporting achievements and personal life, offering a balanced view of his legacy.",
  "keywords": [
    {
      "term": "Test caps",
      "explanation": "the number of appearances a player makes in Test matches, representing their country"
    },
    {
      "term": "first-class runs",
      "explanation": "runs scored in professional cricket matches that are longer and more formal"
    },
    {
      "term": "qualification period",
      "explanation": "a waiting time required before a player can represent a new country in international sports"
    },
    {
      "term": "Ashes",
      "explanation": "a famous cricket series played between England and Australia"
    },
    {
      "term": "alcoholism",
      "explanation": "a chronic disease characterized by uncontrolled drinking and preoccupation with alcohol"
    },
    {
      "term": "mental health issues",
      "explanation": "conditions that affect a person's thinking, feeling, or behavior, such as depression or anxiety"
    },
    {
      "term": "county career",
      "explanation": "playing for a regional team in domestic cricket competitions"
    },
    {
      "term": "retirement",
      "explanation": "the act of leaving one's job or career, often after many years"
    }
  ],
  "questions": [
    {
      "question": "What was Robin Smith's highest Test score and in which year did it occur?",
      "options": [
        "150 in 1990",
        "175 in 1994",
        "200 in 1996",
        "125 in 1988"
      ],
      "correct_answer": "175 in 1994"
    },
    {
      "question": "How many first-class runs did Robin Smith score in his career?",
      "options": [
        "20,000",
        "26,155",
        "30,000",
        "35,000"
      ],
      "correct_answer": "26,155"
    },
    {
      "term": "What trophy did Hampshire win under Smith's captaincy?",
      "options": [
        "World Cup",
        "Benson & Hedges Cup",
        "Ashes",
        "NatWest Trophy"
      ],
      "correct_answer": "NatWest Trophy"
    },
    {
      "question": "Which team did Robin Smith make his Test debut against?",
      "options": [
        "Australia",
        "West Indies",
        "Sri Lanka",
        "India"
      ],
      "correct_answer": "West Indies"
    },
    {
      "question": "What was Robin Smith's batting average in Test matches?",
      "options": [
        "35.50",
        "39.01",
        "41.51",
        "43.67"
      ],
      "correct_answer": "43.67"
    },
    {
      "question": "In which year did Robin Smith retire from cricket?",
      "options": [
        "1998",
        "2002",
        "2003",
        "2004"
      ],
      "correct_answer": "2003"
    },
    {
      "question": "What health issues did Robin Smith face after retirement?",
      "options": [
        "Physical injuries",
        "Mental health issues and alcoholism",
        "Heart disease",
        "Cancer"
      ],
      "correct_answer": "Mental health issues and alcoholism"
    },
    {
      "question": "Where was Robin Smith living at the time of his death?",
      "options": [
        "England",
        "South Africa",
        "Australia",
        "New Zealand"
      ],
      "correct_answer": "Australia"
    }
  ],
  "background_read": [
    "Robin Smith's career spanned from the 1980s to early 2000s, a period marked by intense international cricket rivalries. He qualified to play for England after moving from South Africa, reflecting immigration trends in sports. His struggles post-retirement highlight broader issues in athlete transition, as many face mental health challenges after leaving professional sports. Understanding his life involves exploring cricket history, sports psychology, and societal attitudes toward health, providing context for his achievements and difficulties."
  ],
  "Article_Structure": [
    "This article provides a comprehensive analysis of Robin Smith's life and career. Main Points: It details his cricket achievements, including Test caps and runs, and personal struggles with health. Purpose: To inform readers about his passing and celebrate his legacy while addressing mental health awareness. Evidence Evaluation: The article uses statistics from his career and quotes from his family, offering reliable but limited sources. Author Credibility: BBC News is a reputable source, though the article lacks direct author attribution. Methodology: It compiles factual data and statements, typical for obituary reporting, without in-depth investigation."
  ],
  "perspectives": [
    {
      "perspective": "Sports Historian",
      "description": "Smith's career reflects the evolution of cricket in the late 20th century, showcasing player mobility and performance metrics."
    },
    {
      "perspective": "Mental Health Expert",
      "description": "His post-retirement issues underscore the need for support systems for athletes transitioning out of sports."
    }
  ],
  "image_url": "/article_images/article_5f34ed3264944c10_4670c3b4ffda.webp"
}