{
  "title": "Operational Challenges in the EU's Biometric Border System Rollout",
  "summary": "The European Union's deployment of the Entry-Exit System (EES), a biometric border control mechanism, is encountering significant operational hurdles, resulting in protracted queues at passport control across European airports, with projections of five-to-six-hour delays during peak travel intervals such as summer holidays and the winter ski season. This system mandates non-EU nationals to undergo biometric registration—capturing fingerprints and facial images—upon initial entry into the Schengen zone, with data validity extending three years, ostensibly replacing antiquated ink-stamping protocols. Empirical instances from airports in Geneva and Tenerife illustrate congestion exacerbated by synchronous flight arrivals and sporadic system failures, leading to wait times ranging from 20 minutes to over two hours, thereby underscoring infrastructural inadequacies and procedural inefficiencies. In response, the European Commission has sanctioned provisional suspensions of EES during high-traffic periods until September, while airport authorities augment staffing levels to ameliorate passenger flow. The overarching objective of EES is to fortify border security through digitalization and biometric authentication, yet its nascent implementation reveals critical limitations in scalability, reliability, and integration with existing airport logistics, prompting scrutiny of the EU's border management strategies amid escalating travel demands.",
  "keywords": [
    {
      "term": "biometric authentication",
      "explanation": "the process of verifying identity using unique biological characteristics such as fingerprints or facial recognition"
    },
    {
      "term": "Schengen zone",
      "explanation": "a consortium of 27 European nations that have abolished internal border controls, facilitating unimpeded movement"
    },
    {
      "term": "operational hurdles",
      "explanation": "practical difficulties encountered during the implementation of a system or process"
    },
    {
      "term": "provisional suspensions",
      "explanation": "temporary halts or delays authorized to address immediate problems"
    },
    {
      "term": "infrastructural inadequacies",
      "explanation": "deficiencies in the physical or technical systems supporting an operation"
    },
    {
      "term": "procedural inefficiencies",
      "explanation": "flaws in the methods or steps of a process that reduce effectiveness or speed"
    },
    {
      "term": "digitalization",
      "explanation": "the conversion of analog processes into digital formats to enhance efficiency and accuracy"
    },
    {
      "term": "scalability",
      "explanation": "the ability of a system to handle increased load or expansion without degradation in performance"
    }
  ],
  "questions": [
    {
      "question": "What is the primary technological shift introduced by the EES compared to previous border controls?",
      "options": [
        "From ink stamps to biometric registration",
        "From paper forms to online applications",
        "From manual checks to automated gates only",
        "From visa stickers to digital passports"
      ],
      "correct_answer": "From ink stamps to biometric registration"
    },
    {
      "question": "How does the EES impact non-EU travelers upon their first entry into the Schengen zone?",
      "options": [
        "They must provide biometric data valid for three years",
        "They receive a permanent residency permit",
        "They are exempt from all border checks",
        "They pay an additional fee for processing"
      ],
      "correct_answer": "They must provide biometric data valid for three years"
    },
    {
      "question": "What factor exacerbates queues at airports according to the article?",
      "options": [
        "Simultaneous arrival of multiple flights",
        "Increased security screenings",
        "Reduced airport operating hours",
        "Stricter baggage policies"
      ],
      "correct_answer": "Simultaneous arrival of multiple flights"
    },
    {
      "question": "What policy measure has the European Commission implemented to address EES-related delays?",
      "options": [
        "Authorizing temporary suspensions at peak times",
        "Mandating faster processing times",
        "Increasing border patrols",
        "Reducing the number of allowed travelers"
      ],
      "correct_answer": "Authorizing temporary suspensions at peak times"
    },
    {
      "question": "What is a cited limitation of the EES implementation in the article?",
      "options": [
        "System outages and reliability issues",
        "Lack of biometric technology",
        "Opposition from EU citizens",
        "Insufficient funding for airports"
      ],
      "correct_answer": "System outages and reliability issues"
    },
    {
      "question": "How do airport authorities respond to the congestion caused by EES?",
      "options": [
        "By augmenting staffing levels",
        "By limiting flight schedules",
        "By installing additional runways",
        "By reducing security protocols"
      ],
      "correct_answer": "By augmenting staffing levels"
    },
    {
      "question": "What broader objective does the EES aim to achieve beyond border security?",
      "options": [
        "Digitalization of border processes",
        "Increasing tourism revenue",
        "Simplifying visa issuance",
        "Reducing air travel costs"
      ],
      "correct_answer": "Digitalization of border processes"
    },
    {
      "question": "What critical assessment can be made about the EES rollout based on the article?",
      "options": [
        "It highlights scalability and integration challenges",
        "It demonstrates flawless execution",
        "It has reduced travel times significantly",
        "It is opposed by all member states"
      ],
      "correct_answer": "It highlights scalability and integration challenges"
    },
    {
      "question": "Which evidence supports the article's claims about delays?",
      "options": [
        "Anecdotal reports from passengers and airport statements",
        "Official EU statistics on queue times",
        "Scientific studies on biometric systems",
        "Historical data from previous years"
      ],
      "correct_answer": "Anecdotal reports from passengers and airport statements"
    },
    {
      "question": "What is the validity period for EES biometric registrations?",
      "options": [
        "Three years",
        "One year",
        "Five years",
        "Indefinitely"
      ],
      "correct_answer": "Three years"
    }
  ],
  "background_read": [
    "The Entry-Exit System (EES) represents a pivotal component of the European Union's border management framework, designed to enhance security and streamline entry procedures for non-EU nationals within the Schengen area. By mandating biometric data collection—specifically fingerprints and facial images—upon initial border crossing, EES aims to replace manual passport stamping, reduce irregular migration, and combat identity fraud through digital verification. However, its implementation coincides with rising global travel demands, particularly during seasonal peaks, exposing vulnerabilities in airport infrastructure and system interoperability. The Schengen zone, comprising 27 countries, facilitates intra-European mobility but requires robust external border controls, making EES a critical yet contentious initiative. Historical context includes prior EU efforts like the Schengen Information System, but EES introduces unprecedented biometric requirements, raising concerns about privacy, data protection, and operational efficacy. As airports grapple with congestion, the interplay between technological advancement, regulatory compliance, and passenger experience underscores broader debates on border security versus facilitation in an era of increased mobility."
  ],
  "Article_Structure": [
    "This article provides an in-depth analysis of the EU's Entry-Exit System (EES) rollout, detailing main points such as biometric registration causing airport delays, with evidence from Geneva and Tenerife illustrating wait times up to hours. Its purpose is to critique border policy implementation within the Schengen context, evaluating evidence through passenger anecdotes and official warnings, though lacking comprehensive data. Author credibility is moderate via BBC sourcing but limited in technical expertise. Methodology relies on observational reports and public statements, offering a critical assessment that highlights strengths in security aims but limitations in scalability, reliability, and infrastructure integration, suggesting need for improved planning amid travel surges."
  ],
  "perspectives": [
    {
      "perspective": "EU institutional view",
      "description": "Emphasizes security enhancements and digital progression, with flexibility for operational adjustments."
    },
    {
      "perspective": "Aviation industry stakeholders",
      "description": "Focus on logistical challenges and cost implications, advocating for phased implementation and resource allocation."
    },
    {
      "perspective": "Civil liberties advocates",
      "description": "Question biometric data privacy and proportionality, urging transparency and safeguards in EES deployment."
    }
  ],
  "image_url": "/article_images/article_0a219b80f0c893f3_51244029249f.webp"
}