{
  "articles": [
    {
      "id": "1924a2590abe37c3",
      "title": "Unearthing History: The Archaeological and Socio-Political Implications of HS2's Discoveries",
      "summary": "The construction of HS2, the UK's high-speed railway, has facilitated an extensive archaeological endeavor, resulting in the excavation of approximately 450,000 artifacts that provide profound insights into Britain's multifaceted past. These items, housed in a clandestine warehouse in Yorkshire to ensure security, encompass a diverse range from a potential Roman gladiator's tag to a Paleolithic hand axe and 19th-century gold dentures, illustrating a temporal span exceeding 10,000 years. Since 2018, this project has mobilized around 1,000 archaeologists across 60 designated sites along the London-Birmingham corridor, adhering to statutory requirements for heritage preservation prior to development. While the archaeological fieldwork is largely concluded, the disposition of these artifacts—whether they will be curated for public exhibition or retained in archival storage—remains indeterminate, reflecting broader uncertainties in cultural resource management. The initiative has ignited contentious discourse: proponents, including Historic England, laud the revelations as transformative for historical scholarship, whereas detractors, exemplified by MP Greg Smith, condemn HS2 for its exorbitant fiscal burdens, protracted delays, and deleterious environmental and social repercussions, including village displacements. In response, HS2 leadership has acknowledged managerial shortcomings while affirming the meticulous methodologies employed by their specialized archaeology team.",
      "source": "BBC Science",
      "time_ago": "6 hours ago",
      "image_url": "/article_images/article_1924a2590abe37c3_d3f15c00e07c.webp",
      "category": "Science"
    },
    {
      "id": "257a73a2455337b0",
      "title": "Evaluating the Efficacy and Safety of Collagen Supplements in Dermatology",
      "summary": "Collagen supplements, marketed as anti-aging solutions, face scrutiny from dermatologists who argue they lack robust evidence for efficacy in treating skin aging. Collagen, a fundamental protein in extracellular matrices, diminishes with age, contributing to dermatological and musculoskeletal changes. However, oral supplementation may be ineffective because digestive processes hydrolyze collagen into amino acids, which may not specifically target skin tissues. The scientific literature presents conflicting outcomes: some studies, often industry-funded and methodologically limited, suggest improvements in skin hydration and elasticity with hydrolyzed collagen, whereas high-quality randomized controlled trials and a comprehensive meta-analysis of 23 studies indicate no significant benefits. This discrepancy underscores issues of research bias and quality. Safety concerns further complicate supplement use, including potential methylmercury contamination in marine-derived products and the regulatory gap where supplements bypass pre-market safety evaluations required for pharmaceuticals. The American Academy of Dermatology criticizes the lack of third-party verification and transparency in ingredient labeling. Consequently, experts advocate for evidence-based strategies to enhance endogenous collagen production, emphasizing nutritional adequacy with protein and vitamin C, photoprotection through sunscreen, topical retinoid application, and smoking cessation. These interventions are supported by stronger clinical data and offer a more reliable approach to dermatological health, aligning with preventive medicine principles.",
      "source": "Science Daily",
      "time_ago": "8 hours ago",
      "image_url": "/article_images/article_257a73a2455337b0_148725f872c1.webp",
      "category": "Science"
    },
    {
      "id": "733e491146bbfd50",
      "title": "Adaptive Resilience in Svalbard Polar Bears Amidst Climatic Shifts",
      "summary": "Contrary to expectations, polar bears in the Svalbard archipelago have exhibited enhanced body condition, becoming fatter and healthier from 1992 to 2019, despite progressive sea ice loss attributed to climate change. Conducted by the Norwegian Polar Institute, this longitudinal study of 770 adult bears reveals adaptive behaviors, including increased predation on land-based species such as reindeer and walruses. Walruses, recovering from near-extinction due to protection since the 1950s, now constitute a significant fatty food source. Additionally, seals congregating in diminished ice areas may facilitate more efficient hunting. The research, documented in Scientific Reports, underscores the paradoxical effects of environmental change; while ice-free days have risen by approximately 100 over the study period, bears have temporarily benefited from altered prey dynamics. However, scientists caution against optimism, noting that continued ice decline will likely force bears to expend greater energy accessing hunting grounds, depleting fat reserves and undermining current gains. This phenomenon may also reflect population recovery from historical hunting pressures prior to 1970s protections. The findings illuminate complex ecological interactions, highlighting both resilience and vulnerability in Arctic species facing anthropogenic climate impacts.",
      "source": "BBC Science",
      "time_ago": "20 hours ago",
      "image_url": "/article_images/article_733e491146bbfd50_f74a76e41184.webp",
      "category": "Science"
    },
    {
      "id": "fbddfedf29ff6c4c",
      "title": "Advancing Parkinson's Diagnostics: Blood Biomarkers and Machine Learning in Early Disease Detection",
      "summary": "A collaborative study by researchers at Chalmers University of Technology in Sweden and Oslo University Hospital in Norway has identified specific blood-based biomarkers associated with the earliest stages of Parkinson's disease, prior to the manifestation of motor symptoms. The research focuses on elucidating the roles of DNA damage repair and cellular stress response mechanisms during the prolonged pre-symptomatic phase, which can extend up to two decades. Utilizing machine learning and advanced genomic analytics, the team discerned a distinctive gene activity pattern exclusive to individuals in this early phase, absent in healthy controls and those with advanced Parkinson's. Published in npj Parkinson's Disease, these findings underscore a critical diagnostic window, as current methods fail to detect the disease before significant neuronal loss—often 50-80%—occurs. The implications are profound: blood tests derived from this work could enable widespread, cost-effective screening within five years, addressing a pressing need given Parkinson's global prevalence exceeding 10 million and projected increases with demographic aging. This approach not only facilitates earlier intervention but also opens avenues for therapeutic development targeting underlying biological processes before irreversible damage ensues.",
      "source": "Science Daily",
      "time_ago": "22 hours ago",
      "image_url": "/article_images/article_fbddfedf29ff6c4c_911392bc67ed.webp",
      "category": "Science"
    },
    {
      "id": "fa9848ac1b6f8e8c",
      "title": "State-Level Initiatives to Impose Financial Liability on Fossil Fuel Companies via Climate Superfunds",
      "summary": "Amid escalating climate change expenditures, U.S. states are pursuing legislative measures to establish climate superfunds, compelling fossil fuel companies to contribute financially to the mounting costs associated with global warming. These initiatives, exemplified by bills in Illinois, Rhode Island, and Washington, D.C., seek to address fiscal burdens from extreme weather events, rising insurance premiums, utility expenses, and public health impacts. The strategy is rooted in the Comprehensive Environmental Response, Compensation and Liability Act of 1980, adapting its polluter-pays principle to climate contexts. Proponents, including State Rep. Robyn Gabel and environmental advocates like Gina Ramirez, argue that this approach ensures corporate accountability and alleviates taxpayer strain, particularly in light of federal retrenchment from climate agreements and FEMA budget reductions. Public sentiment, as indicated by Data for Progress polling, shows substantial support, with 71% of likely voters endorsing industry payments. However, these measures encounter significant opposition: the fossil fuel industry, through entities like the American Petroleum Institute, and the U.S. Department of Justice are mounting legal challenges, decrying the laws as burdensome and extra-constitutional. This dynamic underscores a broader political conflict over climate responsibility, with states attempting to fill policy voids left by federal inaction while navigating complex legal and economic landscapes.",
      "source": "Ars Science",
      "time_ago": "22 hours ago",
      "image_url": "/article_images/article_fa9848ac1b6f8e8c_bc34138bd20c.webp",
      "category": "Science"
    },
    {
      "id": "757d601b007402a8",
      "title": "Quantum Refrigeration via Controlled Noise: A Paradigm Shift in Thermal Management",
      "summary": "Quantum computers, reliant on superconducting circuits, necessitate cooling to temperatures proximate to absolute zero to preserve fragile quantum states within qubits. A significant impediment to scalability is the inherent noise from cooling systems, which can decohere quantum information. Researchers at Chalmers University of Technology have pioneered a minimal quantum refrigerator that exploits this noise, transforming it into a functional component for precise thermal control. This device, centered on a superconducting artificial molecule fabricated in a nanofabrication laboratory, utilizes injected microwave noise through multiple channels to drive heat transport between hot and cold reservoirs. By measuring heat currents at the attowatt scale, the study demonstrates the realization of Brownian refrigeration principles, where random thermal fluctuations facilitate cooling. The refrigerator's versatility allows it to operate as a refrigerator, heat engine, or thermal amplifier, contingent on adjusted conditions. This innovation addresses critical energy dissipation challenges in quantum technology, offering a pathway toward scalable systems for applications such as drug discovery and secure communications, as detailed in Nature Communications.",
      "source": "Science Daily",
      "time_ago": "23 hours ago",
      "image_url": "/article_images/article_757d601b007402a8_d71b20204841.webp",
      "category": "Science"
    }
  ]
}