{
  "title": "Francesca Jones's Triumph: A Study in Resilience and Athletic Breakthrough",
  "summary": "In a defining moment of her career, British tennis professional Francesca Jones secured a landmark victory over American world number 15 Emma Navarro at the Auckland tournament, prevailing 7-5, 2-6, 6-4. Ranked 72nd, Jones had previously never competed against an opponent within the top 20, making this win a significant breakthrough that underscores her technical prowess and mental fortitude. The match showcased her strategic versatility from the baseline, capitalizing on Navarro's errors, and Jones maintained composure to serve out the decider after an early break. Post-match, Jones expressed exhaustion but credited her success to cultivating the right mindset during preseason preparations. This performance signals her potential to build upon a transformative 2025 season, during which she ascended into the world's top 100. Jones's journey is marked by perseverance in the face of Ectrodactyly Ectodermal Dysplasia (EEC), a rare genetic condition affecting her extremities, which led medical professionals to advise against a professional tennis career. Contemplating retirement last year due to unmet goals, she instead achieved her most productive season, illustrating a narrative of resilience and determination that challenges conventional athletic paradigms.",
  "keywords": [
    {
      "term": "breakthrough",
      "explanation": "a sudden, important development or success after a period of difficulty"
    },
    {
      "term": "mental fortitude",
      "explanation": "strength of mind that enables one to endure adversity with courage"
    },
    {
      "term": "strategic versatility",
      "explanation": "the ability to adapt and employ various tactics in competition"
    },
    {
      "term": "Ectrodactyly Ectodermal Dysplasia",
      "explanation": "a congenital disorder characterized by limb malformations and ectodermal abnormalities"
    },
    {
      "term": "resilience",
      "explanation": "the capacity to withstand or recover quickly from challenges, often through adaptive coping"
    },
    {
      "term": "athletic paradigms",
      "explanation": "established models or standards in sports that may be challenged by exceptional cases"
    },
    {
      "term": "composure",
      "explanation": "a state of calm self-possession, especially under pressure"
    },
    {
      "term": "transformative season",
      "explanation": "a period in an athlete's career that brings significant improvement or change"
    },
    {
      "term": "preseason preparations",
      "explanation": "training and planning activities undertaken before the competitive season begins"
    },
    {
      "term": "conventional athletic paradigms",
      "explanation": "traditional expectations or norms in sports regarding physical ability and performance"
    }
  ],
  "questions": [
    {
      "question": "What was the score in Francesca Jones's victory over Emma Navarro?",
      "options": [
        "7-5, 2-6, 6-4",
        "6-4, 6-4",
        "7-6, 6-3",
        "6-2, 6-1"
      ],
      "correct_answer": "7-5, 2-6, 6-4"
    },
    {
      "question": "How does Jones's ranking of 72nd compare to Navarro's before the match?",
      "options": [
        "Jones was lower ranked",
        "Jones was higher ranked",
        "They were equal",
        "Navarro was unranked"
      ],
      "correct_answer": "Jones was lower ranked"
    },
    {
      "question": "What condition does Jones have that affects her limbs?",
      "options": [
        "EEC",
        "Marfan syndrome",
        "Scoliosis",
        "Arthritis"
      ],
      "correct_answer": "EEC"
    },
    {
      "question": "What did Jones emphasize as key to her win in the post-match comments?",
      "options": [
        "Right attitude",
        "Physical strength",
        "Luck",
        "Opponent's errors"
      ],
      "correct_answer": "Right attitude"
    },
    {
      "question": "Where did the match occur?",
      "options": [
        "Auckland",
        "Melbourne",
        "London",
        "New York"
      ],
      "correct_answer": "Auckland"
    },
    {
      "question": "What achievement did Jones accomplish in the 2025 season?",
      "options": [
        "Cracked the top 100",
        "Won a Grand Slam title",
        "Retired briefly",
        "Changed her coaching team"
      ],
      "correct_answer": "Cracked the top 100"
    },
    {
      "question": "How did Jones describe her physical state after the match?",
      "options": [
        "Knackered",
        "Energized",
        "Indifferent",
        "Frustrated"
      ],
      "correct_answer": "Knackered"
    },
    {
      "question": "What advice did doctors give Jones regarding her tennis career?",
      "options": [
        "Forget about playing professionally",
        "Focus on doubles",
        "Take up coaching",
        "Use prosthetic aids"
      ],
      "correct_answer": "Forget about playing professionally"
    },
    {
      "question": "What did Jones contemplate doing last year if she didn't meet her goals?",
      "options": [
        "Retiring",
        "Switching sports",
        "Moving abroad",
        "Studying full-time"
      ],
      "correct_answer": "Retiring"
    },
    {
      "question": "What does the article suggest about Jones's potential following this win?",
      "options": [
        "She can build on her success",
        "She should retire soon",
        "She needs more training",
        "She will change her style"
      ],
      "correct_answer": "She can build on her success"
    }
  ],
  "background_read": [
    "Francesca Jones's career exemplifies the intersection of athletic excellence and personal adversity. As a British tennis player, she has navigated the challenges of Ectrodactyly Ectodermal Dysplasia (EEC), a rare genetic disorder causing limb abnormalities, which initially led medical experts to doubt her professional prospects. Despite this, Jones has demonstrated remarkable resilience, ascending to a career-high ranking of 71st in 2025 and breaking into the world's top 100. Her 2026 season opener in Auckland resulted in a pivotal victory over Emma Navarro, highlighting her strategic acumen and mental toughness. This article delves into Jones's journey, from contemplating retirement to achieving a breakthrough win, offering insights into how athletes can overcome physical limitations and societal expectations. It serves as a case study in sports psychology and perseverance, relevant for discussions on inclusivity and determination in professional sports."
  ],
  "Article_Structure": [
    "Main Points: Francesca Jones achieved a career-defining win over world number 15 Emma Navarro, showcasing her skill and mental resilience despite being ranked lower and facing a rare genetic condition. Purpose: To illustrate Jones's journey of overcoming adversity and her potential for future success, while challenging norms in tennis. Evidence Evaluation: The article relies on match statistics, direct player quotes, and medical background, providing credible but primarily qualitative evidence; sources include BBC reporting, but deeper analysis of data or expert opinions is limited. Author Credibility: As part of BBC Tennis, the article benefits from institutional credibility in sports journalism, though individual author expertise is not specified. Methodology: Information is gathered through standard sports reporting methods, such as post-match interviews and historical records, without original research. Critical Assessment: Strengths include compelling narrative and inspirational tone, but limitations involve a lack of in-depth statistical analysis or diverse perspectives, potentially oversimplifying the complexities of athletic success."
  ],
  "perspectives": [
    {
      "perspective": "Narrative of resilience",
      "description": "Jones's story challenges traditional athletic narratives by highlighting how perseverance and mindset can triumph over physical and professional hurdles"
    }
  ],
  "image_url": "/article_images/article_1a40780922c0c5c1_c17668bf1a20.webp"
}