{
  "title": "Jesse Jackson: From Activist to Leader",
  "summary": "Jesse Jackson was an important leader who fought for equal rights for African-Americans in the 1960s. He started as an activist and became the first African-American to run for president in a major party, helping pave the way for future leaders like Barack Obama. Jackson worked to bring people together, focusing on helping poor and working-class Americans. He was a great speaker who gave hope to many with his famous words 'keep hope alive.' Later in life, he faced some problems, including health issues like Parkinson's disease. Jackson grew up in South Carolina during a time of segregation, where black and white people were kept apart, but he did well in school and sports, earning a football scholarship to college.",
  "keywords": [
    {
      "term": "activist",
      "explanation": "a person who works to change society for the better"
    },
    {
      "term": "African-American",
      "explanation": "a person with African roots living in America"
    },
    {
      "term": "president",
      "explanation": "the leader of a country"
    },
    {
      "term": "segregation",
      "explanation": "when people are separated by race, like in schools or buses"
    },
    {
      "term": "hope",
      "explanation": "a feeling that good things will happen"
    }
  ],
  "questions": [
    {
      "question": "What did Jesse Jackson do in the 1960s?",
      "options": [
        "He was an activist for equal rights",
        "He became a teacher",
        "He played football professionally",
        "He moved to another country"
      ],
      "correct_answer": "He was an activist for equal rights"
    },
    {
      "question": "Who was Jesse Jackson the first African-American to do?",
      "options": [
        "Run for president in a major party",
        "Win a Nobel Prize",
        "Become a senator",
        "Start a business"
      ],
      "correct_answer": "Run for president in a major party"
    },
    {
      "question": "What message did Jackson focus on to bring people together?",
      "options": [
        "Helping poor and working-class Americans",
        "Building more schools",
        "Traveling to other countries",
        "Making new laws"
      ],
      "correct_answer": "Helping poor and working-class Americans"
    },
    {
      "question": "What famous phrase did Jackson use in a speech?",
      "options": [
        "'Keep hope alive'",
        "'Change the world'",
        "'Be strong'",
        "'Work hard'"
      ],
      "correct_answer": "'Keep hope alive'"
    },
    {
      "question": "What health problem did Jackson face later in life?",
      "options": [
        "Parkinson's disease",
        "A broken leg",
        "A cold",
        "Allergies"
      ],
      "correct_answer": "Parkinson's disease"
    },
    {
      "question": "Where did Jackson grow up as a child?",
      "options": [
        "South Carolina",
        "New York",
        "California",
        "Texas"
      ],
      "correct_answer": "South Carolina"
    }
  ],
  "background_read": [
    "Jesse Jackson was born in 1941 in South Carolina during a time when black and white people were kept separate by law, called segregation. He faced challenges but did well in school and sports, earning a scholarship to college. His work as an activist and politician helped improve rights for African-Americans and inspired others."
  ],
  "Article_Structure": [
    "WHO: Jesse Jackson, an African-American activist and politician",
    "WHAT: He fought for civil rights, ran for president, and worked to unite people",
    "WHERE: In the United States, especially South Carolina and nationally",
    "WHY: To promote equality and help poor and working-class Americans"
  ],
  "perspectives": [
    {
      "perspective": "Jackson as a trailblazer",
      "description": "He broke barriers as the first African-American to run for president in a major party, inspiring future leaders."
    }
  ],
  "image_url": "/article_images/article_b463dec9b26d71c6_cbf2f203f0a0.webp"
}