{
  "title": "Jesse Jackson: Bridging Activism and Politics in America",
  "summary": "Jesse Jackson emerged as a pivotal figure in the US civil rights movement during the 1960s, transitioning from activism to become the first African-American to achieve significant success in major-party presidential politics. As a protege of Martin Luther King Jr., he focused on political organizing to advance African-American rights, launching two White House campaigns that garnered national attention and paved the way for later figures like Barack Obama and Kamala Harris. Jackson's message centered on uniting America's diverse population around issues affecting poor and working-class citizens, with Senator Bernie Sanders noting his unique emphasis on a multiracial democracy. A gifted orator, his 1988 convention speech with the refrain 'keep hope alive' influenced Obama's 'hope and change' slogan. However, his later years were marked by scandals involving marital infidelity and financial issues with his son, Jesse Jackson Jr., and health challenges including a diagnosis of Parkinson's disease. Born in segregated South Carolina, Jackson overcame adversity through academic and athletic achievements, earning a football scholarship to college, which shaped his path to leadership.",
  "keywords": [
    {
      "term": "civil rights movement",
      "explanation": "a social movement in the 1960s aimed at ending racial discrimination and securing equal rights for African-Americans"
    },
    {
      "term": "protege",
      "explanation": "a person who is guided and supported by an older, more experienced mentor"
    },
    {
      "term": "multiracial democracy",
      "explanation": "a political system that includes and represents people of different races and ethnicities"
    },
    {
      "term": "orator",
      "explanation": "a skilled public speaker who can persuade and inspire audiences"
    },
    {
      "term": "segregation",
      "explanation": "the enforced separation of different racial groups in public facilities, schools, and other areas"
    }
  ],
  "questions": [
    {
      "question": "What role did Jesse Jackson play in the civil rights movement?",
      "options": [
        "He was an activist and organizer",
        "He was a journalist reporting on events",
        "He was a lawyer fighting cases",
        "He was a teacher educating others"
      ],
      "correct_answer": "He was an activist and organizer"
    },
    {
      "question": "How did Jackson's presidential campaigns impact American politics?",
      "options": [
        "They paved the way for future African-American candidates",
        "They led to immediate policy changes",
        "They caused division in the Democratic Party",
        "They ended his political career"
      ],
      "correct_answer": "They paved the way for future African-American candidates"
    },
    {
      "question": "What was a key aspect of Jackson's message to unite Americans?",
      "options": [
        "Focusing on poor and working-class issues",
        "Promoting economic growth for the wealthy",
        "Advocating for military expansion",
        "Encouraging immigration restrictions"
      ],
      "correct_answer": "Focusing on poor and working-class issues"
    },
    {
      "question": "How did Jackson's 1988 speech influence later politics?",
      "options": [
        "It inspired Obama's 'hope and change' slogan",
        "It led to new civil rights laws",
        "It caused a decline in his popularity",
        "It started a protest movement"
      ],
      "correct_answer": "It inspired Obama's 'hope and change' slogan"
    },
    {
      "question": "What challenges did Jackson face in his later years?",
      "options": [
        "Scandals and health issues",
        "Loss of all political support",
        "Bankruptcy and homelessness",
        "Exile from the United States"
      ],
      "correct_answer": "Scandals and health issues"
    },
    {
      "question": "Where did Jackson grow up and what was the social context?",
      "options": [
        "In segregated South Carolina",
        "In integrated New York City",
        "In rural Canada",
        "In urban Europe"
      ],
      "correct_answer": "In segregated South Carolina"
    },
    {
      "question": "How did Jackson's upbringing influence his career?",
      "options": [
        "It motivated him to fight against inequality",
        "It led him to become a sports coach",
        "It caused him to avoid politics",
        "It made him wealthy early on"
      ],
      "correct_answer": "It motivated him to fight against inequality"
    },
    {
      "question": "What health condition was Jackson diagnosed with in 2017?",
      "options": [
        "Parkinson's disease",
        "Diabetes",
        "Heart disease",
        "Cancer"
      ],
      "correct_answer": "Parkinson's disease"
    }
  ],
  "background_read": [
    "Jesse Jackson was born in 1941 in Greenville, South Carolina, during an era of strict racial segregation that limited opportunities for African-Americans. His early life involved challenges, such as being the son of a teenage mother and experiencing discrimination, but he excelled in school and sports, earning a football scholarship to the University of Illinois. This background fueled his activism, as he worked under Martin Luther King Jr. to advocate for civil rights, eventually transitioning into politics to address systemic inequalities on a national scale."
  ],
  "Article_Structure": [
    "Main Points: Jackson's evolution from civil rights activist to pioneering presidential candidate, his focus on uniting diverse groups around economic justice, and his influence on future leaders. Purpose: To highlight Jackson's role in reshaping American politics by bridging activism and electoral success, while acknowledging his personal challenges. Evidence Evaluation: The article uses historical facts, quotes from figures like Bernie Sanders, and biographical details, but lacks direct citations or data on his impact. Author Credibility: As BBC News, it is a reputable source with journalistic standards, though it may present a neutral overview without deep analysis. Methodology: Relies on reported events, speeches, and public records to construct a narrative of Jackson's life and career."
  ],
  "perspectives": [
    {
      "perspective": "Jackson as a unifying force",
      "description": "He emphasized multiracial solidarity and economic justice, shaping progressive agendas in the Democratic Party."
    }
  ],
  "image_url": "/article_images/article_b463dec9b26d71c6_cbf2f203f0a0.webp"
}