{
  "title": "Synthetic Biology Approach: mRNA-Mediated Liver Reprogramming to Counteract Age-Related Immunosenescence",
  "summary": "Immunosenescence, the age-related decline in immune function, is characterized by reduced T cell populations and diminished responsiveness, increasing susceptibility to infections and impairing cancer immunotherapy efficacy in older adults. This decline is largely attributed to thymic involution, where the thymus—essential for T cell maturation—atrophies from early adulthood, becoming nonfunctional by approximately age 75. To address this, researchers from MIT and the Broad Institute have pioneered a synthetic biology strategy utilizing mRNA to transiently reprogram hepatocytes, transforming the liver into a bioreactor that secretes thymic-like factors. By delivering three key transcriptional regulators via lipid nanoparticles, they engineered a temporary 'factory' that enhances T cell survival and clonal diversity. In murine models, aged mice subjected to this intervention exhibited expanded and more heterogeneous T cell repertoires post-vaccination, alongside augmented responses to checkpoint blockade immunotherapy. Published in Nature, this study posits that such mRNA-based modulation could offer a scalable and minimally invasive therapeutic avenue to mitigate immunosenescence, potentially extending healthspan by bolstering immune resilience. The approach circumvents limitations of prior methodologies, such as systemic cytokine administration or stem cell transplantation, by leveraging the liver's protein synthesis capacity and circulatory access, thereby minimizing off-target effects.",
  "keywords": [
    {
      "term": "immunosenescence",
      "explanation": "the gradual deterioration of the immune system associated with aging"
    },
    {
      "term": "thymic involution",
      "explanation": "the physiological atrophy of the thymus gland, leading to decreased T cell output"
    },
    {
      "term": "synthetic biology",
      "explanation": "the design and construction of new biological parts or systems to perform specific functions"
    },
    {
      "term": "mRNA-mediated reprogramming",
      "explanation": "using messenger RNA to alter cell behavior by inducing expression of targeted proteins"
    },
    {
      "term": "hepatocytes",
      "explanation": "liver cells involved in protein synthesis and metabolism"
    },
    {
      "term": "clonal diversity",
      "explanation": "the variety of T cell clones, crucial for broad immune recognition"
    },
    {
      "term": "lipid nanoparticles",
      "explanation": "delivery vehicles used to transport mRNA into cells"
    },
    {
      "term": "checkpoint blockade immunotherapy",
      "explanation": "a cancer treatment that inhibits immune checkpoints to enhance T cell activity"
    },
    {
      "term": "healthspan",
      "explanation": "the period of life spent in good health, free from chronic disease"
    },
    {
      "term": "transcriptional regulators",
      "explanation": "proteins that control gene expression by binding to DNA"
    }
  ],
  "questions": [
    {
      "question": "What is immunosenescence and how does it impact older adults?",
      "options": [
        "Age-related immune decline increasing infection risk",
        "Enhanced immune function with aging",
        "No change in immune response",
        "Autoimmune disorder development"
      ],
      "correct_answer": "Age-related immune decline increasing infection risk"
    },
    {
      "question": "How does thymic involution contribute to immunosenescence?",
      "options": [
        "By reducing T cell production as the thymus shrinks",
        "By increasing T cell production",
        "By altering B cell function",
        "By enhancing thymus activity"
      ],
      "correct_answer": "By reducing T cell production as the thymus shrinks"
    },
    {
      "question": "What synthetic biology technique did the researchers employ?",
      "options": [
        "mRNA-mediated reprogramming of liver cells",
        "CRISPR gene editing",
        "Stem cell transplantation",
        "Viral vector delivery"
      ],
      "correct_answer": "mRNA-mediated reprogramming of liver cells"
    },
    {
      "question": "Why is the liver an ideal site for this intervention?",
      "options": [
        "High protein synthesis capacity and circulatory access",
        "It is immune-privileged",
        "It has no role in aging",
        "It is easy to remove surgically"
      ],
      "correct_answer": "High protein synthesis capacity and circulatory access"
    },
    {
      "question": "What were the observed outcomes in aged mice following treatment?",
      "options": [
        "Expanded T cell diversity and improved immunotherapy responses",
        "Reduced T cell counts",
        "Increased thymus size",
        "No effect on immune function"
      ],
      "correct_answer": "Expanded T cell diversity and improved immunotherapy responses"
    },
    {
      "question": "How does this approach differ from previous immune rejuvenation strategies?",
      "options": [
        "It uses a temporary synthetic factory to avoid systemic side effects",
        "It relies on permanent genetic modification",
        "It focuses solely on cytokine administration",
        "It involves thymus regeneration"
      ],
      "correct_answer": "It uses a temporary synthetic factory to avoid systemic side effects"
    },
    {
      "question": "What is the significance of publishing this study in Nature?",
      "options": [
        "It indicates high scientific rigor and impact",
        "It is a lesser-known journal",
        "It focuses only on clinical trials",
        "It is not peer-reviewed"
      ],
      "correct_answer": "It indicates high scientific rigor and impact"
    },
    {
      "question": "Who are the key authors and their affiliations?",
      "options": [
        "Feng Zhang (MIT, Broad Institute, HHMI) and Mirco Friedrich (former MIT postdoc)",
        "James Poitras and Patricia Poitras",
        "Howard Hughes and McGovern Institute",
        "Broad Institute only"
      ],
      "correct_answer": "Feng Zhang (MIT, Broad Institute, HHMI) and Mirco Friedrich (former MIT postdoc)"
    },
    {
      "question": "What potential therapeutic implications does this research have?",
      "options": [
        "Extending healthspan by enhancing immune resilience in aging",
        "Curing all age-related diseases",
        "Replacing the need for vaccines",
        "Stopping the aging process entirely"
      ],
      "correct_answer": "Extending healthspan by enhancing immune resilience in aging"
    },
    {
      "question": "What methodological advantage does mRNA offer in this context?",
      "options": [
        "Transient expression without genomic integration",
        "Permanent genetic alteration",
        "High risk of mutagenesis",
        "Inefficient protein production"
      ],
      "correct_answer": "Transient expression without genomic integration"
    }
  ],
  "background_read": [
    "Immunosenescence is a multifaceted process involving thymic involution, telomere shortening, and cellular senescence, leading to compromised adaptive immunity. T cells, derived from thymic progenitors, undergo selection to ensure self-tolerance and pathogen recognition; their decline underpins increased morbidity in the elderly. Contemporary therapeutic avenues, such as cytokine therapies or thymic regeneration via stem cells, face challenges like toxicity or invasiveness. mRNA technology, exemplified by COVID-19 vaccines, enables precise, transient protein expression, offering a versatile platform for regenerative medicine. The MIT study integrates this with synthetic biology, targeting hepatocytes due to their robust translational machinery and systemic exposure, to create an ectopic source of thymic factors. This interdisciplinary approach highlights the convergence of immunology, bioengineering, and geroscience, aiming to redefine aging interventions by modulating fundamental physiological processes."
  ],
  "Article_Structure": [
    "Main Points: The research identifies immunosenescence driven by thymic involution and proposes an mRNA-based synthetic biology solution to reprogram liver cells for thymic factor secretion, enhancing T cell diversity and function in aged mice. Purpose: To develop a minimally invasive therapeutic strategy that mitigates age-related immune decline, potentially extending healthspan and improving responses to immunotherapies. Evidence Evaluation: Robust experimental data from murine models show significant improvements in T cell metrics and immunotherapy efficacy, published in a high-impact journal, though human applicability remains speculative. Author Credibility: Led by Feng Zhang, a distinguished investigator with expertise in neuroscience and bioengineering, and Mirco Friedrich, ensuring methodological rigor. Methodology: Utilized lipid nanoparticle-mediated mRNA delivery to hepatocytes to express three transcriptional regulators, assessed through vaccination and checkpoint blockade assays in aged mice. Critical Assessment: Strengths include innovative use of mRNA for transient reprogramming and avoidance of side effects; limitations involve unknown long-term safety, scalability to humans, and potential off-target effects in liver metabolism."
  ],
  "perspectives": [
    {
      "perspective": "Interdisciplinary innovation",
      "description": "This study exemplifies how synthetic biology and mRNA technology can converge to address complex biological challenges like aging."
    }
  ],
  "image_url": "/article_images/article_73b77805287fa58e_5fd4031c82a6.webp"
}