{
  "title": "Systemic Maternity Care Failures and Accountability at University Hospitals Sussex NHS Trust",
  "summary": "This investigative article by BBC News and New Statesman examines profound maternity care deficiencies at the University Hospitals Sussex NHS Foundation Trust, centering on tragic cases of infant mortality and parental distress. It narrates the experiences of couples, such as Beth Cooper and Sophie Hartley, who lost their anticipated sons—both intended to be named Felix—amidst alleged clinical negligence. The trust has disbursed £103.8 million in maternity-related negligence payments from 2021 to 2025, with £34.3 million in 2024/25 alone, surpassing other trusts like Nottingham University Hospitals. Critical voices, including Katie Fowler of Truth for Our Babies, contend that the trust systematically downplays errors, potentially obscuring salvageable scenarios. Despite the trust's assertion of subnational mortality rates and justification of high claims due to operational scale, the article underscores specific lapses, exemplified by Beth Cooper's repeated dismissals at the Princess Royal Hospital despite her neonatal nursing expertise and reports of reduced fetal movements. An independent inquiry, initially targeting nine cases, has expanded to fifteen families, reflecting escalating scrutiny. This piece illuminates broader themes of healthcare governance, patient safety crises, and the imperative for enhanced oversight and transparency within NHS maternity services.",
  "keywords": [
    {
      "term": "infant mortality",
      "explanation": "the death of babies before their first birthday, often used as a key health indicator"
    },
    {
      "term": "clinical negligence payments",
      "explanation": "financial compensations awarded due to healthcare providers' failures causing harm"
    },
    {
      "term": "systemic deficiencies",
      "explanation": "widespread, ingrained flaws within an organization or system affecting performance"
    },
    {
      "term": "patient safety crises",
      "explanation": "situations where healthcare delivery poses significant risks to patients, requiring urgent intervention"
    },
    {
      "term": "healthcare governance",
      "explanation": "structures and processes ensuring accountability, quality, and safety in health services"
    }
  ],
  "questions": [
    {
      "question": "What is the total amount paid by the trust for maternity errors from 2021 to 2025?",
      "options": [
        "£103.8 million",
        "£34.3 million",
        "£50 million",
        "£200 million"
      ],
      "correct_answer": "£103.8 million"
    },
    {
      "question": "How does the trust's 2024/25 negligence payout compare to other English trusts?",
      "options": [
        "It was the highest",
        "It was average",
        "It was the lowest",
        "It was not reported"
      ],
      "correct_answer": "It was the highest"
    },
    {
      "question": "What group does Katie Fowler help coordinate?",
      "options": [
        "Truth for Our Babies",
        "NHS Maternity Board",
        "Local parent support group",
        "Government inquiry team"
      ],
      "correct_answer": "Truth for Our Babies"
    },
    {
      "question": "What professional background did Beth Cooper have that informed her concerns?",
      "options": [
        "Neonatal nursery nurse",
        "Obstetrician",
        "Hospital manager",
        "Medical researcher"
      ],
      "correct_answer": "Neonatal nursery nurse"
    },
    {
      "question": "What was the initial scope of the independent investigation announced by Wes Streeting?",
      "options": [
        "Nine cases",
        "Fifteen families",
        "All maternity cases",
        "Only the Felix cases"
      ],
      "correct_answer": "Nine cases"
    },
    {
      "question": "What justification does the trust provide for its high negligence claims?",
      "options": [
        "Its large size as an NHS trust",
        "Poor national standards",
        "Lack of funding",
        "High patient volume"
      ],
      "correct_answer": "Its large size as an NHS trust"
    },
    {
      "question": "What specific symptom did Beth report during her hospital visits?",
      "options": [
        "Reduced fetal movements",
        "High blood pressure",
        "Excessive weight gain",
        "No symptoms"
      ],
      "correct_answer": "Reduced fetal movements"
    },
    {
      "question": "How does the trust describe its mortality rates over the past three years?",
      "options": [
        "Markedly below national rates",
        "Above national rates",
        "Not available",
        "Similar to other trusts"
      ],
      "correct_answer": "Markedly below national rates"
    },
    {
      "question": "What broader issue does the article suggest about NHS maternity services?",
      "options": [
        "Need for improved oversight and transparency",
        "Excellence in care delivery",
        "Overfunding problems",
        "Lack of patient complaints"
      ],
      "correct_answer": "Need for improved oversight and transparency"
    },
    {
      "question": "What method does the article use to support its claims about negligence payments?",
      "options": [
        "Analysis of clinical negligence data",
        "Parent surveys only",
        "Government reports exclusively",
        "Theoretical models"
      ],
      "correct_answer": "Analysis of clinical negligence data"
    }
  ],
  "background_read": [
    "This article delves into critical failures within the UK's National Health Service (NHS) maternity care, focusing on University Hospitals Sussex NHS Trust. Maternity services are essential for public health, and failures can indicate systemic issues in healthcare delivery, governance, and accountability. The NHS, as a publicly funded system, faces pressures from funding constraints, staffing shortages, and increasing demand, which may contribute to such crises. Investigations like this one are vital for uncovering truths, promoting reform, and ensuring justice for affected families. Understanding these events requires knowledge of clinical negligence law, healthcare policy, and patient advocacy movements, highlighting the complex interplay between medical practice, institutional responsibility, and societal expectations for safe childbirth."
  ],
  "Article_Structure": [
    "Main Points: The article details severe maternity care lapses at UH Sussex Trust, including specific baby deaths, substantial financial liabilities from negligence, and allegations of institutional opacity. Purpose: To critically assess trust performance, advocate for systemic change, and highlight parental narratives within the context of NHS-wide maternity safety concerns. Evidence Evaluation: Utilizes investigative journalism with parent interviews, financial datasets, and trust statements, though some trust claims lack independent verification, suggesting potential bias. Author Credibility: BBC News and New Statesman are established media with investigative rigor, but the article may reflect advocacy angles. Methodology: Combines qualitative data from affected families with quantitative analysis of negligence payments and official responses, employing a case-study approach to illustrate broader trends. Critical Assessment: Strengths include compelling human stories and data-driven arguments, but limitations involve reliance on partial information and the trust's defensive stance, necessitating further independent scrutiny."
  ],
  "perspectives": [
    {
      "perspective": "Investigative journalists",
      "description": "They aim to expose systemic failures and hold the trust accountable through evidence-based reporting and public scrutiny."
    },
    {
      "perspective": "Healthcare administrators",
      "description": "They focus on operational challenges, defending institutional records while acknowledging areas for improvement in a complex healthcare environment."
    }
  ],
  "image_url": "/article_images/article_5d117db678e9732b_c3c33604809d.webp"
}