{
  "title": "Nicola Roberts Is Having a Baby!",
  "summary": "Nicola Roberts, a singer from the band Girls Aloud, has shared exciting news: she is going to have her first baby. She is five months pregnant and will have the baby in spring. Nicola posted a photo on Instagram showing her baby bump with a Christmas tree. She and her partner, Mitch Hahn, are very happy and told their families on Christmas Day. Many friends, including other singers and comedians, congratulated them in the comments. Nicola is also acting in a musical called Hadestown in London, but she will finish that job in January. Girls Aloud had a big tour last year, and they remembered their friend Sarah Harding who passed away. Nicola has been in the band for over 20 years since they won a TV show.",
  "keywords": [
    {
      "term": "pregnant",
      "explanation": "when a woman is going to have a baby"
    },
    {
      "term": "Instagram",
      "explanation": "a social media app where people share photos and messages"
    },
    {
      "term": "spring",
      "explanation": "a season of the year when flowers bloom and weather gets warmer"
    },
    {
      "term": "musical",
      "explanation": "a play with singing and dancing, like a movie on stage"
    },
    {
      "term": "tour",
      "explanation": "when a band travels to different places to perform concerts"
    },
    {
      "term": "bandmate",
      "explanation": "a person who is in the same music group"
    }
  ],
  "questions": [
    {
      "question": "Who is having a baby?",
      "options": [
        "Nicola Roberts",
        "Kimberley Walsh",
        "Perrie Edwards",
        "Alan Carr"
      ],
      "correct_answer": "Nicola Roberts"
    },
    {
      "question": "How many months pregnant is Nicola?",
      "options": [
        "Three months",
        "Five months",
        "Seven months",
        "Nine months"
      ],
      "correct_answer": "Five months"
    },
    {
      "question": "Where did Nicola share the news?",
      "options": [
        "On TV",
        "In a newspaper",
        "On Instagram",
        "At a concert"
      ],
      "correct_answer": "On Instagram"
    },
    {
      "question": "What season will the baby be born?",
      "options": [
        "Summer",
        "Winter",
        "Spring",
        "Autumn"
      ],
      "correct_answer": "Spring"
    },
    {
      "question": "What is Nicola doing in London?",
      "options": [
        "Singing in a band",
        "Acting in a musical",
        "Playing football",
        "Making a movie"
      ],
      "correct_answer": "Acting in a musical"
    },
    {
      "question": "Who did Girls Aloud remember on their tour?",
      "options": [
        "Mitch Hahn",
        "Sarah Harding",
        "Perrie Edwards",
        "Alan Carr"
      ],
      "correct_answer": "Sarah Harding"
    }
  ],
  "background_read": [
    "Nicola Roberts is a singer from the UK who became famous as part of Girls Aloud, a pop band that started in 2002 after winning a TV talent show. The band had five members and made many hit songs. They stopped performing together for a while but came back for a tour in 2023. Nicola also makes her own music and acts in plays. Having a baby is a big life event where parents prepare for a new family member, often sharing joy with friends and family through social media like Instagram."
  ],
  "Article_Structure": [
    "WHO: Nicola Roberts, a singer from Girls Aloud",
    "WHAT: She announced she is pregnant with her first child",
    "WHERE: She shared the news on Instagram from London",
    "WHY: To share her happiness with fans and celebrate with her partner and family"
  ],
  "perspectives": [
    {
      "perspective": "Celebrity Life",
      "description": "This shows how celebrities use social media to share personal news with fans, making them feel closer to their audience."
    }
  ],
  "image_url": "/article_images/article_38648003f8c9a993_65f3c9ab9a7b.webp"
}