{
  "articles": [
    {
      "id": "6cb7af9507eeab3a",
      "title": "The Enduring Legacy of John Virgo: A Comprehensive Analysis of His Snooker Career and Cultural Impact",
      "summary": "John Virgo, an iconic figure in the world of snooker, has died at the age of 79, marking the loss of a veteran whose influence spanned multiple decades. His professional playing career, which lasted 18 years, was highlighted by significant accomplishments, including victory in the UK Championship and a semi-final appearance at the World Championship in 1979. Following his retirement from competitive play in 1994, Virgo seamlessly transitioned into broadcasting, becoming a staple BBC commentator renowned for his analytical prowess and distinctive catchphrase, 'where's the cue ball going?' which became synonymous with tense moments in matches. He achieved broader fame as the presenter of Big Break, a popular television series that blended snooker with entertainment from 1991 to 2002, alongside comedian Jim Davidson. Virgo's final commentary occurred 17 days prior to his death during the Masters final. The snooker community has responded with profound grief, evidenced by tributes from luminaries such as seven-time world champion Ronnie O'Sullivan, who expressed being 'gutted,' and four-time champion Mark Selby, who praised Virgo's character. Additionally, Virgo engaged in exhibition matches, showcasing trick shots and impressions that endeared him to fans, thereby cementing his legacy as a versatile and beloved personality within the sport.",
      "source": "BBC News",
      "time_ago": "Just now",
      "image_url": "/article_images/article_6cb7af9507eeab3a_001cf141ed1c.webp",
      "category": "News"
    },
    {
      "id": "a05aab6afac574e3",
      "title": "Reform Party's Meteoric Rise: Scrutinizing Governance Readiness in a Shifting Political Landscape",
      "summary": "This article provides an in-depth analysis of the Reform party, led by Nigel Farage, as it experiences unprecedented political ascendancy in the United Kingdom. Farage, a seasoned politician with a history of influence from the periphery, candidly acknowledges that Reform is not yet prepared for governance, despite leading opinion polls ahead of both Labour and Conservatives. The piece, based on a BBC documentary, interrogates the party's credibility and operational capacity, particularly as it controls over 10 town halls in England and faces intense public scrutiny. It delves into Farage's past controversies, including allegations of racism and antisemitism during his tenure at Dulwich College, where he offers a conditional apology, reflecting broader tensions around accountability. The article highlights Reform's strategic maneuvers, such as its sophisticated content-creation apparatus, weekly press conferences, and focus on issues like crime and immigration to galvanize support. Additionally, it examines the influx of defections from former Conservatives, which injects momentum but also poses challenges in unifying the right-wing electorate to avoid vote-splitting. The central thesis questions whether Reform can evolve from a populist movement into a viable governing entity, considering its institutional gaps and the heightened expectations accompanying its poll dominance.",
      "source": "BBC News",
      "time_ago": "6 hours ago",
      "image_url": "/article_images/article_a05aab6afac574e3_9ca285e74fd9.webp",
      "category": "News"
    },
    {
      "id": "ae0ab58c9e11dc36",
      "title": "Analyzing a Shark Attack: Trauma, Survival, and Psychological Impact",
      "summary": "In April 2024, Peter Smith, a 66-year-old retired IT director from Hertfordshire, experienced a traumatic shark attack during a holiday in Tobago, a Caribbean island where such incidents are virtually unknown. While swimming in shallow waters, he was bitten by a bull shark—a species renowned for its aggression and propensity to inhabit coastal areas—estimated at 10 feet in length. The attack resulted in multiple bites to his leg, arm, and stomach, causing deep lacerations, significant blood loss, and near loss of consciousness. Demonstrating acute survival instincts, Peter responded by aggressively punching the shark, a reaction he describes as the most forceful action of his life. His friends, John and Moira, intervened to assist in the struggle and facilitate his extraction from the water, while his wife Joanna witnessed the aftermath, including visible bone injuries. Transported to Tobago's sole hospital, Peter endured intense pain and medical treatment for his wounds. In a subsequent interview with BBC News, he reveals a nuanced perspective: despite the severity of the attack, he expresses no lingering fear of sharks, attributing this to the rarity of such events and his personal coping mechanisms. This narrative not only recounts a harrowing survival story but also invites analysis of risk perception, psychological resilience, and the ethical considerations of human-wildlife interactions in tourist destinations.",
      "source": "BBC News",
      "time_ago": "6 hours ago",
      "image_url": "/article_images/article_ae0ab58c9e11dc36_755ae2c178a5.webp",
      "category": "News"
    },
    {
      "id": "238225e3e02fc365",
      "title": "Melinda French Gates Confronts Bill Gates' Epstein Ties in Justice Department Document Release",
      "summary": "In a candid interview with NPR's Wild Card podcast, Melinda French Gates, a distinguished philanthropist and former spouse of Microsoft co-founder Bill Gates, articulated profound emotional distress over newly released U.S. Department of Justice documents that associate Bill Gates with Jeffrey Epstein, a deceased convicted sex offender. Melinda expressed 'unbelievable sadness' regarding the Epstein allegations and insisted that Bill, among others implicated, must address lingering questions about their interactions. She revealed that these documents evoke 'painful times' from their 27-year marriage, culminating in a 2021 divorce, previously marred by reports of Bill's association with Epstein and an admitted affair. The documents, part of over three million files released, include emails from 2013 allegedly drafted by Epstein, containing unverified claims such as Bill Gates contracting a sexually transmitted disease, though it is ambiguous whether these emails were ever transmitted. Bill Gates has vehemently denied these allegations as 'absolutely absurd' and false, with his spokesperson noting no accusations from Epstein's victims. This episode underscores the complex interplay between personal trauma, public accountability, and the scrutiny of elite networks in the wake of Epstein's infamy.",
      "source": "BBC News",
      "time_ago": "9 hours ago",
      "image_url": "/article_images/article_238225e3e02fc365_bc59f48bf35c.webp",
      "category": "News"
    },
    {
      "id": "0f5de80c653881c2",
      "title": "Trump's Denunciation of PBS and NPR Amid Federal Funding Reductions and Structural Changes",
      "summary": "President Donald Trump's characterization of PBS and NPR as a waste of money occurred during the signing of legislation to fund the government through September and conclude a partial shutdown, reflecting ongoing ideological conflicts over public media financing. This remark followed his successful advocacy for Congress to rescind approximately $1.1 billion in federal funding for public broadcasting the prior year, predominantly affecting the Corporation for Public Broadcasting (CPB), the independent nonprofit responsible for allocating resources to PBS, NPR, and over 1,500 local stations. The funding clawback precipitated layoffs, programming cancellations, and operational modifications across the public media landscape, yet PBS and NPR have sustained their broadcasts via television, radio, and digital avenues. Trump's previous erroneous assertion that these networks were closed underscores a pattern of adversarial rhetoric toward public institutions. The CPB board's decision to dissolve itself in January exemplifies the structural repercussions of these fiscal policies, highlighting debates on the role of government in supporting non-commercial media. This scenario illustrates broader tensions between neoliberal austerity measures and the preservation of public goods in democratic societies.",
      "source": "PBS NewsHour",
      "time_ago": "12 hours ago",
      "image_url": "/article_images/article_0f5de80c653881c2_15451e0bf27e.webp",
      "category": "News"
    },
    {
      "id": "bf27b3cd293870e5",
      "title": "Scrutiny Intensifies Over Trump's Request for Gabbard at FBI Election Center Raid",
      "summary": "This article examines emerging details about the FBI raid on an elections office in Fulton County, Georgia, focusing on Director of National Intelligence Tulsi Gabbard's assertion that President Trump personally requested her presence during the execution of the search warrant. The incident has catalyzed intense scrutiny regarding election security and the delineation of federal authority, with Democrats in Congress raising alarms about potential political interference. Gabbard's letter to Congress serves as a key document, wherein she defends her involvement by stating Trump directed her observance and confirming she facilitated a phone call between him and the participating FBI agents—an action characterized as highly irregular. This development underscores broader concerns about the integrity of electoral processes and the independence of law enforcement, as such involvement may erode public confidence and challenge normative legal protocols. The article situates this event within ongoing investigations into election-related matters, highlighting the complex interplay between executive power, intelligence oversight, and democratic safeguards. It calls attention to the need for rigorous adherence to procedural norms to prevent the perception of undue influence and to uphold institutional trust in a polarized political climate.",
      "source": "PBS NewsHour",
      "time_ago": "13 hours ago",
      "image_url": "/article_images/article_bf27b3cd293870e5_8668f77bb329.webp",
      "category": "News"
    }
  ]
}