{
  "title": "Governance in Crisis: Scrutinizing Leadership and Bias at the BBC",
  "summary": "The resignation of Banerji from the BBC board exacerbates an ongoing governance crisis, intensifying scrutiny on chair Samir Shah's leadership. Banerji's early departure, strategically timed before parliamentary committee hearings, is interpreted as a critique of Shah's perceived weakness in confronting board members who allege systemic liberal bias within BBC News. This follows the high-profile exits of the director general and CEO of news, underscoring profound internal divisions. Shah, along with figures like Deborah Turness and Tim Davie, refutes claims of institutional bias, advocating for the BBC's core impartiality and its status as the UK's most trusted news source. However, the board's fragmentation is evident, with some members coalescing around bias accusations, while others emphasize robust, diverse discourse. A senior TV executive's characterization of the board as 'melting down' points to leadership deficiencies, compounded by allegations that Banerji was excluded from key decisions, fueling speculation of an internal coup. The article situates this within broader political contexts, including calls from Sir Ed Davey to remove certain board members, raising questions about political influence and the BBC's autonomy. Ultimately, it probes whether Shah can navigate these challenges to preserve the corporation's integrity and public trust.",
  "keywords": [
    {
      "term": "resignation",
      "explanation": "a formal act of stepping down from a position, often signaling dissent or protest in organizational contexts"
    },
    {
      "term": "systemic bias",
      "explanation": "ingrained prejudices within an institution's structures, affecting fairness and objectivity"
    },
    {
      "term": "impartiality",
      "explanation": "the principle of neutrality and balance, essential for public trust in media organizations"
    },
    {
      "term": "governance",
      "explanation": "the system of rules and practices by which an organization is directed and controlled"
    },
    {
      "term": "parliamentary scrutiny",
      "explanation": "examination by parliamentary committees to hold public bodies accountable"
    },
    {
      "term": "leadership crisis",
      "explanation": "a situation where leadership fails to maintain cohesion and address conflicts effectively"
    },
    {
      "term": "internal coup",
      "explanation": "a clandestine effort within an organization to seize control, often through strategic resignations or alliances"
    },
    {
      "term": "political appointees",
      "explanation": "individuals appointed to positions based on political considerations, potentially influencing organizational dynamics"
    },
    {
      "term": "public trust",
      "explanation": "the confidence the public has in an institution's reliability and ethical standards"
    },
    {
      "term": "media autonomy",
      "explanation": "the degree of independence a media organization has from external pressures, such as government or political interference"
    }
  ],
  "questions": [
    {
      "question": "What strategic timing is associated with Banerji's resignation?",
      "options": [
        "Before a parliamentary committee meeting",
        "After a public apology",
        "During a board election",
        "After Shah's appointment"
      ],
      "correct_answer": "Before a parliamentary committee meeting"
    },
    {
      "question": "How does the article characterize the board's current state?",
      "options": [
        "As melting down",
        "As highly unified",
        "As expanding",
        "As irrelevant"
      ],
      "correct_answer": "As melting down"
    },
    {
      "question": "What allegation does Banerji make regarding his consultation?",
      "options": [
        "He was not consulted on key departures",
        "He was overly consulted",
        "He initiated the consultations",
        "It was irrelevant"
      ],
      "correct_answer": "He was not consulted on key departures"
    },
    {
      "question": "What is Shah's response to bias claims?",
      "options": [
        "He denies institutional bias and emphasizes impartiality",
        "He admits to bias and promises changes",
        "He ignores the claims",
        "He supports the bias allegations"
      ],
      "correct_answer": "He denies institutional bias and emphasizes impartiality"
    },
    {
      "question": "Who has called for the removal of Sir Robbie Gibb from the board?",
      "options": [
        "Sir Ed Davey",
        "Samir Shah",
        "Banerji",
        "A senior TV executive"
      ],
      "correct_answer": "Sir Ed Davey"
    },
    {
      "question": "What broader issue does the article connect to the BBC's internal conflicts?",
      "options": [
        "Political influence and media autonomy",
        "Technological advancements",
        "Funding cuts",
        "International expansion"
      ],
      "correct_answer": "Political influence and media autonomy"
    },
    {
      "question": "How does the article assess the evidence for bias claims?",
      "options": [
        "It presents mixed accounts from insiders and leaders",
        "It provides statistical data",
        "It dismisses all claims as false",
        "It relies solely on government reports"
      ],
      "correct_answer": "It presents mixed accounts from insiders and leaders"
    },
    {
      "question": "What methodological approach does the author primarily use?",
      "options": [
        "Interviews and insider sources",
        "Surveys and polls",
        "Experimental research",
        "Historical analysis"
      ],
      "correct_answer": "Interviews and insider sources"
    },
    {
      "question": "What critical limitation is noted in the article's coverage?",
      "options": [
        "Potential bias as BBC reports on itself",
        "Lack of any sources",
        "Over-reliance on data",
        "Ignoring all perspectives"
      ],
      "correct_answer": "Potential bias as BBC reports on itself"
    },
    {
      "question": "How might the situation affect the BBC's public trust?",
      "options": [
        "It could undermine trust if not resolved",
        "It has no effect",
        "It increases trust",
        "It leads to privatization"
      ],
      "correct_answer": "It could undermine trust if not resolved"
    }
  ],
  "background_read": [
    "The BBC, established as a public service broadcaster, operates under a royal charter mandating impartiality and is funded primarily by a television license fee in the UK. Its governance includes a board with both independent and government-appointed members, tasked with upholding editorial standards. Historically, the BBC has faced accusations of political bias from various quarters, influencing public and political discourse. Recent resignations of senior executives reflect deeper institutional challenges, compounded by external pressures from political figures and media critics. Understanding this context is crucial for analyzing the current leadership crisis, as it involves intersections of media ethics, governance structures, and the role of public broadcasters in democratic societies."
  ],
  "Article_Structure": [
    "This article delves into the BBC's governance crisis, with main points highlighting resignations, bias allegations, and leadership scrutiny under Shah. Its purpose is to explore internal conflicts and their implications for media integrity, set against broader political influences. Evidence evaluation notes reliance on insider interviews and leaked memos, which, while insightful, lack transparency and may reflect biases. Author credibility stems from BBC News' reputation, but self-reporting risks partiality. Methodology involves qualitative interviews and document analysis, offering depth but limited by selective access. Critical assessment acknowledges the article's strength in revealing internal dynamics but weaknesses in potential oversight of external factors and balanced sourcing, urging readers to consider multiple viewpoints for a comprehensive understanding."
  ],
  "perspectives": [
    {
      "perspective": "Banerji's critical view",
      "description": "Asserts that Shah's leadership is inadequate, failing to address board divisions and bias claims effectively"
    },
    {
      "perspective": "Shah's defensive view",
      "description": "Maintains the BBC's impartiality and advocates for inclusive board discussions to mirror societal diversity"
    },
    {
      "perspective": "Political critics' view",
      "description": "Argues that systemic bias and political appointments undermine the BBC's objectivity and require structural reforms"
    },
    {
      "perspective": "Media analysts' view",
      "description": "Examines the crisis as a symptom of broader issues in public service media governance and trust erosion"
    }
  ],
  "image_url": "/article_images/article_073151fd999fa79f_01e9dbe11b75.webp"
}