{
  "title": "Governance Under Fire: Analyzing the Implications of Banerji's Resignation for BBC Chair Samir Shah",
  "summary": "The premature resignation of Banerji from the BBC board exacerbates an ongoing governance crisis, strategically timed before a parliamentary committee session and following the departures of the director general and news CEO. This act is interpreted as a direct indictment of chair Samir Shah's leadership, with Banerji allegedly perceiving Shah as insufficiently assertive in countering assertions of systemic bias within BBC News. The board is polarized: four political appointees contend that the corporation is plagued by liberal groupthink, whereas Shah, alongside former executives like Tim Davie and Deborah Turness, upholds the BBC's commitment to impartiality, despite acknowledging past errors. Broader contextual factors, including a leaked memo, an apology for a Panorama edit, and a defamation threat from Donald Trump, complicate the narrative. Shah advocates for embracing diverse viewpoints to foster robust discourse, yet Banerji's claim of exclusion from key decisions fuels speculation of internal maneuvering. The article critically assesses whether Shah can navigate these divisions to preserve the BBC's status as the UK's most trusted news entity, while addressing fundamental questions about institutional bias and effective leadership in public broadcasting.",
  "keywords": [
    {
      "term": "governance crisis",
      "explanation": "a severe breakdown in the management and oversight of an organization, leading to instability"
    },
    {
      "term": "systemic bias",
      "explanation": "ingrained prejudices within an institution's structures that affect its outputs and decisions"
    },
    {
      "term": "impartiality",
      "explanation": "the principle of fairness and neutrality, essential for credible journalism and public trust"
    },
    {
      "term": "political appointees",
      "explanation": "individuals selected for roles based on political affiliations, potentially influencing organizational objectivity"
    },
    {
      "term": "groupthink",
      "explanation": "a psychological phenomenon where group cohesion leads to irrational or dysfunctional decision-making"
    },
    {
      "term": "leadership efficacy",
      "explanation": "the effectiveness of a leader in guiding an organization through challenges and achieving goals"
    },
    {
      "term": "institutional trust",
      "explanation": "the public's confidence in an organization's integrity and reliability over time"
    },
    {
      "term": "parliamentary scrutiny",
      "explanation": "examination by government committees to hold public bodies accountable"
    },
    {
      "term": "defamation",
      "explanation": "the act of damaging someone's reputation through false statements, which can lead to legal action"
    },
    {
      "term": "public broadcasting",
      "explanation": "media services funded by the public, aimed at serving the common good without commercial pressures"
    }
  ],
  "questions": [
    {
      "question": "What strategic timing element makes Banerji's resignation particularly impactful?",
      "options": [
        "It occurred after the parliamentary committee meeting",
        "It was just before other board members faced MPs and after key resignations",
        "It happened on a national holiday",
        "It was announced in a press release"
      ],
      "correct_answer": "It was just before other board members faced MPs and after key resignations"
    },
    {
      "question": "How does the article characterize the division within the BBC board regarding bias?",
      "options": [
        "As a minor disagreement",
        "As a fundamental split over systemic bias and groupthink",
        "As a unified stance against bias",
        "As a focus on financial issues"
      ],
      "correct_answer": "As a fundamental split over systemic bias and groupthink"
    },
    {
      "question": "What evidence does the article use to support claims of internal conflict?",
      "options": [
        "Only official statements",
        "Interviews with Shah and an insider account from Banerji",
        "Statistical data on viewer trust",
        "External audits of BBC operations"
      ],
      "correct_answer": "Interviews with Shah and an insider account from Banerji"
    },
    {
      "question": "How does Shah respond to accusations of bias within BBC News?",
      "options": [
        "By admitting systemic issues and promising reforms",
        "By defending impartiality while acknowledging past mistakes",
        "By ignoring the claims entirely",
        "By blaming political appointees for the problems"
      ],
      "correct_answer": "By defending impartiality while acknowledging past mistakes"
    },
    {
      "question": "What broader external factors contribute to the BBC's current challenges?",
      "options": [
        "Only internal resignations",
        "A leaked memo, an apology for an edit, and a defamation threat",
        "Increased funding cuts",
        "New competition from social media"
      ],
      "correct_answer": "A leaked memo, an apology for an edit, and a defamation threat"
    },
    {
      "question": "What does Banerji's claim about not being consulted suggest about board dynamics?",
      "options": [
        "That decisions are made transparently",
        "That there may be exclusionary practices or a coup",
        "That he was always included in discussions",
        "That the board is highly collaborative"
      ],
      "correct_answer": "That there may be exclusionary practices or a coup"
    },
    {
      "question": "How does the article evaluate the BBC's overall trustworthiness amidst the crisis?",
      "options": [
        "As completely eroded",
        "As still the most trusted in the UK, but under threat",
        "As improving due to recent changes",
        "As irrelevant to the public"
      ],
      "correct_answer": "As still the most trusted in the UK, but under threat"
    },
    {
      "question": "What critical assessment does the article make about the evidence presented?",
      "options": [
        "It is comprehensive and unbiased",
        "It relies heavily on anecdotes and may reflect insider biases",
        "It is based solely on government reports",
        "It includes extensive quantitative analysis"
      ],
      "correct_answer": "It relies heavily on anecdotes and may reflect insider biases"
    },
    {
      "question": "How might political appointees influence the BBC's editorial direction?",
      "options": [
        "By ensuring complete neutrality",
        "By pushing agendas that align with their political views",
        "By reducing funding for news",
        "By focusing on entertainment content"
      ],
      "correct_answer": "By pushing agendas that align with their political views"
    },
    {
      "question": "What is the ultimate question the article poses regarding BBC News?",
      "options": [
        "How to increase its audience share",
        "Whether it is institutionally biased and can maintain trust",
        "Who will be the next director general",
        "What new programs it will launch"
      ],
      "correct_answer": "Whether it is institutionally biased and can maintain trust"
    }
  ],
  "background_read": [
    "The BBC, established as a public service broadcaster in the UK, operates under a royal charter that mandates impartiality and independence. It is funded primarily by a television license fee, which subjects it to public and political scrutiny. Recent years have seen heightened debates over media bias, with critics alleging a liberal slant in coverage. The board of governors, including political appointees, oversees strategic direction, and incidents like the resignations of senior leaders and controversies such as the Panorama edit apology have intensified governance concerns. Samir Shah, as chair, faces the challenge of balancing diverse viewpoints while upholding the BBC's core values. This article situates Banerji's resignation within broader issues of leadership, trust, and the role of public broadcasting in a polarized media landscape, emphasizing the need for critical analysis of sources and institutional integrity."
  ],
  "Article_Structure": [
    "This in-depth analysis examines the BBC's governance crisis through Banerji's resignation. Main Points detail the board's polarization over systemic bias accusations and Shah's defense of impartiality. Purpose is to critique leadership efficacy and institutional trust in the context of public broadcasting. Evidence Evaluation notes reliance on insider interviews and anecdotal accounts, which, while insightful, lack empirical rigor and may reflect biases. Author Credibility is bolstered by BBC News' reputation, but potential conflicts arise as the source reports on itself. Methodology involves qualitative analysis of recent events and stakeholder statements, offering a narrative-driven approach. Critical Assessment highlights strengths in timeliness and access to insiders, but limitations include insufficient data on bias claims and a focus on drama over substantive resolution, questioning the article's depth in addressing systemic issues."
  ],
  "perspectives": [
    {
      "perspective": "Banerji's critical perspective",
      "description": "Asserts that Shah's leadership is inadequate, failing to address internal bias and leading to dysfunctional governance"
    },
    {
      "perspective": "Shah's defensive perspective",
      "description": "Maintains that the BBC upholds impartiality and values diverse opinions, viewing current conflicts as part of healthy discourse"
    },
    {
      "perspective": "Political appointees' accusatory perspective",
      "description": "Argues that the BBC exhibits liberal groupthink, necessitating structural changes to ensure balance"
    },
    {
      "perspective": "External analytical perspective",
      "description": "Questions the sustainability of the BBC's trust model amid internal strife and potential political influences"
    },
    {
      "perspective": "Media critic perspective",
      "description": "Suggests that the crisis reflects broader challenges in public broadcasting governance and bias management"
    }
  ],
  "image_url": "/article_images/article_073151fd999fa79f_01e9dbe11b75.webp"
}