{
  "title": "Pinnington Jones' Rise and Fall at the Dallas Open",
  "summary": "Jack Pinnington Jones, a 22-year-old British tennis player, experienced a breakthrough week at the Dallas Open, showcasing his potential on the ATP Tour. He began by successfully navigating two rounds of qualifying to enter the main draw. In the tournament, he achieved a significant upset by defeating Flavio Cobolli, the world number 20, marking the biggest win of his career. He followed this with a victory over Eliot Spizzirri to advance to the quarter-finals. However, his dream run was halted by veteran Marin Cilic, the 2014 US Open champion, who won decisively in straight sets. Despite the loss, Pinnington Jones is set to rise 43 places in the ATP rankings, moving from 181st to 138th, reflecting his improved form. This performance comes after he opted to forgo his final year at Texas Christian University to pursue tennis professionally, following a strong run that included a final at a challenger event in Egypt. The article also highlights Victoria Mboko's success at the Qatar Open, where she defeated top players to reach the final, adding context to emerging talents in tennis.",
  "keywords": [
    {
      "term": "ATP Tour",
      "explanation": "the top level of professional men's tennis tournaments organized by the Association of Tennis Professionals"
    },
    {
      "term": "qualifying rounds",
      "explanation": "preliminary matches that players must win to gain entry into the main draw of a tournament"
    },
    {
      "term": "upset",
      "explanation": "when a lower-ranked player defeats a higher-ranked opponent"
    },
    {
      "term": "quarter-finals",
      "explanation": "the stage of a tournament where eight players compete, with winners advancing to the semi-finals"
    },
    {
      "term": "ATP rankings",
      "explanation": "a system that ranks male tennis players based on their performance in tournaments over the past year"
    },
    {
      "term": "challenger event",
      "explanation": "a lower-level professional tournament that helps players gain ranking points and experience"
    },
    {
      "term": "professional career",
      "explanation": "pursuing a sport as a full-time job, often involving sacrifices like education"
    },
    {
      "term": "emerging talents",
      "explanation": "young players showing promise and potential in their sport"
    }
  ],
  "questions": [
    {
      "question": "How did Jack Pinnington Jones enter the main draw of the Dallas Open?",
      "options": [
        "By winning two qualifying rounds",
        "By receiving a wild card",
        "By being a top seed",
        "By default from other players"
      ],
      "correct_answer": "By winning two qualifying rounds"
    },
    {
      "question": "What was the significance of Jack's win over Flavio Cobolli?",
      "options": [
        "It was the biggest win of his career",
        "It earned him a trophy",
        "It made him world number 20",
        "It was his first match ever"
      ],
      "correct_answer": "It was the biggest win of his career"
    },
    {
      "question": "Who defeated Jack in the quarter-finals?",
      "options": [
        "Marin Cilic",
        "Taylor Fritz",
        "Flavio Cobolli",
        "Eliot Spizzirri"
      ],
      "correct_answer": "Marin Cilic"
    },
    {
      "question": "How much did Jack's ATP ranking improve after the Dallas Open?",
      "options": [
        "43 places, from 181st to 138th",
        "20 places, from 138th to 118th",
        "No change",
        "He dropped in ranking"
      ],
      "correct_answer": "43 places, from 181st to 138th"
    },
    {
      "question": "What did Jack do before the Dallas Open to prepare?",
      "options": [
        "Reached the final at a challenger event in Egypt",
        "Won the Australian Open",
        "Took a break from tennis",
        "Finished college"
      ],
      "correct_answer": "Reached the final at a challenger event in Egypt"
    },
    {
      "question": "Why did Jack skip his final year of college?",
      "options": [
        "To pursue a full-time tennis career",
        "To study abroad",
        "Because he failed his classes",
        "To become a coach"
      ],
      "correct_answer": "To pursue a full-time tennis career"
    },
    {
      "question": "What other tournament success is mentioned in the article?",
      "options": [
        "Victoria Mboko reaching the final at the Qatar Open",
        "Jack winning the US Open",
        "Marin Cilic winning the Dallas Open",
        "Flavio Cobolli becoming number one"
      ],
      "correct_answer": "Victoria Mboko reaching the final at the Qatar Open"
    },
    {
      "question": "What does the article suggest about Jack's future in tennis?",
      "options": [
        "He is showing improvement and potential",
        "He should quit tennis",
        "He will definitely win the next tournament",
        "He is past his prime"
      ],
      "correct_answer": "He is showing improvement and potential"
    }
  ],
  "background_read": [
    "The ATP Tour is the premier circuit for men's professional tennis, featuring tournaments worldwide that award ranking points. Players often start by competing in qualifying rounds or lower-level challenger events to build their careers. Rankings are crucial as they determine entry into tournaments and seeding. Young athletes like Jack Pinnington Jones face decisions about balancing education and sports, with many opting to turn professional early. The article also touches on women's tennis, highlighting Victoria Mboko's achievements, to show the broader context of rising stars in the sport. Understanding these elements helps appreciate the challenges and successes in professional tennis."
  ],
  "Article_Structure": [
    "Main Points: The article details Jack Pinnington Jones' successful run at the Dallas Open, including key wins and a quarter-final loss, his ranking improvement, and his decision to pursue tennis full-time. Purpose: To report on a young player's breakthrough performance and its impact on his career, while also noting other emerging talents like Victoria Mboko. Evidence Evaluation: The article provides specific match results, rankings data, and career decisions, sourced from the tournament, making it reliable for sports reporting. Author Credibility: As a BBC article, it comes from a reputable news source known for accurate sports coverage, though no individual author is named. Methodology: Information is gathered from tournament reports, rankings updates, and player backgrounds, typical for sports journalism."
  ],
  "perspectives": [
    {
      "perspective": "Career Development",
      "description": "Highlights how young players navigate professional tennis through tournaments and personal choices."
    }
  ],
  "image_url": "/article_images/article_5d9397ac43dd5cec_fac74784057b.webp"
}