{
  "title": "Systemic Pressures on Food Banks: An Analysis of Economic and Policy Impacts",
  "summary": "Food banks nationwide are confronting a severe crisis characterized by escalating demand and diminishing supplies, driven by systemic economic and policy factors. Rising food prices, fueled by inflation, have increased operational costs for food banks, while government cutbacks, particularly in federal programs like SNAP, have reduced critical support. The recent government shutdown caused significant disruptions to SNAP benefits, leaving many households without essential nutrition assistance and heightening reliance on food banks. According to Eric Cooper, President and CEO of the San Antonio Food Bank, 2025 has seen consistent reductions in food allocations from government sources, compounding the challenges. Even as the shutdown concludes, anticipated further restrictions threaten to exacerbate food insecurity. This situation underscores broader issues of economic inequality and the fragility of social safety nets. Food banks, as key community resources, are striving to bridge the gap, but their capacity is strained, highlighting the need for robust public policies and community engagement to address underlying causes of hunger and poverty effectively.",
  "keywords": [
    {
      "term": "food insecurity",
      "explanation": "a condition where individuals lack consistent access to sufficient, safe, and nutritious food due to economic and social factors"
    },
    {
      "term": "SNAP benefits",
      "explanation": "federal assistance provided under the Supplemental Nutrition Assistance Program to help low-income households purchase food"
    },
    {
      "term": "government shutdown",
      "explanation": "a period when the federal government suspends non-essential services due to legislative funding failures, impacting various programs"
    },
    {
      "term": "economic inequality",
      "explanation": "the unequal distribution of income and opportunity across different groups in society, often exacerbating poverty"
    },
    {
      "term": "social safety nets",
      "explanation": "government programs designed to prevent individuals from falling into poverty by providing essential support like food and healthcare"
    },
    {
      "term": "inflation",
      "explanation": "the rate at which the general level of prices for goods and services rises, eroding purchasing power"
    },
    {
      "term": "federal programs",
      "explanation": "initiatives funded and administered by the national government to address public needs, such as nutrition assistance"
    },
    {
      "term": "operational costs",
      "explanation": "expenses incurred by organizations like food banks to run their services, including procurement and distribution"
    },
    {
      "term": "policy impacts",
      "explanation": "the effects of government decisions and regulations on societal issues, such as food security"
    },
    {
      "term": "vulnerable populations",
      "explanation": "groups at higher risk of adverse outcomes due to factors like poverty, disability, or lack of resources"
    }
  ],
  "questions": [
    {
      "question": "What systemic factors are driving the crisis for food banks?",
      "options": [
        "Rising food prices and government cutbacks",
        "Decreased demand and increased funding",
        "Stable economic conditions",
        "Improved SNAP benefits"
      ],
      "correct_answer": "Rising food prices and government cutbacks"
    },
    {
      "question": "How did the government shutdown specifically affect SNAP benefits?",
      "options": [
        "It increased benefit amounts",
        "It caused disruptions in distribution",
        "It had no effect",
        "It permanently ended the program"
      ],
      "correct_answer": "It caused disruptions in distribution"
    },
    {
      "question": "What evidence does the article provide from Eric Cooper?",
      "options": [
        "Testimony on reduced food supplies from government programs",
        "Data on increased volunteer numbers",
        "Claims of improved economic conditions",
        "Reports on decreased food prices"
      ],
      "correct_answer": "Testimony on reduced food supplies from government programs"
    },
    {
      "question": "What broader societal issue is highlighted by the food bank struggles?",
      "options": [
        "Economic inequality and fragile safety nets",
        "Overpopulation in cities",
        "Technological advancements",
        "Environmental conservation"
      ],
      "correct_answer": "Economic inequality and fragile safety nets"
    },
    {
      "question": "How do rising food prices impact food bank operations?",
      "options": [
        "They lower operational costs",
        "They increase costs and limit food procurement",
        "They have no significant impact",
        "They allow for expansion of services"
      ],
      "correct_answer": "They increase costs and limit food procurement"
    },
    {
      "question": "What is the role of federal programs in supporting food banks?",
      "options": [
        "They provide essential food supplies and funding",
        "They regulate food bank activities",
        "They compete with food banks",
        "They are unrelated to food banks"
      ],
      "correct_answer": "They provide essential food supplies and funding"
    },
    {
      "question": "Why might future restrictions worsen the situation?",
      "options": [
        "By further reducing aid and increasing demand",
        "By increasing government support",
        "By stabilizing food prices",
        "By decreasing community involvement"
      ],
      "correct_answer": "By further reducing aid and increasing demand"
    },
    {
      "question": "What methodological approach did the article use?",
      "options": [
        "Interviews with food bank officials and event reporting",
        "Statistical analysis of economic data",
        "Experimental studies on hunger",
        "Historical comparisons only"
      ],
      "correct_answer": "Interviews with food bank officials and event reporting"
    },
    {
      "question": "How does the article assess author credibility?",
      "options": [
        "By noting PBS NewsHour's reputation and journalist experience",
        "By providing peer-reviewed sources",
        "By ignoring author background",
        "By focusing solely on government reports"
      ],
      "correct_answer": "By noting PBS NewsHour's reputation and journalist experience"
    },
    {
      "question": "What critical limitation might exist in the article's evidence?",
      "options": [
        "Lack of comprehensive data and reliance on anecdotal accounts",
        "Over-reliance on quantitative studies",
        "Inclusion of biased government perspectives",
        "Exclusion of any expert testimony"
      ],
      "correct_answer": "Lack of comprehensive data and reliance on anecdotal accounts"
    }
  ],
  "background_read": [
    "Food banks operate within a complex interplay of economic, social, and policy frameworks. SNAP, established under the Food and Nutrition Act, is a cornerstone of U.S. food assistance, but its efficacy can be compromised by political decisions like government shutdowns, which halt appropriations. Economic theories on inflation and inequality explain how rising costs disproportionately affect low-income groups, increasing reliance on charitable organizations. Historically, food banks emerged in the 1960s to address surplus and hunger issues, evolving with federal support. For high school students, this context illuminates the roles of macroeconomic policies, social justice, and civic engagement in mitigating food insecurity, encouraging analysis of how systemic changes impact community resilience and the importance of evidence-based advocacy."
  ],
  "Article_Structure": [
    "This article provides an in-depth analysis of the pressures on food banks, with Main Points detailing how rising prices and government cutbacks, including SNAP disruptions, drive increased demand and limited supplies. The Purpose is to raise awareness and critique policy inadequacies within broader economic contexts. Evidence Evaluation notes reliance on qualitative interviews, such as with Eric Cooper, offering credible but anecdotal insights, while lacking robust statistical data weakens empirical support. Author Credibility is high due to PBS NewsHour's established reputation and William Brangham's journalistic expertise, though potential biases toward highlighting crises exist. Methodology involves descriptive reporting through firsthand accounts and event coverage, providing immediacy but limited in depth. Critical Assessment recognizes the article's strength in humanizing the issue but notes limitations in omitting counter-perspectives and comprehensive economic analysis, suggesting areas for further research."
  ],
  "perspectives": [
    {
      "perspective": "Food bank perspective",
      "description": "Focuses on operational challenges and the urgent need for sustained funding and policy reforms to ensure food security"
    },
    {
      "perspective": "Government perspective",
      "description": "May justify cutbacks as necessary fiscal measures, emphasizing budget constraints over immediate social needs"
    },
    {
      "perspective": "Economic perspective",
      "description": "Analyzes how inflation and economic policies exacerbate poverty, calling for macroeconomic interventions to stabilize food systems"
    },
    {
      "perspective": "Social justice perspective",
      "description": "Advocates for equitable resource distribution and criticizes systemic inequalities that perpetuate hunger and disadvantage vulnerable groups"
    },
    {
      "perspective": "Policy analyst perspective",
      "description": "Evaluates the effectiveness of SNAP and other programs, suggesting improvements based on evidence and long-term impact assessments"
    }
  ],
  "image_url": "/article_images/article_9317aa7d73fcddfb_341f50e5c21c.webp"
}