{
  "title": "Gut Metabolites and Their Role in Metabolic Health",
  "summary": "A study conducted at Harvard University, with support from FAPESP, identified metabolites that move from the intestine to the liver via the hepatic portal vein and then circulate throughout the body. These compounds, derived from the gut microbiome, influence liver metabolism and insulin sensitivity, suggesting new therapeutic approaches for obesity and type 2 diabetes. Researchers analyzed blood samples from mice, comparing the hepatic portal vein and peripheral blood to track metabolite enrichment. They found that diet and genetic factors significantly affect metabolite profiles, with fewer metabolites in obese and diabetic mice on high-fat diets. The study also used antibiotics to alter the microbiome, revealing changes in metabolites like mesaconate, which is involved in energy production. This work highlights the complex interactions between the gut microbiome, host genetics, and environment in metabolic diseases, providing insights for future treatments.",
  "keywords": [
    {
      "term": "metabolites",
      "explanation": "small molecules produced by gut bacteria that circulate in the blood and affect bodily functions"
    },
    {
      "term": "hepatic portal vein",
      "explanation": "a blood vessel that carries blood from the intestines to the liver"
    },
    {
      "term": "gut microbiome",
      "explanation": "the community of microorganisms living in the digestive tract that influence health"
    },
    {
      "term": "insulin sensitivity",
      "explanation": "how effectively the body responds to insulin to regulate blood sugar"
    },
    {
      "term": "metabolic syndrome",
      "explanation": "a group of conditions like obesity and high blood sugar that increase disease risk"
    }
  ],
  "questions": [
    {
      "question": "What is the primary route metabolites take from the gut to the liver?",
      "options": [
        "Hepatic portal vein",
        "Peripheral blood",
        "Heart circulation",
        "Lymphatic system"
      ],
      "correct_answer": "Hepatic portal vein"
    },
    {
      "question": "How do metabolites affect the body according to the study?",
      "options": [
        "By modifying liver metabolism and insulin sensitivity",
        "By increasing heart rate",
        "By reducing appetite",
        "By changing skin color"
      ],
      "correct_answer": "By modifying liver metabolism and insulin sensitivity"
    },
    {
      "question": "What did researchers compare in mouse blood samples?",
      "options": [
        "Hepatic portal vein and peripheral blood",
        "Arteries and veins",
        "Brain and liver blood",
        "Fecal and urine samples"
      ],
      "correct_answer": "Hepatic portal vein and peripheral blood"
    },
    {
      "question": "What happened to metabolite numbers in obese mice on a high-fat diet?",
      "options": [
        "They decreased in the hepatic portal vein",
        "They increased in peripheral blood",
        "They stayed the same",
        "They disappeared entirely"
      ],
      "correct_answer": "They decreased in the hepatic portal vein"
    },
    {
      "question": "What role do genetics play in metabolite profiles?",
      "options": [
        "They shape which metabolites appear in the blood",
        "They determine the color of metabolites",
        "They control the speed of blood flow",
        "They affect only the heart"
      ],
      "correct_answer": "They shape which metabolites appear in the blood"
    },
    {
      "question": "How did antibiotics affect the microbiome in the study?",
      "options": [
        "They altered the microbiome and metabolite balance",
        "They killed all bacteria permanently",
        "They had no effect on metabolites",
        "They increased insulin production"
      ],
      "correct_answer": "They altered the microbiome and metabolite balance"
    },
    {
      "question": "What is mesaconate involved in?",
      "options": [
        "The Krebs cycle for energy production",
        "Blood clotting",
        "Muscle growth",
        "Bone development"
      ],
      "correct_answer": "The Krebs cycle for energy production"
    },
    {
      "question": "What is the main goal of this research?",
      "options": [
        "To develop new treatments for metabolic diseases",
        "To cure all infections",
        "To increase exercise performance",
        "To study plant metabolism"
      ],
      "correct_answer": "To develop new treatments for metabolic diseases"
    }
  ],
  "background_read": [
    "Metabolic diseases such as obesity and type 2 diabetes are major global health issues, often linked to poor diet and genetics. The gut microbiome has emerged as a key player, producing metabolites that interact with organs like the liver. Previous studies focused on fecal or peripheral blood samples, but this research emphasizes the hepatic portal vein for a more accurate view. Understanding these pathways could lead to targeted therapies, as metabolites influence insulin sensitivity and energy metabolism, crucial for managing these conditions."
  ],
  "Article_Structure": [
    "This 100-word analysis covers: Main Points: Metabolites from the gut microbiome travel via the hepatic portal vein to the liver and body, affecting liver metabolism and insulin sensitivity, with implications for treating obesity and diabetes. Purpose: To explore how gut-derived metabolites influence metabolic health and identify new therapeutic strategies. Evidence Evaluation: Based on mouse studies comparing blood samples, showing diet and genetic effects on metabolites, with antibiotic tests altering profiles. Author Credibility: Led by researchers at Harvard and USP, with expertise in diabetes and metabolism. Methodology: Used blood sampling from hepatic portal and peripheral veins in mice with varying genetic susceptibility, combined with antibiotic treatments to manipulate the microbiome."
  ],
  "perspectives": [
    {
      "perspective": "Biomedical research",
      "description": "This study advances understanding of gut-liver interactions, offering a foundation for developing drugs or dietary interventions to combat metabolic disorders."
    }
  ],
  "image_url": "/article_images/article_6508e5c2c55291cf_787b95a88d73.webp"
}