{
  "generated_at": "2025-11-30T12:59:41.056Z",
  "dates": [
    {
      "date": "2025-11-30",
      "supabase_path": "website/2025-11-30",
      "payloads_url": "https://lfknsvavhiqrsasdfyrs.supabase.co/storage/v1/object/public/shared-storage/website/2025-11-30/payloads/",
      "images_url": "https://lfknsvavhiqrsasdfyrs.supabase.co/storage/v1/object/public/shared-storage/website/2025-11-30/article_images/",
      "article_payloads_url": "https://lfknsvavhiqrsasdfyrs.supabase.co/storage/v1/object/public/shared-storage/website/2025-11-30/article_payloads/"
    },
    {
      "date": "2025-11-29",
      "supabase_path": "website/2025-11-29",
      "payloads_url": "https://lfknsvavhiqrsasdfyrs.supabase.co/storage/v1/object/public/shared-storage/website/2025-11-29/payloads/",
      "images_url": "https://lfknsvavhiqrsasdfyrs.supabase.co/storage/v1/object/public/shared-storage/website/2025-11-29/article_images/",
      "article_payloads_url": "https://lfknsvavhiqrsasdfyrs.supabase.co/storage/v1/object/public/shared-storage/website/2025-11-29/article_payloads/"
    },
    {
      "date": "2025-11-28",
      "supabase_path": "website/2025-11-28",
      "payloads_url": "https://lfknsvavhiqrsasdfyrs.supabase.co/storage/v1/object/public/shared-storage/website/2025-11-28/payloads/",
      "images_url": "https://lfknsvavhiqrsasdfyrs.supabase.co/storage/v1/object/public/shared-storage/website/2025-11-28/article_images/",
      "article_payloads_url": "https://lfknsvavhiqrsasdfyrs.supabase.co/storage/v1/object/public/shared-storage/website/2025-11-28/article_payloads/"
    },
    {
      "date": "2025-11-27",
      "supabase_path": "website/2025-11-27",
      "payloads_url": "https://lfknsvavhiqrsasdfyrs.supabase.co/storage/v1/object/public/shared-storage/website/2025-11-27/payloads/",
      "images_url": "https://lfknsvavhiqrsasdfyrs.supabase.co/storage/v1/object/public/shared-storage/website/2025-11-27/article_images/",
      "article_payloads_url": "https://lfknsvavhiqrsasdfyrs.supabase.co/storage/v1/object/public/shared-storage/website/2025-11-27/article_payloads/"
    },
    {
      "date": "2025-11-26",
      "supabase_path": "website/2025-11-26",
      "payloads_url": "https://lfknsvavhiqrsasdfyrs.supabase.co/storage/v1/object/public/shared-storage/website/2025-11-26/payloads/",
      "images_url": "https://lfknsvavhiqrsasdfyrs.supabase.co/storage/v1/object/public/shared-storage/website/2025-11-26/article_images/",
      "article_payloads_url": "https://lfknsvavhiqrsasdfyrs.supabase.co/storage/v1/object/public/shared-storage/website/2025-11-26/article_payloads/"
    },
    {
      "date": "2025-11-25",
      "supabase_path": "website/2025-11-25",
      "payloads_url": "https://lfknsvavhiqrsasdfyrs.supabase.co/storage/v1/object/public/shared-storage/website/2025-11-25/payloads/",
      "images_url": "https://lfknsvavhiqrsasdfyrs.supabase.co/storage/v1/object/public/shared-storage/website/2025-11-25/article_images/",
      "article_payloads_url": "https://lfknsvavhiqrsasdfyrs.supabase.co/storage/v1/object/public/shared-storage/website/2025-11-25/article_payloads/"
    },
    {
      "date": "2025-11-24",
      "supabase_path": "website/2025-11-24",
      "payloads_url": "https://lfknsvavhiqrsasdfyrs.supabase.co/storage/v1/object/public/shared-storage/website/2025-11-24/payloads/",
      "images_url": "https://lfknsvavhiqrsasdfyrs.supabase.co/storage/v1/object/public/shared-storage/website/2025-11-24/article_images/",
      "article_payloads_url": "https://lfknsvavhiqrsasdfyrs.supabase.co/storage/v1/object/public/shared-storage/website/2025-11-24/article_payloads/"
    },
    {
      "date": "2025-11-23",
      "supabase_path": "website/2025-11-23",
      "payloads_url": "https://lfknsvavhiqrsasdfyrs.supabase.co/storage/v1/object/public/shared-storage/website/2025-11-23/payloads/",
      "images_url": "https://lfknsvavhiqrsasdfyrs.supabase.co/storage/v1/object/public/shared-storage/website/2025-11-23/article_images/",
      "article_payloads_url": "https://lfknsvavhiqrsasdfyrs.supabase.co/storage/v1/object/public/shared-storage/website/2025-11-23/article_payloads/"
    },
    {
      "date": "2025-11-22",
      "supabase_path": "website/2025-11-22",
      "payloads_url": "https://lfknsvavhiqrsasdfyrs.supabase.co/storage/v1/object/public/shared-storage/website/2025-11-22/payloads/",
      "images_url": "https://lfknsvavhiqrsasdfyrs.supabase.co/storage/v1/object/public/shared-storage/website/2025-11-22/article_images/",
      "article_payloads_url": "https://lfknsvavhiqrsasdfyrs.supabase.co/storage/v1/object/public/shared-storage/website/2025-11-22/article_payloads/"
    },
    {
      "date": "2025-11-15",
      "supabase_path": "website/2025-11-15",
      "payloads_url": "https://lfknsvavhiqrsasdfyrs.supabase.co/storage/v1/object/public/shared-storage/website/2025-11-15/payloads/",
      "images_url": "https://lfknsvavhiqrsasdfyrs.supabase.co/storage/v1/object/public/shared-storage/website/2025-11-15/article_images/",
      "article_payloads_url": "https://lfknsvavhiqrsasdfyrs.supabase.co/storage/v1/object/public/shared-storage/website/2025-11-15/article_payloads/"
    },
    {
      "date": "2025-11-14",
      "supabase_path": "website/2025-11-14",
      "payloads_url": "https://lfknsvavhiqrsasdfyrs.supabase.co/storage/v1/object/public/shared-storage/website/2025-11-14/payloads/",
      "images_url": "https://lfknsvavhiqrsasdfyrs.supabase.co/storage/v1/object/public/shared-storage/website/2025-11-14/article_images/",
      "article_payloads_url": "https://lfknsvavhiqrsasdfyrs.supabase.co/storage/v1/object/public/shared-storage/website/2025-11-14/article_payloads/"
    },
    {
      "date": "2025-11-13",
      "supabase_path": "website/2025-11-13",
      "payloads_url": "https://lfknsvavhiqrsasdfyrs.supabase.co/storage/v1/object/public/shared-storage/website/2025-11-13/payloads/",
      "images_url": "https://lfknsvavhiqrsasdfyrs.supabase.co/storage/v1/object/public/shared-storage/website/2025-11-13/article_images/",
      "article_payloads_url": "https://lfknsvavhiqrsasdfyrs.supabase.co/storage/v1/object/public/shared-storage/website/2025-11-13/article_payloads/"
    }
  ]
}