{
  "articles": [
    {
      "id": "6ecb8ba0adf6317f",
      "title": "Analyzing The Wiggles' Crisis Management in the Wake of an Unauthorized Drug-Alluding Video",
      "summary": "The recent incident involving The Wiggles, a renowned Australian children's music group, highlights issues of brand integrity and media misuse. Two members, Anthony Field and Dominic Field, were featured in a TikTok video for Keli Holiday's song 'Ecstasy,' which contains lyrics referencing drug use. The video, viewed over 92,000 times before deletion, was created without The Wiggles' knowledge or approval, prompting the group to issue a formal statement condemning drug use and clarifying their non-involvement. This event underscores the challenges faced by family-oriented entertainers in the digital age, where unauthorized content can rapidly disseminate and tarnish reputations. The Wiggles' response involved strategic communication to mitigate parental concerns and reaffirm their commitment to safe, educational content. Broader implications include the ethical responsibilities of artists like Holiday and the role of social media in amplifying controversies. The article serves as a case study in crisis management, illustrating how organizations navigate unintended associations to maintain public trust.",
      "source": "BBC Entertainment",
      "time_ago": "14 hours ago",
      "image_url": "/article_images/article_6ecb8ba0adf6317f_ca2e0b9c815a.webp",
      "category": "Fun"
    },
    {
      "id": "9faef04bd9a463c3",
      "title": "The Enduring Legacy of Sir Tom Stoppard: Intellectual Depth in Modern Theatre",
      "summary": "Sir Tom Stoppard, an eminent British playwright celebrated for his erudition and wit, has died at the age of 88, as confirmed by his agents. His death occurred peacefully at his residence in Dorset, with his family present. Stoppard's prolific career, spanning more than sixty years, encompassed groundbreaking plays such as Rosencrantz and Guildenstern are Dead and The Real Thing, which interrogate existential and meta-theatrical concepts, alongside acclaimed screenplays like Shakespeare In Love, for which he secured an Oscar and a Golden Globe. The announcement elicited heartfelt tributes; King Charles III and Queen Camilla lamented the loss of a 'dear friend' and 'greatest writer,' citing his capacity to challenge and move audiences through his nuanced engagement with personal history. Sir Mick Jagger extolled Stoppard as his 'favourite playwright,' lauding his 'majestic body of intellectual and amusing work.' Stoppard's later semi-autobiographical play, Leopoldstadt, set in early 20th-century Vienna, garnered Olivier and Tony awards, reflecting his ongoing exploration of identity and heritage. Born Tomas Straussler in Czechoslovakia, he fled Nazi persecution in infancy, an ordeal that profoundly influenced his oeuvre, imbuing it with political and philosophical resonance. United Agents and Faber Books commemorated his 'humanity,' 'irreverence,' and 'profound love of the English language,' underscoring his indelible impact on contemporary drama and culture.",
      "source": "BBC Entertainment",
      "time_ago": "15 hours ago",
      "image_url": "/article_images/article_9faef04bd9a463c3_efe7fa8102fe.webp",
      "category": "Fun"
    },
    {
      "id": "a66283b0daec40a1",
      "title": "Sir Tom Stoppard: A Critical Examination of His Theatrical and Intellectual Legacy",
      "summary": "Sir Tom Stoppard, who died at 88, was a preeminent British playwright whose oeuvre is characterized by its witty, playful engagement with complex philosophical and political ideas. His career spanned decades, during which he not only produced seminal works for the stage but also contributed significantly to cinema as a script doctor, earning an Oscar for Shakespeare in Love. Born Tomas Straussler in Czechoslovakia, his early life was marked by displacement due to Nazi and Japanese threats, shaping his thematic focus on existential uncertainty and identity. Stoppard's rise to prominence began with Rosencrantz and Guildenstern are Dead, a play that deconstructed Hamlet by centering on peripheral characters, echoing Beckettian absurdism while infusing it with humor. Subsequent plays like Jumpers, Travesties, and Arcadia explored disparate fields such as academic philosophy, historical modernism, and scientific theory, employing sophisticated dialogue, puns, and intellectual conceits. While critics often noted a lack of emotional depth in his earlier works, his later productions demonstrated a heightened human sympathy, suggesting an evolution in his artistic approach. Stoppard's methodology involved using playwriting as a means of intellectual discovery, and his background as a Mitteleuropean intellectual and English public-school alumnus informed his unique stylistic blend. This article evaluates his legacy, considering both the acclaim for his innovative storytelling and the critiques of his occasional emotional detachment.",
      "source": "BBC Entertainment",
      "time_ago": "19 hours ago",
      "image_url": "/article_images/article_a66283b0daec40a1_3b0f5fcd40c0.webp",
      "category": "Fun"
    },
    {
      "id": "488ce673f734bdbf",
      "title": "Quantum Teleportation Breakthrough: Enabling Secure Global Networks",
      "summary": "A pioneering study by researchers at the University of Stuttgart has demonstrated the teleportation of quantum information between photons originating from disparate quantum dots, a milestone in the development of quantum repeaters for a future quantum internet. Published in Nature Communications, this work tackles fundamental obstacles in quantum communication, such as the incompatibility of quantum signals with conventional amplification in optical fibers. Quantum information is encoded in photon polarization states, leveraging quantum mechanical principles like superposition and entanglement to ensure security through detectable interference upon measurement. The team utilized semiconductor-based quantum dots to generate photons with nearly identical properties, facilitated by quantum frequency converters to mitigate spectral discrepancies. This achievement, part of the Quantenrepeater.Net initiative, involved collaborative efforts with institutions like Saarland University and the Leibniz Institute, emphasizing the interdisciplinary nature of quantum research. By enabling long-distance quantum teleportation, this research enhances the feasibility of global quantum networks that could revolutionize cryptography, offering robust defenses against sophisticated cyber threats, including those augmented by artificial intelligence. The findings underscore the potential for scalable quantum technologies while highlighting ongoing challenges in maintaining coherence and accuracy over extended ranges.",
      "source": "Science Daily - Technology",
      "time_ago": "21 hours ago",
      "image_url": "/article_images/article_488ce673f734bdbf_ae18f1820d8d.webp",
      "category": "Fun"
    },
    {
      "id": "cd13ce9a3dcd1368",
      "title": "JWST's Enigmatic Red Dots: Challenging Cosmological Paradigms",
      "summary": "The James Webb Space Telescope's detection of 'little red dots' represents a significant astronomical anomaly, with these compact, red-emitting objects observed at unprecedented clarity in mid-infrared wavelengths. Their extreme distance, with light travel times of approximately 12 billion years, places them in the early universe, around 1.8 billion years post-Big Bang, suggesting they belong to a previously undetected population. Initial interpretations diverge: one hypothesis posits that these are massive, young galaxies with extraordinarily high stellar densities and dust obscuration, potentially containing hundreds of billions of solar masses in stars. If valid, this would contest established galaxy formation theories by implying rapid, efficient star assembly mechanisms. Alternatively, another theory attributes the dots to active galactic nuclei—supermassive black holes accreting material and surrounded by dust—yet this is complicated by spectral discrepancies and the improbably high abundance of such massive black holes. The scientific community emphasizes the necessity for spectroscopic data to resolve these competing views, leading to initiatives like the RUBIES survey. This discovery not only showcases JWST's advanced capabilities but also underscores potential gaps in current astrophysical models, urging a re-evaluation of early universe dynamics and object classification.",
      "source": "Science Daily - Technology",
      "time_ago": "22 hours ago",
      "image_url": "/article_images/article_cd13ce9a3dcd1368_79c9da933b1c.webp",
      "category": "Fun"
    },
    {
      "id": "6ce2b1a9f1dd23b6",
      "title": "Advanced Insights into Beer Foam Dynamics: A Multiyear Investigation",
      "summary": "A comprehensive seven-year study conducted by researchers at ETH Zurich, under the leadership of Professor Jan Vermant, has elucidated the complex physicochemical mechanisms governing beer foam stability. Published in Physics of Fluids, the research meticulously analyzed Belgian ales—categorized as Tripel, Dubbel, and Singel—and revealed a distinct hierarchy in foam durability: Tripel beers exhibit the highest stability, followed by Dubbel, with Singel showing the least, attributed to variations in fermentation intensity and alcohol content. The investigation also included lagers from major Swiss breweries, demonstrating that while comparable foam stability can be achieved, the underlying principles differ significantly. Contrary to prior assumptions that protein-rich layers solely dictate foam longevity, the study identifies surface viscoelasticity as critical in lagers, where protein denaturation enhances bubble film rigidity, and Marangoni stresses as predominant in Tripel beers, driven by surface tension gradients that induce stabilizing fluid flows. Furthermore, the structural analysis of bubble shells indicates that Singel beers feature two-dimensional suspensions, Dubbel beers form mesh-like membranes, and Tripel beers mimic surfactant dynamics. This research not only advances the field of soft matter physics but also offers empirical insights for the brewing industry, enabling refined control over foam characteristics through tailored brewing processes.",
      "source": "Science Daily - Technology",
      "time_ago": "1 day ago",
      "image_url": "/article_images/article_6ce2b1a9f1dd23b6_be8d298854e8.webp",
      "category": "Fun"
    }
  ]
}