{
  "title": "Leon's Strategy Amid Weight Loss Jab Trends and Economic Pressures",
  "summary": "John Vincent, the CEO of fast-food chain Leon, argues that the rising popularity of weight loss jabs represents an opportunity rather than a threat. He explains that Leon's menu, characterized by low-sugar dishes flavored with herbs and spices, aligns with the dietary preferences of individuals using these appetite-suppressing drugs. Vincent emphasizes the importance of providing adequate protein to help maintain muscle mass, noting this is as crucial as calorie control. In response to the drugs' impact, he acknowledges that Leon must reconsider portion sizes, a shift echoed by other food chains like Greggs. Beyond health trends, Vincent highlights significant economic challenges, including upcoming tax increases and business rate hikes, which he describes as 'incredibly toxic' for the hospitality industry. Leon has been losing £10 million annually and is restructuring by closing 20 High Street locations while expanding into service stations, airports, and train stations. The company's revival strategy focuses on adapting to consumer behavior changes and navigating financial pressures, with Vincent warning that only low-quality food sellers might survive if taxes rise further.",
  "keywords": [
    {
      "term": "weight loss jabs",
      "explanation": "pharmaceutical injections that reduce appetite to aid weight loss"
    },
    {
      "term": "appetite-suppressing drugs",
      "explanation": "medications that decrease hunger, often used for obesity treatment"
    },
    {
      "term": "business rates",
      "explanation": "taxes paid by businesses on property, affecting operational costs"
    },
    {
      "term": "hospitality industry",
      "explanation": "sector including restaurants and hotels, facing economic strains"
    },
    {
      "term": "restructuring",
      "explanation": "reorganizing a company to improve efficiency, often involving closures or changes"
    },
    {
      "term": "protein intake",
      "explanation": "consuming enough protein to support muscle health, especially during weight loss"
    },
    {
      "term": "portion control",
      "explanation": "managing serving sizes to align with reduced consumption trends"
    },
    {
      "term": "High Street profitability",
      "explanation": "the ability to make money on main shopping streets, challenged by rising costs"
    }
  ],
  "questions": [
    {
      "question": "How does John Vincent view the impact of weight loss jabs on Leon?",
      "options": [
        "As an opportunity",
        "As a major threat",
        "As irrelevant",
        "As a temporary trend"
      ],
      "correct_answer": "A"
    },
    {
      "question": "What dietary aspect does Vincent stress for people on weight loss jabs?",
      "options": [
        "Protein and muscle mass",
        "High sugar intake",
        "Low fiber",
        "Excessive calories"
      ],
      "correct_answer": "A"
    },
    {
      "question": "Why is Leon considering changes to portion sizes?",
      "options": [
        "Due to reduced appetite from jabs",
        "To increase prices",
        "To reduce waste",
        "To attract kids"
      ],
      "correct_answer": "A"
    },
    {
      "question": "What economic issue does Vincent describe as 'incredibly toxic'?",
      "options": [
        "Tax rises",
        "Low customer demand",
        "High employee wages",
        "Food shortages"
      ],
      "correct_answer": "A"
    },
    {
      "question": "How much has Leon been losing annually?",
      "options": [
        "£10 million",
        "£1 million",
        "£100,000",
        "Nothing"
      ],
      "correct_answer": "A"
    },
    {
      "question": "Where is Leon planning to open new restaurants?",
      "options": [
        "Service stations and airports",
        "Only on High Street",
        "In rural areas",
        "Online only"
      ],
      "correct_answer": "A"
    },
    {
      "question": "What does Vincent warn might happen if taxes increase further?",
      "options": [
        "Only low-quality food sellers survive",
        "All businesses thrive",
        "Prices drop",
        "More jobs are created"
      ],
      "correct_answer": "A"
    },
    {
      "question": "What broader trend does Greggs' boss mention regarding weight loss jabs?",
      "options": [
        "Demand for smaller portions",
        "Increased sales",
        "Higher profits",
        "More locations"
      ],
      "correct_answer": "A"
    }
  ],
  "background_read": [
    "Weight loss jabs, such as GLP-1 agonists, are medications that help reduce appetite and promote weight loss, becoming increasingly popular. The fast-food industry must adapt to changing consumer habits, including shifts toward healthier options and smaller portions. Business rates are property taxes in the UK that affect companies' bottom lines, with relief measures during COVID-19 ending soon. The hospitality sector faces challenges from inflation, rising costs, and tax policies, impacting profitability and survival. Restructuring involves strategic changes like store closures or expansions to address financial losses and market demands."
  ],
  "Article_Structure": [
    "Main Points: Vincent sees weight loss jabs as an opportunity for Leon due to its healthy menu alignment, emphasizes protein intake and portion adjustments, and addresses economic pressures like tax hikes and business rate increases. Purpose: To explain Leon's adaptive strategy in response to health trends and financial challenges, highlighting the CEO's perspective on industry survival. Evidence Evaluation: Relies on Vincent's direct quotes and comparisons with Greggs, but lacks statistical data or broader industry analysis. Author Credibility: BBC News is a reputable source, but the article primarily features Vincent's views without counterpoints. Methodology: Based on an interview podcast and public statements, providing firsthand insights but limited to one executive's opinion."
  ],
  "perspectives": [
    {
      "perspective": "Adaptive business strategy",
      "description": "Vincent advocates for leveraging health trends and cost management to revive Leon."
    }
  ],
  "image_url": "/article_images/article_f26bea0f13327330_be6229a5ecdb.webp"
}