{
  "title": "Socioeconomic and Political Dimensions of America's Energy Affordability Crisis",
  "summary": "This article provides an in-depth analysis of the escalating energy affordability crisis in the United States, centering on the plight of Kristy Hallowell as a microcosm of broader societal challenges. Hallowell, a 44-year-old from Greenwood Lake, New York, experienced a tripling of her energy bill to $1,800 monthly post-job loss, resulting in a six-month utility shut-off where her family depended on a generator. Although a non-profit facilitated a partial payment agreement to restore electricity, she retains $3,000 in utility debt and faces ongoing winter vulnerabilities. The piece contextualizes this within macroeconomic trends: residential energy bills have surged as a pivotal cost-of-living concern, with electricity prices rising 6.9% year-over-year, exceeding general inflation. Data from the Century Foundation and Protect Borrowers indicates a 3.8% increase in severely overdue utility debt in early 2024, affecting nearly 5% of households. Politically, the article critiques the Trump administration's contradictory stance—claiming falling costs while rolling back clean energy initiatives like offshore wind leases, which experts warn could further elevate prices. Concurrently, proposed federal cuts to low-income utility assistance exacerbate inequities. The White House attributes economic strains to Biden-era policies and interest rates, yet shifts messaging toward affordability amid declining consumer confidence and Democratic electoral gains, revealing complex interplay between policy, rhetoric, and household economics.",
  "keywords": [
    {
      "term": "energy affordability crisis",
      "explanation": "a situation where rising energy costs become unmanageable for significant portions of the population, leading to debt and shut-offs"
    },
    {
      "term": "macroeconomic trends",
      "explanation": "broad economic patterns, such as inflation and price increases, that affect entire economies"
    },
    {
      "term": "utility shut-off",
      "explanation": "the discontinuation of essential services like electricity or gas due to non-payment, with severe social and health implications"
    },
    {
      "term": "partial payment agreement",
      "explanation": "a negotiated settlement allowing debtors to pay a reduced sum to resume services, often mediated by third parties"
    },
    {
      "term": "clean energy initiatives",
      "explanation": "government or private projects promoting renewable sources, which can influence long-term energy pricing and sustainability"
    },
    {
      "term": "low-income utility assistance",
      "explanation": "federal or state programs designed to subsidize energy costs for economically disadvantaged households"
    },
    {
      "term": "consumer confidence",
      "explanation": "an economic indicator reflecting public optimism about financial conditions, influencing spending and political attitudes"
    },
    {
      "term": "socioeconomic inequities",
      "explanation": "disparities in wealth and access to resources that are exacerbated by policies like energy cost increases"
    },
    {
      "term": "political rhetoric",
      "explanation": "the language and messaging used by politicians to shape public perception, often in response to economic data"
    },
    {
      "term": "data analysis",
      "explanation": "the process of examining statistical information, such as credit reports, to identify trends like rising utility debt"
    }
  ],
  "questions": [
    {
      "question": "What specific event precipitated Kristy Hallowell's energy bill increase?",
      "options": [
        "Losing her job",
        "Moving to a new state",
        "A rate hike by the utility",
        "Increased energy usage"
      ],
      "correct_answer": "Losing her job"
    },
    {
      "question": "How does the article quantify the rise in severely overdue utility debt in early 2024?",
      "options": [
        "3.8% increase",
        "6.9% increase",
        "5% of households",
        "$3,000 average debt"
      ],
      "correct_answer": "3.8% increase"
    },
    {
      "question": "What is the reported year-over-year percentage increase in electricity prices as of November?",
      "options": [
        "6.9%",
        "3.8%",
        "1.8%",
        "10.2%"
      ],
      "correct_answer": "6.9%"
    },
    {
      "question": "Which organizations compiled the consumer credit data cited in the article?",
      "options": [
        "Century Foundation and Protect Borrowers",
        "BBC and White House",
        "Utility companies and non-profits",
        "Federal Reserve and Treasury"
      ],
      "correct_answer": "Century Foundation and Protect Borrowers"
    },
    {
      "question": "What policy action by the Trump administration could potentially increase electric bills according to experts?",
      "options": [
        "Pausing leases for offshore wind projects",
        "Increasing low-income assistance",
        "Cutting taxes on energy",
        "Promoting solar power"
      ],
      "correct_answer": "Pausing leases for offshore wind projects"
    },
    {
      "question": "What does the White House blame for the lingering economic pain mentioned in the article?",
      "options": [
        "Former President Biden and interest rates",
        "Rising energy prices alone",
        "Consumer spending habits",
        "International trade policies"
      ],
      "correct_answer": "Former President Biden and interest rates"
    },
    {
      "question": "How has the Trump administration adjusted its messaging in response to waning consumer confidence?",
      "options": [
        "Shifted to focus on affordability",
        "Emphasized job creation",
        "Criticized clean energy",
        "Promised tax cuts"
      ],
      "correct_answer": "Shifted to focus on affordability"
    },
    {
      "question": "What percentage of households are at risk of utility debt being sent to collections?",
      "options": [
        "Nearly 5% (one in 20)",
        "10% (one in 10)",
        "2% (one in 50)",
        "1% (one in 100)"
      ],
      "correct_answer": "Nearly 5% (one in 20)"
    },
    {
      "question": "What role did a local non-profit play in Kristy Hallowell's situation?",
      "options": [
        "Helped reach a partial payment agreement with the utility",
        "Paid her entire debt",
        "Provided a generator",
        "Lobbied for policy changes"
      ],
      "correct_answer": "Helped reach a partial payment agreement with the utility"
    },
    {
      "question": "What broader issue does the article suggest is highlighted by the energy affordability crisis?",
      "options": [
        "Socioeconomic inequities and political dynamics",
        "Technological failures in energy grids",
        "Climate change impacts only",
        "Global energy shortages"
      ],
      "correct_answer": "Socioeconomic inequities and political dynamics"
    }
  ],
  "background_read": [
    "This article explores the intersection of economic policy, energy markets, and social welfare in contemporary America. It uses Kristy Hallowell's narrative to illustrate systemic issues: job loss and price surges can trigger utility debt, exacerbated by insufficient safety nets. The analysis draws on data from reputable sources like the Century Foundation, indicating a 3.8% rise in severely overdue debt, and official statistics showing electricity inflation at 6.9%. Politically, it examines the Trump administration's dual approach—rhetorically claiming cost reductions while enacting policies (e.g., rolling back clean energy projects) that may counterproductively increase prices. Proposed cuts to low-income assistance programs further strain vulnerable populations. The piece also considers the role of non-profits in mitigating crises and the impact of consumer confidence on political messaging. For a comprehensive understanding, readers should be familiar with concepts such as macroeconomic indicators, energy policy debates, and the socioeconomic effects of utility insecurity, all within the context of U.S. partisan politics and media framing."
  ],
  "Article_Structure": [
    "This article offers a critical assessment of America's energy affordability crisis. Main Points: It details personal hardships like Kristy Hallowell's shut-off, links these to macroeconomic data (e.g., 6.9% electricity price rise), and analyzes political responses, including Trump's contradictory claims and policy rollbacks. Purpose: To expose socioeconomic inequities and evaluate governmental accountability in addressing cost-of-living pressures. Evidence Evaluation: Relies on credible sources like the Century Foundation for debt data and official economic reports, but the anecdotal focus may limit generalizability; political quotes add context but risk bias. Author Credibility: As BBC reporting, it maintains journalistic integrity, though potential ideological slant is evident in critiquing Trump. Methodology: Employs mixed methods—case study interviews, statistical analysis, and policy review—to construct a narrative that blends human interest with empirical and political analysis. Critical Assessment: Strengths include multifaceted sourcing and timely relevance; limitations involve reliance on a single case and possible oversimplification of complex economic factors."
  ],
  "perspectives": [
    {
      "perspective": "Systemic economic vulnerability",
      "description": "Analyzes how structural factors like job loss and inflation converge to create widespread utility insecurity"
    },
    {
      "perspective": "Policy-practice disconnect",
      "description": "Critiques the gap between political rhetoric and actionable measures in alleviating energy costs"
    }
  ],
  "image_url": "/article_images/article_1249e174143cf7c2_326c145a90a8.webp"
}