{
  "title": "Rising Energy Costs and Utility Debt Crisis in the U.S.",
  "summary": "This article examines the growing crisis of utility debt among American families, highlighted by the case of Kristy Hallowell from Greenwood Lake, New York. After losing her job, Hallowell's energy bill unexpectedly tripled to $1,800 per month, leading to a six-month shut-off of her gas and electricity. She, along with her two children and mother, relied on a generator for basic needs. Although a local non-profit helped restore her electricity through a partial payment agreement, she still owes $3,000 in utility debt and fears another shut-off this winter. The article reports that nearly one in 20 households risk having their debt sent to collections, with severely overdue utility debt rising by 3.8% in early 2024. Residential energy bills have become a major cost-of-living concern, as electricity prices increased 6.9% year-over-year, outpacing overall inflation. President Trump claims energy costs are falling, but his administration's rollback of clean energy projects and proposed cuts to low-income assistance could exacerbate the issue. The White House blames former President Biden and interest rates, while shifting messaging to affordability amid waning consumer confidence.",
  "keywords": [
    {
      "term": "utility debt",
      "explanation": "money owed for essential services like electricity and gas, which can lead to shut-offs if unpaid"
    },
    {
      "term": "cost-of-living concern",
      "explanation": "worries about rising prices for basic needs affecting household budgets"
    },
    {
      "term": "inflation",
      "explanation": "a general increase in prices over time, reducing purchasing power"
    },
    {
      "term": "clean energy projects",
      "explanation": "initiatives like wind or solar power that aim to provide sustainable and potentially cheaper energy"
    },
    {
      "term": "low-income assistance",
      "explanation": "government or non-profit programs that help poor people pay for utilities"
    },
    {
      "term": "consumer confidence",
      "explanation": "how optimistic people feel about the economy and their financial future"
    },
    {
      "term": "partial payment agreement",
      "explanation": "a deal where a utility company accepts less than the full amount owed to restore service"
    },
    {
      "term": "collections",
      "explanation": "when unpaid debts are sent to agencies that try to recover the money, often hurting credit scores"
    }
  ],
  "questions": [
    {
      "question": "What triggered Kristy Hallowell's utility shut-off?",
      "options": [
        "Her energy bill tripled after she lost her job",
        "She moved to a new house",
        "The utility company made a mistake",
        "She didn't pay her bill on time once"
      ],
      "correct_answer": "Her energy bill tripled after she lost her job"
    },
    {
      "question": "How did Kristy manage during the six-month shut-off?",
      "options": [
        "Used a generator for light and heat",
        "Stayed with relatives",
        "Used candles only",
        "Had no heating at all"
      ],
      "correct_answer": "Used a generator for light and heat"
    },
    {
      "question": "What percentage of households are at risk of utility debt going to collections?",
      "options": [
        "Nearly one in 20",
        "One in 10",
        "One in 50",
        "One in 100"
      ],
      "correct_answer": "Nearly one in 20"
    },
    {
      "question": "By how much did severely overdue utility debt rise in early 2024?",
      "options": [
        "3.8%",
        "6.9%",
        "1.5%",
        "10%"
      ],
      "correct_answer": "3.8%"
    },
    {
      "question": "What was the year-over-year increase in electricity prices reported in November?",
      "options": [
        "6.9%",
        "3.8%",
        "2.5%",
        "8.0%"
      ],
      "correct_answer": "6.9%"
    },
    {
      "question": "What does President Trump claim about energy costs?",
      "options": [
        "They are falling",
        "They are rising fast",
        "They are stable",
        "They are the highest ever"
      ],
      "correct_answer": "They are falling"
    },
    {
      "question": "What action by the Trump administration could drive electric bills higher?",
      "options": [
        "Rollback of clean energy projects",
        "Increasing low-income assistance",
        "Cutting taxes",
        "Building more power plants"
      ],
      "correct_answer": "Rollback of clean energy projects"
    },
    {
      "question": "What is the federal government proposing to cut?",
      "options": [
        "Funds for low-income utility assistance",
        "Funding for road repairs",
        "Military spending",
        "Education budgets"
      ],
      "correct_answer": "Funds for low-income utility assistance"
    }
  ],
  "background_read": [
    "This article delves into the economic challenges facing American families due to soaring energy prices, set against a political backdrop. It uses Kristy Hallowell's personal story to illustrate broader trends: utility debt is rising, with many households at risk of shut-offs, especially in winter. The piece cites data from organizations like the Century Foundation and Protect Borrowers, showing a 3.8% increase in severely overdue debt. It contrasts official statistics (e.g., 6.9% rise in electricity prices) with political claims, highlighting President Trump's messaging shifts and policy actions like pausing offshore wind leases. The article also touches on the role of non-profits in mediating debt agreements and the impact of federal decisions on low-income support. Understanding this requires knowledge of basic economic terms like inflation and cost-of-living, as well as an awareness of U.S. political dynamics and energy policy debates."
  ],
  "Article_Structure": [
    "This article analyzes the utility debt crisis in the U.S. through Kristy Hallowell's case. Main Points: Energy bills have surged, causing shut-offs and debt for millions, with data showing rising overdue debt and electricity prices outpacing inflation. Purpose: To highlight personal hardships and broader economic issues, critiquing political responses. Evidence Evaluation: Uses personal anecdotes, credit data from reputable groups, and official statistics, but relies heavily on one example; sources like the Century Foundation add credibility. Author Credibility: As a BBC report, it benefits from journalistic standards, though political bias may be present in framing. Methodology: Combines interviews, data analysis, and political reporting to present a multifaceted view of the crisis."
  ],
  "perspectives": [
    {
      "perspective": "Economic hardship",
      "description": "Focuses on how rising energy costs directly impact families' financial stability and well-being"
    },
    {
      "perspective": "Political accountability",
      "description": "Examines government actions and rhetoric in addressing or exacerbating the energy affordability crisis"
    }
  ],
  "image_url": "/article_images/article_1249e174143cf7c2_326c145a90a8.webp"
}