{
  "title": "Analyzing the Peak of the UK Christmas Getaway: Infrastructure and Travel Trends",
  "summary": "The Christmas getaway in the United Kingdom is culminating in what is projected to be the busiest day for travel, with significant implications for infrastructure and public mobility. The AA forecasts up to 24.4 million car journeys on Friday, potentially setting a record for UK road usage during the festive period, and advises drivers to plan ahead, check live traffic updates, and allocate additional time due to anticipated congestion at major interchanges such as the M3/M25 in Surrey and the M25 around Heathrow. Beyond London, congestion hotspots include the M8 between Edinburgh and Glasgow and the M5/M6 interchange near Birmingham, with the M27 closed in Hampshire for repairs from Christmas Eve to January 4, necessitating detours. Concurrently, airports are experiencing peak traffic, with Heathrow expecting approximately 250,000 passengers daily, marking its busiest December and Christmas Day, and Manchester Airport anticipating around 100,000 passengers on Friday. Network Rail recommends that travelers verify their journeys and secure seats where feasible. This scenario underscores the challenges of managing large-scale holiday travel, emphasizing the need for strategic planning and patience, as highlighted by AA patrol expert Shaun Jones, to enhance safety and efficiency during the festive rush.",
  "keywords": [
    {
      "term": "infrastructure",
      "explanation": "the basic physical systems of a country or region, such as roads and airports, that support travel and commerce"
    },
    {
      "term": "mobility",
      "explanation": "the ability to move freely and easily, often referring to transportation of people"
    },
    {
      "term": "projected",
      "explanation": "estimated or predicted based on current data and trends"
    },
    {
      "term": "detours",
      "explanation": "alternative routes taken to avoid obstacles or closures on the usual path"
    },
    {
      "term": "strategic planning",
      "explanation": "the process of making detailed plans to achieve specific goals, such as efficient travel"
    }
  ],
  "questions": [
    {
      "question": "What is the AA's forecast for the number of car journeys on Friday, and what potential record does it suggest?",
      "options": [
        "24.4 million, busiest Christmas on record for UK roads",
        "460,000, busiest day for airports",
        "100,000, record for Manchester Airport",
        "250,000, busiest December for Heathrow"
      ],
      "correct_answer": "24.4 million, busiest Christmas on record for UK roads"
    },
    {
      "question": "Which specific motorway interchange is highlighted as a congestion hotspot near London?",
      "options": [
        "M3/M25 in Surrey",
        "M5/M6 near Birmingham",
        "M8 between Edinburgh and Glasgow",
        "M4 around Cardiff"
      ],
      "correct_answer": "M3/M25 in Surrey"
    },
    {
      "question": "What is the duration of the M27 closure mentioned, and what does it require from travelers?",
      "options": [
        "Christmas Eve to January 4, alternative routes",
        "December 24 only, speed reduction",
        "January 1 to 4, booking seats",
        "Friday only, checking traffic updates"
      ],
      "correct_answer": "Christmas Eve to January 4, alternative routes"
    },
    {
      "question": "How does Heathrow Airport's passenger expectation for December compare to previous years?",
      "options": [
        "Busiest ever December and Christmas Day",
        "Similar to last year",
        "Lower than average",
        "Not specified"
      ],
      "correct_answer": "Busiest ever December and Christmas Day"
    },
    {
      "question": "What recommendation does Network Rail provide to travelers in addition to checking journeys?",
      "options": [
        "Book a seat if possible",
        "Avoid travel altogether",
        "Use only roads",
        "Travel only at night"
      ],
      "correct_answer": "Book a seat if possible"
    },
    {
      "question": "What broader implication does the article suggest about holiday travel in the UK?",
      "options": [
        "Challenges in managing large-scale mobility and infrastructure",
        "Decreased travel due to weather",
        "Increased use of public transport only",
        "No significant impact on roads"
      ],
      "correct_answer": "Challenges in managing large-scale mobility and infrastructure"
    },
    {
      "question": "What is the role of AA patrol expert Shaun Jones in the article?",
      "options": [
        "Providing expert advice on patience and planning",
        "Reporting on airport traffic",
        "Announcing road closures",
        "Criticizing travel trends"
      ],
      "correct_answer": "Providing expert advice on patience and planning"
    },
    {
      "question": "Which statistical figure is associated with Manchester Airport's busiest day?",
      "options": [
        "100,000 passengers",
        "250,000 passengers",
        "24.4 million journeys",
        "460,000 journeys"
      ],
      "correct_answer": "100,000 passengers"
    },
    {
      "question": "What methodological approach does the article use to present travel data?",
      "options": [
        "Summarizing surveys and expert statements",
        "Conducting original research",
        "Using historical comparisons only",
        "Relying on anecdotal evidence"
      ],
      "correct_answer": "Summarizing surveys and expert statements"
    },
    {
      "question": "How does the article evaluate the evidence provided by the AA?",
      "options": [
        "As based on surveys but lacking detailed source citation",
        "As thoroughly verified with multiple sources",
        "As speculative without basis",
        "As outdated and irrelevant"
      ],
      "correct_answer": "As based on surveys but lacking detailed source citation"
    }
  ],
  "background_read": [
    "The UK's Christmas getaway represents a critical period for transportation infrastructure, reflecting broader trends in holiday mobility and public planning. High school students should understand the interplay between forecast data from organizations like the AA, real-time traffic management, and individual travel decisions. This context involves analyzing how surveys and expert advice shape public responses, the impact of road closures and congestion on regional economies, and the role of media in disseminating travel warnings. It also touches on themes of urbanization, seasonal demand peaks, and the importance of resilience in transport systems during festive seasons."
  ],
  "Article_Structure": [
    "This in-depth analysis examines the UK Christmas getaway's peak, focusing on infrastructure strain and travel trends. Main Points detail record car journey forecasts, congestion at key interchanges, and airport passenger surges. Purpose is to inform and advise on holiday travel challenges within a broader context of public mobility. Evidence Evaluation critically assesses AA surveys and expert statements as informative but lacking granular data sources. Author Credibility is supported by BBC reporting, though potential bias towards cautionary advice is noted. Methodology involves synthesizing organizational warnings and practical recommendations, with a Critical Assessment highlighting strengths in actionable advice but limitations in depth of statistical analysis and alternative perspectives."
  ],
  "perspectives": [
    {
      "perspective": "Economic and logistical impact",
      "description": "Explores how travel peaks affect infrastructure costs, regional commerce, and public service efficiency."
    },
    {
      "perspective": "Behavioral adaptation",
      "description": "Analyzes how travelers adjust plans based on forecasts and advice, influencing congestion patterns and safety outcomes."
    }
  ],
  "image_url": "/article_images/article_19224e97bb637a72_b39901936eb9.webp"
}