{
  "title": "Djokovic's Quest for a Record 25th Grand Slam Title",
  "summary": "Novak Djokovic, a 38-year-old tennis champion, is aiming to win his 25th Grand Slam title, which would break the all-time record he currently shares with Margaret Court at 24 wins. He is competing in the Australian Open, where he has a strong history with 10 men's championships, making it his best opportunity this season. Despite recent signs of decline, Djokovic reached the semi-finals in all four Grand Slams last year. He emphasizes that he does not view this as a 'now or never' situation, instead focusing on his past successes to reduce pressure. Seeded fourth, he starts against Pedro Martinez, and while he desires the record, he appreciates his career achievements. The article highlights his mindset and the challenges of aging in professional sports.",
  "keywords": [
    {
      "term": "Grand Slam",
      "explanation": "the four major annual tennis tournaments: Australian Open, French Open, Wimbledon, and US Open"
    },
    {
      "term": "record",
      "explanation": "the highest achievement or number of wins in a sport"
    },
    {
      "term": "decline",
      "explanation": "a decrease in performance or ability over time"
    },
    {
      "term": "pressure",
      "explanation": "stress or expectation to succeed in a situation"
    },
    {
      "term": "seeded",
      "explanation": "ranked in a tournament based on past performance"
    }
  ],
  "questions": [
    {
      "question": "How many Grand Slam titles does Novak Djokovic currently hold?",
      "options": [
        "24",
        "25",
        "10",
        "38"
      ],
      "correct_answer": "24"
    },
    {
      "question": "Why is the Australian Open considered Djokovic's best chance for the 25th title?",
      "options": [
        "He has won it 10 times before",
        "It is the easiest tournament",
        "He is younger there",
        "He has no competition"
      ],
      "correct_answer": "He has won it 10 times before"
    },
    {
      "question": "What did Djokovic achieve in all four Grand Slams last year?",
      "options": [
        "He won them all",
        "He reached the semi-finals",
        "He lost in the first round",
        "He did not play"
      ],
      "correct_answer": "He reached the semi-finals"
    },
    {
      "question": "How does Djokovic describe his mentality towards winning the 25th title?",
      "options": [
        "Now or never",
        "Make-it-or-break-it",
        "No pressure, focus on past successes",
        "He will retire if he loses"
      ],
      "correct_answer": "No pressure, focus on past successes"
    },
    {
      "question": "Who is Djokovic tied with for the Grand Slam record?",
      "options": [
        "Margaret Court",
        "Carlos Alcaraz",
        "Pedro Martinez",
        "Jannik Sinner"
      ],
      "correct_answer": "Margaret Court"
    },
    {
      "question": "What is Djokovic's seed at the Australian Open?",
      "options": [
        "Fourth",
        "First",
        "Tenth",
        "Unseeded"
      ],
      "correct_answer": "Fourth"
    },
    {
      "question": "Against whom does Djokovic start his Australian Open campaign?",
      "options": [
        "Pedro Martinez",
        "Carlos Alcaraz",
        "Jannik Sinner",
        "Margaret Court"
      ],
      "correct_answer": "Pedro Martinez"
    },
    {
      "question": "What is a key challenge mentioned for Djokovic due to his age?",
      "options": [
        "Decline in performance",
        "Lack of motivation",
        "Injury from recovery time",
        "Too much pressure from fans"
      ],
      "correct_answer": "Decline in performance"
    }
  ],
  "background_read": [
    "Tennis Grand Slams are prestigious events where players compete for major titles. Novak Djokovic is a Serbian professional known for his longevity and success, including multiple Australian Open wins. The Open Era in tennis started in 1968, allowing professionals to compete. Margaret Court is an Australian former player with 24 Grand Slam titles. Aging athletes often face physical decline, but Djokovic's consistent performance highlights his skill and determination. The Australian Open is held annually in Melbourne, featuring top players and intense competition."
  ],
  "Article_Structure": [
    "This article analyzes Novak Djokovic's pursuit of a 25th Grand Slam title at the Australian Open. Main Points include his current record tie with Margaret Court, his strong history in Melbourne, and his mindset to avoid pressure. Purpose is to report on his ambitions and mental approach ahead of the tournament. Evidence Evaluation shows reliance on Djokovic's quotes and historical data, which are credible but lack statistical depth. Author Credibility is assumed from BBC Sport, a reputable source, though specific expertise is not stated. Methodology involves interviewing Djokovic and referencing tournament facts, providing a straightforward sports update."
  ],
  "perspectives": [
    {
      "perspective": "Djokovic's perspective",
      "description": "He focuses on gratitude for his career and avoids a high-pressure mentality to enhance performance."
    }
  ],
  "image_url": "/article_images/article_a4a0769948e6c03d_7daab3bb8ac5.webp"
}