{
  "title": "David Walliams Excluded from Waterstones Festival Following Misconduct Allegations: A Case Study in Publishing Industry Dynamics",
  "summary": "The article details the exclusion of David Walliams, a renowned British children's author and comedian, from the Waterstones Children's Book Festival amid allegations of inappropriate behaviour towards young women. This development follows HarperCollins' decision to sever publishing ties with Walliams, underscoring a broader trend of accountability in the entertainment and publishing sectors. Walliams has vehemently denied the allegations, asserting that he was not informed of them or provided an opportunity for defense, and is pursuing legal counsel. The festival, organized by Waterstones, will proceed in Dundee, Lincoln, and Taunton, with other authors such as Cressida Cowell and Liz Pichon featured instead. Walliams' literary achievements are notable, with over 60 million books sold globally and adaptations like Gangsta Granny and The Boy in the Dress into TV films, cementing his influence in children's literature. The BBC has indicated no future collaborations with him, though his scheduled Boxing Day TV appearance remains unaffected. This incident raises critical questions about the balance between safeguarding individuals and ensuring procedural fairness, as well as the impact of allegations on professional reputations and industry relationships. It reflects ongoing societal debates over misconduct, corporate responsibility, and the mechanisms for addressing such claims in high-profile cases.",
  "keywords": [
    {
      "term": "accountability",
      "explanation": "the obligation of individuals or organizations to answer for their actions, often in contexts of ethical or legal scrutiny"
    },
    {
      "term": "procedural fairness",
      "explanation": "the principle that decisions should be made through transparent and equitable processes, including the right to be heard"
    },
    {
      "term": "corporate responsibility",
      "explanation": "the duty of companies to act ethically and consider social impacts in their operations and associations"
    },
    {
      "term": "misconduct allegations",
      "explanation": "accusations of improper or unethical behaviour that can lead to professional and legal consequences"
    },
    {
      "term": "industry dynamics",
      "explanation": "the complex interactions and trends within a specific sector, such as publishing, influenced by factors like reputation and public perception"
    }
  ],
  "questions": [
    {
      "question": "What broader trend does Walliams' exclusion from the festival exemplify?",
      "options": [
        "Increased book sales",
        "Rising accountability in publishing",
        "Decline of children's literature",
        "Growth of TV adaptations"
      ],
      "correct_answer": "Rising accountability in publishing"
    },
    {
      "question": "How does Walliams contest the allegations against him?",
      "options": [
        "By admitting fault",
        "By denying them and citing lack of due process",
        "By ignoring them",
        "By apologizing publicly"
      ],
      "correct_answer": "By denying them and citing lack of due process"
    },
    {
      "question": "What is the significance of HarperCollins cutting ties with Walliams?",
      "options": [
        "It shows support for him",
        "It highlights corporate distancing in response to allegations",
        "It indicates a merger",
        "It reflects poor sales"
      ],
      "correct_answer": "It highlights corporate distancing in response to allegations"
    },
    {
      "question": "Which aspect of the festival's organization is detailed in the article?",
      "options": [
        "Its funding sources",
        "Its locations and participating authors",
        "Its historical origins",
        "Its ticket prices"
      ],
      "correct_answer": "Its locations and participating authors"
    },
    {
      "question": "What does Walliams' legal pursuit suggest about the case?",
      "options": [
        "He accepts the allegations",
        "He is challenging them formally",
        "He is retiring",
        "He is collaborating with the BBC"
      ],
      "correct_answer": "He is challenging them formally"
    },
    {
      "question": "How has the BBC responded to the allegations regarding Walliams?",
      "options": [
        "By cancelling all his shows",
        "By stating no future projects but keeping a scheduled appearance",
        "By launching an investigation",
        "By praising him"
      ],
      "correct_answer": "By stating no future projects but keeping a scheduled appearance"
    },
    {
      "question": "What is a key ethical issue raised by Walliams' claim of not being informed?",
      "options": [
        "Copyright infringement",
        "Procedural fairness and due process",
        "Tax evasion",
        "Plagiarism"
      ],
      "correct_answer": "Procedural fairness and due process"
    },
    {
      "question": "Which of Walliams' books have been adapted into TV films?",
      "options": [
        "Gangsta Granny and The Boy in the Dress",
        "Santa & Son and Billionaire Boy",
        "Mr Stink and How to Train Your Dragon",
        "All his books"
      ],
      "correct_answer": "Gangsta Granny and The Boy in the Dress"
    },
    {
      "question": "What does the article imply about the impact of allegations on industry relationships?",
      "options": [
        "They have no effect",
        "They can lead to severed ties and reputational damage",
        "They always result in legal victories",
        "They boost collaborations"
      ],
      "correct_answer": "They can lead to severed ties and reputational damage"
    },
    {
      "question": "How does the article contextualize Walliams' literary success?",
      "options": [
        "As minimal and declining",
        "As significant with global sales and adaptations",
        "As focused only on adult audiences",
        "As unrelated to the allegations"
      ],
      "correct_answer": "As significant with global sales and adaptations"
    }
  ],
  "background_read": [
    "David Walliams is a multifaceted British celebrity, gaining fame as a comedian on shows like Little Britain before transitioning into a prolific children's author. His debut children's book, The Boy in the Dress (2008), published by HarperCollins, challenged gender norms and marked the start of a successful writing career. With over 40 titles, including bestsellers like Gangsta Granny and Billionaire Boy, his works have sold more than 60 million copies internationally and been adapted into TV films, enhancing his cultural impact. The Waterstones Children's Book Festival is a key event in the UK literary calendar, fostering engagement between authors and young readers across multiple cities. In recent years, the #MeToo movement and increased awareness of misconduct have prompted industries, including publishing and entertainment, to reassess their handling of allegations, leading to actions like cutting ties with accused individuals. This case intersects with debates on due process, as Walliams' denial and claim of lack of notification raise questions about fairness in investigative procedures. It also illustrates the complex dynamics of reputation management, where allegations can swiftly alter professional trajectories, highlighting the need for balanced approaches that protect victims while ensuring accused parties receive equitable treatment."
  ],
  "Article_Structure": [
    "Main Points: The article outlines David Walliams' removal from the Waterstones festival due to misconduct allegations, his denial and legal response, and the broader implications for publishing industry accountability. Purpose: To analyze the fallout of these allegations on Walliams' career and festival involvement, while exploring themes of corporate responsibility and procedural fairness in high-profile cases. Evidence Evaluation: Sources include statements from Waterstones, HarperCollins, Walliams' spokesperson, and the BBC, offering direct evidence but limited critical assessment of the allegations' validity or investigative depth. Author Credibility: The BBC maintains high journalistic standards, though the article prioritizes reporting over investigative rigor, potentially reflecting bias towards institutional perspectives. Methodology: Relies on public announcements and spokesperson quotes, characteristic of news reporting, but lacks independent verification or methodological transparency, limiting comprehensive analysis. Critical Assessment: Strengths include timely coverage and multiple sourced perspectives, but limitations involve insufficient detail on the allegations' evidence base and an over-reliance on official statements without contextualizing broader societal debates on misconduct handling."
  ],
  "perspectives": [
    {
      "perspective": "Corporate risk management",
      "description": "This view analyzes how organizations like Waterstones and HarperCollins mitigate reputational damage by distancing from accused individuals, reflecting strategic decisions in crisis management."
    },
    {
      "perspective": "Legal and ethical frameworks",
      "description": "This perspective examines the tension between allegations and due process, questioning whether current industry practices adequately balance victim protection with fair treatment of the accused."
    }
  ],
  "image_url": "/article_images/article_cdd3a7bc5471c058_563697843515.webp"
}