{
  "title": "Gregg Wallace's Abandoned Legal Claim: Data Protection, Misconduct, and Media Accountability",
  "summary": "Gregg Wallace, the former MasterChef presenter, has discontinued his legal claim against the BBC, foregoing any pursuit of costs or damages. He had sought up to £10,000 in compensation, alleging that the broadcaster's failure to provide copies of his personal data constituted distress and harassment under data protection regulations. The BBC contested this, asserting in High Court filings that Wallace was not entitled to damages, denied any resultant distress, and highlighted that they furnished the requested data on 7 October. This legal action emerged subsequent to Wallace's dismissal from MasterChef in July, following an independent inquiry that upheld over 40 allegations of misconduct, including instances of unwelcome physical contact and being in a state of undress, alongside numerous complaints regarding inappropriate sexual language and culturally insensitive remarks. Wallace publicly expressed remorse, stating he never intended harm. The BBC noted the claim was discontinued shortly before a scheduled hearing, with no financial settlement involved. This case encapsulates complex intersections of data privacy law, employment law, and ethical considerations in media, illustrating how personal grievances can escalate into legal disputes that may resolve pre-trial, reflecting broader societal debates on accountability, transparency, and the handling of misconduct in high-profile industries.",
  "keywords": [
    {
      "term": "data protection regulations",
      "explanation": "legal frameworks, such as GDPR, that govern the processing and access of personal data, ensuring individual privacy rights"
    },
    {
      "term": "distress and harassment claim",
      "explanation": "a legal allegation where emotional suffering is cited as damage, often in contexts of data breaches or workplace issues"
    },
    {
      "term": "High Court filings",
      "explanation": "official documents submitted in a superior court, detailing legal arguments and evidence in a case"
    },
    {
      "term": "misconduct inquiry",
      "explanation": "a formal investigation into allegations of improper behavior, typically conducted by employers or independent bodies"
    },
    {
      "term": "culturally insensitive remarks",
      "explanation": "comments that show disregard for cultural differences, often contributing to broader allegations of inappropriate conduct"
    },
    {
      "term": "pre-trial resolution",
      "explanation": "the settlement or discontinuation of a legal case before it reaches a full court trial, often to avoid costs or publicity"
    },
    {
      "term": "ethical considerations in media",
      "explanation": "moral principles guiding media organizations in reporting, accountability, and handling of personal and professional issues"
    },
    {
      "term": "transparency and accountability",
      "explanation": "the expectation that organizations, especially in media, operate openly and answer for actions affecting individuals or the public"
    }
  ],
  "questions": [
    {
      "question": "Under what legal basis did Gregg Wallace claim distress and harassment against the BBC?",
      "options": [
        "Breach of contract",
        "Data protection regulations",
        "Defamation laws",
        "Employment discrimination"
      ],
      "correct_answer": "Data protection regulations"
    },
    {
      "question": "What was the outcome of the independent inquiry into Gregg Wallace's conduct on MasterChef?",
      "options": [
        "All allegations were dismissed",
        "Over 40 allegations were upheld",
        "He was reinstated to the show",
        "The inquiry found no evidence"
      ],
      "correct_answer": "Over 40 allegations were upheld"
    },
    {
      "question": "How did the BBC justify its denial of liability in the High Court filings?",
      "options": [
        "By claiming Wallace consented to data sharing",
        "By arguing no distress occurred and data was provided",
        "By stating Wallace withdrew the claim earlier",
        "By proving the allegations were false"
      ],
      "correct_answer": "By arguing no distress occurred and data was provided"
    },
    {
      "question": "What broader societal issue does this case highlight regarding media organizations?",
      "options": [
        "Financial management",
        "Technological innovation",
        "Accountability and transparency",
        "Entertainment ratings"
      ],
      "correct_answer": "Accountability and transparency"
    },
    {
      "question": "Why might Gregg Wallace have discontinued his claim before the hearing?",
      "options": [
        "To avoid legal costs and negative publicity",
        "Because he received a secret payment",
        "Due to a court order",
        "As part of a plea bargain"
      ],
      "correct_answer": "To avoid legal costs and negative publicity"
    },
    {
      "question": "What role did data privacy laws play in this dispute?",
      "options": [
        "They mandated immediate data access, leading to the claim",
        "They were irrelevant to the case",
        "They prevented the BBC from sharing data",
        "They required Wallace to pay fines"
      ],
      "correct_answer": "They mandated immediate data access, leading to the claim"
    },
    {
      "question": "How does the article address the credibility of the allegations against Wallace?",
      "options": [
        "By dismissing them as unfounded",
        "By detailing an independent inquiry's findings",
        "By quoting Wallace's denials only",
        "By ignoring the misconduct aspect"
      ],
      "correct_answer": "By detailing an independent inquiry's findings"
    },
    {
      "question": "What ethical consideration is raised by Wallace's public apology?",
      "options": [
        "The impact of remorse on legal outcomes",
        "The necessity of media sensationalism",
        "The role of social media in disputes",
        "The importance of financial settlements"
      ],
      "correct_answer": "The impact of remorse on legal outcomes"
    },
    {
      "question": "In what way does the case reflect on employment law practices?",
      "options": [
        "By showcasing swift dismissals without cause",
        "By illustrating investigations into workplace misconduct",
        "By emphasizing contract negotiations",
        "By highlighting union interventions"
      ],
      "correct_answer": "By illustrating investigations into workplace misconduct"
    },
    {
      "question": "What methodological approach does the article use in reporting this case?",
      "options": [
        "Reliance on anonymous sources",
        "Use of court documents and official statements",
        "Speculative analysis without evidence",
        "Exclusive interviews with Wallace"
      ],
      "correct_answer": "Use of court documents and official statements"
    }
  ],
  "background_read": [
    "Gregg Wallace's case against the BBC situates within broader legal and social contexts. Data protection laws, particularly the General Data Protection Regulation (GDPR) in the UK, empower individuals to request access to their personal data, with failures potentially leading to claims for distress. Wallace's dismissal from MasterChef followed an investigation by Banijay, which upheld multiple allegations, reflecting increasing scrutiny of misconduct in entertainment industries. This incident underscores the tension between personal privacy rights and organizational transparency. Media accountability is critical here, as BBC News reports independently on corporate matters, balancing journalistic integrity with corporate interests. Legal disputes like this often resolve pre-trial to mitigate costs and reputational damage, highlighting strategic considerations in litigation. Understanding this case requires knowledge of employment law, data ethics, and media ethics, illustrating how high-profile figures navigate legal and public relations challenges in contemporary society."
  ],
  "Article_Structure": [
    "This article provides an in-depth analysis of Gregg Wallace's legal dispute with the BBC. Main Points: Wallace alleged distress due to delayed personal data access under data protection law and faced dismissal after misconduct allegations; the BBC denied liability, provided data, and noted the claim's discontinuation pre-hearing. Purpose: To explore the resolution of a case intersecting data privacy, employment issues, and media ethics, offering insights into legal and societal implications. Evidence Evaluation: Relies on court filings and official statements, providing credible but one-sided sources; lacks independent verification of distress claims. Author Credibility: BBC News maintains editorial independence, ensuring factual reporting but potential bias as the subject is the parent corporation. Methodology: Uses documentary analysis of legal records and corporate communications, offering a narrative based on disclosed evidence without primary investigation. Critical Assessment: Strengths include clear sourcing and contextual detail; limitations involve reliance on official accounts and minimal critique of broader systemic issues in data handling or workplace conduct."
  ],
  "perspectives": [
    {
      "perspective": "Data privacy and legal rights",
      "description": "Examines how data protection laws empower individuals to seek redress for privacy violations, using Wallace's claim as a case study in enforcement challenges and pre-trial resolutions."
    },
    {
      "perspective": "Media and corporate accountability",
      "description": "Analyzes the role of media organizations in reporting on internal disputes, balancing independence with corporate interests, and the ethical implications of handling misconduct allegations publicly."
    }
  ],
  "image_url": "/article_images/article_e9f1f2b5e8562432_077b21b76087.webp"
}