{
  "title": "Investigation into Poor Breast Cancer Care at NHS Trust",
  "summary": "This article reports on serious issues at the County Durham and Darlington Foundation Trust (CDDFT) in north-east England, where over 200 breast cancer cases are under investigation, including 43 with significant harm and one death. Women described feeling 'butchered' by surgeries and experiencing delayed diagnoses due to outdated practices. An independent review by Mary Aubrey found that the trust failed to act on persistent warnings since 2012, when it lost its training status, leading to unsafe care. Additionally, nearly £6 million was paid to private clinics run by the trust's main surgeon, raising concerns about conflicts of interest. The trust has apologized for substandard care and admitted missing warning signs. The case of Kate Driver illustrates the personal impact: she faced a long wait for cancer diagnosis after an inadequate fine needle aspiration test, exacerbating her trauma. This highlights systemic failures in healthcare governance and the need for accountability.",
  "keywords": [
    {
      "term": "mastectomy",
      "explanation": "a surgical procedure to remove one or both breasts, often used in cancer treatment"
    },
    {
      "term": "fine needle aspiration",
      "explanation": "a medical test where a thin needle is used to extract cells for cancer diagnosis, but it can be unreliable"
    },
    {
      "term": "independent review",
      "explanation": "an examination by an outside expert to assess problems and recommend improvements"
    },
    {
      "term": "governance",
      "explanation": "the system of rules and practices that guide how an organization is managed"
    },
    {
      "term": "clinical lead",
      "explanation": "a senior doctor responsible for overseeing medical services in a specific area"
    },
    {
      "term": "substandard care",
      "explanation": "medical treatment that falls below accepted quality and safety standards"
    },
    {
      "term": "conflict of interest",
      "explanation": "a situation where a person's personal interests might affect their professional decisions"
    },
    {
      "term": "systemic failure",
      "explanation": "a breakdown in the overall system that leads to widespread problems"
    }
  ],
  "questions": [
    {
      "question": "What is the primary focus of the article?",
      "options": [
        "Failures in breast cancer care at an NHS trust",
        "Advances in cancer treatment",
        "Funding for new hospitals",
        "Health tips for women"
      ],
      "correct_answer": "A"
    },
    {
      "question": "How many cases of significant harm are reported?",
      "options": [
        "43",
        "200",
        "1600",
        "1"
      ],
      "correct_answer": "A"
    },
    {
      "question": "Who conducted the independent review?",
      "options": [
        "Mary Aubrey",
        "Amir Bhatti",
        "Kate Driver",
        "BBC News"
      ],
      "correct_answer": "A"
    },
    {
      "question": "What practice was not considered best for breast biopsies?",
      "options": [
        "Fine needle aspiration",
        "MRI scan",
        "Surgery",
        "Chemotherapy"
      ],
      "correct_answer": "A"
    },
    {
      "question": "Why did the trust lose its training status in 2012?",
      "options": [
        "Due to persistent concerns",
        "Because of budget cuts",
        "It was a new hospital",
        "No reason given"
      ],
      "correct_answer": "A"
    },
    {
      "question": "What did Kate experience during her diagnosis?",
      "options": [
        "Delays and inconclusive tests",
        "Quick and accurate care",
        "A party at the hospital",
        "Free treatment abroad"
      ],
      "correct_answer": "A"
    },
    {
      "question": "How much money was paid to private clinics?",
      "options": [
        "Nearly £6 million",
        "£1 million",
        "£10 million",
        "Nothing"
      ],
      "correct_answer": "A"
    },
    {
      "question": "What is a key lesson from this article?",
      "options": [
        "Hospitals must act on warnings to prevent harm",
        "Cancer is always curable",
        "Private care is always better",
        "News reports are unreliable"
      ]
    }
  ],
  "background_read": [
    "Breast cancer is a common cancer affecting women, involving abnormal cell growth in breast tissue. Diagnosis often includes biopsies like fine needle aspiration, but best practices recommend more reliable methods to avoid missed diagnoses. The NHS in the UK provides public healthcare, but trusts must maintain high standards through governance and training. When failures occur, as in this case at CDDFT, independent reviews can uncover systemic issues like ignored warnings and financial conflicts. Understanding these elements helps grasp how healthcare systems can improve patient safety and accountability."
  ],
  "Article_Structure": [
    "This article analyzes main points: key arguments include systemic failures at CDDFT leading to patient harm, with evidence from over 200 cases and an independent review. Purpose is to expose healthcare deficiencies and advocate for accountability, written to inform the public. Evidence evaluation shows reliance on patient testimonies, expert opinions, and documented reviews, which are credible but may lack comprehensive data. Author credibility is high as BBC News is a reputable source, though potential bias towards highlighting negatives exists. Methodology involves investigative journalism, gathering interviews and public records, providing a thorough but not peer-reviewed assessment."
  ],
  "perspectives": [
    {
      "perspective": "Patient perspective",
      "description": "Women like Kate felt neglected and traumatized by delays and poor care"
    },
    {
      "perspective": "Expert perspective",
      "description": "Specialists criticize the trust for outdated practices and governance failures"
    },
    {
      "perspective": "Institutional perspective",
      "description": "The trust admits faults and apologizes, highlighting internal accountability issues"
    }
  ],
  "image_url": "/article_images/article_b3612f1b5f31f68e_0cf98c107e0b.webp"
}