{
  "title": "Carlos Alcaraz and His Coach Say Goodbye",
  "summary": "Carlos Alcaraz is a top tennis player who won big tournaments like the French Open and US Open. He surprised everyone by stopping work with his coach, Juan Carlos Ferrero, after seven years. They started when Alcaraz was 15, and Ferrero helped him become a champion. Alcaraz says they are still friends and made the decision together. He is thankful for all he learned. Now, Alcaraz is getting ready for the Australian Open, where he wants to win another big title. Other players think it's strange because they were doing so well together.",
  "keywords": [
    {
      "term": "tennis",
      "explanation": "a sport where players hit a ball over a net with rackets"
    },
    {
      "term": "coach",
      "explanation": "a person who teaches and helps an athlete get better"
    },
    {
      "term": "tournament",
      "explanation": "a big competition where players try to win"
    },
    {
      "term": "friends",
      "explanation": "people who like each other and get along well"
    },
    {
      "term": "champion",
      "explanation": "a winner of a big competition"
    }
  ],
  "questions": [
    {
      "question": "What sport does Carlos Alcaraz play?",
      "options": [
        "Tennis",
        "Soccer",
        "Basketball",
        "Baseball"
      ],
      "correct_answer": "Tennis"
    },
    {
      "question": "How long did Alcaraz work with his coach?",
      "options": [
        "7 years",
        "5 years",
        "10 years",
        "3 years"
      ],
      "correct_answer": "7 years"
    },
    {
      "question": "What did Alcaraz say about his relationship with Ferrero now?",
      "options": [
        "They are still friends",
        "They are angry",
        "They never talk",
        "They are teammates"
      ],
      "correct_answer": "They are still friends"
    },
    {
      "question": "Which tournament is Alcaraz getting ready for?",
      "options": [
        "Australian Open",
        "French Open",
        "US Open",
        "Wimbledon"
      ],
      "correct_answer": "Australian Open"
    },
    {
      "question": "Why were people surprised by the split?",
      "options": [
        "Because they were winning a lot",
        "Because they just started",
        "Because they argued often",
        "Because Ferrero quit"
      ],
      "correct_answer": "Because they were winning a lot"
    },
    {
      "question": "What did Alcaraz learn from Ferrero?",
      "options": [
        "How to be a better player",
        "How to cook",
        "How to drive",
        "How to sing"
      ],
      "correct_answer": "How to be a better player"
    }
  ],
  "background_read": [
    "Tennis is a popular sport played worldwide, where athletes compete in tournaments to win titles like Grand Slams. Coaches help players train and improve their skills. Carlos Alcaraz is a young Spanish tennis star who has won major championships with the help of his coach, Juan Carlos Ferrero. Sometimes, players and coaches decide to stop working together even if they are successful, which can be surprising to fans."
  ],
  "Article_Structure": [
    "WHO: Carlos Alcaraz, a tennis player, and his coach Juan Carlos Ferrero",
    "WHAT: They decided to stop working together after seven years",
    "WHERE: This happened in the tennis world, with Alcaraz preparing for the Australian Open",
    "WHY: Alcaraz says it was a mutual decision and they remain friends, though others find it strange because they were winning"
  ],
  "perspectives": [
    {
      "perspective": "Alcaraz's view",
      "description": "He is grateful and says it was a friendly mutual decision."
    },
    {
      "perspective": "Other players' view",
      "description": "They think it's surprising because the coaching was successful."
    }
  ],
  "image_url": "/article_images/article_263ba2bcb5f3cda5_6f01559e1e21.webp"
}