{
  "title": "Analyzing the Alcaraz-Ferrero Split: Implications for Tennis Dynamics",
  "summary": "The article details the unexpected dissolution of the coaching partnership between Carlos Alcaraz, the reigning world number one in tennis, and Juan Carlos Ferrero, his mentor since adolescence. Alcaraz announced the split in December, characterizing it as a 'chapter of life that has to end,' while emphasizing mutual consent and maintained amicability. Ferrero, who guided Alcaraz to six major titles, including consecutive wins at the French Open and US Open, reportedly did not initiate the separation and had anticipated continuing through the Australian Open. This development has sparked speculation within the tennis community, as noted by British player Jodie Burrage, who described it as 'mind-blowing' given their proven success. Alcaraz's gratitude underscores Ferrero's pivotal role in his ascension, yet the decision coincides with his ambition to secure a career Grand Slam at the Australian Open. The article raises questions about the underlying factors in athlete-coach relationships, such as evolving personal dynamics or strategic shifts, and highlights the broader context of professional sports where even highly effective collaborations can conclude abruptly.",
  "keywords": [
    {
      "term": "dissolution",
      "explanation": "the formal ending or breakup of a partnership or relationship"
    },
    {
      "term": "mentor",
      "explanation": "an experienced advisor who provides guidance and support in a field"
    },
    {
      "term": "amicability",
      "explanation": "a friendly and peaceful manner in interactions"
    },
    {
      "term": "ascension",
      "explanation": "the process of rising to a higher position or status"
    },
    {
      "term": "speculation",
      "explanation": "the act of forming theories or conjectures without firm evidence"
    }
  ],
  "questions": [
    {
      "question": "What metaphorical phrase did Alcaraz use to describe the split?",
      "options": [
        "A chapter of life that has to end",
        "A turning point in his career",
        "A necessary evil",
        "A fresh start"
      ],
      "correct_answer": "A chapter of life that has to end"
    },
    {
      "question": "How does the article characterize Ferrero's role in Alcaraz's career?",
      "options": [
        "Pivotal in his ascension",
        "Minimal and incidental",
        "Focused only on technical skills",
        "Primarily financial"
      ],
      "correct_answer": "Pivotal in his ascension"
    },
    {
      "question": "What did Jodie Burrage imply about the split?",
      "options": [
        "It was surprising given their success",
        "It was expected due to conflicts",
        "It was irrelevant to tennis",
        "It was a strategic move"
      ],
      "correct_answer": "It was surprising given their success"
    },
    {
      "question": "Which major tournament is Alcaraz targeting for a historic achievement?",
      "options": [
        "Australian Open",
        "Wimbledon",
        "French Open",
        "US Open"
      ],
      "correct_answer": "Australian Open"
    },
    {
      "question": "What does the article suggest about Ferrero's expectations?",
      "options": [
        "He anticipated continuing as coach",
        "He planned to retire soon",
        "He wanted to coach other players",
        "He was dissatisfied with Alcaraz"
      ],
      "correct_answer": "He anticipated continuing as coach"
    },
    {
      "question": "How does the article address the broader implications of the split?",
      "options": [
        "By questioning athlete-coach dynamics",
        "By focusing only on Alcaraz's future",
        "By dismissing it as insignificant",
        "By comparing it to other sports"
      ],
      "correct_answer": "By questioning athlete-coach dynamics"
    },
    {
      "question": "What evidence is provided for the split's mutual nature?",
      "options": [
        "Alcaraz's statements and emphasis on friendship",
        "Ferrero's public criticism",
        "Official documents from tennis associations",
        "Financial records"
      ],
      "correct_answer": "Alcaraz's statements and emphasis on friendship"
    },
    {
      "question": "Which aspect of methodology is evident in the article?",
      "options": [
        "Gathering quotes from involved parties",
        "Conducting statistical analysis",
        "Performing interviews with fans",
        "Using historical data extensively"
      ],
      "correct_answer": "Gathering quotes from involved parties"
    },
    {
      "question": "What critical assessment can be made of the article's coverage?",
      "options": [
        "It relies on limited perspectives and lacks in-depth analysis",
        "It provides comprehensive data on all tennis splits",
        "It ignores Alcaraz's achievements",
        "It is biased against Ferrero"
      ],
      "correct_answer": "It relies on limited perspectives and lacks in-depth analysis"
    },
    {
      "question": "How does the article contextualize the split within professional sports?",
      "options": [
        "By highlighting that successful collaborations can end abruptly",
        "By stating it is unique to tennis",
        "By suggesting it is always negative",
        "By focusing only on financial aspects"
      ],
      "correct_answer": "By highlighting that successful collaborations can end abruptly"
    }
  ],
  "background_read": [
    "In elite tennis, coaching relationships are critical for player development and success, often involving long-term commitments and personal bonds. Juan Carlos Ferrero, a former world number one, brought extensive experience to mentoring Carlos Alcaraz, contributing to his rapid rise and multiple Grand Slam victories. Splits between top players and coaches can stem from various factors, including strategic disagreements, personal growth, or external pressures, and they often attract media scrutiny due to their impact on performance. The Australian Open represents a key milestone in achieving a career Grand Slam, a feat accomplished by few players, adding pressure to such transitions. Understanding these dynamics requires examining both public statements and underlying tensions in the sports industry."
  ],
  "Article_Structure": [
    "This in-depth analysis examines the Alcaraz-Ferrero split, covering Main Points such as the mutual yet surprising decision, Ferrero's unexpected departure, and Alcaraz's Grand Slam ambitions. Purpose is to explore the event within broader sports journalism, highlighting athlete-coach complexities. Evidence Evaluation notes reliance on direct quotations from Alcaraz and Ferrero, plus secondary commentary from Jodie Burrage, offering credible but surface-level insights without deeper investigative reporting. Author Credibility is based on BBC Sport's reputation, though anonymity limits assessment of expertise. Methodology involves reporting statements and reactions, typical of news articles, but lacks rigorous investigation into underlying causes. Critical Assessment identifies strengths in timely reporting and balanced perspectives, but limitations include speculative elements and insufficient analysis of long-term implications for tennis dynamics."
  ],
  "perspectives": [
    {
      "perspective": "Alcaraz's narrative",
      "description": "Frames the split as a natural progression, emphasizing gratitude and mutual respect to maintain a positive public image."
    },
    {
      "perspective": "Ferrero's unspoken stance",
      "description": "Suggests potential dissonance, as his revealed expectations contrast with the outcome, hinting at unresolved issues."
    },
    {
      "perspective": "Media and peer commentary",
      "description": "Highlights the speculative nature of public discourse, reflecting broader curiosity about elite sports relationships."
    }
  ],
  "image_url": "/article_images/article_263ba2bcb5f3cda5_6f01559e1e21.webp"
}