{
  "title": "Trump's Big Trip to Davos",
  "summary": "President Donald Trump is going to a big meeting in Davos, Switzerland, called the World Economic Forum. Before he even gets there, he has talked about wanting to buy Greenland and putting taxes on European countries. People are wondering if he will get a friendly welcome when he arrives. The article also talks about other news, like a soccer team from Morocco winning a game, threats to Iran, and events in Venezuela where the US is involved with oil and a leader named Maduro. It shows different views from people around the world on these topics.",
  "keywords": [
    {
      "term": "Davos",
      "explanation": "a place in Switzerland where world leaders meet to talk about money and business"
    },
    {
      "term": "Greenland",
      "explanation": "a big icy island that Trump wants to buy"
    },
    {
      "term": "tariffs",
      "explanation": "taxes on things from other countries"
    },
    {
      "term": "Venezuela",
      "explanation": "a country in South America where there is trouble with its leader"
    },
    {
      "term": "oil",
      "explanation": "a black liquid used for fuel that the US wants from Venezuela"
    }
  ],
  "questions": [
    {
      "question": "Where is President Trump going for a meeting?",
      "options": [
        "Davos, Switzerland",
        "Paris, France",
        "London, England",
        "Berlin, Germany"
      ],
      "correct_answer": "Davos, Switzerland"
    },
    {
      "question": "What does Trump want to buy before the meeting?",
      "options": [
        "Greenland",
        "Canada",
        "Mexico",
        "Australia"
      ],
      "correct_answer": "Greenland"
    },
    {
      "question": "What are tariffs?",
      "options": [
        "Taxes on things from other countries",
        "Gifts for friends",
        "New laws for schools",
        "Sports games"
      ],
      "correct_answer": "Taxes on things from other countries"
    },
    {
      "question": "Which country is mentioned for having trouble with its leader?",
      "options": [
        "Venezuela",
        "Brazil",
        "Argentina",
        "Chile"
      ],
      "correct_answer": "Venezuela"
    },
    {
      "question": "What does the US want from Venezuela?",
      "options": [
        "Oil",
        "Gold",
        "Food",
        "Water"
      ],
      "correct_answer": "Oil"
    },
    {
      "question": "Who won a soccer game in the article?",
      "options": [
        "Morocco",
        "Nigeria",
        "Iran",
        "USA"
      ],
      "correct_answer": "Morocco"
    }
  ],
  "background_read": [
    "The World Economic Forum is a yearly meeting in Davos where leaders from many countries talk about how to make the world's economy better. President Trump is the leader of the United States and often says surprising things. Greenland is part of Denmark and is very cold. Venezuela is a country with a lot of oil, but it has problems with its government. Tariffs can make things more expensive when countries trade."
  ],
  "Article_Structure": [
    "WHO: President Donald Trump and other world leaders",
    "WHAT: Trump is going to Davos and has talked about Greenland and tariffs, with other news about Iran and Venezuela",
    "WHERE: Davos in Switzerland, and other places like Venezuela and Morocco",
    "WHY: To see if Trump gets a warm welcome and to show different views on world events"
  ],
  "perspectives": [
    {
      "perspective": "Some people might welcome Trump's actions",
      "description": "They think he is strong and helps the US"
    },
    {
      "perspective": "Others might be cautious",
      "description": "They worry his plans could cause problems"
    }
  ],
  "image_url": "/article_images/article_267a7091400ecb13_0507b35756f7.webp"
}