{
  "title": "Trump's Davos Arrival and Global Reactions",
  "summary": "As President Donald Trump prepares to attend the World Economic Forum in Davos, Switzerland, his pre-arrival statements have stirred controversy, including ambitions to acquire Greenland and threats of tariffs on European nations. This article explores whether he will receive the customary warm reception upon his Wednesday arrival, amidst broader global events. It covers Morocco's soccer victory in the Afcon final, US threats of military intervention in Iran, and developments in Venezuela, where the US has ousted leader Nicolas Maduro, partly motivated by access to Venezuelan oil. The BBC reports from various locations, offering perspectives from Arctic residents, Detroit locals, and Venezuelan communities, highlighting diverse reactions to US foreign policy. The piece integrates multiple news segments to provide a snapshot of international affairs, emphasizing the interconnectedness of economic and political actions.",
  "keywords": [
    {
      "term": "World Economic Forum",
      "explanation": "an annual meeting in Davos where global leaders discuss economic issues and policies"
    },
    {
      "term": "tariffs",
      "explanation": "taxes imposed on imported goods, often used as a tool in trade disputes"
    },
    {
      "term": "Nicolas Maduro",
      "explanation": "the former president of Venezuela who was removed from power with US involvement"
    },
    {
      "term": "Venezuelan oil",
      "explanation": "petroleum resources in Venezuela that are a key factor in US foreign policy decisions"
    },
    {
      "term": "global reactions",
      "explanation": "responses from people and countries around the world to political events"
    }
  ],
  "questions": [
    {
      "question": "What is the main event Trump is attending in Davos?",
      "options": [
        "World Economic Forum",
        "United Nations Assembly",
        "G7 Summit",
        "NATO Conference"
      ],
      "correct_answer": "World Economic Forum"
    },
    {
      "question": "What has Trump threatened to impose on European countries?",
      "options": [
        "Tariffs",
        "Sanctions",
        "Embargoes",
        "Subsidies"
      ],
      "correct_answer": "Tariffs"
    },
    {
      "question": "Which country's leader was ousted with US involvement?",
      "options": [
        "Venezuela",
        "Iran",
        "Morocco",
        "Nigeria"
      ],
      "correct_answer": "Venezuela"
    },
    {
      "question": "What is a key motivation for US actions in Venezuela according to the article?",
      "options": [
        "Access to oil",
        "Promoting democracy",
        "Stopping terrorism",
        "Improving trade"
      ],
      "correct_answer": "Access to oil"
    },
    {
      "question": "Who won the Afcon final mentioned in the article?",
      "options": [
        "Morocco",
        "Nigeria",
        "Egypt",
        "Senegal"
      ],
      "correct_answer": "Morocco"
    },
    {
      "question": "What does the article say about Trump's reception in Davos?",
      "options": [
        "It is uncertain if he will get a warm welcome",
        "He will definitely be welcomed warmly",
        "He will be ignored",
        "He will face protests"
      ],
      "correct_answer": "It is uncertain if he will get a warm welcome"
    },
    {
      "question": "Which BBC correspondent reports from the Arctic?",
      "options": [
        "Katya Adler",
        "Faisal Islam",
        "Caroline Hawley",
        "Madeline Halpert"
      ],
      "correct_answer": "Katya Adler"
    },
    {
      "question": "What operation did the US Coast Guard conduct?",
      "options": [
        "Boarded ghost fleet tankers",
        "Rescued sailors",
        "Patrolled borders",
        "Fought pirates"
      ],
      "correct_answer": "Boarded ghost fleet tankers"
    }
  ],
  "background_read": [
    "The World Economic Forum, held annually in Davos, is a key platform for discussing global economic challenges, attracting politicians, business leaders, and activists. President Trump's presidency has been marked by unconventional foreign policy moves, such as proposing to buy Greenland from Denmark and using tariffs in trade negotiations. Venezuela has been in political turmoil, with Maduro's regime facing opposition and US sanctions aimed at leveraging its oil reserves. Iran tensions have escalated due to US threats, reflecting broader Middle East conflicts. The article uses BBC reporting to show how local perspectives, from Arctic communities to Venezuelan-Americans, shape understanding of these international issues."
  ],
  "Article_Structure": [
    "Main Points: The article focuses on Trump's upcoming Davos visit amid pre-arrival controversies like Greenland and tariffs, while linking to global events in Iran and Venezuela. Purpose: To analyze potential reception for Trump and provide a broader view of international reactions to US policies. Evidence Evaluation: Relies on BBC correspondents' reports from multiple locations, offering firsthand accounts but limited to brief segments. Author Credibility: BBC is a reputable news source with experienced journalists like Faisal Islam and Katya Adler. Methodology: Combines video reports and interviews to gather diverse perspectives, though it may lack in-depth analysis due to the format."
  ],
  "perspectives": [
    {
      "perspective": "Supportive of Trump's actions",
      "description": "Some view his bold moves as strengthening US interests and global influence"
    },
    {
      "perspective": "Critical of Trump's approach",
      "description": "Others see his policies as destabilizing and risking international conflicts"
    }
  ],
  "image_url": "/article_images/article_267a7091400ecb13_0507b35756f7.webp"
}