{
  "title": "AI Unlocks Health Predictions from Sleep Data",
  "summary": "Researchers at Stanford Medicine have created an artificial intelligence system named SleepFM that analyzes polysomnography sleep recordings to estimate a person's risk for over 100 medical conditions. The system was trained on 585,000 hours of data from 65,000 individuals, using a foundation model approach similar to large language models but applied to biological signals like brain activity, heart rhythms, and breathing patterns. Polysomnography, the gold standard for sleep evaluation, captures extensive physiological information often underutilized in clinical practice. The AI integrates multiple data streams through a method called leave-one-out contrastive learning, teaching it to understand the interactions between different body signals. After training, SleepFM performed well on tasks like identifying sleep stages and assessing sleep apnea severity, showing potential for predicting future diseases. This advancement highlights how AI can extract valuable health insights from sleep data, offering a new tool for early disease detection and personalized medicine.",
  "keywords": [
    {
      "term": "polysomnography",
      "explanation": "a comprehensive sleep test that records multiple body signals in a lab setting"
    },
    {
      "term": "foundation model",
      "explanation": "an AI system trained on large datasets to learn broad patterns for various tasks"
    },
    {
      "term": "leave-one-out contrastive learning",
      "explanation": "a training method where the AI reconstructs missing signals using remaining data to understand relationships"
    },
    {
      "term": "sleep apnea",
      "explanation": "a sleep disorder where breathing repeatedly stops and starts, often assessed in sleep studies"
    },
    {
      "term": "physiological information",
      "explanation": "data about how the body functions, such as heart rate and brain waves"
    }
  ],
  "questions": [
    {
      "question": "What type of AI model is SleepFM based on?",
      "options": [
        "Foundation model",
        "Neural network",
        "Decision tree",
        "Random forest"
      ],
      "correct_answer": "Foundation model"
    },
    {
      "question": "How much sleep data was used to train SleepFM?",
      "options": [
        "585,000 hours",
        "65,000 hours",
        "100 hours",
        "5,000 hours"
      ],
      "correct_answer": "585,000 hours"
    },
    {
      "question": "What is polysomnography considered in sleep evaluation?",
      "options": [
        "Gold standard",
        "Basic test",
        "Optional tool",
        "Outdated method"
      ],
      "correct_answer": "Gold standard"
    },
    {
      "question": "What training method did researchers use for SleepFM?",
      "options": [
        "Leave-one-out contrastive learning",
        "Supervised learning",
        "Reinforcement learning",
        "Unsupervised clustering"
      ],
      "correct_answer": "Leave-one-out contrastive learning"
    },
    {
      "question": "What does SleepFM predict from sleep data?",
      "options": [
        "Risk of over 100 medical conditions",
        "Only sleep disorders",
        "Weather patterns",
        "Social media trends"
      ],
      "correct_answer": "Risk of over 100 medical conditions"
    },
    {
      "question": "Who are the co-senior authors mentioned in the article?",
      "options": [
        "Emmanual Mignot and James Zou",
        "Stanford and Nature Medicine",
        "SleepFM and AI",
        "Doctors and patients"
      ],
      "correct_answer": "Emmanual Mignot and James Zou"
    },
    {
      "question": "What is one task SleepFM was tested on?",
      "options": [
        "Evaluating sleep apnea severity",
        "Predicting stock prices",
        "Writing stories",
        "Playing games"
      ],
      "correct_answer": "Evaluating sleep apnea severity"
    },
    {
      "question": "Why is sleep data considered understudied in AI?",
      "options": [
        "Because AI has focused more on other areas like pathology",
        "Because sleep data is too simple",
        "Because no one is interested",
        "Because it is illegal to study"
      ],
      "correct_answer": "Because AI has focused more on other areas like pathology"
    }
  ],
  "background_read": [
    "Sleep is a critical biological process that affects overall health, and polysomnography is a detailed test used in sleep clinics to diagnose disorders like sleep apnea by monitoring brain waves, heart rate, and breathing. Historically, much of this data has been underanalyzed due to its complexity. Advances in artificial intelligence, particularly foundation models, enable deeper analysis of large datasets. SleepFM represents a breakthrough by applying AI to sleep data on a massive scale, using techniques like contrastive learning to integrate multiple physiological signals. This research, published in Nature Medicine, aims to transform sleep studies into predictive tools for various diseases, emphasizing the importance of early detection and the growing role of AI in healthcare. Understanding these concepts helps appreciate how technology can enhance medical diagnostics and preventive care."
  ],
  "Article_Structure": [
    "Main Points: SleepFM is an AI system that analyzes polysomnography data to predict risks for over 100 diseases, trained on 585,000 hours from 65,000 people using a foundation model and leave-one-out contrastive learning. Purpose: To demonstrate how AI can unlock hidden health insights from sleep data for early disease detection and improved clinical practice. Evidence Evaluation: Based on extensive sleep recordings and peer-reviewed publication in Nature Medicine, showing strong performance in sleep stage identification and apnea assessment. Author Credibility: Led by Stanford Medicine researchers including experts in sleep medicine and biomedical data science, with co-senior authors Emmanual Mignot and James Zou. Methodology: Utilized polysomnography data, divided into five-second segments, and applied AI training methods to integrate multiple physiological signals for pattern recognition."
  ],
  "perspectives": [
    {
      "perspective": "Technological innovation",
      "description": "SleepFM showcases how AI can process complex biological data to advance predictive healthcare."
    }
  ],
  "image_url": "/article_images/article_523a026d350de727_72e3641e8ad7.webp"
}