{
  "title": "Investigating Super-Eddington Accretion in an Early Universe Quasar: A Challenge to Astrophysical Models",
  "summary": "An international team of astronomers has identified a quasar at redshift z=3.4, corresponding to approximately 12 billion years ago, which exhibits a supermassive black hole undergoing super-Eddington accretion at a rate roughly 13 times the theoretical Eddington limit. Utilizing the Subaru Telescope's MOIRCS near-infrared spectrograph, researchers analyzed the Mg II emission line to estimate the black hole's mass and combined this with X-ray and radio data. Contrary to prevailing theoretical models, which predict diminished X-ray emission and suppressed jet activity during such rapid growth, this quasar simultaneously displays intense X-ray luminosity from a corona and a powerful radio-loud jet. This anomalous combination suggests the object may be in a short transitional phase following a sudden gas influx, allowing extreme accretion while maintaining energetic emissions. The findings, published in the Astrophysical Journal, challenge existing frameworks of black hole accretion physics and offer critical insights into the mechanisms driving rapid mass accumulation in the early Universe. Furthermore, the strong radio jet implies potential feedback effects on the host galaxy, influencing star formation and galactic evolution, thereby connecting black hole growth to broader cosmological processes.",
  "keywords": [
    {
      "term": "super-Eddington accretion",
      "explanation": "a process where a black hole accretes matter at rates exceeding the Eddington limit, often in extreme environments"
    },
    {
      "term": "redshift",
      "explanation": "a measure of how much light from an object has been stretched, indicating its distance and age in the Universe"
    },
    {
      "term": "Mg II emission line",
      "explanation": "a spectral line used to estimate black hole mass by analyzing gas motion"
    },
    {
      "term": "corona luminosity",
      "explanation": "the brightness of the hot plasma region around a black hole, key for X-ray emission"
    },
    {
      "term": "radio-loud jet",
      "explanation": "a relativistic jet emitting strongly at radio frequencies, indicative of energetic processes"
    },
    {
      "term": "accretion physics",
      "explanation": "the study of how matter falls onto compact objects like black holes, involving dynamics and radiation"
    },
    {
      "term": "cosmological feedback",
      "explanation": "the influence of black hole jets on galactic environments, affecting star formation and evolution"
    },
    {
      "term": "theoretical models",
      "explanation": "frameworks predicting black hole behavior based on physics, often tested against observations"
    }
  ],
  "questions": [
    {
      "question": "What is the significance of the quasar's redshift z=3.4?",
      "options": [
        "It indicates its mass",
        "It shows its distance and age as about 12 billion years ago",
        "It measures its brightness",
        "It determines its color"
      ],
      "correct_answer": "It shows its distance and age as about 12 billion years ago"
    },
    {
      "question": "How does the accretion rate compare to the Eddington limit?",
      "options": [
        "Equal to the limit",
        "Below the limit",
        "Approximately 13 times the limit",
        "Unmeasurable"
      ],
      "correct_answer": "Approximately 13 times the limit"
    },
    {
      "question": "What methodological tool was used for mass estimation?",
      "options": [
        "X-ray telescope",
        "Subaru Telescope's MOIRCS spectrograph",
        "Radio antenna array",
        "Visual imaging"
      ],
      "correct_answer": "Subaru Telescope's MOIRCS spectrograph"
    },
    {
      "question": "Why is the coexistence of X-ray and radio emissions unusual?",
      "options": [
        "Models predict they should weaken during super-Eddington growth",
        "They are always present",
        "They indicate a new star type",
        "They have no theoretical basis"
      ],
      "correct_answer": "Models predict they should weaken during super-Eddington growth"
    },
    {
      "question": "What might explain the quasar's transitional phase?",
      "options": [
        "A decrease in gas",
        "A sudden influx of gas driving super-Eddington accretion",
        "A merger with another black hole",
        "Stable long-term growth"
      ],
      "correct_answer": "A sudden influx of gas driving super-Eddington accretion"
    },
    {
      "question": "How could the radio jet impact galaxy evolution?",
      "options": [
        "By heating or disrupting gas, influencing star formation",
        "By creating new black holes",
        "By making the galaxy invisible",
        "By having no effect"
      ],
      "correct_answer": "By heating or disrupting gas, influencing star formation"
    },
    {
      "question": "What does this discovery challenge in astrophysics?",
      "options": [
        "The existence of black holes",
        "Current models of accretion physics and black hole growth",
        "The use of telescopes",
        "The age of the Universe"
      ],
      "correct_answer": "Current models of accretion physics and black hole growth"
    },
    {
      "question": "What publication details these findings?",
      "options": [
        "Science Daily",
        "Astrophysical Journal",
        "Nature",
        "Astronomy Magazine"
      ],
      "correct_answer": "Astrophysical Journal"
    },
    {
      "question": "What role does the corona play in this quasar?",
      "options": [
        "It emits X-rays, contributing to luminosity",
        "It absorbs radio waves",
        "It slows accretion",
        "It is irrelevant"
      ],
      "correct_answer": "It emits X-rays, contributing to luminosity"
    },
    {
      "question": "Why is this object a valuable reference for future studies?",
      "options": [
        "It offers a rare case to test new ideas on black hole growth and feedback",
        "It is the first black hole ever found",
        "It proves all theories correct",
        "It has no implications"
      ],
      "correct_answer": "It offers a rare case to test new ideas on black hole growth and feedback"
    }
  ],
  "background_read": [
    "Supermassive black holes, with masses up to billions of solar masses, are central to galaxies and grow via accretion. The Eddington limit theorizes a growth cap due to radiation pressure, but super-Eddington accretion may occur in early Universe environments. Quasars represent active phases with emissions across wavelengths. This article examines a quasar defying models by exhibiting super-Eddington growth with strong X-ray and radio emissions, suggesting transitional physics. Understanding such objects illuminates black hole formation, accretion mechanisms, and feedback processes in galaxy evolution, addressing key questions in cosmology."
  ],
  "Article_Structure": [
    "Main Points: Discovery of a quasar with super-Eddington accretion at 13 times the limit, emitting intense X-rays and a radio jet, challenging theoretical models. Purpose: To explore rapid black hole growth in the early Universe and refine accretion physics, linking to galaxy evolution. Evidence Evaluation: High-quality data from Subaru Telescope's spectrograph and multi-wavelength observations provide robust evidence, though limited by single-object study. Author Credibility: Researchers from Waseda and Tohoku Universities, with publication in a peer-reviewed journal, demonstrate expertise in astrophysics. Methodology: Employed near-infrared spectroscopy for mass estimation via Mg II line analysis, combined with X-ray and radio measurements for comprehensive assessment. Critical Assessment: Strengths include novel findings and methodological rigor; limitations involve reliance on one object and need for further observational confirmation."
  ],
  "perspectives": [
    {
      "perspective": "Theoretical revision",
      "description": "Highlights gaps in current accretion models, prompting updates to incorporate anomalous emission behaviors."
    },
    {
      "perspective": "Cosmological implications",
      "description": "Suggests transitional phases may be key to understanding early Universe black hole growth and galactic feedback mechanisms."
    }
  ],
  "image_url": "/article_images/article_8a81403bcdabc742_7fdd927c3c96.webp"
}