{
  "title": "Exploring the Christmas Tree Star Cluster in NGC 2264",
  "summary": "NGC 2264 is a significant star-forming region located approximately 2,700 light-years from Earth in the constellation Monoceros. This area serves as a stellar nursery where new stars are actively forming from vast clouds of interstellar gas and dust. Key features include emission nebulae, which glow red due to hydrogen gas energized by young stars, and reflection nebulae, which appear blue as dust reflects starlight. At the center lies S Monocerotis, a variable star surrounded by a blue glow, and above it, the Christmas Tree star cluster forms a triangular pattern of young stars. Additional structures include the Cone Nebula, a tall pillar shaped by stellar radiation, and the Fox Fur Nebula, a textured cloud. The entire region spans about 1.5 degrees in the sky, equivalent to 80 light-years in actual size, highlighting its immense scale. Astronomers study NGC 2264 to gain insights into star formation processes, using catalog numbers like NGC 2264 for identification. This region is visible from Earth during certain seasons due to its position near the celestial equator and the Milky Way's disk, making it a popular target for observation and research.",
  "keywords": [
    {
      "term": "NGC 2264",
      "explanation": "a catalogued star-forming region in the constellation Monoceros"
    },
    {
      "term": "stellar nursery",
      "explanation": "an area in space where new stars are born from gas and dust"
    },
    {
      "term": "emission nebulae",
      "explanation": "clouds that emit red light from excited hydrogen gas"
    },
    {
      "term": "reflection nebulae",
      "explanation": "clouds that scatter starlight, appearing blue"
    },
    {
      "term": "S Monocerotis",
      "explanation": "a variable star at the center of the region"
    },
    {
      "term": "Christmas Tree star cluster",
      "explanation": "a group of young stars arranged in a triangular pattern"
    },
    {
      "term": "Cone Nebula",
      "explanation": "a pillar of gas and dust sculpted by radiation"
    },
    {
      "term": "Fox Fur Nebula",
      "explanation": "a nebula with a fur-like texture from glowing gas"
    },
    {
      "term": "light-year",
      "explanation": "a unit of distance equal to how far light travels in one year"
    },
    {
      "term": "celestial equator",
      "explanation": "an imaginary line in the sky above Earth's equator"
    }
  ],
  "questions": [
    {
      "question": "What is the primary purpose of studying NGC 2264?",
      "options": [
        "To understand star formation",
        "To find alien life",
        "To map planets",
        "To study black holes"
      ],
      "correct_answer": "To understand star formation"
    },
    {
      "question": "How do emission nebulae get their red color?",
      "options": [
        "From hydrogen gas energized by stars",
        "From dust reflecting light",
        "From chemical reactions",
        "From sunlight"
      ],
      "correct_answer": "From hydrogen gas energized by stars"
    },
    {
      "question": "What is the role of S Monocerotis in this region?",
      "options": [
        "It is a variable star at the center",
        "It is a nebula",
        "It is a galaxy",
        "It is a planet"
      ],
      "correct_answer": "It is a variable star at the center"
    },
    {
      "question": "Why is the Christmas Tree star cluster named as such?",
      "options": [
        "Due to its triangular star pattern",
        "Due to its red color",
        "Due to its size",
        "Due to its location"
      ],
      "correct_answer": "Due to its triangular star pattern"
    },
    {
      "question": "What shapes the Cone Nebula?",
      "options": [
        "Radiation from young stars",
        "Gravity from planets",
        "Solar winds",
        "Magnetic fields"
      ],
      "correct_answer": "Radiation from young stars"
    },
    {
      "question": "How wide is NGC 2264 in light-years?",
      "options": [
        "80 light-years",
        "50 light-years",
        "100 light-years",
        "150 light-years"
      ],
      "correct_answer": "80 light-years"
    },
    {
      "question": "What makes NGC 2264 visible from Earth during certain seasons?",
      "options": [
        "Its position near the celestial equator",
        "Its brightness",
        "Its proximity to the Sun",
        "Its size"
      ],
      "correct_answer": "Its position near the celestial equator"
    },
    {
      "question": "What type of nebulae appear blue in this region?",
      "options": [
        "Reflection nebulae",
        "Emission nebulae",
        "Planetary nebulae",
        "Dark nebulae"
      ],
      "correct_answer": "Reflection nebulae"
    }
  ],
  "background_read": [
    "Star formation is a key process in astronomy, occurring in regions rich in interstellar gas and dust. NGC 2264 is an example of such a stellar nursery, where gravitational collapse leads to the birth of new stars. Emission nebulae, like those in NGC 2264, glow when ultraviolet radiation from hot stars ionizes hydrogen gas, causing it to emit red light. Reflection nebulae, on the other hand, scatter starlight, often appearing blue due to shorter wavelengths. The Christmas Tree star cluster is part of this dynamic environment, with young stars influencing their surroundings through radiation and stellar winds. Astronomers use tools like telescopes and catalog systems to study these phenomena, helping us understand the lifecycle of stars and the structure of our galaxy, the Milky Way. This region's visibility from Earth makes it accessible for both professional and amateur observations."
  ],
  "Article_Structure": [
    "Main Points: NGC 2264 is a star-forming region with features like emission and reflection nebulae, the Christmas Tree star cluster, S Monocerotis, the Cone Nebula, and Fox Fur Nebula, spanning 80 light-years. Purpose: To inform about stellar nurseries and star formation processes, highlighting the region's scale and visibility. Evidence Evaluation: The article cites NASA materials and astronomical observations, providing descriptive evidence but lacking quantitative data or peer-reviewed references. Author Credibility: Based on ScienceDaily sourcing from NASA, indicating reliable scientific content but potential editing for style. Methodology: Information gathered from telescopic observations and catalog data, typical for astronomical studies."
  ],
  "perspectives": [
    {
      "perspective": "Astronomical research",
      "description": "Focuses on how NGC 2264 contributes to understanding star formation and nebular dynamics."
    },
    {
      "perspective": "Public engagement",
      "description": "Uses imaginative names like Christmas Tree to make space science accessible and interesting."
    }
  ],
  "image_url": "/article_images/article_1bd49bb929fb4ce3_0358a47756b9.webp"
}