{
  "title": "Analyzing Legal Proceedings and Political Accountability in High-Profile Investigations",
  "summary": "This article examines the Justice Department's investigation into Jerome Powell, Chair of the Federal Reserve, within the context of alleged political targeting by the Trump administration. Mary McCord, a former federal prosecutor and executive director of the Institute for Constitutional Advocacy and Protection, provides a detailed legal analysis. She outlines the investigatory process, beginning with the service of a subpoena to Powell and the Federal Reserve, and progressing through potential stages such as evidence evaluation for a grand jury indictment, requiring agreement from at least 12 of 23 jurors. McCord highlights the legal concept of vindictiveness as a possible defense for Powell, given the pattern of pressure from President Trump to influence interest rate decisions and the suspicious timing of the investigation following public criticisms. The discussion delves into the standard guardrails designed to mitigate political conflicts of interest, emphasizing the procedural safeguards in federal law. This case serves as a critical example of the tensions between executive power and judicial independence, raising questions about the integrity of legal institutions when subjected to political influence. The article underscores the broader implications for democratic governance and the rule of law.",
  "keywords": [
    {
      "term": "subpoena",
      "explanation": "a judicial order compelling the production of documents or testimony, foundational to evidence gathering in investigations"
    },
    {
      "term": "grand jury indictment",
      "explanation": "a formal accusation issued by a citizen panel, based on probable cause, initiating criminal proceedings"
    },
    {
      "term": "vindictive prosecution",
      "explanation": "a legal doctrine challenging charges as retaliatory, often arising from political or personal animus"
    },
    {
      "term": "conflict of interest",
      "explanation": "a circumstance where external influences, such as political alliances, may impair impartial decision-making in official duties"
    },
    {
      "term": "procedural safeguards",
      "explanation": "legal mechanisms, including transparency and recusal protocols, intended to uphold fairness and prevent abuse in governmental processes"
    }
  ],
  "questions": [
    {
      "question": "What legal mechanism initiates the investigation into Jerome Powell, as described by Mary McCord?",
      "options": [
        "Service of a subpoena",
        "Filing of an indictment",
        "Issuance of a warrant",
        "Conduct of a trial"
      ],
      "correct_answer": "Service of a subpoena"
    },
    {
      "question": "How does McCord characterize the evidentiary threshold for a grand jury indictment?",
      "options": [
        "Sufficient evidence to establish probable cause",
        "Proof beyond a reasonable doubt",
        "Administrative approval from the Justice Department",
        "Presidential authorization"
      ],
      "correct_answer": "Sufficient evidence to establish probable cause"
    },
    {
      "question": "What constitutional concern does McCord associate with the investigation's timing?",
      "options": [
        "Potential vindictiveness due to political criticism",
        "Violation of due process rights",
        "Excessive delays in legal proceedings",
        "Jurisdictional overreach"
      ],
      "correct_answer": "Potential vindictiveness due to political criticism"
    },
    {
      "question": "What role does the Institute for Constitutional Advocacy and Protection play in McCord's analysis?",
      "options": [
        "It provides a platform for legal advocacy and protection of constitutional principles",
        "It conducts the investigation into Powell",
        "It sets interest rate policies",
        "It oversees grand jury proceedings"
      ],
      "correct_answer": "It provides a platform for legal advocacy and protection of constitutional principles"
    },
    {
      "question": "How does the article frame the relationship between Trump's public statements and the investigation?",
      "options": [
        "As a factor raising suspicions of political motivation",
        "As irrelevant to legal procedures",
        "As evidence of criminal intent",
        "As a standard practice in governance"
      ],
      "correct_answer": "As a factor raising suspicions of political motivation"
    },
    {
      "question": "What procedural step follows a grand jury indictment, according to McCord?",
      "options": [
        "The case moves to federal court for further proceedings",
        "The investigation is concluded",
        "Powell is immediately sentenced",
        "The Justice Department dismisses the charges"
      ],
      "correct_answer": "The case moves to federal court for further proceedings"
    },
    {
      "question": "What broader democratic principle is at stake in this case, as implied by the article?",
      "options": [
        "The rule of law and separation of powers",
        "The efficiency of economic policy",
        "The popularity of political figures",
        "The speed of legal resolutions"
      ],
      "correct_answer": "The rule of law and separation of powers"
    },
    {
      "question": "How does McCord's background as a former prosecutor influence her credibility in this analysis?",
      "options": [
        "It lends expertise on federal legal procedures and ethical standards",
        "It indicates bias toward the Justice Department",
        "It suggests she is involved in the investigation",
        "It diminishes her objectivity due to past affiliations"
      ],
      "correct_answer": "It lends expertise on federal legal procedures and ethical standards"
    },
    {
      "question": "What critical assessment does the article suggest regarding the evidence presented?",
      "options": [
        "It relies on expert commentary but lacks primary documentary sources",
        "It is comprehensive and independently verified",
        "It is based solely on political opinions",
        "It is drawn from court records"
      ],
      "correct_answer": "It relies on expert commentary but lacks primary documentary sources"
    },
    {
      "question": "What methodological approach does the article primarily use to convey information?",
      "options": [
        "Interview transcript with legal analysis",
        "Statistical data on interest rates",
        "Historical comparison of similar cases",
        "Primary investigative reporting"
      ],
      "correct_answer": "Interview transcript with legal analysis"
    }
  ],
  "background_read": [
    "This article analyzes a high-profile legal investigation by the Justice Department into Jerome Powell, Chair of the Federal Reserve, against a backdrop of political tensions with the Trump administration. The Federal Reserve operates as an independent entity tasked with monetary policy, including interest rate adjustments that significantly influence economic stability. Legal proceedings in such cases involve intricate steps: subpoenas for evidence collection, grand jury deliberations for indictments based on probable cause, and potential court challenges on grounds like vindictive prosecution. Mary McCord, drawing from her experience as a former federal prosecutor and her role at Georgetown University's Institute for Constitutional Advocacy and Protection, provides nuanced insights into these processes and the ethical imperatives of avoiding conflicts of interest. The context includes Trump's public exertions on Powell to lower interest rates, which intersects with broader themes of executive overreach and institutional integrity. This case exemplifies the critical balance between law enforcement autonomy and political accountability, highlighting foundational principles of the U.S. legal system, such as due process and the separation of powers. Understanding this requires familiarity with constitutional law, federal criminal procedure, and the dynamics of political influence in governance."
  ],
  "Article_Structure": [
    "Main Points: The article details the Justice Department's investigatory process into Jerome Powell, emphasizing legal stages from subpoenas to potential grand jury indictments, while critically assessing political influences from the Trump administration. Purpose: To explore the intersection of law and politics, evaluating how high-profile investigations test procedural safeguards and democratic norms in maintaining judicial independence. Evidence Evaluation: The evidence consists of expert analysis from Mary McCord and contextual references to Trump's actions, but it is derived from an interview transcript, limiting empirical rigor and necessitating critical scrutiny of potential biases. Author Credibility: PBS NewsHour provides reputable journalism, and McCord offers authoritative legal perspectives, though the article's framing may reflect editorial choices that shape narrative emphasis. Methodology: The methodology relies on a transcribed interview, offering direct expert commentary but lacking multi-source verification or primary data, which affects the depth of investigative reporting. Critical Assessment: Strengths include clear legal explanations and relevance to current events, while limitations involve reliance on a single perspective and insufficient exploration of counterarguments or broader legal precedents."
  ],
  "perspectives": [
    {
      "perspective": "Constitutional Integrity",
      "description": "Focuses on safeguarding legal institutions from political manipulation to uphold democratic principles and the rule of law."
    }
  ],
  "image_url": "/article_images/article_ce0e8dad0c05f7ab_7905c7d4477c.webp"
}