{
  "title": "Analyzing the SAVE America Act: Legislative Efforts and Voting Rights Implications",
  "summary": "The SAVE America Act, formally the Safeguard American Voter Eligibility Act, represents a significant legislative initiative by Republicans to mandate documentary proof of U.S. citizenship for participation in federal elections. This proposal emerges amidst heightened political rhetoric from the president, who has repeatedly alleged election rigging without evidence of widespread voter fraud. Proponents, including the White House and figures like Rep. Chip Roy, frame it as common-sense policy to safeguard electoral integrity, asserting that only citizens should influence outcomes. However, critics, notably voting rights organizations, warn that such requirements could disenfranchise millions of eligible Americans, particularly those lacking accessible documentation, and point to the extreme rarity of noncitizen voting, which has been illegal for over a century with stringent penalties. The bill faces a pivotal House vote, but its Senate prospects remain dubious given prior legislative failures. Concurrently, the president's advocacy for federal election nationalization contradicts constitutional state authority over elections, alarming officials and underscoring tensions between security measures and democratic access. This analysis explores the act's potential impacts on voter suppression, legal frameworks, and the broader socio-political landscape ahead of midterm elections.",
  "keywords": [
    {
      "term": "Safeguard American Voter Eligibility Act",
      "explanation": "the full name of the SAVE America Act, aiming to enforce citizenship proof for voting"
    },
    {
      "term": "electoral integrity",
      "explanation": "the principle of maintaining fair and honest elections, often cited in debates over voting laws"
    },
    {
      "term": "voter suppression",
      "explanation": "tactics that hinder eligible voters from participating, such as strict documentation requirements"
    },
    {
      "term": "disenfranchisement",
      "explanation": "the deprivation of voting rights, potentially affecting marginalized groups disproportionately"
    },
    {
      "term": "constitutional authority",
      "explanation": "the division of power where states manage elections per the U.S. Constitution"
    },
    {
      "term": "legislative pathway",
      "explanation": "the process a bill undergoes in Congress, including votes and potential obstacles"
    },
    {
      "term": "political rhetoric",
      "explanation": "persuasive language used by politicians, often shaping public opinion on issues like election fraud"
    },
    {
      "term": "midterm elections",
      "explanation": "congressional elections held between presidential terms, influencing policy debates"
    },
    {
      "term": "documentation requirements",
      "explanation": "rules necessitating specific papers, like citizenship proof, for voting access"
    },
    {
      "term": "socio-political landscape",
      "explanation": "the combined social and political context affecting legislation and voter behavior"
    }
  ],
  "questions": [
    {
      "question": "What is the primary objective of the SAVE America Act as described in the article?",
      "options": [
        "To require proof of citizenship for voting",
        "To nationalize election management",
        "To increase voter registration rates",
        "To penalize noncitizen voters more harshly"
      ],
      "correct_answer": "To require proof of citizenship for voting"
    },
    {
      "question": "How does the article characterize evidence of noncitizen voting in U.S. elections?",
      "options": [
        "Exceedingly rare with no widespread fraud",
        "Common and a significant problem",
        "Only occurring in certain states",
        "Increasing due to lax laws"
      ],
      "correct_answer": "Exceedingly rare with no widespread fraud"
    },
    {
      "question": "What potential consequence do voting rights groups associate with the SAVE America Act?",
      "options": [
        "Disenfranchisement of millions of Americans",
        "Improved election security",
        "Higher voter turnout among citizens",
        "Reduced political polarization"
      ],
      "correct_answer": "Disenfranchisement of millions of Americans"
    },
    {
      "question": "Which constitutional principle is challenged by the president's call to nationalize elections?",
      "options": [
        "State management of elections",
        "Federal oversight of voting rights",
        "Citizen-only voting requirements",
        "Equal protection under the law"
      ],
      "correct_answer": "State management of elections"
    },
    {
      "question": "What is the current legislative status of the SAVE America Act in Congress?",
      "options": [
        "Awaiting a key House vote with uncertain Senate prospects",
        "Already passed by both chambers",
        "Rejected by the House",
        "Signed into law by the president"
      ],
      "correct_answer": "Awaiting a key House vote with uncertain Senate prospects"
    },
    {
      "question": "Who is cited as describing the SAVE America Act as 'common sense legislation'?",
      "options": [
        "Rep. Chip Roy",
        "The president",
        "A voting rights group leader",
        "An election official"
      ],
      "correct_answer": "Rep. Chip Roy"
    },
    {
      "question": "What historical fact does the article mention about noncitizen voting?",
      "options": [
        "It has been illegal for over a century",
        "It was legalized in the 1990s",
        "It is permitted in local elections",
        "It requires a special permit"
      ],
      "correct_answer": "It has been illegal for over a century"
    },
    {
      "question": "How does the article assess the president's claims about election rigging?",
      "options": [
        "As lacking evidence of widespread fraud",
        "As supported by extensive data",
        "As a minor issue in the debate",
        "As a constitutional requirement"
      ],
      "correct_answer": "As lacking evidence of widespread fraud"
    },
    {
      "question": "What broader context influences the timing of the SAVE America Act debate?",
      "options": [
        "Upcoming midterm elections",
        "A recent Supreme Court ruling",
        "Changes in immigration policy",
        "Economic recession concerns"
      ],
      "correct_answer": "Upcoming midterm elections"
    },
    {
      "question": "What methodological approach does the article use to present information?",
      "options": [
        "Balanced reporting with multiple viewpoints",
        "Advocacy for one political side",
        "Exclusive focus on legal analysis",
        "Personal opinion pieces"
      ],
      "correct_answer": "Balanced reporting with multiple viewpoints"
    }
  ],
  "background_read": [
    "The SAVE America Act sits at the intersection of voting rights, election law, and partisan politics in the United States. Historically, voting access has expanded through amendments like the 15th and 19th, but recent decades have seen pushback via voter ID laws and citizenship proofs, often justified by unsubstantiated fraud claims. Noncitizen voting is prohibited under federal law since the early 1900s, with studies indicating negligible incidence. Congress's bicameral structure means bills must navigate both House and Senate, where partisan divides often stall legislation. The midterm elections amplify these debates, as control of Congress hinges on voter engagement. This background is crucial for evaluating the act's implications on democratic participation, legal precedents, and the ongoing tension between security and accessibility in American elections."
  ],
  "Article_Structure": [
    "Main Points: The SAVE America Act mandates citizenship proof for voting, driven by Republican efforts and presidential rhetoric on election integrity, despite evidence showing noncitizen voting is rare and illegal. Purpose: To legislate based on perceived fraud concerns ahead of midterms, influencing voter access and political dynamics. Evidence Evaluation: Critically assesses claims using factual data on voting rarity and legal penalties, while highlighting opposition arguments about disenfranchisement. Author Credibility: PBS NewsHour provides credible, balanced journalism with citations from political figures and advocacy groups, though potential biases in source selection exist. Methodology: Employs descriptive reporting on legislative progress, historical context, and expert commentary, but lacks in-depth statistical analysis. Critical Assessment: Strengths include comprehensive coverage of multiple perspectives; limitations involve reliance on political statements over empirical research and minimal discussion of long-term impacts."
  ],
  "perspectives": [
    {
      "perspective": "Security-Focused",
      "description": "Emphasizes preventing illegal voting to uphold election legitimacy, aligning with conservative political agendas."
    },
    {
      "perspective": "Rights-Based",
      "description": "Prioritizes protecting voter access and addressing potential suppression, supported by civil rights advocates and empirical data."
    }
  ],
  "image_url": "/article_images/article_12b2e48cefe133a5_94d762d91904.webp"
}