{
  "articles": [
    {
      "id": "d2e3714a981dd2f1",
      "title": "整形医生因在TikTok上点评歌手Troye Sivan外貌而道歉",
      "summary": "根据BBC新闻的报道，伦敦整形医生Zayn Khalid Majeed博士在TikTok上发布了一段视频，详细点评了流行歌手Troye Sivan的外貌。他指出了所谓的“问题区域”，如面部阴影和体积流失，并使用了“twink死亡”这一术语来描述Sivan外观的变化，这指的是同性恋文化中年轻、男孩气审美感的丧失。Majeed建议进行皮肤增强剂和真皮填充剂等整形干预，以“重新twink化”。这段未经请求的建议引发了粉丝和社交媒体用户的强烈反对，他们批评其侵入性。Sivan在Substack上回应，解释了视频如何加剧了他长期的身体形象不安全感，并促使他考虑整形手术。Majeed拥有超过25万粉丝，他删除了视频并直接向Sivan道歉，表示后悔造成困扰，并承诺未来制作更积极的内容。Sivan接受了道歉，更新博客表示没有硬 feelings。这一事件引发了关于公开评论外貌的伦理问题、对心理健康的影响以及数字时代专业责任的讨论，突显了在社交媒体时代尊重个人边界和同理心的重要性。",
      "source": "BBC Entertainment",
      "time_ago": "Just now",
      "image_url": "/article_images/article_d2e3714a981dd2f1_f394ced7b5c0.webp",
      "category": "Fun"
    },
    {
      "id": "712c23a71a5d599b",
      "title": "门西克退赛送德约科维奇晋级八强",
      "summary": "诺瓦克·德约科维奇在澳大利亚网球公开赛上追求创纪录的第25个大满贯冠军之路因对手雅各布·门西克因腹部受伤退赛而变得更加顺利。德约科维奇原定在墨尔本的晚间比赛中对阵这位20岁的捷克选手，但现在他将直接晋级四分之一决赛，接下来可能面对意大利的五号种子洛伦佐·穆塞蒂或美国的九号种子泰勒·弗里茨。赛事中还有其他退赛情况，如两届冠军大坂直美，而像2025年冠军扬尼克·辛纳这样的球员则在预计高达42°C的极端高温中挣扎。德约科维奇目前尚未失一盘，他反思了自己的强劲开局，但保持谨慎，从去年大满贯半决赛受伤的经历中吸取教训，强调避免过早兴奋以保持稳定表现。如果种子排名按预期发展，他可能在半决赛中对阵辛纳，在决赛中对阵世界第一卡洛斯·阿尔卡拉斯。这一进展突显了网球运动的身体要求以及天气等外部因素对球员表现的影响，同时展示了德约科维奇在精英赛事中的战略管理和心理韧性。",
      "source": "BBC Tennis",
      "time_ago": "2 hours ago",
      "image_url": "/article_images/article_712c23a71a5d599b_070854b8b033.webp",
      "category": "Fun"
    },
    {
      "id": "b799960cad04c96d",
      "title": "阿尔卡拉斯改进发球技术，瞄准职业生涯全满贯",
      "summary": "卡洛斯·阿尔卡拉斯，世界排名第一的网球选手，在澳大利亚公开赛中通过改进发球技术取得了显著进展，他将其描述为“重要武器”。在对阵汤米·保罗的比赛中，阿尔卡拉斯直落三盘获胜，晋级第14次大满贯四分之一决赛，打破了比约恩·博格和鲍里斯·贝克尔此前保持的23岁前最多四分之一决赛纪录。阿尔卡拉斯表示，他数月来一直在调整发球，并关注发球成功率，在对阵保罗的比赛中达到70%。他每盘后检查这一数据以追踪进步。比赛包括挑战，如观众医疗紧急事件导致的延迟和保罗的早期破发，但阿尔卡拉斯以7-6、6-4、7-5获胜。他稳定的发球表现，在后续盘中面对极少破发点，突显了其有效性。阿尔卡拉斯旨在赢得澳网以完成职业生涯全满贯，此前在墨尔本从未超越四分之一决赛。他将接下来对阵亚历克斯·德米纳尔，这场比赛对他的锦标赛进程和网球遗产具有高赌注。文章强调了技术调整如何提升阿尔卡拉斯的比赛表现，并探讨了他在网球历史中的潜在成就。",
      "source": "BBC Tennis",
      "time_ago": "2 hours ago",
      "image_url": "/article_images/article_b799960cad04c96d_50bebd667178.webp",
      "category": "Fun"
    },
    {
      "id": "bf8a777a3d8f2d37",
      "title": "萨巴伦卡创下抢七纪录，晋级澳网八强",
      "summary": "阿丽娜·萨巴伦卡在澳大利亚网球公开赛第四轮比赛中，以6-1、7-6（7-1）击败维多利亚·姆博科，晋级四分之一决赛。这场胜利标志着她在网球大满贯赛事中连续赢得20场抢七，超越了诺瓦克·德约科维奇此前19场的公开赛时代纪录。萨巴伦卡在第二盘险些失去4-1的领先优势后，重新找回状态，最终通过抢七锁定胜局。她将自己的成功归因于专注的、逐分应对的心态，这种心态给对手施加了心理压力。凭借此胜，萨巴伦卡将迎战18岁的新星伊娃·约维奇，并将她连续进入大满贯四分之一决赛的纪录延长至13次。专家如安娜贝尔·克罗夫特称赞她惊人的纪录和在压力下的自信，而丹妮拉·汉图楚娃则指出她在抢七中坚定不移的计划。萨巴伦卡的目标是在墨尔本实现第四次连续决赛，她曾在2023年和2024年夺冠，但去年决赛输给了麦迪逊·凯斯。这一成就不仅巩固了她作为顶级竞争者的地位，还反映了网球运动中关于心理韧性和纪录设定的更广泛趋势。",
      "source": "BBC Tennis",
      "time_ago": "4 hours ago",
      "image_url": "/article_images/article_bf8a777a3d8f2d37_bed294562365.webp",
      "category": "Fun"
    },
    {
      "id": "805973b24283c922",
      "title": "针织衫、连体裤和线索：揭秘《叛徒》中的时尚策略",
      "summary": "本文探讨了真人秀节目《叛徒》中时尚如何成为影响玩家策略和心理的重要工具。文章指出，参赛者的着装选择不仅是风格展示，更是战术手段，用于塑造他人印象和掩盖真实意图。例如，瑞秋在关键事件后穿红色连衣裙引发怀疑，而斯蒂芬则通过鲜艳的针织衫和连体裤等大胆服饰，营造出开放可信的形象，以分散他人对其面部表情的注意力。时尚心理学家卡罗琳·梅尔等专家强调，服装能定义角色性格，并提升节目的吸引力，使时尚成为观看体验的核心部分。最新一季节目中，从克劳迪娅·温克曼的哥特风到参赛者的病毒式穿搭，都突显了时尚如何增强戏剧性和观众参与度。总体而言，文章深入分析了在竞争环境中，外观如何与行动一样具有影响力，揭示了时尚在当代电视中的心理和社会维度。",
      "source": "BBC Entertainment",
      "time_ago": "11 hours ago",
      "image_url": "/article_images/article_805973b24283c922_c01213145d5f.webp",
      "category": "Fun"
    },
    {
      "id": "d90ae8838883bccc",
      "title": "辛纳在近40摄氏度墨尔本高温中成为最大赢家",
      "summary": "在2024-2025年澳大利亚网球公开赛上，意大利选手扬尼克·辛纳在第三轮比赛中面临接近40摄氏度的极端高温。他出现抽筋，几乎要输给美国选手埃利奥特·斯皮齐里。然而，赛事的热量规则被触发，暂停了比赛并关闭了表演场地的屋顶，为辛纳提供了凉爽的环境，使他得以恢复并最终以4-6、6-3、6-4、6-4获胜。辛纳承认自己很幸运，因为热量规则挽救了他可能爆冷的失利。极端高温影响了整个赛事，外部场地的比赛直到晚上才恢复，观众通过雾隧道和饮水机等措施降温。球童为避免手掌被灼热的场地烫伤，将手放在脚上。热量规则在热量压力等级达到最高时启动，该等级考虑了辐射热、气温、湿度和风速等因素，确保了在残酷条件下球员和观众的安全。这篇文章不仅报道了比赛结果，还探讨了热量管理在职业网球中的重要性，以及覆盖场地与外部场地之间的公平性问题。",
      "source": "BBC Tennis",
      "time_ago": "1 day ago",
      "image_url": "/article_images/article_d90ae8838883bccc_6d2aa0e1610e.webp",
      "category": "Fun"
    }
  ]
}