{
  "title": "The Art of Being a Panto Dame",
  "summary": "The panto dame is a central figure in British pantomime, a theatrical tradition during Christmas. Typically portrayed by men in flamboyant, matron-like costumes with heavy makeup and big hair, dames are characterized as loud, brash, and larger than life. They engage directly with the audience, telling jokes that appeal to both children and adults, and aim to create a welcoming, fun atmosphere. According to actors like Nick Downes (Aunty Pru) and Sam Rabone and Matt Daines (Aldianna and Lidleena), a dame must not be a shrinking violet; instead, they should be warm, interactive, and silly, often making a fool of themselves to entertain. In shows such as Snow Queen and Cinderella, dames like these characters help steal the show by being the highlight audiences look forward to. The role requires star quality, as noted by Dion Davies (Lucie Goose), emphasizing the need for physical presence and the ability to energize the crowd. Overall, the dame's purpose is to enhance the pantomime experience through humor and audience participation.",
  "keywords": [
    {
      "term": "pantomime",
      "explanation": "a British theatrical genre with comedy, music, and audience interaction, often at Christmas"
    },
    {
      "term": "flamboyance",
      "explanation": "showy or extravagant behavior, typical of dames with big gestures and costumes"
    },
    {
      "term": "audience interaction",
      "explanation": "the practice of actors engaging directly with viewers during a performance"
    },
    {
      "term": "matron-like",
      "explanation": "resembling an older woman in a motherly or authoritative way, used for dame characters"
    },
    {
      "term": "star quality",
      "explanation": "charisma or presence that makes a performer stand out and captivate an audience"
    }
  ],
  "questions": [
    {
      "question": "What is the main role of a panto dame in a pantomime?",
      "options": [
        "To entertain through loud, brash humor and audience interaction",
        "To play a serious dramatic part",
        "To sing solos only",
        "To manage the backstage"
      ],
      "correct_answer": "To entertain through loud, brash humor and audience interaction"
    },
    {
      "question": "How do dames typically dress?",
      "options": [
        "In flamboyant costumes with heavy makeup and big hair",
        "In plain, everyday clothes",
        "In formal suits",
        "In sports gear"
      ],
      "correct_answer": "In flamboyant costumes with heavy makeup and big hair"
    },
    {
      "question": "What quality should a dame NOT have, according to the actors?",
      "options": [
        "Being a shrinking violet",
        "Being funny",
        "Being warm",
        "Being interactive"
      ],
      "correct_answer": "Being a shrinking violet"
    },
    {
      "question": "Which show features Aunty Pru as a dame?",
      "options": [
        "Snow Queen",
        "Cinderella",
        "Mother Goose",
        "The Garrick"
      ],
      "correct_answer": "Snow Queen"
    },
    {
      "question": "What do Aldianna and Lidleena emphasize about their role?",
      "options": [
        "Audiences crave their return to the stage",
        "They prefer to stay offstage",
        "They focus only on adult jokes",
        "They wear minimal costumes"
      ],
      "correct_answer": "Audiences crave their return to the stage"
    },
    {
      "question": "What does Dion Davies say is needed for a dame?",
      "options": [
        "Star quality and a good physical presence",
        "Only singing ability",
        "Quiet demeanor",
        "Technical skills"
      ],
      "correct_answer": "Star quality and a good physical presence"
    },
    {
      "question": "Why is audience interaction important for a dame?",
      "options": [
        "To make viewers feel welcome and engaged",
        "To avoid talking to anyone",
        "To focus on the script only",
        "To impress critics"
      ],
      "correct_answer": "To make viewers feel welcome and engaged"
    },
    {
      "question": "What is the overall purpose of a dame in pantomime?",
      "options": [
        "To enhance the fun and steal the show",
        "To provide historical facts",
        "To teach moral lessons",
        "To be a background character"
      ],
      "correct_answer": "To enhance the fun and steal the show"
    }
  ],
  "background_read": [
    "Pantomime, or 'panto,' is a popular British theatre tradition, especially during the Christmas season. It combines comedy, music, and slapstick humor, often based on fairy tales or folk stories. The dame is a staple character, usually a man in drag playing a humorous, exaggerated female role. This character dates back to Victorian times and is known for interacting with the audience, breaking the fourth wall. Pantomimes are family-friendly and involve call-and-response phrases like 'It's behind you!' Understanding this context helps appreciate the dame's role in creating a lively, communal experience."
  ],
  "Article_Structure": [
    "Main Points: The article highlights that panto dames are key to pantomime, characterized by loud, brash personalities, flamboyant costumes, and direct audience engagement to entertain all ages. Purpose: It aims to explain how to be a successful dame by sharing insights from actors, emphasizing warmth, humor, and star quality. Evidence Evaluation: The evidence is qualitative, based on interviews with four actors, providing firsthand experiences but lacking statistical data. Author Credibility: The BBC is a reputable source, but the article is entertainment-focused, so it may prioritize anecdotal over analytical content. Methodology: Information was gathered through interviews with performers, offering practical tips and personal perspectives on the dame role."
  ],
  "perspectives": [
    {
      "perspective": "Performer Perspective",
      "description": "Actors view the dame as a dynamic, interactive role requiring charisma and silliness to captivate audiences and enhance the pantomime's festive spirit."
    }
  ],
  "image_url": "/article_images/article_9b32464a8456727d_6acc65b054fc.webp"
}