{
  "title": "Mapping Genes for Brain Development: A CRISPR Study",
  "summary": "Researchers conducted a study to identify genes essential for brain development by using embryonic stem cells. They employed genome-wide CRISPR knockout screens to disable nearly 20,000 genes individually, observing the effects as stem cells differentiated into neural cells. This systematic approach revealed 331 critical genes for neuron production, many previously unknown in early brain development. A key finding was the gene PEDS1, which produces plasmalogens for myelin—a fatty coating insulating nerve fibers. Loss of PEDS1 led to reduced brain size and was linked to a neurodevelopmental disorder in children from two families with rare mutations. The study also explored inheritance patterns, noting that genes like PEDS1, involved in metabolism, often cause recessive disorders, while regulatory genes are tied to dominant ones. This research enhances understanding of neurodevelopmental conditions such as autism and developmental delay, offering potential for improved diagnosis and treatments.",
  "keywords": [
    {
      "term": "genome-wide CRISPR knockout screens",
      "explanation": "a method using CRISPR to turn off many genes across the genome to study their functions"
    },
    {
      "term": "neural differentiation",
      "explanation": "the process where stem cells change into specialized nerve or brain cells"
    },
    {
      "term": "plasmalogens",
      "explanation": "a type of lipid molecule important for cell membranes, especially in myelin"
    },
    {
      "term": "neurodevelopmental disorders",
      "explanation": "conditions like autism or developmental delay that affect brain growth and function"
    },
    {
      "term": "recessive inheritance",
      "explanation": "a pattern where both copies of a gene must be mutated to cause a disorder, often from both parents"
    }
  ],
  "questions": [
    {
      "question": "What technology did researchers use to disable genes in this study?",
      "options": [
        "PCR",
        "Genome-wide CRISPR knockout screens",
        "Microarray",
        "Sequencing"
      ],
      "correct_answer": "Genome-wide CRISPR knockout screens"
    },
    {
      "question": "How many genes were identified as critical for neuron production?",
      "options": [
        "100",
        "331",
        "500",
        "20,000"
      ],
      "correct_answer": "331"
    },
    {
      "question": "What is the role of PEDS1 in brain cells?",
      "options": [
        "Produces plasmalogens for myelin",
        "Regulates gene transcription",
        "Forms blood vessels",
        "Creates bone tissue"
      ],
      "correct_answer": "Produces plasmalogens for myelin"
    },
    {
      "question": "What did the study find about inheritance patterns for metabolic genes like PEDS1?",
      "options": [
        "They are dominant",
        "They are recessive",
        "They have no pattern",
        "They are always inherited from the mother"
      ],
      "correct_answer": "They are recessive"
    },
    {
      "question": "Which disorders were mentioned as potentially linked to the findings?",
      "options": [
        "Cancer and diabetes",
        "Autism and developmental delay",
        "Heart disease and stroke",
        "Infections and viruses"
      ],
      "correct_answer": "Autism and developmental delay"
    },
    {
      "question": "What was observed in children with PEDS1 mutations?",
      "options": [
        "Larger brain size",
        "Smaller brain size and developmental delay",
        "No symptoms",
        "Improved cognitive skills"
      ],
      "correct_answer": "Smaller brain size and developmental delay"
    },
    {
      "question": "Who led the research team?",
      "options": [
        "Prof. Sagiv Shifman and Prof. Binnaz Yalcin",
        "Prof. Albert Einstein",
        "Dr. Jane Goodall",
        "A single scientist"
      ],
      "correct_answer": "Prof. Sagiv Shifman and Prof. Binnaz Yalcin"
    },
    {
      "question": "What is the main purpose of the study according to the summary?",
      "options": [
        "To cure all brain diseases",
        "To identify genes for brain development and understand disorders",
        "To create new stem cells",
        "To study plant genetics"
      ],
      "correct_answer": "To identify genes for brain development and understand disorders"
    }
  ],
  "background_read": [
    "Brain development begins with embryonic stem cells differentiating into neural cells through a process called neural differentiation. Genes control this process, and disruptions can lead to neurodevelopmental disorders like autism or developmental delay. CRISPR technology allows scientists to edit genes to study their functions. Inheritance patterns, such as recessive traits where both gene copies are mutated, affect how disorders are passed down. This study builds on prior research to map essential genes, offering insights into genetic causes and potential therapies for brain-related conditions."
  ],
  "Article_Structure": [
    "Main Points: The study used CRISPR screens to identify 331 genes critical for brain cell formation, highlighting PEDS1's role in myelin production and linking it to neurodevelopmental disorders with smaller brain size. Purpose: To map genes essential for brain development and improve understanding of disorders like autism and developmental delay. Evidence Evaluation: High-quality evidence from systematic gene knockout experiments and genetic testing in families supports the findings. Author Credibility: Led by experts from The Hebrew University of Jerusalem and INSERM, with publication in Nature Neuroscience. Methodology: Employed genome-wide CRISPR knockout screens on embryonic stem cells during neural differentiation, combined with genetic analysis of patient families."
  ],
  "perspectives": [
    {
      "perspective": "Genetic Research",
      "description": "This study advances genetic mapping to uncover new genes involved in brain development, providing a foundation for diagnosing and treating neurodevelopmental disorders."
    }
  ],
  "image_url": "/article_images/article_b73fec915e9478af_91d16fd52ac2.webp"
}