{
  "title": "A Worker at Google Lost Her Job After Speaking Up",
  "summary": "A woman named Victoria worked at Google, a big tech company. She told her bosses that a manager was behaving badly by sharing inappropriate stories and pictures. After she reported this, Google fired the manager for sexual harassment. But then, Victoria says she was treated unfairly and lost her job too, which she thinks was because she spoke up. Google says they did not do this and that Victoria became too worried after reporting. A court is now deciding what happened. This story shows why it's important for companies to protect workers who report problems.",
  "keywords": [
    {
      "term": "Google",
      "explanation": "a large technology company where people work"
    },
    {
      "term": "Victoria",
      "explanation": "the woman who reported the bad behavior"
    },
    {
      "term": "manager",
      "explanation": "a person in charge at work who acted inappropriately"
    },
    {
      "term": "sexual harassment",
      "explanation": "unwanted or bad behavior that makes people feel uncomfortable"
    },
    {
      "term": "redundant",
      "explanation": "when someone loses their job, often called being laid off"
    },
    {
      "term": "court",
      "explanation": "a place where judges decide if rules were broken"
    }
  ],
  "questions": [
    {
      "question": "What did Victoria report at Google?",
      "options": [
        "A manager sharing stories",
        "A new product launch",
        "A company party",
        "A salary increase"
      ],
      "correct_answer": "A manager sharing stories"
    },
    {
      "question": "What happened to the manager after Victoria reported him?",
      "options": [
        "He was fired",
        "He got promoted",
        "He moved to a new team",
        "He apologized"
      ],
      "correct_answer": "He was fired"
    },
    {
      "question": "What does Victoria say happened to her after she spoke up?",
      "options": [
        "She lost her job",
        "She got a raise",
        "She was praised",
        "She changed departments"
      ],
      "correct_answer": "She lost her job"
    },
    {
      "question": "What does Google say about Victoria's claim?",
      "options": [
        "They did not retaliate",
        "They agree with her",
        "They fired her for other reasons",
        "They apologized"
      ],
      "correct_answer": "They did not retaliate"
    },
    {
      "question": "Who is deciding the outcome of this case?",
      "options": [
        "A court",
        "Google's CEO",
        "Victoria's friends",
        "The manager"
      ],
      "correct_answer": "A court"
    },
    {
      "question": "Why is this story important for workers?",
      "options": [
        "It shows the need to protect those who report problems",
        "It teaches about technology",
        "It encourages people to work harder",
        "It explains how to get a job at Google"
      ],
      "correct_answer": "It shows the need to protect those who report problems"
    }
  ],
  "background_read": [
    "This article is about a workplace issue at Google, a well-known tech company. It involves a worker, Victoria, who reported a manager for inappropriate behavior, such as sharing personal stories and pictures. After her report, the manager was fired for sexual harassment, but Victoria claims she was then treated unfairly and lost her job, which she believes was retaliation. Google denies this and says she became overly concerned. A court is now reviewing the case to determine the truth. This highlights the importance of whistleblowing protections in companies to ensure employees feel safe reporting misconduct without fear of losing their jobs."
  ],
  "Article_Structure": [
    "WHO: Victoria Woodall, a senior employee at Google, and a manager who behaved inappropriately.",
    "WHAT: Victoria reported the manager for sharing inappropriate stories and pictures, leading to his firing, but she later lost her job and claims it was retaliation.",
    "WHERE: At Google's UK office, with a court in London involved.",
    "WHY: To address issues of workplace misconduct and retaliation, and to decide if Google acted fairly."
  ],
  "perspectives": [
    {
      "perspective": "Victoria's view",
      "description": "She believes she was unfairly treated and lost her job after reporting bad behavior, showing retaliation."
    },
    {
      "perspective": "Google's view",
      "description": "They deny retaliating and say Victoria became paranoid, viewing normal actions as sinister after her report."
    }
  ],
  "image_url": "/article_images/article_daedc6819bec4e4e_c5482911bc15.webp"
}