{
  "title": "Legal Dispute Over Alleged Retaliation Following Whistleblowing at Google",
  "summary": "Victoria Woodall, a senior industry head at Google UK, initiated an employment tribunal case alleging she was made redundant in retaliation for reporting a manager's sexual harassment. The manager engaged in misconduct, including discussing his swinger lifestyle and displaying a nude image of his wife to clients, which Google's internal investigation confirmed as harassment, resulting in his termination. Woodall contends that subsequent to her whistleblowing, she endured a relentless campaign of retaliation from her superiors, implicating a broader 'boys' club' culture at Google, exemplified by funded men-only events. Google refutes these allegations, asserting that Woodall became paranoid and misconstrued standard business activities as sinister, and their investigation found no evidence of such a culture. The tribunal, reviewing documents including investigation notes and emails, will adjudicate on claims of wrongful dismissal and corporate accountability. This case raises critical issues about the efficacy of internal grievance mechanisms, the psychological impact on whistleblowers, and the intersection of corporate governance with employment law in high-stakes tech environments.",
  "keywords": [
    {
      "term": "employment tribunal",
      "explanation": "a quasi-judicial body that adjudicates disputes between employers and employees under employment law"
    },
    {
      "term": "whistleblower retaliation",
      "explanation": "adverse actions taken against an individual in response to reporting illegal or unethical activities within an organization"
    },
    {
      "term": "sexual harassment",
      "explanation": "unwelcome conduct of a sexual nature that violates employment rights and creates a discriminatory work environment"
    },
    {
      "term": "corporate governance",
      "explanation": "the system of rules and practices by which a company is directed and controlled, emphasizing accountability and ethics"
    },
    {
      "term": "internal grievance mechanisms",
      "explanation": "formal processes within organizations for employees to report and resolve complaints, such as misconduct"
    },
    {
      "term": "psychological impact",
      "explanation": "the mental and emotional effects on individuals, such as paranoia or stress, resulting from workplace incidents"
    },
    {
      "term": "wrongful dismissal",
      "explanation": "termination of employment that breaches contract terms or statutory rights, often involving unfair treatment"
    },
    {
      "term": "boys' club culture",
      "explanation": "an organizational culture that perpetuates gender-based exclusivity and informal networks favoring male employees"
    },
    {
      "term": "adjudication",
      "explanation": "the legal process of resolving a dispute through a formal decision by a tribunal or court"
    },
    {
      "term": "tech industry ethics",
      "explanation": "moral principles and standards applied to conduct and policies within technology companies"
    }
  ],
  "questions": [
    {
      "question": "What specific misconduct did the manager at Google engage in, as reported by Woodall?",
      "options": [
        "Discussing swinger lifestyle and showing a nude photo",
        "Embezzling company funds",
        "Discriminating based on age",
        "Falsifying sales data"
      ],
      "correct_answer": "Discussing swinger lifestyle and showing a nude photo"
    },
    {
      "question": "How did Google respond to the internal investigation findings?",
      "options": [
        "Terminated the manager for sexual harassment",
        "Promoted the manager",
        "Issued a warning to Woodall",
        "Ignored the findings"
      ],
      "correct_answer": "Terminated the manager for sexual harassment"
    },
    {
      "question": "What does Woodall allege about the culture at Google?",
      "options": [
        "A boys' club culture with men-only events",
        "A highly collaborative and inclusive culture",
        "A culture focused solely on innovation",
        "A culture with strict dress codes"
      ],
      "correct_answer": "A boys' club culture with men-only events"
    },
    {
      "question": "What is Google's defense against Woodall's retaliation claims?",
      "options": [
        "She became paranoid and misinterpreted actions",
        "They admit to minor retaliation",
        "They claim she was incompetent",
        "They argue she resigned voluntarily"
      ],
      "correct_answer": "She became paranoid and misinterpreted actions"
    },
    {
      "question": "What legal body is hearing this case?",
      "options": [
        "London Central Employment Tribunal",
        "Supreme Court of the UK",
        "European Court of Human Rights",
        "Google's internal review board"
      ],
      "correct_answer": "London Central Employment Tribunal"
    },
    {
      "question": "What broader implications does this case have for corporate practices?",
      "options": [
        "Highlights need for better whistleblower protections",
        "Encourages more tech startups",
        "Focuses on product development strategies",
        "Promotes international expansion"
      ],
      "correct_answer": "Highlights need for better whistleblower protections"
    },
    {
      "question": "What evidence is cited in the article regarding the investigation?",
      "options": [
        "Emails, notes, and investigation reports",
        "Social media posts",
        "Anonymous tips",
        "Financial audits"
      ],
      "correct_answer": "Emails, notes, and investigation reports"
    },
    {
      "question": "What psychological effect does Google attribute to Woodall post-whistleblowing?",
      "options": [
        "Paranoia",
        "Increased productivity",
        "Enhanced teamwork",
        "Reduced stress"
      ],
      "correct_answer": "Paranoia"
    },
    {
      "question": "What event did Woodall reference to support the boys' club culture claim?",
      "options": [
        "Men-only chairman's lunch funded until 2022",
        "Annual company retreat",
        "Client appreciation dinners",
        "Team-building exercises"
      ],
      "correct_answer": "Men-only chairman's lunch funded until 2022"
    },
    {
      "question": "What critical assessment can be made of the article's sourcing?",
      "options": [
        "Relies on tribunal documents but lacks independent verification",
        "Based solely on Google's statements",
        "Includes extensive interviews with all parties",
        "Uses speculative data"
      ],
      "correct_answer": "Relies on tribunal documents but lacks independent verification"
    }
  ],
  "background_read": [
    "This article presents a complex employment law case involving Victoria Woodall and Google UK, centered on allegations of retaliation following whistleblowing on sexual harassment. Woodall, a senior employee, reported a manager for inappropriate behavior, including sharing explicit personal details and images, which Google confirmed through an internal investigation, leading to the manager's dismissal. She claims subsequent retaliation resulted in her redundancy, citing a 'boys' club' culture evidenced by men-only events. Google denies retaliation, attributing her claims to paranoia and stating their investigation found no such culture. The London Central Employment Tribunal is set to rule on the matter, with implications for corporate governance and whistleblower protections in the tech sector. Background includes understanding employment rights, internal corporate investigations, and the psychological dynamics of whistleblowing, highlighting the tension between employee advocacy and corporate defense mechanisms in high-profile industries."
  ],
  "Article_Structure": [
    "Main Points: The article outlines Woodall's allegations of retaliation post-whistleblowing on sexual harassment, Google's denial and counter-claim of paranoia, and the pending tribunal decision. Purpose: To critically examine workplace ethics and legal accountability in tech corporations, providing a case study on whistleblower dynamics. Evidence Evaluation: Sources include tribunal submissions and internal documents, offering a factual basis but with potential biases as both parties present conflicting evidence; the BBC's reporting adds credibility but lacks independent cross-verification. Author Credibility: BBC News is a established media outlet, though the article summarizes legal proceedings without deep investigative analysis. Methodology: Information is compiled from court documents, company statements, and investigation reports, using a journalistic approach to present a balanced narrative. Critical Assessment: Strengths include detailed documentation and legal context, but limitations involve reliance on contested evidence and minimal external perspectives, potentially affecting objectivity."
  ],
  "perspectives": [
    {
      "perspective": "Legal and ethical perspective",
      "description": "Focuses on employment law violations and corporate responsibility, questioning the adequacy of internal policies."
    },
    {
      "perspective": "Psychological and social perspective",
      "description": "Examines the impact on whistleblowers like Woodall, including stress and perception changes, and cultural factors within organizations."
    }
  ],
  "image_url": "/article_images/article_daedc6819bec4e4e_c5482911bc15.webp"
}