{
  "title": "Investigating the Rise in Mental Health and ADHD Service Demand",
  "summary": "Health Secretary Wes Streeting has initiated an independent review to examine the increasing demand for mental health, ADHD, and autism services in England. This review will assess whether there is evidence of over-diagnosis and identify existing gaps in support. The government acknowledges ongoing investments in expanding services, but long waiting times for therapy persist in many areas. NHS data indicates a significant rise in mental health problems and ADHD cases over the past two decades, leading to concerns about unnecessary referrals to waiting lists. Streeting emphasized the need for a clinical, evidence-based approach to ensure accurate diagnoses and effective support. The review, led by clinical psychologist Prof Peter Fonagy, aims to rigorously test assumptions and incorporate feedback from affected individuals, with findings expected in the summer. Additionally, the government is addressing welfare reform, although this review is separate from those efforts. Recent figures show that 22.6% of adults reported mental health issues in 2023-24, with higher rates among youth and the unemployed.",
  "keywords": [
    {
      "term": "independent review",
      "explanation": "a study conducted by external experts to provide unbiased findings"
    },
    {
      "term": "over-diagnosis",
      "explanation": "when conditions are diagnosed more often than they actually occur, potentially leading to unnecessary treatment"
    },
    {
      "term": "clinical lens",
      "explanation": "focusing on medical and scientific evidence rather than opinions or politics"
    },
    {
      "term": "welfare bill",
      "explanation": "the cost to the government for providing financial support to people in need"
    },
    {
      "term": "backbenchers",
      "explanation": "members of parliament who are not in senior government positions and can influence decisions"
    },
    {
      "term": "Institute for Fiscal Studies",
      "explanation": "a research organization that analyzes economic and social policies"
    },
    {
      "term": "incapacity benefit",
      "explanation": "financial support for people unable to work due to illness or disability"
    },
    {
      "term": "timely access",
      "explanation": "getting services or treatment quickly without long delays"
    }
  ],
  "questions": [
    {
      "question": "What is the main purpose of the review launched by Wes Streeting?",
      "options": [
        "To examine rising demand and over-diagnosis in mental health services",
        "To cut funding for ADHD services",
        "To promote new medications",
        "To reduce the number of therapists"
      ],
      "correct_answer": "A"
    },
    {
      "question": "According to NHS figures, what percentage of adults reported mental health problems in 2023-24?",
      "options": [
        "22.6%",
        "17.6%",
        "30%",
        "10%"
      ],
      "correct_answer": "A"
    },
    {
      "question": "Who is leading the independent review?",
      "options": [
        "Prof Peter Fonagy",
        "Wes Streeting",
        "The Prime Minister",
        "A hospital director"
      ],
      "correct_answer": "A"
    },
    {
      "question": "What does Streeting mean by looking at the issue through a 'clinical lens'?",
      "options": [
        "Using medical evidence to understand the situation",
        "Ignoring patient experiences",
        "Focusing only on costs",
        "Relying on political opinions"
      ],
      "correct_answer": "A"
    },
    {
      "question": "What is one reason the government is interested in welfare reform mentioned in the article?",
      "options": [
        "To address a growing welfare bill",
        "To increase disability benefits",
        "To reduce NHS funding",
        "To stop all reviews"
      ],
      "correct_answer": "A"
    },
    {
      "question": "What did the government do earlier this year regarding disability benefits?",
      "options": [
        "Climbed down on planned cuts after backlash",
        "Increased all benefits",
        "Stopped all reviews",
        "Ignored backbenchers"
      ],
      "correct_answer": "A"
    },
    {
      "question": "What does the review aim to do with assumptions?",
      "options": [
        "Test them rigorously",
        "Ignore them",
        "Accept them without question",
        "Change them randomly"
      ],
      "correct_answer": "A"
    },
    {
      "question": "Which group has higher rates of mental health problems according to the article?",
      "options": [
        "The young and unemployed",
        "Only elderly people",
        "Only employed adults",
        "Only children"
      ],
      "correct_answer": "A"
    }
  ],
  "background_read": [
    "In England, mental health services face challenges due to increasing demand for conditions like depression, anxiety, ADHD, and autism. ADHD is a neurodevelopmental disorder affecting attention and behavior, while autism involves differences in social communication. The NHS provides free healthcare, but long waiting times and resource shortages have led to debates about over-diagnosis and adequate support. The government's review aims to balance clinical accuracy with efficient service delivery, amidst broader welfare reforms targeting poverty and work capability. Understanding these issues requires knowledge of healthcare systems, social policies, and statistical trends in public health."
  ],
  "Article_Structure": [
    "Main Points: The article discusses an independent review into rising demand for mental health, ADHD, and autism services in England, focusing on over-diagnosis and support gaps. Purpose: To provide an evidence-based understanding for improving diagnosis and support, while addressing welfare costs. Evidence Evaluation: Relies on NHS figures showing increased mental health rates and research from the Institute for Fiscal Studies, but may lack direct patient testimonials. Author Credibility: BBC News is a reputable source, but the article summarizes government statements without deep analysis. Methodology: Uses official data and quotes from officials, but does not detail review methods beyond general aims."
  ],
  "perspectives": [
    {
      "perspective": "Clinical perspective",
      "description": "Emphasizes evidence-based diagnosis and effective treatment to ensure patient well-being."
    },
    {
      "perspective": "Policy perspective",
      "description": "Focuses on managing healthcare costs and welfare systems to balance budgets and support needs."
    },
    {
      "perspective": "Patient advocacy perspective",
      "description": "Highlights the need for timely access and reduced waiting times to improve quality of life."
    }
  ],
  "image_url": "/article_images/article_865332a8e6378311_ca0b836c624e.webp"
}