{
  "title": "Doctors' Five-Day Strike in England Amid Flu Pressure and Pay Dispute",
  "summary": "Doctors in England have begun a five-day strike, marking the 14th walkout in an ongoing pay dispute. The strike, organized by the British Medical Association (BMA), involves resident doctors, who represent nearly half of NHS doctors, and aims to secure a long-term plan for increased pay and guaranteed training places. NHS England warns that this strike, combined with a flu wave placing additional pressure on hospitals, will disrupt non-urgent services such as hip and knee replacements. Senior doctors are being drafted to provide cover, but the NHS struggles to maintain normal operations. Recent talks between the government and BMA were described as constructive but insufficient to prevent the strike. Health Secretary Wes Streeting acknowledged the situation as dicey, focusing on managing the strike's effects, while BMA leaders emphasize their demand to address real-time pay cuts rather than seeking large immediate raises. Public support for the strikes may be declining, but doctors argue they are fighting for sustainable working conditions to better care for patients.",
  "keywords": [
    {
      "term": "resident doctors",
      "explanation": "doctors in training, formerly called junior doctors, who make up a large part of the NHS workforce"
    },
    {
      "term": "pay dispute",
      "explanation": "a long argument between doctors and the government over salary levels and conditions"
    },
    {
      "term": "non-urgent services",
      "explanation": "medical treatments that are not emergencies, such as scheduled surgeries or routine care"
    },
    {
      "term": "flu wave",
      "explanation": "a surge in flu cases that increases demand on hospital resources and staff"
    },
    {
      "term": "British Medical Association",
      "explanation": "the trade union representing doctors in the UK, involved in negotiations with the government"
    },
    {
      "term": "real-time pay cuts",
      "explanation": "reductions in doctors' pay over time due to inflation or government policies, as argued by the union"
    }
  ],
  "questions": [
    {
      "question": "What is the main goal of the doctors' strike according to the BMA?",
      "options": [
        "A long-term plan for pay increases and training places",
        "Immediate double-digit pay raises",
        "Reduced work hours",
        "More hospital funding"
      ],
      "correct_answer": "A long-term plan for pay increases and training places"
    },
    {
      "question": "How does the flu wave affect the strike situation?",
      "options": [
        "It adds pressure on hospitals, making disruption worse",
        "It reduces the need for doctors",
        "It helps end the strike faster",
        "It has no impact"
      ],
      "correct_answer": "It adds pressure on hospitals, making disruption worse"
    },
    {
      "question": "What did Health Secretary Wes Streeting say about the talks with the BMA?",
      "options": [
        "They were constructive but not enough to stop the strike",
        "They led to a breakthrough agreement",
        "They were canceled due to disagreement",
        "They focused only on training places"
      ],
      "correct_answer": "They were constructive but not enough to stop the strike"
    },
    {
      "question": "Who is providing cover during the strike to help with patient care?",
      "options": [
        "Senior doctors",
        "Nurses only",
        "Volunteers",
        "International doctors"
      ],
      "correct_answer": "Senior doctors"
    },
    {
      "question": "What percentage of NHS doctors do resident doctors represent?",
      "options": [
        "Nearly half",
        "All",
        "A small fraction",
        "About a quarter"
      ],
      "correct_answer": "Nearly half"
    },
    {
      "question": "What type of medical services are most affected by the strike?",
      "options": [
        "Non-urgent services like hip replacements",
        "Emergency care only",
        "All services equally",
        "Only flu-related care"
      ],
      "correct_answer": "Non-urgent services like hip replacements"
    },
    {
      "question": "How many strikes have occurred in this pay dispute so far?",
      "options": [
        "14",
        "5",
        "10",
        "20"
      ],
      "correct_answer": "14"
    },
    {
      "question": "What does Dr. Jack Fletcher say doctors are asking for regarding pay?",
      "options": [
        "To stop real-time pay cuts, not huge immediate raises",
        "A large one-time pay increase",
        "No change in pay",
        "Pay cuts for better conditions"
      ],
      "correct_answer": "To stop real-time pay cuts, not huge immediate raises"
    }
  ],
  "background_read": [
    "The NHS in England is a publicly funded healthcare system facing ongoing challenges, including staff shortages and funding issues. Resident doctors, key to hospital operations, have been in a pay dispute with the government for years, leading to multiple strikes. The BMA advocates for better pay and conditions to retain doctors and ensure quality care. Flu waves seasonally strain hospitals, exacerbating disruptions during strikes. Negotiations between unions and governments are common in labor disputes, often involving trade-offs between worker demands and public service management. Understanding these dynamics helps explain the current strike's impact on healthcare delivery."
  ],
  "Article_Structure": [
    "Main Points: The article details a five-day strike by resident doctors in England, driven by a pay dispute with the government, seeking long-term pay increases and training guarantees. It highlights the compounding effect of a flu wave on hospital pressures, with NHS warnings of service disruptions. Purpose: To inform the public about the strike's causes, impacts, and ongoing negotiations, emphasizing healthcare challenges. Evidence Evaluation: Relies on statements from NHS officials, BMA leaders, and government representatives, providing direct quotes but limited statistical data on strike effects. Author Credibility: As BBC News, it is a reputable source with balanced reporting, though it may reflect general media perspectives. Methodology: Uses interviews, official announcements, and parliamentary updates to gather information, offering a timely snapshot of the situation."
  ],
  "perspectives": [
    {
      "perspective": "Doctors and BMA",
      "description": "Argue that strikes are necessary to address pay cuts and secure better training, prioritizing long-term healthcare sustainability over immediate disruptions."
    },
    {
      "perspective": "NHS and government",
      "description": "Focus on managing strike impacts and flu pressures, with concerns about patient care and the need for negotiated solutions without excessive concessions."
    }
  ],
  "image_url": "/article_images/article_4e436b6a066dbeec_7198fca5bc34.webp"
}