{
  "title": "A Superfluid Freezes and Breaks Physics Rules",
  "summary": "Scientists have discovered something amazing about a special type of matter called a superfluid. Normally, when things get very cold, they turn from a liquid into a solid, like water freezing into ice. But a superfluid, which flows without any resistance and can climb walls, usually stays moving even when it's super cold. In a new experiment, physicists cooled a superfluid made from particles in graphene, a material made of carbon atoms. They saw it suddenly stop moving and become something called a supersolid. This is like a solid that can still flow without friction, which is very strange and breaks the usual rules of physics. The team used graphene sheets and magnetic fields to create excitons, which are tiny particles that act together as a superfluid. By changing the temperature and how many excitons there were, they found that when there were fewer excitons, the superfluid stopped and turned into an insulator, but warming it up made it flow again. This discovery helps us learn more about how matter behaves in the quantum world.",
  "keywords": [
    {
      "term": "superfluid",
      "explanation": "a special type of matter that flows without any resistance and can climb walls"
    },
    {
      "term": "supersolid",
      "explanation": "a strange state of matter that is both solid-like and can flow without friction"
    },
    {
      "term": "graphene",
      "explanation": "a material made of a single layer of carbon atoms, used in the experiment"
    },
    {
      "term": "exciton",
      "explanation": "a tiny particle formed in graphene that helps create a superfluid"
    },
    {
      "term": "insulator",
      "explanation": "a material that stops the flow of electricity or particles, like when the superfluid stopped moving"
    }
  ],
  "questions": [
    {
      "question": "What is a superfluid?",
      "options": [
        "A type of matter that flows without resistance",
        "A solid that melts easily",
        "A gas that turns into a liquid",
        "A material that always stays cold"
      ],
      "correct_answer": "A type of matter that flows without resistance"
    },
    {
      "question": "What did scientists see happen to the superfluid in the experiment?",
      "options": [
        "It stopped moving and became a supersolid",
        "It turned into a gas",
        "It started flowing faster",
        "It disappeared completely"
      ],
      "correct_answer": "It stopped moving and became a supersolid"
    },
    {
      "question": "What material did the scientists use to study the superfluid?",
      "options": [
        "Graphene",
        "Helium",
        "Water",
        "Ice"
      ],
      "correct_answer": "Graphene"
    },
    {
      "question": "What are excitons?",
      "options": [
        "Tiny particles in graphene that help form a superfluid",
        "Big rocks that block flow",
        "Types of magnets",
        "Colors in a rainbow"
      ],
      "correct_answer": "Tiny particles in graphene that help form a superfluid"
    },
    {
      "question": "What happened when there were fewer excitons in the experiment?",
      "options": [
        "The superfluid stopped and became an insulator",
        "It flowed even faster",
        "It turned into a gas",
        "Nothing changed"
      ],
      "correct_answer": "The superfluid stopped and became an insulator"
    },
    {
      "question": "Why is this discovery important?",
      "options": [
        "It helps us learn about strange quantum matter",
        "It makes things colder",
        "It creates new types of ice",
        "It stops all fluids from flowing"
      ],
      "correct_answer": "It helps us learn about strange quantum matter"
    }
  ],
  "background_read": [
    "In physics, matter can be in different states like solid, liquid, or gas. A superfluid is a special state that flows without any friction and can do weird things like climb walls. Scientists have been curious about what happens if you cool a superfluid even more. In this experiment, they used graphene, a thin material made of carbon, to create excitons, which are particles that can act as a superfluid. By changing conditions like temperature and how many excitons there are, they discovered that the superfluid can freeze into a supersolid, which is both solid and can flow. This breaks normal physics rules and teaches us about the quantum world, where tiny particles behave in unexpected ways."
  ],
  "Article_Structure": [
    "WHO: Physicists led by Cory Dean and Jia Li",
    "WHAT: They observed a superfluid stop moving and turn into a supersolid",
    "WHERE: In a laboratory using graphene sheets",
    "WHY: To learn how quantum matter behaves and break the usual rules of physics"
  ],
  "perspectives": [
    {
      "perspective": "Scientific Discovery",
      "description": "This experiment shows a new phase of matter, helping advance our understanding of quantum physics."
    }
  ],
  "image_url": "/article_images/article_e6d33a2dcb2e5f07_a1f458139913.webp"
}