{
  "title": "Political and Cultural Implications of Renaming the Kennedy Center to Trump-Kennedy Center",
  "summary": "The proposed renaming of the Kennedy Center to the Trump-Kennedy Center, as announced by the White House, encapsulates a complex interplay of political maneuvering, cultural heritage, and institutional governance. According to Press Secretary Karoline Leavitt, the board's unanimous decision stems from President Trump's instrumental role in securing $257 million in congressional funding for extensive renovations, purportedly rescuing the venue from physical decline. Trump, expressing surprise and honor, had previously alluded to such a change during the Kennedy Center Honors. However, the narrative of unanimity is contested by board members like Ohio Democratic Representative Joyce Beatty, who alleges being muted during the vote, thus questioning the procedural integrity. Kennedy's descendants, including Jack Schlossberg and Joe Kennedy III, vehemently oppose the alteration, invoking federal law that designates the center as a memorial to President John F. Kennedy, akin to protected landmarks like the Lincoln Memorial. This controversy is further contextualized by Trump's earlier replacement of the board with political allies, such as Richard Grenell as president, suggesting potential bias in governance. The article underscores broader themes of historical preservation versus contemporary recognition, while highlighting issues of transparency and democratic accountability in administrative decisions.",
  "keywords": [
    {
      "term": "institutional governance",
      "explanation": "the systems and processes by which organizations are directed and controlled"
    },
    {
      "term": "procedural integrity",
      "explanation": "the fairness and correctness of decision-making processes"
    },
    {
      "term": "cultural heritage",
      "explanation": "the legacy of physical artifacts and intangible attributes inherited from past generations"
    },
    {
      "term": "congressional funding",
      "explanation": "money allocated by the U.S. Congress for specific purposes"
    },
    {
      "term": "transparency",
      "explanation": "openness in actions and decisions to allow public scrutiny"
    },
    {
      "term": "democratic accountability",
      "explanation": "the responsibility of officials to answer for their actions in a democratic system"
    },
    {
      "term": "political allies",
      "explanation": "individuals or groups who support and collaborate with a political figure"
    },
    {
      "term": "federal designation",
      "explanation": "official recognition by national law granting special status or protection"
    },
    {
      "term": "historical preservation",
      "explanation": "the effort to maintain and protect historical sites and legacies"
    },
    {
      "term": "administrative decisions",
      "explanation": "choices made by governing bodies that affect organizational operations"
    }
  ],
  "questions": [
    {
      "question": "What specific legal argument does Joe Kennedy III use against the renaming?",
      "options": [
        "Federal law designates it as a memorial",
        "It violates free speech rights",
        "Trump lacks authority",
        "It requires public referendum"
      ],
      "correct_answer": "Federal law designates it as a memorial"
    },
    {
      "question": "How does the article characterize Trump's prior action regarding the board?",
      "options": [
        "Replacing members with allies",
        "Increasing board size",
        "Dissolving it entirely",
        "Keeping it unchanged"
      ],
      "correct_answer": "Replacing members with allies"
    },
    {
      "question": "What is the significance of the $257 million funding mentioned?",
      "options": [
        "It was for renovations and saved the center",
        "It was a donation from Trump",
        "It was for new events",
        "It was returned to Congress"
      ],
      "correct_answer": "It was for renovations and saved the center"
    },
    {
      "question": "Who is Richard Grenell in relation to the board?",
      "options": [
        "Board president",
        "Legal advisor",
        "Kennedy family member",
        "Journalist"
      ],
      "correct_answer": "Board president"
    },
    {
      "question": "What broader theme does the article suggest about the renaming?",
      "options": [
        "Historical preservation vs. contemporary recognition",
        "Economic efficiency",
        "Artistic innovation",
        "International diplomacy"
      ],
      "correct_answer": "Historical preservation vs. contemporary recognition"
    },
    {
      "question": "How does the article assess the evidence for the unanimous vote?",
      "options": [
        "Conflicting accounts require scrutiny",
        "It is definitively proven",
        "It is irrelevant",
        "It is based solely on social media"
      ],
      "correct_answer": "Conflicting accounts require scrutiny"
    },
    {
      "question": "What methodological approach does the article use?",
      "options": [
        "Citing official statements and member accounts",
        "Conducting surveys",
        "Using statistical analysis",
        "Interviewing only supporters"
      ],
      "correct_answer": "Citing official statements and member accounts"
    },
    {
      "question": "What critical limitation is implied in the reporting?",
      "options": [
        "Potential bias in framing and lack of vote verification",
        "Over-reliance on Kennedy family opinions",
        "Ignoring Trump's contributions",
        "Focusing only on financial aspects"
      ],
      "correct_answer": "Potential bias in framing and lack of vote verification"
    },
    {
      "question": "How does the article describe the reaction of Kennedy's grandson?",
      "options": [
        "Criticism citing muted microphones",
        "Support for the change",
        "Indifference",
        "Legal action taken"
      ],
      "correct_answer": "Criticism citing muted microphones"
    },
    {
      "question": "What does the renaming controversy highlight about board governance?",
      "options": [
        "Issues of transparency and political influence",
        "Efficiency in decision-making",
        "Lack of public interest",
        "Technological advancements"
      ],
      "correct_answer": "Issues of transparency and political influence"
    }
  ],
  "background_read": [
    "The Kennedy Center, established under the National Cultural Center Act of 1964 and renamed in honor of President John F. Kennedy posthumously, serves as a premier performing arts institution and federal memorial. Its governance involves a presidentially appointed board, reflecting broader political dynamics in U.S. cultural policy. Renaming debates often intersect with legal frameworks protecting historical sites, such as the Antiquities Act, and ethical considerations regarding legacy versus modernization. In contemporary politics, board appointments can signal administrative priorities, while allegations of muted votes raise concerns under parliamentary procedure and democratic norms. Analyzing such events requires understanding of source credibility, methodological rigor in journalism, and critical assessment of conflicting narratives within socio-political contexts."
  ],
  "Article_Structure": [
    "This in-depth analysis examines the renaming of the Kennedy Center, detailing Main Points: the board's vote influenced by Trump's financial rescue and contested by members and Kennedy's family citing federal memorial status. Purpose is to explore political and cultural tensions in institutional changes. Evidence Evaluation critically assesses White House statements versus board member disputes, noting reliance on social media and potential biases. Author Credibility derives from BBC's reputable journalism, though framing may reflect editorial stance. Methodology involves synthesizing official announcements, member testimonies, and historical context, but lacks independent verification of vote procedures. Critical Assessment highlights strengths in highlighting governance issues and legal arguments, but limitations include insufficient depth on federal law specifics and potential oversight of broader public opinion."
  ],
  "perspectives": [
    {
      "perspective": "Political Strategy",
      "description": "Views the renaming as a calculated move to cement Trump's legacy and influence cultural institutions"
    },
    {
      "perspective": "Cultural Ethics",
      "description": "Focuses on the ethical implications of altering memorials and respecting historical figures"
    },
    {
      "perspective": "Procedural Democracy",
      "description": "Emphasizes the need for fair and transparent decision-making processes in board governance"
    }
  ],
  "image_url": "/article_images/article_28249211a84ae54b_4017a09ec056.webp"
}