{
  "title": "Gwen John: Challenging Victorian Expectations Through Art",
  "summary": "Gwen John was a British artist born in 1876 who defied the restrictive norms for women in the Victorian era by dedicating her life to artistic expression. Often labeled as a 'reclusive spinster' in her time, recent research reveals she was actually social and engaged with the world. A major retrospective exhibition, 'Gwen John: Strange Beauties,' is opening in Cardiff to mark the 150th anniversary of her birth, featuring works from the UK and USA for the first time. This event coincides with a BBC documentary, 'Keeping the World Away: Finding Gwen John,' highlighting her legacy. John's artistic journey was overshadowed by her brother Augustus, a renowned artist, but curators note a shift in perception, with Augustus predicting he would be known as her brother in the future. Her mother, an accomplished watercolorist, influenced her early interest in art, and John maintained a studio in Tenby where she painted local children. The exhibition draws from a collection acquired by National Museum Cardiff in 1976, previously under-researched, offering new insights into her work and life.",
  "keywords": [
    {
      "term": "retrospective",
      "explanation": "an exhibition that looks back at an artist's entire career"
    },
    {
      "term": "Victorian era",
      "explanation": "a period in British history from 1837 to 1901, known for strict social rules"
    },
    {
      "term": "curator",
      "explanation": "a person who organizes and manages art exhibitions"
    },
    {
      "term": "mythology",
      "explanation": "a set of stories or beliefs that may not be entirely true"
    },
    {
      "term": "legacy",
      "explanation": "something left behind, like art or influence, after a person's life"
    }
  ],
  "questions": [
    {
      "question": "What era did Gwen John live in, and how did she challenge its norms?",
      "options": [
        "Victorian era by pursuing art",
        "Modern era by staying home",
        "Renaissance by painting cats",
        "Medieval era by traveling"
      ],
      "correct_answer": "Victorian era by pursuing art"
    },
    {
      "question": "What is the name of the exhibition celebrating Gwen John's 150th birthday?",
      "options": [
        "Gwen John: Strange Beauties",
        "Keeping the World Away",
        "Augustus John Retrospective",
        "Victorian Art Show"
      ],
      "correct_answer": "Gwen John: Strange Beauties"
    },
    {
      "question": "How has the perception of Gwen John changed over time?",
      "options": [
        "From reclusive to social",
        "From famous to forgotten",
        "From painter to writer",
        "From British to American"
      ],
      "correct_answer": "From reclusive to social"
    },
    {
      "question": "What role did Gwen John's mother play in her life?",
      "options": [
        "Influenced her art as a watercolorist",
        "Taught her to be reclusive",
        "Moved the family to Cardiff",
        "Wrote a book about her"
      ],
      "correct_answer": "Influenced her art as a watercolorist"
    },
    {
      "question": "Where did National Museum Cardiff acquire John's works from?",
      "options": [
        "Her nephew Edwin",
        "Her brother Augustus",
        "A private collector",
        "The BBC"
      ],
      "correct_answer": "Her nephew Edwin"
    },
    {
      "question": "What does the BBC documentary coincide with?",
      "options": [
        "The exhibition",
        "Her birth year",
        "A book release",
        "A museum opening"
      ],
      "correct_answer": "The exhibition"
    },
    {
      "question": "What did Augustus John predict about his and Gwen's fame?",
      "options": [
        "He would be known as her brother",
        "She would be forgotten",
        "They would both be famous",
        "He would outshine her"
      ],
      "correct_answer": "He would be known as her brother"
    },
    {
      "question": "Where did Gwen John have a studio as a young artist?",
      "options": [
        "In Tenby",
        "In Cardiff",
        "In Paris",
        "In London"
      ],
      "correct_answer": "In Tenby"
    }
  ],
  "background_read": [
    "Gwen John was born in 1876 in Haverfordwest, Wales, during the Victorian era, a time when women faced significant societal constraints, often expected to focus on domestic roles rather than careers. Her mother, Augusta, was a skilled watercolor painter who died when Gwen was eight, leaving an artistic influence. John studied art and moved to Paris, where she developed her style, though her brother Augustus gained more fame initially. The term 'reclusive spinster' emerged from misconceptions, but biographers have shown she was socially active. The current exhibition at National Museum Cardiff uses a collection bought in 1976, offering a fresh look at her contributions to 20th-century art, supported by modern documentaries and research that reevaluate her place in art history."
  ],
  "Article_Structure": [
    "This article analyzes Gwen John's life and legacy, focusing on her defiance of Victorian gender norms through art. Main points include her pursuit of artistic freedom, the myth of her reclusiveness, and the new exhibition celebrating her 150th birthday. The purpose is to highlight her historical significance and correct misconceptions, using evidence from curators and biographers. Author credibility is supported by quotes from experts like Lucy Wood and Alicia Foster, though the BBC as a source adds reliability. Methodology involves historical research and exhibition curation, providing a balanced view of her social life and artistic impact."
  ],
  "perspectives": [
    {
      "perspective": "Art historical view",
      "description": "Experts see John as a significant artist whose work is being reevaluated, moving beyond her brother's shadow."
    }
  ],
  "image_url": "/article_images/article_bd24c902244817c9_ebdd7e8b2f69.webp"
}