{
  "title": "Analyzing the Enduring Cultural Phenomenon of Glasgow's Pretty Ugly Club Night",
  "summary": "Pretty Ugly, a cult Glasgow club night established two decades ago by Aarti Joshi, Pam Scobbie, and Lee Beattie—three PR professionals with no prior DJ expertise—exemplifies a grassroots cultural movement within urban nightlife. Originating from their participation in the Born to Be Wide music seminar, the event has cultivated an eclectic sonic palette, seamlessly integrating 80s pop, emo rock, and power ballads to sustain continuous dance energy. Its appeal extends beyond music, attracting high-profile figures such as broadcaster Kirsty Wark and chart-topper Paolo Nutini as guest DJs, while a near-booking of then-First Minister Nicola Sturgeon underscores its cross-sector allure, albeit thwarted by scheduling constraints. The club's ethos, articulated through quotes from founders and successor Lynne Johnston, prioritizes an inclusive, safe environment that naturally emerged from a diverse social circle, rather than marketed intent. This organic development has fostered a reputation for welcoming varied demographics, enhancing its community-building role. As Pretty Ugly approaches its anniversary at King Tut's Wah Wah Hut, it serves as a case study in how sustained artistic vision and adaptive leadership—amidst line-up changes—can perpetuate social cohesion and cultural relevance in contemporary club culture.",
  "keywords": [
    {
      "term": "grassroots cultural movement",
      "explanation": "a community-driven initiative that grows from local participation rather than top-down organization"
    },
    {
      "term": "eclectic sonic palette",
      "explanation": "a diverse range of musical sounds and styles curated for artistic effect"
    },
    {
      "term": "cross-sector allure",
      "explanation": "the ability to attract interest from different areas such as entertainment, politics, and media"
    },
    {
      "term": "organic development",
      "explanation": "growth that occurs naturally without forced planning or external intervention"
    },
    {
      "term": "social cohesion",
      "explanation": "the sense of unity and belonging among individuals within a community"
    }
  ],
  "questions": [
    {
      "question": "What professional background did the founders of Pretty Ugly share?",
      "options": [
        "Music production",
        "Public relations",
        "Event management",
        "Journalism"
      ],
      "correct_answer": "Public relations"
    },
    {
      "question": "How did the founders initially gain DJ experience?",
      "options": [
        "Through formal training",
        "At the Born to Be Wide seminar",
        "By practicing at home",
        "From working at The Arches"
      ],
      "correct_answer": "At the Born to Be Wide seminar"
    },
    {
      "question": "What musical strategy does Pretty Ugly employ to maintain engagement?",
      "options": [
        "Focusing on a single genre",
        "Allowing breaks for mingling",
        "Playing an eclectic mix continuously",
        "Featuring only live performances"
      ],
      "correct_answer": "Playing an eclectic mix continuously"
    },
    {
      "question": "What factor prevented Nicola Sturgeon from DJing at Pretty Ugly?",
      "options": [
        "Lack of interest",
        "Scheduling conflict",
        "Venue restrictions",
        "Political controversies"
      ],
      "correct_answer": "Scheduling conflict"
    },
    {
      "question": "How does the article describe the club's evolution into a safe space?",
      "options": [
        "As a marketed strategy",
        "As an organic outcome from diverse friendships",
        "As a result of strict policies",
        "As influenced by guest DJs"
      ],
      "correct_answer": "As an organic outcome from diverse friendships"
    },
    {
      "question": "What role does Lynne Johnston play in the club's history?",
      "options": [
        "Original founder",
        "Replacement for a departing founder",
        "Guest DJ from politics",
        "PR agency manager"
      ],
      "correct_answer": "Replacement for a departing founder"
    },
    {
      "question": "Which venue hosts the anniversary celebration?",
      "options": [
        "The Arches",
        "King Tut's Wah Wah Hut",
        "Born to Be Wide venue",
        "A wedding location"
      ],
      "correct_answer": "King Tut's Wah Wah Hut"
    },
    {
      "question": "What broader concept does Pretty Ugly illustrate according to the summary?",
      "options": [
        "Commercial nightlife trends",
        "Grassroots cultural movements",
        "Political activism in music",
        "Technological advancements in DJing"
      ],
      "correct_answer": "Grassroots cultural movements"
    },
    {
      "question": "How does the club's ethos contribute to its cultural impact?",
      "options": [
        "By prioritizing profit",
        "By fostering inclusivity and community",
        "By focusing on celebrity appearances",
        "By adhering to traditional music formats"
      ],
      "correct_answer": "By fostering inclusivity and community"
    },
    {
      "question": "What limitation is noted in the article's evidence?",
      "options": [
        "Lack of statistical data",
        "Over-reliance on expert opinions",
        "Excessive focus on political aspects",
        "Inclusion of biased perspectives"
      ],
      "correct_answer": "Lack of statistical data"
    }
  ],
  "background_read": [
    "This article delves into Pretty Ugly, a Glasgow club night that has persisted for 20 years, offering insights into grassroots cultural phenomena within urban entertainment. Founded by PR professionals without DJ experience, the event highlights how community-driven initiatives can evolve into significant cultural landmarks through adaptive practices and inclusive values. The narrative draws on firsthand accounts from organizers, illustrating the club's journey from a casual venture to a reputed safe space that attracts diverse attendees and notable figures from various sectors. It raises questions about the intersection of music, social dynamics, and cultural sustainability, providing a lens to examine broader themes of community building and artistic legacy in contemporary society. The anniversary at King Tut's Wah Wah Hut symbolizes its enduring relevance, prompting reflection on how such entities navigate changes while maintaining core principles."
  ],
  "Article_Structure": [
    "Main Points: Pretty Ugly is a 20-year-old Glasgow club night founded by PR professionals, featuring an eclectic music mix to promote continuous dancing and inclusivity, with guest DJs like Kirsty Wark and near-involvement of Nicola Sturgeon. Purpose: To analyze the club as a case study in grassroots cultural movements, emphasizing its role in fostering social cohesion and cross-sector appeal within nightlife. Evidence Evaluation: Relies on qualitative data from organizer interviews and anecdotal testimonials, offering authentic insights but lacking quantitative metrics or external validation, which may limit objective assessment. Author Credibility: As a BBC Entertainment piece, it upholds journalistic standards with balanced reporting, though potential bias towards positive portrayal exists without critical counterpoints. Methodology: Utilizes narrative storytelling based on direct quotes and historical descriptions, providing a descriptive rather than analytical approach to the club's evolution. Critical Assessment: Strengths include engaging personal narratives and clear ethos illustration, but weaknesses involve limited depth in examining broader societal impacts or addressing potential challenges in sustainability."
  ],
  "perspectives": [
    {
      "perspective": "Sociocultural Analysis",
      "description": "Pretty Ugly serves as a microcosm for examining how music venues can act as catalysts for social integration and cultural expression in urban settings."
    }
  ],
  "image_url": "/article_images/article_ca310beb0d48c8f7_60ad8ad2a5fa.webp"
}