{
  "title": "V&A Museum's Exhibition of YouTube's Inception: A Digital Heritage Initiative",
  "summary": "The Victoria & Albert Museum in London has inaugurated an exhibition that reconstructs YouTube's original watchpage from December 2006, utilizing internet archives in partnership with YouTube, and has acquired the platform's inaugural video, Me at the Zoo, uploaded by co-founder Jawed Karim in April 2005. This video, amassing approximately 380 million views, epitomizes the paradigm shift towards user-generated content and has been instrumental in establishing UI design conventions such as badges and recommendation systems. YouTube CEO Neal Mohan articulates that the reconstruction facilitates a temporal immersion into the nascent stages of a global cultural phenomenon, while senior curator Corinna Gardner underscores its significance in internet history and digital design's societal ramifications. The V&A East Storehouse will further elucidate the reconstruction methodology, reinforcing the museum's dedication to curating digital artifacts like WeChat and Flappy Bird. This endeavor not only chronicles the evolution of video-sharing platforms but also interrogates their role in shaping contemporary media economies and visual cultures, positioning the V&A as a pivotal institution in the preservation and analysis of digital heritage.",
  "keywords": [
    {
      "term": "paradigm shift",
      "explanation": "a fundamental change in approach or underlying assumptions"
    },
    {
      "term": "UI design conventions",
      "explanation": "standardized elements in user interface design, such as buttons or layouts, that users expect"
    },
    {
      "term": "temporal immersion",
      "explanation": "the experience of being transported back in time through historical reconstruction"
    },
    {
      "term": "digital heritage",
      "explanation": "the preservation and study of digital artifacts as part of cultural history"
    },
    {
      "term": "societal ramifications",
      "explanation": "the broader effects or consequences on society"
    },
    {
      "term": "curating",
      "explanation": "selecting, organizing, and presenting items in a collection, especially in a museum"
    },
    {
      "term": "media economies",
      "explanation": "the systems and practices involved in the production, distribution, and consumption of media"
    },
    {
      "term": "visual cultures",
      "explanation": "the ways in which images and visual media shape and reflect society"
    },
    {
      "term": "inaugurated",
      "explanation": "formally started or introduced something new"
    },
    {
      "term": "interrogates",
      "explanation": "examines or questions something closely and critically"
    }
  ],
  "questions": [
    {
      "question": "What specific internet archive date was used for the YouTube watchpage reconstruction?",
      "options": [
        "December 2006",
        "April 2005",
        "January 2007",
        "March 2004"
      ],
      "correct_answer": "December 2006"
    },
    {
      "question": "How does the article characterize the video Me at the Zoo in terms of media history?",
      "options": [
        "As a paradigm shift towards user-generated content",
        "As a commercial failure",
        "As a professional documentary",
        "As an isolated event"
      ],
      "correct_answer": "As a paradigm shift towards user-generated content"
    },
    {
      "question": "What role does Corinna Gardner attribute to the acquisition in the context of digital design?",
      "options": [
        "Highlighting internet history and societal impact",
        "Promoting YouTube's current features",
        "Criticizing early UI design",
        "Focusing solely on artistic value"
      ],
      "correct_answer": "Highlighting internet history and societal impact"
    },
    {
      "question": "Which of the following is a UI design convention mentioned as influenced by early YouTube?",
      "options": [
        "Badges and recommendation systems",
        "Augmented reality filters",
        "Blockchain integration",
        "Voice commands"
      ],
      "correct_answer": "Badges and recommendation systems"
    },
    {
      "question": "What is the broader institutional goal of the V&A's digital acquisitions according to the article?",
      "options": [
        "Preserving and analyzing digital heritage",
        "Increasing visitor numbers only",
        "Selling digital artifacts",
        "Replacing physical collections"
      ],
      "correct_answer": "Preserving and analyzing digital heritage"
    },
    {
      "question": "How does Neal Mohan describe the public's experience with the reconstruction?",
      "options": [
        "As stepping back in time to a cultural phenomenon",
        "As a technical demonstration",
        "As a marketing tool",
        "As an educational game"
      ],
      "correct_answer": "As stepping back in time to a cultural phenomenon"
    },
    {
      "question": "What additional location will explore the reconstruction process?",
      "options": [
        "V&A East Storehouse",
        "YouTube's headquarters",
        "A university lab",
        "An online platform"
      ],
      "correct_answer": "V&A East Storehouse"
    },
    {
      "question": "What does the article suggest about the V&A's role in contemporary culture?",
      "options": [
        "As a pivotal institution in digital heritage",
        "As a traditional art museum only",
        "As a tech company collaborator",
        "As a critic of digital media"
      ],
      "correct_answer": "As a pivotal institution in digital heritage"
    },
    {
      "question": "Which term best describes the article's analysis of YouTube's impact on media?",
      "options": [
        "Interrogating media economies and visual cultures",
        "Celebrating without critique",
        "Ignoring economic aspects",
        "Focusing on technical details only"
      ],
      "correct_answer": "Interrogating media economies and visual cultures"
    },
    {
      "question": "What is a limitation mentioned in the article's evidence evaluation?",
      "options": [
        "Reliance on statements from involved parties",
        "Lack of any specific details",
        "Use of independent research",
        "Overemphasis on negative aspects"
      ],
      "correct_answer": "Reliance on statements from involved parties"
    }
  ],
  "background_read": [
    "YouTube's emergence in 2005 catalyzed a transformation in media landscapes, emphasizing user-generated content and democratizing video production. The V&A Museum, historically focused on decorative arts, has adapted to include digital design in its collections, reflecting broader museological shifts towards interdisciplinary and contemporary relevance. This exhibition intersects with debates on digital preservation, cultural heritage, and the institutionalization of internet history, highlighting how museums engage with ephemeral digital artifacts to construct narratives about technological and social change."
  ],
  "Article_Structure": [
    "Main Points: The V&A Museum's exhibition reconstructs YouTube's 2006 watchpage and acquires the first video Me at the Zoo to analyze the platform's role in fostering user-generated content and standardizing UI design conventions. Purpose: To position the museum as a key player in digital heritage preservation and critically examine the societal impacts of video-sharing platforms. Evidence Evaluation: Cites specific archival dates and view counts but relies heavily on quotes from YouTube and museum officials, lacking independent verification or diverse sources. Author Credibility: The BBC provides reputable journalism, though the article may reflect promotional angles from stakeholders. Methodology: Based on press materials and interviews, with no indication of original investigative research. Critical Assessment: Strengths include detailed historical context and engagement with digital culture; limitations involve potential bias from corporate partnerships and insufficient critical depth on broader implications."
  ],
  "perspectives": [
    {
      "perspective": "Critical Heritage",
      "description": "The exhibit raises questions about how museums select and preserve digital artifacts as part of cultural heritage."
    }
  ],
  "image_url": "/article_images/article_0bdee8eee054d563_498d0918c1a2.webp"
}