{
  "title": "From Waiters to TV Stars: The Big Hit Show",
  "summary": "Heated Rivalry is a TV show that became very popular even though it didn't have famous actors or a big budget. It tells the story of two ice hockey players who fall in love, based on a book by Rachel Reid. The show was made in Canada with a small amount of money and filmed quickly in Ontario. The main actors, Connor Storrie and Hudson Williams, were waiters before this and are now famous, appearing on TV shows and even hosting events. The casting directors had to find actors who could skate, look athletic, and be comfortable with romantic scenes. The show's success has surprised many people and is watched all over the world, breaking records on websites like IMDB. It shows that a good story can become a hit without needing lots of money or big names.",
  "keywords": [
    {
      "term": "Heated Rivalry",
      "explanation": "the name of the TV show about hockey players in love"
    },
    {
      "term": "budget",
      "explanation": "the amount of money used to make the show, which was small"
    },
    {
      "term": "actors",
      "explanation": "the people who act in the show, like Connor and Hudson"
    },
    {
      "term": "Canada",
      "explanation": "the country where the show was made and filmed"
    },
    {
      "term": "popular",
      "explanation": "when many people like and watch the show"
    },
    {
      "term": "casting directors",
      "explanation": "people who choose the actors for the show"
    }
  ],
  "questions": [
    {
      "question": "What is the name of the TV show in the article?",
      "options": [
        "Heated Rivalry",
        "Breaking Bad",
        "Letterkenny",
        "Shoresy"
      ],
      "correct_answer": "Heated Rivalry"
    },
    {
      "question": "What were Connor Storrie and Hudson Williams doing before they became actors in the show?",
      "options": [
        "They were teachers",
        "They were waiters",
        "They were hockey players",
        "They were students"
      ],
      "correct_answer": "They were waiters"
    },
    {
      "question": "Where was the show Heated Rivalry filmed?",
      "options": [
        "In the United States",
        "In Canada",
        "In the UK",
        "In Australia"
      ],
      "correct_answer": "In Canada"
    },
    {
      "question": "What is one reason the show became a big hit according to the article?",
      "options": [
        "It had a big budget",
        "It had famous actors",
        "It had a good story",
        "It was filmed for a long time"
      ],
      "correct_answer": "It had a good story"
    },
    {
      "question": "Who helped find the actors for the show?",
      "options": [
        "The producers",
        "The casting directors",
        "The authors",
        "The fans"
      ],
      "correct_answer": "The casting directors"
    },
    {
      "question": "What did the casting directors look for in actors for the show?",
      "options": [
        "They had to be good at singing",
        "They had to be comfortable with romantic scenes",
        "They had to be from Russia",
        "They had to be old"
      ],
      "correct_answer": "They had to be comfortable with romantic scenes"
    }
  ],
  "background_read": [
    "This article is about a TV show called Heated Rivalry that became very popular without famous actors or a lot of money. It is based on a book and tells a love story between two hockey players. The show was made in Canada, and the actors were chosen because they could skate and act well. It shows how a simple idea can become a big success when people work hard and tell a good story."
  ],
  "Article_Structure": [
    "WHO: Connor Storrie and Hudson Williams, the actors who play hockey players in love, and the casting directors Jenny Lewis and Sara Kay.",
    "WHAT: Heated Rivalry is a TV show about a forbidden love between two ice hockey players, made with a small budget but becoming very popular.",
    "WHERE: The show was filmed in Ontario, Canada, and is watched in North America, the UK, and around the world.",
    "WHY: The show succeeded because it had a compelling story, faithful actors, and support from fans, showing that creativity can overcome limited resources."
  ],
  "perspectives": [
    {
      "perspective": "Success without fame",
      "description": "The show became a hit without big-name actors, proving that talent and good storytelling matter more than celebrity status."
    }
  ],
  "image_url": "/article_images/article_ae93c0ed30e7373f_874605ebdc34.webp"
}