{
  "title": "Councils Struggle with Food Waste Collection Deadlines",
  "summary": "A BBC investigation reveals that nearly 25% of English councils will fail to meet a government deadline for implementing weekly food waste collections to all households, set to begin next month under new Simpler Recycling legislation. The Department for Environment, Food & Rural Affairs (Defra) mandated this policy to boost recycling rates, but over 70 councils cited delays due to high demand for specialized collection vehicles and funding shortfalls, despite £340 million in grants from Defra. Environment minister Mary Creagh emphasized the need for action to address stagnant recycling rates, noting councils received budget increases to support the policy. Separately collected food waste can be converted into electricity, reducing landfill use and greenhouse gas emissions, and encouraging waste reduction. While some councils have long had weekly collections, others must establish new services; at least 56 aim to launch by end of 2026, nine lack start dates, and 31 have secured extensions, meaning over a third will not collect from all homes by March. Councils like Shropshire and East Hampshire highlighted financial risks and vehicle availability issues as key barriers.",
  "keywords": [
    {
      "term": "Simpler Recycling legislation",
      "explanation": "a new law in England requiring weekly food waste collections to improve recycling"
    },
    {
      "term": "Defra",
      "explanation": "the government department responsible for environment, food, and rural affairs"
    },
    {
      "term": "specialized vehicles",
      "explanation": "trucks designed specifically for collecting and processing food waste"
    },
    {
      "term": "funding shortfalls",
      "explanation": "not having enough money to cover costs, despite grants"
    },
    {
      "term": "greenhouse gases",
      "explanation": "gases like methane that trap heat in the atmosphere, contributing to climate change"
    },
    {
      "term": "recycling rates",
      "explanation": "the percentage of waste that is recycled instead of sent to landfill"
    },
    {
      "term": "extensions",
      "explanation": "additional time granted to meet a deadline"
    },
    {
      "term": "financial risk",
      "explanation": "the potential for monetary loss or instability"
    }
  ],
  "questions": [
    {
      "question": "What percentage of English councils will miss the food waste collection deadline?",
      "options": [
        "Nearly 25%",
        "Over 50%",
        "Less than 10%",
        "All of them"
      ],
      "correct_answer": "Nearly 25%"
    },
    {
      "question": "Which government department set the deadline for weekly food waste collections?",
      "options": [
        "Defra",
        "NHS",
        "Home Office",
        "Transport Department"
      ],
      "correct_answer": "Defra"
    },
    {
      "question": "What is one reason councils gave for missing the deadline?",
      "options": [
        "High demand for specialized vehicles",
        "Lack of food waste",
        "People refusing to participate",
        "Too much funding"
      ],
      "correct_answer": "High demand for specialized vehicles"
    },
    {
      "question": "How much grant money did Defra provide to help councils?",
      "options": [
        "Over £340 million",
        "£100 million",
        "No money",
        "£500 million"
      ],
      "correct_answer": "Over £340 million"
    },
    {
      "question": "What environmental benefit does separately collecting food waste provide?",
      "options": [
        "Reduces greenhouse gases by producing electricity",
        "Increases landfill use",
        "Makes more trash",
        "Uses more energy"
      ],
      "correct_answer": "Reduces greenhouse gases by producing electricity"
    },
    {
      "question": "By when do at least 56 councils plan to start their food waste collections?",
      "options": [
        "By the end of 2026",
        "By next month",
        "In 2030",
        "They have already started"
      ],
      "correct_answer": "By the end of 2026"
    },
    {
      "question": "What did environment minister Mary Creagh say about recycling rates?",
      "options": [
        "They have been stagnating for too long",
        "They are improving quickly",
        "They do not matter",
        "They are the best in the world"
      ],
      "correct_answer": "They have been stagnating for too long"
    },
    {
      "question": "How many councils have secured extensions to avoid missing the deadline?",
      "options": [
        "31",
        "56",
        "9",
        "70"
      ],
      "correct_answer": "31"
    }
  ],
  "background_read": [
    "In England, local councils are responsible for waste management, including collecting household trash and recycling. The Simpler Recycling legislation is a government initiative to standardize and improve recycling practices, particularly for food waste, which makes up a significant portion of landfill content. When food waste decomposes in landfills, it releases methane, a potent greenhouse gas that contributes to climate change. Separating food waste allows it to be processed in anaerobic digesters to generate electricity, reducing environmental impact. Councils face logistical challenges such as purchasing specialized vehicles and securing ongoing funding, which can delay implementation of new policies. Understanding these issues helps explain why deadlines are missed and how government support interacts with local execution."
  ],
  "Article_Structure": [
    "Main Points: The article highlights that nearly 25% of English councils will miss a government deadline for weekly food waste collections due to delays in acquiring specialized vehicles and funding issues, despite £340 million in grants. Purpose: To inform the public about implementation challenges of the Simpler Recycling legislation and its impact on recycling goals. Evidence Evaluation: The BBC investigation gathered data from over 70 councils, providing direct quotes and specific examples like Shropshire and East Hampshire, which adds credibility. Author Credibility: The BBC is a reputable news source known for thorough reporting, though the article relies on council statements without independent verification of all claims. Methodology: The investigation involved contacting each local authority for updates, offering a comprehensive view but potentially missing some nuances in council responses."
  ],
  "perspectives": [
    {
      "perspective": "Government perspective",
      "description": "Defra and environment minister Mary Creagh push for timely implementation to boost recycling rates and reduce environmental harm, emphasizing budget support."
    },
    {
      "perspective": "Council perspective",
      "description": "Councils express frustration over logistical hurdles like vehicle shortages and inadequate funding, arguing that these barriers prevent meeting deadlines despite efforts."
    }
  ],
  "image_url": "/article_images/article_b7bc010151882128_ab9a8431cffc.webp"
}