{
  "title": "New Music Stars for 2026",
  "summary": "This article talks about the BBC Radio 1 Sound of 2026 list, which predicts new music stars for next year. It introduces 10 up-and-coming artists from around the world, including singers, bands, and rappers. Some artists, like Sombr and Chloe Qisha, are already becoming popular with hit songs. The list is made by music experts and famous musicians like Elton John and Dua Lipa. It helps people discover new music before it becomes super famous. Past winners include big stars like Adele and Stormzy, showing that the list often picks future hits. The winner for 2026 will be announced in January, so fans can look forward to hearing more from these talented acts.",
  "keywords": [
    {
      "term": "Sound of 2026",
      "explanation": "A list by BBC Radio 1 that predicts new music stars for the year 2026."
    },
    {
      "term": "nominees",
      "explanation": "The artists who are chosen to be on the list and might become famous."
    },
    {
      "term": "panel",
      "explanation": "A group of experts and famous musicians who vote to pick the nominees."
    },
    {
      "term": "winner",
      "explanation": "The artist chosen as the top new star from the list."
    },
    {
      "term": "industry experts",
      "explanation": "People who work in music and know a lot about it."
    },
    {
      "term": "up-and-coming",
      "explanation": "Artists who are starting to become popular but are not super famous yet."
    }
  ],
  "questions": [
    {
      "question": "What is the Sound of 2026 list?",
      "options": [
        "A list of new music stars",
        "A TV show about music",
        "A type of concert",
        "A music award"
      ],
      "correct_answer": "A list of new music stars"
    },
    {
      "question": "Who helps pick the nominees for the list?",
      "options": [
        "Music experts and artists",
        "Only fans",
        "Radio hosts",
        "Movie stars"
      ],
      "correct_answer": "Music experts and artists"
    },
    {
      "question": "Which artist is mentioned as having top 10 singles in the UK?",
      "options": [
        "Sombr",
        "Elton John",
        "Adele",
        "Stormzy"
      ],
      "correct_answer": "Sombr"
    },
    {
      "question": "When will the winner for 2026 be announced?",
      "options": [
        "In January",
        "In December",
        "In June",
        "In March"
      ],
      "correct_answer": "In January"
    },
    {
      "question": "What type of music do Royel Otis play?",
      "options": [
        "Skate-rock",
        "Pop",
        "Classical",
        "Jazz"
      ],
      "correct_answer": "Skate-rock"
    },
    {
      "question": "Who was the first winner of the Sound of list in 2003?",
      "options": [
        "50 Cent",
        "Adele",
        "Stormzy",
        "Dua Lipa"
      ],
      "correct_answer": "50 Cent"
    }
  ],
  "background_read": [
    "The BBC Radio 1 Sound of list is a yearly prediction of new music talent that has been running since 2003. It features artists from different genres like pop, rock, and rap, chosen by experts to help people discover future stars. Past winners have become very famous, making it an exciting way to learn about music trends."
  ],
  "Article_Structure": [
    "WHO: Music experts and artists like Elton John and Dua Lipa pick the nominees.",
    "WHAT: A list of 10 new music acts predicted to be big in 2026.",
    "WHERE: Announced on BBC Radio 1 and BBC News, with artists from the US, Australia, Ireland, and more.",
    "WHY: To introduce people to up-and-coming music stars and predict future hits."
  ],
  "perspectives": [
    {
      "perspective": "Music discovery",
      "description": "The list helps fans find new artists before they become mainstream."
    }
  ],
  "image_url": "/article_images/article_22974ccc2c95bd83_85a4f1698a4c.webp"
}