{
  "title": "Netflix Withdraws from Warner Bros. Deal, Paving Way for Paramount Acquisition",
  "summary": "Netflix has declined to increase its offer to purchase Warner Bros. Discovery's studio and streaming business, citing that the new price demanded by Warner's board—following a superior bid from Paramount—made the deal financially unattractive. This decision effectively allows Paramount, owned by Skydance, to proceed with its takeover of Warner Bros., which includes the entire company such as HBO Max, CNN, and iconic franchises like Harry Potter. Netflix's co-CEOs expressed that while they would have been good stewards, the transaction was only viable at the right price. The potential merger between Paramount and Warner Bros. could reshape Hollywood by consolidating two of the five major legacy studios, combining content libraries with hits like Barbie and Top Gun. However, critics warn that this consolidation might lead to reduced diversity in filmmaking, job losses, and increased streaming costs for consumers, highlighting concerns about power concentration in the media industry.",
  "keywords": [
    {
      "term": "consolidation",
      "explanation": "when companies merge to become fewer and larger, often reducing competition"
    },
    {
      "term": "legacy studios",
      "explanation": "long-established movie companies that have been around for decades, like Warner Bros. and Paramount"
    },
    {
      "term": "financially unattractive",
      "explanation": "a deal that is not good for making money or is too expensive"
    },
    {
      "term": "superior bid",
      "explanation": "an offer from a buyer that is better in terms of price or terms than others"
    },
    {
      "term": "streaming business",
      "explanation": "the part of a company that provides online video services, like HBO Max or Paramount+"
    }
  ],
  "questions": [
    {
      "question": "What reason did Netflix give for walking away from the Warner Bros. deal?",
      "options": [
        "The content was not appealing",
        "The price became too high",
        "Warner Bros. rejected them",
        "They preferred to buy Paramount"
      ],
      "correct_answer": "The price became too high"
    },
    {
      "question": "Which company made a superior bid that influenced Netflix's decision?",
      "options": [
        "Disney",
        "Paramount",
        "Amazon",
        "Apple"
      ],
      "correct_answer": "Paramount"
    },
    {
      "question": "What does Paramount aim to acquire from Warner Bros. Discovery?",
      "options": [
        "Only the streaming service",
        "Only the studio",
        "The entire company",
        "Only CNN"
      ],
      "correct_answer": "The entire company"
    },
    {
      "question": "What are critics concerned about regarding the Paramount-Warner merger?",
      "options": [
        "More job opportunities",
        "Increased diversity in films",
        "Consolidation of power and higher costs",
        "Better streaming quality"
      ],
      "correct_answer": "Consolidation of power and higher costs"
    },
    {
      "question": "Which iconic franchise is mentioned as part of Warner Bros.'s content?",
      "options": [
        "Harry Potter",
        "Star Wars",
        "Marvel",
        "James Bond"
      ],
      "correct_answer": "Harry Potter"
    },
    {
      "question": "What did Netflix's co-CEOs describe the deal as?",
      "options": [
        "A must-have at any price",
        "A nice-to-have at the right price",
        "A bad investment",
        "A strategic necessity"
      ],
      "correct_answer": "A nice-to-have at the right price"
    },
    {
      "question": "How might the merger affect Hollywood's media landscape?",
      "options": [
        "Increase the number of studios",
        "Reduce competition by consolidating studios",
        "Lower streaming subscription prices",
        "Encourage more independent films"
      ],
      "correct_answer": "Reduce competition by consolidating studios"
    },
    {
      "question": "What is a potential consumer impact mentioned in the article?",
      "options": [
        "More free streaming services",
        "Rising costs of streaming subscriptions",
        "Fewer movies being produced",
        "Better customer service"
      ],
      "correct_answer": "Rising costs of streaming subscriptions"
    }
  ],
  "background_read": [
    "This article discusses a major business deal in the entertainment industry involving Netflix, Warner Bros. Discovery, and Paramount. It highlights how corporate acquisitions can transform media landscapes, with Netflix stepping back due to financial reasons and Paramount advancing with a full takeover bid. The context includes the history of Hollywood studios, the rise of streaming services, and ongoing debates about media consolidation. Understanding these dynamics helps explain the potential effects on content diversity, consumer prices, and industry competition, as companies vie for dominance in a rapidly evolving digital era."
  ],
  "Article_Structure": [
    "Main Points: Netflix withdrew from buying Warner Bros. due to high costs, allowing Paramount to pursue a full acquisition, which could merge two major studios and reshape Hollywood. Purpose: To inform about a significant media deal and its implications for industry consolidation and consumer impacts. Evidence Evaluation: The article cites statements from Netflix executives and Warner's board, along with details on bids and corporate strategies, providing credible but limited insider perspectives. Author Credibility: Written by an Associated Press journalist, offering factual reporting with a neutral tone, though lacking deep analysis. Methodology: Based on public announcements and corporate statements, with some contextual analysis of industry trends."
  ],
  "perspectives": [
    {
      "perspective": "Corporate Strategy",
      "description": "Companies like Netflix and Paramount make calculated decisions based on financial viability and growth opportunities in a competitive market."
    },
    {
      "perspective": "Consumer Advocacy",
      "description": "Critics argue that mergers like this could harm viewers by reducing choices and increasing costs, calling for regulatory scrutiny."
    }
  ],
  "image_url": "/article_images/article_e2ff3b9a3a849b26_5482a213c9f5.webp"
}