{
  "title": "Advancing Alzheimer's Prognosis: A Blood-Based Predictive Model Using p tau217 Biomarker",
  "summary": "A groundbreaking study by Washington University School of Medicine researchers, published in Nature Medicine, introduces a predictive model utilizing plasma p tau217 levels to estimate the onset of Alzheimer's disease symptoms with an accuracy margin of approximately three to four years. This model leverages data from 603 cognitively normal older adults enrolled in longitudinal cohorts—the Knight Alzheimer Disease Research Center and the Alzheimer's Disease Neuroimaging Initiative—where p tau217 was measured via platforms such as the clinically available PrecivityAD2 test. The biomarker p tau217 correlates with cerebral amyloid and tau pathology, key neuropathological hallmarks of Alzheimer's, enabling temporal forecasting of symptom manifestation. The research underscores the model's potential to streamline clinical trials for preventive interventions by identifying high-risk individuals earlier, thereby reducing trial durations and costs. Moreover, it highlights the accessibility and cost-effectiveness of blood-based testing compared to conventional neuroimaging or cerebrospinal fluid analyses. While currently restricted to research settings, this advancement could eventually facilitate personalized medicine approaches, allowing clinicians to devise targeted strategies to mitigate symptom progression in at-risk populations, addressing a critical need in neurodegenerative disease management.",
  "keywords": [
    {
      "term": "plasma p tau217",
      "explanation": "a peripheral blood biomarker that reflects amyloid-beta and tau protein accumulation in the brain, used for prognostic assessment in Alzheimer's disease"
    },
    {
      "term": "predictive model",
      "explanation": "a statistical framework that integrates biomarker data to forecast clinical outcomes, such as symptom onset timelines"
    },
    {
      "term": "neuropathological hallmarks",
      "explanation": "characteristic biological features of a disease, like amyloid plaques and neurofibrillary tangles in Alzheimer's"
    },
    {
      "term": "longitudinal cohorts",
      "explanation": "study groups followed over time to track disease progression and biomarker changes"
    },
    {
      "term": "personalized medicine",
      "explanation": "tailoring medical treatment to individual characteristics, such as genetic or biomarker profiles"
    }
  ],
  "questions": [
    {
      "question": "In which scientific journal was the study on p tau217 predictive modeling published?",
      "options": [
        "The Lancet",
        "Nature Medicine",
        "JAMA Neurology",
        "Science"
      ],
      "correct_answer": "Nature Medicine"
    },
    {
      "question": "What is the primary biomarker measured in the blood test for predicting Alzheimer's?",
      "options": [
        "p tau217",
        "Amyloid-beta 42",
        "Total tau",
        "Neurofilament light chain"
      ],
      "correct_answer": "p tau217"
    },
    {
      "question": "How does p tau217 relate to brain pathology in Alzheimer's?",
      "options": [
        "It causes symptoms directly",
        "It reflects amyloid and tau accumulation",
        "It is unrelated to disease progression",
        "It only appears after symptoms start"
      ],
      "correct_answer": "It reflects amyloid and tau accumulation"
    },
    {
      "question": "What was the sample size of the study population?",
      "options": [
        "300",
        "603",
        "800",
        "1000"
      ],
      "correct_answer": "603"
    },
    {
      "question": "Which commercial test was used to measure p tau217 in the Knight ADRC cohort?",
      "options": [
        "PrecivityAD2",
        "ADNI test",
        "FDA-cleared assay",
        "All of the above"
      ],
      "correct_answer": "PrecivityAD2"
    },
    {
      "question": "What is the estimated accuracy range for predicting symptom onset?",
      "options": [
        "1-2 years",
        "3-4 years",
        "5-6 years",
        "Over 10 years"
      ],
      "correct_answer": "3-4 years"
    },
    {
      "question": "What broader initiative supported this research through a public-private partnership?",
      "options": [
        "NIH Biomarkers Consortium",
        "WHO Global Dementia Observatory",
        "CDC Alzheimer's Program",
        "EU Horizon 2020"
      ],
      "correct_answer": "NIH Biomarkers Consortium"
    },
    {
      "question": "How might this model impact Alzheimer's clinical trials?",
      "options": [
        "Lengthen trial durations",
        "Accelerate them by identifying high-risk participants earlier",
        "Have no effect",
        "Increase costs significantly"
      ],
      "correct_answer": "Accelerate them by identifying high-risk participants earlier"
    },
    {
      "question": "What limitation is noted regarding current use of p tau217 testing?",
      "options": [
        "It is too expensive",
        "It is not recommended for asymptomatic individuals outside research",
        "It has low accuracy",
        "It requires invasive procedures"
      ],
      "correct_answer": "It is not recommended for asymptomatic individuals outside research"
    },
    {
      "question": "What analogy did researchers use to describe amyloid and tau accumulation?",
      "options": [
        "Tree rings",
        "Ocean waves",
        "Mountain peaks",
        "Desert sands"
      ],
      "correct_answer": "Tree rings"
    }
  ],
  "background_read": [
    "Alzheimer's disease is a neurodegenerative disorder characterized by progressive cognitive decline, with amyloid-beta plaques and tau neurofibrillary tangles as pathological signatures. Current diagnostic paradigms rely on neuroimaging (PET) and cerebrospinal fluid biomarkers, which are resource-intensive. The emergence of plasma biomarkers, particularly p tau217, represents a paradigm shift towards minimally invasive early detection. This study builds on prior validation of p tau217's correlation with brain pathology, employing longitudinal data to develop a prognostic model. It addresses gaps in predictive accuracy and clinical utility, with implications for trial design and personalized therapeutic strategies in a field grappling with high prevalence and economic burden."
  ],
  "Article_Structure": [
    "Main Points: The article presents a predictive model using plasma p tau217 to forecast Alzheimer's symptom onset within 3-4 years, based on longitudinal data from 603 adults. Purpose: To enhance early detection and optimize clinical trials for preventive therapies, contributing to personalized medicine in neurodegenerative care. Evidence Evaluation: Robust, with publication in a high-impact journal, data from well-established cohorts, and use of validated commercial assays. Author Credibility: Experts from Washington University with MD/PhD credentials and involvement in neurology research and biomarker development. Methodology: Analysis of plasma samples from Knight ADRC and ADNI cohorts, employing platforms like PrecivityAD2, with statistical modeling to correlate biomarker levels with symptom timelines. Critical Assessment: Strengths include accessibility and cost-effectiveness, but limitations involve current restriction to research settings and need for further validation in diverse populations."
  ],
  "perspectives": [
    {
      "perspective": "Biotechnological Innovation",
      "description": "Emphasizes the role of advanced biomarker assays in transforming neurodegenerative disease diagnostics and prognosis."
    }
  ],
  "image_url": "/article_images/article_420b0aeb3f8677ba_1cd2682d7bd8.webp"
}