{
  "title": "The Rise of Budget Fast Fashion in India's Small Towns",
  "summary": "Budget fast fashion brands like Reliance Trends and Tata's Zudio are transforming retail in small-town India by offering affordable, trendy apparel with an enhanced shopping experience. These stores, such as a three-storey Trends outlet in Sangli, provide air-conditioned comfort, trial rooms, and discounts, attracting consumers like Alka who previously shopped only in street bazaars. With most items priced between $4 and $15, they compete directly with traditional markets but add contemporary designs and branding. This shift is driven by a growing number of value-conscious yet aspirational shoppers in smaller towns, fueling rapid growth in the organized fast-fashion industry. For instance, Zudio has expanded from 7 stores in 2018 to 765, with revenues projected to exceed $1 billion by mid-2025, outpacing global giants like Zara and H&M. Analysts attribute this success to the desire for branded clothes at accessible prices, highlighting a significant change in consumer behavior and retail dynamics across India.",
  "keywords": [
    {
      "term": "budget fast fashion",
      "explanation": "inexpensive, trendy clothing produced quickly to follow current styles"
    },
    {
      "term": "organized retail",
      "explanation": "structured and formal shopping environments like chain stores"
    },
    {
      "term": "value-conscious consumers",
      "explanation": "shoppers who look for good quality at low prices"
    },
    {
      "term": "aspirational shopping",
      "explanation": "buying items that reflect a desired lifestyle or status"
    },
    {
      "term": "revenue growth",
      "explanation": "increase in money earned from sales over time"
    },
    {
      "term": "consumer behavior",
      "explanation": "how people make decisions about what to buy"
    },
    {
      "term": "retail dynamics",
      "explanation": "the changing patterns and trends in the shopping industry"
    },
    {
      "term": "competitive pricing",
      "explanation": "setting prices similar to or better than rivals"
    }
  ],
  "questions": [
    {
      "question": "What key features do budget fast fashion stores offer to improve the shopping experience?",
      "options": [
        "Air conditioning, trial rooms, and discounts",
        "Only online ordering",
        "High prices and limited selection",
        "No branding on clothes"
      ],
      "correct_answer": "A"
    },
    {
      "question": "How do prices at stores like Trends and Zudio compare to street bazaars?",
      "options": [
        "Similar, but with better amenities",
        "Much higher",
        "Slightly lower",
        "Unavailable"
      ],
      "correct_answer": "A"
    },
    {
      "question": "What demographic is driving the growth of these stores in India?",
      "options": [
        "Value-conscious consumers in small towns",
        "Only wealthy urban residents",
        "International tourists",
        "Government officials"
      ],
      "correct_answer": "A"
    },
    {
      "question": "What was Zudio's revenue in 2018, and what is it projected to be by mid-2025?",
      "options": [
        "$12 million and over $1 billion",
        "$100 million and $500 million",
        "$1 million and $10 million",
        "$50 million and $200 million"
      ],
      "correct_answer": "A"
    },
    {
      "question": "How has Zudio's store count changed from 2018 to the present?",
      "options": [
        "Increased from 7 to 765 stores",
        "Decreased from 100 to 50 stores",
        "Stayed at 7 stores",
        "Increased to 1000 stores"
      ],
      "correct_answer": "A"
    },
    {
      "question": "What role do analysts like Pankaj Kumar play in understanding this trend?",
      "options": [
        "They explain consumer desires for branded clothes",
        "They design the clothes sold",
        "They manage the stores",
        "They set government policies"
      ],
      "correct_answer": "A"
    },
    {
      "question": "Why is Zudio's growth considered extraordinary compared to brands like Zara?",
      "options": [
        "It has expanded faster in a competitive market",
        "It sells only expensive items",
        "It is only available online",
        "It has no stores in India"
      ],
      "correct_answer": "A"
    },
    {
      "question": "What broader change in Indian retail does this article highlight?",
      "options": [
        "A shift from informal bazaars to organized fast fashion",
        "A decrease in clothing sales",
        "An increase in luxury brand popularity",
        "A focus on online shopping only"
      ],
      "correct_answer": "A"
    }
  ],
  "background_read": [
    "In recent years, India's retail landscape has evolved with the rise of organized fast fashion, targeting consumers in small towns who seek affordability and style. Traditionally, shopping occurred in street bazaars offering unbranded, low-cost items. However, brands like Reliance Trends and Zudio, backed by large corporations such as Reliance Industries and Tata Group, have entered the market with stores that mimic global fast-fashion models but at lower price points. This trend reflects broader economic changes, including rising disposable incomes and increased exposure to fashion trends through media. Analysts note that this shift is part of India's growing consumer economy, where even budget shoppers aspire to branded goods, driving competition and innovation in the retail sector."
  ],
  "Article_Structure": [
    "This article analyzes the rapid growth of budget fast fashion in small-town India, focusing on key brands like Trends and Zudio. Main points include their competitive pricing, enhanced shopping experiences, and appeal to value-conscious consumers. The purpose is to highlight a retail transformation driven by aspirational shopping behaviors. Evidence is drawn from specific examples, such as Alka's experience and revenue data, though it relies on anecdotal and corporate reports without independent verification. Author credibility is implied through BBC sourcing, but direct expertise is not detailed. Methodology involves observational reporting and analyst quotes, providing a descriptive overview but limited critical depth on long-term impacts."
  ],
  "perspectives": [
    {
      "perspective": "Economic impact",
      "description": "Shows how budget fashion boosts retail growth and consumer spending in emerging markets."
    },
    {
      "perspective": "Social change",
      "description": "Reflects shifting lifestyles in small towns, where branded clothes become a symbol of aspiration."
    }
  ],
  "image_url": "/article_images/article_f1f188645acf80c9_1d9b758ed1fd.webp"
}