{
  "title": "Strategic Expansion: Tomorrowland's Inaugural Asia Festival in Thailand",
  "summary": "Tomorrowland, the iconic European electronic dance music festival, is strategically expanding into Asia with its first full-fledged edition in Thailand, scheduled for December 11-13 in Pattaya. This move represents a significant milestone in the festival's 20-year history, founded by Belgian brothers Manu and Michiel Beers, as it ventures beyond its Belgian roots to tap into Asia's burgeoning music market. Organizers project daily attendance exceeding 50,000, with ticket pre-registration opening on January 8 and pricing set at 12,500 baht for a three-day pass. Thailand was selected based on its escalating influence in global music, innovation, and experience-driven tourism, reflecting broader trends in the international festival circuit. The five-year agreement with Thailand is anticipated to yield 21 billion baht in economic benefits, underscoring the event's potential to bolster the local economy. In recent years, Thailand has solidified its status as a live music hub by hosting events like Electric Daisy Carnival and Creamfields, while fostering indigenous festivals such as Wonderfruit. Tomorrowland's CEO, Bruno Vanwelsenaers, emphasized the expansion as a respectful and exciting long-term narrative, highlighting the festival's commitment to global cultural engagement. This development not only enhances Thailand's cultural capital but also signals shifting dynamics in the global entertainment industry, where Asian markets are increasingly pivotal.",
  "keywords": [
    {
      "term": "strategic expansion",
      "explanation": "a planned move to grow into new markets, like Tomorrowland entering Asia"
    },
    {
      "term": "milestone",
      "explanation": "a key event marking progress, such as Tomorrowland's first Asia festival"
    },
    {
      "term": "economic benefits",
      "explanation": "financial gains, including the 21 billion baht projected from the festival"
    },
    {
      "term": "cultural capital",
      "explanation": "the social assets of a place, like Thailand's enhanced music scene"
    },
    {
      "term": "global entertainment industry",
      "explanation": "the worldwide business of events and media, where Asia is gaining importance"
    },
    {
      "term": "indigenous festivals",
      "explanation": "local events like Wonderfruit that originate within a country"
    }
  ],
  "questions": [
    {
      "question": "What strategic factor influenced Tomorrowland's decision to expand into Asia?",
      "options": [
        "Thailand's growing influence in music and tourism",
        "Lower operational costs in Asia",
        "Political stability across Asia",
        "Declining interest in European festivals"
      ],
      "correct_answer": "Thailand's growing influence in music and tourism"
    },
    {
      "question": "How does the article characterize the economic impact of the festival?",
      "options": [
        "Projected to generate 21 billion baht over five years",
        "Expected to have minimal financial effect",
        "Focused solely on ticket sales",
        "Uncertain due to market volatility"
      ],
      "correct_answer": "Projected to generate 21 billion baht over five years"
    },
    {
      "question": "What role does Thailand's recent music scene play in this context?",
      "options": [
        "It has hosted international festivals and developed local events",
        "It has declined in popularity",
        "It is primarily focused on traditional music",
        "It lacks infrastructure for large events"
      ],
      "correct_answer": "It has hosted international festivals and developed local events"
    },
    {
      "question": "Who is Bruno Vanwelsenaers and what is his statement?",
      "options": [
        "Tomorrowland's CEO who called the expansion a milestone",
        "A Thai official who negotiated the deal",
        "A music critic skeptical of the festival",
        "The founder of Wonderfruit festival"
      ],
      "correct_answer": "Tomorrowland's CEO who called the expansion a milestone"
    },
    {
      "question": "What is the significance of this being Tomorrowland's first 'full-fledged' Asia edition?",
      "options": [
        "It matches the scale of the Belgian festival",
        "It is a smaller trial event",
        "It focuses only on local artists",
        "It excludes international attendees"
      ],
      "correct_answer": "It matches the scale of the Belgian festival"
    },
    {
      "question": "How does the article source its information on the economic agreement?",
      "options": [
        "From Thai media reports",
        "From independent economic analyses",
        "From government press releases",
        "From attendee surveys"
      ],
      "correct_answer": "From Thai media reports"
    },
    {
      "question": "What broader trend in the global entertainment industry does this expansion reflect?",
      "options": [
        "Increasing pivot to Asian markets",
        "Decline of European festivals",
        "Rise of virtual events only",
        "Focus on niche music genres"
      ],
      "correct_answer": "Increasing pivot to Asian markets"
    },
    {
      "question": "What is the potential cultural impact of Tomorrowland in Thailand?",
      "options": [
        "Enhancing Thailand's cultural capital and music scene",
        "Reducing local festival attendance",
        "Promoting only European culture",
        "Isolating Thai artists"
      ],
      "correct_answer": "Enhancing Thailand's cultural capital and music scene"
    },
    {
      "question": "How does the article assess the credibility of the information presented?",
      "options": [
        "It relies on official statements and media reports, lacking independent verification",
        "It includes peer-reviewed studies",
        "It bases claims on anonymous sources",
        "It uses historical data exclusively"
      ],
      "correct_answer": "It relies on official statements and media reports, lacking independent verification"
    },
    {
      "question": "What methodological approach does the article use to gather data?",
      "options": [
        "News reporting from announcements and media",
        "Surveys of festival-goers",
        "Economic modeling",
        "Academic research"
      ],
      "correct_answer": "News reporting from announcements and media"
    }
  ],
  "background_read": [
    "Tomorrowland, established in Belgium two decades ago by brothers Manu and Michiel Beers, has evolved into a global symbol of EDM culture, renowned for its immersive stages and international draw. Its expansion into Asia, particularly Thailand, aligns with strategic trends in the entertainment industry, where festivals are increasingly targeting emerging markets to capitalize on growing middle-class audiences and tourism revenues. Thailand has proactively positioned itself as a key player in the live music sector, leveraging events like Electric Daisy Carnival and homegrown festivals such as Wonderfruit to attract global attention. This context underscores the significance of Tomorrowland's move, which not only promises economic benefits but also contributes to Thailand's soft power and cultural diplomacy. Analyzing this requires an understanding of global music economics, cultural exchange mechanisms, and the role of media in shaping public perception of such events."
  ],
  "Article_Structure": [
    "Main Points: Tomorrowland's strategic expansion to Thailand marks its first full Asia festival, with high attendance projections, a five-year economic agreement, and alignment with Thailand's growing music scene. Purpose: To report on a significant development in the global festival industry, highlighting economic and cultural implications. Evidence Evaluation: The article cites Tomorrowland's statements and Thai media for economic data, but lacks critical analysis or independent sources, potentially presenting a promotional view. Author Credibility: The BBC provides reputable journalism, though the entertainment focus may prioritize positive coverage over scrutiny. Methodology: Uses standard news-gathering techniques, including official releases and media reports, without primary research. Critical Assessment: Strengths include detailed factual reporting and context on Thailand's music industry; limitations involve reliance on promotional sources and minimal critical perspective on potential challenges."
  ],
  "perspectives": [
    {
      "perspective": "Economic strategy",
      "description": "The festival is part of a calculated move to tap into Asia's economic growth and tourism potential, with long-term revenue goals."
    },
    {
      "perspective": "Cultural globalization",
      "description": "This expansion reflects broader processes of cultural exchange, where Western festivals influence and integrate with local Asian contexts."
    }
  ],
  "image_url": "/article_images/article_824f0619bf18aa17_41b1f564a0f5.webp"
}