{
  "articles": [
    {
      "id": "04a7c94f5a531fdf",
      "title": "Stanley Baxter: A Comprehensive Analysis of a Scottish Entertainment Legend",
      "summary": "Stanley Baxter, the esteemed Scottish actor and comedian, died at the age of 99, marking the end of a prolific career that spanned over seven decades. Born in Glasgow in 1926, Baxter emerged as a seminal figure in British television, achieving fame through variety theatre in the 1940s and later dominating the small screen with iconic series such as On The Bright Side, where he debuted the Parliamo Glasgow sketch, and The Stanley Baxter Show, which premiered in 1963 and garnered multiple Bafta awards. His transition to London Weekend Television in 1973 with The Stanley Baxter Picture Show further solidified his status, featuring parodies that showcased his adept character acting. Baxter's repertoire extended to films in the 1950s and 60s, pantomime performances in Scotland, and radio sitcoms for BBC Radio 4, demonstrating remarkable versatility. He received numerous accolades, including a lifetime achievement award at the British Comedy Awards and the Outstanding Contribution to Film and Television Award from Bafta Scotland in 2020. Despite his professional acclaim, Baxter maintained a reclusive persona, eschewing interviews and chat shows, and at 94, he publicly acknowledged his homosexuality, contextualizing his experiences within the pre-decriminalisation era. This article not only chronicles his artistic achievements but also explores the intersection of celebrity, privacy, and social progress, offering a nuanced portrait of a cultural icon.",
      "source": "BBC Entertainment",
      "time_ago": "1 hour ago",
      "image_url": "/article_images/article_04a7c94f5a531fdf_1b01c49ca22f.webp",
      "category": "Fun"
    },
    {
      "id": "3785f16a2908c7a8",
      "title": "Clair Obscur's Unprecedented Triumph at The Game Awards: A Case Study in Indie Success",
      "summary": "Clair Obscur: Expedition 33, a French role-playing game developed by Sandfall Interactive, secured a historic victory at The Game Awards by claiming Game of the Year and eight additional accolades out of ten nominations, including best narrative, music, and performance. This achievement represents a record-breaking haul, with the game receiving twelve nominations—the highest in the ceremony's history—and outperforming high-profile contenders such as Death Stranding 2 and Hades 2. The narrative centers on a group of adventurers combating The Paintress, a supernatural entity that curtails aging in its world, with gameplay lauded for its emotional depth and adherence to turn-based combat mechanics. The development backstory, involving former Ubisoft employees who founded Sandfall Interactive to realize their creative vision, adds a layer of industry commentary on corporate versus indie development. During the Los Angeles event, director Guillaume Broche's acceptance speech underscored the studio's unconventional path, acknowledging online tutorial creators as crucial unsung heroes. Composer Lorien Testard, whose debut score won best music after being discovered on SoundCloud, and actress Jennifer English, who dedicated her best performance award to neurodivergent communities, exemplify the diverse talent driving the project. The ceremony also served as a platform for unveiling new titles, including Tomb Raider sequels and a Star Wars RPG, reflecting broader industry trends.",
      "source": "BBC Entertainment",
      "time_ago": "2 hours ago",
      "image_url": "/article_images/article_3785f16a2908c7a8_1cd2c9f5bfbb.webp",
      "category": "Fun"
    },
    {
      "id": "31cd2e38ddae3d0a",
      "title": "Nemo's Symbolic Protest: Returning the Eurovision Trophy Amid Geopolitical Tensions",
      "summary": "Nemo, the Swiss non-binary artist who triumphed at the 2024 Eurovision Song Contest, has declared their intention to return the winner's trophy as a protest against Israel's continued participation in the event. This action stems from Nemo's assertion that Israel's involvement, amidst the war in Gaza, fundamentally contradicts Eurovision's core principles of unity, inclusion, and dignity. Nemo referenced a September report by the UN's Independent International Commission of Inquiry, which concluded that the situation constitutes genocide, to underscore the ethical conflict. The protest occurs within a context of escalating tensions: during the 2024 contest, Nemo experienced feelings of isolation due to inadequate support from organizers regarding the Israel debate, prompting Eurovision to implement new mental well-being safeguards for participants. Furthermore, five nations—Iceland, Spain, Ireland, Slovenia, and the Netherlands—have announced boycotts of the 2025 event over Israel's inclusion, reflecting broader geopolitical divides. Martin Green, Eurovision's director, responded with regret but affirmed respect for Nemo's deeply held views, emphasizing Nemo's enduring value to the Eurovision community. Nemo documented the symbolic act via an Instagram video, showing the trophy being packaged for return to the European Broadcasting Union's Geneva headquarters, thereby challenging the EBU's decision-making and highlighting the intersection of entertainment with human rights issues.",
      "source": "BBC Entertainment",
      "time_ago": "6 hours ago",
      "image_url": "/article_images/article_31cd2e38ddae3d0a_22a3a572aa89.webp",
      "category": "Fun"
    },
    {
      "id": "c7c87c9d69c727de",
      "title": "Triumph in Celebrity Race Across the World: An Analysis of Roman and Harleymoon's Victory",
      "summary": "Roman Kemp and his sister Harleymoon secured victory in the BBC's Celebrity Race Across the World, concluding a rigorous 33-day expedition spanning 5,900 kilometers through Central America. The competition mandated that participants eschew mobile phones and air travel, operating within a constrained budget of £950 per person, which mirrored the approximate cost of flying the equivalent route. The final episode depicted the last leg from Medellín to the Guajira Peninsula in Colombia, where the Kemp duo finished marginally ahead of Molly Rainford and Tyler West by two minutes, with Anita Rani and her father Bal arriving six hours later. Dylan Llewellyn and his mother Jackie exited the competition prematurely due to financial depletion. This series represents the third celebrity iteration of the show, garnering an audience of approximately six million viewers. Roman Kemp, renowned as a BBC One presenter and former Capital radio DJ, and Harleymoon Kemp, an emerging country music artist, articulated the culmination as profoundly adrenaline-charged and emotive. The race traversed diverse nations including Mexico, Guatemala, El Salvador, Honduras, Costa Rica, and Panama, challenging contestants' resourcefulness and resilience. Additional context reveals familial connections, such as the Kemps being offspring of Spandau Ballet's Martin Kemp, and personal narratives like Rainford and West's engagement following their stint on Strictly Come Dancing.",
      "source": "BBC Entertainment",
      "time_ago": "15 hours ago",
      "image_url": "/article_images/article_c7c87c9d69c727de_dd481d001dcf.webp",
      "category": "Fun"
    },
    {
      "id": "44e0fdb472f389f1",
      "title": "Advancing Sustainable Hydrogen Production Through Lignin-Derived Electrocatalysts",
      "summary": "This research presents a novel electrocatalyst synthesized from lignin, a renewable biomass waste from paper mills, designed to optimize the oxygen evolution reaction (OER) in water electrolysis for clean hydrogen production. The catalyst, designated as NiO/Fe3O4@LCFs, incorporates nickel oxide and iron oxide nanoparticles embedded within nitrogen-doped carbon fibers derived from lignin via electrospinning and thermal treatment. This configuration creates a nanoscale heterojunction that enhances charge transport, surface area, and structural stability, leading to improved OER kinetics. Electrochemical analysis demonstrates a low overpotential of 250 mV at 10 mA cm² and a Tafel slope of 138 mV per decade, indicating efficient reaction rates, along with stability exceeding 50 hours under high current density. In situ Raman spectroscopy and density functional theory calculations corroborate the mechanism, highlighting the interface's role in facilitating intermediate binding and detachment. The study, published in Biochar X, emphasizes the scalability and sustainability of using abundant lignin, offering a cost-effective alternative to precious metal catalysts like iridium or platinum. This work aligns with global initiatives for decarbonization by leveraging biomass-derived materials to advance electrocatalytic technologies for large-scale hydrogen generation, with potential adaptations for other metal combinations and reactions.",
      "source": "Science Daily - Technology",
      "time_ago": "1 day ago",
      "image_url": "/article_images/article_44e0fdb472f389f1_3b71de7bc361.webp",
      "category": "Fun"
    },
    {
      "id": "b35b546be21edbeb",
      "title": "Atomic Immobility in Molten Metals: Implications for Solidification and Phase Transitions",
      "summary": "In a seminal study published in ACS Nano, researchers from the University of Nottingham and the University of Ulm have elucidated the phenomenon of atomic immobility within molten metals, challenging conventional paradigms of liquid dynamics. Employing transmission electron microscopy, the team investigated platinum, gold, and palladium nanoparticles on graphene substrates, revealing that certain atoms remain stationary due to strong bonding at point defects, even at elevated temperatures. These immobilized atoms exert a profound influence on solidification mechanisms: sparse pinning facilitates crystalline growth and complete solidification, whereas dense pinning inhibits crystallization, culminating in a corralled supercooled liquid—a novel phase of matter. The research leverages the SALVE instrument's capabilities to explore wave-particle duality, demonstrating how electrons function as both imaging waves and momentum-transferring particles that can fix atoms. This work not only advances fundamental knowledge of liquid-state physics, which has historically been less tractable than gas or solid states, but also has significant technological ramifications. Solidification processes are integral to diverse fields, including mineralization, protein fibril folding, and industrial applications in aviation, construction, and electronics. By providing atomic-scale insights, the study enables precise manipulation of material properties, building on the team's prior achievements in real-time imaging of chemical bonds. The findings underscore the interdisciplinary synergy between materials science, quantum mechanics, and engineering, offering pathways for innovative material design and enhanced functional performance.",
      "source": "Science Daily - Technology",
      "time_ago": "1 day ago",
      "image_url": "/article_images/article_b35b546be21edbeb_b53e0d1d6c94.webp",
      "category": "Fun"
    }
  ]
}