{
  "title": "Analysis of Sarah Ferguson's Book Withdrawal by Nielsen in Publishing Context",
  "summary": "The article from BBC Entertainment details the withdrawal of Sarah Ferguson's latest children's book from sale, as announced by Nielsen, a prominent data analytics firm. This development follows prior delays in the book's release, suggesting underlying issues in its publication trajectory. Sarah Ferguson, formerly the Duchess of York, is an author with ties to the British monarchy, which often amplifies media attention on her works. The withdrawal could stem from various factors, such as editorial flaws, legal disputes, or strategic business decisions, though the article does not specify causes. This event exemplifies challenges in the publishing industry, where data from companies like Nielsen influences market dynamics. It raises questions about the integrity of publication processes and the impact on authors' reputations. For high school students, this case study illustrates the intersection of media, royalty, and commerce, emphasizing the need for critical evaluation of news sources and understanding of industry practices.",
  "keywords": [
    {
      "term": "withdrawn",
      "explanation": "officially removed from commercial availability, often due to quality control, legal issues, or corporate strategy"
    },
    {
      "term": "Nielsen",
      "explanation": "a global information and measurement company that provides data on media consumption, including book sales metrics"
    },
    {
      "term": "publication process",
      "explanation": "the sequence of steps from manuscript to market, involving editing, printing, distribution, and marketing"
    },
    {
      "term": "data analytics",
      "explanation": "the systematic computational analysis of data to uncover patterns and inform decisions, as used by Nielsen"
    },
    {
      "term": "royalty ties",
      "explanation": "connections to a royal family that can influence public perception and media coverage"
    },
    {
      "term": "media reporting",
      "explanation": "the process by which news outlets gather and disseminate information, subject to biases and limitations"
    },
    {
      "term": "strategic withdrawal",
      "explanation": "a decision to pull a product from sale based on long-term business considerations rather than immediate problems"
    },
    {
      "term": "editorial flaws",
      "explanation": "errors in content, such as inaccuracies or inappropriate material, that may necessitate withdrawal"
    },
    {
      "term": "market dynamics",
      "explanation": "the forces that affect supply and demand in an industry, influenced by data and consumer behavior"
    },
    {
      "term": "critical evaluation",
      "explanation": "assessing information by considering sources, evidence, and potential biases to form a reasoned judgment"
    },
    {
      "term": "integrity",
      "explanation": "the quality of being honest and having strong moral principles, relevant to publishing standards"
    },
    {
      "term": "commerce",
      "explanation": "the activity of buying and selling, especially on a large scale, as in the book industry"
    }
  ],
  "questions": [
    {
      "question": "What is Nielsen's primary function in relation to books?",
      "options": [
        "Publishing books",
        "Monitoring sales data and analytics",
        "Writing book reviews",
        "Illustrating books"
      ],
      "correct_answer": "Monitoring sales data and analytics"
    },
    {
      "question": "How does Sarah Ferguson's royal background affect the article's context?",
      "options": [
        "It is irrelevant",
        "It amplifies media attention and public interest",
        "It means she cannot write books",
        "It ensures all her books are bestsellers"
      ],
      "correct_answer": "It amplifies media attention and public interest"
    },
    {
      "question": "What does the article imply about the reasons for the book's withdrawal?",
      "options": [
        "Specific reasons are provided",
        "Reasons are not detailed, suggesting uncertainty",
        "It was due to high demand",
        "It was because of a prize"
      ],
      "correct_answer": "Reasons are not detailed, suggesting uncertainty"
    },
    {
      "question": "Which aspect of the publishing process is highlighted by the prior delays?",
      "options": [
        "Marketing success",
        "Potential inefficiencies or issues",
        "Global distribution",
        "Reader engagement"
      ],
      "correct_answer": "Potential inefficiencies or issues"
    },
    {
      "question": "What role does BBC Entertainment play in this report?",
      "options": [
        "It is the publisher",
        "It is a media outlet reporting the news",
        "It is the author of the book",
        "It is a data analytics firm"
      ],
      "correct_answer": "It is a media outlet reporting the news"
    },
    {
      "question": "Why might data from companies like Nielsen be important for publishers?",
      "options": [
        "To write book content",
        "To make informed decisions about sales and distribution",
        "To illustrate books",
        "To avoid legal issues"
      ],
      "correct_answer": "To make informed decisions about sales and distribution"
    },
    {
      "question": "What critical limitation does the article have in its evidence?",
      "options": [
        "It provides extensive interviews",
        "It lacks specific details on the withdrawal causes",
        "It includes statistical data",
        "It cites multiple independent sources"
      ],
      "correct_answer": "It lacks specific details on the withdrawal causes"
    },
    {
      "question": "How could strategic withdrawal benefit a publisher in the long term?",
      "options": [
        "By increasing immediate sales",
        "By avoiding potential reputational damage or losses",
        "By making the book free",
        "By ensuring it wins awards"
      ],
      "correct_answer": "By avoiding potential reputational damage or losses"
    },
    {
      "question": "What does the term 'editorial flaws' refer to in publishing?",
      "options": [
        "Errors in book content that may require correction",
        "Successful marketing strategies",
        "High sales figures",
        "Positive reader reviews"
      ],
      "correct_answer": "Errors in book content that may require correction"
    },
    {
      "question": "Why is critical evaluation of this article important for readers?",
      "options": [
        "To blindly trust all news",
        "To assess the reliability and completeness of the information",
        "To ignore the source",
        "To assume all details are accurate"
      ],
      "correct_answer": "To assess the reliability and completeness of the information"
    },
    {
      "question": "What broader industry issue does this event illustrate?",
      "options": [
        "The simplicity of publishing",
        "Challenges in quality control and market adaptation",
        "The decline of children's books",
        "The irrelevance of data in business"
      ],
      "correct_answer": "Challenges in quality control and market adaptation"
    },
    {
      "question": "How might the methodology of reporting affect the article's credibility?",
      "options": [
        "It ensures all angles are covered",
        "Reliance on limited sources may reduce depth",
        "It always includes peer review",
        "It guarantees absolute accuracy"
      ],
      "correct_answer": "Reliance on limited sources may reduce depth"
    }
  ],
  "background_read": [
    "Sarah Ferguson, the Duchess of York, is a former member of the British royal family known for her philanthropy and authorship of children's books. Nielsen is a key player in media analytics, providing data that shapes publishing decisions. The publishing industry involves complex processes from manuscript to sale, and withdrawals can occur due to factors like content errors, legal issues (e.g., plagiarism or defamation), or strategic pivots. BBC Entertainment, as part of the British Broadcasting Corporation, is a credible source but may simplify reports for entertainment focus. This context helps high school students understand the interplay between celebrity, media, and business, encouraging critical thinking about news consumption and industry practices."
  ],
  "Article_Structure": [
    "This article analyzes the withdrawal of Sarah Ferguson's children's book by Nielsen, highlighting main points: the announcement, prior delays, and lack of specified reasons. The purpose is to report on a publishing setback within the entertainment sector, providing public awareness but lacking depth. Evidence evaluation shows reliance on Nielsen's statement via BBC, with no independent verification, making it somewhat credible but limited. Author credibility is based on BBC's reputation, though the article's unnamed journalist may not have expertise in publishing. Methodology involves secondary reporting without original research, using public announcements. Critical assessment notes strengths in timeliness and source reliability but limitations in investigative depth and potential bias towards sensationalism, urging readers to seek additional sources for a comprehensive view."
  ],
  "perspectives": [
    {
      "perspective": "Author's perspective",
      "description": "Ferguson might view this as a professional setback, affecting her creative output and public image."
    },
    {
      "perspective": "Publisher's perspective",
      "description": "The publishing house may have withdrawn the book to mitigate risks, reflecting strategic decision-making in a competitive market."
    },
    {
      "perspective": "Data analytics perspective",
      "description": "Nielsen's role shows how data drives industry actions, but it may not capture qualitative aspects of book quality."
    },
    {
      "perspective": "Media criticism perspective",
      "description": "BBC's report could be critiqued for not investigating causes, potentially oversimplifying a complex issue."
    },
    {
      "perspective": "Consumer advocacy perspective",
      "description": "Readers may demand transparency in publishing practices to ensure product quality and trust."
    }
  ],
  "image_url": "/article_images/article_b1bf85034ad602f0_c92afc9d5376.jpg"
}