{
  "articles": [
    {
      "id": "552df7efa88a77d5",
      "title": "几乎所有NHS信托机构难以达到癌症目标——使用我们的工具检查您所在地区的情况",
      "summary": "这篇BBC新闻文章报道称，英国几乎所有NHS信托机构都未能达到癌症目标，导致诊断和治疗出现严重延迟。专家警告说，这些延迟正在损害患者健康，因为及时干预对癌症治疗效果至关重要。文章解释说，癌症目标是确保患者快速就诊、诊断和治疗的标准，但许多信托机构由于高需求和资源短缺等因素无法实现这些目标。文中包含一个互动工具，允许读者检查当地NHS信托机构的表现，突显了地区差异。该文章旨在提高公众对医疗系统问题的认识，呼吁采取行动改善服务，减少等待时间，这些延迟可能加剧癌症进展并增加死亡风险。",
      "source": "BBC News",
      "time_ago": "15 hours ago",
      "image_url": "/article_images/article_552df7efa88a77d5_2209cd5fd789.webp",
      "category": "News"
    },
    {
      "id": "a40d9cf8ca429de3",
      "title": "美国参议院通过资金法案，历史性停摆可能结束",
      "summary": "美国参议院通过了一项资金法案，旨在结束可能发生的政府停摆。该法案需要众议院批准，并由总统签署成为法律，才能使政府重新开放。政府停摆发生在资金短缺时，导致联邦服务暂停和员工无薪休假。参议院的这一行动是预算过程中的关键步骤，强调了跨党派合作的重要性，以确保政府持续运作，避免对公众造成不便。这篇文章报道了立法进展，突出了在财政挑战中维持稳定的努力。",
      "source": "BBC News",
      "time_ago": "16 hours ago",
      "image_url": "/article_images/article_a40d9cf8ca429de3_70b4a5204892.webp",
      "category": "News"
    },
    {
      "id": "4b0796f6cca160ef",
      "title": "政府停摆结束在望，部分民主党人脱离领导层与共和党达成协议",
      "summary": "美国历史上最长的政府停摆已持续41天，结束的可能性正在增加。一些民主党人和一名独立议员跨党派与共和党达成协议，以结束停摆。该协议仍需参议院、众议院和总统的批准，但政府可能最早在本周重新开放。此次停摆导致联邦雇员休假和各种服务中断，凸显了政治两极化下的合作挑战。国会记者丽莎·德贾丁斯报道了这一进展，强调了跨党派合作在解决关键问题中的重要性。",
      "source": "PBS NewsHour",
      "time_ago": "20 hours ago",
      "image_url": "/article_images/article_4b0796f6cca160ef_502993e698d1.webp",
      "category": "News"
    },
    {
      "id": "5ef5525a38ececd6",
      "title": "参议员凯恩解释投票结束政府停摆：'我们需要改变局面'",
      "summary": "政府停摆期间，参议院民主党人出现分歧，弗吉尼亚州参议员蒂姆·凯恩是八位投票结束停摆的民主党人之一。他在PBS NewsHour节目中向杰夫·贝内特解释了自己的投票理由，强调'需要改变局面'以打破僵局。这次投票揭示了党内分裂，凯恩认为结束停摆对减轻公共服务中断和民众影响至关重要。文章通过采访提供了政治决策的内幕，展示了在政府危机中领导者如何权衡利弊，推动解决方案。",
      "source": "PBS NewsHour",
      "time_ago": "20 hours ago",
      "image_url": "/article_images/article_5ef5525a38ececd6_9e6e82f4dbe3.webp",
      "category": "News"
    },
    {
      "id": "aaae1ad0c75d8f9b",
      "title": "Trump &#8216;likely to be emboldened&#8217; by 8 Democrats voting to end shutdown, Sen. Murphy says",
      "summary": "Sen. Chris Murphy of Connecticut is one of the 40 Democrats who voted against the deal to end the shutdown. He joined Amna Nawaz to discuss the latest.",
      "source": "PBS NewsHour",
      "time_ago": "20 hours ago",
      "image_url": "/article_images/article_aaae1ad0c75d8f9b_cd5f7d8c2232.webp",
      "category": "News"
    },
    {
      "id": "82fcadb2dbf621ee",
      "title": "Trump threatens $1bn legal action against BBC over 6 January speech edit",
      "summary": "The BBC's director general and head of news both resigned on Sunday after criticism of the programme.",
      "source": "BBC News",
      "time_ago": "1 day ago",
      "image_url": "/article_images/article_82fcadb2dbf621ee_b86e9c1fcc19.webp",
      "category": "News"
    }
  ]
}