{
  "articles": [
    {
      "id": "c0c894be3eec49f2",
      "title": "Keratin-Based Biomaterial for Enamel Regeneration: A Sustainable Dental Innovation",
      "summary": "Recent scientific investigations have revealed that keratin, a structural protein abundant in human hair and skin, can be harnessed to repair and fortify tooth enamel through the formation of a mineralized layer. This innovative approach not only arrests the progression of tooth decay but also enhances the mechanical strength of enamel, demonstrating superior efficacy compared to conventional fluoride treatments. Sourced from sustainable materials such as hair waste, this biomaterial holds promise for integration into commercial toothpaste or gel formulations. The discovery posits a paradigm shift in dentistry by leveraging biological waste for regenerative purposes, potentially mitigating the global burden of dental caries. This advancement underscores the intersection of biotechnology and environmental science, offering a dual benefit of improved oral health and reduced ecological footprint. Further research and development could elucidate its long-term viability and clinical applications, paving the way for transformative changes in preventive dental care.",
      "source": "Science Daily",
      "time_ago": "1 day ago",
      "image_url": "/article_images/article_c0c894be3eec49f2_0a75b0240d7a.webp",
      "category": "Science"
    },
    {
      "id": "6a9ed14280a34bae",
      "title": "Hidden weakness makes prostate cancer self-destruct",
      "summary": "Researchers have discovered that prostate cancer depends on two key enzymes, PDIA1 and PDIA5, to survive and resist therapy. When blocked, these enzymes cause the androgen receptor to collapse, killing cancer cells and enhancing the effects of drugs like enzalutamide. They also disrupt the cancer’s energy system, striking it on multiple fronts. This breakthrough could open a new path to overcoming drug resistance in advanced prostate cancer.",
      "source": "Science Daily",
      "time_ago": "1 day ago",
      "image_url": "/article_images/article_6a9ed14280a34bae_b3f8b7031793.webp",
      "category": "Science"
    },
    {
      "id": "9c50257b776cb2dc",
      "title": "SGK1: A Molecular Link Between Childhood Trauma and Depressive Disorders",
      "summary": "In a groundbreaking study, researchers have identified serum and glucocorticoid-regulated kinase 1 (SGK1) as a pivotal molecular mediator connecting childhood trauma to major depressive disorder and suicidal behavior. Investigations revealed elevated SGK1 levels in the post-mortem brains of suicide victims, as well as in individuals carrying genetic variants associated with early life adversity. This correlation underscores SGK1's role in the stress response pathway, potentially explaining how adverse childhood experiences predispose individuals to psychiatric conditions. The implications are profound, suggesting that pharmacological inhibition of SGK1 could yield novel antidepressant therapies, particularly for patients exhibiting resistance to conventional selective serotonin reuptake inhibitors (SSRIs). This research not only elucidates biological mechanisms but also opens avenues for targeted interventions in mental health care.",
      "source": "Science Daily",
      "time_ago": "1 day ago",
      "image_url": "/article_images/article_9c50257b776cb2dc_0c13d9334dbe.webp",
      "category": "Science"
    },
    {
      "id": "d093f785008e8710",
      "title": "Translocation and Population Recovery: The Red Kite Conservation Case in Spain",
      "summary": "The article details a conservation project focused on the translocation of red kites from the United Kingdom to south-west Spain to aid in population recovery. Red kites, as a species, have experienced significant declines historically due to factors such as persecution, habitat fragmentation, and environmental contaminants. This initiative represents a strategic effort in species reintroduction, where individuals from robust populations are introduced to areas where they have dwindled. The reported success, evidenced by new mating pairs and fledged chicks, underscores the potential of such interventions in biodiversity conservation. However, it also invites scrutiny regarding the ecological impacts, genetic diversity, and long-term viability of translocated populations. The project exemplifies broader themes in conservation biology, including the role of international collaboration, adaptive management, and the challenges of measuring success in complex ecosystems. Ultimately, it contributes to discussions on effective strategies for combating species extinction and enhancing ecosystem resilience.",
      "source": "BBC Science",
      "time_ago": "2 days ago",
      "image_url": "/article_images/article_d093f785008e8710_cb94a01745ae.webp",
      "category": "Science"
    },
    {
      "id": "ca0ff547140c0c5e",
      "title": "James Watson: Legacy of Discovery and Ethical Controversy in Genetics",
      "summary": "James Watson, co-discoverer of the DNA double helix, died at 97, leaving a complex legacy marked by profound scientific contributions and significant ethical controversies. His collaboration with Francis Crick in 1953, utilizing Rosalind Franklin's X-ray diffraction data, elucidated the structure of DNA, fundamentally transforming molecular biology and genetics. This achievement earned them the Nobel Prize and paved the way for advancements such as genetic engineering and personalized medicine. However, Watson's career was overshadowed by his repeated public assertions linking race to intelligence, which were widely condemned as racist and unsupported by scientific evidence. These views led to his ostracism from academic circles and revocation of honors, raising critical questions about the intersection of science and morality. The BBC Science article examines this duality, prompting reflection on how society evaluates scientific pioneers amidst their personal failings, and emphasizing the necessity of integrating ethical scrutiny with scientific acclaim.",
      "source": "BBC Science",
      "time_ago": "4 days ago",
      "image_url": "/article_images/article_ca0ff547140c0c5e_46aafa7e5c8e.webp",
      "category": "Science"
    },
    {
      "id": "62820fd89e30a374",
      "title": "Critical Analysis of Avian Influenza Mutational Threats in the United Kingdom",
      "summary": "In a report sourced from the BBC, a prominent virology expert has raised alarms regarding the spread of a highly infectious avian influenza virus in the UK, characterizing it as potentially the most severe outbreak encountered thus far. The central thesis posits that the virus possesses a significant capacity for mutation, which could enhance its transmissibility among bird populations and elevate zoonotic risks to humans. This assertion is grounded in the expert's analysis of current viral behaviors and historical precedents of influenza strains evolving into more virulent forms. For high school students, this scenario underscores the interplay between virology, public health policy, and agricultural economics. Farmers are advised to adopt rigorous biosecurity protocols, such as flock isolation and symptom surveillance, to mitigate spread. Concurrently, public health authorities are intensifying monitoring efforts to preempt a broader crisis, highlighting the necessity of interdisciplinary collaboration. The implications extend beyond immediate health concerns to encompass potential disruptions in food supply chains and economic stability, urging a proactive approach to disease management and global health security.",
      "source": "BBC Science",
      "time_ago": "5 days ago",
      "image_url": "/article_images/article_62820fd89e30a374_39380b245b69.webp",
      "category": "Science"
    }
  ]
}