{
  "articles": [
    {
      "id": "552df7efa88a77d5",
      "title": "Systemic Failures in NHS Cancer Care: An Analysis of Target Non-Compliance",
      "summary": "This BBC News investigation reveals that a vast majority of NHS trusts across the United Kingdom are failing to adhere to established cancer targets, resulting in protracted delays in both diagnosis and treatment phases. Experts in oncology and public health assert that these delays are directly compromising patient safety and outcomes, as timely medical intervention is critical for managing cancer effectively. The article delineates how cancer targets, such as the 62-day standard from referral to treatment, serve as vital benchmarks to ensure equitable and efficient care, yet persistent non-compliance highlights deeper systemic issues, including resource allocation inefficiencies, staffing deficits, and escalating patient demand. Incorporating an interactive tool, the piece enables public engagement by allowing individuals to assess local trust performance, thereby fostering accountability. It contextualizes these failures within broader healthcare challenges, such as funding constraints and policy gaps, and calls for strategic interventions to mitigate risks of advanced disease progression and heightened mortality, underscoring the imperative for healthcare reform and enhanced public vigilance.",
      "source": "BBC News",
      "time_ago": "14 hours ago",
      "image_url": "/article_images/article_552df7efa88a77d5_2209cd5fd789.webp",
      "category": "News"
    },
    {
      "id": "a40d9cf8ca429de3",
      "title": "Legislative Action in the US Senate to Prevent Imminent Government Shutdown",
      "summary": "The United States Senate has enacted a funding bill designed to circumvent a potential government shutdown, marking a pivotal moment in federal budgetary proceedings. This legislation must now secure approval from the House of Representatives and receive the president's signature to be enacted into law. Upon implementation, the bill would facilitate the allocation of financial resources to government operations, enabling the resumption of essential and non-essential services that were at risk due to funding lapses. A government shutdown entails the suspension of federal activities, resulting in furloughs for employees and significant disruptions to public services, which can have broader economic and social ramifications. The Senate's decision underscores the complexities of the legislative process, highlighting the necessity of inter-chamber collaboration and executive branch involvement. This scenario illustrates ongoing fiscal governance challenges, emphasizing the role of bipartisan negotiations in achieving political stability and ensuring the continuity of governmental functions for societal welfare.",
      "source": "BBC News",
      "time_ago": "15 hours ago",
      "image_url": "/article_images/article_a40d9cf8ca429de3_70b4a5204892.webp",
      "category": "News"
    },
    {
      "id": "4b0796f6cca160ef",
      "title": "Cross-Party Negotiations to Resolve the Prolonged Government Shutdown",
      "summary": "The United States is on the verge of concluding its longest government shutdown, which has persisted for 41 days, following a breakthrough in bipartisan negotiations. A faction of Democratic legislators, along with an independent senator, has defied their party leadership to forge an agreement with Republicans, signaling a potential resolution. For the government to recommence operations, this accord must secure ratification from the Senate, the House of Representatives, and the president's endorsement, with reopening anticipated as early as this week. The shutdown has engendered significant ramifications, including the furlough of federal employees, disruption of public services, and economic strain. This episode underscores the intricate dynamics of partisan politics and the imperative of compromise in legislative processes. Lisa Desjardins, serving as a congressional correspondent, delivers this account, elucidating the complexities of cross-party alliances and their implications for governance and public welfare.",
      "source": "PBS NewsHour",
      "time_ago": "19 hours ago",
      "image_url": "/article_images/article_4b0796f6cca160ef_502993e698d1.webp",
      "category": "News"
    },
    {
      "id": "5ef5525a38ececd6",
      "title": "Analyzing Senator Kaine's Strategic Vote to Resolve the Government Shutdown",
      "summary": "The recent government shutdown exposed deep fissures within the Senate Democrats, with Senator Tim Kaine of Virginia emerging as a pivotal figure among the eight who voted to terminate the impasse. In an interview with Geoff Bennett on PBS NewsHour, Kaine articulated his decision by emphasizing the necessity to 'change the equation,' suggesting a strategic shift to overcome legislative gridlock. This vote not only underscores intra-party divisions but also reflects broader political tactics employed during budgetary crises. Kaine's justification centered on the adverse effects of the shutdown on federal operations and public welfare, advocating for a pragmatic resolution. The article provides insight into the complexities of congressional dynamics, where individual votes can influence party cohesion and policy outcomes, highlighting the interplay between principle and practicality in governance.",
      "source": "PBS NewsHour",
      "time_ago": "19 hours ago",
      "image_url": "/article_images/article_5ef5525a38ececd6_9e6e82f4dbe3.webp",
      "category": "News"
    },
    {
      "id": "aaae1ad0c75d8f9b",
      "title": "Trump &#8216;likely to be emboldened&#8217; by 8 Democrats voting to end shutdown, Sen. Murphy says",
      "summary": "Sen. Chris Murphy of Connecticut is one of the 40 Democrats who voted against the deal to end the shutdown. He joined Amna Nawaz to discuss the latest.",
      "source": "PBS NewsHour",
      "time_ago": "19 hours ago",
      "image_url": "/article_images/article_aaae1ad0c75d8f9b_cd5f7d8c2232.webp",
      "category": "News"
    },
    {
      "id": "82fcadb2dbf621ee",
      "title": "Trump threatens $1bn legal action against BBC over 6 January speech edit",
      "summary": "The BBC's director general and head of news both resigned on Sunday after criticism of the programme.",
      "source": "BBC News",
      "time_ago": "23 hours ago",
      "image_url": "/article_images/article_82fcadb2dbf621ee_b86e9c1fcc19.webp",
      "category": "News"
    }
  ]
}