{
  "articles": [
    {
      "id": "0e2f49327fdddf88",
      "title": "Analyzing Fender's Philanthropic Gesture in the Music Industry",
      "summary": "In a notable act of philanthropy, the singer Fender has donated his entire £25,000 Mercury Prize award to the Music Venue Trust, an organization focused on safeguarding grassroots music venues throughout the UK. The Mercury Prize, awarded annually for the best album, represents a significant accolade in the music world, and Fender's decision to redirect the funds underscores a commitment to addressing systemic issues within the industry. Grassroots venues are essential for nurturing emerging talent, providing platforms for performances that can launch careers, yet they frequently encounter financial instability due to factors like rising operational costs and limited revenue streams. By channeling the prize money to the Music Venue Trust, Fender not only offers immediate financial relief but also amplifies discourse on the preservation of local music cultures. This gesture reflects broader trends of artist-led advocacy, where successful figures leverage their influence to support foundational elements of their field. It raises questions about the sustainability of such interventions and their long-term impact on venue viability, encouraging critical examination of how philanthropy intersects with cultural policy and economic realities in the arts sector.",
      "source": "BBC Entertainment",
      "time_ago": "16 hours ago",
      "image_url": "/article_images/article_0e2f49327fdddf88_b5a9ea90a823.webp",
      "category": "Fun"
    },
    {
      "id": "bb991fb77b66347f",
      "title": "David Szalay's Flesh Secures the Booker Prize: A Literary Milestone",
      "summary": "David Szalay, a British-Hungarian author, has been awarded the Booker Prize for his novel Flesh, which judges described as extraordinary and very special. The Booker Prize is a highly esteemed literary award conferred annually for the best work of fiction in English, significantly influencing literary circles and public readership. This accolade not only recognizes Szalay's artistic prowess but also amplifies the visibility of his work, potentially affecting sales and critical reception. The article, sourced from BBC Entertainment, underscores the judges' commendation, suggesting the novel's thematic depth and narrative innovation. Such awards play a crucial role in shaping literary canons and fostering cultural discourse. Moreover, the win invites analysis of Szalay's oeuvre and its place in contemporary literature, highlighting how prizes can validate and propel authors into broader academic and public consciousness. This event exemplifies the interplay between artistic recognition and market dynamics in the publishing industry.",
      "source": "BBC Entertainment",
      "time_ago": "21 hours ago",
      "image_url": "/article_images/article_bb991fb77b66347f_e342813f1553.webp",
      "category": "Fun"
    },
    {
      "id": "6c21d0432610c03f",
      "title": "Analyzing Ariana Grande's Personal and Professional Identity in 'Wicked'",
      "summary": "In the entertainment landscape, Ariana Grande's decision to transition her hair color from blonde to brunette while portraying Glinda in the film adaptation of 'Wicked' serves as a focal point for discussing the intersection of personal identity and professional obligations. The article, sourced from BBC Entertainment, outlines that this alteration is not indicative of her relinquishing the role, contrary to potential public assumptions. Grande's clarification aims to mitigate misconceptions that often arise when celebrities modify their appearances, underscoring the nuanced relationship between an actor's off-screen persona and their on-screen character. This scenario invites a broader examination of how the media constructs narratives around physical transformations, potentially influencing audience perceptions and engagement. Furthermore, it highlights the evolving norms in Hollywood regarding actor agency and the demarcation between personal style and contractual duties. By analyzing this event, one can glean insights into the dynamics of celebrity culture, where every change is scrutinized, and statements become crucial for maintaining artistic integrity and public trust.",
      "source": "BBC Entertainment",
      "time_ago": "22 hours ago",
      "image_url": "/article_images/article_6c21d0432610c03f_66879731c53c.webp",
      "category": "Fun"
    },
    {
      "id": "133b2842ae14b522",
      "title": "Sinner's Serve Dominance and Tactical Superiority in ATP Finals Victory",
      "summary": "Jannik Sinner commenced his ATP Finals title defense with a resounding victory over Felix Auger-Aliassime, showcasing a masterful display of serving prowess that underscored his strategic acumen. Competing before an enthusiastic home audience, Sinner exploited Auger-Aliassime's apparent physical impediments, which detrimentally affected the latter's mobility and shot-making consistency. The ATP Finals, a culminating event on the men's professional tennis calendar, assembles the elite eight competitors, and Sinner's performance reaffirms his status as a top contender. His ability to maintain high first-serve percentages and apply relentless pressure highlights not only his technical proficiency but also his mental fortitude under the spotlight of a major tournament. This match serves as a microcosm of the broader dynamics in elite sports, where physical conditioning, psychological resilience, and tactical execution converge. For Auger-Aliassime, this defeat necessitates a reassessment of his preparation and injury management, while Sinner's win positions him favorably in the round-robin stage, potentially influencing the tournament's trajectory.",
      "source": "BBC Tennis",
      "time_ago": "22 hours ago",
      "image_url": "/article_images/article_133b2842ae14b522_9fb13f89006e.webp",
      "category": "Fun"
    },
    {
      "id": "f856125d8af5b689",
      "title": "Analyzing Ons Jabeur's Pregnancy Announcement in the Context of Professional Sports",
      "summary": "The announcement by Ons Jabeur, a former world number two tennis player, that she is pregnant with her first child represents a significant moment in the discourse on gender and sports. This news, disseminated through BBC Tennis, not only highlights a personal life event but also engages with broader societal issues, such as the challenges female athletes face in balancing professional careers with motherhood. Jabeur's decision to take a temporary hiatus from tennis underscores the physical and logistical demands of pregnancy in high-performance sports, while her planned comeback raises questions about support systems and inclusivity in athletic institutions. The article serves to celebrate her achievement and foster discussions on the evolving role of women in sports, where such announcements can influence perceptions and policies. By examining Jabeur's case, one can explore themes of resilience, career interruption, and the potential for her return to inspire future generations, particularly in underrepresented regions like Africa and the Arab world.",
      "source": "BBC Tennis",
      "time_ago": "22 hours ago",
      "image_url": "/article_images/article_f856125d8af5b689_0ad42ae823c8.webp",
      "category": "Fun"
    },
    {
      "id": "863907c217698392",
      "title": "Analyzing Rybakina's Defiance: Implications for Tennis Governance",
      "summary": "In the aftermath of securing the largest financial prize in women's tennis history, Elena Rybakina's decision to decline a photograph with WTA Tour Chief Executive Officer Portia Archer has ignited discussions on athlete agency and institutional relations within professional sports. This article delves into the multifaceted reasons behind Rybakina's refusal, considering factors such as post-competition exhaustion, potential disputes over tour policies, or a strategic stance on player rights. It situates this event within the broader context of tennis governance, where players increasingly advocate for greater influence and transparency. By examining this incident, the piece critiques the power dynamics between athletes and sporting bodies, highlighting how such actions can symbolize resistance to perceived inequities or demands for respect. Furthermore, it reflects on the evolving landscape of women's tennis, where financial milestones and personal autonomy intersect, prompting a reevaluation of traditional protocols and the role of executives like Archer in fostering collaborative environments.",
      "source": "BBC Tennis",
      "time_ago": "1 day ago",
      "image_url": "/article_images/article_863907c217698392_eb28d22ef29e.webp",
      "category": "Fun"
    }
  ]
}