{
  "title": "Novak Djokovic Wins Tennis Match at Australian Open",
  "summary": "Novak Djokovic is a famous tennis player who won a match at the Australian Open, a big tennis tournament. He played against Francesco Maestrelli and won easily to move to the third round. Djokovic is trying to win his 25th Grand Slam title, which would make him the best tennis player ever with the most singles titles. The match was quick, and he played very well. This victory helps him get closer to his goal of breaking the record. The Australian Open is held in Melbourne, Australia, and many people watch it. Djokovic is known for being a great champion, and fans are excited to see if he can win the tournament.",
  "keywords": [
    {
      "term": "Novak Djokovic",
      "explanation": "a famous tennis player"
    },
    {
      "term": "Australian Open",
      "explanation": "a big tennis tournament in Australia"
    },
    {
      "term": "third round",
      "explanation": "the next stage in the tournament after winning earlier matches"
    },
    {
      "term": "Grand Slam title",
      "explanation": "a major championship in tennis"
    },
    {
      "term": "record",
      "explanation": "the best achievement in history"
    }
  ],
  "questions": [
    {
      "question": "Who won the tennis match in the article?",
      "options": [
        "Novak Djokovic",
        "Francesco Maestrelli",
        "Roger Federer",
        "Rafael Nadal"
      ],
      "correct_answer": "Novak Djokovic"
    },
    {
      "question": "What tournament is Djokovic playing in?",
      "options": [
        "Wimbledon",
        "US Open",
        "Australian Open",
        "French Open"
      ],
      "correct_answer": "Australian Open"
    },
    {
      "question": "What round did Djokovic reach after winning?",
      "options": [
        "First round",
        "Second round",
        "Third round",
        "Final round"
      ],
      "correct_answer": "Third round"
    },
    {
      "question": "How many Grand Slam titles is Djokovic trying to win?",
      "options": [
        "20",
        "24",
        "25",
        "30"
      ],
      "correct_answer": "25"
    },
    {
      "question": "Where is the Australian Open held?",
      "options": [
        "London",
        "New York",
        "Melbourne",
        "Paris"
      ],
      "correct_answer": "Melbourne"
    },
    {
      "question": "What is Djokovic trying to break?",
      "options": [
        "A tennis racket",
        "A speed record",
        "The all-time singles record",
        "A scoreboard"
      ],
      "correct_answer": "The all-time singles record"
    }
  ],
  "background_read": [
    "Tennis is a sport played with a racket and ball on a court. Grand Slam tournaments are the most important events in tennis, including the Australian Open, French Open, Wimbledon, and US Open. Players compete to win titles and set records. Novak Djokovic is one of the top players, known for his skill and many victories."
  ],
  "Article_Structure": [
    "WHO: Novak Djokovic, a tennis player",
    "WHAT: He won a match to reach the third round of the Australian Open",
    "WHERE: At the Australian Open in Melbourne, Australia",
    "WHY: To try to win his 25th Grand Slam title and break the all-time record"
  ],
  "perspectives": [
    {
      "perspective": "Athlete's view",
      "description": "Djokovic is focused on winning and making history."
    }
  ],
  "image_url": "/article_images/article_3ad70c5fb001e2f0_d56828da2627.webp"
}