{
  "title": "Djokovic Advances in Australian Open with Record Goal",
  "summary": "Novak Djokovic secured a straightforward victory over Francesco Maestrelli in the second round of the Australian Open, advancing to the third round as he pursues a historic 25th Grand Slam singles title. This achievement would surpass the current all-time record, solidifying his status as one of tennis's greatest players. The match, which lasted just over a minute and thirty-three seconds in video coverage, demonstrated Djokovic's dominant performance and strategic play. The Australian Open, held annually in Melbourne, is one of the four major Grand Slam tournaments, attracting global attention. Djokovic's progress in this tournament is closely watched by fans and analysts, as it marks a significant step toward breaking the singles record. His consistent success in Grand Slams highlights his endurance and skill, making him a formidable competitor. This article from BBC Tennis emphasizes the ease of his win and the broader context of his career ambitions, providing updates on his journey in the 2024 tournament.",
  "keywords": [
    {
      "term": "advances",
      "explanation": "moves forward to the next stage in a competition"
    },
    {
      "term": "historic",
      "explanation": "important or famous in history"
    },
    {
      "term": "dominant performance",
      "explanation": "a very strong and controlling way of playing"
    },
    {
      "term": "Grand Slam tournaments",
      "explanation": "the four most prestigious tennis championships"
    },
    {
      "term": "career ambitions",
      "explanation": "goals and plans for one's professional life"
    }
  ],
  "questions": [
    {
      "question": "Who did Djokovic defeat to reach the third round?",
      "options": [
        "Roger Federer",
        "Francesco Maestrelli",
        "Rafael Nadal",
        "Andy Murray"
      ],
      "correct_answer": "Francesco Maestrelli"
    },
    {
      "question": "What is Djokovic aiming to achieve with a 25th Grand Slam title?",
      "options": [
        "Win a gold medal",
        "Break the all-time singles record",
        "Retire from tennis",
        "Start a new tournament"
      ],
      "correct_answer": "Break the all-time singles record"
    },
    {
      "question": "How long was the video coverage of the match?",
      "options": [
        "00:01:33",
        "00:02:43",
        "00:03:01",
        "00:01:14"
      ],
      "correct_answer": "00:01:33"
    },
    {
      "question": "Where is the Australian Open held?",
      "options": [
        "Sydney",
        "Melbourne",
        "Brisbane",
        "Perth"
      ],
      "correct_answer": "Melbourne"
    },
    {
      "question": "What type of tournament is the Australian Open?",
      "options": [
        "A local club event",
        "A Grand Slam tournament",
        "A charity match",
        "A junior competition"
      ],
      "correct_answer": "A Grand Slam tournament"
    },
    {
      "question": "What does the article highlight about Djokovic's performance?",
      "options": [
        "It was difficult",
        "It was dominant and easy",
        "It was disappointing",
        "It was his first win"
      ],
      "correct_answer": "It was dominant and easy"
    },
    {
      "question": "Why is Djokovic's progress significant?",
      "options": [
        "He is retiring soon",
        "He is breaking a record",
        "He is coaching others",
        "He is changing sports"
      ],
      "correct_answer": "He is breaking a record"
    },
    {
      "question": "What source published this article?",
      "options": [
        "CNN Sports",
        "BBC Tennis",
        "ESPN",
        "Fox News"
      ],
      "correct_answer": "BBC Tennis"
    }
  ],
  "background_read": [
    "The Australian Open is a major tennis tournament held in Melbourne each January, part of the Grand Slam series along with the French Open, Wimbledon, and US Open. Novak Djokovic is a Serbian professional tennis player known for his numerous Grand Slam victories and rivalry with players like Roger Federer and Rafael Nadal. Grand Slam titles are the highest achievements in tennis, and breaking records in this sport requires consistent excellence over many years. This article covers Djokovic's latest match and his ongoing quest for tennis history."
  ],
  "Article_Structure": [
    "Main Points: Djokovic won his second-round match against Maestrelli to advance to the third round of the Australian Open, aiming for a 25th Grand Slam title to break the all-time singles record. Purpose: To report on Djokovic's easy victory and highlight his pursuit of a historic milestone in tennis. Evidence Evaluation: The article provides basic match details and video duration, but lacks in-depth statistics or quotes, relying on BBC's credibility as a news source. Author Credibility: BBC Tennis is a reputable sports outlet, though the specific author isn't named, suggesting general reporting. Methodology: Information is likely gathered from match results and official tournament updates, presented in a concise news format."
  ],
  "perspectives": [
    {
      "perspective": "Sports analyst view",
      "description": "Focuses on Djokovic's strategic play and record-breaking potential."
    }
  ],
  "image_url": "/article_images/article_3ad70c5fb001e2f0_d56828da2627.webp"
}