{
  "title": "Unraveling Solar Flares: How Magnetic Avalanches Trigger Sun Explosions",
  "summary": "Researchers using the European Space Agency's Solar Orbiter spacecraft have captured unprecedented details of a large solar flare, revealing that it begins with subtle magnetic disturbances that rapidly intensify, similar to a snow avalanche. The flare occurred on September 30, 2024, and was observed by four instruments on Solar Orbiter, including the Extreme Ultraviolet Imager (EUI), which recorded changes every two seconds. Solar flares are powerful explosions resulting from magnetic reconnection, where twisted magnetic field lines break and reconnect, releasing vast energy that heats plasma to millions of degrees and can trigger geomagnetic storms on Earth. The study, published in Astronomy & Astrophysics, shows that the flare started with a dark filament and cross-shaped magnetic patterns that grew brighter as new magnetic strands formed and twisted every few seconds. This instability led to a chain reaction of magnetic reconnection, culminating in a violent eruption. Scientists emphasize the rarity of such detailed observations due to limited data storage and timing, highlighting the importance for understanding space weather and protecting technology.",
  "keywords": [
    {
      "term": "Solar Orbiter",
      "explanation": "A spacecraft led by the European Space Agency designed to study the Sun's atmosphere and magnetic activity"
    },
    {
      "term": "magnetic reconnection",
      "explanation": "A process where magnetic field lines break and reconnect, releasing energy that causes solar flares"
    },
    {
      "term": "solar flare",
      "explanation": "A sudden, intense explosion on the Sun that releases electromagnetic radiation and particles"
    },
    {
      "term": "plasma",
      "explanation": "A state of matter consisting of charged particles, found in the Sun's corona and heated during flares"
    },
    {
      "term": "geomagnetic storms",
      "explanation": "Disturbances in Earth's magnetic field caused by solar activity, potentially disrupting communications and power grids"
    }
  ],
  "questions": [
    {
      "question": "What spacecraft was used to observe the solar flare?",
      "options": [
        "Hubble Space Telescope",
        "Solar Orbiter",
        "International Space Station",
        "Voyager 1"
      ],
      "correct_answer": "Solar Orbiter"
    },
    {
      "question": "What process is primarily responsible for releasing energy in solar flares?",
      "options": [
        "Nuclear fusion",
        "Magnetic reconnection",
        "Gravitational collapse",
        "Chemical reactions"
      ],
      "correct_answer": "Magnetic reconnection"
    },
    {
      "question": "Which instrument on Solar Orbiter provided detailed images of the Sun's corona?",
      "options": [
        "SPICE",
        "EUI",
        "STIX",
        "PHI"
      ],
      "correct_answer": "EUI"
    },
    {
      "question": "What did scientists compare the growth of the solar flare to?",
      "options": [
        "A volcanic eruption",
        "A snow avalanche",
        "A tidal wave",
        "A forest fire"
      ],
      "correct_answer": "A snow avalanche"
    },
    {
      "question": "When did the solar flare observed in this study occur?",
      "options": [
        "September 30, 2024",
        "January 21, 2026",
        "December 25, 2023",
        "March 15, 2025"
      ],
      "correct_answer": "September 30, 2024"
    },
    {
      "question": "What can solar flares cause on Earth?",
      "options": [
        "Earthquakes",
        "Geomagnetic storms",
        "Hurricanes",
        "Volcanic eruptions"
      ],
      "correct_answer": "Geomagnetic storms"
    },
    {
      "question": "Why were the observations of this flare considered rare?",
      "options": [
        "Because solar flares are uncommon",
        "Due to limited data storage and timing opportunities",
        "Because the Sun is too far away",
        "Because it was at night"
      ],
      "correct_answer": "Due to limited data storage and timing opportunities"
    },
    {
      "question": "What was the role of the dark filament in the flare's development?",
      "options": [
        "It cooled the Sun",
        "It was part of the magnetic structure that became unstable",
        "It blocked the view of the flare",
        "It caused a rainstorm on Earth"
      ],
      "correct_answer": "It was part of the magnetic structure that became unstable"
    }
  ],
  "background_read": [
    "Solar flares are explosive events on the Sun that occur when energy stored in magnetic fields is suddenly released through magnetic reconnection. This process heats plasma in the Sun's corona to extreme temperatures and can eject charged particles into space. When these particles interact with Earth's magnetic field, they cause geomagnetic storms, which may disrupt satellite communications, power grids, and GPS systems. The Solar Orbiter mission, launched by ESA, aims to study the Sun's polar regions and magnetic activity to improve our understanding of solar dynamics and space weather forecasting. Observations like those described in the article are crucial for developing models to predict solar events and mitigate their impacts on technology."
  ],
  "Article_Structure": [
    "Main Points: The article details how Solar Orbiter captured a solar flare starting with subtle magnetic disturbances that escalate into a violent eruption through magnetic reconnection, comparing it to an avalanche. Purpose: To inform about new scientific insights into flare initiation and evolution, emphasizing the importance for space weather prediction. Evidence Evaluation: High-quality data from four instruments provides strong evidence, but limited by rare observational windows. Author Credibility: Lead author Pradeep Chitta is from a reputable institute, and the study is peer-reviewed in Astronomy & Astrophysics. Methodology: Used multiple instruments on Solar Orbiter for simultaneous observations of different solar layers over 40 minutes, with high-cadence imaging."
  ],
  "perspectives": [
    {
      "perspective": "Technological advancement",
      "description": "The use of Solar Orbiter's instruments represents a leap in solar observation, enabling detailed study of flare mechanisms."
    }
  ],
  "image_url": "/article_images/article_8f23b94a82e10bfb_5a9e640ac924.webp"
}