{
  "title": "Tennis Stars and Big Matches at the Australian Open",
  "summary": "The Australian Open is a big tennis tournament starting soon. Two top players, Jannik Sinner and Carlos Alcaraz, are favorites to win. Sinner is from Italy and has won in Melbourne before. Alcaraz is from Spain and wants to win here for the first time. He is starting without his old coach. Another player, Iga Swiatek from Poland, also hopes to win this tournament to complete all the Grand Slam titles. The article talks about their skills and goals. It is exciting to see who will play best on the hard courts.",
  "keywords": [
    {
      "term": "Australian Open",
      "explanation": "a big tennis tournament in Australia"
    },
    {
      "term": "Jannik Sinner",
      "explanation": "a top tennis player from Italy"
    },
    {
      "term": "Carlos Alcaraz",
      "explanation": "a top tennis player from Spain"
    },
    {
      "term": "Grand Slam",
      "explanation": "the four biggest tennis tournaments in the world"
    },
    {
      "term": "hard courts",
      "explanation": "the type of surface used for tennis at the Australian Open"
    },
    {
      "term": "Iga Swiatek",
      "explanation": "a top tennis player from Poland"
    }
  ],
  "questions": [
    {
      "question": "What is the Australian Open?",
      "options": [
        "A big tennis tournament",
        "A soccer game",
        "A swimming race",
        "A music concert"
      ],
      "correct_answer": "A big tennis tournament"
    },
    {
      "question": "Who are the two favorite players mentioned?",
      "options": [
        "Jannik Sinner and Carlos Alcaraz",
        "Roger Federer and Rafael Nadal",
        "Serena Williams and Naomi Osaka",
        "Novak Djokovic and Andy Murray"
      ],
      "correct_answer": "Jannik Sinner and Carlos Alcaraz"
    },
    {
      "question": "Where is Jannik Sinner from?",
      "options": [
        "Italy",
        "Spain",
        "Poland",
        "Australia"
      ],
      "correct_answer": "Italy"
    },
    {
      "question": "What does Carlos Alcaraz want to win for the first time?",
      "options": [
        "The Australian Open",
        "The French Open",
        "The US Open",
        "The Wimbledon"
      ],
      "correct_answer": "The Australian Open"
    },
    {
      "question": "Who is Iga Swiatek?",
      "options": [
        "A tennis player from Poland",
        "A coach from Spain",
        "A referee from Italy",
        "A fan from Australia"
      ],
      "correct_answer": "A tennis player from Poland"
    },
    {
      "question": "What type of courts are used at the Australian Open?",
      "options": [
        "Hard courts",
        "Grass courts",
        "Clay courts",
        "Indoor courts"
      ],
      "correct_answer": "Hard courts"
    }
  ],
  "background_read": [
    "The Australian Open is one of the four Grand Slam tennis tournaments, held every year in Melbourne, Australia. It features top players from around the world competing on hard courts. Grand Slams are the most important events in tennis, and winning all four is a big achievement called a career Grand Slam. This article focuses on key players like Jannik Sinner, Carlos Alcaraz, and Iga Swiatek, who are trying to win or complete their set of titles."
  ],
  "Article_Structure": [
    "WHO: Top tennis players like Jannik Sinner, Carlos Alcaraz, and Iga Swiatek.",
    "WHAT: They are competing in the Australian Open, a major tennis tournament.",
    "WHERE: The tournament is held in Melbourne, Australia.",
    "WHY: To win the title and complete Grand Slam achievements."
  ],
  "perspectives": [
    {
      "perspective": "Player Focus",
      "description": "The article highlights individual players' goals and challenges, such as Alcaraz aiming to win his first Australian Open and Swiatek seeking to complete her Grand Slam set."
    }
  ],
  "image_url": "/article_images/article_17bed4c020dbacac_aac890b1377e.webp"
}