{
  "title": "Strategic Dynamics and Historic Pursuits at the Australian Open Grand Slam",
  "summary": "The Australian Open, commencing as the inaugural Grand Slam of the tennis season, presents compelling narratives centered on top contenders Jannik Sinner and Carlos Alcaraz in the men's singles. Sinner, an Italian player, has established a formidable record in Melbourne, winning consecutive titles and demonstrating a relentlessly metronomic baseline game that aligns with the medium-fast hard courts. In contrast, Alcaraz, a 22-year-old Spaniard, has yet to surpass the quarter-finals at this venue, a shortfall attributed to insufficient early-season rhythm rather than an inability to adapt. Embarking on a new era without his long-time coach Juan Carlos Ferrero, Alcaraz aspires to secure the Australian Open title, which would render him the youngest male to accomplish a career Grand Slam. Concurrently, Iga Swiatek of Poland, possessing six Grand Slam titles, seeks to conquer Melbourne to complete her set of all four majors. The article delves into these athletes' technical proficiencies, historical performances, and psychological motivations, offering a nuanced preview of the tournament's potential outcomes and broader implications for tennis legacies.",
  "keywords": [
    {
      "term": "Australian Open",
      "explanation": "the first major tennis tournament of the year, held on hard courts in Melbourne, Australia"
    },
    {
      "term": "Jannik Sinner",
      "explanation": "an Italian tennis professional known for his consistent baseline strategy and recent dominance in Melbourne"
    },
    {
      "term": "Carlos Alcaraz",
      "explanation": "a Spanish tennis prodigy aiming to achieve a career Grand Slam and overcome early-season challenges in Australia"
    },
    {
      "term": "career Grand Slam",
      "explanation": "the attainment of victory in all four Grand Slam tournaments over a player's career, a mark of elite achievement"
    },
    {
      "term": "Iga Swiatek",
      "explanation": "a Polish tennis star with multiple Grand Slam victories, targeting the Australian Open to complete a full set"
    },
    {
      "term": "metronomic baseline game",
      "explanation": "a playing style characterized by precise, repetitive groundstrokes from the back of the court"
    },
    {
      "term": "medium-fast hard courts",
      "explanation": "the specific court surface at the Australian Open, influencing ball speed and player tactics"
    },
    {
      "term": "Juan Carlos Ferrero",
      "explanation": "the former coach of Carlos Alcaraz, whose departure signifies a strategic shift for the player"
    },
    {
      "term": "ATP Tour",
      "explanation": "the elite professional circuit for male tennis players, encompassing Grand Slams and other tournaments"
    },
    {
      "term": "Grand Slam titles",
      "explanation": "championships won at the four major tennis events, indicating top-tier success"
    }
  ],
  "questions": [
    {
      "question": "How does the Australian Open's position in the tennis calendar influence player preparation?",
      "options": [
        "As the first Grand Slam, it requires early-season adaptation and rhythm",
        "It is the last major, allowing for peak performance after a full season",
        "It occurs mid-season, balancing other tournaments",
        "It is an exhibition event with no impact on rankings"
      ],
      "correct_answer": "As the first Grand Slam, it requires early-season adaptation and rhythm"
    },
    {
      "question": "What specific aspect of Jannik Sinner's gameplay is highlighted as advantageous for the Australian Open courts?",
      "options": [
        "His relentlessly metronomic baseline game",
        "His aggressive net play",
        "His powerful serve alone",
        "His defensive lobs"
      ],
      "correct_answer": "His relentlessly metronomic baseline game"
    },
    {
      "question": "What is cited as the primary reason for Carlos Alcaraz's previous shortcomings at the Australian Open?",
      "options": [
        "Lack of rhythm at the start of the year",
        "Inability to adapt to hard courts",
        "Injuries during the tournament",
        "Poor coaching strategies"
      ],
      "correct_answer": "Lack of rhythm at the start of the year"
    },
    {
      "question": "What milestone would Alcaraz achieve by winning the Australian Open?",
      "options": [
        "Becoming the youngest man to complete a career Grand Slam",
        "Winning his first ever ATP title",
        "Breaking the record for most Australian Open titles",
        "Securing a permanent world number one ranking"
      ],
      "correct_answer": "Becoming the youngest man to complete a career Grand Slam"
    },
    {
      "question": "How does the article characterize Alcaraz's current phase without Juan Carlos Ferrero?",
      "options": [
        "As a new era marking a strategic transition",
        "As a decline in his career prospects",
        "As a temporary break from coaching",
        "As an irrelevant detail to his performance"
      ],
      "correct_answer": "As a new era marking a strategic transition"
    },
    {
      "question": "What is Iga Swiatek's objective in relation to the Australian Open?",
      "options": [
        "To win it and thereby complete a career Grand Slam",
        "To defend a title she has never won",
        "To focus solely on doubles competitions",
        "To retire after the tournament"
      ],
      "correct_answer": "To win it and thereby complete a career Grand Slam"
    },
    {
      "question": "How many Grand Slam titles does Swiatek currently hold?",
      "options": [
        "Six",
        "Four",
        "Eight",
        "Two"
      ],
      "correct_answer": "Six"
    },
    {
      "question": "What does the term 'medium-fast hard courts' refer to in the context of this article?",
      "options": [
        "The specific surface type at the Australian Open affecting play style",
        "A type of grass court used in Wimbledon",
        "An indoor court surface for winter tournaments",
        "A clay court variant for slower games"
      ],
      "correct_answer": "The specific surface type at the Australian Open affecting play style"
    },
    {
      "question": "What broader implication does the article suggest about player legacies?",
      "options": [
        "Winning the Australian Open can cement a player's historic achievements, such as completing a Grand Slam",
        "It has no impact on long-term tennis history",
        "It only matters for current rankings, not legacy",
        "It is less significant than other Grand Slams"
      ],
      "correct_answer": "Winning the Australian Open can cement a player's historic achievements, such as completing a Grand Slam"
    },
    {
      "question": "What methodological approach does the article primarily use to convey information?",
      "options": [
        "Summarizing player histories, quotes, and tournament context from sources",
        "Conducting original statistical analysis and interviews",
        "Presenting a fictional narrative for entertainment",
        "Focusing solely on technical equipment reviews"
      ],
      "correct_answer": "Summarizing player histories, quotes, and tournament context from sources"
    }
  ],
  "background_read": [
    "The Australian Open is a cornerstone of professional tennis, initiating the Grand Slam series each January in Melbourne. Played on medium-fast hard courts, it demands specific tactical adaptations, favoring players with consistent baseline prowess. A career Grand Slam represents one of the sport's highest honors, achieved by legends like Rod Laver and Serena Williams. This article examines key figures: Jannik Sinner, whose recent successes underscore his suitability for the conditions; Carlos Alcaraz, whose pursuit of historic milestones involves overcoming early-season hurdles and a coaching transition; and Iga Swiatek, whose quest to complete a Grand Slam set highlights gender parity in tennis achievements. Understanding these elements requires knowledge of tennis terminology, tournament structures, and the psychological aspects of elite athletic performance, providing a comprehensive framework for analyzing the preview."
  ],
  "Article_Structure": [
    "This article provides an in-depth analysis of the Australian Open by detailing main points: the favored status of Jannik Sinner and Carlos Alcaraz, Alcaraz's ambition for a career Grand Slam amid coaching changes, and Iga Swiatek's goal to complete her Grand Slam set. Its purpose is to offer a nuanced preview, contextualizing player motivations within broader tennis narratives. Evidence evaluation relies on player statistics and direct quotes, such as Alcaraz's prioritization of the Australian Open, though it lacks critical assessment of source reliability or opposing viewpoints. Author credibility is inferred from BBC Sport's platform, but specific expertise or potential biases are not addressed. Methodology involves synthesizing information from player statements and historical data, presenting a descriptive rather than analytical approach. Critical assessment notes strengths in highlighting key storylines but limitations in depth of evidence and balanced perspective."
  ],
  "perspectives": [
    {
      "perspective": "Historical Contextualization",
      "description": "The article frames player achievements, such as Alcaraz's potential to become the youngest career Grand Slam winner, within the historical evolution of tennis, emphasizing how current performances contribute to the sport's legacy and record-breaking trends."
    }
  ],
  "image_url": "/article_images/article_17bed4c020dbacac_aac890b1377e.webp"
}