{
  "title": "Key Contenders and Storylines at the Australian Open Tennis Tournament",
  "summary": "The Australian Open, the first Grand Slam of the year, is set to begin, with Jannik Sinner and Carlos Alcaraz emerging as the top favorites in the men's singles. Sinner, from Italy, has won the past two Melbourne titles and excels on the medium-fast hard courts with his consistent baseline game. Alcaraz, a 22-year-old Spaniard, has not yet advanced beyond the quarter-finals in Melbourne, attributed to a lack of early-season rhythm rather than adaptability issues. He is entering a new phase without his long-time coach Juan Carlos Ferrero and aims to become the youngest man to achieve a career Grand Slam by winning the Australian Open. Additionally, Iga Swiatek from Poland, with six Grand Slam titles, is targeting the Australian Open to complete her set of all four majors. The article explores these players' strengths, historical performances, and personal motivations, setting the stage for an exciting tournament.",
  "keywords": [
    {
      "term": "Grand Slam",
      "explanation": "the four major tennis tournaments: Australian Open, French Open, Wimbledon, and US Open"
    },
    {
      "term": "Jannik Sinner",
      "explanation": "an Italian tennis player known for his metronomic baseline play and recent success in Melbourne"
    },
    {
      "term": "Carlos Alcaraz",
      "explanation": "a Spanish tennis player aiming to complete a career Grand Slam and adapt to Melbourne's courts"
    },
    {
      "term": "career Grand Slam",
      "explanation": "winning all four Grand Slam titles over a player's career"
    },
    {
      "term": "Iga Swiatek",
      "explanation": "a Polish tennis player with multiple Grand Slam titles, seeking her first Australian Open win"
    },
    {
      "term": "medium-fast hard courts",
      "explanation": "the specific type of tennis surface used at the Australian Open, favoring consistent players"
    },
    {
      "term": "Juan Carlos Ferrero",
      "explanation": "Alcaraz's former coach, whose absence marks a new era for the player"
    },
    {
      "term": "ATP Tour",
      "explanation": "the professional men's tennis circuit where top players compete"
    }
  ],
  "questions": [
    {
      "question": "What is the Australian Open in relation to the tennis calendar?",
      "options": [
        "The first Grand Slam of the year",
        "The last Grand Slam of the year",
        "A minor tournament",
        "A team competition"
      ],
      "correct_answer": "The first Grand Slam of the year"
    },
    {
      "question": "Why is Jannik Sinner considered a favorite for the Australian Open?",
      "options": [
        "He has won the past two Melbourne titles and suits the hard courts",
        "He is the youngest player in the tournament",
        "He has never lost a match in Australia",
        "He is from the host country"
      ],
      "correct_answer": "He has won the past two Melbourne titles and suits the hard courts"
    },
    {
      "question": "What challenge does Carlos Alcaraz face in Melbourne?",
      "options": [
        "He has not gone beyond the quarter-finals due to lack of early rhythm",
        "He dislikes the hard court surface",
        "He is injured and cannot play",
        "He has never played in a Grand Slam before"
      ],
      "correct_answer": "He has not gone beyond the quarter-finals due to lack of early rhythm"
    },
    {
      "question": "What personal change is Alcaraz experiencing?",
      "options": [
        "Starting without his long-time coach Juan Carlos Ferrero",
        "Moving to a new country",
        "Changing his playing style completely",
        "Retiring from tennis"
      ],
      "correct_answer": "Starting without his long-time coach Juan Carlos Ferrero"
    },
    {
      "question": "What achievement is Alcaraz aiming for by winning the Australian Open?",
      "options": [
        "Becoming the youngest man to complete a career Grand Slam",
        "Winning his first ever tennis tournament",
        "Breaking the record for most Grand Slam titles",
        "Becoming the world number one for the first time"
      ],
      "correct_answer": "Becoming the youngest man to complete a career Grand Slam"
    },
    {
      "question": "How many Grand Slam titles does Iga Swiatek have?",
      "options": [
        "Six",
        "Four",
        "Two",
        "Eight"
      ],
      "correct_answer": "Six"
    },
    {
      "question": "What is Swiatek's goal at the Australian Open?",
      "options": [
        "To win it and complete her set of all four Grand Slams",
        "To defend her title from last year",
        "To play in doubles only",
        "To coach other players"
      ],
      "correct_answer": "To win it and complete her set of all four Grand Slams"
    },
    {
      "question": "What type of game does Sinner use that suits the Australian Open courts?",
      "options": [
        "A relentlessly metronomic baseline game",
        "A serve-and-volley style",
        "A defensive counter-punching approach",
        "An aggressive net-rushing tactic"
      ],
      "correct_answer": "A relentlessly metronomic baseline game"
    }
  ],
  "background_read": [
    "The Australian Open is a premier tennis event held annually in Melbourne, marking the start of the Grand Slam season. It is played on hard courts, which are medium-fast and favor players with consistent groundstrokes. A career Grand Slam is a prestigious accomplishment in tennis, achieved by winning all four majors. This article focuses on key contenders: Jannik Sinner, who has dominated recently in Melbourne; Carlos Alcaraz, who is adapting to the surface and pursuing historic milestones; and Iga Swiatek, who aims to add the Australian Open to her titles. Understanding these players' backgrounds, such as Alcaraz's coaching change and Swiatek's existing successes, provides context for their motivations and the tournament's dynamics."
  ],
  "Article_Structure": [
    "This article analyzes the Australian Open by highlighting main points: the dominance of Jannik Sinner and Carlos Alcaraz as favorites, Alcaraz's quest for a career Grand Slam and coaching transition, and Iga Swiatek's pursuit to complete her Grand Slam set. Its purpose is to preview key storylines and player motivations before the tournament. Evidence evaluation relies on player statistics and quotes, such as Alcaraz's statement about prioritizing the Australian Open, though it lacks detailed data on performance metrics. Author credibility is assumed based on BBC Sport's reputation, but specific expertise is not stated. Methodology involves summarizing player histories and tournament context from available sources, providing a narrative rather than investigative reporting."
  ],
  "perspectives": [
    {
      "perspective": "Player Development",
      "description": "The article examines how players like Alcaraz and Swiatek are evolving in their careers, with Alcaraz entering a new coaching phase and Swiatek aiming to achieve a complete Grand Slam, reflecting broader themes of growth and adaptation in professional tennis."
    }
  ],
  "image_url": "/article_images/article_17bed4c020dbacac_aac890b1377e.webp"
}