{
  "title": "The Life and Legacy of TikTok's EpicGamerGrandma",
  "summary": "Agnes, a 78-year-old grandmother from Dunfermline, Scotland, gained widespread fame on TikTok as EpicGamerGrandma, amassing 2.4 million followers and 81 million likes. Her content included gaming videos, soundboard usage, and face filters, appealing to a global audience, particularly younger viewers. She passed away in the hospital after suffering a stroke, with her grandson Dylan King confirming her death via Instagram. Dylan highlighted her role as a devoted family member, emphasizing that she was a caring mother and grandmother long before her online presence. Agnes also openly discussed her chronic obstructive pulmonary disease (COPD), which earned her the nickname 'coughing gran,' and shared her experiences with grief following her husband George's death. Her journey illustrates how social media can bridge generational gaps, showing that older adults can engage meaningfully with digital platforms. Despite health challenges, including multiple strokes, Agnes inspired many by demonstrating that life continues to evolve with age, not end. Her legacy underscores the importance of family, resilience, and the power of online communities in fostering connections.",
  "keywords": [
    {
      "term": "chronic obstructive pulmonary disease",
      "explanation": "a long-term lung condition that causes breathing difficulties"
    },
    {
      "term": "influencer",
      "explanation": "a person who uses social media to affect the opinions or behaviors of others"
    },
    {
      "term": "generational gap",
      "explanation": "differences in attitudes or experiences between older and younger people"
    },
    {
      "term": "resilience",
      "explanation": "the ability to recover from difficulties or adapt to challenges"
    },
    {
      "term": "legacy",
      "explanation": "something left behind or remembered after a person's death"
    }
  ],
  "questions": [
    {
      "question": "How many followers did Agnes have on TikTok?",
      "options": [
        "2.4 million",
        "1 million",
        "5 million",
        "10 million"
      ],
      "correct_answer": "2.4 million"
    },
    {
      "question": "What nickname did Agnes earn due to her COPD?",
      "options": [
        "Coughing gran",
        "Gaming grandma",
        "Sick Agnes",
        "Breathing granny"
      ],
      "correct_answer": "Coughing gran"
    },
    {
      "question": "How did Dylan describe Agnes's impact on age perceptions?",
      "options": [
        "Age is just a number",
        "Age limits opportunities",
        "Age makes you wiser",
        "Age is unimportant"
      ],
      "correct_answer": "Age is just a number"
    },
    {
      "question": "What was a key theme in Agnes's online content?",
      "options": [
        "Gaming and fun filters",
        "Cooking tutorials",
        "Travel vlogs",
        "Educational lessons"
      ],
      "correct_answer": "Gaming and fun filters"
    },
    {
      "question": "What health issue led to Agnes's initial hospitalization?",
      "options": [
        "COPD complications",
        "A heart attack",
        "A broken bone",
        "A fever"
      ],
      "correct_answer": "COPD complications"
    },
    {
      "question": "Who primarily comprised Agnes's fanbase?",
      "options": [
        "Young people",
        "Other grandparents",
        "Doctors",
        "Teachers"
      ],
      "correct_answer": "Young people"
    },
    {
      "question": "What did Agnes share about after her husband's death?",
      "options": [
        "Her grief",
        "Her travel plans",
        "Her new hobbies",
        "Her financial advice"
      ],
      "correct_answer": "Her grief"
    },
    {
      "question": "What does Agnes's story demonstrate about social media?",
      "options": [
        "It can connect different generations",
        "It is only for young people",
        "It causes health problems",
        "It replaces family time"
      ],
      "correct_answer": "It can connect different generations"
    }
  ],
  "background_read": [
    "Agnes, known as EpicGamerGrandma, was a Scottish grandmother who leveraged TikTok to share her life, including gaming and personal health struggles like COPD. Her rise to fame highlights how older adults can use social media to engage with younger audiences, challenging stereotypes about aging. The article discusses her family's perspective, emphasizing her offline roles and the impact of her online presence on global fans. It also touches on broader issues like health awareness and intergenerational communication in the digital age."
  ],
  "Article_Structure": [
    "Main Points: Agnes gained TikTok fame as EpicGamerGrandma, with millions of followers enjoying her gaming and filter videos; she died after strokes, with her grandson sharing her legacy of family care and age positivity. Purpose: To honor Agnes's life and show how social media can empower older adults to connect across generations. Evidence Evaluation: Relies on family statements and social media metrics, providing credible but personal sources. Author Credibility: BBC Entertainment is a reputable news source, though the article focuses on tributes rather than in-depth reporting. Methodology: Uses quotes from Dylan King and references to TikTok data, gathered from online posts and public information."
  ],
  "perspectives": [
    {
      "perspective": "Family Perspective",
      "description": "Focuses on Agnes as a loving relative who prioritized family over fame, highlighting her offline virtues."
    },
    {
      "perspective": "Digital Culture Perspective",
      "description": "Views Agnes as a trailblazer in using social media to break age barriers and inspire youth engagement."
    }
  ],
  "image_url": "/article_images/article_31d4892619d96f17_0e1a7b060fe9.webp"
}