{
  "title": "Analyzing the Persistence of Scandal: Prince Andrew in the Epstein Document Releases",
  "summary": "This BBC News article critically examines the enduring controversy surrounding Prince Andrew's connections to Jeffrey Epstein, fueled by the latest release of documents from the Epstein files. The emails, which feature exchanges with Ghislaine Maxwell—Epstein's confidante now incarcerated for sex trafficking—contain suggestive language, such as requests for 'inappropriate friends' and discussions about a 2002 trip to Peru, where Maxwell advocated for discreet introductions to individuals described as 'intelligent pretty fun and from good families.' Public opinion is characterized by a dichotomy: a segment of the populace expresses weariness with the protracted media narrative, deeming it seedy and intrusive, particularly during periods like Christmas, while another faction interprets these documents as imperative for intensifying scrutiny into Andrew's associations, prompting questions about what further evidence might emerge. The article underscores ongoing legal pressures, including demands for Andrew to provide testimony to US Congress and the Department of Justice. Crucially, it emphasizes that inclusion in these files does not equate to substantiated guilt, but rather contributes to a complex evidentiary mosaic. Analytical challenges involve contextualizing ostensibly random fragments, with linguistic nuances like the use of 'Fall' versus 'Autumn' hinting at potential American influences. The piece ultimately explores how incremental disclosures perpetuate public discourse, reflecting broader themes of accountability, media saturation, and the interpretation of ambiguous evidence in high-profile cases.",
  "keywords": [
    {
      "term": "evidentiary mosaic",
      "explanation": "a collection of pieces of evidence that, when combined, form a broader picture but may not be conclusive individually"
    },
    {
      "term": "dichotomy",
      "explanation": "a division into two contrasting groups or viewpoints"
    },
    {
      "term": "scrutiny",
      "explanation": "close and critical examination or observation"
    },
    {
      "term": "linguistic nuances",
      "explanation": "subtle differences in language use that can imply meaning or origin"
    },
    {
      "term": "accountability",
      "explanation": "the responsibility to explain or justify one's actions, often in a legal or ethical context"
    }
  ],
  "questions": [
    {
      "question": "What role do the emails with Ghislaine Maxwell play in the article's analysis?",
      "options": [
        "They provide suggestive but inconclusive evidence",
        "They prove Andrew's guilt definitively",
        "They are irrelevant to the story",
        "They show Maxwell's innocence"
      ],
      "correct_answer": "They provide suggestive but inconclusive evidence"
    },
    {
      "question": "How does the article characterize the public's reaction to the ongoing story?",
      "options": [
        "As a dichotomy between fatigue and demand for investigation",
        "As uniformly supportive of Andrew",
        "As completely apathetic",
        "As focused solely on legal outcomes"
      ],
      "correct_answer": "As a dichotomy between fatigue and demand for investigation"
    },
    {
      "question": "What legal implications are highlighted for Prince Andrew?",
      "options": [
        "Calls to testify before US authorities",
        "Immediate extradition to the US",
        "Criminal charges in the UK",
        "Loss of royal titles"
      ],
      "correct_answer": "Calls to testify before US authorities"
    },
    {
      "question": "What does the article suggest about the evidence from the Epstein files?",
      "options": [
        "It adds context but does not prove guilt",
        "It is fabricated",
        "It is overwhelmingly conclusive",
        "It is solely exculpatory"
      ],
      "correct_answer": "It adds context but does not prove guilt"
    },
    {
      "question": "What detail in the emails might indicate American linguistic influence?",
      "options": [
        "Use of 'Fall' instead of 'Autumn'",
        "Mention of Peru",
        "Sign-off with 'kisses'",
        "Reference to the Royal Navy"
      ],
      "correct_answer": "Use of 'Fall' instead of 'Autumn'"
    },
    {
      "question": "What is the significance of the 2002 trip discussed in the files?",
      "options": [
        "It involves arrangements that could be interpreted multiple ways",
        "It proves Andrew's involvement in trafficking",
        "It is a minor detail with no importance",
        "It shows Andrew's diplomatic work"
      ],
      "correct_answer": "It involves arrangements that could be interpreted multiple ways"
    },
    {
      "question": "How does the article address the challenge of interpreting the released information?",
      "options": [
        "By noting the difficulty of contextualizing random pieces",
        "By providing a definitive interpretation",
        "By dismissing it as irrelevant",
        "By focusing only on public opinion"
      ],
      "correct_answer": "By noting the difficulty of contextualizing random pieces"
    },
    {
      "question": "What broader themes does the article explore?",
      "options": [
        "Accountability, media saturation, and evidence interpretation",
        "Royal succession and economic policies",
        "Technological advancements in communication",
        "Historical analysis of Epstein's crimes"
      ],
      "correct_answer": "Accountability, media saturation, and evidence interpretation"
    },
    {
      "question": "Who is referred to as 'A' or 'Invisible Man' in the emails?",
      "options": [
        "An unidentified individual possibly Andrew",
        "A known US official",
        "Epstein himself",
        "A journalist undercover"
      ],
      "correct_answer": "An unidentified individual possibly Andrew"
    },
    {
      "question": "What is the article's overall assessment of the story's persistence?",
      "options": [
        "It is driven by incremental revelations and public discourse",
        "It is nearing a conclusive end",
        "It is solely based on media sensationalism",
        "It is irrelevant to current events"
      ],
      "correct_answer": "It is driven by incremental revelations and public discourse"
    }
  ],
  "background_read": [
    "This article delves into the protracted scandal involving Prince Andrew and Jeffrey Epstein, a case that has captivated global media due to its implications for royal integrity and legal accountability. Jeffrey Epstein was a financier convicted of sex trafficking, with connections to numerous influential figures, including Ghislaine Maxwell, who was convicted for her role. The release of documents from the Epstein files, as reported by BBC News, includes emails that feature ambiguous communications, such as those discussing social introductions and trips, which have reignited debates about Andrew's associations. The article situates this within a broader context of public fatigue versus investigative zeal, highlighting how media narratives can persist through incremental disclosures. It also touches on legal dimensions, such as US authorities' demands for testimony, reflecting transnational justice issues. Understanding this requires familiarity with royal protocols, sex trafficking laws, media ethics, and the complexities of interpreting circumstantial evidence in high-stakes environments."
  ],
  "Article_Structure": [
    "This in-depth analysis of the BBC News article focuses on the persistent scandal surrounding Prince Andrew's links to Jeffrey Epstein. Main Points include the emails' suggestive content, the dichotomous public reaction, and legal pressures for testimony. Purpose is to critically inform about ongoing developments while exploring themes of accountability and media saturation. Evidence Evaluation assesses the emails as ambiguous and inconclusive, sourced from the Epstein files—a credible but complex repository—requiring careful interpretation. Author Credibility is bolstered by BBC News' journalistic standards, though potential biases in framing public opinion are noted. Methodology involves reporting on document releases, incorporating public statements and expert analysis, with a reliance on secondary sources that may limit firsthand verification. Critical Assessment highlights strengths in balanced reporting and contextualization, but limitations include the lack of new evidence and potential for sensationalism, underscoring the challenges in navigating high-profile narratives."
  ],
  "perspectives": [
    {
      "perspective": "Cynical media perspective",
      "description": "Argues that the story persists due to media sensationalism and public voyeurism, rather than substantive evidence."
    },
    {
      "perspective": "Legal accountability perspective",
      "description": "Contends that the emails necessitate further investigation to ensure transparency and justice, particularly given Epstein's crimes."
    }
  ],
  "image_url": "/article_images/article_e7c13d5d59b0d604_5465a5f2438d.webp"
}