{
  "title": "Scientists Explore a Big Ice Sheet in Antarctica",
  "summary": "Scientists went to Antarctica to study a big ice sheet called Thwaites Glacier. They wanted to learn about how it is melting and why the sea level is rising. The team included a reporter named Miles O'Brien and a scientist named David Holland. They tried to put sensors in the ocean under the ice to measure changes, but they did not succeed this time. Even though they faced a setback, they kept working and found new information. This research is important because melting ice can affect our planet and make the oceans warmer. Scientists are worried about climate change and want to understand more to help protect Earth.",
  "keywords": [
    {
      "term": "Antarctica",
      "explanation": "a very cold continent at the South Pole where there is a lot of ice"
    },
    {
      "term": "Thwaites Glacier",
      "explanation": "a large ice sheet in Antarctica that scientists are studying"
    },
    {
      "term": "scientists",
      "explanation": "people who study science and learn about things like ice and oceans"
    },
    {
      "term": "sensors",
      "explanation": "tools that measure things like temperature or water under the ice"
    },
    {
      "term": "setback",
      "explanation": "a problem or difficulty that stops something from working as planned"
    },
    {
      "term": "climate change",
      "explanation": "changes in Earth's weather and temperature that can cause ice to melt"
    }
  ],
  "questions": [
    {
      "question": "Where did the scientists go to study the ice?",
      "options": [
        "Antarctica",
        "Africa",
        "Asia",
        "Europe"
      ],
      "correct_answer": "Antarctica"
    },
    {
      "question": "What is the name of the big ice sheet they studied?",
      "options": [
        "Thwaites Glacier",
        "Mount Everest",
        "Amazon River",
        "Sahara Desert"
      ],
      "correct_answer": "Thwaites Glacier"
    },
    {
      "question": "Who was the reporter with the scientists?",
      "options": [
        "Miles O'Brien",
        "David Holland",
        "Donald Trump",
        "Albert Einstein"
      ],
      "correct_answer": "Miles O'Brien"
    },
    {
      "question": "What did the scientists try to put in the ocean under the ice?",
      "options": [
        "sensors",
        "boats",
        "fish",
        "rocks"
      ],
      "correct_answer": "sensors"
    },
    {
      "question": "Did the scientists succeed in putting the sensors in the ocean this time?",
      "options": [
        "No, they did not succeed",
        "Yes, they succeeded",
        "They did not try",
        "They only looked at the ice"
      ],
      "correct_answer": "No, they did not succeed"
    },
    {
      "question": "Why is studying the ice important?",
      "options": [
        "To understand climate change and melting ice",
        "To find gold under the ice",
        "To build a new city",
        "To play in the snow"
      ],
      "correct_answer": "To understand climate change and melting ice"
    }
  ],
  "background_read": [
    "Antarctica is a frozen continent at the bottom of the world, covered in ice sheets and glaciers. Scientists go there to study how ice melts because of climate change, which is when Earth gets warmer from things like pollution. When ice melts, it can make sea levels rise, which might flood coastal areas. Thwaites Glacier is one of the biggest ice sheets in Antarctica, and researchers use tools like sensors to measure changes in the ocean and ice. Even if experiments fail, scientists keep trying to learn new things to help protect our planet."
  ],
  "Article_Structure": [
    "WHO: Scientists and a reporter named Miles O'Brien",
    "WHAT: They studied Thwaites Glacier in Antarctica and tried to put sensors in the ocean, but faced a setback",
    "WHERE: Antarctica, at Thwaites Glacier",
    "WHY: To understand melting ice and climate change effects on sea level rise"
  ],
  "perspectives": [
    {
      "perspective": "Scientific effort",
      "description": "Scientists work hard to study ice melting, even when things go wrong, to learn about climate change."
    }
  ],
  "image_url": "/article_images/article_aed76e18d790d11b_14079f8b8e32.webp"
}