{
  "title": "Research Challenges and Discoveries at Antarctica's Thwaites Glacier",
  "summary": "In Antarctica, researchers led by glaciologist David Holland and accompanied by science correspondent Miles O'Brien embarked on a mission to investigate Thwaites Glacier, a critical ice sheet contributing to sea level rise. The team aimed to install sensors in the ocean beneath the glacier to monitor environmental changes, but encountered a significant setback when their drilling effort failed to reach the ocean, resulting in no data collection. Despite this failure, the expedition provided insights into other research projects and highlighted the ongoing concerns about climate change, particularly as government regulations shift. The article emphasizes the persistence of scientists in facing challenges to gather data on melting glaciers and warming oceans, underscoring the importance of understanding these processes for global climate predictions. This work is part of broader efforts to assess how Antarctic ice loss impacts sea levels and ecosystems, with researchers continuing to adapt their methods in harsh conditions.",
  "keywords": [
    {
      "term": "glaciologist",
      "explanation": "a scientist who studies glaciers and ice sheets to understand their behavior and changes"
    },
    {
      "term": "sensors",
      "explanation": "devices used to measure physical conditions like temperature or pressure, often deployed in remote areas for data collection"
    },
    {
      "term": "setback",
      "explanation": "an obstacle or failure that hinders progress in a research project, requiring adjustments or new strategies"
    },
    {
      "term": "sea level rise",
      "explanation": "the increase in ocean levels due to factors like melting ice and thermal expansion, posing risks to coastal regions"
    },
    {
      "term": "climate change",
      "explanation": "long-term alterations in Earth's climate patterns, driven by human activities and natural processes, affecting weather and ice melt"
    },
    {
      "term": "expedition",
      "explanation": "a journey or mission undertaken for scientific exploration, often in challenging environments like Antarctica"
    },
    {
      "term": "data collection",
      "explanation": "the process of gathering information through observations or instruments, crucial for scientific analysis"
    },
    {
      "term": "environmental changes",
      "explanation": "shifts in natural conditions, such as temperature or ice cover, that scientists monitor to assess impacts"
    }
  ],
  "questions": [
    {
      "question": "Who led the research team studying Thwaites Glacier?",
      "options": [
        "David Holland",
        "Miles O'Brien",
        "Donald Trump",
        "A random tourist"
      ],
      "correct_answer": "David Holland"
    },
    {
      "question": "What was the main goal of installing sensors under the glacier?",
      "options": [
        "To monitor ocean conditions and ice melt",
        "To find new species of fish",
        "To build a weather station on land",
        "To drill for oil"
      ],
      "correct_answer": "To monitor ocean conditions and ice melt"
    },
    {
      "question": "What outcome did the drilling effort have?",
      "options": [
        "It failed to reach the ocean",
        "It successfully installed all sensors",
        "It caused the glacier to melt faster",
        "It discovered a new continent"
      ],
      "correct_answer": "It failed to reach the ocean"
    },
    {
      "question": "Why are scientists concerned about Thwaites Glacier?",
      "options": [
        "It contributes to sea level rise",
        "It is the coldest place on Earth",
        "It has no ice left",
        "It is a popular tourist spot"
      ],
      "correct_answer": "It contributes to sea level rise"
    },
    {
      "question": "What broader issue does the article connect to the research?",
      "options": [
        "Climate change and regulatory shifts",
        "Space exploration advancements",
        "Economic growth in Antarctica",
        "Historical artifacts discovery"
      ],
      "correct_answer": "Climate change and regulatory shifts"
    },
    {
      "question": "How did the team respond to the setback?",
      "options": [
        "They continued with other research projects",
        "They gave up and went home",
        "They blamed each other for the failure",
        "They decided to study a different glacier"
      ],
      "correct_answer": "They continued with other research projects"
    },
    {
      "question": "What role did Miles O'Brien play in the expedition?",
      "options": [
        "He reported on the research as a correspondent",
        "He was the lead glaciologist",
        "He funded the project",
        "He operated the drilling equipment"
      ],
      "correct_answer": "He reported on the research as a correspondent"
    },
    {
      "question": "What is a key takeaway about scientific research from this article?",
      "options": [
        "Persistence is important despite failures",
        "All experiments always succeed",
        "Research is easy in Antarctica",
        "Scientists only work in labs"
      ],
      "correct_answer": "Persistence is important despite failures"
    }
  ],
  "background_read": [
    "Antarctica's Thwaites Glacier is a massive ice sheet that has been intensively studied due to its potential to significantly raise global sea levels if it melts. Scientists use expeditions to collect data on ice dynamics, ocean temperatures, and climate interactions, often facing extreme weather and technical challenges. Climate change, driven by greenhouse gas emissions, accelerates ice melt in polar regions, making research urgent. Governments and policies, such as regulatory rollbacks mentioned in the article, can impact funding and priorities for climate science. Understanding glacier behavior involves methods like drilling and sensor deployment, which require precision and adaptability. This context helps middle school students grasp the complexities of environmental science and the real-world applications of perseverance in research."
  ],
  "Article_Structure": [
    "Main Points: The article discusses a research expedition to Thwaites Glacier in Antarctica, led by glaciologist David Holland, with the aim of installing ocean sensors to monitor ice melt and sea level rise. Despite a drilling failure that prevented sensor deployment, the team persisted and gained insights from other projects. Purpose: To report on scientific challenges in climate research and highlight concerns about climate change amid shifting political regulations. Evidence Evaluation: The evidence includes firsthand accounts from the correspondent and scientist, but is limited by the failure to collect ocean data, relying more on observational reporting. Author Credibility: Miles O'Brien is a seasoned science correspondent with experience in Antarctic reporting, providing reliable coverage, though the article is based on a transcript that may contain errors. Methodology: The research involved field expeditions with drilling attempts and sensor plans, though the methodology was disrupted by technical setbacks, emphasizing adaptive approaches in harsh environments."
  ],
  "perspectives": [
    {
      "perspective": "Scientific resilience",
      "description": "Researchers demonstrate adaptability and determination in overcoming failures to advance climate science."
    }
  ],
  "image_url": "/article_images/article_aed76e18d790d11b_14079f8b8e32.webp"
}