{
  "title": "Green Party Wins Big Election, Making Labour Think Hard",
  "summary": "The Green Party won a special election in Gorton and Denton for the first time ever. This is a big deal because it makes history. Labour came in third place, which is not good for them. They are worried because they lost votes to both the Green Party on the left and Reform UK on the right. Some people think if Andy Burnham, the Mayor of Greater Manchester, had been Labour's candidate, they might have done better. Now, Labour leader Keir Starmer has to figure out what went wrong and how to fix it. The Green Party's win shows that voters are looking for different choices. This election result will make Labour ask themselves tough questions about their plans and how to win back supporters.",
  "keywords": [
    {
      "term": "Green Party",
      "explanation": "a political party that cares a lot about the environment"
    },
    {
      "term": "Labour Party",
      "explanation": "a major political party in the UK"
    },
    {
      "term": "election",
      "explanation": "a vote where people choose who will represent them"
    },
    {
      "term": "Andy Burnham",
      "explanation": "the Mayor of Greater Manchester who some think could have helped Labour"
    },
    {
      "term": "Keir Starmer",
      "explanation": "the leader of the Labour Party"
    },
    {
      "term": "Reform UK",
      "explanation": "another political party that Labour is also worried about"
    }
  ],
  "questions": [
    {
      "question": "Which party won the special election in Gorton and Denton?",
      "options": [
        "Green Party",
        "Labour Party",
        "Reform UK",
        "Conservative Party"
      ],
      "correct_answer": "Green Party"
    },
    {
      "question": "What place did Labour finish in the election?",
      "options": [
        "First",
        "Second",
        "Third",
        "Fourth"
      ],
      "correct_answer": "Third"
    },
    {
      "question": "Who is the leader of the Labour Party mentioned in the summary?",
      "options": [
        "Andy Burnham",
        "Keir Starmer",
        "Matt Goodwin",
        "Lucy Powell"
      ],
      "correct_answer": "Keir Starmer"
    },
    {
      "question": "What is Andy Burnham's job?",
      "options": [
        "Prime Minister",
        "Mayor of Greater Manchester",
        "Green Party leader",
        "Reporter"
      ],
      "correct_answer": "Mayor of Greater Manchester"
    },
    {
      "question": "Why is Labour worried after this election?",
      "options": [
        "They won too many votes",
        "They lost votes to both the Green Party and Reform UK",
        "They didn't have any candidates",
        "The election was canceled"
      ],
      "correct_answer": "They lost votes to both the Green Party and Reform UK"
    },
    {
      "question": "What does the summary say the Green Party's win shows about voters?",
      "options": [
        "Voters are happy with Labour",
        "Voters are looking for different choices",
        "Voters don't care about elections",
        "Voters only like Reform UK"
      ],
      "correct_answer": "Voters are looking for different choices"
    }
  ],
  "background_read": [
    "In the UK, there are different political parties like Labour, the Green Party, and Reform UK. Elections happen where people vote for who they want to represent them in Parliament. Sometimes, special elections called by-elections occur between big general elections. The Green Party focuses on environmental issues, while Labour is a major party that often tries to win elections. When a party loses votes, it might mean they need to change their plans to get more support."
  ],
  "Article_Structure": [
    "WHO: The Green Party, Labour Party, Keir Starmer, Andy Burnham",
    "WHAT: The Green Party won a by-election in Gorton and Denton, making Labour come third and prompting them to rethink their strategies",
    "WHERE: Gorton and Denton, areas in the UK",
    "WHY: Because Labour lost support to both left and right parties, leading to questions about their leadership and policies"
  ],
  "perspectives": [
    {
      "perspective": "Labour's worry",
      "description": "Labour is concerned about losing votes to other parties and needs to improve."
    },
    {
      "perspective": "Green Party's success",
      "description": "The Green Party made history by winning, showing they can attract voters."
    }
  ],
  "image_url": "/article_images/article_212c645aab3114b2_487429d1480a.webp"
}