{
  "title": "Structural Failures in PFI Contracts: Educational Impacts and Public Accountability in Stoke-on-Trent",
  "summary": "The article investigates the repercussions of a expiring Private Finance Initiative (PFI) contract in Stoke-on-Trent, where Trentham Academy and 87 other schools face significant maintenance deficits, including non-functional heating systems during mock examinations. Signed 25 years ago under a Labour government, this PFI arrangement involved Transform Schools (Stoke) Ltd (TSSL) maintaining infrastructure for profit, but as the contract concluded in October, TSSL entered liquidation, leaving £24m-£30m in identified repairs incomplete. A BBC investigation uncovered that repair work decelerated in the final year, with jobs erroneously marked as resolved, exacerbating issues like barricaded swimming pools and reliance on inadequate electric heaters. Students reported impaired concentration and motor skills due to extreme cold, bundled in extra attire for GCSE preparations. Stoke-on-Trent City Council allocated £3.5m in public funds to ensure schools are 'safe, warm, and dry,' yet this response highlights systemic vulnerabilities in PFI models across the UK's approximately 660 contracts. The case underscores critical debates on privatization, public service delivery, and the financial liabilities transferred to municipalities when private entities fail, emphasizing the need for robust oversight and contingency planning in infrastructure management.",
  "keywords": [
    {
      "term": "Private Finance Initiative (PFI)",
      "explanation": "A public-private partnership model where private firms finance, build, and maintain public assets, with governments making long-term payments, often criticized for hidden costs and risk transfer."
    },
    {
      "term": "liquidation",
      "explanation": "A legal process where a company's assets are sold to pay creditors upon insolvency, potentially disrupting ongoing projects and contractual obligations."
    },
    {
      "term": "public accountability",
      "explanation": "The responsibility of government bodies to transparently manage public resources and address failures in service delivery, as seen in council interventions."
    },
    {
      "term": "infrastructure deficits",
      "explanation": "Shortfalls in the maintenance and repair of essential facilities, such as school buildings, leading to operational and safety issues."
    },
    {
      "term": "systemic vulnerabilities",
      "explanation": "Inherent weaknesses in policy frameworks, like PFI contracts, that increase risks of project failures and public financial exposure."
    }
  ],
  "questions": [
    {
      "question": "What specific maintenance issue at Trentham Academy affected students during mock exams?",
      "options": [
        "Broken heating system",
        "Leaking roofs",
        "Faulty lighting",
        "Overcrowded classrooms"
      ],
      "correct_answer": "Broken heating system"
    },
    {
      "question": "How many PFI contracts exist across the UK, according to the article?",
      "options": [
        "Around 660",
        "88",
        "25",
        "Over 1000"
      ],
      "correct_answer": "Around 660"
    },
    {
      "question": "What financial range of repairs was identified before the PFI contract ended in Stoke-on-Trent?",
      "options": [
        "£24m to £30m",
        "£3.5m",
        "£88m",
        "£660m"
      ],
      "correct_answer": "£24m to £30m"
    },
    {
      "question": "What action did Stoke-on-Trent City Council take to address school safety after the contract ended?",
      "options": [
        "Set aside £3.5m in public funds",
        "Renegotiated the PFI contract",
        "Closed the schools temporarily",
        "Hired a new private company"
      ],
      "correct_answer": "Set aside £3.5m in public funds"
    },
    {
      "question": "What did the BBC investigation reveal about repair work in the contract's final year?",
      "options": [
        "It slowed down and jobs were marked as closed without being fixed",
        "It accelerated with full completion",
        "It was handled by students",
        "It was funded by private donations"
      ],
      "correct_answer": "It slowed down and jobs were marked as closed without being fixed"
    },
    {
      "question": "What broader policy context is associated with the PFI contracts discussed?",
      "options": [
        "Initiatives under a previous Labour government",
        "Current Conservative government reforms",
        "European Union funding programs",
        "Local charity projects"
      ],
      "correct_answer": "Initiatives under a previous Labour government"
    },
    {
      "question": "How did students' academic performance relate to the cold conditions?",
      "options": [
        "Impaired concentration and writing ability",
        "Improved focus due to cooler temperatures",
        "No significant impact reported",
        "Led to higher exam scores"
      ],
      "correct_answer": "Impaired concentration and writing ability"
    },
    {
      "question": "What is a key criticism of PFI models highlighted in the article?",
      "options": [
        "Risk transfer to public funds and incomplete projects",
        "Excessive government control",
        "Lack of private investment",
        "Over-reliance on student feedback"
      ],
      "correct_answer": "Risk transfer to public funds and incomplete projects"
    },
    {
      "question": "What happened to Transform Schools (Stoke) Ltd shortly after the contract ended?",
      "options": [
        "Entered liquidation",
        "Expanded to other cities",
        "Was acquired by the council",
        "Renewed its obligations successfully"
      ],
      "correct_answer": "Entered liquidation"
    },
    {
      "question": "What does the article suggest about the future of similar PFI contracts in the UK?",
      "options": [
        "They pose ongoing risks of unfinished repairs and public financial burdens",
        "They will be automatically renewed without issue",
        "They are being phased out completely",
        "They have no impact on education quality"
      ],
      "correct_answer": "They pose ongoing risks of unfinished repairs and public financial burdens"
    }
  ],
  "background_read": [
    "Private Finance Initiatives (PFIs) emerged in the UK during the 1990s as a mechanism to leverage private sector investment for public infrastructure, reducing immediate government expenditure. Under PFI contracts, private entities design, build, finance, and operate assets like schools over 25-30 years, receiving unitary payments from the public sector. While proponents argue PFIs deliver efficiency and innovation, critics highlight long-term costs, lack of transparency, and risks such as contractor insolvency, as evidenced in Stoke-on-Trent. The case study reflects broader socio-economic debates on privatization, where public accountability and service quality can be compromised when profit motives conflict with social objectives. Understanding PFI dynamics requires examining historical policy contexts, financial modeling, and the role of local governance in mitigating failures, particularly as many contracts near expiration nationwide."
  ],
  "Article_Structure": [
    "Main Points: The article analyzes the failure of a PFI contract in Stoke-on-Trent, detailing unfinished school repairs, student hardships during exams, and the liquidation of the private company, with the council using public funds as a stopgap. Purpose: To critically assess PFI model flaws and their implications for public education and finance, advocating for systemic reforms. Evidence Evaluation: Utilizes investigative journalism, including firsthand observations, student interviews, and financial data, offering credible but localized evidence that may not capture all PFI cases. Author Credibility: BBC News provides authoritative reporting, though potential biases toward highlighting public sector challenges exist. Methodology: Combines qualitative methods (site visits, testimonials) with quantitative analysis (cost estimates, contract details) for a multifaceted investigation. Critical Assessment: Strengths include empirical grounding and timely relevance, but limitations involve a narrow geographic focus and lack of comparative data on successful PFIs, suggesting need for broader research."
  ],
  "perspectives": [
    {
      "perspective": "Educational impact perspective",
      "description": "Focuses on how infrastructure failures directly hinder student learning and well-being, raising equity concerns in access to quality education."
    },
    {
      "perspective": "Economic and policy perspective",
      "description": "Examines the financial ramifications of PFI contracts, including public liability and debates over privatization efficacy in public services."
    },
    {
      "perspective": "Governance and accountability perspective",
      "description": "Highlights the roles of local councils and national governments in overseeing contracts and ensuring contingency plans for service continuity."
    }
  ],
  "image_url": "/article_images/article_6f44010fcce6105b_9440137239a3.webp"
}