{
  "title": "Bolsonaro's Arrest: A Political Crisis in Brazil",
  "summary": "Brazil's former president Jair Bolsonaro was arrested by federal police on Saturday under orders from Supreme Court Justice Alexandre de Moraes. The arrest was prompted by suspicions that Bolsonaro was plotting to escape and avoid starting a 27-year prison sentence for his role in leading a coup attempt after his electoral defeat in 2022. Bolsonaro had been under house arrest and was required to wear an ankle monitor due to being deemed a flight risk. Justice de Moraes cited a violation of the ankle monitor early Saturday and expressed concerns that Bolsonaro might flee during a protest organized by his son later that day. The judge also mentioned potential escape routes, such as heading to the U.S. Embassy in Brasilia, and referenced past instances where Bolsonaro's allies left Brazil to avoid jail. Bolsonaro's lawyers disputed the claims, stating the arrest was based on a prayer vigil rather than a protest and caused deep perplexity. The arrest is a preemptive measure and will be reviewed by a five-justice Supreme Court panel on Monday, which previously convicted and sentenced Bolsonaro by a 4-1 vote in September. This event highlights ongoing political tensions and legal battles in Brazil.",
  "keywords": [
    {
      "term": "coup attempt",
      "explanation": "an illegal effort to overthrow a government, often involving force or deception"
    },
    {
      "term": "preemptive arrest",
      "explanation": "an arrest made to prevent a potential crime before it happens, based on suspicion"
    },
    {
      "term": "Supreme Court",
      "explanation": "the highest court in a country that makes final decisions on legal matters"
    },
    {
      "term": "flight risk",
      "explanation": "a person who is likely to try to escape or flee to avoid legal consequences"
    },
    {
      "term": "political asylum",
      "explanation": "protection given by a country to someone fleeing persecution in their home country"
    },
    {
      "term": "ankle monitor",
      "explanation": "an electronic device worn on the ankle to track a person's location, often used in house arrest"
    },
    {
      "term": "federal police",
      "explanation": "a national law enforcement agency that handles crimes across the country"
    },
    {
      "term": "judicial order",
      "explanation": "a command issued by a judge that must be followed by law enforcement"
    }
  ],
  "questions": [
    {
      "question": "What was the main reason given by Justice de Moraes for Bolsonaro's arrest?",
      "options": [
        "Violation of the ankle monitor and risk of escape",
        "Winning an election",
        "Organizing a protest",
        "Visiting the U.S. Embassy"
      ],
      "correct_answer": "Violation of the ankle monitor and risk of escape"
    },
    {
      "question": "How did Bolsonaro's lawyers respond to the arrest?",
      "options": [
        "They said it was based on a prayer vigil and caused perplexity",
        "They supported the judge's decision",
        "They admitted Bolsonaro was planning to escape",
        "They did not issue any statement"
      ],
      "correct_answer": "They said it was based on a prayer vigil and caused perplexity"
    },
    {
      "question": "What is the significance of the U.S. Embassy in this context?",
      "options": [
        "It was mentioned as a potential escape destination",
        "It is where Bolsonaro was arrested",
        "It supported Bolsonaro's protest",
        "It is the location of the Supreme Court"
      ],
      "correct_answer": "It was mentioned as a potential escape destination"
    },
    {
      "question": "When will Bolsonaro's arrest be reviewed by the Supreme Court panel?",
      "options": [
        "On Monday",
        "On Saturday",
        "In September",
        "Next year"
      ],
      "correct_answer": "On Monday"
    },
    {
      "question": "What was Bolsonaro convicted for in September?",
      "options": [
        "Leading a coup attempt",
        "Winning the presidency",
        "Helping the police",
        "Organizing a prayer vigil"
      ],
      "correct_answer": "Leading a coup attempt"
    },
    {
      "question": "Who confirmed the arrest to The Associated Press?",
      "options": [
        "Bolsonaro's aide Andriely Cirino",
        "Justice de Moraes",
        "Bolsonaro's son",
        "President Lula"
      ],
      "correct_answer": "Bolsonaro's aide Andriely Cirino"
    },
    {
      "question": "What did Justice de Moraes say about the protest organized by Bolsonaro's son?",
      "options": [
        "It could cause confusion and aid an escape attempt",
        "It was a peaceful event",
        "It was approved by the court",
        "It did not happen"
      ],
      "correct_answer": "It could cause confusion and aid an escape attempt"
    },
    {
      "question": "How many votes convicted Bolsonaro in the Supreme Court panel?",
      "options": [
        "4 votes to 1",
        "Unanimously",
        "3 votes to 2",
        "5 votes to 0"
      ],
      "correct_answer": "4 votes to 1"
    }
  ],
  "background_read": [
    "Brazil has experienced significant political turmoil following the 2022 presidential election, where Jair Bolsonaro, a far-right leader, lost to Luiz Inácio Lula da Silva. Bolsonaro and his supporters were accused of inciting a coup attempt to overturn the election results, leading to a lengthy criminal trial. The Brazilian Supreme Court, led by justices like Alexandre de Moraes, has been involved in overseeing cases related to democratic integrity. Bolsonaro's arrest ties into broader issues of political polarization, with his allies including figures like former U.S. President Donald Trump and Argentina's President Javier Milei. Understanding this context helps explain the legal measures taken, such as preemptive arrests and the use of ankle monitors, which are common in high-profile cases to prevent flight risks. The event reflects ongoing challenges in maintaining rule of law and political stability in Brazil."
  ],
  "Article_Structure": [
    "This article details the arrest of former Brazilian President Jair Bolsonaro, focusing on key arguments that he was plotting to escape a 27-year prison sentence for a coup attempt. The purpose is to inform about a critical development in Brazil's political and legal landscape, highlighting judicial actions to uphold justice. Evidence includes judicial orders, police actions, and statements from Bolsonaro's lawyers, though some claims like the ankle monitor violation are disputed, raising questions about reliability. Author credibility is supported by the Associated Press sourcing, known for factual reporting, but the article relies on official statements without independent verification. Methodology involves summarizing events from police and court sources, providing a timely update but lacking in-depth analysis of broader implications."
  ],
  "perspectives": [
    {
      "perspective": "Judicial Perspective",
      "description": "Views the arrest as necessary to prevent escape and uphold legal accountability in a high-stakes case."
    },
    {
      "perspective": "Defense Perspective",
      "description": "Argues the arrest is unjust, based on misinterpreted events like a prayer vigil, and questions the evidence."
    }
  ],
  "image_url": "/article_images/article_756744e8d1e2fc23_832e1624b720.webp"
}