{
  "title": "Tax Exemption for State Pension-Only Recipients",
  "summary": "Chancellor Rachel Reeves has confirmed that individuals whose sole income is from the state pension will not be required to pay income tax before 2030. This decision comes as the state pension amount is projected to exceed the income tax threshold of £12,570 by April 2027, due to planned increases and frozen tax thresholds. Currently, the state pension for those under the new system is £12,547.60, just below this limit. The policy aims to prevent administrative burdens for vulnerable pensioners, as tax collection typically involves the Simple Assessment process where HMRC calculates and issues tax demands. However, this move raises concerns about fairness and complexity, as about three-quarters of pensioners already pay tax because they have additional income from private pensions or other sources. Experts, including former pensions minister Steve Webb, highlight that it could lead to unequal treatment, favoring those on the new state pension over workers with similar incomes or pensioners on the old system. The Conservatives had previously made a similar pledge, indicating cross-party attention to pensioner welfare, but critics argue it may complicate the tax system and create winners and losers.",
  "keywords": [
    {
      "term": "state pension",
      "explanation": "A government-provided payment to individuals after retirement, based on their National Insurance contributions"
    },
    {
      "term": "income tax threshold",
      "explanation": "The minimum level of annual income at which a person starts paying tax; currently £12,570 in the UK"
    },
    {
      "term": "Simple Assessment",
      "explanation": "A tax collection method where HMRC calculates tax owed and sends a bill, reducing paperwork for taxpayers"
    },
    {
      "term": "pensioners",
      "explanation": "Individuals who have reached state pension age and receive retirement benefits"
    },
    {
      "term": "tax exemption",
      "explanation": "A rule that allows certain income or groups to be free from tax obligations"
    },
    {
      "term": "private pension",
      "explanation": "A pension plan provided by employers or set up individually, separate from the state pension"
    },
    {
      "term": "HMRC",
      "explanation": "Her Majesty's Revenue and Customs, the UK government department responsible for tax collection"
    },
    {
      "term": "chancellor",
      "explanation": "The government official, such as Rachel Reeves, who oversees economic and financial policy"
    }
  ],
  "questions": [
    {
      "question": "Who is exempt from paying income tax under the new policy?",
      "options": [
        "All pensioners",
        "Pensioners with only state pension income",
        "Workers with low income",
        "Pensioners with private pensions"
      ],
      "correct_answer": "Pensioners with only state pension income"
    },
    {
      "question": "What is the current income tax threshold in the UK?",
      "options": [
        "£12,000",
        "£12,570",
        "£13,000",
        "£12,547.60"
      ],
      "correct_answer": "£12,570"
    },
    {
      "question": "Why is the state pension expected to exceed the tax threshold in 2027?",
      "options": [
        "Tax thresholds are rising",
        "State pension is increasing and tax thresholds are frozen",
        "Pensioners are getting richer",
        "The government is reducing taxes"
      ],
      "correct_answer": "State pension is increasing and tax thresholds are frozen"
    },
    {
      "question": "What method is typically used to collect small tax sums from pensioners?",
      "options": [
        "Self-Assessment",
        "Simple Assessment",
        "Direct Debit",
        "Pay As You Earn"
      ],
      "correct_answer": "Simple Assessment"
    },
    {
      "question": "Approximately what percentage of pensioners already pay income tax?",
      "options": [
        "25%",
        "50%",
        "75%",
        "100%"
      ],
      "correct_answer": "75%"
    },
    {
      "question": "What concern did Steve Webb raise about the policy?",
      "options": [
        "It will increase pensions",
        "It could make the tax system unfair",
        "It will reduce government revenue",
        "It helps all pensioners equally"
      ],
      "correct_answer": "It could make the tax system unfair"
    },
    {
      "question": "When did the Conservatives make a similar pledge?",
      "options": [
        "During the last general election",
        "In 2020",
        "Never",
        "In the next Parliament"
      ],
      "correct_answer": "During the last general election"
    },
    {
      "question": "What is the amount of the new flat-rate state pension for next year?",
      "options": [
        "£12,570",
        "£12,547.60",
        "£13,000",
        "£11,000"
      ],
      "correct_answer": "£12,547.60"
    }
  ],
  "background_read": [
    "In the UK, the state pension is a key part of the welfare system, providing income to people over state pension age, which is currently rising. It is funded by National Insurance contributions during working life. There are two main systems: the old basic pension with additional amounts like SERPS, and the new flat-rate pension for those retiring after April 2016. Income tax is levied on earnings above a threshold, with rates varying by income level. The tax threshold has been frozen in recent years, leading to more people being drawn into paying tax as incomes rise. This policy debate involves balancing support for low-income elderly with fairness in the tax system, as many pensioners have other sources like private pensions, making them taxpayers. Understanding these elements helps analyze the implications of tax exemptions for specific groups."
  ],
  "Article_Structure": [
    "The article outlines the main points of a new tax exemption for pensioners with only state pension income, highlighting key arguments about fairness and complexity. Its purpose is to inform the public about a government policy change and discuss its potential impacts. Evidence is drawn from official announcements and expert opinions, such as from Steve Webb, providing credible insights, though it relies on projected data for future pension increases. The author's credibility is supported by sourcing from BBC Business and direct quotes from the chancellor. Methodology involves reporting on speeches and expert analysis, but lacks detailed statistical data, which could limit the depth of evaluation. Overall, it presents a balanced view but may oversimplify the economic effects."
  ],
  "perspectives": [
    {
      "perspective": "Government perspective",
      "description": "Focuses on reducing administrative burden and protecting the most vulnerable pensioners from tax liabilities."
    },
    {
      "perspective": "Expert criticism",
      "description": "Warns that the policy may create inequities, favoring some pensioners over workers or those with additional income, and complicating the tax system."
    }
  ],
  "image_url": "/article_images/article_f0d1ab8ebf91e38d_a886885bdf24.webp"
}