{
  "title": "Remembering a Great Writer: Sir Tom Stoppard",
  "summary": "King Charles III and Queen Camilla are leading many people in sharing kind words about Sir Tom Stoppard, a famous writer who has died at age 88. He was called one of the greatest writers and a dear friend. Sir Tom wrote plays and movies, like Shakespeare In Love, which won him an Oscar. He died peacefully at home with his family. People from all over the world are remembering him for his work that made audiences think and feel. Other famous people, like Sir Mick Jagger, also shared how much they admired him. Sir Tom was known for his wit and joy in life. He wrote many stories for the stage, film, and TV, and received honors for his writing. His plays, such as Rosencrantz and Guildenstern are Dead, are still loved today.",
  "keywords": [
    {
      "term": "playwright",
      "explanation": "a person who writes plays for the theater"
    },
    {
      "term": "tributes",
      "explanation": "kind words or actions to show respect for someone"
    },
    {
      "term": "Oscar",
      "explanation": "a famous award for movies"
    },
    {
      "term": "knighthood",
      "explanation": "a special title given by a king or queen for doing great things"
    },
    {
      "term": "wit",
      "explanation": "being clever and funny with words"
    },
    {
      "term": "audience",
      "explanation": "the people who watch or listen to a performance"
    }
  ],
  "questions": [
    {
      "question": "Who led the tributes to Sir Tom Stoppard?",
      "options": [
        "King Charles III and Queen Camilla",
        "Prime Minister",
        "A movie star",
        "A school teacher"
      ],
      "correct_answer": "King Charles III and Queen Camilla"
    },
    {
      "question": "What award did Sir Tom win for Shakespeare In Love?",
      "options": [
        "Oscar",
        "Nobel Prize",
        "Grammy",
        "Pulitzer"
      ],
      "correct_answer": "Oscar"
    },
    {
      "question": "How old was Sir Tom when he died?",
      "options": [
        "88",
        "78",
        "98",
        "68"
      ],
      "correct_answer": "88"
    },
    {
      "question": "Where did Sir Tom die?",
      "options": [
        "At home in Dorset",
        "In a hospital",
        "On a stage",
        "In a car"
      ],
      "correct_answer": "At home in Dorset"
    },
    {
      "question": "What is one of Sir Tom's famous plays mentioned in the article?",
      "options": [
        "Rosencrantz and Guildenstern are Dead",
        "Harry Potter",
        "The Lion King",
        "Romeo and Juliet"
      ],
      "correct_answer": "Rosencrantz and Guildenstern are Dead"
    },
    {
      "question": "Why was Sir Tom knighted?",
      "options": [
        "For services to literature",
        "For winning a race",
        "For being a king",
        "For acting in movies"
      ],
      "correct_answer": "For services to literature"
    }
  ],
  "background_read": [
    "Sir Tom Stoppard was a very important writer from Britain who wrote plays, movies, and TV shows. He was born in 1937 and became famous for his smart and funny stories. Many people loved his work because it made them think about big ideas. He got a special title called 'Sir' from the Queen because he was so good at writing. His plays are performed all over the world, and he won many awards, including an Oscar for a movie. He lived a long life and was happy, often making people laugh with his clever words."
  ],
  "Article_Structure": [
    "WHO: King Charles III, Queen Camilla, Sir Tom Stoppard, and other famous people like Sir Mick Jagger",
    "WHAT: They are sharing tributes and memories after Sir Tom Stoppard's death, celebrating his life and work",
    "WHERE: This happened in Dorset where he died, and tributes came from around the world",
    "WHY: To honor Sir Tom as a great writer and comfort his family, showing how much he was loved"
  ],
  "perspectives": [
    {
      "perspective": "Royal Family",
      "description": "They see Sir Tom as a dear friend and genius writer who inspired many."
    },
    {
      "perspective": "Fellow Artists",
      "description": "They admire his witty and intellectual work, feeling a personal loss."
    },
    {
      "perspective": "General Public",
      "description": "They remember him through his popular plays and movies that entertained and challenged them."
    }
  ],
  "image_url": "/article_images/article_e8c23b4f14870160_ffb7a1c0da8d.webp"
}