{
  "title": "Sir Tom Stoppard: An Enduring Legacy in Literature and Theater",
  "summary": "The recent death of Sir Tom Stoppard at age 88 has elicited profound tributes from King Charles III and Queen Camilla, who lauded him as a genius playwright whose work challenged and moved audiences worldwide. Sir Tom's career, spanning over six decades, was marked by significant achievements, including an Oscar for the screenplay of Shakespeare In Love and a knighthood for his services to literature. His passing at home in Dorset has sparked a global outpouring of respect from figures like Sir Mick Jagger and author Robert Harris, who highlighted his intellectual depth, wit, and zest for life. Stoppard's oeuvre explored complex philosophical and political themes, with notable works such as Rosencrantz and Guildenstern are Dead and the semi-autobiographical Leopoldstadt, which earned multiple awards. The article underscores his adaptability across media—stage, film, and television—and his ability to infuse personal history into universal narratives. Ultimately, it portrays Stoppard not only as a literary giant but as a cultural icon whose legacy continues to inspire through his immortal lines and enduring influence on the arts.",
  "keywords": [
    {
      "term": "playwright",
      "explanation": "a writer of dramas for the stage, often involving complex character development and thematic depth"
    },
    {
      "term": "tributes",
      "explanation": "formal expressions of admiration or condolence, reflecting societal recognition of an individual's contributions"
    },
    {
      "term": "Oscar",
      "explanation": "a prestigious award from the Academy of Motion Picture Arts and Sciences, symbolizing excellence in cinematic achievement"
    },
    {
      "term": "knighthood",
      "explanation": "an honor bestowed by the British monarchy, indicating distinguished service in fields such as arts or public life"
    },
    {
      "term": "wit",
      "explanation": "intellectual humor and cleverness in expression, often used to engage and provoke thought in audiences"
    },
    {
      "term": "legacy",
      "explanation": "the lasting impact of an individual's work, influencing future generations and cultural discourse"
    },
    {
      "term": "philosophical",
      "explanation": "pertaining to the examination of fundamental concepts such as existence, knowledge, and ethics, often explored in artistic contexts"
    },
    {
      "term": "semi-autobiographical",
      "explanation": "a narrative that blends factual elements from the author's life with fictionalized components, offering personal insights"
    },
    {
      "term": "oeuvre",
      "explanation": "the complete body of an artist's work, considered as a whole for its thematic and stylistic coherence"
    },
    {
      "term": "cultural icon",
      "explanation": "a person or symbol widely recognized and revered for shaping cultural values and artistic standards"
    }
  ],
  "questions": [
    {
      "question": "How did King Charles and Queen Camilla characterize Sir Tom's genius in their tribute?",
      "options": [
        "As wearing his genius lightly and inspiring audiences",
        "As focused solely on political themes",
        "As limited to stage plays",
        "As derived from his wealth"
      ],
      "correct_answer": "As wearing his genius lightly and inspiring audiences"
    },
    {
      "question": "What aspect of Sir Tom's work is highlighted as a key theme?",
      "options": [
        "Philosophical and political exploration",
        "Pure entertainment without depth",
        "Scientific innovation",
        "Religious doctrine"
      ],
      "correct_answer": "Philosophical and political exploration"
    },
    {
      "question": "Which of Sir Tom's adaptations involved Leo Tolstoy's novel?",
      "options": [
        "Anna Karenina",
        "Shakespeare In Love",
        "Leopoldstadt",
        "Puberty Blues"
      ],
      "correct_answer": "Anna Karenina"
    },
    {
      "question": "What does the article suggest about Sir Tom's personal history influencing his work?",
      "options": [
        "It inspired semi-autobiographical elements in Leopoldstadt",
        "It had no impact on his writing",
        "It was only relevant to his early plays",
        "It focused on his acting career"
      ],
      "correct_answer": "It inspired semi-autobiographical elements in Leopoldstadt"
    },
    {
      "question": "How does the article evaluate the sources of tributes?",
      "options": [
        "As coming from diverse public figures and verified reports",
        "As solely from royal family members",
        "As unverified rumors",
        "As fictional accounts"
      ],
      "correct_answer": "As coming from diverse public figures and verified reports"
    },
    {
      "question": "What critical assessment can be made of the article's coverage?",
      "options": [
        "It provides a respectful obituary but lacks in-depth critical analysis",
        "It offers a thorough critique of Stoppard's flaws",
        "It focuses only on his film career",
        "It ignores his international impact"
      ],
      "correct_answer": "It provides a respectful obituary but lacks in-depth critical analysis"
    },
    {
      "question": "Which award did Leopoldstadt not win according to the article?",
      "options": [
        "Oscar",
        "Olivier award",
        "Tony award",
        "Best new play award"
      ],
      "correct_answer": "Oscar"
    },
    {
      "question": "What methodology does the article employ in gathering information?",
      "options": [
        "Compiling quotes from agents, social media, and public statements",
        "Conducting original interviews with Stoppard",
        "Using anonymous sources only",
        "Relying on historical archives alone"
      ],
      "correct_answer": "Compiling quotes from agents, social media, and public statements"
    },
    {
      "question": "How does the article address Sir Tom's credibility as an author?",
      "options": [
        "By listing his awards and honors from reputable institutions",
        "By questioning his originality",
        "By comparing him to other playwrights negatively",
        "By focusing only on his personal life"
      ],
      "correct_answer": "By listing his awards and honors from reputable institutions"
    },
    {
      "question": "What is a limitation of the article's perspective on Stoppard's work?",
      "options": [
        "It may overlook critical scholarly interpretations",
        "It provides too much detail on his family",
        "It exaggerates his achievements",
        "It ignores his contributions to TV and radio"
      ],
      "correct_answer": "It may overlook critical scholarly interpretations"
    }
  ],
  "background_read": [
    "Sir Tom Stoppard, born Tomáš Straussler in 1937 in Czechoslovakia, emigrated to England and became a preeminent figure in 20th and 21st-century literature. His career began in journalism before he gained acclaim with 'Rosencrantz and Guildenstern are Dead' in 1966, which reworked Shakespeare's 'Hamlet' from minor characters' perspectives, showcasing his trademark blend of existential philosophy and comedy. Stoppard's work often engaged with meta-theatricality, language, and identity, influenced by his refugee background and intellectual circles. He expanded into screenwriting, winning an Oscar for 'Shakespeare In Love' and adapting classics like 'Anna Karenina,' while his later play 'Leopoldstadt' delved into his Jewish ancestry and the Holocaust. Knighted in 1997, Stoppard's influence extends beyond theater to film and television, with his essays and public engagements reflecting a commitment to free speech and human rights. Scholars praise his intricate narratives but sometimes critique his elitist tendencies, making him a complex subject in cultural studies."
  ],
  "Article_Structure": [
    "This article from BBC News provides a comprehensive obituary of Sir Tom Stoppard, detailing main points such as royal and celebrity tributes, his acclaimed works like 'Shakespeare In Love' and 'Leopoldstadt,' and his peaceful death. The purpose is to commemorate his life and legacy within a broader cultural context, informing the public while offering solace. Evidence evaluation notes the use of reliable sources including official statements and social media posts, though it lacks primary interviews, potentially limiting depth. Author credibility is supported by BBC's reputation, but inherent bias towards positive portrayal may omit critical perspectives. Methodology involves aggregating public domain information and quotes, typical for news obituaries. Critical assessment highlights the article's strengths in accessibility and homage but weaknesses in analytical rigor, as it avoids contentious issues or scholarly debates about Stoppard's oeuvre."
  ],
  "perspectives": [
    {
      "perspective": "Royal and Institutional",
      "description": "Emphasizes Stoppard's national significance and decorous legacy, aligning with cultural heritage values."
    },
    {
      "perspective": "Artistic Community",
      "description": "Focuses on his innovative techniques and intellectual contributions, viewing him as a mentor and pioneer."
    },
    {
      "perspective": "Academic Analysis",
      "description": "Critically examines the philosophical underpinnings and potential elitism in his works, assessing long-term cultural impact."
    },
    {
      "perspective": "General Public",
      "description": "Appreciates his accessible storytelling and emotional resonance, often overlooking complex themes in favor of entertainment."
    },
    {
      "perspective": "Biographical Scholars",
      "description": "Interprets his semi-autobiographical elements as reflections on identity and history, enriching understanding of his personal influences."
    }
  ],
  "image_url": "/article_images/article_e8c23b4f14870160_ffb7a1c0da8d.webp"
}