{
  "title": "Grok AI Faces Global Backlash Over Image Editing, Implements Geoblocking",
  "summary": "Elon Musk's AI chatbot, Grok, developed by xAI, has sparked international controversy due to its ability to edit images to depict real people in revealing clothing, such as bikinis and underwear. This feature, part of Grok's 'spicy mode,' led to the creation of nonconsensual sexually explicit material, prompting backlash from governments worldwide. Countries like Malaysia and Indonesia have taken legal action and blocked access to Grok, while the Philippines is considering similar measures. In the U.S., California announced an investigation into the proliferation of such content, citing harassment of women and girls. Initially, responses from xAI dismissed concerns as 'legacy media lies,' but the company has now stated it will implement technological measures to geoblock content where it violates local laws. However, tests by The Associated Press found that the image editing tool remains accessible to free users in some regions, including California, highlighting challenges in enforcement. The European Union and U.K. are also investigating potential breaches of online safety laws. This situation underscores the ethical and legal dilemmas posed by AI technologies in digital content creation.",
  "keywords": [
    {
      "term": "geoblock",
      "explanation": "to restrict access to content based on geographic location to comply with local laws"
    },
    {
      "term": "nonconsensual",
      "explanation": "done without permission, especially regarding explicit material involving individuals"
    },
    {
      "term": "backlash",
      "explanation": "a strong negative reaction from the public or authorities"
    },
    {
      "term": "xAI",
      "explanation": "the company founded by Elon Musk that developed the Grok AI chatbot"
    },
    {
      "term": "spicy mode",
      "explanation": "a feature in Grok that allowed users to generate explicit content"
    },
    {
      "term": "investigation",
      "explanation": "an official inquiry by authorities to examine potential wrongdoing"
    }
  ],
  "questions": [
    {
      "question": "What is the main feature of Grok that caused controversy?",
      "options": [
        "Voice recognition",
        "Image editing to create revealing pictures",
        "Text translation",
        "Game playing"
      ],
      "correct_answer": "Image editing to create revealing pictures"
    },
    {
      "question": "Which countries have blocked access to Grok?",
      "options": [
        "Canada and Mexico",
        "Malaysia and Indonesia",
        "France and Germany",
        "China and Japan"
      ],
      "correct_answer": "Malaysia and Indonesia"
    },
    {
      "question": "What did xAI initially say in response to media queries?",
      "options": [
        "We will fix it immediately",
        "Legacy media lies",
        "It is not our problem",
        "We are sorry"
      ],
      "correct_answer": "Legacy media lies"
    },
    {
      "question": "What action is California taking regarding Grok?",
      "options": [
        "Banning all AI",
        "Investigating nonconsensual explicit material",
        "Promoting Grok for kids",
        "Ignoring the issue"
      ],
      "correct_answer": "Investigating nonconsensual explicit material"
    },
    {
      "question": "How is xAI addressing the legal issues?",
      "options": [
        "By shutting down Grok completely",
        "By implementing geoblocking where laws are violated",
        "By increasing prices",
        "By removing all features"
      ],
      "correct_answer": "By implementing geoblocking where laws are violated"
    },
    {
      "question": "What did The Associated Press find about Grok's tool?",
      "options": [
        "It is fully blocked everywhere",
        "It still works for free users in some areas",
        "It only works for paid users",
        "It has been deleted"
      ],
      "correct_answer": "It still works for free users in some areas"
    },
    {
      "question": "Which regions are investigating Grok for online safety law violations?",
      "options": [
        "Australia and New Zealand",
        "European Union and U.K.",
        "South America and Africa",
        "Middle East and Asia"
      ],
      "correct_answer": "European Union and U.K."
    },
    {
      "question": "What does 'spicy mode' refer to in Grok?",
      "options": [
        "A cooking feature",
        "A mode for generating explicit content",
        "A language learning tool",
        "A weather forecast option"
      ],
      "correct_answer": "A mode for generating explicit content"
    }
  ],
  "background_read": [
    "AI chatbots like Grok use machine learning to generate and edit content, including images. The rise of such technologies has led to ethical concerns, particularly around deepfakes and nonconsensual explicit material. Governments worldwide are enacting laws, such as online safety regulations, to address these issues. Geoblocking is a common method for companies to comply with local laws by restricting access based on IP addresses. This article highlights the tension between innovation and regulation in the AI industry, showing how companies like xAI must navigate legal landscapes to mitigate harm and maintain user trust."
  ],
  "Article_Structure": [
    "Main Points: Grok's image editing feature for creating revealing pictures of real people has caused global backlash, with countries blocking it and investigations launched. Purpose: To report on xAI's response to legal pressures by implementing geoblocking and the ongoing accessibility issues. Evidence Evaluation: The article cites statements from xAI, actions by governments, and tests by The Associated Press, providing credible but limited firsthand data. Author Credibility: Written by Elaine Kurtenbach for the Associated Press, a reputable news agency, ensuring factual reporting. Methodology: Based on official announcements, media queries, and verification tests, though more details on enforcement are needed."
  ],
  "perspectives": [
    {
      "perspective": "Regulatory",
      "description": "Governments argue for strict laws to prevent AI misuse and protect individuals from harm."
    },
    {
      "perspective": "Technological",
      "description": "AI developers emphasize the potential benefits but acknowledge the need for ethical safeguards and compliance."
    }
  ],
  "image_url": "/article_images/article_395734e97960d82d_9d7abc6b32b5.webp"
}