{
  "title": "Unlocking Hidden Mineral Resources in U.S. Mining Operations",
  "summary": "A recent statistical study led by Elizabeth Holley reveals that the United States might already be mining most of the critical minerals it requires, but these valuable materials are often discarded as byproducts during metal extraction. Critical minerals, such as cobalt, nickel, and lithium, are essential for modern technologies like electric vehicle batteries, wind turbines, and electronics, yet they face supply risks due to limited domestic production. The research combined data on U.S. mine production with geochemical measurements to estimate that recovering even a small percentage, like 1% to 90%, of these byproducts could significantly reduce the nation's dependence on foreign imports. This recovery could meet nearly all U.S. needs for critical minerals, offering economic benefits by turning waste into valuable resources and enhancing supply security for energy and defense industries. Additionally, it presents environmental advantages by reducing mine waste volumes and potential harm. However, challenges include the need for advanced technology and cost-effective methods to extract minerals from complex ores. The study highlights a strategic opportunity to leverage existing mining operations for national benefit, though practical implementation requires further innovation and policy support.",
  "keywords": [
    {
      "term": "critical minerals",
      "explanation": "materials vital for the economy and national security, used in high-tech applications"
    },
    {
      "term": "byproducts",
      "explanation": "secondary minerals extracted alongside primary metals during mining"
    },
    {
      "term": "recovery",
      "explanation": "the process of extracting and utilizing minerals that would otherwise be wasted"
    },
    {
      "term": "supply chains",
      "explanation": "networks involved in producing and distributing goods, affecting availability and cost"
    },
    {
      "term": "geochemical measurements",
      "explanation": "data on the chemical composition of rocks and minerals"
    },
    {
      "term": "tailings",
      "explanation": "mine waste materials left after processing ore"
    },
    {
      "term": "import reliance",
      "explanation": "dependence on foreign sources for essential materials"
    },
    {
      "term": "environmental impact",
      "explanation": "effects on the natural world, such as from waste reduction"
    }
  ],
  "questions": [
    {
      "question": "What did Elizabeth Holley's study find about critical minerals in U.S. mines?",
      "options": [
        "They are often discarded as byproducts",
        "They are not mined at all",
        "They are only found in new mines",
        "They are always recovered"
      ],
      "correct_answer": "They are often discarded as byproducts"
    },
    {
      "question": "Why are critical minerals important for the U.S. economy?",
      "options": [
        "They are used in technologies like batteries and electronics",
        "They are used for building houses",
        "They are only for decoration",
        "They are not important"
      ],
      "correct_answer": "They are used in technologies like batteries and electronics"
    },
    {
      "question": "How could recovering byproducts affect U.S. import reliance?",
      "options": [
        "It could significantly reduce it",
        "It would increase it",
        "It has no effect",
        "It would stop all imports"
      ],
      "correct_answer": "It could significantly reduce it"
    },
    {
      "question": "What are tailings in mining?",
      "options": [
        "Mine waste materials",
        "Primary metals",
        "Recovered minerals",
        "New mining sites"
      ],
      "correct_answer": "Mine waste materials"
    },
    {
      "question": "What method did researchers use to estimate mineral potential?",
      "options": [
        "Combining production and geochemical data",
        "Guessing based on old maps",
        "Asking miners",
        "Using only computer models"
      ],
      "correct_answer": "Combining production and geochemical data"
    },
    {
      "question": "What is a benefit of recovering critical minerals besides economics?",
      "options": [
        "Environmental advantages like reducing waste",
        "Making mines bigger",
        "Stopping all mining",
        "Increasing imports"
      ],
      "correct_answer": "Environmental advantages like reducing waste"
    },
    {
      "question": "What challenge is mentioned for recovering minerals?",
      "options": [
        "Need for advanced technology and cost-effectiveness",
        "Lack of minerals in the U.S.",
        "Too much recovery already",
        "No challenges exist"
      ],
      "correct_answer": "Need for advanced technology and cost-effectiveness"
    },
    {
      "question": "What could happen if 90% of byproducts were recovered?",
      "options": [
        "Meet nearly all U.S. critical mineral needs",
        "Cause environmental damage",
        "Increase waste",
        "Stop mining operations"
      ],
      "correct_answer": "Meet nearly all U.S. critical mineral needs"
    }
  ],
  "background_read": [
    "Critical minerals are materials like cobalt, nickel, and lithium that are crucial for modern technology, including electric vehicles, renewable energy systems, and defense equipment. The U.S. currently imports many of these minerals due to limited domestic production, posing supply risks. Mining operations in the U.S. extract metals such as copper and gold, and critical minerals occur as byproducts but are often wasted. Elizabeth Holley's study used statistical analysis of mine production and geochemical data to show that recovering these byproducts could drastically cut import dependence, enhance economic value, and reduce environmental impacts from mine waste. This approach offers a strategic alternative to developing new mines, which is time-consuming and costly, but requires technological advances and supportive policies to be feasible on a large scale."
  ],
  "Article_Structure": [
    "The article presents main points on untapped critical mineral potential in U.S. mines, with a purpose to advocate for recovery to reduce import reliance and boost security. Evidence evaluation is strong, using combined datasets for statistical estimates, though it relies on existing data without new field tests. Author credibility is supported by Holley's research leadership, but specific expertise details are limited. Methodology involves pairing production and geochemical data to estimate recoverable minerals, providing a robust but theoretical framework. Overall, it highlights economic, strategic, and environmental benefits while acknowledging practical challenges in implementation."
  ],
  "perspectives": [
    {
      "perspective": "Economic",
      "description": "Recovery could turn waste into profit and strengthen domestic industries."
    },
    {
      "perspective": "Strategic",
      "description": "It enhances national security by reducing dependence on unstable foreign sources."
    },
    {
      "perspective": "Environmental",
      "description": "It minimizes waste and promotes sustainable mining practices."
    }
  ],
  "image_url": "/article_images/article_1d6decb70e89865f_def9779d10df.webp"
}