{
  "title": "Decadal Air Sample Analysis Uncovers Accelerated Moss Phenology Shifts Under Climate Warming",
  "summary": "A groundbreaking study conducted by scientists at Lund University in Sweden has utilized DNA extracted from historical air samples, initially amassed by the Swedish Armed Forces for nuclear fallout surveillance since the 1960s, to elucidate pronounced phenological shifts in northern mosses. By examining 16 distinct moss species and groups over a 35-year timeframe, the research demonstrates that spore release now commences approximately four weeks earlier on average relative to 1990, with peak dispersal advancing by six weeks. This acceleration is predominantly attributable to elevated autumn temperatures, which prolong the developmental period for spore capsules, thereby facilitating earlier spring release. Intriguingly, the analysis indicates that antecedent climate conditions from the preceding year exert a more substantial influence on spore timing than contemporaneous meteorological factors such as snow thaw or spring temperatures. The investigation not only corroborates rapid ecological adaptations to anthropogenic climate change but also pioneers a novel methodological paradigm employing airborne DNA archives for reconstructing long-term biotic responses. This approach holds potential for extrapolation to other aerially dispersed taxa, enabling comparative assessments across latitudinal gradients in Sweden and contributing empirical data to forthcoming Intergovernmental Panel on Climate Change (IPCC) syntheses on documented climatic effects.",
  "keywords": [
    {
      "term": "phenological shifts",
      "explanation": "changes in the timing of biological events, such as flowering or spore release, in response to environmental cues"
    },
    {
      "term": "airborne DNA archives",
      "explanation": "collections of genetic material preserved in air samples, used for historical ecological research"
    },
    {
      "term": "anthropogenic climate change",
      "explanation": "climate alterations primarily caused by human activities, including greenhouse gas emissions"
    },
    {
      "term": "latitudinal gradients",
      "explanation": "variations in ecological or climatic conditions across different latitudes, from north to south"
    },
    {
      "term": "empirical data",
      "explanation": "information derived from observation or experimentation, providing evidence for scientific conclusions"
    }
  ],
  "questions": [
    {
      "question": "What primary source of historical data did the researchers analyze to study moss phenology?",
      "options": [
        "DNA from air samples collected since the 1960s",
        "Fossil records from peat bogs",
        "Satellite imagery from the 1990s",
        "Written botanical journals"
      ],
      "correct_answer": "DNA from air samples collected since the 1960s"
    },
    {
      "question": "Over what period did the study track changes in moss spore release?",
      "options": [
        "35 years",
        "10 years",
        "50 years",
        "20 years"
      ],
      "correct_answer": "35 years"
    },
    {
      "question": "How much earlier does peak spore dispersal occur now compared to historical baselines?",
      "options": [
        "Six weeks sooner",
        "Two weeks sooner",
        "One month later",
        "No significant change"
      ],
      "correct_answer": "Six weeks sooner"
    },
    {
      "question": "Which climatic factor was identified as the key driver of earlier spore release?",
      "options": [
        "Warmer autumn temperatures",
        "Increased winter snowfall",
        "Higher spring rainfall",
        "Summer drought conditions"
      ],
      "correct_answer": "Warmer autumn temperatures"
    },
    {
      "question": "What did the study find regarding the influence of same-year weather conditions on spore timing?",
      "options": [
        "They were less important than previous-year climate",
        "They were the most critical factor",
        "They had no effect",
        "They only mattered for southern species"
      ],
      "correct_answer": "They were less important than previous-year climate"
    },
    {
      "question": "What methodological innovation does this research introduce for ecological studies?",
      "options": [
        "Using airborne DNA archives for long-term biotic monitoring",
        "Developing new satellite sensors",
        "Creating computer models of moss growth",
        "Employing citizen science data collection"
      ],
      "correct_answer": "Using airborne DNA archives for long-term biotic monitoring"
    },
    {
      "question": "How might the study's findings be utilized in broader climate science contexts?",
      "options": [
        "Informing future IPCC reports on documented climate effects",
        "Designing urban green spaces",
        "Predicting agricultural yields",
        "Mapping ocean currents"
      ],
      "correct_answer": "Informing future IPCC reports on documented climate effects"
    },
    {
      "question": "What does the ability to compare trends from north to south in Sweden enable?",
      "options": [
        "Assessing latitudinal variations in ecological responses",
        "Determining political boundaries",
        "Measuring air pollution levels",
        "Studying human migration patterns"
      ],
      "correct_answer": "Assessing latitudinal variations in ecological responses"
    },
    {
      "question": "What type of biological material was preserved in the air samples besides moss spores?",
      "options": [
        "Pollen and other microscopic particles",
        "Only moss DNA",
        "Insect fragments",
        "Bacterial colonies"
      ],
      "correct_answer": "Pollen and other microscopic particles"
    },
    {
      "question": "What broader implication does the study suggest about ecological systems under climate change?",
      "options": [
        "They can exhibit rapid adaptive shifts",
        "They remain static despite warming",
        "They are only affected in tropical regions",
        "They depend solely on human intervention"
      ],
      "correct_answer": "They can exhibit rapid adaptive shifts"
    }
  ],
  "background_read": [
    "Climate change, driven predominantly by anthropogenic factors such as fossil fuel combustion and deforestation, entails global temperature increases and altered precipitation patterns, with profound implications for ecosystems. Phenology, the study of cyclic biological events, serves as a sensitive indicator of environmental change, particularly in polar and boreal regions where warming is accelerated. Mosses, as bryophytes, lack vascular tissues and reproduce via spores, making their life cycles highly dependent on microclimatic conditions. Historical air sampling, initiated during the Cold War for radiological monitoring, has inadvertently created valuable biological archives through the preservation of airborne DNA on filters. The Intergovernmental Panel on Climate Change (IPCC) synthesizes peer-reviewed science to inform international policy, with ecological data crucial for assessing impact scenarios. Advanced molecular techniques, such as DNA metabarcoding, enable the identification of species from environmental samples, revolutionizing long-term ecological research."
  ],
  "Article_Structure": [
    "Main Points: The research documents a four-week advancement in moss spore release over 35 years, driven by warmer autumns, using DNA from historical air samples. Purpose: To evidence rapid ecological adaptations to climate change and establish a novel methodology for long-term biotic monitoring. Evidence Evaluation: Robust, leveraging well-preserved DNA across decades, though limited to Swedish samples and specific taxa. Author Credibility: Experts from Lund and Umeå Universities with backgrounds in botany and ecology, enhancing reliability. Methodology: DNA analysis of air samples collected systematically since the 1960s, focusing on 16 moss species to assess phenological shifts. Critical Assessment: Strengths include unique longitudinal data and innovative approach; limitations involve potential sampling biases and need for validation across broader geographic and taxonomic scales."
  ],
  "perspectives": [
    {
      "perspective": "Methodological Advancement",
      "description": "Demonstrates the repurposing of historical environmental data for contemporary climate science, expanding research possibilities."
    }
  ],
  "image_url": "/article_images/article_322aefce08ee1beb_a3329b8d062d.webp"
}