{
  "articles": [
    {
      "id": "e74b19fb97d4f015",
      "title": "Chronotype Disparities in Cardiovascular Disease Risk: A Longitudinal Analysis",
      "summary": "A comprehensive longitudinal study, published in the Journal of the American Heart Association, examined the association between chronotype—defined as an individual's inherent propensity for sleep-wake timing—and cardiovascular health outcomes in a cohort of over 300,000 adults from the UK Biobank, with a median age of 57 years. Participants self-identified as 'definitely evening,' 'definitely morning,' or 'intermediate' chronotypes based on daily activity patterns. Utilizing the American Heart Association's Life's Essential 8 framework, which integrates behavioral and clinical metrics, the analysis revealed that evening chronotypes exhibited a 79% increased odds of poor cardiovascular health and a 16% elevated risk of incident cardiovascular events, such as myocardial infarction or stroke, over a median follow-up of 14 years. Notably, these associations were more pronounced among women, suggesting gender-specific vulnerabilities. Mediation analyses indicated that lifestyle factors, particularly nicotine consumption and sleep insufficiency, accounted for a substantial portion of the elevated risk. Conversely, morning chronotypes demonstrated a modest protective effect, with a 5% reduction in poor health prevalence. The findings underscore chronotype as a modifiable risk factor and advocate for targeted interventions to ameliorate cardiovascular disparities linked to circadian misalignment.",
      "source": "Science Daily",
      "time_ago": "20 hours ago",
      "image_url": "/article_images/article_e74b19fb97d4f015_235c39b3ae29.webp",
      "category": "Science"
    },
    {
      "id": "7946a01203e6ba45",
      "title": "Gender Disparities in Cardiovascular Disease Onset: Insights from a Longitudinal Cohort Study",
      "summary": "A comprehensive longitudinal study conducted by Northwestern Medicine, utilizing data from the Coronary Artery Risk Development in Young Adults (CARDIA) study, reveals that men experience an accelerated onset of coronary heart disease risk compared to women, with disparities manifesting as early as the mid-30s. Over more than three decades of follow-up involving over 5,100 Black and white adults initially aged 18-30, researchers documented that men achieve a 5% cumulative incidence of cardiovascular disease—encompassing heart attack, stroke, and heart failure—approximately seven years earlier than women (at median ages 50.5 versus 57.5). Notably, men reach a 2% incidence of coronary heart disease over a decade sooner. Contrary to expectations, this gender gap persisted despite converging trends in conventional risk factors such as smoking, hypertension, and diabetes, suggesting underlying biological mechanisms or socio-environmental determinants beyond standard clinical metrics. The findings, published in the Journal of The American Heart Association, underscore the imperative for earlier cardiovascular screening and personalized preventive strategies, particularly targeting men, to mitigate long-term morbidity. The study advocates for expanded research frameworks integrating multifactorial influences to elucidate the enduring disparities in heart disease epidemiology.",
      "source": "Science Daily",
      "time_ago": "20 hours ago",
      "image_url": "/article_images/article_7946a01203e6ba45_69f5e65a8d3d.webp",
      "category": "Science"
    },
    {
      "id": "0b5444a697994282",
      "title": "Innovations in Superhydrophobic Materials for Unsinkable Maritime Structures",
      "summary": "A groundbreaking study from the University of Rochester's Institute of Optics presents a novel method for creating unsinkable metal tubes through advanced surface modification techniques. Led by Professor Chunlei Guo, the research employs laser etching to fabricate microscopic and nanoscale pits on the interior of aluminum tubes, rendering them superhydrophobic and capable of entrapping a stable air pocket. This design ensures buoyancy regardless of submersion duration or physical damage, drawing analogies to biological systems like diving bell spiders and fire ants that utilize air retention strategies. The inclusion of a central divider enhances vertical stability, addressing limitations of prior superhydrophobic disk designs from 2019 that faltered under extreme tilting. Rigorous testing in turbulent conditions over extended periods demonstrated no degradation in buoyancy, even with perforations. Scalability allows for constructing rafts to support maritime infrastructure such as ships and buoys, while also showcasing potential for renewable energy harvesting from wave motion. Funded by entities including the National Science Foundation and the Bill and Melinda Gates Foundation, this interdisciplinary work integrates optics, physics, and materials science to tackle enduring challenges in naval architecture and sustainable energy.",
      "source": "Science Daily",
      "time_ago": "23 hours ago",
      "image_url": "/article_images/article_0b5444a697994282_105673e1089b.webp",
      "category": "Science"
    },
    {
      "id": "0399378c85b0771c",
      "title": "Revolutionizing Cardiovascular Risk Assessment with Fast-RSOM Imaging",
      "summary": "A groundbreaking medical imaging technology, fast-RSOM, has been developed by researchers at Helmholtz Munich and the Technical University of Munich to non-invasively capture high-resolution images of microvascular endothelial dysfunction (MiVED) through the skin. Utilizing raster scan optoacoustic mesoscopy (RSOM), this tool employs brief light pulses to generate ultrasound signals, producing detailed 3D visualizations of the smallest blood vessels. It detects dynamic biomarkers associated with MiVED, such as impaired vasodilation and constriction, which manifest years before overt cardiovascular symptoms like angina or myocardial infarction. By directly quantifying these microvascular alterations, fast-RSOM transcends traditional risk estimation based on factors like hypertension or obesity, offering a precise, physiological assessment of endothelial health. The portable design facilitates potential integration into outpatient clinics for routine screenings, enabling earlier interventions, tailored therapeutic strategies, and longitudinal monitoring of treatment efficacy. Future research aims to validate its biomarkers in diverse populations and incorporate them into clinical paradigms, potentially reducing healthcare burdens through proactive management of cardiovascular diseases.",
      "source": "Science Daily",
      "time_ago": "1 day ago",
      "image_url": "/article_images/article_0399378c85b0771c_8c3b6abbe595.webp",
      "category": "Science"
    },
    {
      "id": "1924a2590abe37c3",
      "title": "Unearthing History: The Archaeological and Socio-Political Implications of HS2's Discoveries",
      "summary": "The construction of HS2, the UK's high-speed railway, has facilitated an extensive archaeological endeavor, resulting in the excavation of approximately 450,000 artifacts that provide profound insights into Britain's multifaceted past. These items, housed in a clandestine warehouse in Yorkshire to ensure security, encompass a diverse range from a potential Roman gladiator's tag to a Paleolithic hand axe and 19th-century gold dentures, illustrating a temporal span exceeding 10,000 years. Since 2018, this project has mobilized around 1,000 archaeologists across 60 designated sites along the London-Birmingham corridor, adhering to statutory requirements for heritage preservation prior to development. While the archaeological fieldwork is largely concluded, the disposition of these artifacts—whether they will be curated for public exhibition or retained in archival storage—remains indeterminate, reflecting broader uncertainties in cultural resource management. The initiative has ignited contentious discourse: proponents, including Historic England, laud the revelations as transformative for historical scholarship, whereas detractors, exemplified by MP Greg Smith, condemn HS2 for its exorbitant fiscal burdens, protracted delays, and deleterious environmental and social repercussions, including village displacements. In response, HS2 leadership has acknowledged managerial shortcomings while affirming the meticulous methodologies employed by their specialized archaeology team.",
      "source": "BBC Science",
      "time_ago": "1 day ago",
      "image_url": "/article_images/article_1924a2590abe37c3_d3f15c00e07c.webp",
      "category": "Science"
    },
    {
      "id": "733e491146bbfd50",
      "title": "Adaptive Resilience in Svalbard Polar Bears Amidst Climatic Shifts",
      "summary": "Contrary to expectations, polar bears in the Svalbard archipelago have exhibited enhanced body condition, becoming fatter and healthier from 1992 to 2019, despite progressive sea ice loss attributed to climate change. Conducted by the Norwegian Polar Institute, this longitudinal study of 770 adult bears reveals adaptive behaviors, including increased predation on land-based species such as reindeer and walruses. Walruses, recovering from near-extinction due to protection since the 1950s, now constitute a significant fatty food source. Additionally, seals congregating in diminished ice areas may facilitate more efficient hunting. The research, documented in Scientific Reports, underscores the paradoxical effects of environmental change; while ice-free days have risen by approximately 100 over the study period, bears have temporarily benefited from altered prey dynamics. However, scientists caution against optimism, noting that continued ice decline will likely force bears to expend greater energy accessing hunting grounds, depleting fat reserves and undermining current gains. This phenomenon may also reflect population recovery from historical hunting pressures prior to 1970s protections. The findings illuminate complex ecological interactions, highlighting both resilience and vulnerability in Arctic species facing anthropogenic climate impacts.",
      "source": "BBC Science",
      "time_ago": "1 day ago",
      "image_url": "/article_images/article_733e491146bbfd50_f74a76e41184.webp",
      "category": "Science"
    }
  ]
}