{
  "title": "The Clash Between AI Innovation and Copyright Enforcement in Hollywood",
  "summary": "The launch of Seedance 2.0, an ultra-realistic AI video generation tool by ByteDance, has ignited a significant dispute within the entertainment industry. This technology enables users to produce high-quality clips from minimal text prompts, resulting in widespread creation of content featuring copyrighted material such as films, TV shows, and celebrity likenesses without authorization. The Motion Picture Association (MPA), representing major US studios including Netflix and Disney, has condemned this as large-scale copyright infringement, arguing that ByteDance's lack of effective safeguards violates established legal frameworks protecting intellectual property and economic interests. In response, ByteDance asserts its commitment to intellectual property rights, implementing suspensions on real-person image uploads and promising enhanced regulatory compliance. Concurrently, industry professionals like Deadpool co-writer Rhett Reese voice profound concerns over the tool's potential to automate creative processes, threatening employment and artistic integrity. This scenario underscores broader debates about the ethical implications of AI in media, balancing technological advancement against the need for robust copyright enforcement and the preservation of human-centric creativity.",
  "keywords": [
    {
      "term": "ultra-realistic AI video generation",
      "explanation": "Advanced artificial intelligence systems capable of producing video content that closely mimics human-directed production in quality and detail"
    },
    {
      "term": "copyright infringement",
      "explanation": "The unauthorized use or reproduction of copyrighted works, constituting a legal violation that can lead to claims for damages or injunctions"
    },
    {
      "term": "Motion Picture Association (MPA)",
      "explanation": "A trade association advocating for the global film and television industry, focusing on anti-piracy efforts and copyright protection policies"
    },
    {
      "term": "intellectual property rights",
      "explanation": "Legal entitlements that grant creators exclusive control over their inventions, artistic works, and brands, essential for fostering innovation and economic growth"
    },
    {
      "term": "regulatory compliance",
      "explanation": "The process of adhering to legal standards and regulations, particularly in technology sectors, to mitigate risks and ensure lawful operation"
    },
    {
      "term": "automation of creative processes",
      "explanation": "The use of AI and machines to perform tasks traditionally requiring human creativity, raising questions about job displacement and artistic value"
    },
    {
      "term": "ethical implications of AI",
      "explanation": "Moral considerations surrounding artificial intelligence development, including issues of fairness, accountability, and impact on society and industries"
    },
    {
      "term": "technological advancement vs. creative protection",
      "explanation": "The ongoing conflict between innovation in tools like AI and the need to safeguard intellectual property and human roles in creative sectors"
    }
  ],
  "questions": [
    {
      "question": "What specific feature of Seedance 2.0 has raised copyright concerns according to the MPA?",
      "options": [
        "Its ability to generate clips without meaningful safeguards against infringement",
        "Its high cost for users",
        "Its exclusive availability in China",
        "Its focus on educational content"
      ],
      "correct_answer": "Its ability to generate clips without meaningful safeguards against infringement"
    },
    {
      "question": "How does ByteDance respond to allegations of copyright infringement?",
      "options": [
        "By suspending user uploads of real people's images and promising compliance measures",
        "By denying any involvement with Seedance",
        "By increasing the tool's price",
        "By ignoring the MPA's demands"
      ],
      "correct_answer": "By suspending user uploads of real people's images and promising compliance measures"
    },
    {
      "question": "What broader industry issue does Rhett Reese's concern about job losses highlight?",
      "options": [
        "The potential for AI to automate creative roles and disrupt employment",
        "The lack of training programs for AI developers",
        "The oversupply of Hollywood writers",
        "The decline in movie ticket sales"
      ],
      "correct_answer": "The potential for AI to automate creative roles and disrupt employment"
    },
    {
      "question": "Which legal concept is central to the MPA's argument against Seedance?",
      "options": [
        "Copyright law protecting creators' exclusive rights",
        "Patent law for inventions",
        "Trademark law for brand names",
        "Contract law for agreements"
      ],
      "correct_answer": "Copyright law protecting creators' exclusive rights"
    },
    {
      "question": "What does the article suggest about the balance between AI innovation and copyright enforcement?",
      "options": [
        "It creates complex ethical and legal challenges requiring careful navigation",
        "It has been resolved through new international treaties",
        "It only affects small independent creators",
        "It is irrelevant to technological progress"
      ],
      "correct_answer": "It creates complex ethical and legal challenges requiring careful navigation"
    },
    {
      "question": "What role does the MPA play in the entertainment industry as described?",
      "options": [
        "Representing major studios and advocating for copyright protection",
        "Producing AI tools for video creation",
        "Regulating social media platforms",
        "Funding independent filmmakers"
      ],
      "correct_answer": "Representing major studios and advocating for copyright protection"
    },
    {
      "question": "How does Seedance 2.0's technology impact traditional video production methods?",
      "options": [
        "It mimics human directorial control, potentially reducing need for professional tools and skills",
        "It requires more expensive equipment",
        "It slows down the production process",
        "It only works with pre-existing footage"
      ],
      "correct_answer": "It mimics human directorial control, potentially reducing need for professional tools and skills"
    },
    {
      "question": "What is a key difference between ByteDance's stance and the MPA's position?",
      "options": [
        "ByteDance emphasizes innovation and user creativity while the MPA focuses on legal infringement and protection",
        "ByteDance wants to ban all AI tools, while the MPA supports them",
        "ByteDance denies any copyright issues, while the MPA admits to infringement",
        "ByteDance represents studios, while the MPA develops AI technology"
      ],
      "correct_answer": "ByteDance emphasizes innovation and user creativity while the MPA focuses on legal infringement and protection"
    },
    {
      "question": "What does the Forbes review note about Seedance 2.0's capabilities?",
      "options": [
        "It offers creative control similar to a human director and enables high-end outputs without complex tools",
        "It is only useful for amateur hobbyists",
        "It produces low-quality videos that are not realistic",
        "It requires extensive programming knowledge to use"
      ],
      "correct_answer": "It offers creative control similar to a human director and enables high-end outputs without complex tools"
    },
    {
      "question": "Why might this dispute have implications beyond Hollywood?",
      "options": [
        "It reflects global tensions over AI regulation, intellectual property, and the future of creative work across industries",
        "It is only relevant to US copyright law",
        "It will lead to the end of all AI development",
        "It has no impact on other sectors like music or literature"
      ],
      "correct_answer": "It reflects global tensions over AI regulation, intellectual property, and the future of creative work across industries"
    }
  ],
  "background_read": [
    "This article delves into the intersection of artificial intelligence and copyright law within the entertainment sector. AI video generation tools like Seedance 2.0 represent a frontier in machine learning, utilizing models trained on vast datasets to synthesize content. Copyright law, rooted in statutes such as the U.S. Copyright Act, grants creators exclusive rights to reproduce, distribute, and display their works, with infringement occurring when these rights are violated without permission. The Motion Picture Association (MPA) serves as a key lobbyist for studios, historically combating piracy through legal and policy avenues. ByteDance, as a multinational tech giant, operates in a complex regulatory environment, balancing innovation with compliance across jurisdictions. The ethical discourse here touches on automation's socioeconomic effects, as AI threatens to disrupt labor markets and redefine creativity. Understanding these elements requires knowledge of intellectual property frameworks, AI ethics, and industry dynamics, highlighting the need for adaptive legal and technological solutions."
  ],
  "Article_Structure": [
    "This article provides an in-depth analysis of the conflict surrounding Seedance 2.0. Main Points: It outlines the tool's capacity for generating copyrighted content without authorization, the MPA's legal challenges based on infringement claims, and industry fears regarding job automation. Purpose: To explore the ethical and legal ramifications of AI in creative industries, situating the dispute within broader debates on innovation versus protection. Evidence Evaluation: Sources include official statements from the MPA and ByteDance, alongside expert commentary from figures like Rhett Reese, offering credible but potentially partisan insights; however, the article lacks independent verification of infringement scales. Author Credibility: As a BBC report, it maintains journalistic standards but may reflect Western media biases. Methodology: It compiles news from corporate releases and industry reactions, employing a descriptive rather than investigative approach. Critical Assessment: Strengths lie in highlighting key stakeholder perspectives, but limitations include minimal depth on technical aspects of AI or global regulatory variations, suggesting a need for more comprehensive analysis."
  ],
  "perspectives": [
    {
      "perspective": "Legal and industry advocates (MPA)",
      "description": "They frame Seedance as a threat to copyright integrity and economic stability, advocating for strict enforcement to preserve creative industries and jobs."
    },
    {
      "perspective": "Technology innovators (ByteDance)",
      "description": "They champion AI's potential to democratize creativity and enhance user experiences, while navigating compliance challenges to mitigate legal risks."
    },
    {
      "perspective": "Creative professionals (e.g., Rhett Reese)",
      "description": "They express existential concerns about AI's role in displacing human artistry, calling for ethical considerations and protective measures for workers."
    }
  ],
  "image_url": "/article_images/article_75a9bb10d0054985_c3c50e803232.webp"
}