{
  "title": "Strategic Shifts in Franco-UK Migration Policy: Channel Interceptions",
  "summary": "France has acquiesced to UK demands by initiating interceptions of small boats in the Channel, a significant policy reversal aimed at curbing illegal migration and enhancing deterrence. This development follows a letter from UK Prime Minister Sir Keir Starmer to French President Emmanuel Macron, highlighting the absence of an effective deterrent and urging immediate action. French maritime police will now intervene before boats embark with passengers, though methods exclude net usage due to safety concerns, as reported by Le Monde. The decision builds on earlier efforts by former Interior Minister Bruno Retailleau, who faced obstacles from maritime regulations and operational risks. Current delays from adverse weather and anticipated adaptations by people-smuggling syndicates underscore the complexities of enforcement. The UK government reaffirms collaborative efforts, framing this as part of a broader strategy to manage migration flows while prioritizing human safety. This article illustrates the interplay of diplomacy, security protocols, and humanitarian considerations in addressing cross-border challenges.",
  "keywords": [
    {
      "term": "acquiesced",
      "explanation": "accepted or agreed to something reluctantly"
    },
    {
      "term": "deterrence",
      "explanation": "the use of threats or actions to prevent unwanted behavior"
    },
    {
      "term": "maritime regulations",
      "explanation": "laws and rules governing activities at sea"
    },
    {
      "term": "people-smuggling syndicates",
      "explanation": "organized criminal groups that illegally transport migrants"
    },
    {
      "term": "bilateral",
      "explanation": "involving two parties, such as two countries"
    },
    {
      "term": "humanitarian",
      "explanation": "concerned with promoting human welfare and reducing suffering"
    },
    {
      "term": "enforcement",
      "explanation": "the process of ensuring compliance with laws"
    },
    {
      "term": "diplomacy",
      "explanation": "the art of managing international relations through negotiation"
    },
    {
      "term": "operational risks",
      "explanation": "dangers associated with carrying out specific activities"
    },
    {
      "term": "policy reversal",
      "explanation": "a change in official stance or strategy"
    }
  ],
  "questions": [
    {
      "question": "What catalyzed France's policy shift on boat interceptions?",
      "options": [
        "UK diplomatic pressure",
        "Internal French reforms",
        "Migrant protests",
        "Economic incentives"
      ],
      "correct_answer": "A"
    },
    {
      "question": "How does the exclusion of nets reflect on interception tactics?",
      "options": [
        "It prioritizes safety over aggression",
        "It makes interceptions easier",
        "It is a cost-saving measure",
        "It is required by international law"
      ],
      "correct_answer": "A"
    },
    {
      "question": "What role did Bruno Retailleau play in earlier interception efforts?",
      "options": [
        "He advocated for them but faced challenges",
        "He opposed all interceptions",
        "He implemented nets successfully",
        "He was a migrant advocate"
      ],
      "correct_answer": "A"
    },
    {
      "question": "How might people-smuggling gangs adapt to new interceptions?",
      "options": [
        "By altering routes or methods",
        "By surrendering to authorities",
        "By increasing boat sizes",
        "By seeking legal pathways"
      ],
      "correct_answer": "A"
    },
    {
      "question": "What evidence does the article provide for the policy's urgency?",
      "options": [
        "Statements from leaders and past incidents",
        "Statistical data on migrant numbers",
        "Scientific studies on weather",
        "Interviews with migrants"
      ],
      "correct_answer": "A"
    },
    {
      "question": "How does the article address author credibility?",
      "options": [
        "It cites BBC and Le Monde sources",
        "It includes anonymous tips",
        "It relies on social media",
        "It uses fictional examples"
      ],
      "correct_answer": "A"
    },
    {
      "question": "What methodological limitations are present in the reporting?",
      "options": [
        "Lack of detailed interception plans",
        "Over-reliance on official statements",
        "Inclusion of biased opinions",
        "Use of outdated information"
      ],
      "correct_answer": "A"
    },
    {
      "question": "How does the UK government frame its collaboration with France?",
      "options": [
        "As a shared challenge requiring joint efforts",
        "As a unilateral UK initiative",
        "As a temporary measure",
        "As focused on economic gains"
      ],
      "correct_answer": "A"
    },
    {
      "question": "What critical assessment can be made of the policy's potential effectiveness?",
      "options": [
        "It may reduce risks but face adaptation by smugglers",
        "It will completely stop migration",
        "It is solely for political show",
        "It ignores humanitarian aspects"
      ],
      "correct_answer": "A"
    },
    {
      "question": "How do weather conditions impact the implementation?",
      "options": [
        "They cause operational delays",
        "They make interceptions easier",
        "They are irrelevant",
        "They increase migrant numbers"
      ]
    }
  ],
  "background_read": [
    "The Channel serves as a critical corridor for irregular migration, with individuals often risking perilous journeys in inadequate vessels due to factors like conflict, poverty, or persecution. Franco-UK relations have been strained by migration issues, involving complex legal and ethical dimensions under international law, such as the 1951 Refugee Convention. Maritime interception policies must navigate human rights concerns, with debates on deterrence versus protection. Historical attempts, including under figures like Retailleau, reveal persistent challenges in balancing enforcement with safety, influenced by EU frameworks and bilateral agreements. This context highlights the need for evidence-based strategies that address root causes while ensuring compliance with humanitarian standards."
  ],
  "Article_Structure": [
    "This in-depth analysis examines France's decision to intercept Channel boats, detailing main points like the policy shift driven by UK pressure and exclusion of nets. The purpose extends to addressing illegal migration within broader geopolitical and humanitarian contexts. Evidence evaluation notes reliance on credible sources like BBC and Le Monde, but lacks empirical data, raising questions on comprehensiveness. Author credibility is bolstered by established media outlets, though potential biases in political reporting may affect objectivity. Methodology involves synthesizing official statements and historical events, but critical assessment highlights strengths in highlighting bilateral cooperation and limitations in unclear operational details and adaptive smuggling responses, suggesting incomplete problem-solving."
  ],
  "perspectives": [
    {
      "perspective": "Security-Focused",
      "description": "Advocates for strict enforcement to maintain border control and national security"
    },
    {
      "perspective": "Rights-Based",
      "description": "Prioritizes the protection of migrants' human rights and safe passage"
    }
  ],
  "image_url": "/article_images/article_e94a76c1e1e4dc05_ac1731a374b9.webp"
}