{
  "title": "Strategic Restructuring at Aston Martin Amid Escalating Financial Losses and Global Trade Tensions",
  "summary": "Aston Martin Lagonda, the iconic British luxury automotive manufacturer, has initiated a significant workforce reduction of 20%, equating to approximately 600 employees out of a total of 3,000, as part of a strategic response to a 52% surge in net losses to £493.2 million for the previous fiscal year. The company attributes its deteriorating financial performance to exogenous factors, including the disruptive impact of US tariffs under the Trump administration and persistently subdued demand in China, the globe's predominant automotive market. In a bid to enhance operational efficiency and financial resilience, Aston Martin anticipates generating annual savings of circa £40 million through this restructuring, with the majority of cost reductions projected for the current year. Concurrently, the firm has recalibrated its five-year capital expenditure framework, reducing it from £2 billion to £1.7 billion by deferring investments in electric vehicle technology—a sector critical for future competitiveness. The layoffs are predominantly concentrated in the United Kingdom, where the company's headquarters in Gaydon, Warwickshire, and a facility in St Athan, Wales, are situated, affecting roles across operational and administrative functions. This decision underscores the complex interplay between corporate strategy, global trade dynamics, and evolving consumer preferences in the high-end automotive sector.",
  "keywords": [
    {
      "term": "strategic restructuring",
      "explanation": "a planned reorganization of a company's operations and resources to address financial challenges and align with long-term goals"
    },
    {
      "term": "exogenous factors",
      "explanation": "external influences, such as economic policies or market conditions, that affect a company's performance from outside its control"
    },
    {
      "term": "operational efficiency",
      "explanation": "the ability of a company to maximize output while minimizing costs and resource use"
    },
    {
      "term": "financial resilience",
      "explanation": "the capacity of an organization to withstand economic shocks and maintain stability through adaptive measures"
    },
    {
      "term": "capital expenditure framework",
      "explanation": "a structured plan outlining a company's investments in long-term assets over a specified period"
    },
    {
      "term": "electric vehicle technology deferral",
      "explanation": "the postponement of spending on research and development for electric cars, often due to financial constraints"
    },
    {
      "term": "global trade dynamics",
      "explanation": "the complex interactions and policies governing international commerce, including tariffs and trade agreements"
    },
    {
      "term": "consumer preferences",
      "explanation": "the shifting tastes and demands of buyers in a market, influencing product development and sales strategies"
    },
    {
      "term": "high-end automotive sector",
      "explanation": "the segment of the car industry focused on luxury, performance, and premium vehicles"
    },
    {
      "term": "fiscal year",
      "explanation": "a 12-month period used for financial reporting and budgeting by companies and governments"
    }
  ],
  "questions": [
    {
      "question": "What is the exact net loss figure reported by Aston Martin for last year?",
      "options": [
        "£400 million",
        "£493.2 million",
        "£600 million",
        "£700 million"
      ],
      "correct_answer": "£493.2 million"
    },
    {
      "question": "By how much has Aston Martin reduced its capital spending plan?",
      "options": [
        "£0.3 billion",
        "£0.5 billion",
        "£0.7 billion",
        "£1 billion"
      ],
      "correct_answer": "£0.3 billion"
    },
    {
      "question": "Which external factor did Aston Martin specifically cite as 'extremely disruptive'?",
      "options": [
        "Brexit uncertainties",
        "US tariffs",
        "Chinese regulations",
        "Global pandemic"
      ],
      "correct_answer": "US tariffs"
    },
    {
      "question": "What percentage of the workforce reduction is targeted for savings this year?",
      "options": [
        "All savings",
        "Most savings",
        "Half of savings",
        "None of the savings"
      ],
      "correct_answer": "Most savings"
    },
    {
      "question": "In which country is Aston Martin's headquarters located?",
      "options": [
        "USA",
        "China",
        "UK",
        "Germany"
      ],
      "correct_answer": "UK"
    },
    {
      "question": "What is the primary reason for deferring electric vehicle investments?",
      "options": [
        "Technological hurdles",
        "Financial constraints",
        "Lack of demand",
        "Regulatory issues"
      ],
      "correct_answer": "Financial constraints"
    },
    {
      "question": "How does the article describe demand in China?",
      "options": [
        "Booming",
        "Stable",
        "Subdued",
        "Non-existent"
      ],
      "correct_answer": "Subdued"
    },
    {
      "question": "What is the total number of employees affected by the job cuts?",
      "options": [
        "500",
        "600",
        "700",
        "800"
      ],
      "correct_answer": "600"
    },
    {
      "question": "Which term best describes Aston Martin's adjustment to its spending plans?",
      "options": [
        "Expansion",
        "Recalibration",
        "Elimination",
        "Innovation"
      ],
      "correct_answer": "Recalibration"
    },
    {
      "question": "What broader economic issue is highlighted as affecting Aston Martin?",
      "options": [
        "Inflation rates",
        "Trade tensions",
        "Currency fluctuations",
        "Labor strikes"
      ],
      "correct_answer": "Trade tensions"
    }
  ],
  "background_read": [
    "Aston Martin Lagonda is a prestigious British automotive company founded in 1913, renowned for producing luxury sports cars and its longstanding association with the James Bond franchise. The company has faced cyclical financial challenges, exacerbated by recent global trade policies, such as the tariffs implemented by the US during the Trump presidency, which increased costs for imported vehicles. Additionally, the Chinese automotive market, while the largest globally, has experienced volatility in demand for luxury goods due to economic slowdowns and regulatory changes. Corporate restructuring, including workforce reductions and capital expenditure adjustments, is a common strategy for firms navigating losses, with electric vehicle development representing a key frontier for innovation and sustainability in the industry. This context underscores the intersection of corporate governance, international economics, and technological advancement."
  ],
  "Article_Structure": [
    "Main Points: Aston Martin is implementing a 20% workforce cut to address a 52% rise in net losses, targeting £40 million in annual savings and citing US tariffs and low Chinese demand as key challenges, while also reducing capital spending by deferring electric vehicle investments. Purpose: To analyze the company's strategic response to financial distress within the context of global trade tensions and market shifts. Evidence Evaluation: The article relies on company statements and financial data, providing credible but limited evidence; it lacks in-depth analysis of tariff impacts or independent verification of demand issues. Author Credibility: The BBC is a reputable source, but the article is brief and may not fully explore underlying economic complexities. Methodology: Information is sourced from official releases and spokesperson comments, typical for news reporting, without primary research or data analysis. Critical Assessment: Strengths include clear presentation of facts and corporate perspective; limitations involve superficial treatment of broader economic factors and potential biases in company-provided explanations."
  ],
  "perspectives": [
    {
      "perspective": "Corporate Strategy",
      "description": "Aston Martin's restructuring reflects a tactical approach to mitigate losses and adapt to external pressures, prioritizing short-term financial stability over long-term innovation in electric vehicles."
    }
  ],
  "image_url": "/article_images/article_d7cd980f9d7ec846_bbbc91b1bfbd.webp"
}