{
  "title": "The Long-Term Heart Risks of Light Smoking Revealed",
  "summary": "A comprehensive review of multiple long-term studies has demonstrated that smoking even a small number of cigarettes daily significantly increases the risk of heart disease and premature death. Conducted by Michael Blaha and his team at Johns Hopkins, the analysis involved over 300,000 adults from 22 longitudinal studies tracked for up to 19.9 years. The findings indicate that individuals smoking two to five cigarettes per day face a 50% higher risk of heart failure and a 60% higher risk of death from any cause compared to non-smokers. Although quitting smoking reduces cardiovascular risk, with the most significant drop occurring within the first decade, former smokers may still have elevated risks for up to 30 years after stopping. This research highlights the persistent dangers of low-intensity smoking and underscores the importance of complete cessation for long-term heart health, especially as more people adopt lighter smoking habits.",
  "keywords": [
    {
      "term": "longitudinal studies",
      "explanation": "research that follows the same group of people over a long period to observe changes"
    },
    {
      "term": "cardiovascular events",
      "explanation": "medical incidents like heart attacks or strokes that affect the heart and blood vessels"
    },
    {
      "term": "risk elevation",
      "explanation": "an increase in the likelihood of experiencing a negative health outcome"
    },
    {
      "term": "cessation",
      "explanation": "the act of stopping a behavior, such as smoking"
    },
    {
      "term": "light smoking",
      "explanation": "consuming a small number of cigarettes regularly, often perceived as less harmful"
    },
    {
      "term": "mortality",
      "explanation": "death, often measured in studies to assess health impacts"
    },
    {
      "term": "epidemiology",
      "explanation": "the study of how diseases spread and affect populations"
    },
    {
      "term": "public health",
      "explanation": "efforts to protect and improve community health through education and policy"
    },
    {
      "term": "non-smokers",
      "explanation": "individuals who have never used tobacco products"
    },
    {
      "term": "PLOS Medicine",
      "explanation": "an open-access scientific journal that publishes peer-reviewed medical research"
    }
  ],
  "questions": [
    {
      "question": "What was the increased risk of heart failure for light smokers in the study?",
      "options": [
        "50% higher",
        "20% higher",
        "No increase",
        "100% higher"
      ],
      "correct_answer": "50% higher"
    },
    {
      "question": "How many studies were included in the review?",
      "options": [
        "22",
        "10",
        "50",
        "5"
      ],
      "correct_answer": "22"
    },
    {
      "question": "What is the primary focus of the research by Blaha's team?",
      "options": [
        "Risks of light smoking",
        "Benefits of exercise",
        "Diet and heart health",
        "Air pollution effects"
      ],
      "correct_answer": "Risks of light smoking"
    },
    {
      "question": "How long after quitting does the cardiovascular risk start to decrease significantly?",
      "options": [
        "Within 10 years",
        "Immediately",
        "After 30 years",
        "Never decreases"
      ],
      "correct_answer": "Within 10 years"
    },
    {
      "question": "What type of studies were used in this analysis?",
      "options": [
        "Longitudinal studies",
        "Short experiments",
        "Animal studies",
        "Surveys only"
      ],
      "correct_answer": "Longitudinal studies"
    },
    {
      "question": "What percentage higher was the risk of death for light smokers?",
      "options": [
        "60%",
        "30%",
        "10%",
        "90%"
      ],
      "correct_answer": "60%"
    },
    {
      "question": "Where was the research conducted?",
      "options": [
        "Johns Hopkins in the USA",
        "A European university",
        "A local clinic",
        "Online survey"
      ],
      "correct_answer": "Johns Hopkins in the USA"
    },
    {
      "question": "What journal published these findings?",
      "options": [
        "PLOS Medicine",
        "New England Journal of Medicine",
        "Science Magazine",
        "Nature"
      ],
      "correct_answer": "PLOS Medicine"
    },
    {
      "question": "Why is this study relevant today?",
      "options": [
        "More people are light smokers",
        "Smoking rates are increasing",
        "It disproves previous research",
        "It focuses only on heavy smokers"
      ],
      "correct_answer": "More people are light smokers"
    },
    {
      "question": "How does quitting smoking affect long-term risk?",
      "options": [
        "Risk decreases but may remain elevated",
        "Risk disappears completely",
        "Risk increases",
        "No effect"
      ],
      "correct_answer": "Risk decreases but may remain elevated"
    }
  ],
  "background_read": [
    "Smoking tobacco is a major public health issue linked to various diseases, including cardiovascular conditions. Light smoking, defined as consuming few cigarettes daily, has often been misunderstood as less dangerous. Longitudinal studies, which track individuals over time, provide robust evidence on health trends. This article builds on prior knowledge by analyzing data from hundreds of thousands of adults to clarify the specific risks of low-intensity smoking. Understanding these findings is crucial for health education and encouraging smoking cessation, as even minimal exposure can have lasting effects on heart health and mortality."
  ],
  "Article_Structure": [
    "This article's main points highlight that light smoking significantly raises heart disease and death risks, based on a large review of longitudinal studies. The purpose is to inform the public and health professionals about the dangers of low-level smoking and the benefits of quitting. Evidence evaluation shows high quality due to the use of multiple long-term studies with large sample sizes, reducing bias. Author credibility is strong, as Michael Blaha is affiliated with Johns Hopkins, a reputable institution. Methodology involved analyzing data from over 300,000 adults across 22 studies, using observational methods to track health outcomes over nearly 20 years, providing reliable insights into smoking impacts."
  ],
  "perspectives": [
    {
      "perspective": "Researchers",
      "description": "They emphasize the need for accurate data to guide public health policies on smoking."
    },
    {
      "perspective": "Public health advocates",
      "description": "They use this evidence to promote anti-smoking campaigns and support cessation programs."
    },
    {
      "perspective": "Light smokers",
      "description": "They may reassess their habits upon learning that even occasional smoking poses serious long-term risks."
    }
  ],
  "image_url": "/article_images/article_70f11ca0bfbc5b9b_8a41ab985b91.webp"
}