{
  "articles": [
    {
      "id": "53161acf6b587113",
      "title": "Analyzing La Voix's Withdrawal from Strictly Come Dancing: Injury and Media Narratives",
      "summary": "The article details La Voix's compulsory exit from Strictly Come Dancing due to an undisclosed injury, announced by host Tess Daly during a Blackpool episode. As a drag queen and alter ego of Chris Dennis, La Voix conveyed her disillusionment via Instagram, citing medical advice that precluded further participation. Consequently, the show's producers canceled the weekly dance-off, carrying votes forward to mitigate unfair eliminations. La Voix's prominence, bolstered by her finalist status on RuPaul's Drag Race UK, underscores her intent to humanize the drag persona for viewers. This incident is contextualized within a series of recent withdrawals, including Stefan Dennis and Dani Dyer, illustrating the inherent physical demands and risks in competitive dance. The reporting employs sources like official statements and social media, reflecting contemporary media practices in covering celebrity news. It raises questions about duty of care in entertainment productions and the role of digital platforms in shaping public discourse, while the lack of injury specifics invites scrutiny over transparency in health-related disclosures.",
      "source": "BBC Entertainment",
      "time_ago": "8 hours ago",
      "image_url": "/article_images/article_53161acf6b587113_a124e7cd4ecc.webp",
      "category": "Fun"
    },
    {
      "id": "cdc0ca4af11c6097",
      "title": "Strategic Triumph: Spain Secures Davis Cup Final Berth Against Italy in High-Stakes Encounter",
      "summary": "Spain has advanced to the Davis Cup final after a hard-fought victory over Germany, culminating in a decisive doubles match that underscored their team depth and strategic prowess. The semi-final tie began with Pablo Carreno Busta securing an early lead for Spain by defeating Jan-Lennard Struff in the opening singles. However, Germany's Alexander Zverev, ranked world number three, leveled the score by overcoming Jaume Munar, setting the stage for a dramatic doubles decider. In that crucial encounter, the Spanish duo of Marcel Granollers and Pedro Martinez—previously instrumental in the quarter-final win—delivered a resilient performance, defeating Kevin Krawietz and Tim Puetz 6-2, 3-6, 6-3. This achievement marks Spain's first final appearance since 2019, as they pursue a seventh Davis Cup title. Their opponents, Italy, are the two-time defending champions who defeated Belgium to reach their third consecutive final. Notably, both teams face significant challenges due to the absence of top-ranked players: Spain is without world number one Carlos Alcaraz due to injury, while Italy misses world number two Jannik Sinner and Lorenzo Musetti. The final, scheduled for Sunday in Bologna, Italy, at 14:00 GMT, represents the first Davis Cup meeting between these nations in 19 years, adding historical context to the rivalry. Spanish captain David Ferrer expressed immense pride in his team's determination and highlighted the need for preparation against a formidable Italian side, emphasizing the competitive balance despite key absences.",
      "source": "BBC Tennis",
      "time_ago": "10 hours ago",
      "image_url": "/article_images/article_cdc0ca4af11c6097_623b335ae585.webp",
      "category": "Fun"
    },
    {
      "id": "dd95e8a1e2250f93",
      "title": "Paul Costelloe: A Critical Examination of His Fashion Legacy and Controversies",
      "summary": "Paul Costelloe, an esteemed Irish fashion designer, died at 80 in London after a short illness, as confirmed by his family. Born in Dublin, he honed his skills at the Grafton Academy of Fashion Design and advanced his education at the Chambre Syndicale de la Haute Couture in Paris. Founding Paul Costelloe Collections in 1979, he presented collections at prestigious fashion weeks in London, Paris, Milan, and New York, establishing a global presence. His career was significantly shaped by his appointment as personal designer to Diana, Princess of Wales, in 1983, a role he maintained until her death in 1997, which cemented his status in high society. Costelloe integrated traditional Irish fabrics like linen and tweed into his designs, fostering cultural representation and collaborating with entities such as Dunnes Stores. However, his legacy is nuanced by a 1998 controversy where he asserted that Irish women lacked innate style, though he later reflected on Ireland's evolving European identity in a recent RTÉ interview. Taoiseach Micheál Martin mourned his loss, praising him as an icon who elevated Irish fashion internationally. This article not only commemorates his life but also invites critical reflection on his contributions and the complexities of his public persona.",
      "source": "BBC Entertainment",
      "time_ago": "13 hours ago",
      "image_url": "/article_images/article_dd95e8a1e2250f93_16b56b693b58.webp",
      "category": "Fun"
    },
    {
      "id": "850128e8cb325c20",
      "title": "Strategic Acquisition: DMGT's Purchase of the Telegraph and Its Implications",
      "summary": "The Daily Mail and General Trust (DMGT) has finalized an agreement to acquire the Daily and Sunday Telegraph for £500 million, a move that could reshape the British media sector. This acquisition follows the failure of RedBird IMI's bid, a joint venture between the UAE and US private equity firm RedBird Capital Partners, highlighting the complexities of international media investments. The deal necessitates regulatory approval from Culture Secretary Lisa Nandy, who will assess it under frameworks addressing public interest and foreign state influence in media mergers. The Telegraph has endured over two years of ownership instability, initially triggered when RedBird IMI settled debts of the Barclay family, aiming for control. DMGT's chairman, Lord Rothermere, has publicly praised the Telegraph's legacy and committed to preserving its editorial independence while pledging investments to enhance its global reach. This transaction integrates the Telegraph into DMGT's diverse portfolio, including the i Paper and Metro, with assurances of compliance to UK regulations by excluding foreign capital. Broader implications involve media plurality concerns raised by parliamentary figures, underscoring the tension between corporate expansion and democratic safeguards in journalism.",
      "source": "BBC Entertainment",
      "time_ago": "17 hours ago",
      "image_url": "/article_images/article_850128e8cb325c20_e9a402179dfa.webp",
      "category": "Fun"
    },
    {
      "id": "0f67b3de7a9298a0",
      "title": "Radiohead's Resurgence: A Critical Analysis of Their London Performance",
      "summary": "Radiohead's recent concert at London's O2 Arena represented a significant cultural event, marking their first UK performance in 99 months amid heightened anticipation. The band, renowned for their artistic evolution, delivered a setlist that traversed their entire discography, from the guitar-driven anthems of 'The Bends' to the electronic intricacies of 'Kid A' and the melancholic beauty of 'A Moon Shaped Pool.' While the article notes occasional timing and tuning issues, suggesting possible rust from their hiatus, the overall execution was characterized as rapturous and spell-binding, with politically resonant tracks like '2+2=5' gaining renewed relevance. The inclusion of session musician Chris Vatalaro bolstered the rhythm section, underscoring Radiohead's ability to merge complex, danceable grooves with challenging material. Audience dynamics revealed a blend of unified appreciation and difficulty engaging with unconventional rhythms, as seen in failed attempts to synchronize clapping. This performance not only celebrated their legacy but also demonstrated the band's enduring capacity to innovate and connect, serving as a testament to their influence in contemporary music and the fervent dedication of their global fanbase.",
      "source": "BBC Entertainment",
      "time_ago": "1 day ago",
      "image_url": "/article_images/article_0f67b3de7a9298a0_8640bd069f0c.webp",
      "category": "Fun"
    },
    {
      "id": "da8abd7a96ffc1e9",
      "title": "Historic Davis Cup Semifinal: Cobolli's Resilience Secures Italy's Final Berth",
      "summary": "In a landmark Davis Cup semifinal, Italian tennis professional Flavio Cobolli delivered an extraordinary performance by overcoming seven match points to clinch a 32-point tie-break victory against Belgium's Zizou Bergs. The match, which extended over three hours and concluded with a score of 6-3, 6-7 (5-7), 7-6 (17-15), is recorded as the sixth-longest tie-break in the competition's 125-year history. Cobolli's celebratory shirt removal symbolized the euphoria among the 10,000 spectators in Bologna, and he later articulated that the win realized a lifelong dream, underscoring the profound significance of competing for national honor, familial support, and team cohesion. Italy's captain, Filippo Volandri, lauded the effort as predominantly driven by heart rather than tactical precision, reflecting on the match's emotional intensity. This triumph propels Italy into the final against Spain or Germany, positioning them to potentially achieve a historic third consecutive Davis Cup title—a feat not accomplished in 53 years, despite the absence of top-ranked players Jannik Sinner and Lorenzo Musetti. The narrative explores themes of perseverance, the psychological dynamics of elite sports, and the collective identity fostered through international team competitions.",
      "source": "BBC Tennis",
      "time_ago": "1 day ago",
      "image_url": "/article_images/article_da8abd7a96ffc1e9_cb6e40dfa435.webp",
      "category": "Fun"
    }
  ]
}