{
  "articles": [
    {
      "id": "0522c5427d4a5588",
      "title": "COP30: Analyzing the Fractured Consensus in Global Climate Governance",
      "summary": "The COP30 climate summit in Belém, Brazil, served as a stark illustration of the deepening rifts in international efforts to combat global warming. Over three decades, these conferences have aimed to foster consensus, but COP30 ended as one of the most divisive, with the final agreement omitting any reference to fossil fuels—a core driver of climate change. This omission incited fury among many nations advocating for aggressive climate action, while those with vested interests in fossil fuel production felt validated. Key insights from the summit include the metaphorical 'climate ship' remaining afloat, indicating the persistence of global climate dialogues, yet accompanied by widespread discontent. Brazil's President Lula championed a roadmap to transition away from fossil fuels, garnering support from the UK and others, but COP President André Corrêa do Lago's emphasis on consensus led to the eradication of such proposals from negotiations. Initiatives by Colombia, the European Union, and approximately 80 countries to incorporate stronger language against coal, oil, and gas were neutralized through a mutirão—a Brazilian collaborative discussion format—highlighting the prioritization of unity over substantive action. This event underscores the complexities of multilateral diplomacy and the formidable obstacles to achieving equitable and effective climate solutions in a polarized global landscape.",
      "source": "BBC News",
      "time_ago": "5 hours ago",
      "image_url": "/article_images/article_0522c5427d4a5588_c0e53d9071cd.webp",
      "category": "News"
    },
    {
      "id": "836b4a1582aae819",
      "title": "Analyzing Trump's Provisional Peace Framework in the Russia-Ukraine Conflict",
      "summary": "President Donald Trump has declared that the United States' 28-point plan to conclude the Russia-Ukraine war is not his 'final offer,' indicating potential modifications amid international scrutiny. This proposal has elicited a nuanced response from Ukraine's allies, including European nations, Canada, and Japan, who recognize its elements conducive to a just and lasting peace but voice significant apprehensions regarding proposed border alterations and caps on Ukraine's armed forces, which they argue could undermine the nation's defensive capabilities and sovereignty. A critical diplomatic engagement is slated in Geneva, involving security officials from the US, UK, France, Germany, and Ukraine, to deliberate on the plan's specifics. Ukrainian President Volodymyr Zelensky has characterized the period as exceptionally challenging, citing US pressure to acquiesce to terms perceived as disproportionately advantageous to Moscow. Trump has imposed a deadline of November 27 for Ukraine's acceptance, while Russian President Vladimir Putin has acknowledged the plan as a feasible 'basis' for a settlement, reflecting strategic positioning. The G20 summit produced a joint statement from multiple signatories emphasizing the inadmissibility of border changes by force and the necessity for further refinement of the draft, underscoring broader geopolitical tensions. Diplomatic coordination continues, exemplified by communications between UK Prime Minister Keir Starmer and both Zelensky and Trump, aiming to harmonize efforts within the Coalition of the Willing and advance the peace process through structured negotiations.",
      "source": "BBC News",
      "time_ago": "6 hours ago",
      "image_url": "/article_images/article_836b4a1582aae819_e998fae63205.webp",
      "category": "News"
    },
    {
      "id": "b1b91f0007588bf8",
      "title": "Record-Breaking Auction of Titanic Artifacts: The Straus Pocket Watch and Historical Legacy",
      "summary": "A gold pocket watch recovered from Isidor Straus, a wealthy passenger on the Titanic, achieved a record £1.78 million at auction, underscoring the enduring allure of Titanic memorabilia. The watch, an 18-carat gold piece by Jules Jurgensen, was found on Straus's body after the ship sank on April 14, 1912, following a collision with an iceberg, which resulted in over 1,500 fatalities. Straus, a Bavaria-born American businessman and co-owner of Macy's department store, perished alongside his wife Ida, who refused to abandon him, symbolizing marital devotion. Her body was never recovered. The watch, engraved with Straus's initials and believed to be a 43rd birthday gift from Ida in 1888, had its movement stopped at 02:20, coinciding with the Titanic's submersion. Additional auction items included a letter on Titanic stationery by Ida Straus (£100,000), a passenger list (£104,000), and a gold medal for the Carpathia crew (£86,000), cumulatively reaching £3 million. Auctioneer Andrew Aldridge emphasized that such artifacts narrate individual stories, perpetuating public fascination 113 years post-disaster. This event not only highlights the economic valuation of historical objects but also reflects on how personal narratives from tragedies are preserved and commodified in modern culture.",
      "source": "BBC News",
      "time_ago": "7 hours ago",
      "image_url": "/article_images/article_b1b91f0007588bf8_4538d7a5a028.webp",
      "category": "News"
    },
    {
      "id": "f5fe3c5151eace1b",
      "title": "Analyzing the Implications of England's Rail Fare Freeze Policy",
      "summary": "The UK government has instituted a freeze on regulated rail fares in England until March 2027, representing the first such moratorium in three decades. This policy applies to approximately 45% of fares, including season tickets, off-peak returns, and flexible urban tickets, while excluding unregulated fares that increased by 5.5% in the previous year. Announced ahead of the Budget, the move is strategically aimed at mitigating the cost of living crisis by directly limiting inflation, as rail costs constitute a significant component of household expenditures. Historically, fare adjustments have been tied to the Retail Price Index (RPI) plus 1%, with the most recent regulated increase at 4.6% in March 2025, and a shift in timing from January to March occurring in 2021. The Rail Delivery Group endorses the freeze, highlighting its potential to enhance customer satisfaction and support broader railway reforms. This decision marks a departure from post-privatisation trends since 1996, where fares have consistently risen, albeit with variations such as below-RPI increases and a temporary decline after the 2010 financial crash. The policy's limitations include its England-specific scope and the possibility of unregulated fare hikes, raising questions about equitable impact and long-term sustainability in the transport sector.",
      "source": "BBC News",
      "time_ago": "7 hours ago",
      "image_url": "/article_images/article_f5fe3c5151eace1b_f1c39fad77cd.webp",
      "category": "News"
    },
    {
      "id": "c22cc6226fa9b507",
      "title": "Pecans: An 8,000-Year Historical and Cultural Analysis",
      "summary": "The article delves into the extensive 8,000-year history of pecans, tracing their origins from Native American utilization for food, medicine, and trade, owing to their high fat content and portability. Native to the southern United States, pecans spread organically and through human agency, with documented cultivation beginning in the 18th century, including plantings at George Washington's Mount Vernon. The author, Shelley Mitchell, an extension specialist in Oklahoma, provides insights into the botanical classification of pecans as drupes and discusses their alternate bearing cycle, which historically led to neglect in regions where they grew abundantly without cultivation. Modern contexts reveal the U.S. as the dominant producer, accounting for 80% of the global pecan crop, with diverse applications in products like pecan milk and holiday pies. This narrative not only chronicles the agricultural evolution of pecans but also underscores their cultural embedding in American traditions, highlighting shifts from indigenous practices to contemporary economic significance. The analysis emphasizes how pecans transformed from overlooked natural resources to integral components of culinary and festive landscapes, reflecting broader themes of environmental adaptation and cultural exchange.",
      "source": "PBS NewsHour",
      "time_ago": "9 hours ago",
      "image_url": "/article_images/article_c22cc6226fa9b507_21fffa007c55.webp",
      "category": "News"
    },
    {
      "id": "dcf81f50d48bd400",
      "title": "Critical Examination of Trump's Provisional Peace Proposal for Ukraine",
      "summary": "The article details President Donald Trump's announcement that the U.S. peace plan for Ukraine is not his final offer, underscoring a potentially flexible diplomatic stance amid ongoing conflict. The 28-point blueprint advocates for Ukraine to cede territory to Russia, reduce its military capabilities, and abandon aspirations for NATO membership, elements that closely mirror Moscow's objectives. Ukrainian President Volodymyr Zelenskyy has expressed grave concerns, framing the proposal as a threat to national sovereignty and the continuity of American support. Concurrently, European Union leaders, along with Canada and Japan, have issued a joint statement acknowledging U.S. peace efforts but critiquing core aspects, particularly the alteration of borders by force and insufficient security guarantees. High-level discussions, including a meeting in Geneva with envoys from Germany, France, the U.K., and the EU, aim to refine the proposal, emphasizing the necessity of inclusive consultations. Trump's imposition of a response deadline adds urgency, while European figures like Chancellor Merz and President Macron stress that sustainable peace must involve affected nations and address broader European security issues, such as frozen Russian assets and EU accession. This scenario illustrates the intricate balance between expedient conflict resolution and the preservation of international legal principles, revealing deep divisions in global diplomacy.",
      "source": "PBS NewsHour",
      "time_ago": "10 hours ago",
      "image_url": "/article_images/article_dcf81f50d48bd400_a3bc23682669.webp",
      "category": "News"
    }
  ]
}