{
  "title": "Remembering Stanley Baxter: A Funny Actor's Life",
  "summary": "Stanley Baxter was a famous Scottish actor and comedian who lived to be 99 years old. He was born in Glasgow in 1926 and became a big star on British TV for many years. He acted in hit shows from the 1960s to the 1980s and was known for his funny sketches, like Parliamo Glasgow. He also performed in pantomimes, which are fun plays for families. Baxter won awards like Baftas for his work. He was a private person who didn't like being famous and gave few interviews. He passed away in a care home in London. This article tells us about his life and why people remember him as a great entertainer.",
  "keywords": [
    {
      "term": "actor",
      "explanation": "a person who performs in plays, movies, or TV shows"
    },
    {
      "term": "comedian",
      "explanation": "a person who makes people laugh with jokes or funny acts"
    },
    {
      "term": "sketches",
      "explanation": "short funny scenes or performances"
    },
    {
      "term": "pantomimes",
      "explanation": "special plays with music and jokes, often at Christmas"
    },
    {
      "term": "Baftas",
      "explanation": "awards given for good work in TV and film in Britain"
    },
    {
      "term": "care home",
      "explanation": "a place where older people live and get help"
    }
  ],
  "questions": [
    {
      "question": "How old was Stanley Baxter when he died?",
      "options": [
        "99 years old",
        "94 years old",
        "80 years old",
        "70 years old"
      ],
      "correct_answer": "99 years old"
    },
    {
      "question": "Where was Stanley Baxter born?",
      "options": [
        "Glasgow",
        "London",
        "Edinburgh",
        "Manchester"
      ],
      "correct_answer": "Glasgow"
    },
    {
      "question": "What type of shows did Baxter star in from the 1960s to 1980s?",
      "options": [
        "hit TV series",
        "sports games",
        "news programs",
        "cooking shows"
      ],
      "correct_answer": "hit TV series"
    },
    {
      "question": "What funny sketch did Baxter perform in On The Bright Side?",
      "options": [
        "Parliamo Glasgow",
        "Mr Majeika",
        "Pantomime dame",
        "Radio sitcom"
      ],
      "correct_answer": "Parliamo Glasgow"
    },
    {
      "question": "What did Baxter win for his work in TV and film?",
      "options": [
        "Baftas",
        "Oscars",
        "Grammys",
        "Emmys"
      ],
      "correct_answer": "Baftas"
    },
    {
      "question": "Where did Baxter live when he passed away?",
      "options": [
        "a care home in London",
        "his house in Glasgow",
        "a theater in Scotland",
        "a TV studio"
      ],
      "correct_answer": "a care home in London"
    }
  ],
  "background_read": [
    "Stanley Baxter was a beloved entertainer from Scotland who made people laugh for decades. He started his career in theaters and became famous on TV with shows like The Stanley Baxter Show. He was known for doing many characters in parodies and also acted in pantomimes, which are traditional British plays with lots of fun. Even though he was famous, he was shy and didn't like talking about his personal life. He received awards for his contributions to comedy and acting. This article helps us learn about his life and why he is remembered as an important figure in entertainment history."
  ],
  "Article_Structure": [
    "WHO: Stanley Baxter, a Scottish actor and comedian",
    "WHAT: He died at age 99 after a long career in TV and theater",
    "WHERE: He was born in Glasgow and died in a care home in London",
    "WHY: The article shares his life story and achievements to honor his memory"
  ],
  "perspectives": [
    {
      "perspective": "Celebrity Life",
      "description": "Baxter was a famous star but preferred privacy, showing that not all celebrities enjoy fame."
    }
  ],
  "image_url": "/article_images/article_04a7c94f5a531fdf_1b01c49ca22f.webp"
}