{
  "title": "Economic Implications of Declining Retail Sales and Fiscal Policies in the UK",
  "summary": "UK retail sales experienced an unexpected contraction of 0.1% in November, defying analyst forecasts of a 0.4% increase, as Black Friday promotional strategies proved insufficient in stimulating consumer expenditure. This decline occurred amidst a persistent downturn in supermarket sales, marking the fourth consecutive month of reduction. Conversely, sectors such as computers, clothing, and furniture exhibited growth in recent months, indicating selective consumer spending patterns. The GfK consumer confidence index revealed a nuanced picture: December sentiment reached a 16-month high, with improved perceptions of personal financial prospects, yet overall indices remained negative, reflecting underlying economic apprehensions. Contributory factors include pre-Budget fiscal uncertainty, which analysts argue eroded shopper confidence, precipitating two monthly declines following a period of growth from June to September. Concurrently, government borrowing in November stood at £11.7bn, surpassing projections but representing a £1.9bn reduction year-on-year, attributed to enhanced tax and National Insurance revenues. The broader fiscal landscape involves increased public sector remuneration and inflation-adjusted benefits, influencing national debt trajectories. Expert commentary posits that recent interest rate reductions to 3.75% may bolster consumer confidence, potentially catalyzing a resurgence in spending during the critical pre-Christmas commercial phase, though structural challenges persist.",
  "keywords": [
    {
      "term": "consumer expenditure",
      "explanation": "the total spending by households on goods and services, a key component of economic demand"
    },
    {
      "term": "promotional strategies",
      "explanation": "marketing tactics, such as discounts, used by retailers to boost sales during specific periods like Black Friday"
    },
    {
      "term": "fiscal uncertainty",
      "explanation": "instability or lack of predictability in government budgetary policies, affecting economic decision-making"
    },
    {
      "term": "national debt trajectories",
      "explanation": "the projected path of a country's accumulated borrowing over time, influenced by fiscal policies and economic conditions"
    },
    {
      "term": "interest rate reductions",
      "explanation": "decreases in the cost of borrowing set by monetary authorities, aimed at stimulating economic activity"
    },
    {
      "term": "selective consumer spending",
      "explanation": "the tendency of consumers to prioritize purchases in certain categories while cutting back in others, reflecting shifting preferences"
    }
  ],
  "questions": [
    {
      "question": "What was the discrepancy between predicted and actual retail sales volumes in November?",
      "options": [
        "Predicted rise of 0.4% vs. actual fall of 0.1%",
        "Predicted fall of 0.1% vs. actual rise of 0.4%",
        "Predicted rise of 0.1% vs. actual fall of 0.4%",
        "Both predicted and actual were falls"
      ],
      "correct_answer": "Predicted rise of 0.4% vs. actual fall of 0.1%"
    },
    {
      "question": "How does the article describe the trend in supermarket sales?",
      "options": [
        "Increasing for four months",
        "Stable",
        "Declining for four consecutive months",
        "Volatile with no clear pattern"
      ],
      "correct_answer": "Declining for four consecutive months"
    },
    {
      "question": "What does the GfK consumer confidence survey indicate about December sentiment?",
      "options": [
        "It reached a 16-month low",
        "It matched a 16-month high despite overall negativity",
        "It showed no change",
        "It was entirely positive"
      ],
      "correct_answer": "It matched a 16-month high despite overall negativity"
    },
    {
      "question": "What economic factor is cited as potentially boosting consumer spending?",
      "options": [
        "Higher government borrowing",
        "Interest rate cuts to 3.75%",
        "Increased taxes",
        "Reduced public sector salaries"
      ],
      "correct_answer": "Interest rate cuts to 3.75%"
    },
    {
      "question": "What was the year-on-year change in government borrowing for November?",
      "options": [
        "Increased by £1.9bn",
        "Decreased by £1.9bn",
        "Remained unchanged",
        "Doubled"
      ],
      "correct_answer": "Decreased by £1.9bn"
    },
    {
      "question": "What explains the reduction in November borrowing compared to last year?",
      "options": [
        "Lower tax receipts",
        "Higher receipts from taxes and National Insurance",
        "Reduced public spending",
        "Increased debt"
      ],
      "correct_answer": "Higher receipts from taxes and National Insurance"
    },
    {
      "question": "What period saw a run of rising retail sales prior to the recent falls?",
      "options": [
        "March to May",
        "June to September",
        "October to December",
        "January to April"
      ],
      "correct_answer": "June to September"
    },
    {
      "question": "What percentage of adults planned to buy less than last year during Black Friday?",
      "options": [
        "31%",
        "19%",
        "50%",
        "10%"
      ],
      "correct_answer": "19%"
    },
    {
      "question": "What broader fiscal elements contribute to government borrowing increases?",
      "options": [
        "Only tax cuts",
        "Public sector salaries and inflation-linked benefits",
        "Reduced National Insurance",
        "Decreased consumer spending"
      ],
      "correct_answer": "Public sector salaries and inflation-linked benefits"
    },
    {
      "question": "How do analysts characterize the impact of pre-Budget uncertainty?",
      "options": [
        "It boosted spending",
        "It had no effect",
        "It dented shopper confidence",
        "It increased discounts"
      ],
      "correct_answer": "It dented shopper confidence"
    }
  ],
  "background_read": [
    "This article delves into complex economic dynamics in the UK, integrating microeconomic consumer behavior with macroeconomic policy. Retail sales volumes serve as a critical indicator of domestic demand, influenced by factors like promotional events and consumer confidence. Black Friday represents a strategic retail phenomenon with global implications for seasonal spending patterns. Fiscal policies, including government borrowing and interest rate adjustments, are tools for managing economic stability, with borrowing levels affecting national debt and inflationary pressures. The interplay between consumer sentiment, as measured by surveys like GfK, and policy uncertainty highlights the psychological dimensions of economic decision-making. Analyzing these elements requires an understanding of statistical methodologies from sources like the ONS and the interpretive role of economic analysts in contextualizing data within broader theoretical frameworks."
  ],
  "Article_Structure": [
    "Main Points: The article details an unexpected 0.1% fall in UK retail sales in November, contrasting with predicted growth, due to ineffective Black Friday promotions and pre-Budget uncertainty, while noting growth in specific sectors and improved but negative consumer confidence. Purpose: To analyze recent economic data within the context of fiscal policies and consumer behavior, exploring implications for future spending and debt management. Evidence Evaluation: Utilizes authoritative ONS statistics and GfK survey data, providing robust quantitative evidence, though analyst quotes introduce subjective interpretations that require critical scrutiny. Author Credibility: Sourced from BBC Business, a reputable outlet, with citations from experts at Deloitte and Pantheon Macroeconomics, lending credibility but potential for institutional bias. Methodology: Employs a mixed-methods approach, combining official economic reports with survey analysis and expert commentary to offer a comprehensive view. Critical Assessment: Strengths include timely data and multi-source perspectives, but limitations involve reliance on preliminary figures and potential oversimplification of complex economic interactions."
  ],
  "perspectives": [
    {
      "perspective": "Policy-oriented view",
      "description": "Emphasizes the role of fiscal and monetary policies, such as interest rate cuts and budget decisions, in shaping consumer confidence and retail outcomes, suggesting a need for coordinated economic strategies."
    }
  ],
  "image_url": "/article_images/article_2ce341f9a329f36a_7e62669e57e9.webp"
}