{
  "title": "England Secures a Dramatic Two-Day Test Victory in the Ashes",
  "summary": "In a remarkable and chaotic fourth Ashes Test at the Melbourne Cricket Ground, England achieved a stunning four-wicket victory over Australia in just two days, breaking an 18-match winless streak in Australia. Chasing a target of 175 runs, England's aggressive batting style, known as Bazball, thrived in the difficult conditions, reaching the total in under 33 overs. Key performances included Brydon Carse taking 4-34 and Ben Stokes contributing 3-24 in Australia's second innings, while batsmen like Zak Crawley, Ben Duckett, and Jacob Bethell scored crucial runs. This win prevented an Ashes clean sweep, with Australia leading the series 3-1 ahead of the final Test in Sydney. The match was noted for its absurdity due to the challenging pitch and England's pinch-hitting tactics, such as Carse batting at number three. Despite injuries like Gus Atkinson's hamstring issue, England's resilience delighted traveling fans and marked a significant turnaround in their tour.",
  "keywords": [
    {
      "term": "Bazball",
      "explanation": "an aggressive and freewheeling batting strategy used by England's cricket team"
    },
    {
      "term": "pinch-hitter",
      "explanation": "a batsman sent in early to score quickly, often in unconventional situations"
    },
    {
      "term": "clean sweep",
      "explanation": "when one team wins all matches in a series"
    },
    {
      "term": "MCG",
      "explanation": "Melbourne Cricket Ground, a famous stadium in Australia"
    },
    {
      "term": "wicket-taking",
      "explanation": "the act of getting batsmen out through bowling"
    },
    {
      "term": "Ashes series",
      "explanation": "a historic cricket rivalry between England and Australia, consisting of multiple Test matches"
    },
    {
      "term": "traveling fans",
      "explanation": "supporters who follow their team to away games"
    },
    {
      "term": "hamstring injury",
      "explanation": "a common muscle injury in sports that can affect player availability"
    }
  ],
  "questions": [
    {
      "question": "What was England's winless streak in Australia before this match?",
      "options": [
        "10 matches",
        "15 matches",
        "18 matches",
        "20 matches"
      ],
      "correct_answer": "18 matches"
    },
    {
      "question": "How many overs did England take to chase the target?",
      "options": [
        "Under 30 overs",
        "Under 33 overs",
        "Under 40 overs",
        "Over 50 overs"
      ],
      "correct_answer": "Under 33 overs"
    },
    {
      "question": "Who was the captain of England mentioned in the summary?",
      "options": [
        "Joe Root",
        "Ben Stokes",
        "Eoin Morgan",
        "Jos Buttler"
      ],
      "correct_answer": "Ben Stokes"
    },
    {
      "question": "What batting strategy did England use effectively?",
      "options": [
        "Defensive play",
        "Bazball",
        "Slow batting",
        "Traditional Test cricket"
      ],
      "correct_answer": "Bazball"
    },
    {
      "question": "Which player was noted as a pinch-hitter in the match?",
      "options": [
        "Zak Crawley",
        "Brydon Carse",
        "Jacob Bethell",
        "Harry Brook"
      ],
      "correct_answer": "Brydon Carse"
    },
    {
      "question": "What was the series score after this Test?",
      "options": [
        "2-2",
        "3-1 to Australia",
        "3-1 to England",
        "4-0 to Australia"
      ],
      "correct_answer": "3-1 to Australia"
    },
    {
      "question": "Where is the final Test of the series scheduled?",
      "options": [
        "Melbourne",
        "Sydney",
        "Perth",
        "Brisbane"
      ],
      "correct_answer": "Sydney"
    },
    {
      "question": "What type of injury did Gus Atkinson sustain?",
      "options": [
        "Arm injury",
        "Hamstring injury",
        "Knee injury",
        "Back injury"
      ],
      "correct_answer": "Hamstring injury"
    }
  ],
  "background_read": [
    "The Ashes is a prestigious Test cricket series between England and Australia, dating back to 1882, with a trophy symbolizing the rivalry. Test matches are the longest format, played over five days, but this one ended in two due to challenging conditions. Bazball refers to England's recent aggressive approach under coach Brendon McCullum, emphasizing fast scoring. The Melbourne Cricket Ground (MCG) is one of the world's largest cricket stadiums, hosting major events. In cricket, a clean sweep means winning all matches in a series, which Australia was close to achieving. Injuries like hamstring strains are common in sports and can impact team selection. This match highlights how unpredictable cricket can be, with pitch conditions and tactical changes playing key roles."
  ],
  "Article_Structure": [
    "Main Points: England won a two-day Test against Australia in Melbourne, ending an 18-match winless streak in Australia and avoiding a series clean sweep, with key performances from bowlers like Carse and Stokes and batsmen using Bazball. Purpose: To report on a dramatic cricket victory, emphasizing its significance in the Ashes series and England's tour turnaround. Evidence Evaluation: The article provides specific scores, player statistics, and match details from the BBC, a credible news source, but lacks in-depth analysis of pitch conditions or broader context. Author Credibility: As BBC News, it is a reputable outlet with sports journalists likely experienced in cricket reporting. Methodology: Based on live match coverage and post-game analysis, summarizing events without original research."
  ],
  "perspectives": [
    {
      "perspective": "England's tactical success",
      "description": "England adapted their Bazball strategy to excel in difficult conditions, showcasing resilience and smart play."
    }
  ],
  "image_url": "/article_images/article_18db08101ea67da6_92235262c56c.webp"
}