{
  "title": "Deciphering the Collapse: Prolonged Droughts and the Indus Valley Civilization's Gradual Decline",
  "summary": "A groundbreaking study in Communications Earth & Environment elucidates the role of extended droughts in the protracted decline of the Indus Valley Civilization (IVC), an early urban society contemporaneous with ancient Egypt. Researchers, including Vimal Mishra, employed an interdisciplinary methodology integrating climate modeling with paleoclimatic proxies such as speleothem geochemistry from Indian caves and lacustrine records from northwest Indian lakes. Their reconstruction of conditions from 5,000 to 3,000 years ago indicates a regional temperature increase of approximately 0.5°C and a 10-20% reduction in annual precipitation. The analysis identified four distinct drought episodes, each persisting beyond 85 years and impacting 65-91% of the IVC's territorial extent, thereby exacerbating water scarcity. Concurrently, settlement pattern analyses reveal a strategic migration towards the Indus River, suggesting adaptive responses to aridification. Notably, a 113-year drought from 3,531 to 3,418 years ago correlates with archaeological evidence of deurbanization, underscoring a nonlinear decline rather than an abrupt collapse. The findings posit that recurrent climatic stressors, compounded by socio-environmental feedbacks, precipitated a gradual diminution of urban complexity. This research not only refines historical narratives but also underscores the vulnerability of early civilizations to long-term environmental perturbations, with implications for understanding resilience in ancient and modern contexts.",
  "keywords": [
    {
      "term": "paleoclimatic proxies",
      "explanation": "indirect evidence from natural archives, like speleothems and lake sediments, used to infer past climate conditions"
    },
    {
      "term": "speleothem geochemistry",
      "explanation": "the chemical analysis of cave formations such as stalactites and stalagmites to reconstruct historical climate data"
    },
    {
      "term": "aridification",
      "explanation": "the process of becoming increasingly dry, often due to climate change, leading to reduced water resources"
    },
    {
      "term": "socio-environmental feedbacks",
      "explanation": "interactions between social systems and environmental changes that can amplify or mitigate impacts"
    },
    {
      "term": "nonlinear decline",
      "explanation": "a complex, uneven reduction in societal complexity, not following a simple or direct path"
    }
  ],
  "questions": [
    {
      "question": "What interdisciplinary methods did researchers use to study the IVC's decline?",
      "options": [
        "Climate modeling and paleoclimatic proxies",
        "Historical documents only",
        "Modern satellite data",
        "Oral traditions"
      ],
      "correct_answer": "Climate modeling and paleoclimatic proxies"
    },
    {
      "question": "How did temperature and precipitation change during the study period?",
      "options": [
        "Temperature rose 0.5°C and rainfall decreased 10-20%",
        "Temperature dropped and rainfall increased",
        "No significant changes occurred",
        "Only temperature increased significantly"
      ],
      "correct_answer": "Temperature rose 0.5°C and rainfall decreased 10-20%"
    },
    {
      "question": "What percentage of the IVC area was affected by the identified droughts?",
      "options": [
        "65-91%",
        "Less than 50%",
        "Exactly 100%",
        "Only 10-20%"
      ],
      "correct_answer": "65-91%"
    },
    {
      "question": "How did settlement patterns adapt to drought conditions?",
      "options": [
        "Migration towards the Indus River",
        "Dispersal into highlands",
        "Abandonment of the region",
        "Concentration in coastal areas"
      ],
      "correct_answer": "Migration towards the Indus River"
    },
    {
      "question": "What does the 113-year drought correlate with archaeologically?",
      "options": [
        "Evidence of deurbanization",
        "Rapid urbanization",
        "Technological advancements",
        "Political unification"
      ],
      "correct_answer": "Evidence of deurbanization"
    },
    {
      "question": "What is the significance of a nonlinear decline in this context?",
      "options": [
        "It indicates a complex, uneven process rather than a sudden collapse",
        "It means the decline was linear and predictable",
        "It suggests no decline occurred",
        "It implies rapid recovery after droughts"
      ],
      "correct_answer": "It indicates a complex, uneven process rather than a sudden collapse"
    },
    {
      "question": "Who is credited with leading the research team?",
      "options": [
        "Vimal Mishra",
        "An anonymous group",
        "Local archaeologists",
        "International historians"
      ],
      "correct_answer": "Vimal Mishra"
    },
    {
      "question": "What broader implications does the study highlight?",
      "options": [
        "Vulnerability of civilizations to long-term environmental stresses",
        "Invincibility of ancient societies to climate change",
        "Irrelevance of climate in historical studies",
        "Superiority of modern resilience"
      ],
      "correct_answer": "Vulnerability of civilizations to long-term environmental stresses"
    },
    {
      "question": "What type of journal published the study?",
      "options": [
        "Communications Earth & Environment",
        "A popular science magazine",
        "A historical review",
        "An archaeological digest"
      ],
      "correct_answer": "Communications Earth & Environment"
    },
    {
      "question": "How does the study contribute to historical narratives?",
      "options": [
        "By refining understanding of decline through climatic lenses",
        "By dismissing all previous theories",
        "By focusing solely on social factors",
        "By proving abrupt collapse theories"
      ],
      "correct_answer": "By refining understanding of decline through climatic lenses"
    }
  ],
  "background_read": [
    "The Indus Valley Civilization (IVC), flourishing from approximately 5,000 to 3,500 years ago in the Indus River basin, represents one of humanity's earliest urban experiments, characterized by meticulous city planning, advanced hydrology, and extensive trade networks. Its decline has been a subject of scholarly debate, with hypotheses encompassing climatic shifts, river course changes, and socio-political transformations. Recent advancements in paleoclimatology, such as high-resolution proxy data from speleothems and lake cores, have enabled more precise reconstructions of past environments. This study leverages these tools to argue that prolonged droughts, interacting with human adaptive strategies, drove a gradual deurbanization. By integrating climate science with archaeology, it offers a nuanced perspective on civilizational resilience, challenging simplistic collapse narratives and emphasizing the interplay between environmental stressors and societal responses in shaping historical trajectories."
  ],
  "Article_Structure": [
    "Main Points: The study identifies prolonged droughts as central to the IVC's slow decline, using climate data to show temperature increases and precipitation reductions. Purpose: To provide a nuanced explanation for the civilization's downturn and explore how environmental pressures influence societal stability. Evidence Evaluation: Strong evidence from multiple proxies like speleothems and lake records, though indirect, is well-integrated and peer-reviewed. Author Credibility: Led by Vimal Mishra, likely an expert in climate science, with publication in a reputable journal. Methodology: Combines climate modeling with paleoclimatic indicators for a robust reconstruction. Critical Assessment: Strengths include interdisciplinary approach and correlation with archaeological data; limitations involve reliance on indirect proxies and potential gaps in spatial coverage."
  ],
  "perspectives": [
    {
      "perspective": "Interdisciplinary view",
      "description": "Integrates climate science and archaeology to argue that environmental stressors, mediated by human adaptation, led to a complex decline."
    }
  ],
  "image_url": "/article_images/article_bdc698d77f2e39c6_910813d50f20.webp"
}