{
  "title": "Deciphering the Pathogenic Nexus: Extracellular Vesicles as Mediators of Cardio-Renal Syndrome",
  "summary": "A groundbreaking study elucidates the pathogenic link between chronic kidney disease and cardiovascular mortality, revealing that damaged kidneys secrete circulating extracellular vesicles laden with toxic microRNA (miRNA), which inflict direct harm on cardiac tissue. This research, conducted by teams at UVA Health and Mount Sinai, addresses a critical gap in understanding cardio-renal syndrome, where over 50% of CKD patients succumb to heart-related complications. Chronic kidney disease, prevalent in over 35 million Americans and frequently comorbid with diabetes and hypertension, has long been associated with adverse cardiac outcomes, but the precise mechanistic pathway remained elusive due to confounding risk factors. The investigation employed murine models to demonstrate that inhibition of extracellular vesicle circulation ameliorates cardiac dysfunction and mitigates heart failure markers. Concurrently, analysis of human plasma samples corroborated the presence of these deleterious vesicles exclusively in CKD patients. These findings portend the development of novel biomarkers for early risk stratification and therapeutic strategies aimed at neutralizing vesicle-mediated toxicity, thereby advancing precision medicine paradigms to tailor interventions for individuals with concurrent kidney and heart disease.",
  "keywords": [
    {
      "term": "cardio-renal syndrome",
      "explanation": "a disorder where dysfunction of the heart and kidneys exacerbate each other"
    },
    {
      "term": "extracellular vesicles",
      "explanation": "nanoscale particles released by cells that facilitate intercellular communication by transporting biomolecules"
    },
    {
      "term": "microRNA (miRNA)",
      "explanation": "small non-coding RNA molecules that regulate gene expression, identified as cytotoxic agents in this context"
    },
    {
      "term": "pathogenic",
      "explanation": "causing or capable of causing disease"
    },
    {
      "term": "comorbid",
      "explanation": "the presence of two or more medical conditions in a patient simultaneously"
    },
    {
      "term": "murine models",
      "explanation": "laboratory mice used to simulate human disease processes for research"
    },
    {
      "term": "biomarkers",
      "explanation": "measurable indicators of biological states used for diagnosis and prognosis"
    },
    {
      "term": "precision medicine",
      "explanation": "a medical approach that customizes healthcare based on individual variability in genes, environment, and lifestyle"
    },
    {
      "term": "risk stratification",
      "explanation": "the process of categorizing patients based on their risk level to guide treatment decisions"
    },
    {
      "term": "therapeutic strategies",
      "explanation": "planned methods or interventions aimed at treating diseases"
    }
  ],
  "questions": [
    {
      "question": "What is the primary mechanism by which chronic kidney disease induces cardiac damage?",
      "options": [
        "Release of extracellular vesicles with toxic miRNA",
        "Increased blood pressure alone",
        "Direct infection of heart tissue",
        "Accumulation of waste products in blood"
      ],
      "correct_answer": "Release of extracellular vesicles with toxic miRNA"
    },
    {
      "question": "Which molecules within extracellular vesicles are identified as toxic to heart tissue?",
      "options": [
        "MicroRNA (miRNA)",
        "Proteins",
        "Lipids",
        "DNA"
      ],
      "correct_answer": "MicroRNA (miRNA)"
    },
    {
      "question": "What experimental approach demonstrated the causal role of extracellular vesicles in heart dysfunction?",
      "options": [
        "Inhibition in murine models",
        "Gene editing in humans",
        "Dietary interventions",
        "Surgical removal of kidneys"
      ],
      "correct_answer": "Inhibition in murine models"
    },
    {
      "question": "How does the study validate its findings in human subjects?",
      "options": [
        "Analysis of plasma samples from CKD patients and healthy controls",
        "Surveys of patient symptoms",
        "Imaging studies only",
        "Historical data review"
      ],
      "correct_answer": "Analysis of plasma samples from CKD patients and healthy controls"
    },
    {
      "question": "What percentage of CKD patients die from heart-related complications?",
      "options": [
        "Over 50%",
        "Less than 10%",
        "About 25%",
        "Nearly 100%"
      ],
      "correct_answer": "Over 50%"
    },
    {
      "question": "What common comorbidities are associated with chronic kidney disease?",
      "options": [
        "Diabetes and hypertension",
        "Asthma and COPD",
        "Arthritis and lupus",
        "Migraines and epilepsy"
      ],
      "correct_answer": "Diabetes and hypertension"
    },
    {
      "question": "What potential clinical application arises from this research?",
      "options": [
        "Development of biomarkers for early risk detection",
        "Universal vaccination programs",
        "Mandatory exercise regimens",
        "Routine kidney transplants"
      ],
      "correct_answer": "Development of biomarkers for early risk detection"
    },
    {
      "question": "How does precision medicine relate to the study's implications?",
      "options": [
        "Tailoring treatments based on individual patient profiles",
        "Applying one-size-fits-all therapies",
        "Focusing solely on preventive measures",
        "Ignoring genetic factors"
      ],
      "correct_answer": "Tailoring treatments based on individual patient profiles"
    },
    {
      "question": "What is the significance of identifying a kidney-specific factor in cardio-renal syndrome?",
      "options": [
        "It clarifies direct organ communication beyond shared risk factors",
        "It proves kidneys are irrelevant to heart health",
        "It suggests heart disease causes kidney failure",
        "It indicates environmental factors are primary"
      ],
      "correct_answer": "It clarifies direct organ communication beyond shared risk factors"
    },
    {
      "question": "What methodological strength is highlighted in the study?",
      "options": [
        "Use of both animal models and human samples for validation",
        "Reliance on anecdotal evidence only",
        "Exclusive focus on theoretical models",
        "Lack of peer review"
      ],
      "correct_answer": "Use of both animal models and human samples for validation"
    }
  ],
  "background_read": [
    "Chronic kidney disease is characterized by gradual loss of renal function, affecting filtration and homeostasis, with high prevalence in populations having metabolic disorders. Cardio-renal syndrome describes the bidirectional interplay between cardiac and renal dysfunction, contributing to significant morbidity and mortality. Extracellular vesicles, including exosomes and microvesicles, are emerging as key mediators in disease pathogenesis, transporting nucleic acids and proteins that can alter recipient cell behavior. This study integrates molecular biology and clinical research to uncover a specific vesicle-based mechanism, leveraging murine models for causal inference and human cohorts for translational relevance. It underscores the importance of interdisciplinary approaches in addressing complex diseases and highlights potential for innovative diagnostics and targeted therapies in nephrology and cardiology."
  ],
  "Article_Structure": [
    "Main Points: The article details how chronic kidney disease leads to heart failure through the release of extracellular vesicles containing toxic miRNA, with evidence from mouse studies showing functional improvement upon vesicle inhibition and human plasma analysis confirming vesicle presence in patients. Purpose: To elucidate a direct pathogenic link in cardio-renal syndrome, facilitating early risk identification and the development of targeted interventions to improve patient outcomes. Evidence Evaluation: The evidence is robust, combining experimental animal data with clinical samples, though limitations include the need for further human trials to confirm therapeutic efficacy. Author Credibility: Researchers from accredited medical institutions possess relevant expertise, but potential biases may arise from institutional affiliations or funding sources. Methodology: Employed murine models to establish causality and comparative analysis of human plasma for validation, using standard biochemical and molecular techniques. Critical Assessment: Strengths include a clear mechanistic explanation and translational potential, while weaknesses involve the preliminary nature of findings and the need for broader population studies to generalize results."
  ],
  "perspectives": [
    {
      "perspective": "Clinical and Research",
      "description": "This perspective emphasizes the integration of basic science discoveries into clinical practice to enhance diagnostic accuracy and therapeutic precision for complex diseases."
    }
  ],
  "image_url": "/article_images/article_75452ab96320840a_31dce3ff2bf9.webp"
}