{
  "articles": [
    {
      "id": "2d4c230fa6ed19c9",
      "title": "泽西岛批准辅助死亡法",
      "summary": "泽西岛已通过一项重要法律，允许绝症成年人在严格条件下选择辅助死亡，这标志着在英国获得皇家批准前的关键一步。符合资格的个人必须患有导致无法忍受痛苦的绝症，预期寿命为六个月，或对于神经退行性疾病如帕金森病和运动神经元疾病为十二个月。这使得泽西岛成为不列颠群岛中第二个完全批准此类措施的地区，紧随马恩岛之后。投票结果为32名政治家赞成，16名反对，反映了英国各地正在进行的辩论，其中五个议会正在考虑类似提案。支持者，包括卫生部长汤姆·比内和患者洛娜·皮罗佐洛，认为该法律确保了安全性、透明度和同情心，为那些害怕长期痛苦的人带来 relief。批评者则强调争议，但该法律预计最早于明年夏季生效，泽西岛的居住要求为12个月。更广泛的背景包括英格兰和威尔士的缓慢进展，突显了围绕临终选择的复杂法律和伦理问题。文章通过引用官方声明和个人故事，提供了对这一政策转变的全面概述，平衡了支持与反对的观点，同时指出了未来实施中的挑战。",
      "source": "BBC News",
      "time_ago": "Just now",
      "image_url": "/article_images/article_2d4c230fa6ed19c9_f6799eab43e3.webp",
      "category": "News"
    },
    {
      "id": "dfdb714a61c110e1",
      "title": "大都会警察局就误认举报来源向贵族院议长道歉",
      "summary": "大都会警察局已向贵族院议长福赛斯勋爵和下议院议长林赛·霍伊尔爵士道歉，因错误地将福赛斯勋爵认定为导致曼德尔森勋爵被捕的情报来源。曼德尔森勋爵是前美国大使，在其伦敦住所被捕，原因是有猜测他可能潜逃国外，但其律师称这一指控“毫无根据”。霍伊尔爵士承认，他在最近访问英属维尔京群岛后，出于责任感向警方提供了相关信息，并强调这是出于善意。警方为无意中泄露霍伊尔爵士的参与而致歉。同时，警方正在调查指控，称曼德尔森勋爵在担任部长期间，向已定罪的性犯罪者杰弗里·爱泼斯坦传递了市场敏感的政府信息。曼德尔森勋爵坚决否认任何犯罪行为或经济动机，并计划与警方合作以澄清名誉。他在旺兹沃思警察局接受讯问后获保释，调查仍在进行中，突显了高层政治和法律审查的复杂性。",
      "source": "BBC News",
      "time_ago": "Just now",
      "image_url": "/article_images/article_dfdb714a61c110e1_eca792c4fad6.webp",
      "category": "News"
    },
    {
      "id": "ff21eaad9a42ffdd",
      "title": "叛徒瑞秋：赢得节目、母亲去世与未来计划",
      "summary": "瑞秋·达菲在热门电视节目《叛徒》中与斯蒂芬·利比一起获胜，吸引了近1000万观众观看，每人获得了约4.8万英镑的奖金。然而，胜利仅三天后，瑞秋得知母亲因帕金森病和痴呆症病情加重而突然去世，从“最高兴的时刻”跌入“最低谷”。在节目中，瑞秋曾谈到母亲安妮，并希望用奖金与她创造持久回忆。面对失去，瑞秋决定坚守承诺，将奖金用于与丈夫肖恩和三个孩子创造家庭回忆。她还辞去了在一家社区组织担任传播总监的工作，这是她从事了18年的职位，旨在优先考虑家庭时间。瑞秋展望2026年，将其描述为与家人共度欢乐时光的一年，突显了她在逆境中的韧性和对家庭价值的重视。这篇文章通过瑞秋的个人故事，探讨了公众成就与私人悲伤之间的交织，以及如何通过调整生活重心来应对挑战。",
      "source": "BBC News",
      "time_ago": "2 hours ago",
      "image_url": "/article_images/article_ff21eaad9a42ffdd_b9938ff5e9f9.webp",
      "category": "News"
    },
    {
      "id": "7ee7b9442bf0e4e8",
      "title": "报告发现：种族主义与人员短缺是英国产科护理“失败”的因素",
      "summary": "一份中期报告指出，英格兰的产科服务正在“辜负”太多家庭，问题贯穿孕产过程的每个阶段。由阿莫斯女男爵领导的政府委托审查确定了六个因素，包括种族主义、人员配备和问责问题。迄今为止，已有超过8,000人提交证据，阿莫斯女男爵会见了400多个家庭。卫生大臣韦斯·斯特里廷承诺将根据其最终建议采取行动，该建议将于六月发布。阿莫斯女男爵告诉BBC早餐节目，她看到了糟糕、差劲、良好和优秀的护理并存。家庭们向她描述了好的经历和可怕的经历，护理情况参差不齐、不一致。种族主义在整个系统中存在，报告提到亚洲女性被刻板印象称为“公主”，暗示她们过于挑剔或无法忍受疼痛，黑人女性则被认为有“厚皮肤”和“能忍受疼痛”。穆斯林家庭感到因宗教受到歧视，并因担心歧视态度可能导致婴儿受到不良治疗而不敢提出关切。阿莫斯女男爵将她的发现集中在六个关键领域，并指出英格兰的产科和新生儿服务正在辜负太多女性、婴儿、家庭和工作人员。系统内的失败多年来已知并被报道，BBC十多年来一直在与因莫克姆湾、什鲁斯伯里和特尔福德、东肯特、诺丁汉、利兹等NHS信托机构护理不善而失去亲人或受到伤害的家庭交谈，收集产科服务失败的证据。",
      "source": "BBC News",
      "time_ago": "3 hours ago",
      "image_url": "/article_images/article_7ee7b9442bf0e4e8_ff1cfc1534ff.webp",
      "category": "News"
    },
    {
      "id": "9c58c4aa34c9d92c",
      "title": "安迪·贝希尔谈民主党如何吸引跨党派选民",
      "summary": "肯塔基州州长安迪·贝希尔作为民主党人，在一个深度支持共和党的州中两次赢得州长选举，即使在该州总统选举中特朗普以较大优势获胜的情况下。因此，他成为全国关注的焦点。文章探讨了贝希尔的政治策略，包括应对龙卷风和洪水等自然灾害，以及处理堕胎和LGBTQ权利等文化战争问题。他强调以信仰、文明和两党合作为核心的治理方式，认为这些价值观有助于弥合政治分歧。在接受采访时，贝希尔分享了民主党如何通过关注实际解决方案和尊重对话来吸引跨党派选民，特别是在红州或摇摆州中。随着民主党展望2028年选举，贝希尔的方法被研究为连接更广泛选民群体的模型，展示了两党合作在当今政治极化时代的重要性。他的成功案例为政党提供了如何在挑战性环境中扩大吸引力的见解，强调适应性信息和联盟建设的关键作用。",
      "source": "PBS NewsHour",
      "time_ago": "13 hours ago",
      "image_url": "/article_images/article_9c58c4aa34c9d92c_9ce06b0debfc.webp",
      "category": "News"
    },
    {
      "id": "cba724aae2ff4bfa",
      "title": "卢比奥向加勒比领导人辩护美国驱逐委内瑞拉马杜罗的行动",
      "summary": "美国国务卿马可·卢比奥在圣基茨和尼维斯的加勒比共同体峰会上向15个成员国的领导人发表讲话，为特朗普政府捕获委内瑞拉总统尼古拉斯·马杜罗的军事行动辩护。卢比奥承认一些加勒比国家对该行动的合法性表示担忧，但他声称自马杜罗被驱逐以来，委内瑞拉在美国控制石油部门后取得了实质性进展，条件有所改善。他强调美国在长期忽视后现在优先考虑西半球，旨在加强与加勒比国家的联系，以应对跨国犯罪和经济机会等共同挑战。卢比奥还指出，该地区的犯罪组织经常从美国获取武器，这是一个当局正在解决的问题。他的讲话试图淡化特朗普复兴“门罗主义”所带来的对抗性意图，专注于在委内瑞拉干预后的合作。这一外交努力反映了在美国可能攻击伊朗等全球关注中，平衡干预委内瑞拉与区域伙伴关系建设的更广泛战略转变。",
      "source": "PBS NewsHour",
      "time_ago": "13 hours ago",
      "image_url": "/article_images/article_cba724aae2ff4bfa_370ddb384db9.webp",
      "category": "News"
    }
  ]
}