{
  "title": "Divisions and Diplomacy: EU's Contentious Summit on Ukraine Financing",
  "summary": "The recent EU summit culminated in a landmark decision to allocate €90 billion in zero-interest loans to Ukraine, aimed at bolstering its financial stability over the next two years amidst ongoing conflict with Russia. This agreement, reached after 17 hours of contentious negotiations, underscores the bloc's attempt to fill the void left by diminished US military aid under the Trump administration, highlighting Europe's escalating role in supporting Kyiv. Ukrainian President Volodymyr Zelensky articulated the critical necessity of these funds for military expenditures, including soldier salaries and weapon procurement, to counteract Russian advances. However, the unanimity requirement exposed deep-seated fissures within the EU: Hungary, Slovakia, and the Czech Republic secured individual exemptions as a condition for their assent, reflecting their geopolitical alignment with the Kremlin and resistance to collective action. Conversely, nations such as Poland and the Baltic States framed Ukraine's resilience as an existential imperative for European security, warning that a Ukrainian defeat could embolden Russian expansionism and destabilize the continent. The adopted loan mechanism, guaranteed by the EU budget, supersedes a prior controversial proposal to leverage frozen Russian assets, illustrating the complex interplay of moral justifications and pragmatic financial strategies. This summit not only addresses immediate Ukrainian needs but also reveals broader tensions in EU foreign policy, between cohesive unity and divergent national interests regarding Moscow.",
  "keywords": [
    {
      "term": "geopolitical alignment",
      "explanation": "the positioning of a country's foreign policy in relation to other nations, often based on strategic interests"
    },
    {
      "term": "existential imperative",
      "explanation": "a necessity so crucial that it affects the very survival or core identity of an entity, such as a nation or alliance"
    },
    {
      "term": "unanimity requirement",
      "explanation": "a procedural rule mandating that all members must agree for a decision to be enacted, often leading to political compromises"
    },
    {
      "term": "zero-interest loans",
      "explanation": "financial instruments issued without interest charges, typically used in aid contexts to reduce recipient burden"
    },
    {
      "term": "frozen Russian assets",
      "explanation": "Russian state funds legally immobilized in foreign jurisdictions, proposed as a source for reparations or aid in the Ukraine conflict"
    }
  ],
  "questions": [
    {
      "question": "What is the significance of the EU's €90 billion loan to Ukraine in the context of US aid?",
      "options": [
        "It compensates for reduced US military support under Trump",
        "It replaces all previous EU aid packages",
        "It is solely for humanitarian purposes",
        "It is a loan with high interest rates"
      ],
      "correct_answer": "It compensates for reduced US military support under Trump"
    },
    {
      "question": "How did Hungary, Slovakia, and the Czech Republic influence the EU loan agreement?",
      "options": [
        "By demanding exemptions to secure unanimous approval",
        "By vetoing the proposal entirely",
        "By increasing the loan amount",
        "By requiring military involvement from the EU"
      ],
      "correct_answer": "By demanding exemptions to secure unanimous approval"
    },
    {
      "question": "What alternative proposal did the EU loan plan replace?",
      "options": [
        "Using frozen Russian assets for funding",
        "Direct grants from individual EU countries",
        "A joint military operation with the US",
        "Sanctions against Russia only"
      ],
      "correct_answer": "Using frozen Russian assets for funding"
    },
    {
      "question": "Why do Poland and the Baltic States consider Ukraine's survival an existential issue?",
      "options": [
        "They fear Russian aggression could threaten European security",
        "They have historical ties to Ukraine",
        "They want to expand the EU eastward",
        "They rely on Ukrainian trade for their economies"
      ],
      "correct_answer": "They fear Russian aggression could threaten European security"
    },
    {
      "question": "What does the unanimity requirement reveal about EU decision-making on Ukraine?",
      "options": [
        "It highlights internal divisions and the need for compromises",
        "It shows strong consensus among all members",
        "It indicates a lack of interest in the issue",
        "It proves the EU is ineffective in crises"
      ],
      "correct_answer": "It highlights internal divisions and the need for compromises"
    },
    {
      "question": "How is the EU loan to Ukraine guaranteed?",
      "options": [
        "By the EU's common budget",
        "By individual member state contributions",
        "By frozen Russian assets",
        "By international banks"
      ],
      "correct_answer": "By the EU's common budget"
    },
    {
      "question": "What role did Volodymyr Zelensky play in the summit discussions?",
      "options": [
        "He emphasized Ukraine's urgent financial needs for military purposes",
        "He negotiated directly with Russia",
        "He proposed the loan plan himself",
        "He rejected EU assistance"
      ],
      "correct_answer": "He emphasized Ukraine's urgent financial needs for military purposes"
    },
    {
      "question": "What broader implication does the article suggest about EU foreign policy?",
      "options": [
        "It is strained by divergent national interests regarding Russia",
        "It is uniformly supportive of Ukraine",
        "It is shifting away from economic aid to military action",
        "It is becoming less relevant globally"
      ],
      "correct_answer": "It is strained by divergent national interests regarding Russia"
    },
    {
      "question": "How does the article characterize the summit's duration and tone?",
      "options": [
        "As lengthy and contentious, reflecting deep disagreements",
        "As quick and harmonious, showing EU unity",
        "As informal and unproductive",
        "As focused solely on financial details"
      ],
      "correct_answer": "As lengthy and contentious, reflecting deep disagreements"
    },
    {
      "question": "What is the moral justification mentioned for using frozen Russian assets?",
      "options": [
        "Compensation for destruction caused by Russia in Ukraine",
        "A way to punish EU countries close to Russia",
        "An effort to boost the EU economy",
        "A strategy to isolate China"
      ],
      "correct_answer": "Compensation for destruction caused by Russia in Ukraine"
    }
  ],
  "background_read": [
    "The European Union operates as a supranational entity with 27 member states, governed by principles of integration and collective decision-making, often requiring unanimity on sensitive issues like foreign policy. The Russo-Ukrainian War, initiated by Russia's full-scale invasion in 2022, has precipitated a major European security crisis, with Ukraine receiving extensive Western support. The United States, under the Biden and Trump administrations, has fluctuated in its aid commitments, influencing EU strategies. The EU's common budget serves as a tool for fiscal solidarity, but political divergences, particularly between pro-Russia factions (e.g., Hungary under Viktor Orbán) and hawkish states (e.g., Poland), complicate consensus. Concepts such as frozen assets involve international law and ethics, as seen in debates over reparations. This context underscores the summit's analysis of EU cohesion and the geopolitical stakes in Eastern Europe."
  ],
  "Article_Structure": [
    "This analysis examines the EU summit's outcome on Ukraine financing: Main Points detail the €90 billion loan as a response to reduced US aid and Ukraine's military needs, amid EU divisions. Purpose is to assess the bloc's unity and strategic positioning against Russian aggression. Evidence Evaluation critiques reliance on political rhetoric from figures like Zelensky and Tusk, lacking empirical data on loan efficacy. Author Credibility is supported by BBC's reputable journalism, though potential bias in emphasizing divisions may skew narrative. Methodology involves descriptive reporting of summit events without primary research, limiting depth. Critical Assessment notes strengths in highlighting geopolitical tensions but weaknesses in omitting alternative perspectives or long-term implications for EU cohesion."
  ],
  "perspectives": [
    {
      "perspective": "Strategic realists",
      "description": "Argue that the EU loan is a necessary geopolitical maneuver to counter Russian influence and maintain European security, despite internal disagreements."
    },
    {
      "perspective": "Sovereigntists or pro-Russia advocates",
      "description": "Contend that EU actions infringe on national sovereignty and risk escalating tensions with Russia, favoring diplomatic engagement over financial support to Ukraine."
    }
  ],
  "image_url": "/article_images/article_cd7b282f03f0bfb2_569ab0a3d17d.webp"
}