{
  "title": "Error in Releasing Royal Travel Documents",
  "summary": "The Cabinet Office, responsible for managing UK government records, admitted to an 'administrative error' after mistakenly releasing official papers related to Prince Andrew's activities as a trade envoy from 2004-2005. These documents, part of the annual transfer to the National Archives under the 20-year rule, were briefly made available to journalists under embargo before being withdrawn and redacted. The papers detailed Andrew's travel plans to countries like China, Russia, and Spain, earning him the nickname 'Airmiles Andy.' The Cabinet Office stated the documents were never intended for public disclosure, citing a rigorous review process under the Public Records Act. However, anti-monarchy campaigners, such as Republic's Graham Smith, argued for full transparency, criticizing the royal family's secrecy and linking it to Andrew's past controversies, including his association with Jeffrey Epstein. Additionally, the released files included other historical insights, such as the Foreign Office ruling out military action in Zimbabwe due to political and cost concerns, and an apology from Downing Street for a mishandled birthday telegram to the Queen Mother in 1994. This incident highlights tensions between government transparency and privacy protections.",
  "keywords": [
    {
      "term": "20-year rule",
      "explanation": "a law requiring UK government papers to be released after 20 years, with some exceptions"
    },
    {
      "term": "redacted",
      "explanation": "when parts of a document are hidden or removed before it is shared"
    },
    {
      "term": "Public Records Act",
      "explanation": "a UK law that sets rules for how government records are managed and released"
    },
    {
      "term": "trade envoy",
      "explanation": "an official who promotes business interests abroad, often for diplomatic purposes"
    },
    {
      "term": "embargo",
      "explanation": "a temporary restriction on publishing information until a set time"
    },
    {
      "term": "transparency",
      "explanation": "the idea that organizations should be open and share information with the public"
    },
    {
      "term": "National Archives",
      "explanation": "the UK's official archive holding historical government documents"
    },
    {
      "term": "administrative error",
      "explanation": "a mistake in office procedures, often due to human oversight"
    }
  ],
  "questions": [
    {
      "question": "What was the reason given by the Cabinet Office for the release of the papers?",
      "options": [
        "Administrative error",
        "Intentional leak",
        "Public demand",
        "Legal requirement"
      ],
      "correct_answer": "Administrative error"
    },
    {
      "question": "Under what rule were the papers transferred to the National Archives?",
      "options": [
        "20-year rule",
        "10-year rule",
        "5-year rule",
        "30-year rule"
      ],
      "correct_answer": "20-year rule"
    },
    {
      "question": "What nickname did Prince Andrew earn from his travels?",
      "options": [
        "Airmiles Andy",
        "Traveling Prince",
        "Envoy Andrew",
        "Royal Flyer"
      ],
      "correct_answer": "Airmiles Andy"
    },
    {
      "question": "Who argued for the release of the papers?",
      "options": [
        "Anti-monarchy campaigners",
        "The Cabinet Office",
        "Prince Andrew",
        "The National Archives"
      ],
      "correct_answer": "Anti-monarchy campaigners"
    },
    {
      "question": "What did the Foreign Office decide about Zimbabwe in the papers?",
      "options": [
        "Ruled out military action",
        "Planned an invasion",
        "Supported Mugabe",
        "Ignored the issue"
      ],
      "correct_answer": "Ruled out military action"
    },
    {
      "question": "What happened to the birthday telegram to the Queen Mother?",
      "options": [
        "It was addressed improperly",
        "It was lost",
        "It was never sent",
        "It was praised"
      ],
      "correct_answer": "It was addressed improperly"
    },
    {
      "question": "What law governs the release of these records?",
      "options": [
        "Public Records Act",
        "Freedom of Information Act",
        "Data Protection Act",
        "Royal Secrets Act"
      ],
      "correct_answer": "Public Records Act"
    },
    {
      "question": "What was the role of Prince Andrew mentioned in the papers?",
      "options": [
        "Trade envoy",
        "Military officer",
        "Prime Minister",
        "Journalist"
      ],
      "correct_answer": "Trade envoy"
    }
  ],
  "background_read": [
    "The UK's National Archives receives government papers annually under the 20-year rule, which aims to balance historical transparency with privacy. Prince Andrew served as a trade envoy but faced controversy due to his links to Jeffrey Epstein, leading to loss of royal titles. Anti-monarchy groups like Republic advocate for greater openness about royal activities, while the government emphasizes procedural safeguards under the Public Records Act. Historical context includes UK foreign policy decisions, such as on Zimbabwe, and minor diplomatic incidents like the Queen Mother's telegram."
  ],
  "Article_Structure": [
    "Main Points: The article discusses the Cabinet Office's accidental release of papers on Prince Andrew's trade envoy travels, their withdrawal due to an administrative error, and debates over transparency versus privacy. Purpose: To inform about a government mistake in document handling and explore broader issues of royal secrecy and historical record-keeping. Evidence Evaluation: Relies on official statements from the Cabinet Office and quotes from anti-monarchy campaigners, with some details from the papers themselves, though limited by redaction. Author Credibility: BBC News is a reputable source, but the article lacks deep investigative analysis, primarily reporting facts. Methodology: Based on released documents and interviews, typical of news reporting, but may not cover all perspectives comprehensively."
  ],
  "perspectives": [
    {
      "perspective": "Government perspective",
      "description": "Emphasizes procedural errors and the need to protect sensitive information under legal frameworks."
    },
    {
      "perspective": "Anti-monarchy perspective",
      "description": "Advocates for full disclosure to hold the royal family accountable and promote public transparency."
    }
  ],
  "image_url": "/article_images/article_7857eb96a4168624_3d5ff97670dc.webp"
}