{
  "title": "Avalanche Rescue in California: Skiers Found and Missing",
  "summary": "In California, a big snowstorm caused an avalanche that buried skiers in the mountains. Six skiers were found alive, but ten are still missing. Rescue teams are working hard to save them. The avalanche happened near Lake Tahoe, and many emergency responders are helping. The skiers were with guides, and someone called 911 for help. The snow and wind made conditions very dangerous. This story shows how important safety is in snowy areas.",
  "keywords": [
    {
      "term": "avalanche",
      "explanation": "a large slide of snow down a mountain"
    },
    {
      "term": "rescue",
      "explanation": "saving people from danger"
    },
    {
      "term": "skiers",
      "explanation": "people who slide on snow using skis"
    },
    {
      "term": "emergency responders",
      "explanation": "people like police and firefighters who help in crises"
    },
    {
      "term": "Lake Tahoe",
      "explanation": "a big lake in California where the avalanche happened"
    },
    {
      "term": "snowstorm",
      "explanation": "a storm with lots of snow and wind"
    }
  ],
  "questions": [
    {
      "question": "How many skiers were found alive in the avalanche?",
      "options": [
        "6",
        "10",
        "12",
        "46"
      ],
      "correct_answer": "6"
    },
    {
      "question": "Where did the avalanche happen?",
      "options": [
        "Near Lake Tahoe",
        "In a city",
        "At a ski resort",
        "In a forest"
      ],
      "correct_answer": "Near Lake Tahoe"
    },
    {
      "question": "Who called for help when the avalanche occurred?",
      "options": [
        "A skier",
        "A guide",
        "Someone who called 911",
        "A police officer"
      ],
      "correct_answer": "Someone who called 911"
    },
    {
      "question": "What made the conditions dangerous for the skiers?",
      "options": [
        "Heavy rain",
        "Snow and wind",
        "Hot weather",
        "Ice on roads"
      ],
      "correct_answer": "Snow and wind"
    },
    {
      "question": "How many emergency responders are trying to help?",
      "options": [
        "10",
        "46",
        "6",
        "12"
      ],
      "correct_answer": "46"
    },
    {
      "question": "What should the survivors do while waiting for rescue?",
      "options": [
        "Keep skiing",
        "Shelter in place",
        "Call friends",
        "Walk home"
      ],
      "correct_answer": "Shelter in place"
    }
  ],
  "background_read": [
    "An avalanche is when snow slides down a mountain quickly, which can be very dangerous for people skiing or hiking. In California, there are big mountains with lots of snow in winter. Rescue teams work to save people in emergencies like this. It's important to be careful and follow safety rules when playing in snowy areas."
  ],
  "Article_Structure": [
    "WHO: Six skiers found alive and ten missing, with rescue teams helping.",
    "WHAT: An avalanche buried skiers during a snowstorm in California.",
    "WHERE: Near Lake Tahoe in Northern California.",
    "WHY: To report on a rescue effort and warn about dangerous snow conditions."
  ],
  "perspectives": [
    {
      "perspective": "Safety",
      "description": "The importance of being prepared and staying safe in snowy mountains."
    }
  ],
  "image_url": "/article_images/article_5d15aaa4f5d93297_23fd7fca33ab.webp"
}