{
  "title": "Expert Analysis of Top Black Friday Deals in the UK",
  "summary": "This article provides a detailed overview of the best Black Friday deals currently available in the UK, curated by a senior deals editor at TechRadar. With nearly a decade of experience covering major sales events, the author has identified over 100 bargains across categories such as TVs, laptops, appliances, headphones, and games consoles. Key highlights include discounted products from brands like Sony, Ninja, and Garmin, with specific examples like the Sony WF-C700N earbuds at £55 and the PlayStation 5 Pro at a record-low price. The article emphasizes the early start of this year's Black Friday sales and aims to guide consumers in making informed purchases by highlighting tested and loved products. It also mentions affiliate commissions, indicating how the site earns revenue. Overall, it serves as a practical resource for shoppers looking to capitalize on seasonal discounts and avoid missing out on limited-time offers.",
  "keywords": [
    {
      "term": "Black Friday",
      "explanation": "an annual shopping event characterized by significant discounts and promotions from retailers"
    },
    {
      "term": "affiliate commission",
      "explanation": "a fee earned by a website when readers make purchases through provided links, supporting the site's revenue"
    },
    {
      "term": "deals editor",
      "explanation": "a professional who specializes in evaluating and reporting on sales and product discounts"
    },
    {
      "term": "bargains",
      "explanation": "products available at prices lower than usual, offering good value for money"
    },
    {
      "term": "retailers",
      "explanation": "businesses that sell goods directly to consumers, such as Amazon or Argos"
    },
    {
      "term": "OLED TV",
      "explanation": "a type of television with high-quality display technology that provides better contrast and colors"
    },
    {
      "term": "noise-cancellation",
      "explanation": "a feature in headphones that reduces background noise for clearer audio"
    },
    {
      "term": "refresh rate",
      "explanation": "the number of times per second a display updates the image, important for smooth visuals in gaming"
    },
    {
      "term": "power bank",
      "explanation": "a portable device used to recharge electronic gadgets like smartphones on the go"
    },
    {
      "term": "smartwatch",
      "explanation": "a wearable device that tracks health metrics and connects to other devices for notifications"
    }
  ],
  "questions": [
    {
      "question": "What is the primary purpose of this article?",
      "options": [
        "To review movies",
        "To list top Black Friday deals",
        "To discuss sports events",
        "To teach cooking recipes"
      ],
      "correct_answer": "To list top Black Friday deals"
    },
    {
      "question": "How does the author establish credibility?",
      "options": [
        "By being a famous actor",
        "By having a decade of experience in deals coverage",
        "By winning a lottery",
        "By studying medicine"
      ],
      "correct_answer": "By having a decade of experience in deals coverage"
    },
    {
      "question": "Which product is highlighted for its noise-cancellation feature?",
      "options": [
        "Ninja air fryer",
        "Sony WF-C700N earbuds",
        "Garmin Vivoactive watch",
        "LG C5 TV"
      ],
      "correct_answer": "Sony WF-C700N earbuds"
    },
    {
      "question": "What is mentioned about the PS5 Pro in the deals?",
      "options": [
        "It includes a free game",
        "It has a record-low price",
        "It is only available in the US",
        "It comes with a disc drive"
      ],
      "correct_answer": "It has a record-low price"
    },
    {
      "question": "How does TechRadar earn money from this article?",
      "options": [
        "Through advertising only",
        "Via affiliate commissions",
        "By selling products directly",
        "Through donations"
      ],
      "correct_answer": "Via affiliate commissions"
    },
    {
      "question": "What type of TV is recommended for gaming?",
      "options": [
        "LED TV",
        "OLED TV",
        "Plasma TV",
        "CRT TV"
      ],
      "correct_answer": "OLED TV"
    },
    {
      "question": "Which retailer is associated with the Ninja air fryer deal?",
      "options": [
        "Amazon",
        "Argos",
        "John Lewis",
        "Currys"
      ],
      "correct_answer": "Argos"
    },
    {
      "question": "What is a key feature of the Garmin Vivoactive smartwatch?",
      "options": [
        "It has a camera",
        "It offers up to 11 days of battery life",
        "It can make phone calls",
        "It is waterproof"
      ],
      "correct_answer": "It offers up to 11 days of battery life"
    },
    {
      "question": "Why does the article mention the early start of Black Friday sales?",
      "options": [
        "To criticize retailers",
        "To inform readers that deals are available now",
        "To promote a different holiday",
        "To discuss historical events"
      ],
      "correct_answer": "To inform readers that deals are available now"
    },
    {
      "question": "What is the role of the deals editor according to the article?",
      "options": [
        "To manufacture products",
        "To help readers save money and find bargains",
        "To manage a store",
        "To write fiction stories"
      ],
      "correct_answer": "To help readers save money and find bargains"
    }
  ],
  "background_read": [
    "Black Friday originated in the United States as a post-Thanksgiving sales event and has spread globally, including the UK, where it now spans several days or weeks. It involves retailers offering deep discounts to boost sales, often on electronics and appliances. TechRadar is a reputable online publication focused on technology news and reviews, and its deals editors use their expertise to curate lists based on product testing and market analysis. Understanding affiliate marketing is key; it allows sites to earn commissions without affecting product prices for consumers. This context helps middle school students grasp how such articles are created and why they are useful for smart shopping."
  ],
  "Article_Structure": [
    "This article's main points include highlighting over 100 Black Friday deals in the UK, with examples like discounted earbuds and consoles, to help consumers save money. Its purpose is to inform and guide shoppers during the sales season, leveraging the author's near-decade of experience. Evidence evaluation shows reliance on firsthand product testing and price comparisons, though it may include affiliate links that could introduce bias. Author credibility is strong as a senior deals editor at TechRadar, with a track record in covering major sales events. Methodology involves monitoring retailer promotions and selecting deals based on value and popularity, providing a practical resource for readers."
  ],
  "perspectives": [
    {
      "perspective": "Consumer advocate",
      "description": "Focuses on helping shoppers find genuine bargains and avoid overspending"
    },
    {
      "perspective": "Retail business",
      "description": "Aims to drive sales and attract customers through promotional events"
    }
  ],
  "image_url": "/article_images/article_df58e3ba35ae334b_a319e40cee44.webp"
}