{
  "title": "Constitutional Implications of Presidential Removal Authority in Independent Agencies",
  "summary": "The Supreme Court's recent oral arguments in a pivotal case examine the extent of presidential power to remove members of independent government agencies, potentially overturning a 90-year precedent that has safeguarded agency autonomy. The litigation stems from President Trump's dismissal of Rebecca Slaughter, a Democratic commissioner on the Federal Trade Commission (FTC), with Slaughter contesting the action under statutory provisions that permit removal only for causes such as inefficiency, neglect of duty, or malfeasance. Representing the Trump administration, Solicitor General D. John Sauer advocated for expanded executive authority, contending that current constraints foster a 'headless fourth branch' devoid of political accountability. In contrast, Associate Justice Sonia Sotomayor and other liberal justices expressed apprehension that such a shift could erode the constitutional separation of powers and impede Congress's prerogative to insulate agencies from partisan influence. This case underscores profound tensions between executive control and institutional independence, with ramifications for administrative law, regulatory stability, and the foundational principles of U.S. governance. The Court's decision may recalibrate the dynamics of federal bureaucracy, influencing how agencies execute their mandates amidst evolving political landscapes.",
  "keywords": [
    {
      "term": "constitutional separation of powers",
      "explanation": "the doctrine dividing government authority among executive, legislative, and judicial branches to prevent concentration of power, central to this case's debate"
    },
    {
      "term": "administrative law",
      "explanation": "the body of law governing agencies and their operations, including rules on presidential removal and agency independence"
    },
    {
      "term": "precedent",
      "explanation": "legal principles established by prior court decisions, here referencing decades of jurisprudence limiting presidential removal of agency officials"
    },
    {
      "term": "statutory provisions",
      "explanation": "laws enacted by Congress that specify conditions for agency commissioner removals, as invoked by Slaughter in her lawsuit"
    },
    {
      "term": "oral arguments",
      "explanation": "presentations made before the Supreme Court where lawyers and justices discuss legal issues, as occurred in this case"
    },
    {
      "term": "regulatory stability",
      "explanation": "the consistency and predictability of agency rules and enforcement, which could be affected by changes in removal authority"
    }
  ],
  "questions": [
    {
      "question": "What constitutional principle is primarily at issue in this Supreme Court case?",
      "options": [
        "Separation of powers",
        "Freedom of speech",
        "Right to privacy",
        "Equal protection"
      ],
      "correct_answer": "Separation of powers"
    },
    {
      "question": "On what grounds did Rebecca Slaughter challenge her dismissal from the FTC?",
      "options": [
        "Statutory provisions limiting removal to specific causes",
        "Political disagreement with the president",
        "Violation of employment contracts",
        "Discrimination based on party affiliation"
      ],
      "correct_answer": "Statutory provisions limiting removal to specific causes"
    },
    {
      "question": "How does Solicitor General D. John Sauer characterize independent agencies under current law?",
      "options": [
        "As a 'headless fourth branch' lacking accountability",
        "As highly efficient regulatory bodies",
        "As extensions of congressional authority",
        "As tools for judicial oversight"
      ],
      "correct_answer": "As a 'headless fourth branch' lacking accountability"
    },
    {
      "question": "What concern did Justice Sotomayor raise regarding the potential outcome of this case?",
      "options": [
        "It could undermine Congress's ability to protect agency independence",
        "It would increase federal spending",
        "It might limit the Court's jurisdiction",
        "It could affect international treaties"
      ],
      "correct_answer": "It could undermine Congress's ability to protect agency independence"
    },
    {
      "question": "What is the significance of the 90-year precedent mentioned in the article?",
      "options": [
        "It has historically restricted presidential removal of agency commissioners",
        "It established the FTC as an independent agency",
        "It defined the role of the Solicitor General",
        "It set limits on congressional power"
      ],
      "correct_answer": "It has historically restricted presidential removal of agency commissioners"
    },
    {
      "question": "Which branch of government created the statutory provisions at the heart of this dispute?",
      "options": [
        "Legislative branch (Congress)",
        "Executive branch (President)",
        "Judicial branch (Courts)",
        "Independent agencies themselves"
      ],
      "correct_answer": "Legislative branch (Congress)"
    },
    {
      "question": "What broader implications might a ruling in favor of expanded presidential power have?",
      "options": [
        "It could recalibrate federal bureaucracy and affect regulatory stability",
        "It would immediately dissolve all independent agencies",
        "It would grant Congress new removal powers",
        "It would reduce the Supreme Court's authority over agencies"
      ],
      "correct_answer": "It could recalibrate federal bureaucracy and affect regulatory stability"
    },
    {
      "question": "What methodological approach does the article use to present information?",
      "options": [
        "Analysis of court arguments and expert commentary",
        "Statistical data on agency performance",
        "Historical narratives of presidential actions",
        "Surveys of public opinion"
      ],
      "correct_answer": "Analysis of court arguments and expert commentary"
    },
    {
      "question": "How does the article assess the credibility of its sources?",
      "options": [
        "By citing authoritative figures like Amy Howe and direct quotes from court proceedings",
        "By referencing anonymous insiders",
        "By using speculative assumptions",
        "By relying solely on historical texts"
      ],
      "correct_answer": "By citing authoritative figures like Amy Howe and direct quotes from court proceedings"
    },
    {
      "question": "What critical assessment can be made about the article's coverage of this case?",
      "options": [
        "It provides a balanced overview but may oversimplify complex legal nuances",
        "It is heavily biased in favor of one political side",
        "It ignores all opposing viewpoints",
        "It focuses exclusively on economic impacts"
      ],
      "correct_answer": "It provides a balanced overview but may oversimplify complex legal nuances"
    }
  ],
  "background_read": [
    "This case involves intricate aspects of U.S. constitutional law and administrative governance. Independent agencies, such as the Federal Trade Commission (FTC), are established by Congress under statutes that often include 'for-cause' removal protections, meaning commissioners can only be fired for reasons like inefficiency or malfeasance. This design aims to insulate agencies from political pressures, ensuring expert-driven regulation. The precedent dates to the 1935 Supreme Court case Humphrey's Executor v. United States, which upheld such protections. The current dispute tests whether modern presidential authority should override this framework, touching on debates about executive power expansion, often discussed in contexts like the unitary executive theory. Understanding these legal and historical contexts is essential for evaluating the case's potential to reshape administrative law and the balance among government branches."
  ],
  "Article_Structure": [
    "This article offers an in-depth analysis of a Supreme Court case on presidential removal authority. Main Points: The case challenges 90-year precedent limiting presidential power to fire independent agency commissioners, with arguments centered on statutory interpretation and separation of powers. Purpose: To explore constitutional implications for U.S. governance, highlighting tensions between executive control and agency autonomy. Evidence Evaluation: Relies on oral arguments and expert analysis from credible sources like Amy Howe, though it lacks primary legal documents, presenting a balanced but summary view. Author Credibility: Amy Howe, as a SCOTUSblog co-founder, provides informed commentary, but the article's brevity may limit depth. Methodology: Based on court reporting and interviews, offering a timely snapshot without extensive legal critique. Critical Assessment: Effectively outlines key issues but could benefit from more detailed examination of legal doctrines and potential long-term impacts on administrative law."
  ],
  "perspectives": [
    {
      "perspective": "Pro-expansion view",
      "description": "Advocates for enhanced presidential removal power to ensure democratic accountability and streamline executive oversight, arguing that current constraints create unaccountable bureaucratic entities."
    },
    {
      "perspective": "Anti-expansion view",
      "description": "Emphasizes the need to preserve agency independence and congressional intent, warning that expanding removal authority could politicize regulation and destabilize the separation of powers."
    }
  ],
  "image_url": "/article_images/article_a352a2bc5375c1d0_9df365a0cd3c.webp"
}