{
  "title": "Philanthropy in Entertainment: Peter Kay's 2026 Tour for Cancer Charities",
  "summary": "In a notable act of philanthropy, comedian Peter Kay has declared that all profits from his 2026 'Better Late Than Never' stand-up tour will be allocated to 12 cancer charities, addressing issues such as blood cancers and brain tumours. The tour, commencing in December and culminating in Manchester, includes recently added dates, with Kay articulating a message that transcends comedic appeal to emphasize charitable support. He referenced the widespread impact of cancer, urging attendance irrespective of personal taste in humor. Responses from charity leaders, including Rachel Calderon of Blood Cancer UK and Dr. Michele Afif of The Brain Tumour Charity, underscore the significance of this donation, labeling it a milestone that will facilitate essential advancements in cancer care. This initiative occurs against a backdrop of escalating demand for charitable services over the past decade, highlighting the critical role of celebrity-driven fundraising in bolstering public health efforts. The article, sourced from BBC Entertainment, provides insights into how entertainment figures can leverage their influence for social good, though it primarily focuses on positive aspects without delving into potential criticisms or logistical challenges.",
  "keywords": [
    {
      "term": "philanthropy",
      "explanation": "the practice of engaging in efforts to promote the welfare of others, typically through large donations or charitable acts"
    },
    {
      "term": "stand-up comedy tour",
      "explanation": "a professional series of performances where a comedian presents live acts across multiple locations, often for entertainment and revenue generation"
    },
    {
      "term": "cancer charities",
      "explanation": "non-profit organizations dedicated to funding research, providing patient support, and raising awareness for various forms of cancer"
    },
    {
      "term": "profit allocation",
      "explanation": "the decision to distribute financial gains from an enterprise to specific causes, in this case, charitable donations"
    },
    {
      "term": "fundraising milestone",
      "explanation": "a significant achievement in collecting funds that marks progress in supporting a cause"
    },
    {
      "term": "celebrity advocacy",
      "explanation": "the use of a famous person's influence to promote social or health-related issues, potentially increasing public engagement and donations"
    },
    {
      "term": "healthcare demand",
      "explanation": "the growing need for medical services and support, influenced by factors like disease prevalence and awareness"
    },
    {
      "term": "secondary sourcing",
      "explanation": "relying on indirect reports or media outlets for information, which may affect the depth and originality of the content"
    },
    {
      "term": "social impact",
      "explanation": "the effect of actions or events on community well-being, often evaluated in terms of benefits to society"
    },
    {
      "term": "bias in reporting",
      "explanation": "the potential for media coverage to emphasize positive aspects while overlooking limitations or opposing views"
    }
  ],
  "questions": [
    {
      "question": "What is the overarching theme of Peter Kay's tour announcement?",
      "options": [
        "Entertainment only",
        "Charitable philanthropy",
        "Political advocacy",
        "Personal branding"
      ],
      "correct_answer": "Charitable philanthropy"
    },
    {
      "question": "How does the article source its information?",
      "options": [
        "Direct interviews only",
        "BBC reporting and quotes",
        "Scientific studies",
        "Social media posts"
      ],
      "correct_answer": "BBC reporting and quotes"
    },
    {
      "question": "What critical aspect might the article overlook according to a high-level analysis?",
      "options": [
        "Logistical details of fund distribution",
        "Kay's comedic style",
        "Tour dates",
        "Charity names"
      ],
      "correct_answer": "Logistical details of fund distribution"
    },
    {
      "question": "Which charity CEO expressed gratitude for the inclusion in the donations?",
      "options": [
        "Blood Cancer UK",
        "The Brain Tumour Charity",
        "Cancer Research UK",
        "Leukaemia Care"
      ],
      "correct_answer": "The Brain Tumour Charity"
    },
    {
      "question": "What does the term 'profit allocation' refer to in this context?",
      "options": [
        "Dividing earnings among team members",
        "Donating all profits to charities",
        "Investing in new projects",
        "Saving for future tours"
      ],
      "correct_answer": "Donating all profits to charities"
    },
    {
      "question": "How has the demand for cancer charity support evolved?",
      "options": [
        "Remained stable",
        "Decreased slightly",
        "Grown significantly",
        "Not discussed"
      ],
      "correct_answer": "Grown significantly"
    },
    {
      "question": "What role does celebrity advocacy play in this scenario?",
      "options": [
        "It diminishes public interest",
        "It leverages fame for social good",
        "It focuses on profit maximization",
        "It avoids public scrutiny"
      ],
      "correct_answer": "It leverages fame for social good"
    },
    {
      "question": "Which methodological approach is evident in the article?",
      "options": [
        "Experimental research",
        "Interviews and media reports",
        "Surveys and data analysis",
        "Historical archives"
      ],
      "correct_answer": "Interviews and media reports"
    },
    {
      "question": "What is a potential limitation of the evidence presented?",
      "options": [
        "Lack of direct sources",
        "Over-reliance on charity statements",
        "Inclusion of statistical data",
        "Use of anonymous quotes"
      ],
      "correct_answer": "Over-reliance on charity statements"
    },
    {
      "question": "How does the article assess author credibility?",
      "options": [
        "It doesn't, as it's from BBC",
        "By evaluating Kay's expertise",
        "Through peer reviews",
        "By comparing with other sources"
      ],
      "correct_answer": "It doesn't, as it's from BBC"
    }
  ],
  "background_read": [
    "Cancer remains a major global health challenge, with charities crucial for advancing treatments and support systems. Peter Kay's initiative reflects a broader trend of celebrities engaging in philanthropy, which can amplify fundraising but may also raise questions about effectiveness and transparency. The BBC, as a source, is generally credible but may exhibit bias towards positive narratives. Understanding the socio-economic context of rising cancer cases and the ethics of celebrity involvement enriches the analysis of such charitable acts."
  ],
  "Article_Structure": [
    "This article details Peter Kay's philanthropic decision to donate tour profits to cancer charities, covering main points like charity selection and public appeals. Its purpose is to inform and inspire support, set within the context of increasing cancer care demands. Evidence evaluation notes reliance on quotes from involved parties, which, while credible, lacks independent verification. Author credibility is assumed through BBC's reputation, though the piece doesn't critically assess potential biases. Methodology involves journalistic reporting from announcements and interviews, offering a surface-level account that could benefit from deeper investigation into fund distribution and long-term impacts."
  ],
  "perspectives": [
    {
      "perspective": "Peter Kay's advocacy",
      "description": "He uses his platform to promote altruism, arguing that collective action can address widespread health issues, though this may oversimplify complex charitable dynamics."
    },
    {
      "perspective": "Charity organizational view",
      "description": "They highlight the financial and awareness benefits, but this perspective might not address challenges in fund utilization or equity in resource allocation."
    },
    {
      "perspective": "Critical public perspective",
      "description": "Some may question the efficiency and transparency of such donations, suggesting that celebrity-driven efforts could divert attention from systemic healthcare reforms."
    }
  ],
  "image_url": "/article_images/article_2da2ba2ebaf30528_15086e26044b.webp"
}