{
  "title": "Taylor Swift Challenges 'Swift Home' Trademark to Protect Her Brand",
  "summary": "Taylor Swift has legally challenged Cathay Home's attempt to trademark 'Swift Home' for bedding products, arguing it could mislead consumers into believing she endorses the brand. Her legal team, TAS Rights Management LLC, filed an appeal with the US Patent and Trademark Office, stating that the stylized 'Swift' in Cathay Home's branding closely resembles her trademarked cursive signature, creating a false association. This move aims to safeguard Swift's extensive trademark portfolio, which includes over 300 trademarks covering her name, signature, album titles, and lyrics on goods like bedding and clothing. Cathay Home, based in New York, sells through major retailers and applied for the trademark to market its bedding items. Swift's action highlights the importance of brand protection in the entertainment industry, as her net worth exceeds $1 billion, largely from record-breaking tours. The case underscores how celebrities use legal measures to prevent unauthorized use of their identity for commercial gain.",
  "keywords": [
    {
      "term": "trademark",
      "explanation": "a legal protection for a name, symbol, or phrase that identifies a brand and prevents others from using it without permission"
    },
    {
      "term": "false association",
      "explanation": "a situation where consumers mistakenly believe a product is connected to or endorsed by a person or brand when it is not"
    },
    {
      "term": "US Patent and Trademark Office",
      "explanation": "the government agency in the United States that handles trademarks and patents to protect intellectual property"
    },
    {
      "term": "brand protection",
      "explanation": "actions taken to defend a brand's identity and reputation from unauthorized use or imitation"
    },
    {
      "term": "legal appeal",
      "explanation": "a formal request to a higher authority to review and change a decision, such as a trademark application"
    }
  ],
  "questions": [
    {
      "question": "What organization did Taylor Swift's legal team appeal to regarding the trademark?",
      "options": [
        "US Patent and Trademark Office",
        "BBC Entertainment",
        "Cathay Home",
        "TAS Rights Management"
      ],
      "correct_answer": "US Patent and Trademark Office"
    },
    {
      "question": "How many trademarks has Taylor Swift filed in the US and other jurisdictions?",
      "options": [
        "Over 300",
        "About 100",
        "Less than 50",
        "Exactly 200"
      ],
      "correct_answer": "Over 300"
    },
    {
      "question": "What specific aspect of Cathay Home's branding does Swift's team argue resembles her trademark?",
      "options": [
        "The stylized 'Swift' signature",
        "The name 'Home'",
        "The bedding designs",
        "The company logo color"
      ],
      "correct_answer": "The stylized 'Swift' signature"
    },
    {
      "question": "What is the primary reason Swift is challenging the 'Swift Home' trademark?",
      "options": [
        "To prevent consumer confusion about endorsement",
        "To increase her net worth",
        "To promote her music",
        "To support Cathay Home"
      ],
      "correct_answer": "To prevent consumer confusion about endorsement"
    },
    {
      "question": "Where is Cathay Home based according to the article?",
      "options": [
        "New York",
        "California",
        "Texas",
        "London"
      ],
      "correct_answer": "New York"
    },
    {
      "question": "What type of products does Cathay Home sell?",
      "options": [
        "Bedding items",
        "Clothing only",
        "Music albums",
        "Electronics"
      ],
      "correct_answer": "Bedding items"
    },
    {
      "question": "What is Taylor Swift's estimated net worth mentioned in the article?",
      "options": [
        "Above $1 billion",
        "Around $500 million",
        "Below $100 million",
        "Exactly $730 million"
      ],
      "correct_answer": "Above $1 billion"
    },
    {
      "question": "What does the term 'false association' refer to in this context?",
      "options": [
        "Consumers thinking Swift endorses Cathay Home",
        "Swift owning the company",
        "Cathay Home copying music",
        "The government approving the trademark"
      ],
      "correct_answer": "Consumers thinking Swift endorses Cathay Home"
    }
  ],
  "background_read": [
    "Taylor Swift is a globally renowned singer-songwriter with a massive fan base and significant commercial influence. She has built a strong brand through her music, tours, and merchandise, leading to a net worth over $1 billion. Trademarks are legal tools used by celebrities and companies to protect their intellectual property, such as names and logos, from unauthorized use. In this case, Swift is leveraging her trademark portfolio to challenge Cathay Home's application, highlighting common legal strategies in the entertainment industry to maintain brand integrity and prevent consumer deception. Understanding trademarks involves knowing how they help prevent confusion in the marketplace."
  ],
  "Article_Structure": [
    "Main Points: Taylor Swift opposes Cathay Home's 'Swift Home' trademark due to potential consumer confusion and similarity to her signature. Purpose: To inform about legal actions celebrities take to protect their brands from unauthorized commercial use. Evidence Evaluation: The article cites legal documents and statements from Swift's team, but lacks direct comments from Cathay Home, limiting balanced perspective. Author Credibility: BBC Entertainment is a reputable source, but the article is brief and may not cover all legal nuances. Methodology: Based on a document seen by the BBC and public information, with standard journalistic reporting."
  ],
  "perspectives": [
    {
      "perspective": "Taylor Swift's legal stance",
      "description": "She aims to protect her brand and prevent misleading associations that could harm her reputation and commercial interests."
    }
  ],
  "image_url": "/article_images/article_ebf35009686a22e2_25f503ec10ef.webp"
}