{
  "title": "Tributes and Support for James Van Der Beek After His Death",
  "summary": "James Van Der Beek, best known for his role as Dawson Leery on the TV series Dawson's Creek, passed away at age 48 due to bowel cancer. His death has prompted heartfelt tributes from co-stars and celebrities on social media. Katie Holmes, who played Joey Potter on the show, posted a handwritten statement on Instagram praising Van Der Beek's bravery, compassion, and strength. Busy Philipps, another co-star, expressed deep sadness and shared memories of their friendship, while also promoting an online fundraiser to assist Van Der Beek's widow, Kimberley, and their six children. The GoFundMe campaign quickly raised over $1.2 million to cover medical expenses and other costs. Reese Witherspoon and Mary-Margaret Humes also shared condolences, highlighting Van Der Beek's talent and kindness. Van Der Beek was diagnosed with cancer in late 2023 and publicly revealed it in November 2024. His career included roles in shows like Varsity Blues, but he remained most iconic for Dawson's Creek, which aired from 1998 to 2003. The tributes emphasize his impact on those who knew him and call for privacy for his grieving family.",
  "keywords": [
    {
      "term": "bowel cancer",
      "explanation": "a type of cancer that affects the large intestine, often serious and requiring treatment"
    },
    {
      "term": "tributes",
      "explanation": "public expressions of admiration or remembrance, often shared online after someone's death"
    },
    {
      "term": "GoFundMe",
      "explanation": "an online platform used to raise money for personal causes, like medical bills"
    },
    {
      "term": "co-stars",
      "explanation": "actors who work together on the same production, forming professional and personal bonds"
    },
    {
      "term": "diagnosis",
      "explanation": "the identification of a disease or condition, such as cancer, by a doctor"
    }
  ],
  "questions": [
    {
      "question": "What role did James Van Der Beek play on Dawson's Creek?",
      "options": [
        "Dawson Leery",
        "Joey Potter",
        "Pacey Witter",
        "Jen Lindley"
      ],
      "correct_answer": "Dawson Leery"
    },
    {
      "question": "How did Katie Holmes describe James Van Der Beek in her tribute?",
      "options": [
        "Brave and compassionate",
        "Funny and smart",
        "Quiet and shy",
        "Loud and energetic"
      ],
      "correct_answer": "Brave and compassionate"
    },
    {
      "question": "What was the purpose of the online fundraiser mentioned in the article?",
      "options": [
        "To help with medical bills and family expenses",
        "To fund a new TV show",
        "To build a memorial park",
        "To support cancer research"
      ],
      "correct_answer": "To help with medical bills and family expenses"
    },
    {
      "question": "When did James Van Der Beek reveal his cancer diagnosis to the public?",
      "options": [
        "November 2024",
        "2023",
        "2022",
        "January 2025"
      ],
      "correct_answer": "November 2024"
    },
    {
      "question": "How much money had the fundraiser raised by Thursday morning?",
      "options": [
        "$1.2 million",
        "$865,000",
        "$500,000",
        "$2 million"
      ],
      "correct_answer": "$1.2 million"
    },
    {
      "question": "Who urged followers to donate to the fundraiser?",
      "options": [
        "Busy Philipps",
        "Katie Holmes",
        "Reese Witherspoon",
        "Mary-Margaret Humes"
      ],
      "correct_answer": "Busy Philipps"
    },
    {
      "question": "What other show did James Van Der Beek star in, besides Dawson's Creek?",
      "options": [
        "Varsity Blues",
        "Legally Blonde",
        "Friends",
        "The Office"
      ],
      "correct_answer": "Varsity Blues"
    },
    {
      "question": "What did Mary-Margaret Humes ask for in her tribute?",
      "options": [
        "Privacy for the family",
        "More donations",
        "A public memorial",
        "Interviews with the media"
      ],
      "correct_answer": "Privacy for the family"
    }
  ],
  "background_read": [
    "James Van Der Beek was an American actor who rose to fame in the late 1990s for his role as Dawson Leery on the teen drama Dawson's Creek, which became a cultural phenomenon. The show aired from 1998 to 2003 and helped launch the careers of several young actors. Van Der Beek also appeared in films like Varsity Blues and had roles in other TV series. In 2023, he was diagnosed with bowel cancer, a disease that affects the digestive system and can be life-threatening. He shared his diagnosis publicly in 2024, raising awareness about cancer. After his death, the entertainment community and fans mourned his loss, with co-stars using social media to share personal memories and organize financial support for his family through crowdfunding platforms like GoFundMe."
  ],
  "Article_Structure": [
    "This article reports on the death of actor James Van Der Beek from bowel cancer at age 48, focusing on tributes from co-stars like Katie Holmes and Busy Philipps who praised his character and promoted a fundraiser for his family. The purpose is to inform readers about his passing, highlight the emotional responses from the entertainment industry, and detail the support efforts. Evidence includes direct quotes from Instagram posts and specifics about the GoFundMe campaign, which are credible as they come from public sources. The author, BBC News, is a reputable outlet, but the article relies on secondary reports without original investigation. Methodology involves compiling social media updates and fundraiser data, providing a timely but surface-level overview of the event."
  ],
  "perspectives": [
    {
      "perspective": "Celebrity tributes",
      "description": "Co-stars and friends share personal stories to honor Van Der Beek's legacy and rally support for his family."
    }
  ],
  "image_url": "/article_images/article_197f4291cfe3a059_c9dc42b23972.webp"
}