{
  "title": "Uncovering Wolf Ancestry in Modern Dog Breeds",
  "summary": "A recent study by scientists from the American Museum of Natural History and the Smithsonian's National Museum of Natural History reveals that the majority of modern dogs retain trace amounts of wolf DNA from post-domestication hybridization events. This research, published in Proceedings of the National Academy of Sciences, analyzed over 2,700 genomes from wolves, breed dogs, and village dogs, finding that nearly two-thirds of breed dogs and all village dogs have detectable wolf ancestry. The wolf genes influence physical and behavioral traits, such as body size, scent abilities, and aspects of personality, potentially aiding dogs' adaptation to diverse human environments. Lead author Audrey Lin emphasizes that this challenges previous beliefs that dogs must have minimal wolf DNA, showing instead that dog genomes can tolerate and benefit from this ancestry. The study highlights variations across breeds, with larger and working dogs like Arctic sled dogs and hunting breeds having higher levels, while terriers and gundogs have lower levels. Unexpectedly, even small breeds like chihuahuas show about 0.2% wolf ancestry, indicating it's a widespread phenomenon. This genomic survey provides insights into evolutionary biology and the ongoing relationship between dogs and wolves.",
  "keywords": [
    {
      "term": "genomes",
      "explanation": "the complete set of genes or genetic material in an organism"
    },
    {
      "term": "hybridization",
      "explanation": "the process of interbreeding between different species or populations, leading to mixed ancestry"
    },
    {
      "term": "nuclear genome",
      "explanation": "the genetic material in the nucleus of a cell, which includes most inherited traits"
    },
    {
      "term": "village dogs",
      "explanation": "free-roaming dogs that live in human communities without strict breeding control"
    },
    {
      "term": "post-domestication",
      "explanation": "referring to events or traits that occurred after animals were first domesticated"
    },
    {
      "term": "evolutionary biology",
      "explanation": "the study of how species change over time through genetic and environmental factors"
    },
    {
      "term": "behavioral traits",
      "explanation": "characteristics related to how an animal acts or responds to its environment"
    },
    {
      "term": "genomic survey",
      "explanation": "a comprehensive analysis of genetic data from multiple sources to study patterns and relationships"
    }
  ],
  "questions": [
    {
      "question": "What percentage of breed dogs were found to have wolf ancestry in the study?",
      "options": [
        "About 10%",
        "Nearly two-thirds",
        "All of them",
        "None"
      ],
      "correct_answer": "Nearly two-thirds"
    },
    {
      "question": "Which type of dog had the highest wolf ancestry levels?",
      "options": [
        "Terriers",
        "Village dogs",
        "Czechoslovakian wolfdogs",
        "Chihuahuas"
      ],
      "correct_answer": "Czechoslovakian wolfdogs"
    },
    {
      "question": "What is the main source of data used in this research?",
      "options": [
        "Interviews with dog owners",
        "Published genomes from databases",
        "Fossil records",
        "Observations in zoos"
      ],
      "correct_answer": "Published genomes from databases"
    },
    {
      "question": "How does wolf ancestry potentially help dogs?",
      "options": [
        "By making them more aggressive",
        "By aiding adaptation to human environments",
        "By reducing their size",
        "By changing their fur color"
      ],
      "correct_answer": "By aiding adaptation to human environments"
    },
    {
      "question": "What was unexpected about the Great Anglo-French tricolor hound's wolf ancestry?",
      "options": [
        "It had the lowest level",
        "It was unexplained and high",
        "It had no wolf DNA",
        "It was only in village dogs"
      ],
      "correct_answer": "It was unexplained and high"
    },
    {
      "question": "What does the study suggest about dog genomes and wolf DNA?",
      "options": [
        "They cannot tolerate any wolf DNA",
        "They can tolerate some wolf DNA and still be dogs",
        "They are identical to wolf genomes",
        "They have no relation to wolves"
      ],
      "correct_answer": "They can tolerate some wolf DNA and still be dogs"
    },
    {
      "question": "Which breeds typically had the lowest levels of wolf ancestry?",
      "options": [
        "Arctic sled dogs",
        "Terriers and gundogs",
        "Hunting dogs",
        "Village dogs"
      ],
      "correct_answer": "Terriers and gundogs"
    },
    {
      "question": "What is the significance of finding wolf ancestry in chihuahuas?",
      "options": [
        "It shows only large dogs have it",
        "It indicates wolf ancestry is widespread",
        "It means chihuahuas are part wolf",
        "It disproves the study"
      ],
      "correct_answer": "It indicates wolf ancestry is widespread"
    }
  ],
  "background_read": [
    "Dogs originated from gray wolves around 20,000 years ago during the late Pleistocene, when humans began domesticating them for companionship and work. Domestication led to the development of various breeds with specialized traits, but scientists previously thought that after this split, there was little genetic mixing with wolves. However, this new study challenges that by showing that hybridization occurred after domestication, introducing wolf genes that may have provided adaptive advantages. Genomic research involves analyzing DNA sequences to trace ancestry and evolution, using large datasets from sources like the National Center for Biotechnology Information. Understanding this helps in fields like evolutionary biology and animal behavior, as it reveals how species interact and evolve over time. The findings also have implications for dog breeding and conservation, showing that genetic diversity from wild ancestors can influence health and functionality in domestic animals."
  ],
  "Article_Structure": [
    "The article's main points focus on the discovery of post-domestication wolf ancestry in most dogs, influencing traits like size and behavior, with evidence from a large genomic survey of over 2,700 genomes. Its purpose is to challenge previous scientific assumptions and highlight the evolutionary benefits of this gene flow for dogs in human environments. Evidence evaluation shows high quality due to extensive data from reputable databases, though some breed-specific findings are unexplained. Author credibility is strong, with lead author Audrey Lin being a postdoctoral scholar in bioinformatics at a major museum, indicating expertise. Methodology involved computational analysis of published genomes, providing a robust basis for the conclusions, but limitations include potential biases in genomic data sources."
  ],
  "perspectives": [
    {
      "perspective": "Evolutionary perspective",
      "description": "Emphasizes how gene flow between species can drive adaptation and diversity."
    },
    {
      "perspective": "Practical perspective",
      "description": "Highlights implications for dog breeding and understanding pet behaviors."
    }
  ],
  "image_url": "/article_images/article_48e3e680d52c0220_23e0c4878e00.webp"
}