{
  "title": "How Neutrophils Turn from Cancer Fighters to Helpers",
  "summary": "Researchers at the University of Geneva and the Ludwig Institute for Cancer Research discovered that neutrophils, a common type of immune cell, can be reprogrammed by tumors to support cancer growth. Normally, neutrophils act as early defenders against infections, but in cancer, they are recruited by tumors and start producing a molecule called CCL3. This chemokine promotes tumor growth instead of fighting it. The study, published in Cancer Cell, involved overcoming technical challenges to manipulate the CCL3 gene specifically in neutrophils. When CCL3 was removed, neutrophils no longer aided tumor growth, though they still functioned normally elsewhere. This finding suggests that CCL3 could serve as a signal for tracking cancer progression across various cancer types, building on earlier research about macrophages. The work highlights the complex interactions within the tumor environment and offers insights into potential new targets for cancer therapy.",
  "keywords": [
    {
      "term": "neutrophils",
      "explanation": "abundant immune cells that typically defend against infections but can be altered in cancer"
    },
    {
      "term": "CCL3",
      "explanation": "a chemokine molecule produced by reprogrammed neutrophils that encourages tumor growth"
    },
    {
      "term": "tumor microenvironment",
      "explanation": "the complex cellular environment around a tumor where different cells interact"
    },
    {
      "term": "reprogramming",
      "explanation": "the process by which neutrophils change their behavior to support cancer"
    },
    {
      "term": "genetic manipulation",
      "explanation": "techniques used to control gene expression, such as in neutrophils for this study"
    }
  ],
  "questions": [
    {
      "question": "What is the main role of neutrophils in the body normally?",
      "options": [
        "Defend against infections",
        "Promote tumor growth",
        "Produce CCL3 always",
        "Cause cancer"
      ],
      "correct_answer": "Defend against infections"
    },
    {
      "question": "What molecule do reprogrammed neutrophils produce to help tumors?",
      "options": [
        "CCL3",
        "Insulin",
        "Hemoglobin",
        "DNA"
      ],
      "correct_answer": "CCL3"
    },
    {
      "question": "Which institutions conducted this research?",
      "options": [
        "University of Geneva and Ludwig Institute",
        "MIT and Harvard only",
        "A local hospital",
        "A high school"
      ],
      "correct_answer": "University of Geneva and Ludwig Institute"
    },
    {
      "question": "What was a major technical challenge in studying neutrophils?",
      "options": [
        "Genetic manipulation",
        "Finding them in the body",
        "Counting them",
        "Making them visible"
      ],
      "correct_answer": "Genetic manipulation"
    },
    {
      "question": "What happened when CCL3 was removed from neutrophils?",
      "options": [
        "They stopped supporting tumor growth",
        "They produced more CCL3",
        "They died",
        "They fought tumors better"
      ],
      "correct_answer": "They stopped supporting tumor growth"
    },
    {
      "question": "How could CCL3 be useful in cancer treatment?",
      "options": [
        "As a signal for tracking progression",
        "To cure all cancers",
        "To replace chemotherapy",
        "To prevent infections"
      ],
      "correct_answer": "As a signal for tracking progression"
    },
    {
      "question": "What earlier research did this study build upon?",
      "options": [
        "Findings about macrophages",
        "Studies on plants",
        "Work on heart disease",
        "Research on viruses"
      ],
      "correct_answer": "Findings about macrophages"
    },
    {
      "question": "Where were the findings published?",
      "options": [
        "Cancer Cell journal",
        "Science magazine",
        "A blog",
        "A textbook"
      ],
      "correct_answer": "Cancer Cell journal"
    }
  ],
  "background_read": [
    "Cancer involves uncontrolled cell growth forming tumors, which exist in a complex microenvironment with various cell types like immune cells. Neutrophils are key immune cells that usually combat pathogens but can be hijacked in cancer. Previous studies, such as one in 2023 on macrophages, linked gene expression to disease progression. This new research explores how tumors alter neutrophils to produce CCL3, a molecule that promotes growth, offering insights into cancer biology and potential diagnostic tools. Understanding these interactions helps scientists develop targeted therapies to improve patient outcomes."
  ],
  "Article_Structure": [
    "Main Points: The study reveals that neutrophils, normally protective immune cells, are reprogrammed by tumors to produce CCL3, which promotes cancer growth. Purpose: To identify factors driving tumor progression and provide a signal for tracking cancer. Evidence Evaluation: Based on experimental strategies to manipulate the CCL3 gene in neutrophils, with results showing reduced tumor support when CCL3 is removed. Author Credibility: Led by Mikaël Pittet, a professor at UNIGE, with collaboration from the Ludwig Institute, published in the reputable Cancer Cell journal. Methodology: Used genetic manipulation techniques to control CCL3 expression specifically in neutrophils, overcoming technical hurdles to study their role in tumor environments."
  ],
  "perspectives": [
    {
      "perspective": "Biological insight",
      "description": "Highlights how cancer manipulates immune responses for growth"
    }
  ],
  "image_url": "/article_images/article_882f7c2fc9006029_62831e0e185a.webp"
}