{
  "title": "Untreated Sleep Apnea as a Modifiable Risk Factor for Parkinson's Disease",
  "summary": "A groundbreaking study published in JAMA Neurology demonstrates that untreated obstructive sleep apnea is associated with a doubled risk of developing Parkinson's disease, based on an extensive analysis of electronic health records from more than 11 million U.S. military veterans spanning 1999 to 2022. Conducted by researchers from Oregon Health & Science University and the Portland VA Health Care System, the investigation adjusted for confounding variables such as age, obesity, and hypertension, yet maintained a significant correlation, indicating that individuals not using continuous positive airway pressure (CPAP) therapy were nearly twice as likely to receive a Parkinson's diagnosis. The mechanistic explanation posits that recurrent apneic events lead to chronic intermittent hypoxia, potentially impairing neuronal function and accelerating neurodegenerative processes over time. Authors Dr. Lee Neilson and Dr. Gregory Scott suggest that CPAP intervention may confer neuroprotective benefits by ensuring stable oxygenation during sleep, thereby mitigating the risk. This research not only underscores the critical role of sleep health in neurological outcomes but also has potential implications for clinical guidelines, advocating for early detection and management of sleep apnea to alter disease trajectories in at-risk populations, particularly as Parkinson's prevalence rises with aging demographics.",
  "keywords": [
    {
      "term": "obstructive sleep apnea",
      "explanation": "a disorder involving recurrent collapse of the upper airway during sleep, causing breathing interruptions"
    },
    {
      "term": "Parkinson's disease",
      "explanation": "a neurodegenerative disorder characterized by the loss of dopaminergic neurons, leading to motor and non-motor symptoms"
    },
    {
      "term": "CPAP therapy",
      "explanation": "a therapeutic modality that delivers pressurized air to prevent airway obstruction, enhancing sleep architecture and oxygenation"
    },
    {
      "term": "neurodegenerative",
      "explanation": "pertaining to the progressive degeneration of the nervous system, often involving cell death and functional decline"
    },
    {
      "term": "intermittent hypoxia",
      "explanation": "a condition of repeated oxygen deprivation, which can induce oxidative stress and inflammation in tissues"
    },
    {
      "term": "electronic health records",
      "explanation": "comprehensive digital repositories of patient data utilized for epidemiological research and health outcomes analysis"
    },
    {
      "term": "confounding variables",
      "explanation": "extraneous factors that may influence study outcomes, requiring statistical control to isolate true effects"
    },
    {
      "term": "neuroprotective",
      "explanation": "referring to strategies or agents that safeguard neurons from damage or degeneration"
    },
    {
      "term": "clinical guidelines",
      "explanation": "evidence-based recommendations developed to standardize and improve healthcare practices"
    },
    {
      "term": "disease trajectory",
      "explanation": "the projected course and progression of a medical condition over time, influenced by various factors"
    }
  ],
  "questions": [
    {
      "question": "What methodological approach did the researchers use to investigate the sleep apnea-Parkinson's link?",
      "options": [
        "Analysis of electronic health records from veterans",
        "Randomized controlled trials",
        "Laboratory experiments on animals",
        "Surveys and interviews"
      ],
      "correct_answer": "A"
    },
    {
      "question": "How does untreated sleep apnea potentially contribute to neurodegenerative diseases like Parkinson's?",
      "options": [
        "Through chronic intermittent hypoxia damaging neurons",
        "By increasing dopamine production",
        "Via enhanced immune responses",
        "Through improved synaptic plasticity"
      ],
      "correct_answer": "A"
    },
    {
      "question": "What was the adjusted hazard ratio or risk increase for Parkinson's in untreated sleep apnea patients?",
      "options": [
        "Nearly doubled risk",
        "No significant change",
        "Reduced by half",
        "Tripled risk"
      ],
      "correct_answer": "A"
    },
    {
      "question": "Which institutions were involved in leading this research study?",
      "options": [
        "Oregon Health & Science University and Portland VA",
        "National Institutes of Health and CDC",
        "Johns Hopkins and Cleveland Clinic",
        "Stanford and UCLA"
      ],
      "correct_answer": "A"
    },
    {
      "question": "What limitations might exist in using electronic health records for this type of study?",
      "options": [
        "Observational nature cannot establish causation",
        "Lack of demographic diversity",
        "Inability to track sleep patterns",
        "All of the above"
      ],
      "correct_answer": "D"
    },
    {
      "question": "How might CPAP therapy exert neuroprotective effects according to the authors?",
      "options": [
        "By maintaining normal oxygen levels and reducing neuronal stress",
        "By directly increasing neuron growth",
        "Through anti-inflammatory drug delivery",
        "By altering genetic expressions"
      ],
      "correct_answer": "A"
    },
    {
      "question": "What demographic group was primarily studied, and how might this affect generalizability?",
      "options": [
        "U.S. military veterans, potentially limiting to similar populations",
        "General public with no restrictions",
        "Children and adolescents",
        "International cohorts"
      ],
      "correct_answer": "A"
    },
    {
      "question": "What is the significance of adjusting for confounders like obesity and age in the analysis?",
      "options": [
        "To isolate the specific effect of sleep apnea on Parkinson's risk",
        "To increase the sample size",
        "To ensure all participants had sleep apnea",
        "To compare different treatment methods"
      ],
      "correct_answer": "A"
    },
    {
      "question": "How could this study influence future research directions in neurology?",
      "options": [
        "By prompting interventional studies on CPAP and neurodegeneration",
        "By focusing solely on genetic factors",
        "By disregarding sleep disorders",
        "By emphasizing surgical treatments"
      ],
      "correct_answer": "A"
    },
    {
      "question": "What critical assessment can be made regarding the evidence presented in the article?",
      "options": [
        "Strong association but correlational; needs experimental validation",
        "Definitive proof of causation",
        "Insufficient data for any conclusions",
        "Based solely on anecdotal evidence"
      ],
      "correct_answer": "A"
    }
  ],
  "background_read": [
    "Obstructive sleep apnea is a prevalent condition characterized by recurrent episodes of upper airway obstruction during sleep, leading to hypopneas or apneas that cause oxygen desaturation and sleep fragmentation. It is associated with various comorbidities, including cardiovascular diseases, metabolic syndromes, and cognitive impairments. Parkinson's disease is a complex neurodegenerative disorder involving the progressive loss of dopaminergic neurons in the substantia nigra, resulting in motor symptoms such as bradykinesia, rigidity, and tremor, as well as non-motor features like sleep disturbances and autonomic dysfunction. The etiology is multifactorial, involving genetic, environmental, and lifestyle factors. CPAP therapy is the gold standard for moderate to severe sleep apnea, functioning by providing positive airway pressure to stent the airway open, thereby reducing apnea-hypopnea index and improving nocturnal oxygenation. Previous epidemiological studies have suggested links between sleep disorders and neurodegenerative diseases, but this large-scale analysis provides compelling evidence for sleep apnea as a modifiable risk factor, emphasizing the need for integrative approaches in neurology and sleep medicine to address potential preventive strategies."
  ],
  "Article_Structure": [
    "This article's main points detail a significant correlation between untreated obstructive sleep apnea and a doubled risk of Parkinson's disease, derived from a vast dataset of veteran health records. The purpose extends beyond reporting findings to influencing clinical practice and public health policies by highlighting modifiable risk factors. Evidence evaluation notes the study's strength in large sample size and adjustment for confounders, but its observational design limits causal inferences, and reliance on EHRs may introduce biases. Author credibility is bolstered by affiliations with academic and VA institutions, though potential biases from funding or focus on veterans should be considered. Methodology employed a retrospective cohort analysis using statistical models to assess associations, providing robust epidemiological insights but lacking experimental controls. Critical assessment acknowledges the study's contribution to understanding sleep-neurodegeneration links but calls for randomized trials to confirm efficacy of CPAP in risk reduction and address generalizability issues beyond the veteran population."
  ],
  "perspectives": [
    {
      "perspective": "Epidemiological Perspective",
      "description": "Focuses on population-level data to identify risk patterns and inform public health interventions"
    },
    {
      "perspective": "Neurological Perspective",
      "description": "Examines the biological mechanisms linking sleep disruptions to neurodegeneration and potential therapeutic targets"
    },
    {
      "perspective": "Clinical Perspective",
      "description": "Discusses practical applications in patient management, including screening and treatment adherence for sleep disorders"
    },
    {
      "perspective": "Critical Perspective",
      "description": "Questions the limitations of observational studies and the need for further evidence to establish causality"
    }
  ],
  "image_url": "/article_images/article_a11af4aafa917620_3d0de2dbd05c.webp"
}