{
  "title": "Cold Weather Warnings for the New Year",
  "summary": "In the UK, weather experts have issued warnings for snow and ice as 2026 begins. This cold spell is expected to last over a week, causing travel problems with snow and blizzards. People are advised to be careful when going out, especially on New Year's Eve and into the weekend. Temperatures dropped very low in places like Scotland and Wales, making it feel very cold. Health alerts have been raised to amber for all of England, warning that cold weather can be dangerous, especially for older or vulnerable people. It's important to stay warm and safe during this time.",
  "keywords": [
    {
      "term": "warnings",
      "explanation": "alerts from experts to tell people about dangerous weather"
    },
    {
      "term": "snow",
      "explanation": "white flakes that fall from the sky and can make roads slippery"
    },
    {
      "term": "ice",
      "explanation": "frozen water that can be very slippery and cause accidents"
    },
    {
      "term": "travel disruption",
      "explanation": "problems that make it hard to go places, like delays or cancellations"
    },
    {
      "term": "amber alert",
      "explanation": "a serious warning level that means people need to be extra careful"
    },
    {
      "term": "temperatures",
      "explanation": "how hot or cold it is outside, measured in degrees"
    }
  ],
  "questions": [
    {
      "question": "What type of weather warnings have been issued for the UK?",
      "options": [
        "Snow and ice warnings",
        "Rain and wind warnings",
        "Sunshine warnings",
        "Fog warnings"
      ],
      "correct_answer": "Snow and ice warnings"
    },
    {
      "question": "How long is the cold spell expected to last?",
      "options": [
        "A few days",
        "Over a week",
        "One month",
        "Just one day"
      ],
      "correct_answer": "Over a week"
    },
    {
      "question": "What might happen because of the snow and ice?",
      "options": [
        "Travel disruption",
        "More sunshine",
        "Warmer weather",
        "No changes"
      ],
      "correct_answer": "Travel disruption"
    },
    {
      "question": "What color is the health alert for England?",
      "options": [
        "Green",
        "Amber",
        "Red",
        "Blue"
      ],
      "correct_answer": "Amber"
    },
    {
      "question": "Who is especially at risk during cold weather according to the alerts?",
      "options": [
        "Elderly and vulnerable people",
        "Only children",
        "Athletes",
        "Pets"
      ],
      "correct_answer": "Elderly and vulnerable people"
    },
    {
      "question": "What should people do during this cold spell?",
      "options": [
        "Stay warm and safe",
        "Go outside without a coat",
        "Ignore the warnings",
        "Travel a lot"
      ],
      "correct_answer": "Stay warm and safe"
    }
  ],
  "background_read": [
    "This article talks about cold weather in the UK at the start of 2026. Weather experts, like the Met Office, give warnings to help people stay safe. Snow and ice can make roads dangerous, so it's important to be careful when traveling. Health alerts remind us that cold weather can be harmful, especially for older people or those who are sick. By understanding these warnings, we can prepare and protect ourselves from the cold."
  ],
  "Article_Structure": [
    "WHO: Weather experts like the Met Office and UKHSA",
    "WHAT: Issued warnings for snow and ice causing travel problems and health risks",
    "WHERE: Across the UK, especially in Scotland, Wales, and England",
    "WHY: To keep people safe during a cold spell that lasts over a week"
  ],
  "perspectives": [
    {
      "perspective": "Safety",
      "description": "Focuses on protecting people from dangers like slippery roads and health issues in cold weather"
    }
  ],
  "image_url": "/article_images/article_e4f556214d616c19_d64753425c74.webp"
}