{
  "title": "Arctic Blast Brings Snow and Health Alerts to UK in 2026",
  "summary": "As 2026 begins, the UK is experiencing an Arctic blast, leading the Met Office to issue snow and ice warnings from New Year's Day through the weekend. This cold spell, expected to last over a week, poses significant risks including travel disruption with potential large snow accumulations and blizzards. Overnight temperatures have plummeted to as low as -9.6°C in Braemar, Scotland, marking some of the lowest readings this winter. In response, the UK Health Security Agency has upgraded cold health alerts to amber for all of England, effective until January 6. These alerts highlight increased dangers, such as higher mortality rates among elderly and vulnerable populations, challenges in maintaining warm indoor environments, and risks in healthcare settings. While New Year's Eve may be dry for most areas, snow showers are forecasted for northern Scotland and other regions, accompanied by strengthening northerly winds that exacerbate the cold feel. Maximum temperatures are projected to range from 0 to 7°C before dropping further, emphasizing the need for public awareness and preparedness during this extended period of severe weather.",
  "keywords": [
    {
      "term": "Arctic blast",
      "explanation": "a sudden influx of very cold air from the Arctic region, causing extreme weather conditions"
    },
    {
      "term": "Met Office",
      "explanation": "the UK's national weather service responsible for forecasting and issuing weather warnings"
    },
    {
      "term": "cold health alerts",
      "explanation": "warnings issued by health agencies to indicate risks to public health from low temperatures"
    },
    {
      "term": "amber alert",
      "explanation": "a mid-level warning indicating significant impacts that require caution and preparedness"
    },
    {
      "term": "travel disruption",
      "explanation": "interruptions to transportation systems due to adverse weather, such as delays or cancellations"
    },
    {
      "term": "mortality rates",
      "explanation": "the number of deaths in a population, which can increase during extreme cold spells"
    },
    {
      "term": "northerly wind",
      "explanation": "wind coming from the north, often bringing colder air and making temperatures feel lower"
    },
    {
      "term": "temperature range",
      "explanation": "the span between the lowest and highest temperatures expected over a period"
    }
  ],
  "questions": [
    {
      "question": "What organization issued the snow and ice warnings for the UK?",
      "options": [
        "Met Office",
        "BBC News",
        "UKHSA",
        "National Health Service"
      ],
      "correct_answer": "Met Office"
    },
    {
      "question": "How long are the cold health alerts in place for England?",
      "options": [
        "Until January 6",
        "For one day",
        "Until February",
        "Indefinitely"
      ],
      "correct_answer": "Until January 6"
    },
    {
      "question": "What is a key risk mentioned for elderly and vulnerable people during cold weather?",
      "options": [
        "Increased deaths",
        "Better health",
        "More outdoor activities",
        "Lower energy bills"
      ],
      "correct_answer": "Increased deaths"
    },
    {
      "question": "Which region is expected to experience snow showers on New Year's Eve?",
      "options": [
        "Northern Scotland",
        "Southern England",
        "London only",
        "All of Wales"
      ],
      "correct_answer": "Northern Scotland"
    },
    {
      "question": "What effect do northerly winds have on the perceived temperature?",
      "options": [
        "Make it feel colder",
        "Make it feel warmer",
        "No effect",
        "Cause rain"
      ],
      "correct_answer": "Make it feel colder"
    },
    {
      "question": "What is the projected maximum temperature range over the next few days?",
      "options": [
        "0 to 7°C",
        "-10 to 0°C",
        "10 to 20°C",
        "20 to 30°C"
      ],
      "correct_answer": "0 to 7°C"
    },
    {
      "question": "What type of alert has been upgraded to amber by the UKHSA?",
      "options": [
        "Cold health alerts",
        "Flood alerts",
        "Heat alerts",
        "Storm alerts"
      ],
      "correct_answer": "Cold health alerts"
    },
    {
      "question": "What is a consequence of cold weather mentioned for hospitals and care homes?",
      "options": [
        "Temperatures dropping below recommended levels",
        "Overheating",
        "Increased staffing",
        "Better ventilation"
      ],
      "correct_answer": "Temperatures dropping below recommended levels"
    }
  ],
  "background_read": [
    "This article discusses a severe cold weather event in the UK at the start of 2026, characterized by an Arctic blast. The Met Office, as the primary weather authority, has issued warnings for snow and ice, highlighting risks like travel disruption and blizzards. Concurrently, the UK Health Security Agency has elevated cold health alerts to amber across England, underscoring public health concerns such as elevated mortality among vulnerable groups and challenges in maintaining adequate indoor warmth. Understanding these alerts involves recognizing the roles of meteorological and health agencies in coordinating responses to extreme weather. The article also notes specific temperature drops and regional weather patterns, providing a comprehensive view of the situation's scope and urgency for middle school students learning about weather impacts and safety measures."
  ],
  "Article_Structure": [
    "Main Points: The article reports on snow and ice warnings from the Met Office due to an Arctic blast, causing travel issues and health risks, with amber cold health alerts issued by UKHSA. Purpose: To inform the public about severe weather conditions and associated dangers, promoting safety and preparedness. Evidence Evaluation: Relies on official data from the Met Office and UKHSA, including temperature records and alert levels, which are credible sources. Author Credibility: As a BBC News article, it likely uses verified information from authoritative agencies, though specific author details are not provided. Methodology: Based on weather forecasts, agency reports, and temperature measurements, presented in a factual manner to convey urgency."
  ],
  "perspectives": [
    {
      "perspective": "Public Safety",
      "description": "Emphasizes the importance of heeding warnings to prevent accidents and health issues during extreme cold"
    }
  ],
  "image_url": "/article_images/article_e4f556214d616c19_d64753425c74.webp"
}