{
  "title": "Teen Arrested in E-Bike Incident Affecting Pregnant Woman and Newborn",
  "summary": "A 13-year-old boy from Poole has been arrested following an e-bike hit-and-run incident that struck a pregnant woman on Herbert Avenue in late January. The collision occurred around 15:50 GMT, and while the woman sustained non-serious injuries, her baby was born in a serious condition and remains hospitalized. Dorset Police reported that the rider and a pillion passenger fled the scene, prompting an investigation. Sergeant Dan Yates expressed gratitude for public tips and continues to appeal for additional information. This case highlights issues of road safety, particularly involving young e-bike users, and the legal consequences of leaving an accident site. The incident underscores the need for responsible behavior and community cooperation in such emergencies.",
  "keywords": [
    {
      "term": "hit-and-run",
      "explanation": "a traffic incident where the responsible party leaves without providing aid or information"
    },
    {
      "term": "pillion passenger",
      "explanation": "a person riding on the back of a motorcycle or bike"
    },
    {
      "term": "arrested",
      "explanation": "taken into police custody due to suspicion of committing an offense"
    },
    {
      "term": "serious condition",
      "explanation": "a state of illness or injury that requires intensive medical care"
    },
    {
      "term": "investigation",
      "explanation": "a formal process by authorities to gather facts and evidence about an incident"
    },
    {
      "term": "road safety",
      "explanation": "measures and practices to prevent accidents and injuries on streets"
    }
  ],
  "questions": [
    {
      "question": "What is the age of the boy involved in the e-bike incident?",
      "options": [
        "11 years old",
        "13 years old",
        "14 years old",
        "16 years old"
      ],
      "correct_answer": "13 years old"
    },
    {
      "question": "Where did the hit-and-run take place?",
      "options": [
        "Herbert Avenue, Poole",
        "Manor Avenue, London",
        "Bournemouth Street",
        "Christchurch Road"
      ],
      "correct_answer": "Herbert Avenue, Poole"
    },
    {
      "question": "What was the condition of the baby after birth?",
      "options": [
        "Healthy",
        "In serious condition in hospital",
        "Discharged home",
        "Not born yet"
      ],
      "correct_answer": "In serious condition in hospital"
    },
    {
      "question": "Who thanked the public for providing information?",
      "options": [
        "The woman",
        "Sergeant Dan Yates",
        "The boy's family",
        "A doctor"
      ],
      "correct_answer": "Sergeant Dan Yates"
    },
    {
      "question": "What offense is the boy suspected of?",
      "options": [
        "Theft",
        "A driving offence",
        "Vandalism",
        "Assault"
      ],
      "correct_answer": "A driving offence"
    },
    {
      "question": "What time did the incident occur?",
      "options": [
        "Morning",
        "Around 15:50 GMT",
        "Evening",
        "Night"
      ],
      "correct_answer": "Around 15:50 GMT"
    },
    {
      "question": "What did the rider do after the collision?",
      "options": [
        "Stayed to help",
        "Called an ambulance",
        "Left the scene with a passenger",
        "Reported to police"
      ],
      "correct_answer": "Left the scene with a passenger"
    },
    {
      "question": "Why is the police still appealing for information?",
      "options": [
        "To find the baby",
        "To gather more details about the incident",
        "To arrest the woman",
        "To close the case"
      ],
      "correct_answer": "To gather more details about the incident"
    }
  ],
  "background_read": [
    "This article discusses a hit-and-run involving an e-bike and a pregnant woman in Poole. E-bikes are gaining popularity but raise safety concerns, especially with young riders who may not follow traffic laws. Hit-and-run incidents are serious offenses because they involve fleeing an accident scene, which can worsen outcomes for victims. In this case, the baby's serious condition adds complexity, highlighting potential legal and ethical issues. Police investigations rely on public cooperation, as seen with Sergeant Yates' appeal. Understanding such events helps emphasize the importance of accountability and safety measures in communities to prevent similar tragedies."
  ],
  "Article_Structure": [
    "Main Points: The article reports a 13-year-old boy arrested for an e-bike hit-and-run that injured a pregnant woman, leading to her baby being born in serious condition. Purpose: To inform the public about the incident, ongoing police investigation, and appeal for information, while highlighting road safety issues. Evidence Evaluation: Based on police statements and factual details like location and time, but lacks direct witness accounts or medical reports, making it reliable but limited. Author Credibility: BBC News is a reputable source known for accurate reporting, though the article is brief and may omit deeper context. Methodology: Information gathered from police reports and public statements, typical for news coverage of such events."
  ],
  "perspectives": [
    {
      "perspective": "Legal accountability",
      "description": "Focuses on the consequences for the boy and the importance of enforcing driving laws to prevent future incidents."
    }
  ],
  "image_url": "/article_images/article_1d2dc110ba228d43_da240fcac693.webp"
}