{
  "title": "Neurological Manipulation of Dream Content for Enhanced Creative Cognition",
  "summary": "A groundbreaking study conducted by neuroscientists at Northwestern University investigates the feasibility of influencing dream content to augment creative problem-solving capabilities. Utilizing targeted memory reactivation (TMR), researchers delivered auditory cues associated with unsolved puzzles during REM sleep, a phase characterized by vivid dreaming and cognitive processing. The experimental cohort comprised 20 individuals with prior lucid dreaming experience, who attempted challenging puzzles paired with distinct soundtracks in a controlled laboratory setting. Polysomnography confirmed sleep stages, enabling precise cue delivery during REM. Results indicated that 75% of participants incorporated puzzle-related elements into their dreams, with a statistically significant improvement in solving rates for cued puzzles (42%) versus non-cued puzzles (17%). While these findings suggest a correlation between dream manipulation and enhanced problem-solving, the study acknowledges confounding variables such as heightened curiosity. The research posits that sleep engineering, through techniques like TMR, could facilitate creative cognition, offering potential applications for addressing intricate global challenges by leveraging the brain's nocturnal processes.",
  "keywords": [
    {
      "term": "targeted memory reactivation",
      "explanation": "a neuroscientific technique employing sensory stimuli to reactivate specific memories during sleep, enhancing memory consolidation and cognitive processing"
    },
    {
      "term": "REM sleep",
      "explanation": "a sleep stage marked by rapid eye movements, increased brain activity, and vivid dreaming, implicated in emotional regulation and creative insight"
    },
    {
      "term": "lucid dreaming",
      "explanation": "a state of consciousness where individuals are aware they are dreaming, allowing for potential control over dream narratives"
    },
    {
      "term": "polysomnography",
      "explanation": "a comprehensive sleep study that records electrophysiological signals, including brain waves, eye movements, and muscle activity, to assess sleep architecture"
    },
    {
      "term": "cognitive neuroscience",
      "explanation": "an interdisciplinary field examining the neural mechanisms underlying cognitive functions such as memory, attention, and creativity"
    },
    {
      "term": "sleep engineering",
      "explanation": "the application of scientific methods to modulate sleep processes for therapeutic or enhancement purposes, such as improving learning or problem-solving"
    },
    {
      "term": "creative cognition",
      "explanation": "the mental processes involved in generating novel and valuable ideas, often studied in contexts like problem-solving and innovation"
    },
    {
      "term": "confounding variables",
      "explanation": "extraneous factors that may influence study outcomes, complicating causal inferences, such as participant motivation or environmental conditions"
    }
  ],
  "questions": [
    {
      "question": "What is the primary neurological technique employed in the study to influence dream content?",
      "options": [
        "targeted memory reactivation",
        "functional MRI",
        "electroconvulsive therapy",
        "neurofeedback"
      ],
      "correct_answer": "targeted memory reactivation"
    },
    {
      "question": "Which sleep stage was specifically targeted for cue delivery, and why is it significant for creativity?",
      "options": [
        "NREM stage 3 for deep sleep",
        "REM sleep for vivid dreaming and cognitive processing",
        "light sleep for memory consolidation",
        "all sleep stages equally"
      ],
      "correct_answer": "REM sleep for vivid dreaming and cognitive processing"
    },
    {
      "question": "How did researchers ensure precise timing of sound cue delivery during sleep?",
      "options": [
        "by guessing based on time elapsed",
        "using polysomnography to monitor sleep stages",
        "asking participants to signal when dreaming",
        "delivering cues at fixed intervals"
      ],
      "correct_answer": "using polysomnography to monitor sleep stages"
    },
    {
      "question": "What was the sample size and characteristic of participants in this study?",
      "options": [
        "20 individuals with lucid dreaming experience",
        "50 random volunteers",
        "10 children with no sleep issues",
        "30 elderly adults"
      ],
      "correct_answer": "20 individuals with lucid dreaming experience"
    },
    {
      "question": "What percentage improvement in puzzle-solving was observed for dream-related puzzles compared to others?",
      "options": [
        "42% vs 17%",
        "50% vs 30%",
        "30% vs 10%",
        "75% vs 50%"
      ],
      "correct_answer": "42% vs 17%"
    },
    {
      "question": "What limitation does the study acknowledge regarding the causal relationship between dreaming and problem-solving?",
      "options": [
        "small sample size prevents generalization",
        "confounding variables like curiosity may influence results",
        "lack of control group invalidates findings",
        "inadequate sleep monitoring tools"
      ],
      "correct_answer": "confounding variables like curiosity may influence results"
    },
    {
      "question": "Who are the key authors mentioned, and what are their roles?",
      "options": [
        "Karen Konkoly (lead author) and Ken Paller (senior author)",
        "James Padilla (lead author) and a postdoctoral researcher",
        "both are professors of psychology",
        "none are affiliated with Northwestern"
      ],
      "correct_answer": "Karen Konkoly (lead author) and Ken Paller (senior author)"
    },
    {
      "question": "What broader implication does the research suggest for addressing global challenges?",
      "options": [
        "sleep engineering could enhance creative solutions to complex problems",
        "improving athletic performance through dream control",
        "curing neurological disorders with TMR",
        "reducing sleep duration for productivity"
      ],
      "correct_answer": "sleep engineering could enhance creative solutions to complex problems"
    },
    {
      "question": "How did participants sometimes indicate awareness of sound cues within dreams?",
      "options": [
        "by using prearranged signals like sniffing patterns",
        "by waking up immediately",
        "by ignoring the sounds",
        "by solving puzzles in real-time"
      ],
      "correct_answer": "by using prearranged signals like sniffing patterns"
    },
    {
      "question": "What methodological aspect strengthens the study's validity despite its limitations?",
      "options": [
        "use of polysomnography for objective sleep staging",
        "reliance on self-reported dream accounts only",
        "inclusion of participants without lucid dreaming",
        "absence of sound cues in control conditions"
      ],
      "correct_answer": "use of polysomnography for objective sleep staging"
    }
  ],
  "background_read": [
    "Dreams have been a subject of scientific inquiry for decades, with research linking REM sleep to processes like memory consolidation, emotional processing, and creative insight. Targeted memory reactivation (TMR) is an emerging technique in cognitive neuroscience that uses sensory cues during sleep to enhance memory recall and learning. This study builds on foundational work in sleep science, exploring how TMR can be applied to manipulate dream content for cognitive enhancement. The involvement of participants with lucid dreaming experience allows for more reliable dream reporting and potential control, though it may limit generalizability. Understanding the neural mechanisms underlying dream influence contributes to fields such as psychology, neuroscience, and sleep medicine, with implications for developing interventions to boost creativity and problem-solving in educational or professional settings."
  ],
  "Article_Structure": [
    "Main Points: The study demonstrates that targeted memory reactivation during REM sleep can effectively guide dream content towards unsolved puzzles, correlating with improved problem-solving rates, though causal links are tempered by potential confounding factors. Purpose: To empirically test the hypothesis that dream manipulation via TMR can enhance creative cognition, with broader aims of advancing sleep engineering for practical applications in innovation and global issue resolution. Evidence Evaluation: Evidence includes quantitative metrics (e.g., 75% dream incorporation, 42% solve rate for cued puzzles) from a controlled experiment using polysomnography and TMR, but is critiqued for small sample size, participant selection bias (lucid dreamers), and correlation not implying causation. Author Credibility: Authors are established neuroscientists from Northwestern University, with Ken Paller as a professor and director, ensuring expertise, though potential biases towards promoting sleep engineering should be considered. Methodology: Utilized a within-subjects design with polysomnography for sleep staging, TMR with auditory cues during REM, pre- and post-sleep puzzle tasks, and dream narrative collection, emphasizing rigorous control but limited by reliance on self-report and specialized participant pool. Critical Assessment: Strengths include innovative application of TMR and objective sleep monitoring; limitations involve generalizability issues, correlation-based conclusions, and need for replication with diverse populations to validate findings for creative enhancement."
  ],
  "perspectives": [
    {
      "perspective": "academic critique",
      "description": "While the study offers promising insights into dream manipulation for creativity, it requires further research to establish causality and address methodological constraints for broader applicability."
    }
  ],
  "image_url": "/article_images/article_f94bbfbc32ae9200_836d6fa1a303.webp"
}