{
  "title": "Discovery of a Large-Scale Rotating Cosmic Filament: Implications for Galaxy Formation and Angular Momentum Transfer",
  "summary": "An international research consortium led by the University of Oxford has identified one of the most extensive rotating structures in the observable universe: a razor-thin alignment of 14 hydrogen-rich galaxies within a cosmic filament approximately 140 million light years distant. Cosmic filaments, constituting the fundamental architecture of the cosmic web, are colossal networks of galaxies and dark matter that channel matter and angular momentum, thereby influencing galactic spin and evolution. This filament, spanning about 50 million light years and encompassing over 280 galaxies, exhibits a coherent rotational pattern, with the central thin strand—measuring 5.5 million light years in length—demonstrating synchronized galaxy spins and an overall filament rotation speed estimated at 110 km/s. The structure is characterized as 'dynamically cold,' indicating minimal internal motion and a youthful, undisturbed state, which provides a pristine laboratory for investigating early galaxy formation processes. Utilizing data from the MeerKAT radio telescope, researchers analyzed atomic hydrogen emissions to trace gas dynamics, revealing how angular momentum propagates through the cosmic web and shapes galaxy rotation. This finding challenges prevailing cosmological models by suggesting that large-scale structures exert a more profound and prolonged influence on galaxy spin than previously theorized. Furthermore, it has potential applications in refining intrinsic alignment models for upcoming weak lensing surveys, such as those conducted by the Euclid mission and Vera C. Rubin Observatory, thereby advancing our comprehension of dark matter distribution and cosmic evolution.",
  "keywords": [
    {
      "term": "cosmic web",
      "explanation": "the large-scale structure of the universe composed of interconnected filaments, voids, and clusters of galaxies and dark matter"
    },
    {
      "term": "angular momentum transfer",
      "explanation": "the process by which rotational momentum is conveyed from larger cosmic structures to individual galaxies, affecting their spin dynamics"
    },
    {
      "term": "atomic hydrogen emissions",
      "explanation": "radio waves emitted by hydrogen atoms, used in astronomy to map gas distribution and motion in cosmic structures"
    },
    {
      "term": "dynamically cold state",
      "explanation": "a condition of low thermal and kinematic activity in a cosmic structure, suggesting it is in an early evolutionary phase with minimal disturbances"
    },
    {
      "term": "intrinsic alignments",
      "explanation": "systematic orientations of galaxies influenced by large-scale structures, which can bias weak lensing measurements in cosmological surveys"
    },
    {
      "term": "weak lensing surveys",
      "explanation": "observational techniques that measure gravitational lensing effects to infer dark matter distribution and test cosmological theories"
    },
    {
      "term": "galaxy spin acquisition",
      "explanation": "the mechanism by which galaxies obtain their rotational properties, often linked to tidal torques from surrounding cosmic structures"
    },
    {
      "term": "MeerKAT radio telescope",
      "explanation": "a sophisticated radio interferometer in South Africa, comprising 64 dishes, designed for high-sensitivity observations of radio emissions from celestial objects"
    },
    {
      "term": "cosmological models",
      "explanation": "theoretical frameworks describing the origin, evolution, and large-scale structure of the universe, often tested against observational data"
    },
    {
      "term": "dark matter distribution",
      "explanation": "the spatial arrangement of dark matter in the universe, which influences gravitational dynamics and structure formation"
    }
  ],
  "questions": [
    {
      "question": "What is the primary significance of the discovered cosmic filament in terms of galaxy dynamics?",
      "options": [
        "It demonstrates large-scale influence on galaxy spin acquisition",
        "It reveals new exoplanets in distant galaxies",
        "It proves the existence of dark energy",
        "It measures the exact age of the universe"
      ],
      "correct_answer": "It demonstrates large-scale influence on galaxy spin acquisition"
    },
    {
      "question": "How does the 'dynamically cold' state of the filament contribute to its scientific value?",
      "options": [
        "It indicates a young, undisturbed environment for studying early galaxy evolution",
        "It shows the filament is about to collapse into a black hole",
        "It means the filament is extremely hot and active",
        "It suggests the filament is devoid of galaxies"
      ],
      "correct_answer": "It indicates a young, undisturbed environment for studying early galaxy evolution"
    },
    {
      "question": "What methodological approach was used to detect and analyze the filament?",
      "options": [
        "Radio telescope observations of atomic hydrogen emissions",
        "Optical telescope imaging of visible light only",
        "Spacecraft missions to collect physical samples",
        "Computer simulations without observational data"
      ],
      "correct_answer": "Radio telescope observations of atomic hydrogen emissions"
    },
    {
      "question": "How might this discovery impact future cosmological research, particularly regarding weak lensing?",
      "options": [
        "Refine models of intrinsic alignments to improve survey accuracy",
        "Directly measure dark energy properties",
        "Discover new fundamental particles",
        "Map the entire Milky Way galaxy in detail"
      ],
      "correct_answer": "Refine models of intrinsic alignments to improve survey accuracy"
    },
    {
      "question": "What is the estimated rotation speed of the filament, and what does this imply about its dynamics?",
      "options": [
        "110 km/s, indicating coherent large-scale rotation",
        "50 km/s, suggesting random galaxy motions",
        "200 km/s, showing it is breaking apart",
        "10 km/s, implying it is static"
      ],
      "correct_answer": "110 km/s, indicating coherent large-scale rotation"
    },
    {
      "question": "Why are hydrogen-rich galaxies emphasized in this study?",
      "options": [
        "They serve as effective tracers for gas flow and angular momentum transfer",
        "They are the oldest galaxies in the universe",
        "They contain no dark matter",
        "They are located only in our solar system"
      ],
      "correct_answer": "They serve as effective tracers for gas flow and angular momentum transfer"
    },
    {
      "question": "What challenge does this discovery pose to existing cosmological models?",
      "options": [
        "It suggests large-scale structures shape galaxy rotation more strongly than believed",
        "It disproves the existence of cosmic filaments",
        "It shows galaxies form independently of dark matter",
        "It indicates the universe is not expanding"
      ],
      "correct_answer": "It suggests large-scale structures shape galaxy rotation more strongly than believed"
    },
    {
      "question": "Which astronomical facilities are mentioned as benefiting from this research in future surveys?",
      "options": [
        "Euclid spacecraft and Vera C. Rubin Observatory",
        "Hubble Space Telescope and James Webb Space Telescope",
        "International Space Station and Mars rovers",
        "Arecibo Observatory and ALMA"
      ],
      "correct_answer": "Euclid spacecraft and Vera C. Rubin Observatory"
    },
    {
      "question": "What is the role of angular momentum in the context of this discovery?",
      "options": [
        "It is transferred from cosmic filaments to galaxies, influencing their spin",
        "It causes galaxies to move in random directions",
        "It is only relevant for star formation within galaxies",
        "It is measured solely by optical telescopes"
      ],
      "correct_answer": "It is transferred from cosmic filaments to galaxies, influencing their spin"
    },
    {
      "question": "How does the filament's structure, with galaxies on opposite sides moving oppositely, support the finding of rotation?",
      "options": [
        "It indicates a coherent rotational motion of the entire filament",
        "It shows galaxies are colliding with each other",
        "It proves the filament is not rotating",
        "It suggests the filament is splitting into two parts"
      ],
      "correct_answer": "It indicates a coherent rotational motion of the entire filament"
    }
  ],
  "background_read": [
    "The cosmic web framework posits that the universe's large-scale structure is dominated by filaments, voids, and clusters, with filaments acting as conduits for baryonic and dark matter. Galaxy formation theories often incorporate tidal torque theory, where angular momentum is imparted during structure formation. Observational astronomy leverages tools like radio telescopes to detect neutral hydrogen via the 21-cm line, enabling studies of gas dynamics and cosmic evolution. Weak lensing surveys, such as those planned for Euclid and Rubin Observatory, rely on accurate models of intrinsic alignments to mitigate biases in dark matter mapping. This research intersects with cosmology, astrophysics, and instrumentation, advancing our understanding of hierarchical structure formation and the role of angular momentum in galaxy evolution."
  ],
  "Article_Structure": [
    "Main Points: The article details the discovery of a massive rotating cosmic filament with aligned galaxy spins, challenging existing models by highlighting the significant role of large-scale structures in galaxy spin acquisition. Purpose: To advance understanding of galaxy formation processes, angular momentum transfer in the cosmic web, and to inform future cosmological surveys. Evidence Evaluation: Robust evidence from MeerKAT radio telescope data on hydrogen emissions provides reliable tracers of gas flow, though the study's focus on a single nearby filament may limit generalizability. Author Credibility: Researchers from prestigious institutions like University of Oxford and Cambridge, with expertise in astrophysics, enhance credibility through peer-reviewed publication. Methodology: Employed radio interferometry to observe atomic hydrogen, combined with dynamical modeling to estimate rotation parameters and analyze galaxy alignments. Critical Assessment: Strengths include high-quality observational data and interdisciplinary implications, but limitations involve potential selection biases and the need for broader sample studies to confirm findings across the universe."
  ],
  "perspectives": [
    {
      "perspective": "Cosmological Advancement",
      "description": "This discovery provides empirical data to refine theories on structure formation and angular momentum dynamics in the universe."
    }
  ],
  "image_url": "/article_images/article_b21eb24d0902c036_65c7b5aa155c.webp"
}