{
  "title": "An Analytical Review of 2025's Christmas Cinema: Evaluating Festive Film Trends",
  "summary": "This article from BBC Entertainment presents a critical analysis of emerging Christmas films in 2025, with the author engaging in a binge-watching marathon to assess their cultural and entertainment value. It examines two primary releases: a film featuring the Jonas Brothers, who are depicted as stranded in the UK and must navigate challenges posed by an antagonistic Santa to reunite for Christmas, exploring themes of familial bonds and resilience. Concurrently, it reviews a pantomime-inspired film starring Kiefer Sutherland as Brad Mack, a disillusioned action hero coerced into a theatrical performance, supported by an ensemble cast including Rebel Wilson and Derek Jacobi, which deconstructs traditional holiday tropes through meta-humor and satire. The author employs a Christmas tree rating system to qualitatively evaluate each film's merits, noting distinctions in audience appeal—for instance, the Jonas Brothers film may resonate more with dedicated fans due to its niche references, whereas the pantomime film leverages British cultural elements for broader comedic effect. The review situates these films within the broader context of holiday cinema, comparing them to classics like Home Alone and Elf, and discusses their potential to become enduring favorites or fleeting novelties. By integrating personal viewing experiences with observations on narrative structure, character development, and thematic depth, the article serves as a nuanced commentary on contemporary festive media, addressing both artistic intentions and consumer reception in the digital age.",
  "keywords": [
    {
      "term": "cultural value",
      "explanation": "the significance of a film in reflecting or influencing societal norms, traditions, and identities"
    },
    {
      "term": "meta-humor",
      "explanation": "a form of comedy that self-referentially comments on its own medium or conventions"
    },
    {
      "term": "antagonistic Santa",
      "explanation": "a narrative device where Santa Claus is portrayed as a villain or obstacle, subverting traditional depictions"
    },
    {
      "term": "ensemble cast",
      "explanation": "a group of actors with significant roles, often used to enhance storytelling through diverse characters"
    },
    {
      "term": "qualitative evaluation",
      "explanation": "an assessment based on subjective qualities like enjoyment or artistic merit, rather than quantitative data"
    }
  ],
  "questions": [
    {
      "question": "What methodological approach does the author use to review the Christmas films?",
      "options": [
        "A binge-watching marathon in one day",
        "Statistical analysis of viewer ratings",
        "Interviews with film directors",
        "Historical comparison to past decades"
      ],
      "correct_answer": "A binge-watching marathon in one day"
    },
    {
      "question": "How does the Jonas Brothers film subvert typical Christmas movie tropes?",
      "options": [
        "By featuring an evil Santa as an antagonist",
        "By focusing solely on musical performances",
        "By avoiding any holiday themes entirely",
        "By setting it in a non-festive season"
      ],
      "correct_answer": "By featuring an evil Santa as an antagonist"
    },
    {
      "question": "What critical lens does the author apply to the pantomime film starring Kiefer Sutherland?",
      "options": [
        "Analysis of meta-humor and cultural satire",
        "Evaluation of scientific accuracy",
        "Focus on political messaging",
        "Assessment of technological effects"
      ],
      "correct_answer": "Analysis of meta-humor and cultural satire"
    },
    {
      "question": "How does the Christmas tree rating system function in the article?",
      "options": [
        "As a qualitative tool to gauge film appeal based on subjective criteria",
        "As a quantitative measure of box office success",
        "As a method to compare film lengths",
        "As a way to rank actors' performances numerically"
      ],
      "correct_answer": "As a qualitative tool to gauge film appeal based on subjective criteria"
    },
    {
      "question": "What broader context does the article provide for evaluating the films?",
      "options": [
        "Comparison to classic Christmas movies and holiday cinema trends",
        "Discussion of global economic impacts on film production",
        "Analysis of environmental themes in media",
        "Exploration of technological advancements in filming"
      ],
      "correct_answer": "Comparison to classic Christmas movies and holiday cinema trends"
    },
    {
      "question": "Which element of the pantomime film highlights its engagement with British culture?",
      "options": [
        "Use of traditional catchphrases and theatrical conventions",
        "Inclusion of American action hero tropes",
        "Focus on international travel narratives",
        "Emphasis on digital streaming platforms"
      ],
      "correct_answer": "Use of traditional catchphrases and theatrical conventions"
    },
    {
      "question": "What is a key limitation noted in the author's review methodology?",
      "options": [
        "Reliance on subjective personal viewing without broader audience data",
        "Lack of access to film production details",
        "Exclusion of non-English language films",
        "Overemphasis on critical acclaim over entertainment value"
      ],
      "correct_answer": "Reliance on subjective personal viewing without broader audience data"
    },
    {
      "question": "How does the article address the potential longevity of the reviewed films?",
      "options": [
        "By assessing their appeal to niche versus general audiences and cultural relevance",
        "By predicting their awards season success",
        "By analyzing marketing strategies only",
        "By focusing solely on box office projections"
      ],
      "correct_answer": "By assessing their appeal to niche versus general audiences and cultural relevance"
    },
    {
      "question": "What role does the ensemble cast play in the pantomime film's narrative?",
      "options": [
        "It enhances comedic depth and character interactions",
        "It simplifies the plot for younger viewers",
        "It reduces production costs significantly",
        "It focuses on individual star power over story"
      ],
      "correct_answer": "It enhances comedic depth and character interactions"
    },
    {
      "question": "How does the author integrate personal experience with critical analysis in the review?",
      "options": [
        "By combining firsthand viewing impressions with thematic and cultural evaluations",
        "By relying exclusively on external critic opinions",
        "By avoiding any personal bias in the assessment",
        "By using only quantitative data from surveys"
      ],
      "correct_answer": "By combining firsthand viewing impressions with thematic and cultural evaluations"
    }
  ],
  "background_read": [
    "Christmas cinema has evolved from simple holiday tales to complex narratives that reflect cultural shifts and audience expectations. In 2025, films like those reviewed in this article from BBC Entertainment represent trends in meta-commentary and genre blending, such as incorporating pantomime—a British theatrical form with roots in commedia dell'arte—into mainstream media. The author, presumably an entertainment critic, employs a qualitative review methodology, binge-watching to provide immersive insights, though this approach may introduce subjective bias. Understanding concepts like cultural value, which assesses a film's impact on societal norms, and meta-humor, which critiques cinematic conventions, is essential for analyzing these works. The Christmas tree rating system exemplifies innovative critique tools in digital journalism, while references to Rotten Tomatoes add credibility by linking to aggregated reviews. This background enables a deeper appreciation of how the article evaluates films not just as entertainment, but as artifacts within the broader landscape of festive media and consumer culture."
  ],
  "Article_Structure": [
    "Main Points: The article critically analyzes two 2025 Christmas films—the Jonas Brothers' adventure with an evil Santa and Kiefer Sutherland's pantomime meta-comedy—using a Christmas tree rating to discuss themes like brotherhood and cultural satire. Purpose: To provide a nuanced review that guides viewers and comments on holiday cinema trends within a broader cultural context. Evidence Evaluation: Relies on the author's subjective binge-watching experience, supplemented by references to Rotten Tomatoes, but lacks quantitative data or diverse critical perspectives. Author Credibility: As a BBC entertainment journalist, the author brings expertise in media criticism, though potential biases from personal preferences may affect objectivity. Methodology: Involves watching multiple films in one day, focusing on narrative elements, humor, and audience appeal, with a qualitative assessment approach. Critical Assessment: Strengths include engaging analysis and creative rating systems, but limitations involve subjective bias and insufficient consideration of production aspects or wider audience reception."
  ],
  "perspectives": [
    {
      "perspective": "Cultural Critique",
      "description": "The article examines how the films engage with and subvert holiday traditions, offering insights into their societal implications and entertainment value."
    }
  ],
  "image_url": "/article_images/article_9c8b79490031957c_c378850fec3d.webp"
}