{
  "title": "Economic Pressures and Shifting Consumer Habits: The Transformation of Boxing Day Retail",
  "summary": "The Boxing Day sales in the UK have witnessed a continued downturn, characterized by muted footfall in brick-and-mortar establishments and a projected decrease in consumer expenditure. Data from MRI Software reveals a 1.5% decline in high street visits and a 0.6% fall in shopping center traffic, with retail parks experiencing a modest 6.7% increase that fails to offset overall reductions. Barclays anticipates total spending to drop to £3.6 billion, a significant reduction from the £4.6 billion forecast for 2024, accompanied by a decline in online sales. This trend is attributed to heightened cost-consciousness among consumers, exacerbated by economic uncertainties and fiscal policies, including Chancellor Rachel Reeves' announcement of substantial tax rises. Major retailers such as Next and John Lewis opted to close their stores on Boxing Day, reflecting strategic adaptations to evolving market dynamics. Qualitative insights from shoppers indicate a preference for subdued environments, while analysts like Diane Wehrle emphasize the impact of pre-Budget apprehensions on spending behavior. The article underscores a paradigm shift in holiday retail, where digital platforms are increasingly supplanting traditional physical shopping experiences.",
  "keywords": [
    {
      "term": "muted footfall",
      "explanation": "A subdued or reduced number of people visiting physical locations, indicating lower engagement"
    },
    {
      "term": "consumer expenditure",
      "explanation": "The total amount of money spent by individuals on goods and services"
    },
    {
      "term": "fiscal policies",
      "explanation": "Government strategies related to taxation and public spending that influence economic conditions"
    },
    {
      "term": "cost-consciousness",
      "explanation": "A behavioral tendency to minimize expenses due to financial constraints or uncertainties"
    },
    {
      "term": "market dynamics",
      "explanation": "The forces and factors that affect supply and demand in an economic market"
    },
    {
      "term": "paradigm shift",
      "explanation": "A fundamental change in approach or underlying assumptions within a field"
    },
    {
      "term": "digital platforms",
      "explanation": "Online systems and technologies that facilitate commerce and communication"
    },
    {
      "term": "qualitative insights",
      "explanation": "Information derived from non-numerical data, such as interviews or observations, to understand behaviors"
    },
    {
      "term": "strategic adaptations",
      "explanation": "Deliberate changes made by organizations to respond to external challenges or opportunities"
    },
    {
      "term": "economic uncertainties",
      "explanation": "Conditions of unpredictability in the economy that affect decision-making and confidence"
    }
  ],
  "questions": [
    {
      "question": "What specific percentage decline in high street visits is reported by MRI Software for Boxing Day?",
      "options": [
        "0.6%",
        "1.5%",
        "6.7%",
        "3.6%"
      ],
      "correct_answer": "B"
    },
    {
      "question": "How does the increase in retail park footfall compare to the overall trend in visitor numbers?",
      "options": [
        "It fully compensates for declines elsewhere",
        "It is insignificant and does not offset reductions",
        "It shows a major bump in overall visits",
        "It indicates a shift to outdoor shopping only"
      ],
      "correct_answer": "B"
    },
    {
      "question": "What is the forecasted total spending on Boxing Day sales according to Barclays?",
      "options": [
        "£4.6 billion",
        "£3.6 billion",
        "£26 billion",
        "£17 billion"
      ],
      "correct_answer": "B"
    },
    {
      "question": "Which economic factor is highlighted as influencing consumer cost-consciousness?",
      "options": [
        "Tax rises announced by Chancellor Rachel Reeves",
        "Increased online shopping options",
        "Store closures by major brands",
        "Shopper preferences for quiet atmospheres"
      ],
      "correct_answer": "A"
    },
    {
      "question": "What strategic response did retailers like Next and John Lewis adopt on Boxing Day?",
      "options": [
        "Expanding online sales",
        "Closing physical stores",
        "Increasing footfall promotions",
        "Offering exclusive discounts"
      ],
      "correct_answer": "B"
    },
    {
      "question": "How do qualitative insights from shoppers contribute to understanding the Boxing Day trend?",
      "options": [
        "They reveal a preference for subdued shopping experiences",
        "They show increased bargain hunting",
        "They indicate a rejection of online shopping",
        "They highlight demand for more store openings"
      ],
      "correct_answer": "A"
    },
    {
      "question": "What does Diane Wehrle attribute to the pullback in consumer spending before Christmas?",
      "options": [
        "Nervousness pre-Budget in November",
        "The rise of retail parks",
        "Tradition of family shopping",
        "Increased tax rates immediately"
      ],
      "correct_answer": "A"
    },
    {
      "question": "What broader shift in retail is implied by the article's analysis?",
      "options": [
        "A move from physical to digital shopping platforms",
        "A resurgence of brick-and-mortar stores",
        "Stabilization of holiday spending patterns",
        "Elimination of sales events altogether"
      ],
      "correct_answer": "A"
    },
    {
      "question": "How does the article evaluate the evidence from MRI Software and Barclays?",
      "options": [
        "As credible but limited to short-term data",
        "As comprehensive and long-term",
        "As biased towards online shopping",
        "As irrelevant to economic trends"
      ],
      "correct_answer": "A"
    },
    {
      "question": "What critical assessment can be made about the article's methodology?",
      "options": [
        "It effectively combines data and interviews but may lack longitudinal analysis",
        "It relies solely on quantitative data without qualitative input",
        "It ignores economic factors entirely",
        "It focuses only on shopper perspectives without expert input"
      ],
      "correct_answer": "A"
    }
  ],
  "background_read": [
    "Boxing Day sales in the UK have long been a cornerstone of post-Christmas retail, but recent years have seen a decline driven by multiple factors. The proliferation of e-commerce, accelerated by the COVID-19 pandemic, has reshaped consumer preferences towards convenience and online bargains. Concurrently, economic pressures such as inflation, rising living costs, and governmental fiscal policies, including tax adjustments, have heightened financial caution among households. Retailers are responding with strategic closures and digital transformations. This context is essential for analyzing the article's findings, as it situates the Boxing Day downturn within broader trends of digital disruption and macroeconomic volatility, offering insights into future retail adaptations and consumer behavior shifts."
  ],
  "Article_Structure": [
    "Main Points: The article details a decline in Boxing Day retail activity, with reduced physical footfall and spending, linked to online shopping growth and economic anxieties like tax policies. Purpose: To analyze the transformation of holiday shopping patterns and inform on economic and retail trends. Evidence Evaluation: Uses credible data from MRI Software and Barclays, but relies on forecasts and short-term metrics, potentially overlooking long-term trends. Author Credibility: The BBC provides reputable journalism, supplemented by expert quotes enhancing reliability. Methodology: Combines quantitative footfall data and spending forecasts with qualitative shopper and expert interviews, offering a balanced but time-limited perspective. Critical Assessment: Strengths include multi-source evidence and contextual economic analysis; limitations involve a focus on immediate data without deeper historical comparison or consideration of global retail shifts."
  ],
  "perspectives": [
    {
      "perspective": "Shopper experiential perspective",
      "description": "Consumers value the altered Boxing Day environment for its reduced crowds and personalized pace, indicating a cultural shift in holiday engagement."
    },
    {
      "perspective": "Economic analytical perspective",
      "description": "Analysts connect the retail downturn to macroeconomic factors such as fiscal policies and pre-Budget uncertainties, suggesting structural economic influences on consumer behavior."
    }
  ],
  "image_url": "/article_images/article_dac3a146071edebf_ba62d64dd403.webp"
}