{
  "articles": [
    {
      "id": "30e43bd950e7dcea",
      "title": "Sombr's Dual Identity in Modern Music",
      "summary": "Sombr, a 20-year-old alt-pop singer, has achieved significant recognition by placing third on BBC Radio 1's Sound of 2026 list, highlighting his potential as a major new artist. His rapid rise includes viral success on TikTok, sold-out tours, appearances on shows like Jimmy Fallon, and endorsements from stars like Taylor Swift, with hits in both the US and UK. He is shortlisted for a Grammy Award for best new artist, which could mark his biggest breakthrough. At the MTV Video Music Awards, he won a Moonman trophy and performed two contrasting songs: 'Back to Friends,' a rock-influenced, angst-filled track where he appeared as a moody indie figure, and '12 to 12,' a disco-inspired pop number with dancers and a glitterball, showcasing his versatility. This duality defines Sombr: he is both a tortured indie artist, drawing from influences like Jeff Buckley and Radiohead, and a polished pop star akin to Harry Styles. In today's genre-fluid music scene, he demonstrates that artists can blend cool, alternative elements with mainstream appeal without choosing sides, reflecting broader trends in contemporary music.",
      "source": "BBC Entertainment",
      "time_ago": "5 hours ago",
      "image_url": "/article_images/article_30e43bd950e7dcea_3c23f0991dc4.webp",
      "category": "Fun"
    },
    {
      "id": "225ccc49758626f2",
      "title": "Advancing Technology with Quantum Structured Light",
      "summary": "Quantum structured light is an emerging field that combines quantum information science with engineered light patterns to enhance how data is transmitted and processed. By controlling properties like polarization, spatial modes, and frequency, scientists create high-dimensional quantum states called qudits, which replace traditional qubits and allow photons to carry more information. This innovation boosts security in quantum communication by enabling multiple channels and reducing errors, while in quantum computing, it simplifies circuits and accelerates processing for complex simulations. Additionally, it advances imaging and sensing, such as through holographic quantum microscopes for biological samples and sensitive sensors using quantum correlations. The field has grown significantly over two decades, with compact on-chip sources now available, but challenges like limited transmission distance persist. Researchers from institutions like UAB and the University of the Witwatersrand, supported by the Catalonia Quantum Academy, highlight its transition from curiosity to practical tool, with applications in cryptography and material discovery.",
      "source": "Science Daily - Technology",
      "time_ago": "11 hours ago",
      "image_url": "/article_images/article_225ccc49758626f2_0bce1e037134.webp",
      "category": "Fun"
    },
    {
      "id": "2c4f9d2e573c65b7",
      "title": "Studying Pulsar Scintillation to Improve Astronomical Accuracy",
      "summary": "A research team from the SETI Institute conducted a nearly year-long study of the pulsar PSR J0332+5434 to investigate scintillation, the phenomenon where radio signals twinkle as they pass through interstellar gas clouds. Using the Allen Telescope Array, they collected data across frequencies from 900 to 1956 MHz over about 300 days, observing daily changes in scintillation bandwidth. They discovered that scintillation strength varied from days to months, with an overall cycle of approximately 200 days. Pulsars, which are dense remnants of exploded stars, emit regular radio pulses; scintillation causes slight delays in these pulses due to scattering by electrons in space. By monitoring these patterns, the team developed timing corrections to enhance accuracy for pulsar-based experiments. This research not only advances pulsar science but also aids SETI efforts by helping distinguish natural cosmic signals from artificial ones, as scintillation affects all radio transmissions through space. The study introduced a new method to estimate frequency-dependent scintillation, leveraging the ATA's wide bandwidth capabilities.",
      "source": "Science Daily - Technology",
      "time_ago": "13 hours ago",
      "image_url": "/article_images/article_2c4f9d2e573c65b7_cd503c6cab19.webp",
      "category": "Fun"
    },
    {
      "id": "592fe227bd154737",
      "title": "Charlotte Church Reflects on Her Father's Role in Her Life and Career",
      "summary": "Charlotte Church, a singer who gained global fame at age 11, recently discussed on Deborah Thomas's podcast how her father, James Church, was instrumental in her survival and success. She credits him with helping her navigate the difficult path of being a child star, which she describes as arduous and filled with temptations that could have led to addiction. Her father joined her and her mother on tour after a year, serving as a nurturing figure who provided emotional stability while her mother managed the business aspects. He grounded her by emphasizing the transient nature of fame and encouraging her to enjoy the moment. Currently, James Church is battling a terminal diagnosis of amyloidosis, a rare blood disorder, and has faced multiple near-death experiences over the past nine years. Charlotte is creating a photo album to honor him and express how he has shaped her identity. This interview highlights the critical role of family support in the entertainment industry and the personal challenges of dealing with a loved one's illness.",
      "source": "BBC Entertainment",
      "time_ago": "18 hours ago",
      "image_url": "/article_images/article_592fe227bd154737_597cf43b6a72.webp",
      "category": "Fun"
    },
    {
      "id": "ce615281d6e3f6d8",
      "title": "Ashley Tisdale's Experience with Toxic Mom Groups",
      "summary": "Ashley Tisdale, a 40-year-old actress and singer known for roles in Disney Channel and High School Musical, has publicly discussed her decision to leave a 'toxic mom group.' After the birth of her first daughter in 2021, she initially found value in having a 'village of moms' for support. However, the group's dynamics shifted, resembling high school cliques, where she felt 'frozen out' and excluded by some members. Tisdale noticed social events occurring without her and a growing distance, which reminded her of past negative experiences. She described feeling not 'cool enough' and decided to cut ties, sending a message to the group stating it was 'too high school' for her. Although her message was not well-received initially, some mothers attempted to reconcile. Tisdale emphasized that the group had become unhealthy for her, though she did not label the individuals as bad people. Her story, shared in an article for the Cut adapted from her blog, resonated with many women who had similar experiences, highlighting the challenges of maintaining positive social connections in motherhood.",
      "source": "BBC Entertainment",
      "time_ago": "23 hours ago",
      "image_url": "/article_images/article_ce615281d6e3f6d8_62516ae0580d.webp",
      "category": "Fun"
    },
    {
      "id": "68917b2e6aeacfab",
      "title": "Record Prize Money at Australian Open Fails to Satisfy Player Demands",
      "summary": "The 2026 Australian Open, starting on January 18, is offering a record prize pot of £55 million (A$111.5 million), representing a 16% increase from the previous year. This makes it the largest player fund in the tournament's history, with singles champions receiving $4.15 million each, a 19% rise. All participants in singles and doubles will see a minimum 10% increase in earnings. Tennis Australia CEO Craig Tiley stated that this boost demonstrates their commitment to supporting tennis careers at every level. However, a group of leading players, including stars like Jannik Sinner and Aryna Sabalenka, are reportedly disappointed. They have been pressuring Grand Slam tournaments since October for higher prize money relative to revenue and improved player welfare, such as pensions and healthcare. According to a source, their key demands have been largely ignored. Financial reports indicate that the Australian Open's prize money constitutes about 16% of Tennis Australia's revenue, similar to the US Open's share but higher than Wimbledon's. Players argue for a greater ratio and more consultation on sport structure, highlighting ongoing tensions between athletes and tournament organizers over fair compensation.",
      "source": "BBC Tennis",
      "time_ago": "1 day ago",
      "image_url": "/article_images/article_68917b2e6aeacfab_28114aadd6da.webp",
      "category": "Fun"
    }
  ]
}