{
  "articles": [
    {
      "id": "56349bf180e3aa34",
      "title": "Decoding Martian Climate History: Evidence of a Recent Ice Age from Orbital Imagery",
      "summary": "Advanced imagery from the High Resolution Stereo Camera on ESA's Mars Express spacecraft has unveiled detailed evidence of a recent ice age on Mars, centered on the Coloe Fossae region at approximately 39°N latitude. The images depict long, parallel grooves and surface textures, identified as lineated valley fill and concentric crater fill, which are indicative of past glacial activity involving the slow movement of ice-debris mixtures. These features result from natural climatic cycles driven by variations in Mars's orbital parameters and axial tilt, causing periodic advances and retreats of ice from the polar regions into mid-latitudes. Scientific analysis suggests that the most recent Martian ice age concluded around half a million years ago, highlighting a global climate shift. This discovery not only elucidates Mars's climatic evolution but also provides a comparative framework for understanding terrestrial ice ages, emphasizing the role of astronomical forcings in planetary climate systems. The findings underscore the importance of remote sensing in reconstructing paleoclimates and assessing the potential for similar processes on other celestial bodies.",
      "source": "Science Daily",
      "time_ago": "1 hour ago",
      "image_url": "/article_images/article_56349bf180e3aa34_47db4e63bfcd.webp",
      "category": "Science"
    },
    {
      "id": "948cf7aac47ef2c1",
      "title": "Interdisciplinary Insights: A Novel Deep-Sea Hydrothermal-Methane Hybrid System and Its Implications",
      "summary": "A recent study published in Scientific Reports unveils the discovery of Karambusel, a pioneering deep-sea site off Papua New Guinea where hydrothermal vents and methane seeps occur in close proximity, a phenomenon previously unrecorded. Situated at 1,300 meters depth on Conical Seamount, this hybrid system arises from magmatic heat interacting with organic-rich sediments, facilitating the concurrent emission of hot, mineral-laden fluids and cool methane gases. This unique configuration fosters an exceptionally biodiverse assemblage, dominated by Bathymodiolus mussels and including tube worms, shrimp, amphipods, and purple sea cucumbers, with indications of undescribed species. Led by Dr. Philipp Brandl of GEOMAR Helmholtz Centre, the SONNE expedition SO299 employed the ROV Kiel 6000 for detailed mapping, revealing geological anomalies such as accumulations of gold, silver, and toxic elements, suggestive of historical high-temperature hydrothermal processes. Despite its scientific significance, the site faces imminent threats from adjacent mining activities, including waste discharge from the Ladolam gold mine, underscoring the delicate interplay between resource exploitation and ecosystem preservation. This finding not only expands our understanding of deep-sea biogeochemical cycles but also emphasizes the urgent need for integrated conservation strategies in marine environments vulnerable to anthropogenic impacts.",
      "source": "Science Daily",
      "time_ago": "3 hours ago",
      "image_url": "/article_images/article_948cf7aac47ef2c1_16723812403f.webp",
      "category": "Science"
    },
    {
      "id": "eaf7212f59493ec4",
      "title": "The Interplay of Body Composition and Neurobiological Aging",
      "summary": "A comprehensive study examining 1,164 healthy adults with a mean age of 55.17 years has demonstrated that higher muscle mass and a lower visceral fat to muscle ratio are associated with a younger predicted brain age, as determined through advanced MRI and artificial intelligence analyses. Researchers utilized whole-body MRI, including T1-weighted sequences, to quantify muscle volume, visceral fat, subcutaneous fat, and brain structure, employing an AI algorithm for precise measurements. The results indicate that visceral fat, but not subcutaneous fat, significantly correlates with increased brain age, underscoring the metabolic implications of deep abdominal fat on neurological health. This correlation suggests that interventions aimed at modifying body composition could mitigate risks for neurodegenerative diseases like Alzheimer's. Dr. Cyrus Raji, the senior author, notes that these findings validate hypotheses linking physical biomarkers to brain health and could guide the development of metabolic therapies, such as next-generation GLP-1 drugs designed to reduce visceral fat while preserving muscle mass. The study's implications extend to public health strategies, emphasizing the integration of body composition assessments in preventive medicine to foster cognitive resilience against aging.",
      "source": "Science Daily",
      "time_ago": "20 hours ago",
      "image_url": "/article_images/article_eaf7212f59493ec4_813cec5cd969.webp",
      "category": "Science"
    },
    {
      "id": "cee04e3342dac915",
      "title": "Thermodynamic Instabilities in Subsurface Oceans of Icy Moons",
      "summary": "A groundbreaking study in Nature Astronomy investigates the thermodynamic consequences of ocean formation on icy moons, revealing that shrinkage during ice melting can induce boiling in subsurface waters. Icy moons, such as Europa and Enceladus, possess hypothesized oceans driven by tidal heating from gravitational interactions, which are not static but subject to orbital cycles causing periodic melting and refreezing. The density disparity between ice and liquid water—approximately 10%—results in volumetric contraction upon melting, generating a low-pressure region beneath the elastic ice shell. Researchers employed a generalized model incorporating an elastic surface, viscous ice substrata, a liquid ocean, and a rocky core to analyze stress distributions and pressure dynamics at the ice-ocean interface. Their findings indicate that on smaller moons with reduced gravitational acceleration, the underpressure suffices to lower the boiling point, facilitating ebullition and degassing of dissolved volatiles. In contrast, larger moons like Europa may experience maintained liquification or structural failure due to higher gravitational forces. This analysis underscores the transient nature of extraterrestrial hydrospheres, challenging assumptions of perpetual oceans and emphasizing the role of celestial mechanics in shaping geological and potential biological habitats. The implications extend to future exploration strategies and the assessment of habitability criteria in the search for life beyond Earth.",
      "source": "Ars Science",
      "time_ago": "1 day ago",
      "image_url": "/article_images/article_cee04e3342dac915_5a83cfc612d1.webp",
      "category": "Science"
    },
    {
      "id": "4ecc1138ab8c54d5",
      "title": "Comprehensive Analysis of Wild Mushroom Foraging Practices in the Mid-Atlantic",
      "summary": "This article presents a detailed research study on wild mushroom foraging in Pennsylvania and the mid-Atlantic United States, conducted by researchers including a doctoral candidate in ecology and anthropology. Published in Economic Botany in 2025, the study aimed to quantify the species diversity and multifaceted uses of foraged mushrooms through surveys administered in 2022 and 2023. Involving over 800 participants, the research identified 160 species, with morels and chicken of the woods being predominant. Foragers reported utilizing mushrooms primarily for culinary and medicinal purposes, but also for artistic endeavors such as photography and natural dye production, as well as for fostering connections to nature. Notably, the study revealed that while a commercial wild mushroom industry exists, the majority of harvesters engage in non-commercial sharing with social networks. The investigation into learning resources indicated that novices rely heavily on digital platforms, familial guidance, and printed materials. Furthermore, the research underscores the role of community dynamics and social media in facilitating knowledge exchange and even DNA sequencing collaborations. This work contributes to ethnobotanical and ecological literature by highlighting sustainable practices, cultural significance, and the integration of traditional and modern methodologies in understanding human-nature interactions.",
      "source": "Ars Science",
      "time_ago": "1 day ago",
      "image_url": "/article_images/article_4ecc1138ab8c54d5_21e041f0d9f0.webp",
      "category": "Science"
    },
    {
      "id": "e705bed80aef7922",
      "title": "Evaluating Incremental Gains in England's Bathing Water Quality: Data and Debates",
      "summary": "The latest figures from the Environment Agency reveal a marginal enhancement in water quality at England's bathing sites, with 93% of 449 monitored locations meeting minimum bacterial standards this summer, compared to 92% the previous year. Concurrently, the count of sites rated 'poor' declined from 37 to 32, though this remains the second highest in a decade, while 'excellent' ratings rose to 66%. These metrics, covering 2022-2025, are influenced by pollution from sewage spills, agricultural activities, and climatic conditions, with monitoring conducted annually from May to September. The government touts bathing water reforms as instrumental in further improvements, whereas industry voices from Water UK assert ongoing initiatives to mitigate sewage discharges. However, campaigners critique the persistence of health hazards, underscoring the inadequacy of current measures. This analysis underscores the complex interplay of regulatory enforcement, economic investments, and environmental advocacy in addressing water pollution, highlighting both achievements and the imperative for sustained, critical action to safeguard public health and ecological integrity.",
      "source": "BBC Science",
      "time_ago": "1 day ago",
      "image_url": "/article_images/article_e705bed80aef7922_43a1fda9842d.webp",
      "category": "Science"
    }
  ]
}