{
  "articles": [
    {
      "id": "59917c5b62cfec6d",
      "title": "Intersecting Narratives: Rachel Duffy's Traitors Victory Amidst Familial Loss and Media Representation",
      "summary": "Rachel Duffy's triumph as the inaugural female winner of The Traitors, a BBC reality competition, is juxtaposed with the poignant announcement of her mother's demise, shared via Instagram where she expressed being 'heartbroken.' Hailing from Newry, Northern Ireland, Duffy utilized her platform on the show to discuss her mother's dual diagnoses of Parkinson's Disease and dementia, articulating a desire to allocate her share of the £95,750 prize pot towards creating cherished familial memories, such as a holiday. Post-victory interviews with BBC News NI revealed her familial priorities, emphasizing spoiling her mother and family as her paramount concern. Her sister Joanne provided commentary, suggesting that Duffy's motivations transcended monetary gain, thereby illuminating her authentic character. This article synthesizes elements of entertainment journalism with a deeper exploration of grief, familial bonds, and the public mediation of private sorrow, offering a critical lens on how reality TV narratives intersect with personal adversities.",
      "source": "BBC Entertainment",
      "time_ago": "2 hours ago",
      "image_url": "/article_images/article_59917c5b62cfec6d_3bf5ff89d5f6.webp",
      "category": "Fun"
    },
    {
      "id": "692f841d6906305c",
      "title": "Strategic Dominance and Consistency in Australian Open Quarter-Finals",
      "summary": "The article details the Australian Open quarter-finals, where Elina Svitolina executed a tactical dismantling of Coco Gauff, securing a 6-1, 6-2 victory in 59 minutes, characterized by Gauff's five double faults and 26 unforced errors. This advances Svitolina to a semi-final against Aryna Sabalenka, who overpowered Iva Jovic 6-3, 6-0. Sabalenka, the world number one, articulates a 'trophy or nothing' philosophy, underscoring her mental focus and consistency, evidenced by reaching 14 semi-finals in the last 17 majors and achieving eight consecutive Grand Slam semi-finals, a feat matched only by legends like Davenport and Hingis. Her current form includes a 10-match winning streak and 20 consecutive sets without loss in 2026, bolstered by a 5-1 head-to-head advantage over Svitolina. The analysis extends to Sabalenka's hard-court proficiency, with 19 of 22 titles on this surface, and her recent Grand Slam outcomes, including defending the US Open title after two final losses. Contextual elements, such as schedule adjustments for extreme heat, enrich the narrative, emphasizing the tournament's competitive dynamics and player resilience.",
      "source": "BBC Tennis",
      "time_ago": "2 hours ago",
      "image_url": "/article_images/article_692f841d6906305c_8bb26e42736c.webp",
      "category": "Fun"
    },
    {
      "id": "63e436aee5ab5eb2",
      "title": "Kaolinite Deposits on Mars: Implications for Prolonged Hydrological Activity and Paleoclimate Reconstruction",
      "summary": "A study published in Communications Earth & Environment, conducted by researchers including Adrian Broz and Briony Horgan from Purdue University, analyzes white kaolinite clay rocks discovered by NASA's Perseverance rover in Jezero crater on Mars. These findings indicate that Mars may have experienced sustained hydrological activity, specifically millions of years of rainfall, during its ancient history. Kaolinite, an aluminum-rich phyllosilicate, forms terrestrially through intensive chemical weathering in warm, humid climates, such as tropical rainforests, necessitating prolonged water-rock interactions. The rover's SuperCam and Mastcam-Z instruments provided spectroscopic and imaging data, enabling comparisons with Earth-based kaolinite samples and reinforcing the hypothesis of a once-wetter Martian climate. Despite the significance, the provenance of these scattered rocks remains enigmatic, with potential explanations including fluvial transport into Jezero's paleolake or impact ejecta, highlighting gaps in current geological models. This research contributes to broader discussions on Mars' climatic evolution, from a potentially habitable environment to its current arid state, and underscores the role of in-situ rover missions in validating orbital observations and advancing planetary science.",
      "source": "Science Daily - Technology",
      "time_ago": "3 hours ago",
      "image_url": "/article_images/article_63e436aee5ab5eb2_11cdca1bed85.webp",
      "category": "Fun"
    },
    {
      "id": "f57a59c0ef8687c2",
      "title": "Strategic Serve and Injury Recovery Propel Zverev into Australian Open Semi-Finals",
      "summary": "Alexander Zverev, the German third seed and three-time Grand Slam finalist, advanced to the Australian Open semi-finals by defeating American prodigy Learner Tien in a tightly contested quarter-final match. Zverev attributed his 6-3, 6-7(5-7), 6-1, 7-6(7-3) victory primarily to his exceptional serving performance, which included 24 aces, a mere one double fault, and a 76% first-serve point win rate, alongside saving all three break points with unreturned serves. He acknowledged Tien's 'unbelievable' baseline prowess, suggesting that without his serving dominance, the outcome might have differed. This match underscores Zverev's resilience, as he highlighted being pain-free for the first time in 12 months following a career-threatening ankle ligament injury sustained during the 2022 French Open semi-final against Rafael Nadal, which sidelined him for six months. The psychological and physical implications of his recovery are evident in his enhanced on-court performance and confidence. The article situates this victory within broader tennis narratives, such as the impact of extreme heat at the Australian Open and comparisons to other players like Sabalenka, while emphasizing the tactical importance of serve in modern tennis and the challenges faced by emerging talents like Tien.",
      "source": "BBC Tennis",
      "time_ago": "4 hours ago",
      "image_url": "/article_images/article_f57a59c0ef8687c2_aa17adc416e9.webp",
      "category": "Fun"
    },
    {
      "id": "bc02f66c4e3dbc79",
      "title": "Deconstructing Take That's Documentary Narratives: Authenticity vs. Commercialization in Pop Culture",
      "summary": "The article critically examines the contrasting narratives presented in Take That's two documentaries: the 2005 ITV film and the recent Netflix release. Initially, the band was in a state of professional limbo, with members grappling with career declines—Gary Barlow and Mark Owen lost record contracts, Jason Orange abandoned acting, and Howard Donald embraced parenthood—while Robbie Williams maintained a public profile but missed the reunion, underscoring interpersonal tensions. The ITV documentary's raw portrayal, including candid moments like fan interactions and tour anecdotes, resonated with over six million viewers, catalyzing a lucrative comeback via promoter Simon Moran's arena offer. Two decades later, Take That's sustained success, marked by chart dominance and awards, is commemorated in a new documentary that, however, eschews the earlier film's revelatory depth. Excluding Williams and Orange (retired in 2014), it adopts a sanitized approach, prioritizing professional rivalries and relationships over personal disclosures. The article posits that this shift reflects broader trends in media production, where commercial considerations and image management may dilute authenticity. It interrogates whether the new documentary can offer substantive insights beyond the well-trodden saga of the band's rise, fall, and renaissance, challenging audiences to consider the evolution of celebrity storytelling in an era of curated content.",
      "source": "BBC Entertainment",
      "time_ago": "6 hours ago",
      "image_url": "/article_images/article_bc02f66c4e3dbc79_6a3def23f786.webp",
      "category": "Fun"
    },
    {
      "id": "0eae547e13bbf91e",
      "title": "Analyzing Heatwave Impacts and Adaptive Strategies at the Australian Open",
      "summary": "The Australian Open in Melbourne confronted severe heatwave conditions, with temperatures peaking at 42.7°C and forecasts suggesting potential highs of 45°C, leading to the tournament's heat stress scale reaching its maximum rating. This scale, which integrates radiant heat, air temperature, relative humidity, and wind speed, serves as a critical tool for assessing playability and safety. In response, organizers deployed comprehensive cooling measures, including mist tunnels, water machines, and sun umbrellas across Melbourne Park, while strategically adjusting the schedule: wheelchair events featuring defending champions such as Alfie Hewett and Andy Lapthorne were postponed to mitigate health risks, and junior matches on exterior courts were advanced to 09:00 local time to avoid peak thermal exposure. Concurrently, major quarter-finals on arenas with retractable roofs, like Rod Laver Arena, proceeded with closures to reduce heat impact. The Australian Bureau of Meteorology's severe heat warning for Victoria underscores the broader climatic context, linking the event to regional environmental stressors. Andy Lapthorne's commentary on BBC Radio 5 Sports Extra highlighted the exacerbated challenges for wheelchair athletes, particularly those with spinal cord injuries who cannot sweat, emphasizing intersectional vulnerabilities in sports medicine. This scenario illustrates the tournament's adaptive governance in balancing competitive integrity with physiological safety, reflecting ongoing discourse on climate resilience in global sporting events.",
      "source": "BBC Tennis",
      "time_ago": "6 hours ago",
      "image_url": "/article_images/article_0eae547e13bbf91e_fc1ce868657d.webp",
      "category": "Fun"
    }
  ]
}