{
  "articles": [
    {
      "id": "59917c5b62cfec6d",
      "title": "《叛徒》冠军瑞秋·达菲在母亲去世后“心碎”",
      "summary": "瑞秋·达菲在最新一季的BBC节目《叛徒》中获胜，成为该节目首位女性冠军。获胜后不久，她在Instagram上宣布母亲去世的消息，表达了自己的“心碎”之情。来自北爱尔兰纽里的达菲在节目中多次谈及母亲与帕金森病和痴呆症的斗争，并计划用获得的95,750英镑奖金的一部分带母亲度假，创造美好回忆。她在接受BBC北爱尔兰新闻采访时强调，宠溺家人是她的首要目标。她的妹妹乔安妮表示，这一愿望展现了达菲真实的品格，说明胜利不仅仅是关于金钱。这篇文章将娱乐新闻与感人的人情故事相结合，探讨了个人挑战如何与公共成就交织，反映了媒体在报道名人私生活时的叙事方式。",
      "source": "BBC Entertainment",
      "time_ago": "2 hours ago",
      "image_url": "/article_images/article_59917c5b62cfec6d_3bf5ff89d5f6.webp",
      "category": "Fun"
    },
    {
      "id": "692f841d6906305c",
      "title": "斯维托丽娜击败高芙，与萨巴伦卡会师半决赛",
      "summary": "本文报道了澳大利亚网球公开赛四分之一决赛的结果。乌克兰选手艾琳娜·斯维托丽娜以6-1、6-2的比分迅速击败美国选手可可·高芙，比赛仅用时59分钟。这场胜利使斯维托丽娜晋级半决赛，将对阵世界排名第一的白俄罗斯选手阿丽娜·萨巴伦卡。萨巴伦卡在另一场比赛中以6-3、6-0战胜青少年选手伊娃·约维奇。萨巴伦卡表达了“非冠军不可”的心态，并展现出惊人的稳定性，在过去17个大满贯赛事中进入了14次半决赛，今年在墨尔本公园未失一盘，取得了10连胜和20连续盘胜利。高芙在比赛中出现了5次双误和26次非受迫性失误，失利后情绪低落。文章还提到萨巴伦卡在硬地球场上的优势，她22个职业生涯冠军中有19个来自硬地，并在去年卫冕了美网冠军。此外，赛事因极端高温调整了赛程。整体而言，本文通过详细数据和球员引述，分析了比赛表现和网球运动的竞争动态。",
      "source": "BBC Tennis",
      "time_ago": "2 hours ago",
      "image_url": "/article_images/article_692f841d6906305c_8bb26e42736c.webp",
      "category": "Fun"
    },
    {
      "id": "63e436aee5ab5eb2",
      "title": "火星上的白色岩石暗示数百万年的降雨历史",
      "summary": "最近一项由普渡大学科学家领导的研究，利用NASA毅力号火星车的数据，在火星杰泽罗陨石坑发现了白色高岭石粘土岩石，这表明火星在过去可能经历了数百万年的降雨。这些岩石在火星红色表面上显得突出，暗示了类似地球热带地区的潮湿环境。高岭石在地球上通过长期的水暴露形成，需要温暖湿润的气候和持续降雨。该研究发表在《通讯-地球与环境》期刊上，使用SuperCam和Mastcam-Z等仪器分析岩石，并与地球样本进行比较。尽管这些岩石的确切起源尚不明确，可能由河流冲入或撞击散布，但它们为火星从湿润世界向当前干旱状态的转变提供了关键证据。这一发现有助于关于火星古代气候的辩论，并强调了火星车任务在揭示行星历史中的重要性。",
      "source": "Science Daily - Technology",
      "time_ago": "3 hours ago",
      "image_url": "/article_images/article_63e436aee5ab5eb2_11cdca1bed85.webp",
      "category": "Fun"
    },
    {
      "id": "f57a59c0ef8687c2",
      "title": "兹维列夫感谢发球助力击败田纳西晋级半决赛",
      "summary": "在澳大利亚网球公开赛四分之一决赛中，德国三号种子亚历山大·兹维列夫击败美国新星利尔纳·田纳西，晋级半决赛，并将胜利归功于其出色的发球表现。兹维列夫是一位三次大满贯决赛选手，在本场比赛中展现了发球大师级水准，打出24个ACE球，仅有一次双误，并赢得了76%的一发得分，挽救了全部三个破发点。田纳西年仅20岁，世界排名第29位，本有望成为34年来墨尔本最年轻的半决赛选手，但兹维列夫凭借强大的发球占据上风。兹维列夫称赞田纳西的底线表现“令人难以置信”，但承认如果没有自己的ACE球，可能无法获胜。此外，兹维列夫强调了自己从2022年法网半决赛中对阵拉斐尔·纳达尔时遭受的严重脚踝韧带损伤中恢复，指出本次赛事是他12个月来首次无痛比赛，这提升了他的信心和表现。在罗德·拉沃尔球场的这场胜利确保了兹维列夫第10次进入大满贯半决赛，凸显了发球在现代网球中的关键作用以及身体健康对运动员成功的重要性。文章还提及了澳大利亚公开赛的极端高温影响等其他网球议题，为比赛提供了更广泛的背景。",
      "source": "BBC Tennis",
      "time_ago": "4 hours ago",
      "image_url": "/article_images/article_f57a59c0ef8687c2_aa17adc416e9.webp",
      "category": "Fun"
    },
    {
      "id": "bc02f66c4e3dbc79",
      "title": "接招合唱团新纪录片讲述熟悉故事",
      "summary": "本文探讨了英国流行乐队接招合唱团的两部纪录片：2005年的ITV纪录片和最近的Netflix纪录片。2005年，乐队已近十年未活动，成员如盖瑞·巴洛和马克·欧文面临事业低谷，杰森·奥兰治放弃演艺，霍华德·唐纳德专注于家庭，而罗比·威廉姆斯虽保有公众影响力却缺席重聚。这部纪录片以真实、未经修饰的内容吸引了超过六百万观众，促使推广人西蒙·莫兰提出举办30场竞技场演唱会的邀约，乐队迅速同意，标志着他们的复出。二十年后，接招合唱团持续成功，拥有多首冠军单曲和奖项，并推出了Netflix新纪录片。然而，这部新片缺乏原作的深度，排除了威廉姆斯和奥兰治（2014年退休），更侧重于职业竞争和人际关系，而非个人揭秘。文章质疑，鉴于乐队广为人知的崛起、衰落和复兴故事，这部经过净化的纪录片是否能提供新见解，反映了媒体制作中商业化与真实性之间的张力，以及名人叙事在内容策划时代的演变。",
      "source": "BBC Entertainment",
      "time_ago": "6 hours ago",
      "image_url": "/article_images/article_bc02f66c4e3dbc79_6a3def23f786.webp",
      "category": "Fun"
    },
    {
      "id": "0eae547e13bbf91e",
      "title": "墨尔本澳网公开赛遭遇42°C高温警告",
      "summary": "在澳大利亚墨尔本举行的澳网公开赛期间，极端高温天气带来了严峻挑战，气温高达42.7°C，并可能升至45°C。赛事组织方采取了多种降温措施，如在墨尔本公园内设置喷雾隧道、饮水机和遮阳伞，以缓解热应激。热应激量表评估了辐射热、气温、湿度和风速等因素，达到了最高评级，导致赛程调整：轮椅赛事，包括卫冕冠军阿尔菲·休伊特和安迪·拉普索恩的比赛，被推迟至周三；外场青少年比赛则提前至当地时间09:00进行，以避开高温峰值。同时，拥有可伸缩屋顶的主要球场，如罗德·拉沃尔球场，在比赛时关闭屋顶以减少热影响。澳大利亚气象局对维多利亚州发布了严重高温警告，凸显了更广泛的环境压力。安迪·拉普索恩在接受BBC广播5台体育额外频道采访时指出，轮椅运动员面临额外挑战，特别是脊髓损伤选手无法出汗，加剧了健康风险。这一情况反映了在气候极端条件下，赛事如何在竞技完整性与生理安全之间寻求平衡，体现了全球体育赛事中气候适应性的持续讨论。",
      "source": "BBC Tennis",
      "time_ago": "6 hours ago",
      "image_url": "/article_images/article_0eae547e13bbf91e_fc1ce868657d.webp",
      "category": "Fun"
    }
  ]
}