{
  "title": "Unveiling Chemical Hazards in Hair Extensions: Implications for Health and Regulation",
  "summary": "A comprehensive investigation conducted by the Silent Spring Institute has elucidated the presence of numerous hazardous chemicals in commercially available hair extensions, underscoring significant public health concerns. Utilizing sophisticated methodologies such as non-targeted analysis coupled with two-dimensional gas chromatography and high-resolution mass spectrometry, researchers analyzed 43 hair extension products, detecting over 900 chemical signatures and identifying 169 distinct compounds across nine structural classes. These substances, including flame retardants, phthalates, pesticides, styrene, tetrachloroethane, and organotins, are associated with carcinogenic, endocrine-disrupting, developmental, and immunotoxic effects. The study particularly highlights the disproportionate exposure risk for black women, who report using hair extensions at rates exceeding 70%, compared to less than 10% in other demographic groups, often driven by cultural expression and stylistic preferences. Despite the global market's projection to surpass $14 billion by 2028, the industry remains largely unregulated, with manufacturers frequently omitting ingredient disclosures, thereby obscuring potential health risks from prolonged dermal contact and inhalation during thermal styling. The findings advocate for enhanced regulatory frameworks to mandate transparency and foster the development of safer alternatives, addressing systemic inequities in consumer product safety.",
  "keywords": [
    {
      "term": "two-dimensional gas chromatography",
      "explanation": "an advanced analytical technique that separates complex mixtures for detailed chemical identification"
    },
    {
      "term": "high-resolution mass spectrometry",
      "explanation": "a method that provides precise measurements of chemical masses to identify compounds accurately"
    },
    {
      "term": "carcinogenic",
      "explanation": "referring to substances capable of causing cancer in living tissue"
    },
    {
      "term": "endocrine-disrupting",
      "explanation": "describing chemicals that interfere with the hormonal system, potentially leading to health disorders"
    },
    {
      "term": "immunotoxic",
      "explanation": "pertaining to substances that can harm the immune system, reducing its ability to fight diseases"
    },
    {
      "term": "systemic inequities",
      "explanation": "deep-rooted unfairness in systems or policies that disadvantage certain groups"
    },
    {
      "term": "regulatory frameworks",
      "explanation": "structured sets of rules and guidelines established by authorities to govern industry practices"
    },
    {
      "term": "thermal styling",
      "explanation": "the process of using heat on hair products, which can release volatile chemicals into the air"
    },
    {
      "term": "dermal contact",
      "explanation": "exposure through skin touch, allowing chemicals to be absorbed into the body"
    },
    {
      "term": "transparency",
      "explanation": "the practice of being open and clear about information, such as product ingredients"
    }
  ],
  "questions": [
    {
      "question": "What analytical techniques were combined in the study to detect chemicals?",
      "options": [
        "Two-dimensional gas chromatography and high-resolution mass spectrometry",
        "Simple microscopy and pH testing",
        "Colorimetry and titration",
        "Spectrophotometry and electrophoresis"
      ],
      "correct_answer": "Two-dimensional gas chromatography and high-resolution mass spectrometry"
    },
    {
      "question": "How many chemical signatures were detected in the hair extension products?",
      "options": [
        "Over 900",
        "Exactly 169",
        "Less than 43",
        "Around 500"
      ],
      "correct_answer": "Over 900"
    },
    {
      "question": "Which chemical class includes substances linked to skin irritation and cancer?",
      "options": [
        "Organotins",
        "Phthalates",
        "Pesticides",
        "Styrene"
      ],
      "correct_answer": "Organotins"
    },
    {
      "question": "What percentage of black women report using hair extensions at least once in the past year?",
      "options": [
        "More than 70%",
        "Fewer than 10%",
        "About 50%",
        "Exactly 30%"
      ],
      "correct_answer": "More than 70%"
    },
    {
      "question": "What is a key reason for the higher usage rates among black women?",
      "options": [
        "Cultural expression",
        "Lower cost",
        "Better availability",
        "Health benefits"
      ],
      "correct_answer": "Cultural expression"
    },
    {
      "question": "What market value is projected for the global hair extension industry by 2028?",
      "options": [
        "Surpass $14 billion",
        "Reach $5 billion",
        "Drop below $1 billion",
        "Stabilize at $10 billion"
      ],
      "correct_answer": "Surpass $14 billion"
    },
    {
      "question": "What limitation does the study highlight regarding manufacturer practices?",
      "options": [
        "Limited ingredient disclosure",
        "Excessive testing requirements",
        "Over-regulation",
        "High transparency"
      ],
      "correct_answer": "Limited ingredient disclosure"
    },
    {
      "question": "What health effect is associated with tetrachloroethane found in the study?",
      "options": [
        "Developmental harm",
        "Improved cognitive function",
        "Enhanced immunity",
        "Reduced stress"
      ],
      "correct_answer": "Developmental harm"
    },
    {
      "question": "How does the study suggest addressing the identified risks?",
      "options": [
        "Implementing stronger regulatory frameworks",
        "Increasing hair extension production",
        "Reducing scientific research",
        "Ignoring consumer concerns"
      ],
      "correct_answer": "Implementing stronger regulatory frameworks"
    },
    {
      "question": "What methodological tool aided in comparing chemical signatures with databases?",
      "options": [
        "Machine-learning tools",
        "Manual inspection",
        "Consumer surveys",
        "Random sampling"
      ],
      "correct_answer": "Machine-learning tools"
    }
  ],
  "background_read": [
    "Hair extensions represent a burgeoning sector within the beauty industry, characterized by diverse material sources such as synthetic polymers and bio-based fibers, often subjected to chemical treatments for functional enhancements like flame resistance. The Silent Spring Institute's study employs cutting-edge analytical approaches, including non-targeted analysis, to uncover a broad spectrum of chemical hazards, reflecting growing academic and public concern over chronic exposure to endocrine disruptors and carcinogens in consumer goods. This research situates itself within broader discourses on environmental justice, as it reveals disproportionate health burdens on black women due to socio-cultural factors and market dynamics. The call for regulatory intervention aligns with global trends toward stricter chemical safety standards, emphasizing the need for interdisciplinary collaboration between toxicology, public policy, and consumer advocacy to mitigate risks and promote equitable health outcomes."
  ],
  "Article_Structure": [
    "Main Points: Identification of 169 hazardous chemicals in hair extensions, with black women facing higher exposure risks due to cultural usage patterns. Purpose: To provide empirical evidence for regulatory reform and highlight health inequities in an unregulated market. Evidence Evaluation: Robust, using advanced spectrometry and machine learning for comprehensive chemical profiling, though limited by sample size. Author Credibility: Dr. Elissia Franklin, a research scientist at Silent Spring Institute, brings expertise in environmental health and chemical safety. Methodology: Systematic purchase of 43 products, application of non-targeted analysis and database comparisons, ensuring methodological rigor. Critical Assessment: Strengths include innovative analytical techniques and focus on vulnerable populations; limitations involve potential sampling bias and need for longitudinal health impact studies."
  ],
  "perspectives": [
    {
      "perspective": "Environmental justice",
      "description": "Focuses on the unequal distribution of chemical risks among racial groups, advocating for policy changes to address systemic disparities"
    }
  ],
  "image_url": "/article_images/article_cc94025e41443408_6e260a9fc9ac.webp"
}