{
  "title": "NASA's Controlled Medical Evacuation from ISS: Analyzing Safety Protocols and Ethical Considerations",
  "summary": "NASA has initiated a controlled medical evacuation from the International Space Station, repatriating four of the seven crew members following an undisclosed medical situation affecting one astronaut. The decision, announced by NASA Administrator Jared Isaacman and Chief Medical Officer Dr. JD Polk, underscores the agency's precautionary approach, with the afflicted individual reported as stable. Crew-11, comprising Commander Zena Cardman, Pilot Mike Fincke, Japanese astronaut Kimiya Yui, and Russian cosmonaut Oleg Platonov, will undock prematurely in their SpaceX Crew Dragon spacecraft, targeting a Pacific Ocean splashdown. The incident, unrelated to spacewalk preparations involving oxygen prebreathing protocols, highlights the complexities of medical diagnostics in microgravity, where limited hardware complicates assessments. NASA maintains confidentiality regarding the medical details, citing privacy ethics, while emphasizing the crew's adept emergency response facilitated by rigorous training. The ISS is equipped with advanced medical apparatus, including ultrasound and defibrillation capabilities, yet evacuation remains a critical contingency. This event reflects broader implications for long-duration spaceflight, testing operational resilience and institutional transparency in crisis management.",
  "keywords": [
    {
      "term": "controlled medical evacuation",
      "explanation": "a strategic return to Earth orchestrated to address health issues while minimizing risks in space"
    },
    {
      "term": "precautionary approach",
      "explanation": "a decision-making strategy that prioritizes safety over other considerations, even in uncertain situations"
    },
    {
      "term": "microgravity diagnostics",
      "explanation": "the process of identifying medical conditions in a low-gravity environment, which poses unique technical challenges"
    },
    {
      "term": "privacy ethics",
      "explanation": "ethical principles governing the protection of personal information, especially in sensitive contexts like healthcare"
    },
    {
      "term": "oxygen prebreathing protocols",
      "explanation": "procedures where astronauts breathe pure oxygen to reduce nitrogen levels, preventing decompression sickness during spacewalks"
    },
    {
      "term": "operational resilience",
      "explanation": "the ability of an organization to maintain functionality and adapt during emergencies or disruptions"
    },
    {
      "term": "institutional transparency",
      "explanation": "the extent to which an organization openly shares information with the public, balancing accountability with confidentiality"
    },
    {
      "term": "contingency planning",
      "explanation": "preparatory measures for potential emergencies, ensuring swift and effective responses"
    },
    {
      "term": "long-duration spaceflight",
      "explanation": "extended missions in space that require robust health management systems and evacuation strategies"
    },
    {
      "term": "crisis management",
      "explanation": "the process of handling unexpected events to mitigate impacts and ensure safety"
    }
  ],
  "questions": [
    {
      "question": "What is the primary reason NASA cites for the controlled medical evacuation?",
      "options": [
        "An unspecified medical incident",
        "Technical spacecraft failure",
        "Crew scheduling conflicts",
        "External political pressures"
      ],
      "correct_answer": "An unspecified medical incident"
    },
    {
      "question": "Which NASA official emphasized the precautionary nature of the decision?",
      "options": [
        "Dr. JD Polk",
        "Jared Isaacman",
        "Zena Cardman",
        "Mike Fincke"
      ],
      "correct_answer": "Dr. JD Polk"
    },
    {
      "question": "How does microgravity affect medical diagnostics on the ISS?",
      "options": [
        "It complicates assessments due to limited hardware",
        "It makes diagnostics easier",
        "It has no effect",
        "It improves equipment functionality"
      ],
      "correct_answer": "It complicates assessments due to limited hardware"
    },
    {
      "question": "What ethical consideration is highlighted in withholding medical details?",
      "options": [
        "Privacy ethics",
        "Cost efficiency",
        "Public interest",
        "International relations"
      ],
      "correct_answer": "Privacy ethics"
    },
    {
      "question": "Which activity was confirmed as unrelated to the medical incident?",
      "options": [
        "Spacewalk preparations",
        "Crew training",
        "Launch procedures",
        "Research experiments"
      ],
      "correct_answer": "Spacewalk preparations"
    },
    {
      "question": "What type of spacecraft is used for the return mission?",
      "options": [
        "SpaceX Crew Dragon",
        "Boeing Starliner",
        "Soyuz MS",
        "Orion capsule"
      ],
      "correct_answer": "SpaceX Crew Dragon"
    },
    {
      "question": "What capability is mentioned as part of the ISS medical gear?",
      "options": [
        "Ultrasound",
        "MRI machine",
        "Surgical robot",
        "X-ray scanner"
      ],
      "correct_answer": "Ultrasound"
    },
    {
      "question": "How does the article describe the crew's response to the incident?",
      "options": [
        "Adept and prompt due to training",
        "Slow and uncertain",
        "Dependent on ground control",
        "Improvised without protocols"
      ],
      "correct_answer": "Adept and prompt due to training"
    },
    {
      "question": "What broader implication does this event have for space missions?",
      "options": [
        "Testing operational resilience in crises",
        "Reducing mission costs",
        "Increasing public funding",
        "Simplifying regulations"
      ],
      "correct_answer": "Testing operational resilience in crises"
    },
    {
      "question": "What is the scheduled outcome for Crew-11's return?",
      "options": [
        "Splashdown in the Pacific Ocean",
        "Landing in Kazakhstan",
        "Docking at a spaceport",
        "Orbital transfer"
      ],
      "correct_answer": "Splashdown in the Pacific Ocean"
    }
  ],
  "background_read": [
    "The International Space Station serves as a microgravity research platform, with crew rotations managed through partnerships like NASA's Commercial Crew Program with SpaceX. Medical emergencies in space require specialized protocols due to isolation, resource constraints, and physiological effects of microgravity, influencing evacuation decisions. NASA's safety framework integrates training, equipment, and ethical guidelines, balancing transparency with privacy under federal health regulations. This incident illustrates challenges in long-duration exploration, informing future missions to the Moon and Mars where evacuation options are more limited."
  ],
  "Article_Structure": [
    "Main Points: NASA's evacuation of Crew-11 from the ISS due to a medical incident highlights safety prioritization, with the astronaut stable but prompting early return. Purpose: To analyze NASA's crisis response, emphasizing ethical privacy considerations and the technical challenges of space medicine. Evidence Evaluation: Relies on official statements and background on ISS operations, though limited by confidentiality, assessing credibility through sourced quotes. Author Credibility: Ars Technica provides science journalism with access to NASA sources, though potential bias towards agency narratives exists. Methodology: Information is compiled from press briefings, public records, and expert insights, but lacks independent medical verification. Critical Assessment: Strengths include detailed operational context and ethical discussion; limitations involve sparse data on the medical issue and reliance on agency transparency."
  ],
  "perspectives": [
    {
      "perspective": "Ethical Transparency",
      "description": "NASA navigates the tension between public accountability and individual privacy in managing health crises in space."
    }
  ],
  "image_url": "/article_images/article_11da29328f33dbe8_aea783c3b655.webp"
}