{
  "articles": [
    {
      "id": "006174803871ddc2",
      "title": "Understanding UK Economic Sentiment Through Consumer Confidence",
      "summary": "This article examines the state of the UK economy by focusing on consumer confidence, as measured by the GfK Consumer Confidence Barometer. This long-running survey, active for five decades, assesses public sentiment through questions about economic prospects, major purchases, and personal finances. Historically, consumer confidence across different age groups moved in correlation, reacting similarly to events like Brexit and the pandemic. However, in late 2024, a significant divergence emerged, with age groups no longer aligning in their economic outlook. The article highlights that consumer confidence is not just an economic indicator but also a political tool, referencing the phrase 'It's the Economy Stupid' to emphasize its importance for governance. It notes that while the current economy is neither in decline nor booming, tracking this metric provides insights into future trends and policy impacts, such as the effect of the 2022 Liz Truss mini-budget on confidence.",
      "source": "BBC News",
      "time_ago": "4 hours ago",
      "image_url": "/article_images/article_006174803871ddc2_07ccb74c09b9.webp",
      "category": "News"
    },
    {
      "id": "51d64578c65c742d",
      "title": "Political Defection: Jenrick's Move to Reform UK and Its Impact",
      "summary": "Robert Jenrick, a prominent former Conservative politician, has defected to Reform UK, marking a significant shift in UK politics. As a well-known figure with government experience, his move is seen as a major gain for Reform UK, which is currently polling well. However, the defection has sparked controversy, with accusations from Conservatives that Jenrick lied about his intentions, as he reportedly denied plans to defect shortly before announcing it. Jenrick defends his decision by claiming he is now being truthful about the country's issues and the decline of the Conservative Party. This event raises questions about political trust, as internal conflicts and accusations of dishonesty could undermine public confidence. The article explores how Jenrick will adapt to his new party and whether this move might intensify divisions on the political right, especially as Reform UK aims to broaden its appeal nationally. Overall, it highlights the complexities of political loyalty and the potential for increased friction among right-wing groups.",
      "source": "BBC News",
      "time_ago": "5 hours ago",
      "image_url": "/article_images/article_51d64578c65c742d_3462b87e0027.webp",
      "category": "News"
    },
    {
      "id": "25fd56c885eacc9f",
      "title": "Trump's Board of Peace: Key Members and Goals for Gaza Stabilisation",
      "summary": "The White House has unveiled the founding Executive Board of the Trump administration's 'Board of Peace,' tasked with overseeing Gaza's stabilisation through temporary governance and reconstruction efforts. Chaired by US President Trump, the board includes notable figures such as former UK Prime Minister Sir Tony Blair, US Secretary of State Marco Rubio, and US Special Envoy to the Middle East Steve Witkoff. Each member will manage a portfolio critical to Gaza's recovery, although specific assignments remain undisclosed. Currently, the board lacks female and Palestinian representation at the top level, with the White House indicating that additional members may be announced in the coming weeks. Tony Blair's inclusion is notable due to his controversial role in the Iraq War and his prior experience as a Middle East envoy, while Rubio has shifted from opposing a ceasefire to supporting the Israel-Hamas deal. The board aims to address the ongoing conflict and humanitarian crisis in Gaza, leveraging the members' political and diplomatic expertise to foster peace and reconstruction.",
      "source": "BBC News",
      "time_ago": "6 hours ago",
      "image_url": "/article_images/article_25fd56c885eacc9f_0910743d171c.webp",
      "category": "News"
    },
    {
      "id": "593d466616764f37",
      "title": "The Rise of Fibre: From Unsexy Nutrient to Wellness Star",
      "summary": "Fibre has recently gained popularity as a wellness trend, shifting focus from protein to this essential nutrient. Social media platforms like TikTok are filled with videos promoting high-fibre foods such as chia seeds, red kidney beans, and chickpeas, highlighting its benefits. According to the NHS, adults should consume 30g of fibre daily, but UK averages show most people only eat about 16.4g, with women consuming less than men. Nutritionists like Kate Hilton explain that fibre was once overlooked due to associations with bowel health and flatulence, unlike protein linked to fitness. However, experts emphasize that increasing fibre intake can lead to longer lifespans, reduced risks of cardiovascular disease, cancer, and diabetes, and even improved mental health. A case study of Yeshe Sander, a 24-year-old from Birmingham, illustrates this: after rebelling against healthy eating in her teens, she adopted a fibre-rich diet in her early 20s and experienced significant physical and mental improvements, including reduced anxiety and better mood. This trend underscores the importance of dietary fibre for overall well-being, encouraging people to incorporate foods like brown rice and jacket potatoes into their meals.",
      "source": "BBC News",
      "time_ago": "12 hours ago",
      "image_url": "/article_images/article_593d466616764f37_089271c3da2f.webp",
      "category": "News"
    },
    {
      "id": "aac50226769598f4",
      "title": "U.S. Inaction and Iran's Harsh Response to Protests",
      "summary": "Iran has imposed a complete internet blackout for over a week, isolating most of its 90 million citizens from global communication. Human rights activists report that the death toll from the government's crackdown on protests has exceeded 3,000, and a leading Iranian cleric has called for the execution of prisoners. In contrast, President Trump expressed gratitude towards the Iranian regime for canceling the execution of hundreds of political prisoners, though he acknowledged they were facing the death penalty. Meanwhile, Reza Pahlavi, the former crown prince of Iran now in exile, held a press briefing in Washington, urging U.S. military intervention through surgical strikes on specific targets, such as IRGC assets, to dismantle the regime's apparatus of state terror. The article highlights the tension between the U.S. pledge to assist and its unfulfilled actions, while Iran's government continues a brutal suppression of dissent.",
      "source": "PBS NewsHour",
      "time_ago": "13 hours ago",
      "image_url": "/article_images/article_aac50226769598f4_0b487e1a7038.webp",
      "category": "News"
    },
    {
      "id": "253ec4022ab6e92e",
      "title": "Unexpected Showdown: Indiana vs. Miami in College Football Championship",
      "summary": "On Monday, Indiana and Miami will compete in the College Football Playoff National Championship, a matchup that has surprised many fans and analysts. Indiana, once considered a weak team, has risen rapidly to become an undefeated powerhouse under a transformative two-year period, defying expectations. Miami, playing in its hometown, aims to recapture its historic glory and win a championship in front of supportive fans. Beyond the game, college football is undergoing significant changes, including increased player mobility as star athletes and coaches frequently transfer between teams, and the introduction of direct payments to players, reshaping the sport's landscape. The article features insights from Ralph Russo, a senior college sports writer at The Athletic, who discusses Indiana's meteoric rise and the broader implications for college athletics. This analysis highlights key storylines, team dynamics, and evolving trends in the sport.",
      "source": "PBS NewsHour",
      "time_ago": "13 hours ago",
      "image_url": "/article_images/article_253ec4022ab6e92e_17792513ab08.webp",
      "category": "News"
    }
  ]
}