{
  "articles": [
    {
      "id": "a4a0769948e6c03d",
      "title": "Djokovic's Strategic Approach to Securing a Historic 25th Grand Slam Victory",
      "summary": "Novak Djokovic, aged 38, is poised to potentially break the all-time Grand Slam record by securing his 25th major title, currently tied with Margaret Court at 24. As he enters the Australian Open, where he holds a record 10 men's championships, this tournament represents a pivotal opportunity amidst signs of age-related decline, though he consistently reached semi-finals across all four Slams in the previous year. Djokovic articulates a deliberate psychological strategy, rejecting a 'now or never' mindset to alleviate self-imposed pressure, instead emphasizing appreciation for his existing achievements. Seeded fourth, his campaign commences against Pedro Martinez, with broader context noting his status as the last champion aside from emerging rivals like Carlos Alcaraz and Jannik Sinner. This analysis explores the interplay of athletic longevity, mental fortitude, and historical legacy in professional tennis.",
      "source": "BBC Tennis",
      "time_ago": "2 hours ago",
      "image_url": "/article_images/article_a4a0769948e6c03d_7daab3bb8ac5.webp",
      "category": "Fun"
    },
    {
      "id": "47b2160ad3f324b8",
      "title": "Analyzing Raducanu's Critique of Australian Open Scheduling Inequities",
      "summary": "Emma Raducanu, the British tennis professional and 2021 US Open champion, has publicly questioned the scheduling rationale of her first-round match at the Australian Open. Arriving in Melbourne on Saturday following a quarter-final appearance in Hobart and flight delays, she faced a sub-48-hour turnaround before competing against Thailand's Mananchaya Sawangkaew on Sunday night. Raducanu, currently ranked 29th globally and seeded at a major for the first time in over three years, highlighted the logistical challenges, emphasizing the need for adequate practice time in the tournament environment. Moreover, her match is positioned second in the evening session on Margaret Court Arena, subsequent to a men's singles match between Alexander Bublik and Jenson Brooksby, which could extend to five sets. This scheduling risks a late-night start, potentially near midnight, echoing historical patterns at the Australian Open where matches, such as Andy Murray's in 2023, have concluded in the early hours. Raducanu argues that placing women's matches after potential five-set men's contests is illogical, as it compromises player recovery and performance, a stance supported by sports scientists who caution against romanticizing such late finishes. Her critique underscores broader systemic issues in tennis tournament planning, balancing athlete welfare with commercial and broadcast demands.",
      "source": "BBC Tennis",
      "time_ago": "4 hours ago",
      "image_url": "/article_images/article_47b2160ad3f324b8_3afb2986513f.webp",
      "category": "Fun"
    },
    {
      "id": "8f79890d7d165dce",
      "title": "Kasatkina's Political and Personal Transition: Citizenship, Identity, and Tennis in the 2025 Australian Open",
      "summary": "Daria Kasatkina, currently ranked world number 48, has achieved Australian citizenship and is set to compete in the 2025 Australian Open as a home player, marking a significant personal and professional milestone. She articulates a sense of relief, stating she can finally breathe and focus on tennis without the burdens of external political and social pressures. Kasatkina's journey includes playing as a neutral athlete since Russia's 2022 invasion of Ukraine, which she described as a nightmare, and publicly coming out as gay, leading to her departure from Russia. These events contributed to mental and emotional strain, prompting an early end to her 2024 season. As the new Australian number two, she faces Czech teenager Nikola Bartunkova in the first round and anticipates substantial support from the Melbourne crowd, viewing this as a positive form of pressure compared to past adversities. The article contextualizes this within broader sports geopolitics, noting her friend Mirra Andreeva's role as Russia's top women's player, and underscores themes of identity, migration, and athlete welfare in contemporary tennis.",
      "source": "BBC Tennis",
      "time_ago": "5 hours ago",
      "image_url": "/article_images/article_8f79890d7d165dce_bb253a84c663.webp",
      "category": "Fun"
    },
    {
      "id": "58c0931ca5404ce6",
      "title": "Deconstructing the AI Phenomenon: Rose and the Evolution of Digital Music Creation",
      "summary": "Rose has captivated the streaming landscape with her jazz-infused soul music, achieving viral status as three tracks, notably Into The Blue with over five million streams, chart in Spotify's Viral Top 50. However, a critical examination reveals she is likely an artificial intelligence construct, evidenced by her nonexistent social media footprint, absence of live performances or visual content, and an implausible release schedule of at least 45 songs within a mere two-month period. Deezer, employing advanced AI detection methodologies, has identified her catalog as computer-generated, pinpointing characteristic artefacts such as a consistent hiss in songs like Under The Rain and Breathe Again. This auditory anomaly stems from the generative process used by AI applications like Suno and Udio, which initiate with white noise and iteratively refine it, inadvertently embedding mathematical errors that serve as digital fingerprints. Gabriel Meseguer-Brocal, a senior research scientist at Deezer, elucidates that these errors enable precise software identification, underscoring the technical sophistication involved. The article probes the implications of AI's encroachment into artistic domains, questioning notions of authenticity, intellectual property, and the future trajectory of music production in an increasingly automated era.",
      "source": "BBC Entertainment",
      "time_ago": "12 hours ago",
      "image_url": "/article_images/article_58c0931ca5404ce6_e60e8070c85e.webp",
      "category": "Fun"
    },
    {
      "id": "745c3d261aa44a36",
      "title": "Deconstructing the Australian Open: Identity, Challenges, and Media Narratives",
      "summary": "This article, derived from the BBC podcast 'More than the Score,' critically examines the Australian Open's enduring moniker as the 'happy Slam' within the contemporary tennis landscape. Situated in Melbourne during January, the tournament faces escalating challenges from climate change, particularly increasing summer heat that impacts player performance and safety. Through interviews with BBC tennis reporter Jonathan Jurejko and British athlete Jodie Burrage, who advanced to the second round in 2025, the piece delves into the tournament's distinctive characteristics and the experiential dimensions of elite competition. It further analyzes the Million Dollar One Point Slam, an innovative event where amateur Jordan Smith secured a million-dollar prize, prompting discourse on the integration of such spectacles into tennis's evolving commercial and entertainment frameworks. The podcast's overarching objective is to transcend conventional scoreline reporting by weaving narratives that incorporate diverse sports, from the Winter Olympics to Formula 1, and featuring dialogues with luminaries like Yaya Toure and Cecilia Braekhus, thereby enriching sports journalism with multifaceted perspectives.",
      "source": "BBC Tennis",
      "time_ago": "19 hours ago",
      "image_url": "/article_images/article_745c3d261aa44a36_685cb5650228.webp",
      "category": "Fun"
    },
    {
      "id": "799a59a4aa3ea933",
      "title": "A Critical Examination of A$AP Rocky's Don't Be Dumb: Artistic Evolution and Reception After an Eight-Year Interval",
      "summary": "A$AP Rocky's fourth studio album, Don't Be Dumb, marks a significant return after an eight-year hiatus, during which the artist's public persona was shaped by extramusical factors such as his relationship with Rihanna, fashion ventures, and legal proceedings. The 17-track project demonstrates a deliberate exploration of genre fusion, incorporating elements of punk, trap, and indie, and features collaborations with notable artists including Tyler, The Creator and Doechii. A distinctive creative aspect is the involvement of filmmaker Tim Burton, who conceptualizes the album cover through a gothic cartoon depiction of A$AP Rocky's six alter-egos, reflecting the thematic depth of the record. Critical assessments vary: NME's Kyann-Sian Williams emphasizes its maturity and contemporaneity, Clash's Robin Murray lauds its eclectic and ambitious nature with an 8/10 rating, while The Guardian's Shaad D'Souza acknowledges it as Rocky's strongest work since his 2013 debut but critiques occasional lyrical laziness. Fan discourse, exemplified by Lee's commentary, reveals a dichotomy between appreciation for the album's energetic consistency and criticism of its perceived safety relative to the experimentalism of 2018's Testing. This analysis situates the album within Rocky's artistic trajectory, evaluating its success in balancing innovation with mainstream appeal and its justification of the prolonged anticipation.",
      "source": "BBC Entertainment",
      "time_ago": "20 hours ago",
      "image_url": "/article_images/article_799a59a4aa3ea933_38a764d031c2.webp",
      "category": "Fun"
    }
  ]
}