{
  "title": "Artificial Intelligence Resurrects a 3,000-Year-Old Babylonian Hymn",
  "summary": "In a groundbreaking interdisciplinary effort, researchers have leveraged artificial intelligence to reassemble a long-lost Babylonian hymn from approximately 1000 BCE, utilizing fragments dispersed across various global locations. This hymn extols the aesthetic and economic grandeur of ancient Babylon, while notably affirming the inclusion of women in priestly capacities—a distinctive feature seldom documented in contemporaneous texts. Once integral to educational curricula in antiquity, it now serves as a critical primary source for elucidating the quotidian experiences and ideological frameworks of a civilization that once dominated the ancient world. The application of AI not only facilitates the recovery of this cultural artifact but also underscores the potential of computational methods to address lacunae in historical scholarship, prompting reflections on the synergies between technology and the humanities.",
  "keywords": [
    {
      "term": "Artificial Intelligence",
      "explanation": "Advanced computational systems capable of learning, reasoning, and problem-solving, often applied in data analysis and pattern recognition"
    },
    {
      "term": "Babylonian Hymn",
      "explanation": "A liturgical composition from the Babylonian era, used in religious contexts to convey theological and social narratives"
    },
    {
      "term": "Fragments",
      "explanation": "Disparate portions of ancient manuscripts or inscriptions that require scholarly reconstruction"
    },
    {
      "term": "Inclusivity",
      "explanation": "The principle of embracing diversity within social institutions, as evidenced by gender-inclusive roles in historical contexts"
    },
    {
      "term": "Prosperity",
      "explanation": "A state of economic flourishing and cultural abundance within a society"
    },
    {
      "term": "Rediscovery",
      "explanation": "The process of identifying and reconstructing lost artifacts through innovative methodologies"
    },
    {
      "term": "Archaeology",
      "explanation": "The scientific study of past human cultures through material remains and environmental data"
    },
    {
      "term": "Mesopotamia",
      "explanation": "The cradle of civilization in the Near East, encompassing city-states like Babylon with rich cultural heritage"
    },
    {
      "term": "Textual Analysis",
      "explanation": "A methodological approach to interpreting written sources, considering linguistic, historical, and contextual factors"
    },
    {
      "term": "Cultural Heritage",
      "explanation": "The legacy of physical artifacts and intangible attributes inherited from past generations"
    },
    {
      "term": "Interdisciplinary",
      "explanation": "Involving multiple academic fields, such as combining computer science with history"
    },
    {
      "term": "Primary Source",
      "explanation": "An original document or artifact that provides direct evidence about a historical period"
    }
  ],
  "questions": [
    {
      "question": "What computational technology was pivotal in reconstructing the hymn?",
      "options": [
        "Artificial intelligence",
        "Blockchain",
        "Quantum computing",
        "Virtual reality"
      ],
      "correct_answer": "Artificial intelligence"
    },
    {
      "question": "Which ancient civilization is associated with the hymn?",
      "options": [
        "Babylonian",
        "Assyrian",
        "Sumerian",
        "Akkadian"
      ],
      "correct_answer": "Babylonian"
    },
    {
      "question": "What unique social aspect does the hymn highlight?",
      "options": [
        "Women's priestly roles",
        "Slave emancipation",
        "Democratic governance",
        "Military hierarchies"
      ],
      "correct_answer": "Women's priestly roles"
    },
    {
      "question": "Approximately how many years ago was the hymn composed?",
      "options": [
        "3,000 years",
        "2,000 years",
        "4,000 years",
        "1,000 years"
      ],
      "correct_answer": "3,000 years"
    },
    {
      "question": "What themes are glorified in the hymn?",
      "options": [
        "Beauty and prosperity",
        "War and conquest",
        "Famine and drought",
        "Isolation and secrecy"
      ],
      "correct_answer": "Beauty and prosperity"
    },
    {
      "question": "How were the hymn fragments originally distributed?",
      "options": [
        "Scattered globally",
        "Concentrated in one region",
        "Buried in a single site",
        "Lost in a library"
      ],
      "correct_answer": "Scattered globally"
    },
    {
      "question": "What was the historical context of the hymn's use?",
      "options": [
        "Educational purposes",
        "Legal disputes",
        "Military training",
        "Trade agreements"
      ],
      "correct_answer": "Educational purposes"
    },
    {
      "question": "Which academic field is most directly impacted by this discovery?",
      "options": [
        "Archaeology",
        "Astrophysics",
        "Economics",
        "Medicine"
      ],
      "correct_answer": "Archaeology"
    },
    {
      "question": "What methodological approach was used in the research?",
      "options": [
        "AI-driven textual analysis",
        "Ethnographic fieldwork",
        "Laboratory experiments",
        "Statistical surveys"
      ],
      "correct_answer": "AI-driven textual analysis"
    },
    {
      "question": "What does the hymn's inclusivity suggest about Babylonian society?",
      "options": [
        "It had diverse gender roles",
        "It was highly militarized",
        "It rejected foreign influences",
        "It focused solely on royalty"
      ],
      "correct_answer": "It had diverse gender roles"
    },
    {
      "question": "How does AI contribute to historical studies in this case?",
      "options": [
        "By reconstructing fragmented texts",
        "By predicting future events",
        "By creating digital art",
        "By automating excavations"
      ],
      "correct_answer": "By reconstructing fragmented texts"
    },
    {
      "question": "What critical assessment can be made of the evidence?",
      "options": [
        "It relies on AI interpretation, which may have biases",
        "It is based on eyewitness accounts",
        "It comes from a single unbiased source",
        "It has been verified by multiple independent studies"
      ],
      "correct_answer": "It relies on AI interpretation, which may have biases"
    }
  ],
  "background_read": [
    "Babylon, located in ancient Mesopotamia (modern-day Iraq), was a pivotal center of the Babylonian Empire from the 18th to 6th centuries BCE, renowned for its legal codes, such as Hammurabi's Code, and architectural marvels like the Ishtar Gate. Hymns from this period were often composed in Akkadian and served religious and educational functions, reflecting societal values. The integration of artificial intelligence in historical research involves machine learning algorithms that analyze linguistic patterns and contextual data to reassemble incomplete texts, drawing from fields like computational linguistics and digital humanities. This approach raises questions about accuracy, bias in AI models, and the ethical implications of technologically mediated historical interpretation."
  ],
  "Article_Structure": [
    "This article examines the reconstruction of a 3,000-year-old Babylonian hymn using artificial intelligence, with main points emphasizing the hymn's celebration of Babylon's beauty, prosperity, and inclusivity, including rare accounts of women in priestly roles. The purpose is to demonstrate how AI can bridge historical gaps and enrich our understanding of ancient civilizations, set against the broader context of technological advancements in humanities research. Evidence evaluation notes that the AI analysis of scattered fragments provides compelling but indirect support, reliant on algorithmic interpretations that may introduce biases if training data is limited. Author credibility is inferred from publication in Science Daily, suggesting scientific rigor, though specific expertise in Assyriology or AI is not detailed. Methodology involves applying AI algorithms for pattern recognition and textual reassembly from archaeological finds, but critical assessment highlights strengths in innovative problem-solving and limitations in potential over-reliance on technology without traditional scholarly verification."
  ],
  "perspectives": [
    {
      "perspective": "Historical Perspective",
      "description": "Views the hymn as a vital source for re-evaluating gender dynamics and cultural practices in ancient Mesopotamia."
    },
    {
      "perspective": "Technological Perspective",
      "description": "Advocates for the use of AI in preserving cultural heritage, while cautioning about algorithmic biases and the need for interdisciplinary validation."
    }
  ],
  "image_url": "/article_images/article_2cf654bdd2db06ae_76082eb2a9a1.webp"
}