{
  "title": "BBC Exposes Transnational Fraud Network Preying on Pediatric Cancer Patients via Crowdfunding",
  "summary": "The BBC World Service's investigative report reveals a sophisticated transnational scam network that systematically exploits families of children with cancer through fraudulent crowdfunding campaigns. Centered on emotional manipulation, the network produces professionally edited videos featuring pediatric patients, such as Khalil, a seven-year-old who was subjected to fabricated scenarios—including fake medical apparatus and scripted pleas—to solicit donations for life-saving treatments. These campaigns, often orchestrated under the guise of organizations like Chance Letikva, amass substantial funds; for instance, Khalil's campaign raised $27,000, yet his family received only a nominal $700 filming fee prior to his death. The investigation identifies 15 families globally who were defrauded, with nine reporting no access to approximately $4 million raised in their names. A pivotal figure, Erez Hadari, an Israeli national residing in Canada, is implicated as a key orchestrator. The scam's methodology involves selectively targeting 'beautiful children' aged three to nine without hair to maximize donor sympathy, as disclosed by a whistleblower. Initiated by the observation of distressing YouTube advertisements, such as one for Alexandra from Ghana that raised nearly $700,000, the inquiry underscores the proliferation of similar slickly produced content across digital platforms. This exposé critically examines the ethical breaches, including the use of staged elements like menthol-induced tears, and calls for enhanced scrutiny of online charitable mechanisms to mitigate such predatory practices.",
  "keywords": [
    {
      "term": "transnational fraud",
      "explanation": "criminal activities that cross national borders to deceive and steal funds"
    },
    {
      "term": "pediatric oncology",
      "explanation": "the medical field focused on cancer in children"
    },
    {
      "term": "emotional manipulation",
      "explanation": "strategically evoking feelings to influence behavior, often unethically"
    },
    {
      "term": "crowdfunding ethics",
      "explanation": "moral principles governing online fundraising to ensure transparency and honesty"
    },
    {
      "term": "investigative journalism",
      "explanation": "in-depth reporting that uncovers hidden truths and holds power accountable"
    },
    {
      "term": "predatory practices",
      "explanation": "exploitative actions that take advantage of vulnerable individuals for gain"
    },
    {
      "term": "digital platform accountability",
      "explanation": "the responsibility of online sites to monitor and prevent fraudulent activities"
    },
    {
      "term": "whistleblower testimony",
      "explanation": "evidence provided by insiders revealing organizational misconduct"
    },
    {
      "term": "financial exploitation",
      "explanation": "the illegal or unethical use of someone's financial resources without consent"
    },
    {
      "term": "global health inequities",
      "explanation": "disparities in health access and outcomes across different regions"
    }
  ],
  "questions": [
    {
      "question": "What characterizes the scam network's operational strategy?",
      "options": [
        "Using emotional videos of children with cancer to solicit donations",
        "Selling counterfeit medical supplies",
        "Providing legitimate treatment services",
        "Conducting clinical trials for new drugs"
      ],
      "correct_answer": "Using emotional videos of children with cancer to solicit donations"
    },
    {
      "question": "How did the BBC's investigation begin, and what was a key case?",
      "options": [
        "Noticed a YouTube ad for Alexandra from Ghana, raising $700,000",
        "Received a tip from Erez Hadari",
        "Analyzed government health records",
        "Interviewed only Khalil's family"
      ],
      "correct_answer": "Noticed a YouTube ad for Alexandra from Ghana, raising $700,000"
    },
    {
      "question": "What ethical violation is highlighted in Khalil's video production?",
      "options": [
        "Use of fake medical setups and scripted lines to manipulate viewers",
        "Failure to obtain parental consent",
        "Broadcasting without editing",
        "Using real medical procedures"
      ],
      "correct_answer": "Use of fake medical setups and scripted lines to manipulate viewers"
    },
    {
      "question": "What is the significance of the whistleblower's disclosure about selecting children?",
      "options": [
        "It reveals the network's targeted criteria to maximize emotional impact",
        "It shows the network's charitable intentions",
        "It indicates a focus on older teenagers",
        "It demonstrates a preference for healthy children"
      ],
      "correct_answer": "It reveals the network's targeted criteria to maximize emotional impact"
    },
    {
      "question": "How does the article assess the credibility of the evidence presented?",
      "options": [
        "Based on victim testimonies, whistleblower accounts, and documented campaigns",
        "Solely on anonymous online posts",
        "Through government audits only",
        "By relying on scam network statements"
      ],
      "correct_answer": "Based on victim testimonies, whistleblower accounts, and documented campaigns"
    },
    {
      "question": "What broader issue does this scam reflect in global health contexts?",
      "options": [
        "Exploitation of health disparities and lack of access to treatment",
        "Advances in pediatric oncology research",
        "Increased government funding for cancer care",
        "Improvements in digital donation platforms"
      ],
      "correct_answer": "Exploitation of health disparities and lack of access to treatment"
    },
    {
      "question": "What methodological approach did the BBC use in its investigation?",
      "options": [
        "Analyzing online videos, interviewing affected parties, and tracking financial data",
        "Conducting laboratory experiments",
        "Surveying random donors only",
        "Reviewing historical medical texts"
      ],
      "correct_answer": "Analyzing online videos, interviewing affected parties, and tracking financial data"
    },
    {
      "question": "How might this scam impact public trust in charitable giving?",
      "options": [
        "It could erode confidence and lead to decreased donations to legitimate causes",
        "It has no effect on public trust",
        "It increases donations due to heightened awareness",
        "It only affects online platforms, not traditional charities"
      ],
      "correct_answer": "It could erode confidence and lead to decreased donations to legitimate causes"
    },
    {
      "question": "What critical assessment can be made of the article's limitations?",
      "options": [
        "It may have a limited sample size and rely on self-reported data from families",
        "It provides exhaustive global coverage of all similar scams",
        "It includes verified financial audits from all campaigns",
        "It avoids any emotional language to remain objective"
      ],
      "correct_answer": "It may have a limited sample size and rely on self-reported data from families"
    },
    {
      "question": "What role does digital media play in facilitating this type of fraud?",
      "options": [
        "It enables widespread dissemination of manipulative content and easy fundraising",
        "It prevents scams through strict regulations",
        "It is only used for legitimate health education",
        "It has no connection to charitable activities"
      ],
      "correct_answer": "It enables widespread dissemination of manipulative content and easy fundraising"
    }
  ],
  "background_read": [
    "This article addresses a critical intersection of ethics, journalism, and global health. Pediatric cancer often necessitates expensive treatments, leading families to pursue crowdfunding as a financial lifeline, particularly in regions with inadequate healthcare systems. However, this vulnerability is exploited by transnational fraud networks that leverage digital platforms to orchestrate sophisticated scams. The BBC's investigation exemplifies rigorous investigative journalism, employing methods such as content analysis, stakeholder interviews, and financial tracing to uncover systemic abuse. Understanding this issue requires knowledge of crowdfunding dynamics, digital media ethics, and the socio-economic factors that heighten exploitation risks. It also invites discussion on regulatory frameworks for online donations and the responsibilities of platforms in curbing fraudulent activities. This context underscores the importance of critical media literacy and ethical considerations in charitable engagements to protect vulnerable populations."
  ],
  "Article_Structure": [
    "The article's main points detail a transnational scam exploiting pediatric cancer patients through fraudulent crowdfunding, with evidence from cases like Khalil and Alexandra. Its purpose is to expose systemic fraud and advocate for donor vigilance. Evidence evaluation shows robust qualitative data from victim and whistleblower testimonies, though quantitative financial tracking may have gaps. Author credibility is strong due to BBC's reputable investigative track record, but potential biases include emotional framing to highlight victim suffering. Methodology involves multi-source verification and digital content analysis, offering depth but limited by reliance on self-reported family accounts and a focused sample. Critical assessment notes the article's effectiveness in raising awareness but identifies limitations in scope and the need for cross-verification with external audits to strengthen claims."
  ],
  "perspectives": [
    {
      "perspective": "Sociological view",
      "description": "Examines how social vulnerabilities and global inequalities are exploited in digital age scams."
    },
    {
      "perspective": "Media studies view",
      "description": "Analyzes the role of digital platforms and emotional narratives in shaping public response and fraud propagation."
    },
    {
      "perspective": "Policy-oriented view",
      "description": "Focuses on regulatory measures and platform accountability to prevent future exploitation in online fundraising."
    }
  ],
  "image_url": "/article_images/article_caac82442d58528c_eaa6b19140e5.webp"
}