{
  "title": "Fun Moments at the Bafta Film Awards",
  "summary": "The Bafta Film Awards are a big event for movies in Britain. This year, there were many exciting moments. Robert Aramayo won the best actor award, which was a surprise because many people thought Timothée Chalamet would win. Chalamet's movie did not win any awards even though it had many nominations. The Prince and Princess of Wales also came to the awards. Prince William is the president of Bafta and gave a speech. He talked about movies he likes, such as the F1 movie with great music. The event had famous stars, fun surprises, and even Paddington Bear. It was a night full of drama and happiness for everyone who loves films.",
  "keywords": [
    {
      "term": "Bafta",
      "explanation": "a big award show for movies in Britain"
    },
    {
      "term": "actor",
      "explanation": "a person who acts in movies"
    },
    {
      "term": "surprise",
      "explanation": "something unexpected that happens"
    },
    {
      "term": "nomination",
      "explanation": "when a movie or person is chosen to possibly win an award"
    },
    {
      "term": "president",
      "explanation": "the leader of an organization"
    },
    {
      "term": "speech",
      "explanation": "a talk given to an audience"
    }
  ],
  "questions": [
    {
      "question": "Who won the best actor award at the Bafta Film Awards?",
      "options": [
        "Robert Aramayo",
        "Timothée Chalamet",
        "Prince William",
        "Hans Zimmer"
      ],
      "correct_answer": "Robert Aramayo"
    },
    {
      "question": "What did many people think would happen with Timothée Chalamet?",
      "options": [
        "He would win best actor",
        "He would give a speech",
        "He would not come",
        "He would watch a movie"
      ],
      "correct_answer": "He would win best actor"
    },
    {
      "question": "How many awards did Timothée Chalamet's movie win?",
      "options": [
        "Zero",
        "One",
        "Eleven",
        "Two"
      ],
      "correct_answer": "Zero"
    },
    {
      "question": "Who is the president of Bafta?",
      "options": [
        "Prince William",
        "Robert Aramayo",
        "Timothée Chalamet",
        "Paddington Bear"
      ],
      "correct_answer": "Prince William"
    },
    {
      "question": "What did Prince William say about the F1 movie?",
      "options": [
        "It was fantastic because of the music",
        "It was a bit dark",
        "He hasn't watched it",
        "It had great actors"
      ],
      "correct_answer": "It was fantastic because of the music"
    },
    {
      "question": "Who else came to the awards besides Hollywood stars?",
      "options": [
        "The Prince and Princess of Wales",
        "Only actors",
        "Only musicians",
        "Only directors"
      ],
      "correct_answer": "The Prince and Princess of Wales"
    }
  ],
  "background_read": [
    "The Bafta Film Awards are an annual event in Britain that celebrates the best movies and actors. It is like the Oscars but for British films. Many famous people attend, and it is a big night with awards, speeches, and surprises. This year, there was a surprising win and royal guests, making it an exciting event for movie fans."
  ],
  "Article_Structure": [
    "WHO: Robert Aramayo, Timothée Chalamet, Prince William, and other stars at the Bafta Awards.",
    "WHAT: A report on the highlights of the Bafta Film Awards, including award wins and royal appearances.",
    "WHERE: At the Royal Festival Hall in Britain for the Bafta Awards.",
    "WHY: To share the fun and surprising moments from the awards show with readers."
  ],
  "perspectives": [
    {
      "perspective": "Entertainment View",
      "description": "The article focuses on the exciting and dramatic moments at the awards, making it fun for people who enjoy movies and celebrity news."
    }
  ],
  "image_url": "/article_images/article_18eb7cf75eea867c_3b9aeb353228.webp"
}