{
  "title": "An Analysis of Key Moments at the Bafta Film Awards: Upsets, Royalty, and Industry Dynamics",
  "summary": "The Bafta Film Awards, a cornerstone event in the British cinematic landscape, presented a multifaceted narrative this year, characterized by dramatic upsets and symbolic appearances. Robert Aramayo's victory in the leading actor category, over the heavily favored Timothée Chalamet, exemplifies the unpredictability inherent in award ceremonies, challenging preconceived notions of frontrunner dominance. Chalamet's film, Marty Supreme, despite accruing 11 nominations, secured no awards, prompting reflections on the alignment between critical anticipation and actual outcomes. The presence of the Prince and Princess of Wales, marking their first public engagement since a familial legal incident, added a layer of royal prestige and media scrutiny. Prince William, in his capacity as Bafta president, delivered a speech and engaged in film discourse, notably praising the F1 movie's musical score by Hans Zimmer while expressing reservations about Sinners' darker themes. This event underscores the interplay between artistic recognition, celebrity culture, and institutional roles, offering insights into the evolving dynamics of the film industry and its public representation.",
  "keywords": [
    {
      "term": "cinematic landscape",
      "explanation": "the overall environment and trends within the film industry, including production, awards, and cultural impact"
    },
    {
      "term": "unpredictability",
      "explanation": "the quality of being not easily foreseen, often leading to surprising outcomes in competitive settings like awards"
    },
    {
      "term": "frontrunner dominance",
      "explanation": "the expectation that a leading candidate will win, based on prior success or hype, which can be disrupted"
    },
    {
      "term": "critical anticipation",
      "explanation": "the expectations formed by critics and analysts regarding award outcomes, which may not always match reality"
    },
    {
      "term": "royal prestige",
      "explanation": "the elevated status and attention brought by the involvement of monarchy members, influencing public and media perception"
    },
    {
      "term": "institutional roles",
      "explanation": "the formal positions within organizations, such as Prince William's presidency at Bafta, shaping event narratives and authority"
    },
    {
      "term": "artistic recognition",
      "explanation": "the acknowledgment and celebration of creative achievements in film, central to award ceremonies"
    },
    {
      "term": "celebrity culture",
      "explanation": "the societal focus on famous individuals, affecting event dynamics and media coverage"
    },
    {
      "term": "public representation",
      "explanation": "how events and figures are portrayed to the audience, influencing perceptions of the film industry"
    },
    {
      "term": "evolving dynamics",
      "explanation": "the changing relationships and trends within an industry, reflecting shifts in values and practices"
    }
  ],
  "questions": [
    {
      "question": "How does Robert Aramayo's win challenge the concept of frontrunner dominance at award shows?",
      "options": [
        "It shows that predictions can be wrong and underdogs can succeed",
        "It proves that only British actors win Baftas",
        "It indicates that music is more important than acting",
        "It suggests that royal attendance guarantees wins"
      ],
      "correct_answer": "It shows that predictions can be wrong and underdogs can succeed"
    },
    {
      "question": "What implications does Marty Supreme's zero awards have for understanding critical anticipation?",
      "options": [
        "It highlights a disconnect between nominations and actual wins",
        "It shows that all nominated films win awards",
        "It proves that dark themes are unpopular",
        "It indicates that only frontrunners get nominations"
      ],
      "correct_answer": "It highlights a disconnect between nominations and actual wins"
    },
    {
      "question": "In what way does the royal appearance add symbolic significance to the Bafta Awards?",
      "options": [
        "It brings prestige and media attention, linking monarchy to arts",
        "It ensures that all actors win awards",
        "It focuses only on Hollywood stars",
        "It reduces the event's competitiveness"
      ],
      "correct_answer": "It brings prestige and media attention, linking monarchy to arts"
    },
    {
      "question": "What role does Prince William's speech play in the event's institutional framework?",
      "options": [
        "It reinforces his authority as president and shapes public discourse",
        "It is merely ceremonial with no impact",
        "It only discusses personal film preferences",
        "It avoids any mention of awards"
      ],
      "correct_answer": "It reinforces his authority as president and shapes public discourse"
    },
    {
      "question": "How does the article use the F1 movie and Sinners to illustrate film discourse?",
      "options": [
        "By showing varied opinions on different genres and themes",
        "By proving that all films are equally praised",
        "By focusing only on music in films",
        "By avoiding any critical assessment"
      ],
      "correct_answer": "By showing varied opinions on different genres and themes"
    },
    {
      "question": "What does the interplay between artistic recognition and celebrity culture suggest about the film industry?",
      "options": [
        "That awards are influenced by both merit and public persona",
        "That only artistic merit matters",
        "That celebrity culture has no effect",
        "That awards avoid surprises entirely"
      ],
      "correct_answer": "That awards are influenced by both merit and public persona"
    },
    {
      "question": "How might the unpredictability of awards affect industry dynamics?",
      "options": [
        "It can encourage diversity and challenge established norms",
        "It makes awards predictable and boring",
        "It only benefits frontrunners",
        "It reduces media coverage"
      ],
      "correct_answer": "It can encourage diversity and challenge established norms"
    },
    {
      "question": "What methodological approach does the article take in reporting the Bafta highlights?",
      "options": [
        "Descriptive summarization of observed events and quotes",
        "Statistical analysis of nomination data",
        "Experimental research on audience reactions",
        "Theoretical modeling of award trends"
      ],
      "correct_answer": "Descriptive summarization of observed events and quotes"
    },
    {
      "question": "How does the author's credibility impact the analysis of the Bafta moments?",
      "options": [
        "BBC News sourcing lends factual reliability to the report",
        "The author is biased towards Hollywood stars",
        "It is based on personal opinions only",
        "It lacks any evidence or sources"
      ],
      "correct_answer": "BBC News sourcing lends factual reliability to the report"
    },
    {
      "question": "What critical assessment can be made about the article's coverage of the awards?",
      "options": [
        "It provides a balanced view but may oversimplify complex industry issues",
        "It is entirely biased and inaccurate",
        "It avoids any mention of key moments",
        "It focuses only on negative aspects"
      ],
      "correct_answer": "It provides a balanced view but may oversimplify complex industry issues"
    }
  ],
  "background_read": [
    "The Bafta Film Awards, administered by the British Academy of Film and Television Arts, represent a critical juncture in the annual film awards season, often serving as a bellwether for the Oscars. This event not only celebrates artistic excellence but also reflects broader socio-cultural trends, such as the integration of royalty into public arts patronage and the media's role in shaping celebrity narratives. Understanding Bafta requires knowledge of its historical context, judging criteria, and impact on film marketing and careers. The article's analysis should be situated within debates about award show predictability, the influence of institutional figures like Prince William, and the evolving relationship between film criticism and audience engagement in the digital age."
  ],
  "Article_Structure": [
    "This in-depth analysis examines the Bafta Film Awards through key arguments: the upset win of Robert Aramayo challenges award predictability, while Marty Supreme's snub questions nomination efficacy. The purpose is to explore industry dynamics and public representation. Evidence evaluation notes reliance on direct event reporting, with credible sourcing from BBC News, though limited to surface observations. Author credibility is strong due to institutional backing, but potential bias towards entertainment over critical depth exists. Methodology involves descriptive summarization, lacking empirical data. Critical assessment highlights strengths in capturing highlights but limitations in probing underlying issues like judging biases or long-term industry impacts."
  ],
  "perspectives": [
    {
      "perspective": "Critical Cultural View",
      "description": "The article can be seen as a reflection of how award shows mediate between artistic merit and popular culture, emphasizing spectacle and royal involvement over deeper cinematic analysis."
    }
  ],
  "image_url": "/article_images/article_18eb7cf75eea867c_3b9aeb353228.webp"
}