{
  "title": "An Analysis of Sportsmanship and Emergency Response at the Australian Open",
  "summary": "During a first-round match at the Australian Open, a ball girl collapsed near the umpire's chair, prompting an immediate response from Turkish tennis player Zeynep Sonmez. Sonmez, ranked 112th globally, assisted the girl as she fainted and shook, guiding her to the sidelines where medical staff provided on-site care in the shade. After a six-minute interruption, the match resumed, and Sonmez later secured an upset victory over Ekaterina Alexandrova in three sets. In post-match comments, Sonmez articulated a philosophy prioritizing human decency over athletic achievement, stating it was instinctual to help and that being a good human being surpasses being a good tennis player. Tennis Australia verified the incident and the medical attention provided. This event underscores themes of sportsmanship, emergency preparedness at major tournaments, and the ethical dimensions of professional sports, illustrating how athletes can model compassionate behavior under pressure.",
  "keywords": [
    {
      "term": "ethical dimensions",
      "explanation": "the moral aspects or principles involved in a situation, such as doing the right thing"
    },
    {
      "term": "emergency preparedness",
      "explanation": "plans and resources in place to handle sudden health or safety issues, like medical staff at events"
    },
    {
      "term": "compassionate behavior",
      "explanation": "actions showing empathy and care for others, especially in difficult situations"
    },
    {
      "term": "post-match comments",
      "explanation": "statements made by athletes after a game, often reflecting on events and values"
    }
  ],
  "questions": [
    {
      "question": "What philosophical stance did Sonmez express regarding her actions?",
      "options": [
        "Being a good human being is more important than being a good tennis player",
        "Winning is everything in sports",
        "Athletes should focus solely on performance",
        "Helping others is optional"
      ],
      "correct_answer": "Being a good human being is more important than being a good tennis player"
    },
    {
      "question": "How did Sonmez describe the ball girl's condition after fainting?",
      "options": [
        "She was shaking and not fine",
        "She was completely fine",
        "She was laughing",
        "She was angry"
      ],
      "correct_answer": "She was shaking and not fine"
    },
    {
      "question": "What role did Tennis Australia play in confirming the incident?",
      "options": [
        "They verified the medical attention provided",
        "They denied it happened",
        "They punished Sonmez",
        "They canceled the match"
      ],
      "correct_answer": "They verified the medical attention provided"
    },
    {
      "question": "What does the article suggest about emergency protocols at the Australian Open?",
      "options": [
        "Medical staff were available on site",
        "No help was provided",
        "Only players can assist",
        "Delays are not allowed"
      ],
      "correct_answer": "Medical staff were available on site"
    },
    {
      "question": "How did Sonmez's ranking influence the narrative of her upset victory?",
      "options": [
        "It highlighted her as an underdog",
        "It was irrelevant",
        "It showed she was favored",
        "It caused controversy"
      ],
      "correct_answer": "It highlighted her as an underdog"
    },
    {
      "question": "What broader theme does the article connect to Sonmez's actions?",
      "options": [
        "Sportsmanship and ethical behavior",
        "Technical tennis skills",
        "Financial rewards",
        "Media coverage"
      ],
      "correct_answer": "Sportsmanship and ethical behavior"
    },
    {
      "question": "What was the duration of the match delay caused by the incident?",
      "options": [
        "Six minutes",
        "One hour",
        "No delay",
        "Ten minutes"
      ],
      "correct_answer": "Six minutes"
    },
    {
      "question": "How did Sonmez assist the ball girl after she fainted?",
      "options": [
        "By helping her walk to the side",
        "By calling an ambulance",
        "By giving her water immediately",
        "By ignoring her"
      ],
      "correct_answer": "By helping her walk to the side"
    },
    {
      "question": "What did Sonmez hope to do if she saw the ball girl again?",
      "options": [
        "Speak to her",
        "Avoid her",
        "Criticize her",
        "Give her a prize"
      ],
      "correct_answer": "Speak to her"
    },
    {
      "question": "What does the article imply about the impact of such incidents on public perception of sports?",
      "options": [
        "They can enhance the image of athletes as compassionate",
        "They are usually ignored",
        "They lead to negative publicity",
        "They reduce interest in sports"
      ],
      "correct_answer": "They can enhance the image of athletes as compassionate"
    }
  ],
  "background_read": [
    "The Australian Open, part of the Grand Slam circuit, operates under strict health and safety guidelines to manage risks like heat-related illnesses. Ball persons are essential for match flow but vulnerable to environmental stressors. Ethical discussions in sports often revolve around balancing competition with humanity, as seen in incidents where athletes prioritize welfare over performance. Media coverage of such events can shape narratives around sportsmanship, influencing how fans and institutions value compassionate acts in high-stakes environments."
  ],
  "Article_Structure": [
    "Main Points: The article details Zeynep Sonmez's assistance to a fainting ball girl, her post-match reflections on humanity over athleticism, and the subsequent match outcome. Purpose: To explore the intersection of sportsmanship, emergency response, and ethical values in professional tennis, providing a case study of compassionate action under pressure. Evidence Evaluation: Relies on direct quotes from Sonmez and official confirmation from Tennis Australia, offering credible but limited sources; lacks diverse perspectives or statistical data. Author Credibility: BBC Sport provides authoritative reporting, but the article is concise and may oversimplify complex issues. Methodology: Uses interview-based reporting and official statements, presenting a narrative-focused approach without in-depth investigative techniques. Critical Assessment: Strengths include timely reporting and highlighting positive behavior; limitations involve minimal analysis of broader implications or alternative viewpoints."
  ],
  "perspectives": [
    {
      "perspective": "Ethical Leadership in Athletics",
      "description": "Sonmez's actions serve as an example of how athletes can lead by example, promoting values beyond mere competition."
    }
  ],
  "image_url": "/article_images/article_4a9244f8f48d675f_339dd82dca22.webp"
}