{
  "title": "Metabolic Interference in Chronic Wound Pathogenesis: A Study on Enterococcus faecalis",
  "summary": "A collaborative international study has elucidated a novel mechanism by which Enterococcus faecalis impedes the healing of chronic wounds, such as diabetic foot ulcers. The research demonstrates that E. faecalis employs extracellular electron transport to continuously generate hydrogen peroxide, a reactive oxygen species that induces oxidative stress in human keratinocytes. This oxidative stress activates the unfolded protein response, a cellular defense mechanism that paradoxically compromises the cells' capacity for wound repair. Chronic wounds represent a pressing global health concern, with diabetic foot ulcers affecting approximately 18.6 million individuals annually and contributing significantly to lower limb amputations. The presence of antibiotic-resistant strains of E. faecalis exacerbates treatment challenges, underscoring the need for alternative therapeutic approaches. Conducted by researchers from Nanyang Technological University in Singapore and the University of Geneva in Switzerland, and published in Science Advances, the study provides empirical evidence from laboratory experiments. By identifying this bacterial metabolic pathway as a key factor in wound chronicity, the findings suggest that targeting extracellular electron transport could facilitate enhanced healing outcomes, offering a promising avenue for clinical intervention in managing refractory wounds.",
  "keywords": [
    {
      "term": "extracellular electron transport",
      "explanation": "a bacterial metabolic pathway that produces hydrogen peroxide, contributing to oxidative stress"
    },
    {
      "term": "oxidative stress",
      "explanation": "cellular damage caused by an imbalance between reactive oxygen species and antioxidant defenses"
    },
    {
      "term": "unfolded protein response",
      "explanation": "a stress response in eukaryotic cells that can lead to impaired cellular function when activated"
    },
    {
      "term": "keratinocytes",
      "explanation": "epidermal cells involved in wound re-epithelialization and barrier function"
    },
    {
      "term": "antibiotic resistance",
      "explanation": "the ability of bacteria to survive exposure to antibiotics, complicating infection management"
    },
    {
      "term": "chronic wound pathogenesis",
      "explanation": "the biological processes underlying the development and persistence of non-healing wounds"
    }
  ],
  "questions": [
    {
      "question": "What is the role of extracellular electron transport in E. faecalis?",
      "options": [
        "It generates hydrogen peroxide",
        "It produces antibiotics",
        "It enhances cell division",
        "It degrades toxins"
      ],
      "correct_answer": "It generates hydrogen peroxide"
    },
    {
      "question": "How does oxidative stress affect keratinocytes in wound healing?",
      "options": [
        "It activates the unfolded protein response, impairing repair",
        "It promotes cell proliferation",
        "It has no effect",
        "It increases antibiotic sensitivity"
      ],
      "correct_answer": "It activates the unfolded protein response, impairing repair"
    },
    {
      "question": "What is the significance of antibiotic resistance in this context?",
      "options": [
        "It makes E. faecalis infections harder to treat",
        "It speeds up wound healing",
        "It reduces bacterial growth",
        "It eliminates oxidative stress"
      ],
      "correct_answer": "It makes E. faecalis infections harder to treat"
    },
    {
      "question": "Which journal published this study?",
      "options": [
        "Science Advances",
        "Cell",
        "The Lancet",
        "PNAS"
      ],
      "correct_answer": "Science Advances"
    },
    {
      "question": "What cellular response is triggered by hydrogen peroxide in skin cells?",
      "options": [
        "Unfolded protein response",
        "Apoptosis",
        "Mitosis",
        "Differentiation"
      ],
      "correct_answer": "Unfolded protein response"
    },
    {
      "question": "What is a potential therapeutic implication of this research?",
      "options": [
        "Targeting extracellular electron transport to enhance healing",
        "Using more antibiotics",
        "Ignoring bacterial metabolism",
        "Focusing only on surgical interventions"
      ],
      "correct_answer": "Targeting extracellular electron transport to enhance healing"
    },
    {
      "question": "How many people are estimated to develop diabetic foot ulcers yearly?",
      "options": [
        "About 18.6 million",
        "About 10 million",
        "About 25 million",
        "About 5 million"
      ],
      "correct_answer": "About 18.6 million"
    },
    {
      "question": "Who were the lead researchers in this study?",
      "options": [
        "Guillaume Thibault and Kimberly Kline",
        "Aaron Tan alone",
        "A team from the USA",
        "Only Geneva-based scientists"
      ],
      "correct_answer": "Guillaume Thibault and Kimberly Kline"
    },
    {
      "question": "What type of stress does hydrogen peroxide cause in cells?",
      "options": [
        "Oxidative stress",
        "Mechanical stress",
        "Thermal stress",
        "Emotional stress"
      ],
      "correct_answer": "Oxidative stress"
    },
    {
      "question": "What is the broader impact of chronic wounds on healthcare?",
      "options": [
        "They increase amputation rates and treatment costs",
        "They have minimal effect",
        "They only affect young people",
        "They are easily preventable"
      ],
      "correct_answer": "They increase amputation rates and treatment costs"
    }
  ],
  "background_read": [
    "Chronic wounds, including diabetic foot ulcers, pressure injuries, and venous leg ulcers, pose a substantial burden on global healthcare systems, with high prevalence among aging populations and individuals with comorbidities like diabetes. The pathogenesis involves complex interactions between host factors and microbial infections, with antibiotic-resistant bacteria such as Enterococcus faecalis presenting significant treatment hurdles. Understanding the molecular mechanisms, such as metabolic pathways and cellular stress responses, is critical for developing innovative therapies to improve healing and reduce morbidity."
  ],
  "Article_Structure": [
    "Main Points: The study details how Enterococcus faecalis uses extracellular electron transport to produce hydrogen peroxide, causing oxidative stress in keratinocytes and activating the unfolded protein response, which hinders wound healing. Purpose: To investigate the specific biological mechanisms behind chronic wound non-healing and identify potential therapeutic targets, addressing gaps in current treatment paradigms. Evidence Evaluation: Relies on controlled laboratory experiments providing robust in vitro data, but may lack clinical validation; published in a reputable peer-reviewed journal enhances credibility. Author Credibility: Researchers from NTU Singapore and University of Geneva possess expertise in microbiology and cell biology, with affiliations to respected institutions. Methodology: Involves experimental analysis of bacterial metabolism and cellular responses, using techniques to measure hydrogen peroxide production and stress markers in skin cells. Critical Assessment: Strengths include novel mechanistic insights and potential for clinical translation; limitations involve the in vitro nature of the study and need for in vivo confirmation to assess real-world applicability."
  ],
  "perspectives": [
    {
      "perspective": "Clinical",
      "description": "This research could inform the development of targeted therapies that disrupt bacterial metabolic pathways, offering a new approach to managing chronic wounds resistant to conventional treatments."
    }
  ],
  "image_url": "/article_images/article_56bcb744ac8faff5_09eff5f8a5b7.webp"
}