{
  "title": "Famous People We Lost in 2025",
  "summary": "In 2025, we said goodbye to many famous people from movies, TV, and other fields. This article remembers them, including actors like Diane Keaton, who won an Oscar for Annie Hall, and Robert Redford, a handsome star who started the Sundance Film Festival. It also talks about Pope Francis, the first non-European Pope in over 1,000 years, and Ozzy Osbourne, a rock singer. Other stars mentioned are Gene Hackman, known for tough roles, and Prunella Scales, who played Sybil in Fawlty Towers. The article shares stories about their lives and careers, helping us learn why they were important. It's a way to honor their memories and the joy they brought to people around the world.",
  "keywords": [
    {
      "term": "Oscar",
      "explanation": "a special award for actors and filmmakers"
    },
    {
      "term": "Sundance Film Festival",
      "explanation": "a big event for movies made by independent people"
    },
    {
      "term": "Pope",
      "explanation": "the leader of the Catholic Church"
    },
    {
      "term": "sitcom",
      "explanation": "a funny TV show with episodes"
    },
    {
      "term": "career",
      "explanation": "the jobs and work someone does over their life"
    }
  ],
  "questions": [
    {
      "question": "Who won an Oscar for Annie Hall?",
      "options": [
        "Diane Keaton",
        "Robert Redford",
        "Gene Hackman",
        "Prunella Scales"
      ],
      "correct_answer": "Diane Keaton"
    },
    {
      "question": "What did Robert Redford start to help independent filmmakers?",
      "options": [
        "The Sundance Film Festival",
        "The Oscars",
        "A TV show",
        "A movie studio"
      ],
      "correct_answer": "The Sundance Film Festival"
    },
    {
      "question": "Who was the first non-European Pope in over 1,000 years?",
      "options": [
        "Pope Francis",
        "Ozzy Osbourne",
        "Diane Keaton",
        "Robert Redford"
      ],
      "correct_answer": "Pope Francis"
    },
    {
      "question": "Which actor is known for playing Sybil in Fawlty Towers?",
      "options": [
        "Prunella Scales",
        "Diane Keaton",
        "Gene Hackman",
        "Robert Redford"
      ],
      "correct_answer": "Prunella Scales"
    },
    {
      "question": "What is a sitcom?",
      "options": [
        "A funny TV show",
        "A serious movie",
        "A music award",
        "A type of book"
      ],
      "correct_answer": "A funny TV show"
    },
    {
      "question": "Why does the article talk about these famous people?",
      "options": [
        "To remember and honor them",
        "To teach about movies",
        "To sell tickets",
        "To make people laugh"
      ],
      "correct_answer": "To remember and honor them"
    }
  ],
  "background_read": [
    "This article is about famous people who passed away in 2025. It includes actors, a Pope, and a rock singer. They were important because they made movies, TV shows, or music that many people enjoyed. Learning about them helps us understand their contributions to culture and why they are remembered. It's a way to celebrate their lives and the impact they had on the world."
  ],
  "Article_Structure": [
    "WHO: Famous people like Diane Keaton, Robert Redford, Pope Francis, and Ozzy Osbourne.",
    "WHAT: An article remembering their lives and careers after they passed away in 2025.",
    "WHERE: They were from places like Hollywood, the Vatican, and London.",
    "WHY: To honor their memories and share why they were important to many people."
  ],
  "perspectives": [
    {
      "perspective": "Celebratory",
      "description": "The article focuses on celebrating the achievements and positive impacts of these individuals."
    }
  ],
  "image_url": "/article_images/article_e7eccc4137267568_f9b5ef669721.webp"
}