{
  "title": "TikTok Removes AI-Generated Weight Loss Ads from Fake Boots Account",
  "summary": "TikTok has taken down deceptive advertisements for prescription-only weight loss drugs that were created using AI to impersonate Boots, a reputable health and beauty retailer. The ads featured AI-generated images of healthcare professionals smiling and promoting the drugs, which is illegal in the UK as prescription medications cannot be advertised to the public. Boots reported the issue to TikTok, leading to the removal of the videos. However, the BBC discovered that the fake account, based in Hong Kong, remained active and was able to re-upload identical content. After further notification, TikTok deleted the account. The ads linked to a website selling weight loss drugs, using fabricated testimonials from customers and doctors, either AI-generated or stolen from other sites. Weight loss jabs are available on the NHS in England under strict criteria, but not over-the-counter. AI expert Sam Gregory highlighted the ease of creating convincing fake videos and emphasized the need for platforms to act swiftly against terms-of-service violations. This incident raises concerns about online safety and the effectiveness of content moderation on social media.",
  "keywords": [
    {
      "term": "AI-generated",
      "explanation": "created using artificial intelligence to produce realistic but fake content"
    },
    {
      "term": "prescription-only",
      "explanation": "refers to medications that require a doctor's authorization to obtain"
    },
    {
      "term": "impersonate",
      "explanation": "to pretend to be someone else, often to deceive others"
    },
    {
      "term": "terms of service",
      "explanation": "rules set by a platform that users must follow"
    },
    {
      "term": "content moderation",
      "explanation": "the process of monitoring and removing inappropriate or harmful content online"
    },
    {
      "term": "testimonials",
      "explanation": "statements from customers or experts used to promote a product, which can be faked"
    },
    {
      "term": "NHS",
      "explanation": "the National Health Service in the UK, which provides healthcare including prescription drugs"
    },
    {
      "term": "scams",
      "explanation": "fraudulent schemes designed to trick people into spending money or sharing personal information"
    }
  ],
  "questions": [
    {
      "question": "What did the fake ads on TikTok promote?",
      "options": [
        "Prescription-only weight loss drugs",
        "Over-the-counter vitamins",
        "Exercise equipment",
        "Beauty products"
      ],
      "correct_answer": "Prescription-only weight loss drugs"
    },
    {
      "question": "How were the healthcare professionals in the ads created?",
      "options": [
        "Using AI",
        "By real Boots employees",
        "Through animation",
        "With photoshop"
      ],
      "correct_answer": "Using AI"
    },
    {
      "question": "Why is advertising prescription weight loss drugs illegal in the UK?",
      "options": [
        "They require a doctor's prescription and strict criteria",
        "They are too expensive",
        "They have side effects",
        "They are not effective"
      ],
      "correct_answer": "They require a doctor's prescription and strict criteria"
    },
    {
      "question": "What did Boots do after becoming aware of the fake ads?",
      "options": [
        "Complained to TikTok",
        "Created their own ads",
        "Ignored the issue",
        "Sued the fake account"
      ],
      "correct_answer": "Complained to TikTok"
    },
    {
      "question": "Where was the fake account located?",
      "options": [
        "Hong Kong",
        "United Kingdom",
        "United States",
        "Australia"
      ],
      "correct_answer": "Hong Kong"
    },
    {
      "question": "What happened after TikTok initially removed the videos?",
      "options": [
        "The account re-uploaded them",
        "Boots apologized",
        "The ads became legal",
        "TikTok banned all weight loss content"
      ],
      "correct_answer": "The account re-uploaded them"
    },
    {
      "question": "What did the fake ads link to?",
      "options": [
        "A website selling weight loss drugs",
        "The Boots official website",
        "A NHS page",
        "A fitness app"
      ],
      "correct_answer": "A website selling weight loss drugs"
    },
    {
      "question": "What did AI expert Sam Gregory emphasize about platforms?",
      "options": [
        "They need to act quickly against scams",
        "They should allow all AI content",
        "They are not responsible for ads",
        "They should ban all weight loss discussions"
      ],
      "correct_answer": "They need to act quickly against scams"
    }
  ],
  "background_read": [
    "This article discusses a case of online fraud involving TikTok, where fake advertisements for weight loss drugs were created using AI to mimic Boots, a trusted retailer. Prescription-only drugs, such as weight loss jabs, are regulated because they can have serious health implications and require medical supervision. In the UK, the NHS provides these under specific conditions. AI technology has advanced to the point where it can generate highly realistic videos, posing challenges for detecting scams. Social media platforms like TikTok have terms of service that prohibit harmful content, but enforcement can be inconsistent. This incident highlights issues in digital literacy, as users may struggle to identify fake ads, and the importance of robust content moderation systems to prevent financial and health risks."
  ],
  "Article_Structure": [
    "This article analyzes a TikTok scam involving AI-generated ads for prescription weight loss drugs impersonating Boots. Main Points: The ads were illegal and deceptive, using fake healthcare professionals to promote drugs; Boots complained, leading to video removal, but the Hong Kong-based account persisted. Purpose: To expose vulnerabilities in social media moderation and warn about AI-enabled fraud. Evidence Evaluation: Relies on BBC investigation and statements from Boots and TikTok, providing credible but limited firsthand data. Author Credibility: The BBC is a reputable news source, but the article lacks direct interviews with the scammers. Methodology: Uses reported incidents and expert commentary from Sam Gregory to discuss broader implications of AI misuse."
  ],
  "perspectives": [
    {
      "perspective": "Regulatory enforcement",
      "description": "Highlights the need for stricter laws and faster action against online scams to protect consumers."
    }
  ],
  "image_url": "/article_images/article_8b3976c178d16d70_9bea6689fedc.webp"
}