{
  "title": "Indole-Mediated Microbiome Modulation as a Preventive Strategy for Childhood MASLD",
  "summary": "A recent study published in eBioMedicine investigates the protective role of indole, a gut bacterial metabolite derived from tryptophan, in mitigating the risk of metabolic dysfunction-associated steatotic liver disease (MASLD) in offspring. Researchers from the University of Oklahoma, including Jed Friedman and Karen Jonscher, conducted experiments on pregnant and lactating mice fed a Western-style high-fat, high-sugar diet, with some receiving indole supplementation. Offspring from indole-treated mothers exhibited significantly reduced incidence of fatty liver disease, evidenced by healthier hepatic profiles, attenuated weight gain, improved glycemic control, and diminished adipocyte size, even upon subsequent exposure to obesogenic diets. Mechanistically, indole activated the acyl hydrocarbon receptor (AHR) pathway and modulated ceramide metabolism, increasing beneficial very long-chain ceramides while suppressing harmful long-chain variants. The study further demonstrated that fecal microbiota transplantation from protected offspring conferred similar liver benefits, underscoring the microbiome's central role in this protective effect. With MASLD prevalence reaching approximately 30% in children with obesity and 10% in those without, and current management limited to weight loss due to a lack of pharmacotherapies, these findings propose early microbiome-targeted interventions as a novel preventive approach. Although translational to humans requires further validation, the research highlights the critical interplay between maternal diet, microbiome inheritance, and long-term metabolic health, offering insights into potential strategies for combating the escalating burden of pediatric liver disease.",
  "keywords": [
    {
      "term": "indole",
      "explanation": "a tryptophan-derived microbial metabolite that exhibits hepatoprotective effects through AHR activation"
    },
    {
      "term": "MASLD",
      "explanation": "metabolic dysfunction-associated steatotic liver disease, a progressive condition characterized by hepatic steatosis linked to metabolic syndrome"
    },
    {
      "term": "microbiome modulation",
      "explanation": "the alteration of gut microbial communities to influence host health, demonstrated here via indole supplementation"
    },
    {
      "term": "acyl hydrocarbon receptor (AHR)",
      "explanation": "a ligand-activated transcription factor involved in immune regulation and metabolic homeostasis, activated by indole"
    },
    {
      "term": "ceramide metabolism",
      "explanation": "the biochemical pathways governing ceramide species, with very long-chain ceramides associated with protective effects in liver disease"
    },
    {
      "term": "fecal microbiota transplantation",
      "explanation": "a technique transferring gut bacteria from one organism to another, used to confirm microbiome-mediated protection"
    },
    {
      "term": "maternal-offspring axis",
      "explanation": "the biological connection between maternal health during gestation/lactation and offspring developmental outcomes"
    },
    {
      "term": "preventive hepatology",
      "explanation": "the field focused on averting liver diseases through early interventions, as emphasized in this study"
    },
    {
      "term": "translational research",
      "explanation": "scientific work bridging animal models to human applications, noted as a limitation here"
    },
    {
      "term": "metabolic health",
      "explanation": "the state of optimal physiological function regarding energy metabolism, central to MASLD pathogenesis"
    }
  ],
  "questions": [
    {
      "question": "What is the primary mechanism by which indole exerts its protective effects in the study?",
      "options": [
        "Activation of the AHR pathway",
        "Inhibition of insulin secretion",
        "Enhancement of cholesterol synthesis",
        "Reduction of neurotransmitter levels"
      ],
      "correct_answer": "Activation of the AHR pathway"
    },
    {
      "question": "Which journal published the research findings?",
      "options": [
        "eBioMedicine",
        "Nature",
        "Science",
        "The Lancet"
      ],
      "correct_answer": "eBioMedicine"
    },
    {
      "question": "How did the study validate the microbiome's role in liver protection?",
      "options": [
        "Through fecal microbiota transplantation",
        "By genetic sequencing alone",
        "Using antibiotic treatment",
        "Via dietary recall surveys"
      ],
      "correct_answer": "Through fecal microbiota transplantation"
    },
    {
      "question": "What are the reported prevalence rates of MASLD in children without obesity?",
      "options": [
        "About 10%",
        "About 25%",
        "About 40%",
        "About 60%"
      ],
      "correct_answer": "About 10%"
    },
    {
      "question": "What amino acid serves as the precursor for indole production?",
      "options": [
        "Tryptophan",
        "Leucine",
        "Glutamine",
        "Arginine"
      ],
      "correct_answer": "Tryptophan"
    },
    {
      "question": "Which ceramide type increased in the protected offspring?",
      "options": [
        "Very long-chain ceramides",
        "Short-chain ceramides",
        "Medium-chain ceramides",
        "No change in ceramides"
      ],
      "correct_answer": "Very long-chain ceramides"
    },
    {
      "question": "What is a major limitation of the study regarding human application?",
      "options": [
        "Conducted in animal models",
        "Small sample size",
        "Lack of control group",
        "Unpublished data"
      ],
      "correct_answer": "Conducted in animal models"
    },
    {
      "question": "Who are the lead authors of the study?",
      "options": [
        "Jed Friedman and Karen Jonscher",
        "John Smith and Jane Doe",
        "Robert Brown and Lisa Green",
        "Michael Lee and Sarah Kim"
      ],
      "correct_answer": "Jed Friedman and Karen Jonscher"
    },
    {
      "question": "What dietary regimen was used to induce fatty liver disease in offspring?",
      "options": [
        "Western-style diet after weaning",
        "Ketogenic diet throughout life",
        "Low-fat diet exclusively",
        "Intermittent fasting"
      ],
      "correct_answer": "Western-style diet after weaning"
    },
    {
      "question": "Why is early prevention emphasized over treatment in the context of MASLD?",
      "options": [
        "Treatment options are limited and disease reversal is difficult",
        "Prevention is cheaper",
        "Children respond poorly to drugs",
        "MASLD is always fatal"
      ],
      "correct_answer": "Treatment options are limited and disease reversal is difficult"
    }
  ],
  "background_read": [
    "MASLD represents a spectrum of liver disorders driven by metabolic dysfunction, with rising global incidence paralleling obesity epidemics. Pathogenesis involves lipid accumulation, inflammation, and fibrosis, often progressing silently to advanced stages. The gut-liver axis highlights bidirectional communication between the microbiome and hepatic physiology, where microbial metabolites like indole regulate immune and metabolic pathways. Tryptophan metabolism by gut bacteria yields indole derivatives that activate AHR, influencing barrier function and inflammation. Ceramides are sphingolipids implicated in insulin resistance and liver injury, with chain length dictating pro- or anti-inflammatory effects. Maternal programming refers to how prenatal and early-life exposures, such as diet and microbiome composition, permanently alter offspring health trajectories. Animal models, particularly mice, are invaluable for mechanistic studies but require cautious extrapolation to humans due to species differences. This article integrates these concepts to propose microbiome-based prevention as a frontier in pediatric hepatology, addressing gaps in current therapeutic landscapes."
  ],
  "Article_Structure": [
    "Main Points: Indole supplementation in maternal mice reduces offspring MASLD risk via AHR activation and ceramide modulation, with microbiome transfer confirming protection. Purpose: To elucidate microbiome-driven mechanisms in MASLD prevention and advocate for early-life interventions amid limited treatment options. Evidence Evaluation: Robust experimental design with controlled diets and indole treatment, supported by biochemical and histological data, but constrained by animal model generalizability. Author Credibility: Experts in biochemistry and physiology from a reputable institution, with peer-reviewed publication enhancing validity. Methodology: Employed a murine model with high-fat, high-sugar maternal diets, indole intervention, offspring health monitoring, and fecal transplants to assess microbiome causality. Critical Assessment: Strengths include mechanistic insights and translational potential; limitations involve species-specific effects and need for human trials to confirm efficacy."
  ],
  "perspectives": [
    {
      "perspective": "Translational medicine",
      "description": "Focuses on applying animal study insights to develop human preventive therapies for MASLD"
    }
  ],
  "image_url": "/article_images/article_581c47651ecac69a_eb0bf4ec1ab0.webp"
}