{
  "title": "Exploring Sir Tom Stoppard's Intellectual Playwriting",
  "summary": "Sir Tom Stoppard, who passed away at 88, was a renowned British playwright celebrated for his witty and intellectually engaging works. His writing skillfully blended humor with serious philosophical and political themes, making complex ideas accessible and entertaining. Stoppard had a successful parallel career in Hollywood, where he contributed to film scripts and earned an Oscar for Shakespeare in Love. Born in Czechoslovakia, he experienced a tumultuous childhood, fleeing Nazi occupation and later Japanese invasion, which influenced his worldview. He began as a journalist before achieving fame with Rosencrantz and Guildenstern are Dead, a play that reimagined minor characters from Hamlet. This work, along with others like Jumpers and Arcadia, often featured intellectual conceits, wordplay, and explorations of topics such as academia, espionage, and science. While some critics argued that his early plays lacked emotional depth, his later works showed more human sympathy. Stoppard's unique style reflected his mixed background of European intellect and English culture, and he wrote not just to express ideas but to discover them through the creative process.",
  "keywords": [
    {
      "term": "playwright",
      "explanation": "an author who writes plays, often for theatrical performance"
    },
    {
      "term": "philosophical",
      "explanation": "relating to the study of fundamental questions about existence and knowledge"
    },
    {
      "term": "script doctor",
      "explanation": "a writer hired to improve or polish film scripts"
    },
    {
      "term": "intellectual conceits",
      "explanation": "clever or imaginative ideas used in writing to explore complex themes"
    },
    {
      "term": "critics",
      "explanation": "people who evaluate and give opinions on artistic works"
    },
    {
      "term": "biographical",
      "explanation": "relating to the story of a person's life and experiences"
    },
    {
      "term": "theatrical",
      "explanation": "pertaining to the theater or dramatic performance"
    },
    {
      "term": "Oscar",
      "explanation": "an Academy Award given for achievements in the film industry"
    }
  ],
  "questions": [
    {
      "question": "At what age did Sir Tom Stoppard die?",
      "options": [
        "88",
        "78",
        "98",
        "68"
      ],
      "correct_answer": "88"
    },
    {
      "question": "For which film did Stoppard win an Oscar?",
      "options": [
        "Shakespeare in Love",
        "Hamlet",
        "Arcadia",
        "Jumpers"
      ],
      "correct_answer": "Shakespeare in Love"
    },
    {
      "question": "What was the title of the play that made Stoppard famous?",
      "options": [
        "Rosencrantz and Guildenstern are Dead",
        "A Walk on the Water",
        "Travesties",
        "Hapgood"
      ],
      "correct_answer": "Rosencrantz and Guildenstern are Dead"
    },
    {
      "question": "Where was Stoppard born?",
      "options": [
        "Czechoslovakia",
        "England",
        "Singapore",
        "India"
      ],
      "correct_answer": "Czechoslovakia"
    },
    {
      "question": "What profession did Stoppard start in before playwriting?",
      "options": [
        "Journalist",
        "Actor",
        "Teacher",
        "Doctor"
      ],
      "correct_answer": "Journalist"
    },
    {
      "question": "Which play by Stoppard involves academic philosophy and gymnastics?",
      "options": [
        "Jumpers",
        "Arcadia",
        "Travesties",
        "Hapgood"
      ],
      "correct_answer": "Jumpers"
    },
    {
      "question": "How did critics sometimes view Stoppard's early plays?",
      "options": [
        "Lacking emotional depth",
        "Too emotional",
        "Very simple",
        "Not intellectual enough"
      ],
      "correct_answer": "Lacking emotional depth"
    },
    {
      "question": "What historical event forced Stoppard's family to flee Czechoslovakia?",
      "options": [
        "Nazi occupation",
        "World War I",
        "Cold War",
        "Industrial Revolution"
      ],
      "correct_answer": "Nazi occupation"
    }
  ],
  "background_read": [
    "Sir Tom Stoppard was a pivotal figure in 20th-century theater, known for his intellectually stimulating plays that combined wit with deep philosophical inquiry. Born in Czechoslovakia in 1937, he faced early adversity as his Jewish family fled the Nazis, leading to a childhood spent in Singapore, Australia, and India. This diverse upbringing influenced his writing, which often explored themes of identity and displacement. After working as a journalist in England, he broke into playwriting with works that redefined theatrical norms, such as Rosencrantz and Guildenstern are Dead, which humorously examined existential themes through Shakespearean characters. His plays, including Jumpers and Arcadia, delved into areas like philosophy, science, and politics, using clever dialogue and structural innovations. Despite criticism for emotional detachment in his early career, Stoppard evolved to incorporate more human elements, reflecting his belief that writing was a process of discovery. His contributions to both stage and screen highlight his versatility and enduring impact on modern culture."
  ],
  "Article_Structure": [
    "This article provides a biographical overview of Sir Tom Stoppard, highlighting his main points as a witty playwright who merged intellectual rigor with entertainment, his purpose to celebrate his life and legacy, evidence evaluation based on factual events and critical reception, author credibility from the BBC as a reputable source, and methodology using historical details and play analyses to construct a narrative of his career and influences."
  ],
  "perspectives": [
    {
      "perspective": "Admirer's Perspective",
      "description": "Views Stoppard as a masterful writer who elevated theater with his clever integration of humor and philosophy."
    },
    {
      "perspective": "Critical Perspective",
      "description": "Argues that his early works prioritized intellectual showmanship over emotional engagement, though his later plays showed growth."
    }
  ],
  "image_url": "/article_images/article_a66283b0daec40a1_3b0f5fcd40c0.webp"
}