{
  "title": "SGK1: A Molecular Link Between Childhood Trauma and Depressive Disorders",
  "summary": "In a groundbreaking study, researchers have identified serum and glucocorticoid-regulated kinase 1 (SGK1) as a pivotal molecular mediator connecting childhood trauma to major depressive disorder and suicidal behavior. Investigations revealed elevated SGK1 levels in the post-mortem brains of suicide victims, as well as in individuals carrying genetic variants associated with early life adversity. This correlation underscores SGK1's role in the stress response pathway, potentially explaining how adverse childhood experiences predispose individuals to psychiatric conditions. The implications are profound, suggesting that pharmacological inhibition of SGK1 could yield novel antidepressant therapies, particularly for patients exhibiting resistance to conventional selective serotonin reuptake inhibitors (SSRIs). This research not only elucidates biological mechanisms but also opens avenues for targeted interventions in mental health care.",
  "keywords": [
    {
      "term": "SGK1",
      "explanation": "a kinase enzyme involved in cellular stress responses, implicated in mood regulation and neuropsychiatric disorders"
    },
    {
      "term": "childhood trauma",
      "explanation": "exposure to severely stressful events during development, such as maltreatment, linked to epigenetic changes and mental health risks"
    },
    {
      "term": "major depressive disorder",
      "explanation": "a severe mental illness characterized by persistent low mood, anhedonia, and cognitive impairments, often with biological underpinnings"
    },
    {
      "term": "suicidal behavior",
      "explanation": "a spectrum of actions from ideation to completion, strongly associated with depressive episodes and neurobiological factors"
    },
    {
      "term": "genetic variants",
      "explanation": "allelic differences in DNA sequences that can influence gene expression and susceptibility to environmental stressors"
    },
    {
      "term": "SSRIs",
      "explanation": "antidepressants that increase serotonin levels by inhibiting reuptake, but with limited efficacy in some populations"
    },
    {
      "term": "pharmacological inhibition",
      "explanation": "the use of drugs to block specific molecular targets, such as enzymes, to treat diseases"
    },
    {
      "term": "stress response pathway",
      "explanation": "biological systems, including HPA axis activation, that mediate reactions to stress and can lead to pathology"
    },
    {
      "term": "post-mortem analysis",
      "explanation": "examination of tissues after death to study disease mechanisms, common in neuropsychiatric research"
    },
    {
      "term": "treatment-resistant depression",
      "explanation": "depression that does not respond adequately to standard antidepressant therapies, requiring alternative approaches"
    },
    {
      "term": "epigenetics",
      "explanation": "changes in gene expression without altering DNA sequence, often influenced by environmental factors like trauma"
    },
    {
      "term": "neurobiology",
      "explanation": "the study of nervous system functions and their relation to behavior and disease"
    }
  ],
  "questions": [
    {
      "question": "What is the primary function of SGK1 in this context?",
      "options": [
        "Mediating stress responses linked to depression",
        "Enhancing cognitive function",
        "Regulating sleep cycles",
        "Promoting physical growth"
      ],
      "correct_answer": "Mediating stress responses linked to depression"
    },
    {
      "question": "How was SGK1's association with suicide established?",
      "options": [
        "Through post-mortem brain studies",
        "Via patient interviews",
        "Using animal models only",
        "Through dietary surveys"
      ],
      "correct_answer": "Through post-mortem brain studies"
    },
    {
      "question": "What role do genetic variants play in SGK1 levels?",
      "options": [
        "They are linked to early adversity and higher SGK1",
        "They decrease SGK1 production",
        "They have no effect on SGK1",
        "They cause SGK1 mutations"
      ],
      "correct_answer": "They are linked to early adversity and higher SGK1"
    },
    {
      "question": "What is a potential therapeutic application of SGK1 research?",
      "options": [
        "Developing SGK1 inhibitors as antidepressants",
        "Using SGK1 to enhance memory",
        "Blocking SGK1 to induce sleep",
        "Increasing SGK1 for pain relief"
      ],
      "correct_answer": "Developing SGK1 inhibitors as antidepressants"
    },
    {
      "question": "Why might SGK1-targeting drugs be beneficial?",
      "options": [
        "For patients unresponsive to SSRIs",
        "For preventing all mental illnesses",
        "For improving physical fitness",
        "For curing genetic diseases"
      ],
      "correct_answer": "For patients unresponsive to SSRIs"
    },
    {
      "question": "What evidence supports the trauma-SGK1-depression link?",
      "options": [
        "Elevated SGK1 in suicide brains and genetic correlations",
        "Only theoretical models",
        "Social media data",
        "Historical records"
      ],
      "correct_answer": "Elevated SGK1 in suicide brains and genetic correlations"
    },
    {
      "question": "How does childhood trauma biologically influence SGK1?",
      "options": [
        "It may upregulate SGK1 through stress pathways",
        "It directly destroys SGK1",
        "It has no biological impact",
        "It decreases SGK1 levels"
      ],
      "correct_answer": "It may upregulate SGK1 through stress pathways"
    },
    {
      "question": "What are limitations of the study's methodology?",
      "options": [
        "Reliance on post-mortem samples limiting causality",
        "Use of only animal models",
        "Lack of genetic data",
        "Over-reliance on surveys"
      ],
      "correct_answer": "Reliance on post-mortem samples limiting causality"
    },
    {
      "question": "How does SGK1 relate to the HPA axis?",
      "options": [
        "It is involved in stress response mechanisms",
        "It inhibits HPA axis function",
        "It is unrelated to stress",
        "It only affects digestion"
      ],
      "correct_answer": "It is involved in stress response mechanisms"
    },
    {
      "question": "What critical assessment can be made of the findings?",
      "options": [
        "Strong correlative evidence but needs interventional studies",
        "Definitive proof of causation",
        "Irrelevant to clinical practice",
        "Based solely on anecdotal evidence"
      ],
      "correct_answer": "Strong correlative evidence but needs interventional studies"
    },
    {
      "question": "How might epigenetic factors interact with SGK1?",
      "options": [
        "Trauma could alter SGK1 expression via epigenetics",
        "Epigenetics have no role",
        "SGK1 changes DNA directly",
        "It only affects physical traits"
      ],
      "correct_answer": "Trauma could alter SGK1 expression via epigenetics"
    },
    {
      "question": "What is the broader significance of this research?",
      "options": [
        "Advancing personalized medicine for depression",
        "Proving all depression is genetic",
        "Eliminating the need for therapy",
        "Focusing only on childhood issues"
      ],
      "correct_answer": "Advancing personalized medicine for depression"
    }
  ],
  "background_read": [
    "Childhood trauma encompasses adverse experiences like abuse or neglect, leading to epigenetic modifications and increased risk for disorders such as major depressive disorder. Depression involves complex neurobiological pathways, including dysregulation of stress hormones and neurotransmitters. SSRIs target serotonin but fail in treatment-resistant cases, highlighting the need for alternative mechanisms. SGK1 is part of kinase signaling pathways influenced by glucocorticoids, linking environmental stress to neuronal changes. Genetic studies help identify biomarkers for susceptibility, while post-mortem analyses provide direct evidence of brain alterations in suicide."
  ],
  "Article_Structure": [
    "The article's main points detail SGK1 as a molecular bridge between childhood trauma and depression, supported by elevated levels in suicide victims' brains and genetic associations. Its purpose is to elucidate biological underpinnings and propose novel antidepressants for resistant cases. Evidence evaluation notes robust post-mortem and genetic data but acknowledges correlative nature and potential confounding factors. Author credibility stems from research likely published in reputable sources, though specifics are omitted. Methodology involves neuropathological examinations and genetic analyses, employing standard scientific techniques. Critical assessment highlights strengths in identifying a potential therapeutic target but limitations in establishing causality and generalizability, urging further experimental validation."
  ],
  "perspectives": [
    {
      "perspective": "Biological Psychiatry",
      "description": "Focuses on molecular mechanisms and drug development for mental disorders."
    },
    {
      "perspective": "Public Health",
      "description": "Emphasizes prevention of childhood trauma to reduce mental health burdens."
    }
  ],
  "image_url": "/article_images/article_9c50257b776cb2dc_0c13d9334dbe.webp"
}