{
  "title": "How Psoriasis Leads to Joint Inflammation: A Scientific Discovery",
  "summary": "Researchers have made a breakthrough in understanding why approximately 20-30% of people with psoriasis develop psoriatic arthritis, a painful joint condition. The study, conducted by scientists at Friedrich-Alexander-Universität Erlangen-Nürnberg, identifies specific immune precursor cells that originate in the inflamed skin of psoriasis patients. These cells can migrate through the bloodstream to the joints. However, their presence alone does not trigger inflammation; instead, joint disease occurs when these immune cells interact with fibroblasts, connective tissue cells in the joints. In individuals who develop psoriatic arthritis, the protective function of fibroblasts is weakened, allowing the immune cells to cause inflammation and potential bone damage. The researchers also discovered that these migratory cells can be detected in the blood before joint symptoms appear, offering a potential early warning system. This finding could lead to new prevention strategies, such as targeting these cells before they reach the joints, to stop psoriatic arthritis before it causes permanent harm. The study, funded by organizations like the German Research Foundation, was published in Nature Immunology, highlighting its significance in medical research.",
  "keywords": [
    {
      "term": "psoriatic arthritis",
      "explanation": "a type of arthritis that affects some people with psoriasis, causing joint inflammation and damage"
    },
    {
      "term": "immune precursor cells",
      "explanation": "specialized cells from the skin that can develop into immune cells and travel to other body parts"
    },
    {
      "term": "fibroblasts",
      "explanation": "connective tissue cells in joints that normally help maintain balance and protection"
    },
    {
      "term": "migration",
      "explanation": "the movement of cells from one place to another, such as from skin to joints via the bloodstream"
    },
    {
      "term": "inflammation",
      "explanation": "a biological response where tissues become red, swollen, and painful due to immune activity"
    },
    {
      "term": "early detection",
      "explanation": "identifying a condition or risk factors before symptoms become severe, allowing for preventive measures"
    },
    {
      "term": "prevention strategies",
      "explanation": "approaches aimed at stopping a disease from developing, rather than treating it after onset"
    },
    {
      "term": "Nature Immunology",
      "explanation": "a prestigious scientific journal where the study was published, indicating peer-reviewed research"
    }
  ],
  "questions": [
    {
      "question": "What percentage of people with psoriasis develop psoriatic arthritis according to the article?",
      "options": [
        "10-20%",
        "20-30%",
        "30-40%",
        "40-50%"
      ],
      "correct_answer": "20-30%"
    },
    {
      "question": "Where do the immune precursor cells that cause joint problems originate?",
      "options": [
        "The liver",
        "The skin",
        "The bones",
        "The heart"
      ],
      "correct_answer": "The skin"
    },
    {
      "question": "How do these cells travel from the skin to the joints?",
      "options": [
        "Through nerves",
        "Through the bloodstream",
        "Through lymph nodes",
        "Through muscles"
      ],
      "correct_answer": "Through the bloodstream"
    },
    {
      "question": "What role do fibroblasts play in the joints?",
      "options": [
        "They cause inflammation",
        "They help maintain balance and protection",
        "They produce blood cells",
        "They digest food"
      ],
      "correct_answer": "They help maintain balance and protection"
    },
    {
      "question": "Why does joint inflammation develop in some psoriasis patients?",
      "options": [
        "Fibroblasts become overactive",
        "Immune cells are absent",
        "Fibroblasts' protective function is weakened",
        "Skin cells stay in the skin"
      ],
      "correct_answer": "Fibroblasts' protective function is weakened"
    },
    {
      "question": "What can be detected in the blood before joint inflammation begins?",
      "options": [
        "Migratory immune cells",
        "Extra skin cells",
        "High sugar levels",
        "Low iron levels"
      ],
      "correct_answer": "Migratory immune cells"
    },
    {
      "question": "What is a potential benefit of this discovery?",
      "options": [
        "Curing psoriasis completely",
        "Early detection and prevention of psoriatic arthritis",
        "Making joints stronger",
        "Reducing skin rash size"
      ],
      "correct_answer": "Early detection and prevention of psoriatic arthritis"
    },
    {
      "question": "Where was the study published?",
      "options": [
        "Science Daily",
        "Nature Immunology",
        "Journal of Medicine",
        "Health Research Review"
      ],
      "correct_answer": "Nature Immunology"
    }
  ],
  "background_read": [
    "Psoriasis is an autoimmune disease where the immune system mistakenly attacks healthy skin cells, leading to rapid skin cell growth and red, scaly patches. It affects millions worldwide and can have significant impacts on quality of life. Psoriatic arthritis is a complication that occurs in a subset of psoriasis patients, involving inflammation in joints that can lead to pain, stiffness, and irreversible damage if untreated. Immune cells play a key role in both conditions, with research focusing on how they communicate and move within the body. Fibroblasts are critical in joint health, producing collagen and other substances that support tissue structure. Understanding the interaction between immune cells and fibroblasts is essential for developing targeted therapies. Early detection methods, such as blood tests for specific cells, are becoming increasingly important in modern medicine to prevent disease progression. This study contributes to ongoing efforts in rheumatology and immunology to improve patient outcomes through innovative research."
  ],
  "Article_Structure": [
    "Main Points: The article explains that immune precursor cells from psoriatic skin migrate to joints via the bloodstream, but joint inflammation only occurs when fibroblasts' protective function is weakened, leading to psoriatic arthritis in some patients. Early detection of these cells in blood could enable prevention. Purpose: To inform about a scientific discovery that clarifies the mechanism behind psoriatic arthritis development and highlights potential for early intervention. Evidence Evaluation: The study is based on research from a reputable university, published in a peer-reviewed journal (Nature Immunology), and funded by recognized organizations, indicating credible evidence. Author Credibility: Researchers from Friedrich-Alexander-Universität Erlangen-Nürnberg, with expertise in rheumatology and immunology, lend authority to the findings. Methodology: Involves identifying immune cells and their migration patterns, likely using laboratory techniques and patient samples to study cell behavior and interactions in joints."
  ],
  "perspectives": [
    {
      "perspective": "Clinical application",
      "description": "The findings could lead to new blood tests and treatments to prevent psoriatic arthritis in high-risk patients."
    }
  ],
  "image_url": "/article_images/article_bbeacc4ef761dd51_bb6cca211ef2.webp"
}