{
  "title": "Legislative Passage of NDAA: Fiscal Authorization, Troop Compensation, and Defense Acquisition Reform",
  "summary": "The U.S. House of Representatives enacted the National Defense Authorization Act for the fiscal year, authorizing approximately $900 billion in defense expenditures. Central provisions encompass a 3.8% base pay increase for military personnel, enhancements to barracks and infrastructure, and a comprehensive restructuring of the Department of Defense's acquisition framework to mitigate protracted procurement timelines. The legislation garnered bipartisan approval with a 312-112 roll call, indicative of negotiated compromises: it curtails climate change and diversity initiatives in alignment with executive priorities while augmenting congressional oversight mechanisms and repealing obsolete war authorizations. Dissenting voices, particularly from conservative factions, critique the bill's inadequacy in scaling back international entanglements. Strategic rationales emphasize bolstering military preparedness against multifaceted threats, notably from China, as articulated by Rep. Mike Rogers. Concurrently, acquisition reform is championed by Defense Secretary Pete Hegseth and legislative figures like Rep. Adam Smith, who acknowledge its ambitiously transformative yet incremental nature in reasserting legislative prerogatives vis-à-vis the executive branch.",
  "keywords": [
    {
      "term": "fiscal authorization",
      "explanation": "the legislative act of approving government spending for a specific purpose, such as defense"
    },
    {
      "term": "procurement timelines",
      "explanation": "the duration required for the government to acquire goods or services, often involving bureaucratic delays"
    },
    {
      "term": "bipartisan approval",
      "explanation": "consensus achieved across political parties, reflecting negotiated policy agreements"
    },
    {
      "term": "congressional oversight mechanisms",
      "explanation": "procedural tools used by Congress to supervise and check executive branch activities"
    },
    {
      "term": "international entanglements",
      "explanation": "complex foreign policy commitments that involve military or economic obligations abroad"
    },
    {
      "term": "acquisition framework",
      "explanation": "the structured system governing how defense agencies purchase equipment and technology"
    },
    {
      "term": "legislative prerogatives",
      "explanation": "the inherent powers and rights of Congress to make laws and control government actions"
    },
    {
      "term": "executive branch alignment",
      "explanation": "the degree to which legislative actions conform to the priorities of the presidential administration"
    },
    {
      "term": "strategic rationales",
      "explanation": "the underlying reasons based on long-term national security interests"
    },
    {
      "term": "incremental nature",
      "explanation": "characterized by gradual, step-by-step changes rather than sweeping reforms"
    }
  ],
  "questions": [
    {
      "question": "What is the primary fiscal impact of the NDAA as described in the article?",
      "options": [
        "Authorizing $900 billion in defense spending",
        "Reducing the national debt",
        "Increasing taxes on corporations",
        "Funding social welfare programs"
      ],
      "correct_answer": "Authorizing $900 billion in defense spending"
    },
    {
      "question": "How does the bill address military compensation?",
      "options": [
        "By implementing a 3.8% base pay raise",
        "By offering stock options",
        "By reducing healthcare benefits",
        "By eliminating retirement plans"
      ],
      "correct_answer": "By implementing a 3.8% base pay raise"
    },
    {
      "question": "What structural change is proposed for the Department of Defense?",
      "options": [
        "Restructuring the acquisition framework",
        "Dissolving the Pentagon",
        "Creating new military branches",
        "Privatizing all defense functions"
      ],
      "correct_answer": "Restructuring the acquisition framework"
    },
    {
      "question": "What does the 312-112 vote indicate about the bill's passage?",
      "options": [
        "Bipartisan support with some opposition",
        "Unanimous consent",
        "Partisan gridlock",
        "Executive veto override"
      ],
      "correct_answer": "Bipartisan support with some opposition"
    },
    {
      "question": "Which compromise is highlighted in the bill's provisions?",
      "options": [
        "Cutting climate initiatives while enhancing oversight",
        "Increasing troop deployments overseas",
        "Eliminating all defense contracts",
        "Mandating universal conscription"
      ],
      "correct_answer": "Cutting climate initiatives while enhancing oversight"
    },
    {
      "question": "What criticism do conservative lawmakers level against the bill?",
      "options": [
        "Insufficient reduction of international commitments",
        "Excessive pay raises for troops",
        "Too much focus on acquisition reform",
        "Overfunding of climate programs"
      ],
      "correct_answer": "Insufficient reduction of international commitments"
    },
    {
      "question": "Who emphasized the need for military readiness against China?",
      "options": [
        "Rep. Mike Rogers",
        "Defense Secretary Pete Hegseth",
        "Rep. Adam Smith",
        "President Donald Trump"
      ],
      "correct_answer": "Rep. Mike Rogers"
    },
    {
      "question": "What is Rep. Adam Smith's assessment of the acquisition reform?",
      "options": [
        "Ambitious yet incremental",
        "Completely ineffective",
        "Revolutionary and flawless",
        "Unnecessary and wasteful"
      ],
      "correct_answer": "Ambitious yet incremental"
    },
    {
      "question": "How does the bill relate to the Trump administration's agenda?",
      "options": [
        "It aligns with national security priorities but includes pushback",
        "It directly contradicts all executive policies",
        "It ignores the administration entirely",
        "It solely focuses on domestic issues"
      ],
      "correct_answer": "It aligns with national security priorities but includes pushback"
    },
    {
      "question": "What broader legislative function does the bill serve according to the analysis?",
      "options": [
        "Reasserting congressional authority over the executive",
        "Eliminating all military oversight",
        "Centralizing power in the Pentagon",
        "Privatizing defense acquisition"
      ],
      "correct_answer": "Reasserting congressional authority over the executive"
    }
  ],
  "background_read": [
    "The National Defense Authorization Act (NDAA) is a critical piece of U.S. legislation enacted annually to outline defense policy and allocate budgetary resources. Historically, it serves as a vehicle for congressional oversight and strategic planning, often reflecting geopolitical tensions and domestic political dynamics. In the context of the Trump administration, the NDAA intersected with debates over military spending, acquisition inefficiencies, and executive-legislative relations. The bill's provisions on pay raises and infrastructure respond to long-standing concerns about troop welfare, while acquisition reform addresses systemic delays in defense procurement highlighted by industry critiques. Understanding these elements requires knowledge of separation of powers, defense economics, and partisan negotiation processes, as the bill embodies compromises between enhancing military capabilities and managing fiscal and ideological constraints."
  ],
  "Article_Structure": [
    "The article analyzes the House's passage of the NDAA, detailing main points: $900 billion authorization, troop pay increases, and acquisition reform to streamline procurement. Its purpose is to report on legislative developments within the broader context of U.S. defense policy and bipartisan politics. Evidence evaluation notes reliance on AP reporting and official statements, providing factual accuracy but limited independent verification. Author credibility is established through Associated Press journalists, though potential biases in framing political narratives are considered. Methodology involves synthesizing legislative text and stakeholder quotes, with critical assessment highlighting the bill's strengths in addressing readiness and reform, but limitations in depth of analysis on long-term strategic impacts and exclusion of alternative viewpoints."
  ],
  "perspectives": [
    {
      "perspective": "Strategic militarists",
      "description": "Advocate for the bill as essential to modernizing defense capabilities and countering adversarial threats through enhanced funding and efficiency measures."
    },
    {
      "perspective": "Legislative institutionalists",
      "description": "Focus on the bill's role in reinforcing congressional oversight and balancing executive power, viewing it as a step toward restoring constitutional checks."
    },
    {
      "perspective": "Fiscal and ideological conservatives",
      "description": "Critique the bill for perpetuating excessive overseas expenditures and insufficiently advancing conservative policy goals, reflecting deeper partisan divides."
    }
  ],
  "image_url": "/article_images/article_5a78a19980e4ebc1_4096f5c83f46.webp"
}