{
  "title": "Deconstructing Identity: A Photojournalist's Critique of Blood Quantum and Belonging",
  "summary": "Tailyr Irvine, a photojournalist hailing from the Flathead Reservation in Montana, engages in a critical examination of Native American identity through her visual storytelling. Her work deliberately eschews stereotypical depictions of Natives in regalia or vulnerability, instead foregrounding the resilience and agency of indigenous communities. Inspired by the profound impact of photographic documentation from events like 9/11, Irvine leverages the medium to narrate stories from her homeland, emphasizing photography's capacity to bridge cultural divides and underscore universal human experiences. Her seminal project, 'Reservation Mathematics: Navigating Love in Native America,' scrutinizes the U.S. government-imposed blood quantum system—a fractional ancestry metric that dictates tribal membership and permeates intimate spheres such as marriage and procreation. By interrogating how external, bureaucratic definitions constrain personal autonomy and cultural continuity, Irvine challenges hegemonic narratives and advocates for a more holistic understanding of belonging. Her approach combines documentary rigor with personal introspection, aiming to dismantle misconceptions and foster dialogue on indigenous sovereignty and identity politics in contemporary America.",
  "keywords": [
    {
      "term": "hegemonic narratives",
      "explanation": "dominant stories or beliefs that reinforce power structures and marginalize alternative perspectives"
    },
    {
      "term": "indigenous sovereignty",
      "explanation": "the right of native peoples to self-governance and control over their cultural and political affairs"
    },
    {
      "term": "fractional ancestry metric",
      "explanation": "a numerical system, like blood quantum, that quantifies racial or ethnic identity based on ancestral proportions"
    },
    {
      "term": "agency",
      "explanation": "the capacity of individuals or groups to act independently and make their own choices"
    },
    {
      "term": "cultural continuity",
      "explanation": "the preservation and transmission of cultural traditions and identities across generations"
    }
  ],
  "questions": [
    {
      "question": "What is the primary focus of Tailyr Irvine's photojournalism?",
      "options": [
        "Critiquing blood quantum and showcasing Native resilience",
        "Documenting wildlife",
        "Promoting tourism",
        "Analyzing economic trends"
      ],
      "correct_answer": "A"
    },
    {
      "question": "How does Irvine describe her inspiration for becoming a photojournalist?",
      "options": [
        "Impact of 9/11 photography",
        "Academic theories",
        "Political campaigns",
        "Technological advances"
      ],
      "correct_answer": "A"
    },
    {
      "question": "What does the blood quantum system influence in Native communities?",
      "options": [
        "Tribal membership and intimate relationships",
        "Educational curricula",
        "Environmental policies",
        "Artistic styles"
      ],
      "correct_answer": "A"
    },
    {
      "question": "What critical approach does Irvine take in her work?",
      "options": [
        "Challenging hegemonic narratives",
        "Supporting government policies",
        "Ignoring historical context",
        "Focusing solely on aesthetics"
      ],
      "correct_answer": "A"
    },
    {
      "question": "Where is the Flathead Reservation located?",
      "options": [
        "Northwest Montana",
        "Southwest Texas",
        "Northeast New York",
        "Southeast California"
      ],
      "correct_answer": "A"
    },
    {
      "question": "What does Irvine aim to achieve through photography?",
      "options": [
        "Foster dialogue on indigenous sovereignty",
        "Maximize profit",
        "Create abstract art",
        "Avoid social issues"
      ],
      "correct_answer": "A"
    },
    {
      "question": "What is a key element of Irvine's methodology?",
      "options": [
        "Documentary rigor and personal narrative",
        "Statistical analysis",
        "Laboratory experiments",
        "Fictional storytelling"
      ],
      "correct_answer": "A"
    },
    {
      "question": "How does blood quantum affect cultural continuity?",
      "options": [
        "By imposing external definitions that may disrupt traditions",
        "By enhancing it automatically",
        "By being irrelevant",
        "By simplifying identity"
      ],
      "correct_answer": "A"
    },
    {
      "question": "What does Irvine critique about representations of Natives?",
      "options": [
        "Stereotypes and limited imagery",
        "Their accuracy",
        "Their frequency",
        "Their color schemes"
      ],
      "correct_answer": "A"
    },
    {
      "question": "What broader theme does Irvine's work engage with?",
      "options": [
        "Identity politics and belonging",
        "Technological innovation",
        "Global economics",
        "Sports culture"
      ],
      "correct_answer": "A"
    }
  ],
  "background_read": [
    "Tailyr Irvine, a Native American photojournalist from the Flathead Reservation, employs visual media to interrogate complex issues of identity and belonging within indigenous contexts. Her project 'Reservation Mathematics' delves into the blood quantum system, a legacy of U.S. federal policy that quantifies Native ancestry, influencing tribal enrollment and personal decisions. Drawing inspiration from iconic photojournalism, such as that from 9/11, Irvine's work combines ethnographic documentation with critical theory to challenge stereotypical portrayals and advocate for indigenous agency. This analysis situates her efforts within broader discourses on cultural sovereignty, systemic oppression, and the role of art in social change, providing a foundation for understanding contemporary Native American experiences and photojournalistic practices."
  ],
  "Article_Structure": [
    "Main Points: Irvine critiques the blood quantum system's impact on Native identity and relationships, while promoting resilient portrayals through photography. Purpose: To challenge dominant narratives and explore belonging in indigenous contexts, fostering dialogue on sovereignty. Evidence Evaluation: Based on personal experience and documentary work, offering authentic insights but potentially limited by subjective perspective. Author Credibility: As an insider with professional expertise, she provides credible analysis, though bias towards Native advocacy is evident. Methodology: Utilizes documentary photography and narrative storytelling, gathering qualitative data from community engagement. Critical Assessment: Strengths include firsthand authenticity and compelling visual evidence; limitations involve potential lack of broader empirical data and reliance on one viewpoint."
  ],
  "perspectives": [
    {
      "perspective": "Irvine's critical perspective",
      "description": "She argues for dismantling systemic barriers like blood quantum and advancing indigenous representation through art."
    }
  ],
  "image_url": "/article_images/article_cd1488bcf11fdf7b_263b8604d17e.webp"
}