{
  "title": "Elle Vosque Almost Wins Big Drag Race Show",
  "summary": "Elle Vosque, a drag queen from Northern Ireland, came in second place on a TV show called Ru Paul's Drag Race UK. She was in the final with other queens, and the winner was Bones. Friends and fans watched the show together at a bar in Belfast to support her. This was Elle's first time performing outside of Northern Ireland. People like Trudy Scrumptious and The Only Sassie said they are very proud of Elle and think she shows the best of Belfast's drag scene. Drag is a fun way people dress up and perform to express themselves.",
  "keywords": [
    {
      "term": "drag queen",
      "explanation": "a person who dresses in clothes and acts like a different gender for entertainment"
    },
    {
      "term": "final",
      "explanation": "the last part of a competition where winners are chosen"
    },
    {
      "term": "Belfast",
      "explanation": "a city in Northern Ireland where Elle is from"
    },
    {
      "term": "watch party",
      "explanation": "a gathering where people watch a show or event together"
    },
    {
      "term": "community",
      "explanation": "a group of people who share interests and support each other"
    },
    {
      "term": "talent",
      "explanation": "a natural skill or ability that someone has"
    }
  ],
  "questions": [
    {
      "question": "What place did Elle Vosque get in the Drag Race UK final?",
      "options": [
        "First",
        "Second",
        "Third",
        "Fourth"
      ],
      "correct_answer": "Second"
    },
    {
      "question": "Where did fans watch the final with Elle?",
      "options": [
        "At a school",
        "At Union Street bar",
        "At a park",
        "At home"
      ],
      "correct_answer": "At Union Street bar"
    },
    {
      "question": "Who won the series seven of Drag Race UK?",
      "options": [
        "Elle Vosque",
        "Silllexa Dixon",
        "Catrin Feelings",
        "Bones"
      ],
      "correct_answer": "Bones"
    },
    {
      "question": "What is Elle Vosque's name out of drag?",
      "options": [
        "Trudy Scrumptious",
        "Evan Keating",
        "The Only Sassie",
        "Aisling Campbell"
      ],
      "correct_answer": "Evan Keating"
    },
    {
      "question": "Why did people have a watch party for Elle?",
      "options": [
        "To celebrate her birthday",
        "To support her in the final",
        "To watch a movie",
        "To have a meeting"
      ],
      "correct_answer": "To support her in the final"
    },
    {
      "question": "What did Trudy Scrumptious say about Elle?",
      "options": [
        "She was sad",
        "She was absolutely buzzing",
        "She was angry",
        "She was tired"
      ],
      "correct_answer": "She was absolutely buzzing"
    }
  ],
  "background_read": [
    "Drag is a type of performance where people dress up in costumes, often to entertain others. Ru Paul's Drag Race is a popular TV show where drag queens compete in challenges. Belfast is a city in Northern Ireland, and Elle Vosque is a drag queen from there who became famous on the show. This article talks about her success and how her community supported her."
  ],
  "Article_Structure": [
    "WHO: Elle Vosque, a drag queen from Northern Ireland, and her friends and fans",
    "WHAT: Elle came in second place in the Drag Race UK final, and people celebrated her",
    "WHERE: The events happened in Belfast, at Union Street bar",
    "WHY: To show support for Elle and highlight Belfast's drag talent"
  ],
  "perspectives": [
    {
      "perspective": "Community Support",
      "description": "Friends and fans are happy and proud of Elle for representing Belfast."
    },
    {
      "perspective": "Personal Achievement",
      "description": "Elle achieved success by performing outside Northern Ireland for the first time."
    }
  ],
  "image_url": "/article_images/article_ebfb82d21a5e16e6_1fafcf4c2d78.webp"
}