{
  "title": "Elle Vosque's Second Place Finish in Drag Race UK Highlights Belfast's Drag Scene",
  "summary": "Elle Vosque, a drag artist from Northern Ireland, secured the runner-up position in the seventh series finale of Ru Paul's Drag Race UK, competing against finalists like Silllexa Dixon, Catrin Feelings, and the winner Bones. The event was marked by a watch party at Union Street bar in Belfast, where supporters gathered to cheer for Elle. This competition marked her debut performance outside Northern Ireland, showcasing her talent on a national platform. Trudy Scrumptious, who hosted the viewing, expressed excitement about Elle's representation of Belfast, emphasizing the city's vibrant drag community. Friends, including The Only Sassie, praised Elle's authenticity and artistic craft, noting their long-standing friendship and her impact on the local scene. Aisling Campbell highlighted Elle as a symbol of Belfast's alternative and fashion-forward drag, underscoring the region's contributions to the art form. The article illustrates how Elle's journey has fostered community pride and visibility for Northern Irish drag.",
  "keywords": [
    {
      "term": "drag queen",
      "explanation": "a performer who uses drag, often involving exaggerated gender presentation, for artistic expression and entertainment"
    },
    {
      "term": "finale",
      "explanation": "the concluding episode of a competition series where outcomes are decided"
    },
    {
      "term": "representation",
      "explanation": "the act of speaking or acting on behalf of a group, highlighting their identity or culture"
    },
    {
      "term": "community support",
      "explanation": "backing from a group with shared interests, often through events or encouragement"
    },
    {
      "term": "artistic craft",
      "explanation": "the skill and creativity involved in producing art, such as drag performances"
    },
    {
      "term": "alternative view",
      "explanation": "a perspective that differs from the mainstream, often emphasizing uniqueness"
    },
    {
      "term": "fashion forward",
      "explanation": "being innovative and ahead of trends in style and appearance"
    },
    {
      "term": "debut",
      "explanation": "a first public appearance or performance in a particular context"
    }
  ],
  "questions": [
    {
      "question": "What was Elle Vosque's achievement in Drag Race UK series seven?",
      "options": [
        "She won the series",
        "She came in second place",
        "She was eliminated early",
        "She hosted the show"
      ],
      "correct_answer": "She came in second place"
    },
    {
      "question": "Where was the watch party held for Elle's final?",
      "options": [
        "At a theater in London",
        "At Union Street bar in Belfast",
        "At a friend's house",
        "At a studio"
      ],
      "correct_answer": "At Union Street bar in Belfast"
    },
    {
      "question": "Who hosted the viewing party mentioned in the article?",
      "options": [
        "The Only Sassie",
        "Aisling Campbell",
        "Trudy Scrumptious",
        "Evan Keating"
      ],
      "correct_answer": "Trudy Scrumptious"
    },
    {
      "question": "How did The Only Sassie describe his first impression of Elle?",
      "options": [
        "He saw utter magic in her",
        "He thought she was average",
        "He did not like her",
        "He was unsure"
      ],
      "correct_answer": "He saw utter magic in her"
    },
    {
      "question": "What does Aisling Campbell say about Elle's representation of Belfast?",
      "options": [
        "It is poor",
        "It is the perfect representation",
        "It is outdated",
        "It is confusing"
      ],
      "correct_answer": "It is the perfect representation"
    },
    {
      "question": "Why is Elle's participation in Drag Race UK significant for her career?",
      "options": [
        "It was her first performance outside Northern Ireland",
        "She won many prizes",
        "She started a new job",
        "She moved to a new city"
      ],
      "correct_answer": "It was her first performance outside Northern Ireland"
    },
    {
      "question": "What emotion did Trudy Scrumptious express about Elle being in the final?",
      "options": [
        "Disappointment",
        "Anger",
        "Absolute buzzing excitement",
        "Indifference"
      ],
      "correct_answer": "Absolute buzzing excitement"
    },
    {
      "question": "How does the article portray the drag scene in Belfast?",
      "options": [
        "As non-existent",
        "As vibrant and talented",
        "As only for adults",
        "As imitative"
      ],
      "correct_answer": "As vibrant and talented"
    }
  ],
  "background_read": [
    "Ru Paul's Drag Race is a reality competition TV series where drag queens compete in challenges to win the title. It has gained global popularity and highlights LGBTQ+ culture. Drag involves performance art that often challenges gender norms. Belfast, in Northern Ireland, has a growing drag community that contributes to local arts. This article discusses Elle Vosque's success, which brings attention to Northern Irish talent and community solidarity in the face of competitions."
  ],
  "Article_Structure": [
    "This article's main points focus on Elle Vosque's second-place finish in Drag Race UK, highlighting her as a representative of Belfast's drag scene. The purpose is to celebrate her achievement and showcase community support, while also promoting Northern Ireland's cultural contributions. Evidence comes from direct quotes by friends and hosts, providing personal insights, though it lacks diverse sources. The author's credibility is assumed through BBC reporting, but specific expertise isn't detailed. Methodology involves gathering eyewitness accounts and interviews, offering a narrative of local pride and artistic recognition."
  ],
  "perspectives": [
    {
      "perspective": "Community Pride",
      "description": "The article shows how Elle's success unites and excites the local community, emphasizing collective support."
    },
    {
      "perspective": "Artistic Recognition",
      "description": "It highlights drag as a respected art form, with Elle's craft being praised for its authenticity and innovation."
    }
  ],
  "image_url": "/article_images/article_ebfb82d21a5e16e6_1fafcf4c2d78.webp"
}