{
  "articles": [
    {
      "id": "93855ac8603646ea",
      "title": "January Retail Sales Surge Driven by Health Resolutions and Online Jewelry",
      "summary": "Retail sales in Britain experienced a significant increase of 1.8% in January, surpassing economists' predictions of 0.2%. This surge was primarily fueled by heightened demand for sports supplements, likely linked to New Year's resolutions promoting healthier lifestyles. Additionally, online jewelers saw strong sales due to a spike in gold prices, contributing to the overall growth. However, analysts caution that this uptick may be temporary, as sales volumes grew by only 0.1% over the three months leading to January, indicating underlying consumer caution. Factors such as adverse weather conditions pushed more shopping online, with non-store retailing rising by 3.4%. Despite the monthly boost, separate data reveals a near five-year high in unemployment and slowing wage growth, suggesting ongoing economic pressures. Experts like Danni Hewson and Paul Dales highlight the complexity of consumer spending decisions in this context.",
      "source": "BBC News",
      "time_ago": "Just now",
      "image_url": "/article_images/article_93855ac8603646ea_a2c4f2022ce9.webp",
      "category": "News"
    },
    {
      "id": "ae98d71ceba74bef",
      "title": "Andrew's Legal Troubles and Royal Implications",
      "summary": "Andrew Mountbatten-Windsor, the brother of King Charles, was arrested on suspicion of misconduct in public office, a serious allegation involving potential abuse of a public role. He was taken to Aylsham police station in Norfolk for questioning and spent much of his 66th birthday in custody before being released under investigation, meaning he faces no immediate restrictions but could be questioned again later. Thames Valley Police conducted searches at his former home, Royal Lodge, and other addresses in Berkshire and Norfolk as part of the investigation. Andrew has consistently denied any wrongdoing. During his custody, standard procedures like mugshots, fingerprints, and DNA samples were likely taken, and he received meals and access to reading materials. The Crown Prosecution Service will decide in the coming weeks whether to charge him, which could have significant implications for his place in the royal line of succession and public perception.",
      "source": "BBC News",
      "time_ago": "1 hour ago",
      "image_url": "/article_images/article_ae98d71ceba74bef_61ee3371f8de.webp",
      "category": "News"
    },
    {
      "id": "b5c9056d389214c1",
      "title": "The Impact of Prince Andrew's Arrest on the Royal Family and Monarchy",
      "summary": "Prince Andrew, the brother of King Charles III, has been arrested on suspicion of misconduct in public office, marking a significant crisis for the Royal Family. He was taken from Sandringham, photographed, and fingerprinted, a stark contrast to his previous life of luxury at Royal Lodge. The King has responded by stripping Andrew of his titles and home, and issued a statement expressing 'deepest concern' while pledging full cooperation with authorities, notably avoiding any mention of family loyalty. Supporters argue this demonstrates the King's determination to uphold the law, potentially mitigating damage to the monarchy. However, the arrest raises questions about the Royal Family's reputation, as Andrew had previously used Buckingham Palace for his business ventures. Commentators like Jonathan Dimbleby suggest that separating the family's issues from the institution of the monarchy could limit long-term harm, offering the Palace some breathing space. This event highlights the challenges of balancing personal relationships with public duty in a modern constitutional monarchy.",
      "source": "BBC News",
      "time_ago": "10 hours ago",
      "image_url": "/article_images/article_b5c9056d389214c1_7e6f1c92a180.webp",
      "category": "News"
    },
    {
      "id": "966c9e7aa2aea682",
      "title": "Les Wexner's Congressional Testimony on Epstein Ties",
      "summary": "Les Wexner, the billionaire founder of retail brands like Victoria's Secret, testified before Congress in a deposition about his relationship with Jeffrey Epstein. He claimed he was deceived by Epstein, whom he described as a con man, and denied any knowledge of or involvement in Epstein's sexual abuse crimes. Wexner stated that their association ended in 2007 after he discovered Epstein had been stealing from him, and he aimed to dispel rumors and innuendo that have plagued him since. The deposition, which lasted six hours, was subpoenaed by Democrats following the release of new Epstein-related documents by the Justice Department. During the proceeding, Wexner presented himself as an ethical philanthropist and grandfather. However, Rep. Robert Garcia expressed skepticism, alleging that Wexner provided significant financial support that enabled Epstein's crimes. This highlights ongoing scrutiny into the connections between wealthy individuals and Epstein's network.",
      "source": "PBS NewsHour",
      "time_ago": "11 hours ago",
      "image_url": "/article_images/article_966c9e7aa2aea682_6e9ce2cd0ab9.webp",
      "category": "News"
    },
    {
      "id": "6e21424c084c4bc4",
      "title": "Venezuela's Amnesty Bill: A Shift in Political Prisoner Policy",
      "summary": "Venezuela's legislature has approved an amnesty bill that could lead to the release of hundreds of political detainees, including politicians, activists, lawyers, and journalists. This marks a significant policy reversal, as authorities have long denied holding any political prisoners. The bill, proposed by Acting President Delcy Rodríguez, outlines eligibility criteria and exclusions for amnesty, covering crimes from specific periods since 1999, such as those during the 2024 presidential election protests. Opposition lawmaker Nora Bracho described it as an imperfect but important step to alleviate suffering. The debate revealed disagreements, particularly over whether exiled individuals could receive amnesty, resolved by allowing lawyers to apply on their behalf. This move follows last month's U.S. military raid that captured former President Nicolás Maduro and reflects Venezuela's compliance with U.S. pressures. Human rights groups like Foro Penal estimate over 600 political prisoners, but critics note slow release paces. The bill addresses long-standing opposition demands but faces implementation challenges.",
      "source": "PBS NewsHour",
      "time_ago": "11 hours ago",
      "image_url": "/article_images/article_6e21424c084c4bc4_91caebfc5754.webp",
      "category": "News"
    },
    {
      "id": "d63eee25f474c52f",
      "title": "Federal Judge Orders Receivership for Arizona Prison Health Care After Longstanding Failures",
      "summary": "A federal judge in Arizona has ordered a receivership, meaning an independent official will take over health care operations in the state's prisons. This decision follows years of documented violations where inadequate medical and mental health care led to suffering and preventable deaths among inmates. Judge Roslyn Silver issued the order after her 2022 verdict found that Arizona violated prisoners' constitutional rights. She stated that the state failed to comply with court-ordered changes over nearly 14 years of litigation, calling the situation 'judicial indulgence of deeply entrenched unconstitutional conduct.' Prisoners continue to face immediate threats due to systemic deficiencies. The state and prisoner attorneys have 60 days to propose candidates for the receiver. Lawyers for the prisoners argue this intervention is life-saving and necessary to end a decade of broken promises, as Arizona had pledged to overhaul services in a 2014 settlement but faced fines and agreement revocation for non-compliance. The judge aims to enforce constitutional standards and prevent further harm.",
      "source": "PBS NewsHour",
      "time_ago": "11 hours ago",
      "image_url": "/article_images/article_d63eee25f474c52f_5a78135c71e9.webp",
      "category": "News"
    }
  ]
}