{
  "articles": [
    {
      "id": "5a4e11a7b2de35b8",
      "title": "Asos联合创始人在泰国公寓楼坠落身亡",
      "summary": "在线时尚巨头Asos的联合创始人昆汀·格里菲斯在泰国从高层公寓楼坠落身亡，警方已确认此事。泰国警方表示，格里菲斯于2月9日在东部海滨城市芭堤雅被发现死在地面上。调查人员告诉BBC，格里菲斯持有英国护照，独自一人，房间从内部锁上，死亡时没有闯入痕迹。尸检未发现任何谋杀证据。格里菲斯于2000年与尼克·罗伯逊、安德鲁·里根和黛博拉·索普共同在伦敦创立了Asos，五年后离开公司但仍持有大量股份。警方透露，格里菲斯被发现死在他长期居住的芭堤雅一家豪华酒店外，住在17楼的套房中。他还涉及两起可能造成压力的持续法庭案件，据BBC了解，格里菲斯已与第二任妻子（泰国籍）分居，并据报道因共同经营的企业与她发生法律纠纷。Asos最初名为As Seen On Screen，销售受电视和电影明星穿着启发的时尚产品，后发展成为库存数百个品牌及自有系列的在线时尚市场，一度估值超过60亿英镑。其最大股东包括丹麦亿万富翁安德斯·霍尔奇·波尔森（拥有丹麦服装巨头Bestseller）和迈克·阿什利（Frasers Group的所有者）。文章结合警方报告、公司历史和个人背景，提供了对他死亡情况的详细分析。",
      "source": "BBC Business",
      "time_ago": "Just now",
      "image_url": "/article_images/article_5a4e11a7b2de35b8_eff6a615c15b.webp",
      "category": "Fun"
    },
    {
      "id": "ce37798b9c678277",
      "title": "《实习医生格蕾》明星埃里克·戴恩因ALS去世，享年53岁",
      "summary": "埃里克·戴恩是一位知名演员，因在《实习医生格蕾》中饰演马克·斯隆医生和在《亢奋》中饰演卡尔·雅各布斯而闻名。他在2025年4月公开被诊断患有肌萎缩侧索硬化症（ALS），这是一种影响神经细胞的进行性疾病，导致肌肉控制逐渐丧失。不到一年后，他在53岁时去世。在生命的最后几个月，戴恩积极筹款并提高公众对ALS的认识，ALS是运动神经元疾病的一种常见形式。他的家人发表声明，确认他在与ALS的勇敢斗争后于周四下午去世，并指出他被妻子丽贝卡·盖尔哈特和两个女儿包围。戴恩出生于1972年的旧金山，1993年首次亮相电视，职业生涯包括出演《圣女魔咒》和《末日孤舰》等剧集。来自《实习医生格蕾》同事的悼念，如帕特里克·德姆西，强调了他的幽默、智慧以及对提高ALS意识的承诺。这篇文章总结了他的生活、职业以及对健康倡导的贡献。",
      "source": "BBC Entertainment",
      "time_ago": "2 hours ago",
      "image_url": "/article_images/article_ce37798b9c678277_418333d0b059.webp",
      "category": "Fun"
    },
    {
      "id": "07a8276335526508",
      "title": "组织者为KPop致敬演唱会辩护，回应社交媒体反弹",
      "summary": "贝尔法斯特SSE竞技场举办的一场大型KPop致敬演唱会因表演质量引发投诉后，组织者为其辩护。KPop（韩国流行音乐）凭借BTS和Blackpink等团体在全球取得巨大成功。然而，参加演唱会的人在社交媒体上表达了不满，指控表演者假唱、缺乏电影《KPop Demon Hunters》的内容，并担心演出不适合年幼儿童。组织者Aiken Promotions和SSE竞技场表示，虽然部分观众期望未达，但大多数顾客享受了演出，并认为这是一场符合竞技场标准的KPop致敬秀。该演唱会是世界巡演的一部分，包含多首KPop热门歌曲，以及《Demon Hunters》的八首曲目如《Golden》和《Soda Pop》。SSE竞技场的Facebook声明吸引了超过1000条评论，一些人批评质量和票价，而另一些人则辩护称演出有趣，例如一位侄女玩得非常开心。活动描述承诺全现场表演和适合所有年龄段的派对，但混合反应凸显了娱乐活动中满足多样化观众期望的挑战。",
      "source": "BBC Entertainment",
      "time_ago": "2 hours ago",
      "image_url": "/article_images/article_07a8276335526508_b52cde50c9e0.webp",
      "category": "Fun"
    },
    {
      "id": "c55b0ae9dcb167ae",
      "title": "爱泼斯坦考虑投资EMI以接触女性，文件暗示",
      "summary": "这篇文章揭示了杰弗里·爱泼斯坦，一名定罪的性犯罪者，考虑投资音乐公司EMI的情况。根据美国司法部最近发布的电子邮件，他的同伙大卫·斯特恩暗示音乐行业与“P”相关，这是爱泼斯坦用来指代女性的一个术语，意味着可能提供接触女性的机会。爱泼斯坦表示感兴趣，并询问是否需要英国政府官员曼德尔森勋爵的帮助。斯特恩是一名德国商人，与安德鲁王子等知名人物有联系，并参与莎拉·弗格森的财务问题，他经常向爱泼斯坦提议交易，包括转发有关EMI财务困境的新闻。EMI是一家现已倒闭的音乐集团，包括EMI唱片公司，后来被环球音乐收购。电子邮件还显示，斯特恩在问候中使用“很多P”等短语，并为活动提供“P因素”评分，突出了攻击性语言和潜在的剥削行为。这表明爱泼斯坦可能将商业投资视为促进其掠夺性行为的手段，斯特恩在这些讨论中充当中间人。文章基于官方文件，探讨了道德和法律影响，揭示了权力人物如何利用商业交易进行有害活动。",
      "source": "BBC Business",
      "time_ago": "11 hours ago",
      "image_url": "/article_images/article_c55b0ae9dcb167ae_96c00b3e9dbd.webp",
      "category": "Fun"
    },
    {
      "id": "af2e1cfb48c34ef0",
      "title": "格莱美得主将传统乡村音乐带给新观众",
      "summary": "扎克·托普是一位28岁的乡村音乐歌手，最近凭借他的第二张专辑《Ain't In It For My Health》在格莱美奖新设立的最佳传统乡村专辑类别中赢得了他的首个格莱美奖。这一胜利标志着音乐行业的一个重要时刻，认可了传统乡村声音在更现代、受嘻哈影响的风格中的持久吸引力。托普在Spotify上拥有超过六百万的月听众，他在华盛顿州长大，七岁时就开始与兄弟姐妹一起在乐队中演奏音乐。他的音乐以《I Never Lie》等歌曲为特色，灵感来源于经典乡村流派，他称之为“非常古老的东西”。今年格莱美引入了最佳传统乡村专辑类别，与最佳当代乡村专辑奖项并列，旨在同时表彰该流派的历史根源和其演变。托普认为这一变化为像他这样的艺术家打开了机会，使传统乡村能够接触到觉得它新鲜和真实的年轻观众。他指出，许多年轻人参加他的演出，寻求回归更简单、原始的音乐表达。反思自己的胜利，托普表达了对行业的感激和认可感，强调他出于热爱创作音乐，而非为了奖项。他的成功突显了传统乡村音乐在年轻一代中的复兴趋势，展示了该流派在当代文化中的适应性和持久意义。",
      "source": "BBC Entertainment",
      "time_ago": "11 hours ago",
      "image_url": "/article_images/article_af2e1cfb48c34ef0_5d0a9e472065.webp",
      "category": "Fun"
    },
    {
      "id": "4930a01b96118349",
      "title": "门西克爆冷击败辛纳，晋级卡塔尔公开赛半决赛",
      "summary": "在卡塔尔公开赛上，20岁的捷克网球选手雅各布·门西克（世界排名第16）在四分之一决赛中爆冷击败世界排名第二的扬尼克·辛纳，比分为7-6（7-3）、2-6、6-3。这场胜利终结了辛纳在最近23场比赛中的22场连胜纪录，辛纳作为24岁的意大利选手，在2025年曾进入10次决赛并赢得澳网和温网冠军。门西克将在半决赛中对阵非种子法国选手阿瑟·菲尔斯，后者以6-3、6-3击败了同胞伊日·莱赫奇卡。另一方面，世界排名第一的卡洛斯·阿尔卡拉斯将迎战卫冕冠军安德烈·鲁布廖夫，阿尔卡拉斯在赢得澳网后成为最年轻完成职业生涯全满贯的选手，并将连胜纪录扩大到10场。双打比赛中，英国头号种子朱利安·卡什和劳埃德·格拉斯普尔力争卫冕，对阵三号种子同胞亨利·帕滕和芬兰选手哈里·赫利奥瓦拉。文章还提到迪拜网球锦标赛的退赛情况影响了赛事阵容，凸显了职业网球中竞争格局的动态变化。",
      "source": "BBC Tennis",
      "time_ago": "14 hours ago",
      "image_url": "/article_images/article_4930a01b96118349_05f9f855b9f7.webp",
      "category": "Fun"
    }
  ]
}