{
  "title": "Advanced Imaging Technique Unveils Binder Dynamics for Optimized Lithium-Ion Battery Performance",
  "summary": "A research team at the University of Oxford has pioneered a patent-pending staining technique that enables precise visualization of polymer binders within lithium-ion battery electrodes, a critical advancement in materials science. Binders, comprising less than 5% of electrode mass, are essential for mechanical integrity and influence electrical and ionic conductivity, yet their nanoscale distribution has been elusive due to minimal visual signatures. By functionalizing cellulose- and latex-based binders in graphite and silicon anodes with silver and bromine markers, the researchers utilized energy-dispersive X-ray spectroscopy and energy-selective backscattered electron imaging to generate high-resolution maps under electron microscopy. This methodology revealed that subtle variations in binder distribution can reduce ionic resistance by up to 40%, directly enhancing charging kinetics and cycle life. Furthermore, the technique detected carboxymethyl cellulose layers as thin as 10 nm on graphite particles, illustrating how processing-induced fragmentation can compromise electrode stability. Published in Nature Communications, this multidisciplinary study integrates chemistry, electron microscopy, electrochemical testing, and modeling, supported by the Faraday Institution's Nextrode project. The findings have garnered industrial interest for optimizing electrode manufacturing, promising advancements in current lithium-ion batteries and next-generation designs, thereby addressing key challenges in energy storage efficiency and durability.",
  "keywords": [
    {
      "term": "polymer binders",
      "explanation": "macromolecular adhesives that consolidate electrode constituents, critically affecting electrochemical properties"
    },
    {
      "term": "energy-dispersive X-ray spectroscopy",
      "explanation": "an analytical technique that identifies elements by measuring characteristic X-rays emitted from a sample"
    },
    {
      "term": "ionic resistance",
      "explanation": "the impedance to ion movement within an electrode, a determinant of charging rate and efficiency"
    },
    {
      "term": "nanoscale distribution",
      "explanation": "the spatial arrangement of materials at dimensions on the order of nanometers, crucial for performance optimization"
    },
    {
      "term": "multidisciplinary integration",
      "explanation": "the synthesis of diverse scientific disciplines to address complex research questions holistically"
    }
  ],
  "questions": [
    {
      "question": "What journal published the findings of this research?",
      "options": [
        "Nature Communications",
        "Science Daily",
        "Journal of Materials Science",
        "Battery Technology Review"
      ],
      "correct_answer": "Nature Communications"
    },
    {
      "question": "Which analytical methods are used to detect the marked binders?",
      "options": [
        "Energy-dispersive X-ray spectroscopy and energy-selective backscattered electron imaging",
        "Optical microscopy and thermal analysis",
        "Mass spectrometry and NMR spectroscopy",
        "UV-Vis spectroscopy and chromatography"
      ],
      "correct_answer": "Energy-dispersive X-ray spectroscopy and energy-selective backscattered electron imaging"
    },
    {
      "question": "What is the thickness of the CMC layers visualized in the study?",
      "options": [
        "10 nm",
        "100 nm",
        "1 μm",
        "10 μm"
      ],
      "correct_answer": "10 nm"
    },
    {
      "question": "How does binder distribution affect ionic resistance?",
      "options": [
        "Reduces it by up to 40%",
        "Increases it by up to 40%",
        "Has no effect",
        "Doubles it"
      ],
      "correct_answer": "Reduces it by up to 40%"
    },
    {
      "question": "What types of anodes are compatible with this staining technique?",
      "options": [
        "Graphite- and silicon-based",
        "Only graphite-based",
        "Only silicon-based",
        "Metal-based"
      ],
      "correct_answer": "Graphite- and silicon-based"
    },
    {
      "question": "Who provided support for this research?",
      "options": [
        "Faraday Institution's Nextrode project",
        "Oxford University Press",
        "Government funding alone",
        "Private donors"
      ],
      "correct_answer": "Faraday Institution's Nextrode project"
    },
    {
      "question": "What is a key limitation addressed by this technique?",
      "options": [
        "Inability to track nanoscale binder distribution",
        "High cost of materials",
        "Lack of industrial relevance",
        "Environmental impact"
      ],
      "correct_answer": "Inability to track nanoscale binder distribution"
    },
    {
      "question": "What multidisciplinary fields are involved in this study?",
      "options": [
        "Chemistry, electron microscopy, electrochemical testing, and modeling",
        "Biology, physics, and engineering",
        "Computer science and mathematics",
        "Social sciences and humanities"
      ],
      "correct_answer": "Chemistry, electron microscopy, electrochemical testing, and modeling"
    },
    {
      "question": "How does the technique contribute to battery manufacturing?",
      "options": [
        "Enables optimization of slurry mixing and drying steps",
        "Reduces the need for binders",
        "Increases electrode weight",
        "Simplifies disposal processes"
      ],
      "correct_answer": "Enables optimization of slurry mixing and drying steps"
    },
    {
      "question": "What is the significance of visualizing binder fragmentation?",
      "options": [
        "Reveals potential weaknesses in electrode stability",
        "Indicates improved conductivity",
        "Shows enhanced color changes",
        "Proves cost reduction"
      ],
      "correct_answer": "Reveals potential weaknesses in electrode stability"
    }
  ],
  "background_read": [
    "Lithium-ion batteries are pivotal in modern energy storage, powering devices from portable electronics to electric vehicles. Their performance hinges on electrode architecture, where binders play a crucial role in maintaining structural integrity and facilitating ion transport. Advances in imaging technologies, such as electron microscopy and spectroscopy, are essential for probing material properties at nanoscale resolutions. This research aligns with global efforts to enhance battery efficiency, reduce charging times, and extend lifespan, contributing to sustainable energy transitions and technological innovation in renewable energy systems."
  ],
  "Article_Structure": [
    "Main Points: The article presents a staining technique for visualizing polymer binders in battery electrodes, demonstrating that distribution affects ionic resistance and stability. Purpose: To overcome the challenge of tracking binder location for optimizing battery performance in industrial applications. Evidence Evaluation: Uses peer-reviewed methods like X-ray spectroscopy and electron microscopy, with data published in a reputable journal, indicating robust evidence. Author Credibility: Authors are affiliated with Oxford's Department of Materials, suggesting expertise, though potential biases from industry interest are noted. Methodology: Involves marker attachment, electron microscopy imaging, and electrochemical testing, providing a comprehensive approach. Critical Assessment: Strengths include high-resolution imaging and multidisciplinary integration, but limitations may involve scalability and cost for widespread adoption."
  ],
  "perspectives": [
    {
      "perspective": "Industrial Application",
      "description": "The technique offers practical tools for battery manufacturers to refine processes, potentially accelerating innovation in electric vehicles and renewable energy storage."
    }
  ],
  "image_url": "/article_images/article_8f3d755708bf2723_7f6d26b70e61.webp"
}