{
  "title": "Analyzing Raducanu's Critique of Australian Open Scheduling Inequities",
  "summary": "Emma Raducanu, the British tennis professional and 2021 US Open champion, has publicly questioned the scheduling rationale of her first-round match at the Australian Open. Arriving in Melbourne on Saturday following a quarter-final appearance in Hobart and flight delays, she faced a sub-48-hour turnaround before competing against Thailand's Mananchaya Sawangkaew on Sunday night. Raducanu, currently ranked 29th globally and seeded at a major for the first time in over three years, highlighted the logistical challenges, emphasizing the need for adequate practice time in the tournament environment. Moreover, her match is positioned second in the evening session on Margaret Court Arena, subsequent to a men's singles match between Alexander Bublik and Jenson Brooksby, which could extend to five sets. This scheduling risks a late-night start, potentially near midnight, echoing historical patterns at the Australian Open where matches, such as Andy Murray's in 2023, have concluded in the early hours. Raducanu argues that placing women's matches after potential five-set men's contests is illogical, as it compromises player recovery and performance, a stance supported by sports scientists who caution against romanticizing such late finishes. Her critique underscores broader systemic issues in tennis tournament planning, balancing athlete welfare with commercial and broadcast demands.",
  "keywords": [
    {
      "term": "logistical challenges",
      "explanation": "difficulties related to the organization and timing of events, such as travel and match schedules"
    },
    {
      "term": "turnaround time",
      "explanation": "the period between consecutive events, critical for athlete preparation and recovery"
    },
    {
      "term": "seeding status",
      "explanation": "a player's assigned ranking in a tournament draw, influencing matchups and scheduling"
    },
    {
      "term": "evening session dynamics",
      "explanation": "the structure and timing of matches scheduled for late-day play, often affecting player performance"
    },
    {
      "term": "systemic issues",
      "explanation": "underlying problems in the organization or structure of a system, like tennis tournament scheduling"
    }
  ],
  "questions": [
    {
      "question": "What factors contributed to Raducanu's short preparation time before the Australian Open?",
      "options": [
        "Hobart tournament and flight delays",
        "Injury recovery",
        "Training camp schedule",
        "Personal commitments"
      ],
      "correct_answer": "Hobart tournament and flight delays"
    },
    {
      "question": "How does Raducanu's seeding status affect her perspective on the schedule?",
      "options": [
        "It's her first seeding in over three years, highlighting scheduling importance",
        "It has no impact",
        "She prefers not to be seeded",
        "It allows her to choose match times"
      ],
      "correct_answer": "It's her first seeding in over three years, highlighting scheduling importance"
    },
    {
      "question": "What historical example is cited to illustrate late match finishes at the Australian Open?",
      "options": [
        "Andy Murray's 2023 match",
        "Roger Federer's 2018 match",
        "Serena Williams' 2020 match",
        "Novak Djokovic's 2021 match"
      ],
      "correct_answer": "Andy Murray's 2023 match"
    },
    {
      "question": "Why does Raducanu argue against scheduling women's matches after men's five-set matches?",
      "options": [
        "It compromises player recovery and performance",
        "It increases ticket sales",
        "It reduces broadcast time",
        "It is a tradition"
      ],
      "correct_answer": "It compromises player recovery and performance"
    },
    {
      "question": "What role do sports scientists play in the discussion on late matches?",
      "options": [
        "They caution against romanticizing late finishes",
        "They support all late scheduling",
        "They have no opinion",
        "They advocate for more late matches"
      ],
      "correct_answer": "They caution against romanticizing late finishes"
    },
    {
      "question": "Which arena is Raducanu's match scheduled on?",
      "options": [
        "Margaret Court Arena",
        "Rod Laver Arena",
        "Hisense Arena",
        "Court 3"
      ],
      "correct_answer": "Margaret Court Arena"
    },
    {
      "question": "What is Raducanu's current world ranking?",
      "options": [
        "29th",
        "15th",
        "50th",
        "100th"
      ],
      "correct_answer": "29th"
    },
    {
      "question": "Who is Raducanu's opponent in the first round?",
      "options": [
        "Mananchaya Sawangkaew",
        "Alexander Bublik",
        "Jenson Brooksby",
        "Andy Murray"
      ],
      "correct_answer": "Mananchaya Sawangkaew"
    },
    {
      "question": "How does the article describe the broader context of Raducanu's critique?",
      "options": [
        "It highlights systemic issues in tennis tournament planning",
        "It focuses only on her personal experience",
        "It dismisses her concerns",
        "It praises the tournament organizers"
      ],
      "correct_answer": "It highlights systemic issues in tennis tournament planning"
    },
    {
      "question": "What does Raducanu emphasize about her approach to the schedule?",
      "options": [
        "Making the most of the situation",
        "Publicly boycotting the match",
        "Requesting a reschedule",
        "Ignoring the issue entirely"
      ],
      "correct_answer": "Making the most of the situation"
    }
  ],
  "background_read": [
    "The Australian Open, as a premier Grand Slam event, operates under complex scheduling pressures involving global travel, player rankings, and media broadcasting. Emma Raducanu's critique emerges within a historical context where late-night matches have been normalized, despite sports science evidence indicating detrimental effects on athlete circadian rhythms and performance. Her status as a former US Open champion and current seeded player adds weight to her arguments, reflecting ongoing debates in tennis about equity, health, and the commercial imperatives of tournament organization. Understanding these dynamics requires knowledge of tennis governance, athlete advocacy movements, and the physiological impacts of competition timing."
  ],
  "Article_Structure": [
    "Main Points: Raducanu critiques the Australian Open schedule for inadequate preparation time due to travel delays and risks of late-night starts after men's five-set matches, linking to broader player welfare concerns. Purpose: To analyze scheduling inefficiencies and their impact on athletes, using Raducanu's case to discuss systemic issues in tennis. Evidence Evaluation: Relies on Raducanu's quotes and historical examples like Murray's match, but lacks empirical data on scheduling effects; sources are credible but limited to player perspectives. Author Credibility: BBC provides reputable journalism, though author expertise in sports science is unspecified, potentially affecting depth. Methodology: Uses narrative reporting from player statements and tournament details, offering qualitative insights but no quantitative analysis. Critical Assessment: Strengths include highlighting athlete voices and real-world examples; limitations involve insufficient scientific backing and potential bias towards player viewpoints over organizational constraints."
  ],
  "perspectives": [
    {
      "perspective": "Athlete welfare advocacy",
      "description": "Raducanu's comments advocate for scheduling reforms to prioritize player health and performance in tennis tournaments"
    }
  ],
  "image_url": "/article_images/article_47b2160ad3f324b8_3afb2986513f.webp"
}