{
  "title": "Rachel Reeves Plans Her Big Budget",
  "summary": "Rachel Reeves is the Chancellor, and she is getting ready to announce her budget. A budget is a plan for how the government will spend money. She has been working on it for months with her team. Her main goals are to lower the cost of living, reduce NHS waiting lists, and cut the national debt. Many people are worried because the country has a lot of debt and high taxes. Some in her party are afraid, and others are skeptical that she can succeed. The budget will be shared soon, and everyone is watching to see what happens.",
  "keywords": [
    {
      "term": "budget",
      "explanation": "a plan for how the government spends money"
    },
    {
      "term": "Chancellor",
      "explanation": "the person in charge of the country's money"
    },
    {
      "term": "debt",
      "explanation": "money that the country owes to others"
    },
    {
      "term": "NHS",
      "explanation": "the National Health Service that helps people when they are sick"
    },
    {
      "term": "inflation",
      "explanation": "when prices for things go up over time"
    },
    {
      "term": "taxes",
      "explanation": "money people pay to the government for services"
    }
  ],
  "questions": [
    {
      "question": "Who is preparing the budget?",
      "options": [
        "Rachel Reeves",
        "The Prime Minister",
        "A teacher",
        "A doctor"
      ],
      "correct_answer": "Rachel Reeves"
    },
    {
      "question": "What is one of Reeves's priorities?",
      "options": [
        "Cut the cost of living",
        "Build more parks",
        "Increase taxes",
        "Start a new school"
      ],
      "correct_answer": "Cut the cost of living"
    },
    {
      "question": "How long has the budget process been going on?",
      "options": [
        "Months",
        "Days",
        "Weeks",
        "Years"
      ],
      "correct_answer": "Months"
    },
    {
      "question": "What are some people feeling about the budget?",
      "options": [
        "Fear and skepticism",
        "Excitement and joy",
        "Boredom",
        "Confusion"
      ],
      "correct_answer": "Fear and skepticism"
    },
    {
      "question": "What did Reeves not want to use in planning?",
      "options": [
        "Spreadsheets",
        "Pens",
        "Computers",
        "Books"
      ],
      "correct_answer": "Spreadsheets"
    },
    {
      "question": "Where does Reeves work as Chancellor?",
      "options": [
        "Treasury office",
        "School",
        "Hospital",
        "Library"
      ],
      "correct_answer": "Treasury office"
    }
  ],
  "background_read": [
    "A budget is like a big plan for a country's money. The Chancellor is the person who makes this plan. In the UK, the government uses money from taxes to pay for things like schools, hospitals, and roads. Sometimes, the country has debt, which means it owes money. Rachel Reeves is trying to fix problems like high costs and long waits for doctors. People are watching to see if her plan will work."
  ],
  "Article_Structure": [
    "WHO: Rachel Reeves, the Chancellor",
    "WHAT: Planning a budget to cut costs, NHS waits, and debt",
    "WHERE: In the Treasury office in the UK",
    "WHY: To address economic problems and public concerns"
  ],
  "perspectives": [
    {
      "perspective": "Reeves's team",
      "description": "They are confident she can achieve her goals."
    },
    {
      "perspective": "Her party",
      "description": "Some are afraid the budget might not work."
    },
    {
      "perspective": "Rivals and business",
      "description": "They are skeptical and doubt her plans."
    }
  ],
  "image_url": "/article_images/article_c8628e54ecc0434f_2e427015ed81.webp"
}