{
  "title": "Legal and Political Implications of Blocked Report on Trump's Classified Documents",
  "summary": "This article delves into complex legal and political narratives, beginning with federal judge Aileen Cannon's permanent injunction against releasing a report by special counsel Jack Smith on former President Donald Trump's handling of classified documents post-2021. Cannon, a Trump appointee, justified the block by citing manifest injustice, as the case never reached a jury, and dismissed the charges in 2024 due to Smith's alleged unlawful appointment, though watchdog groups continue to appeal. Concurrently, Trump is leveraging trade policy, warning nations to adhere to tariff agreements following a Supreme Court decision that invalidated some of his measures, while the European Union delays ratifying a major trade deal amid U.S. uncertainties. Trump further asserts executive authority by claiming independence from congressional approval for tariffs, announcing incremental increases. In a separate but significant development, the Supreme Court has agreed to hear arguments from oil and gas companies seeking to preempt lawsuits from state and local governments, such as Boulder, Colorado, which seek damages for climate change impacts. This synthesis highlights intersecting themes of judicial oversight, executive power, international trade dynamics, and environmental litigation, underscoring ongoing debates over accountability and governance in contemporary America.",
  "keywords": [
    {
      "term": "permanent injunction",
      "explanation": "a court order that indefinitely prohibits a specific action, often used in legal disputes"
    },
    {
      "term": "manifest injustice",
      "explanation": "a legal doctrine indicating a clear and fundamental unfairness that undermines the judicial process"
    },
    {
      "term": "special counsel investigation",
      "explanation": "an independent legal inquiry led by an appointed counsel to examine potential misconduct, often in political contexts"
    },
    {
      "term": "tariff policy escalation",
      "explanation": "the strategic increase or threat of import taxes to influence international trade relations and domestic economic goals"
    },
    {
      "term": "executive authority",
      "explanation": "the powers vested in the president to act independently in certain domains, such as trade, without legislative consent"
    },
    {
      "term": "climate change litigation",
      "explanation": "legal proceedings where plaintiffs seek redress for environmental harm, challenging corporate and governmental actions contributing to global warming"
    },
    {
      "term": "judicial appointment bias",
      "explanation": "concerns over how a judge's background or affiliations might influence court decisions, particularly in politically charged cases"
    },
    {
      "term": "international trade ratification",
      "explanation": "the formal approval process for trade agreements between countries, often subject to political and legal scrutiny"
    },
    {
      "term": "preemption arguments",
      "explanation": "legal strategies where defendants claim federal law overrides state or local lawsuits, used here by industries against climate claims"
    },
    {
      "term": "accountability mechanisms",
      "explanation": "systems or processes, such as courts or watchdog groups, designed to ensure transparency and responsibility in governance"
    }
  ],
  "questions": [
    {
      "question": "What legal rationale did Judge Cannon provide for blocking the report on Trump's documents?",
      "options": [
        "Manifest injustice due to lack of jury trial",
        "National security concerns",
        "Presidential immunity",
        "Insufficient evidence"
      ],
      "correct_answer": "Manifest injustice due to lack of jury trial"
    },
    {
      "question": "How does the article describe the dismissal of charges against Trump in 2024?",
      "options": [
        "Based on Smith's unlawful appointment",
        "Due to a Supreme Court ruling",
        "Because of statute of limitations",
        "As a result of political pressure"
      ],
      "correct_answer": "Based on Smith's unlawful appointment"
    },
    {
      "question": "What is the implication of Trump's warning to countries regarding tariff deals?",
      "options": [
        "It escalates trade tensions and asserts executive power",
        "It promotes global cooperation",
        "It reduces tariff rates uniformly",
        "It delegates authority to Congress"
      ],
      "correct_answer": "It escalates trade tensions and asserts executive power"
    },
    {
      "question": "Why is the European Union delaying ratification of the trade deal with the U.S.?",
      "options": [
        "Uncertainty from the U.S. side about respecting the deal",
        "Lack of interest in trade",
        "Higher tariffs imposed by Trump",
        "A Supreme Court order"
      ],
      "correct_answer": "Uncertainty from the U.S. side about respecting the deal"
    },
    {
      "question": "What broader issue does the Supreme Court case on oil and gas companies address?",
      "options": [
        "Corporate liability for climate change impacts",
        "Tariff enforcement mechanisms",
        "Judicial appointments",
        "Classified document handling"
      ],
      "correct_answer": "Corporate liability for climate change impacts"
    },
    {
      "question": "How does the article characterize Trump's stance on congressional approval for tariffs?",
      "options": [
        "He claims it is unnecessary",
        "He seeks bipartisan support",
        "He defers to the Supreme Court",
        "He follows international law"
      ],
      "correct_answer": "He claims it is unnecessary"
    },
    {
      "question": "What role do watchdog groups play in the context of the blocked report?",
      "options": [
        "Advocating for transparency through higher court appeals",
        "Supporting Trump's tariff policies",
        "Investigating climate change data",
        "Appointing special counsels"
      ],
      "correct_answer": "Advocating for transparency through higher court appeals"
    },
    {
      "question": "What methodological approach does the article use to present information?",
      "options": [
        "Synthesis of court decisions and news reports",
        "Original scientific research",
        "Statistical analysis of trade data",
        "Interviews with key figures"
      ],
      "correct_answer": "Synthesis of court decisions and news reports"
    },
    {
      "question": "How might Judge Cannon's appointment by Trump influence perceptions of her decision?",
      "options": [
        "It raises questions about potential bias",
        "It ensures impartiality",
        "It is irrelevant to the case",
        "It strengthens her credibility"
      ],
      "correct_answer": "It raises questions about potential bias"
    },
    {
      "question": "What critical assessment can be made about the article's coverage of these events?",
      "options": [
        "It highlights interconnected legal-political issues but lacks depth in source evaluation",
        "It provides exhaustive data on each topic",
        "It avoids any political commentary",
        "It focuses solely on environmental aspects"
      ],
      "correct_answer": "It highlights interconnected legal-political issues but lacks depth in source evaluation"
    }
  ],
  "background_read": [
    "This article requires an understanding of advanced U.S. civics, including the roles of federal judges, special counsels, and the Supreme Court in shaping legal and political landscapes. It touches on themes such as executive power under the Trump administration, particularly in trade policy where tariffs are used as diplomatic tools, and the legal doctrines surrounding classified information and appointment validity. The climate change litigation aspect involves tort law and environmental policy, examining how industries face accountability for global warming. Background knowledge on international trade agreements, like those with the EU, and the judicial process, including appeals and injunctions, is essential. The article also implicitly addresses media reliability, as it is based on a PBS NewsHour transcript, prompting consideration of source credibility and reporting methodologies in contemporary journalism."
  ],
  "Article_Structure": [
    "This 100-word in-depth analysis covers: Main Points: The article details Judge Cannon's block of a report on Trump's documents, Trump's tariff threats post-Supreme Court, and the Supreme Court's climate change case. Purpose: To explore legal and political ramifications of these events in the context of accountability and governance. Evidence Evaluation: Relies on court rulings and public statements, but lacks primary sources or data verification, limiting robustness. Author Credibility: PBS NewsHour is credible, but the transcript-based content may introduce errors. Methodology: News synthesis without original research, focusing on recent developments. Critical Assessment: Effectively connects disparate issues but suffers from superficial analysis and potential bias in summarizing complex legal matters."
  ],
  "perspectives": [
    {
      "perspective": "Critical legal perspective",
      "description": "Analyzes how judicial decisions and legal frameworks are influenced by political appointments and broader societal conflicts."
    }
  ],
  "image_url": "/article_images/article_223733ed9510e289_81344b7f452e.webp"
}