{
  "title": "Geopolitical Crossroads: The Washington Summit and Greenland's Sovereignty in the Arctic",
  "summary": "The Washington summit, convened by U.S. Vice-President JD Vance and attended by Danish and Greenlandic foreign ministers alongside U.S. counterpart Marco Rubio, represents a pivotal moment in Arctic geopolitics, centered on Greenland's future. In Nuuk, Greenland's capital, digital news tickers relentlessly display terms such as 'Trump', 'Greenland', and 'sovereignty', reflecting local apprehension fueled by former President Donald Trump's explicit intentions to acquire the territory, threatening to do so 'the easy way or the hard way' following controversial actions in Venezuela. Greenlandic voices, including Amelie Zeeb and Inuit writer Sivnîssoq Rask, articulate a resolute stance against commodification, emphasizing that Greenland is not for sale and advocating for sovereign independence and effective governance. This meeting transcends local concerns, implicating Greenland's semi-autonomous status under Denmark and potentially destabilizing international frameworks. Danish Prime Minister Mette Frederiksen cautions that U.S. coercive measures could dismantle NATO, the transatlantic defense alliance integral to European security for decades, while exacerbating already fraught U.S.-European relations post-Trump's resurgence. The ramifications are profound, affecting not only Arctic sovereignty but also global diplomatic equilibria, with European leaders concurrently seeking U.S. backing for a sustainable Ukrainian peace. The summit's dichotomy between compromise and confrontation will critically influence Arctic policy, resource management, and alliance dynamics, underscoring the intricate interplay of local agency and great-power politics.",
  "keywords": [
    {
      "term": "geopolitics",
      "explanation": "the study of the effects of geography on international politics and power relations"
    },
    {
      "term": "sovereign independence",
      "explanation": "complete political autonomy and self-governance of a state free from external control"
    },
    {
      "term": "transatlantic defense alliance",
      "explanation": "a military partnership between North American and European nations, exemplified by NATO"
    },
    {
      "term": "commodification",
      "explanation": "the process of treating something as a mere commodity to be bought and sold"
    },
    {
      "term": "coercive measures",
      "explanation": "actions taken to force compliance through threats or pressure"
    },
    {
      "term": "diplomatic equilibria",
      "explanation": "the balance or stability in international relations achieved through diplomacy"
    },
    {
      "term": "great-power politics",
      "explanation": "strategic interactions among dominant global states influencing world affairs"
    },
    {
      "term": "Arctic policy",
      "explanation": "governmental strategies and actions regarding the Arctic region's governance and resources"
    },
    {
      "term": "local agency",
      "explanation": "the capacity of local populations to act independently and influence their own circumstances"
    },
    {
      "term": "pivotal moment",
      "explanation": "a critical juncture that significantly determines future outcomes"
    }
  ],
  "questions": [
    {
      "question": "What role does JD Vance play in the Washington summit?",
      "options": [
        "Hosting the meeting",
        "Representing Greenland",
        "Leading Danish delegation",
        "Reporting for BBC"
      ],
      "correct_answer": "Hosting the meeting"
    },
    {
      "question": "How do digital news tickers in Nuuk symbolize local concerns?",
      "options": [
        "By highlighting Trump, Greenland, sovereignty",
        "By showing weather updates",
        "By advertising shopping malls",
        "By displaying Danish flags"
      ],
      "correct_answer": "By highlighting Trump, Greenland, sovereignty"
    },
    {
      "question": "What historical action by Trump adds credibility to his threats on Greenland?",
      "options": [
        "Controversial military action in Venezuela",
        "Withdrawal from Paris Agreement",
        "Trade war with China",
        "Impeachment proceedings"
      ],
      "correct_answer": "Controversial military action in Venezuela"
    },
    {
      "question": "What is the core argument of Greenlandic voices like Amelie Zeeb?",
      "options": [
        "Greenland is not a commodity for sale",
        "Greenland should join the U.S. immediately",
        "Denmark should increase control",
        "The meeting is unimportant"
      ],
      "correct_answer": "Greenland is not a commodity for sale"
    },
    {
      "question": "How does Mette Frederiksen link U.S. actions on Greenland to NATO?",
      "options": [
        "Coercion could end the alliance",
        "It would strengthen NATO's role",
        "It has no effect on NATO",
        "It would create a new alliance"
      ],
      "correct_answer": "Coercion could end the alliance"
    },
    {
      "question": "What broader diplomatic context influences European leaders' stance?",
      "options": [
        "Need for U.S. support on Ukraine",
        "Desire to acquire Arctic resources",
        "Interest in Greenlandic culture",
        "Opposition to Danish sovereignty"
      ],
      "correct_answer": "Need for U.S. support on Ukraine"
    },
    {
      "question": "What does the article suggest about the summit's potential outcomes?",
      "options": [
        "Could shift Arctic policy and alliance dynamics",
        "Will definitely lead to Greenland's independence",
        "Has no impact beyond local issues",
        "Is solely about economic trade"
      ],
      "correct_answer": "Could shift Arctic policy and alliance dynamics"
    },
    {
      "question": "What methodological approach does the article employ?",
      "options": [
        "On-the-ground reporting and political analysis",
        "Statistical data analysis",
        "Laboratory experiments",
        "Historical archives only"
      ],
      "correct_answer": "On-the-ground reporting and political analysis"
    },
    {
      "question": "How does the article assess the credibility of its sources?",
      "options": [
        "Uses direct quotes and official statements",
        "Relies on anonymous rumors",
        "Ignores local perspectives",
        "Focuses only on U.S. viewpoints"
      ],
      "correct_answer": "Uses direct quotes and official statements"
    },
    {
      "question": "What critical limitation might the article have?",
      "options": [
        "Brevity may oversimplify complex geopolitics",
        "Lack of attention to Greenlandic culture",
        "Too focused on European perspectives",
        "Excludes any mention of Trump"
      ],
      "correct_answer": "Brevity may oversimplify complex geopolitics"
    }
  ],
  "background_read": [
    "Greenland, as the world's largest island, occupies a crucial position in the Arctic, governed as a semi-autonomous territory within the Kingdom of Denmark since 1953, with the 2009 Self-Government Act expanding its domestic powers. The Arctic region is increasingly contested due to climate change opening new shipping routes and resource extraction opportunities, drawing interest from global powers like the U.S., Russia, and China. NATO, established in 1949, serves as a cornerstone of transatlantic security, but faces challenges from rising populism and shifting U.S. foreign policy under figures like Donald Trump, who has advocated for transactional alliances. The Washington summit exemplifies how territorial disputes intersect with broader geopolitical strategies, highlighting tensions between national sovereignty, international law, and great-power competition. Understanding this requires knowledge of diplomatic history, Arctic governance frameworks, and the socio-political dynamics of indigenous communities in Greenland."
  ],
  "Article_Structure": [
    "This article provides an in-depth analysis of the Washington summit on Greenland, detailing main points such as local resistance to U.S. acquisition threats, the geopolitical stakes involving NATO and U.S.-European relations, and the summit's role in shaping Arctic policy. Its purpose is to critically examine sovereignty disputes and great-power politics, using evidence from firsthand reporting and political statements to evaluate source credibility, though it may reflect BBC's editorial stance. The methodology combines qualitative interviews in Nuuk with analysis of official discourses, offering a nuanced perspective but limited by potential biases and the article's concise format, necessitating further research for comprehensive assessment."
  ],
  "perspectives": [
    {
      "perspective": "Indigenous Greenlandic community",
      "description": "Asserts self-determination and cultural preservation against external exploitation and geopolitical maneuvering."
    },
    {
      "perspective": "U.S. strategic policymakers",
      "description": "Prioritize Arctic dominance and resource control, often disregarding local autonomy in favor of national interests."
    },
    {
      "perspective": "European and Danish diplomatic corps",
      "description": "Navigate complex alliance maintenance and multilateral diplomacy to avert regional instability and preserve international norms."
    }
  ],
  "image_url": "/article_images/article_daf613af293facdc_248c741524bf.webp"
}