{
  "articles": [
    {
      "id": "581c47651ecac69a",
      "title": "Indole-Mediated Microbiome Modulation as a Preventive Strategy for Childhood MASLD",
      "summary": "A recent study published in eBioMedicine investigates the protective role of indole, a gut bacterial metabolite derived from tryptophan, in mitigating the risk of metabolic dysfunction-associated steatotic liver disease (MASLD) in offspring. Researchers from the University of Oklahoma, including Jed Friedman and Karen Jonscher, conducted experiments on pregnant and lactating mice fed a Western-style high-fat, high-sugar diet, with some receiving indole supplementation. Offspring from indole-treated mothers exhibited significantly reduced incidence of fatty liver disease, evidenced by healthier hepatic profiles, attenuated weight gain, improved glycemic control, and diminished adipocyte size, even upon subsequent exposure to obesogenic diets. Mechanistically, indole activated the acyl hydrocarbon receptor (AHR) pathway and modulated ceramide metabolism, increasing beneficial very long-chain ceramides while suppressing harmful long-chain variants. The study further demonstrated that fecal microbiota transplantation from protected offspring conferred similar liver benefits, underscoring the microbiome's central role in this protective effect. With MASLD prevalence reaching approximately 30% in children with obesity and 10% in those without, and current management limited to weight loss due to a lack of pharmacotherapies, these findings propose early microbiome-targeted interventions as a novel preventive approach. Although translational to humans requires further validation, the research highlights the critical interplay between maternal diet, microbiome inheritance, and long-term metabolic health, offering insights into potential strategies for combating the escalating burden of pediatric liver disease.",
      "source": "Science Daily",
      "time_ago": "5 hours ago",
      "image_url": "/article_images/article_581c47651ecac69a_eb0bf4ec1ab0.webp",
      "category": "Science"
    },
    {
      "id": "fe4914e8b72b016b",
      "title": "Integrating Calcifying Plankton into Climate Models: Addressing Critical Omissions in Ocean Carbon Dynamics",
      "summary": "A comprehensive review in Science reveals significant omissions in climate models regarding calcifying plankton—coccolithophores, foraminifers, and pteropods—which are pivotal in regulating Earth's climate through the ocean carbon pump. These microorganisms synthesize calcium carbonate shells, facilitating carbon sequestration from the atmosphere to deep ocean strata, thereby modulating global temperature regimes. The study, conducted by an international team from ICTA-UAB, critiques prevailing Earth System Models (e.g., CMIP6) for neglecting key biogeochemical processes such as shallow dissolution, wherein calcium carbonate dissolves in the upper ocean due to biological mechanisms like predation and microbial respiration, altering ocean chemistry and carbon fluxes. Furthermore, it delineates species-specific climatic vulnerabilities: coccolithophores are highly susceptible to ocean acidification owing to inadequate cellular pH regulation, whereas foraminifers and pteropods confront threats from deoxygenation and thermal stress. The authors advocate for urgent empirical research to quantify calcium carbonate production, dissolution rates, and export efficiencies, asserting that such data integration will refine model predictions of ocean-atmosphere interactions, long-term carbon storage, and paleoclimate interpretations from sediment archives. This enhancement is crucial for developing robust climate projections and informing adaptive strategies for ecosystems and human societies amid escalating environmental change.",
      "source": "Science Daily",
      "time_ago": "6 hours ago",
      "image_url": "/article_images/article_fe4914e8b72b016b_d767ecd56ca2.webp",
      "category": "Science"
    },
    {
      "id": "2025a0b751a96e5e",
      "title": "Modeling Pandemic Dynamics: A Comparative Analysis of H1N1 and COVID-19 Spread in U.S. Metropolitan Networks",
      "summary": "A study by public health scientists at Columbia University Mailman School of Public Health, in collaboration with researchers from Dalian University of Technology and other institutions, employs advanced computational simulations to trace and compare the geographic dissemination of the 2009 H1N1 influenza pandemic and the 2020 COVID-19 pandemic across United States metropolitan areas. Published in the Proceedings of the National Academy of Sciences, this research represents the first direct comparative analysis of these pandemics' transmission patterns, revealing that both exhibited rapid expansion, circulating widely within most metro areas in mere weeks prior to the implementation of early detection systems or governmental interventions. The simulations integrated detailed virological data with models accounting for air travel, commuting, and superspreading events, identifying key transmission hubs such as New York and Atlanta, where air travel predominantly facilitated spread over local commuting. The study underscores the challenges of timely pandemic control due to unpredictable transmission dynamics and advocates for enhanced wastewater surveillance as a critical early warning mechanism to mitigate initial transmission rates. Furthermore, the researchers developed a flexible analytical framework applicable to other outbreaks, incorporating variables like population demographics, school calendars, and climatic conditions, thereby contributing to refined pandemic preparedness strategies and informing public health decision-making through real-time forecasting tools.",
      "source": "Science Daily",
      "time_ago": "21 hours ago",
      "image_url": "/article_images/article_2025a0b751a96e5e_1dd3ff70ec06.webp",
      "category": "Science"
    },
    {
      "id": "31397e95a2be2060",
      "title": "Century-Scale Hair Analysis Demonstrates Regulatory Efficacy in Mitigating Lead Exposure and Its Public Health Implications",
      "summary": "This article presents a scientific study conducted by researchers at the University of Utah, published in PNAS, which utilizes hair sample analysis to trace lead exposure trends in the United States over a century. Prior to the establishment of the Environmental Protection Agency (EPA) in 1970, lead pollution was pervasive, originating from industrial emissions, lead-based paints, plumbing infrastructure, and predominantly leaded gasoline in vehicle exhaust. Lead, a toxic heavy metal with bioaccumulative properties, is associated with cognitive and developmental impairments in children. The research findings indicate a pronounced decline in lead concentrations in hair samples following the implementation of environmental regulations, with pre-regulation levels approximately 100-fold higher. This underscores the efficacy of regulatory frameworks in attenuating public health risks. However, the article notes contemporary challenges, such as the weakening of some lead regulations under the Trump administration, which poses a threat to historical gains. The methodology involved analyzing hair from 48 individuals, including archival specimens from family scrapbooks, providing a longitudinal dataset for Utah's Wasatch Front, a region historically impacted by industrial pollution. The study emphasizes the critical role of sustained environmental safeguards and serves as a cautionary narrative against regulatory rollbacks, highlighting the intersection of policy, science, and public health.",
      "source": "Science Daily",
      "time_ago": "21 hours ago",
      "image_url": "/article_images/article_31397e95a2be2060_799c1d2f545d.webp",
      "category": "Science"
    },
    {
      "id": "1611cb9ba70a55dd",
      "title": "Collapse of EPA Enforcement Under Trump's Second Administration: A Critical Analysis",
      "summary": "A comprehensive report by the Environmental Integrity Project documents a precipitous decline in the Environmental Protection Agency's enforcement of environmental laws during the initial year of President Donald Trump's second term. Civil lawsuits filed by the Department of Justice, based on EPA referrals, dropped to 16, representing a 76% reduction from the Biden administration and a continued downward trend from previous administrations. This enforcement collapse is driven by an aggressive deregulatory agenda, exemplified by EPA Administrator Lee Zeldin's rollback of 31 pollution restrictions and the adoption of a 'compliance first' policy that prioritizes informal resolution over formal penalties. Concurrent staff reductions, including layoffs of hundreds of EPA employees and attrition in the Justice Department's environment division, have further crippled enforcement capacity. The report, supported by analyses from Public Employees for Environmental Responsibility and Earthjustice, raises concerns about eroded deterrence and increased environmental and public health risks. Critics highlight the appointment of officials like Craig Pritzlaff, known for a 'reluctant regulator' approach, as indicative of a systemic shift away from robust enforcement. This trend reflects broader political and ideological conflicts over environmental governance and regulatory efficacy.",
      "source": "Ars Science",
      "time_ago": "1 day ago",
      "image_url": "/article_images/article_1611cb9ba70a55dd_da7bb2fcd9dc.webp",
      "category": "Science"
    },
    {
      "id": "ba39ba71c8f3bb2e",
      "title": "Atmospheric Chemistry and Methane Dynamics: Unraveling the COVID-19 Lockdown Effect",
      "summary": "The COVID-19 pandemic in 2020 induced unprecedented reductions in anthropogenic activities, leading to a sharp decline in nitrogen dioxide emissions and temporarily improved air quality. Concurrently, atmospheric methane concentrations experienced a significant surge, with a growth rate of 16.2 parts per billion, the highest since systematic monitoring began. A seminal study in Science investigates this paradox through a detailed examination of tropospheric chemistry. Methane, a potent greenhouse gas, is primarily removed via oxidation by hydroxyl radicals, which are generated through photochemical reactions involving nitrogen oxides. The lockdown-induced drop in nitrogen oxides, by approximately 15-20% globally, impeded hydroxyl radical production, thereby weakening the methane sink. This mechanism accounted for roughly 80% of the 2020 methane increase. Furthermore, isotopic analysis revealed a shift toward lighter methane, indicative of biogenic origins rather than fossil fuel sources. Utilizing data from satellites like the Greenhouse Gases Observing Satellite and atmospheric models, researchers traced these emissions to tropical wetlands in Africa and Southeast Asia, where prolonged La Niña conditions from 2020-2023 caused excessive rainfall and flooding. In these anaerobic environments, methanogenic microbes proliferated, enhancing methane production. The study underscores the intricate linkages between air pollution control, atmospheric chemistry, and climate feedbacks, suggesting that environmental interventions must consider multifaceted impacts to avoid unintended consequences in greenhouse gas management.",
      "source": "Ars Science",
      "time_ago": "1 day ago",
      "image_url": "/article_images/article_ba39ba71c8f3bb2e_08e24d9da410.webp",
      "category": "Science"
    }
  ]
}