{
  "title": "Unexpected Economic Contraction in the UK: Causes and Responses",
  "summary": "In October, the UK economy contracted by 0.1%, contrary to economists' expectations of 0.1% growth, as reported by the Office for National Statistics. This decline was influenced by multiple factors: a cyber-attack at Jaguar Land Rover disrupted car production, with only a slight recovery in October, and uncertainty ahead of the Budget dampened consumer and business spending. Over the three months to October, the economy also shrank by 0.1%, with production output falling by 0.5%, largely due to a 17.7% drop in vehicle manufacturing. Analysts suggest these weaker-than-expected figures strengthen the case for the Bank of England to cut interest rates at its upcoming meeting. The government emphasizes its commitment to economic growth through measures like reducing energy bills and infrastructure investments, while the shadow chancellor criticizes the Budget for the contraction, attributing it to economic mismanagement. Economists note the economy has grown in only one of the past seven months, highlighting ongoing challenges.",
  "keywords": [
    {
      "term": "contracted",
      "explanation": "decreased in size or economic activity"
    },
    {
      "term": "cyber-attack",
      "explanation": "a malicious digital attack disrupting operations"
    },
    {
      "term": "Budget",
      "explanation": "the government's annual financial plan affecting taxes and spending"
    },
    {
      "term": "interest rates",
      "explanation": "rates set by the central bank influencing borrowing costs"
    },
    {
      "term": "production output",
      "explanation": "the total amount of goods produced in an economy"
    },
    {
      "term": "infrastructure investments",
      "explanation": "spending on public projects like roads and buildings to boost growth"
    },
    {
      "term": "economic mismanagement",
      "explanation": "poor handling of economic policies leading to negative outcomes"
    },
    {
      "term": "analysts",
      "explanation": "experts who study and interpret economic data"
    }
  ],
  "questions": [
    {
      "question": "What was the expected economic growth for October according to economists?",
      "options": [
        "0.1% contraction",
        "0.1% growth",
        "0.5% growth",
        "No change"
      ],
      "correct_answer": "0.1% growth"
    },
    {
      "question": "Which event significantly affected car production in the UK?",
      "options": [
        "A budget announcement",
        "A cyber-attack at Jaguar Land Rover",
        "A rise in interest rates",
        "A decrease in energy bills"
      ],
      "correct_answer": "A cyber-attack at Jaguar Land Rover"
    },
    {
      "question": "How much did vehicle manufacturing fall over the three months to October?",
      "options": [
        "0.1%",
        "0.5%",
        "17.7%",
        "1.1%"
      ],
      "correct_answer": "17.7%"
    },
    {
      "question": "What do analysts believe the weak economic figures support?",
      "options": [
        "Raising taxes",
        "Cutting interest rates by the Bank of England",
        "Increasing government spending immediately",
        "Ignoring the Budget"
      ],
      "correct_answer": "Cutting interest rates by the Bank of England"
    },
    {
      "question": "What is the government's strategy to boost economic growth?",
      "options": [
        "Raising energy bills",
        "Reducing energy bills and making infrastructure investments",
        "Stopping car production",
        "Lowering taxes on the wealthy only"
      ],
      "correct_answer": "Reducing energy bills and making infrastructure investments"
    },
    {
      "question": "Who blamed the Budget for the economic contraction?",
      "options": [
        "The Office for National Statistics",
        "The Bank of England",
        "Shadow chancellor Sir Mel Stride",
        "Ruth Gregory"
      ],
      "correct_answer": "Shadow chancellor Sir Mel Stride"
    },
    {
      "question": "What was the production output growth in October after the cyber-attack?",
      "options": [
        "0.1%",
        "0.5%",
        "1.1%",
        "17.7%"
      ],
      "correct_answer": "1.1%"
    },
    {
      "question": "How many months has the economy grown in the past seven months according to an economist?",
      "options": [
        "One",
        "Three",
        "Five",
        "Seven"
      ],
      "correct_answer": "One"
    }
  ],
  "background_read": [
    "The UK economy is measured by indicators like GDP, which tracks total economic activity. A contraction indicates a decline, often signaling recession risks. The Office for National Statistics is the official body collecting such data. Cyber-attacks on major industries like automotive can disrupt supply chains and reduce output. The Budget, set by the government, influences economic behavior through tax and spending decisions. Interest rates, controlled by the Bank of England, affect borrowing and investment; cutting rates can stimulate growth by making loans cheaper. Economic growth is a key government goal, involving policies to increase productivity and employment. Political debates often arise over the causes of economic shifts, with different parties offering contrasting perspectives."
  ],
  "Article_Structure": [
    "Main Points: The UK economy unexpectedly contracted by 0.1% in October due to a cyber-attack disrupting car production and Budget uncertainty reducing spending. Purpose: To inform about recent economic data and discuss implications for monetary and fiscal policy. Evidence Evaluation: Relies on official ONS figures and analyst quotes, providing credible data but limited to short-term trends. Author Credibility: Based on BBC News reporting, which cites multiple sources including ONS, economists, and political figures, ensuring balanced coverage. Methodology: Uses statistical data from ONS and qualitative insights from experts to analyze economic performance and policy responses."
  ],
  "perspectives": [
    {
      "perspective": "Government perspective",
      "description": "Focuses on proactive measures like infrastructure investment to counteract the contraction and promote growth."
    },
    {
      "perspective": "Opposition perspective",
      "description": "Attributes the economic decline to poor Budget planning and mismanagement by the current administration."
    },
    {
      "perspective": "Economic analyst perspective",
      "description": "Views the contraction as a signal for monetary policy adjustment, advocating for interest rate cuts to stimulate the economy."
    }
  ],
  "image_url": "/article_images/article_1fb1a3ecd8148cc2_b0e524c86ee1.webp"
}