{
  "title": "Analyzing Reproductive Healthcare Narratives in Post-Roe America: A Podcast Discussion with Irin Carmon",
  "summary": "The 'Settle In' podcast, hosted by Amna Nawaz on PBS NewsHour, features an in-depth interview with journalist Irin Carmon, author of 'Unbearable: Five Women and the Perils of Pregnancy in America.' Carmon's work critically examines the intersection of American medicine, law, and reproductive healthcare through the narratives of five women from New York and Alabama, set against the backdrop of the overturned Roe v. Wade decision. She emphasizes that while most subjects in her book seek to continue their pregnancies, they encounter profound limitations due to systemic failures, including inadequate miscarriage management, disrespectful birth practices, and restricted access to abortion services. The stories span pre-pregnancy, gestation, and postpartum phases, revealing how socioeconomic disparities and geographic variances shape experiences, yet universal challenges persist across different contexts. Carmon's methodology involves qualitative, ethnographic research, using personal accounts to underscore the human impact of policy shifts. The podcast serves as a platform for disseminating these findings, aiming to foster public discourse, challenge prevailing healthcare paradigms, and advocate for structural reforms. It contributes to ongoing debates about reproductive justice, highlighting the need for empathetic, evidence-based approaches to maternal health in a polarized political climate.",
  "keywords": [
    {
      "term": "reproductive justice",
      "explanation": "a framework advocating for the right to have children, not have children, and parent in safe conditions"
    },
    {
      "term": "ethnographic research",
      "explanation": "a qualitative method studying cultures and communities through observation and interviews"
    },
    {
      "term": "systemic failures",
      "explanation": "breakdowns in institutional structures that harm individuals, often due to policy or practice flaws"
    },
    {
      "term": "maternal health",
      "explanation": "the health of women during pregnancy, childbirth, and the postpartum period"
    },
    {
      "term": "policy shifts",
      "explanation": "changes in government laws or regulations that affect societal issues"
    }
  ],
  "questions": [
    {
      "question": "What is the primary focus of Irin Carmon's book 'Unbearable' as discussed in the podcast?",
      "options": [
        "The perils of pregnancy in America post-Roe v. Wade",
        "The history of reproductive rights globally",
        "Economic policies affecting families",
        "Technological advances in healthcare"
      ],
      "correct_answer": "The perils of pregnancy in America post-Roe v. Wade"
    },
    {
      "question": "How does Carmon describe the intent of most women in her book regarding their pregnancies?",
      "options": [
        "They want to continue their pregnancies and raise children",
        "They seek immediate abortion services",
        "They plan to adopt out their infants",
        "They are undecided about pregnancy outcomes"
      ],
      "correct_answer": "They want to continue their pregnancies and raise children"
    },
    {
      "question": "What methodological approach does Carmon use in her research for the book?",
      "options": [
        "Qualitative, ethnographic interviews",
        "Quantitative statistical analysis",
        "Experimental laboratory studies",
        "Historical document review"
      ],
      "correct_answer": "Qualitative, ethnographic interviews"
    },
    {
      "question": "Which legal event is central to the context of Carmon's narratives?",
      "options": [
        "The overturning of Roe v. Wade",
        "The Affordable Care Act passage",
        "A Supreme Court case on education",
        "Immigration law reforms"
      ],
      "correct_answer": "The overturning of Roe v. Wade"
    },
    {
      "question": "What types of healthcare issues are highlighted as systemic failures in the book?",
      "options": [
        "Miscarriage care, birth care, and abortion access",
        "Only mental health services",
        "Preventive care for chronic diseases",
        "Emergency trauma care"
      ],
      "correct_answer": "Miscarriage care, birth care, and abortion access"
    },
    {
      "question": "How does the podcast contribute to public discourse according to the summary?",
      "options": [
        "By fostering discussion and advocating for structural reforms",
        "By providing entertainment only",
        "By promoting commercial products",
        "By focusing on unrelated political topics"
      ],
      "correct_answer": "By fostering discussion and advocating for structural reforms"
    },
    {
      "question": "What role do socioeconomic factors play in the stories Carmon shares?",
      "options": [
        "They influence but do not solely determine outcomes, showing persistent challenges",
        "They guarantee positive healthcare experiences",
        "They are irrelevant to the narratives",
        "They only affect women in urban areas"
      ],
      "correct_answer": "They influence but do not solely determine outcomes, showing persistent challenges"
    },
    {
      "question": "What is a potential limitation of Carmon's evidence as noted in the analysis?",
      "options": [
        "Reliance on anecdotal stories without broad statistical data",
        "Use of outdated historical sources",
        "Lack of interviews with healthcare providers",
        "Exclusion of male perspectives"
      ],
      "correct_answer": "Reliance on anecdotal stories without broad statistical data"
    },
    {
      "question": "How does Carmon's background contribute to her credibility in this topic?",
      "options": [
        "As a journalist with expertise in social issues, including prior work on RBG",
        "As a medical doctor with clinical experience",
        "As a politician involved in lawmaking",
        "As an economist studying family finances"
      ],
      "correct_answer": "As a journalist with expertise in social issues, including prior work on RBG"
    },
    {
      "question": "What broader societal issue does the podcast address through Carmon's work?",
      "options": [
        "Reproductive justice and healthcare equity in America",
        "Climate change impacts on health",
        "Educational reform in schools",
        "Technological innovation in media"
      ],
      "correct_answer": "Reproductive justice and healthcare equity in America"
    }
  ],
  "background_read": [
    "This article analyzes a podcast interview from PBS NewsHour, relevant for high school students aged 15-18. It centers on journalist Irin Carmon's book 'Unbearable,' which uses qualitative research to explore pregnancy challenges in America following the overturning of Roe v. Wade. The discussion delves into systemic issues in reproductive healthcare, such as access to miscarriage and birth care, within a legal and social context. Students can connect this to topics in health policy, sociology, and media studies, examining how narrative journalism influences public opinion and advocacy. Understanding Carmon's methodology and the critical assessment of evidence helps develop analytical skills, while the content encourages reflection on current debates about reproductive rights and equity in the U.S."
  ],
  "Article_Structure": [
    "Main Points: The article details a podcast where Irin Carmon discusses her book on pregnancy perils in America, using stories from five women to critique systemic healthcare and legal failures post-Roe v. Wade. Purpose: To educate and provoke discourse on reproductive justice, advocating for policy reforms by humanizing statistical issues through personal narratives. Evidence Evaluation: Relies on qualitative, ethnographic evidence from interviews, which is emotionally compelling but may lack quantitative breadth, requiring critical consideration of anecdotal vs. empirical data. Author Credibility: Carmon is a reputable journalist with prior work on social issues, though her advocacy stance introduces potential bias that should be acknowledged. Methodology: Employs in-depth, narrative-based research focusing on case studies, effective for highlighting human impact but limited in generalizability. Critical Assessment: Strengths include raising awareness and fostering empathy, while limitations involve possible selection bias and the need for complementary statistical analysis to support broader claims."
  ],
  "perspectives": [
    {
      "perspective": "Critical advocacy journalism",
      "description": "Carmon leverages personal stories to critique systemic issues and advocate for reproductive healthcare reforms, blending narrative with social commentary."
    }
  ],
  "image_url": "/article_images/article_028e01850d8f17af_5ade3e8ca1b3.webp"
}