{
  "articles": [
    {
      "id": "e0ca5487c66d3a57",
      "title": "休伊特和里德在追求创纪录冠军中失利",
      "summary": "英国轮椅网球选手阿尔菲·休伊特和戈登·里德在轮椅大师赛决赛中经历了一场激烈的比赛，他们试图赢得创纪录的第四个冠军头衔，但最终以微弱差距失利。这篇文章报道了他们的努力和比赛过程，强调了他们在适应体育中的技能和决心。尽管未能实现目标，但他们的表现展示了体育精神和对梦想的坚持，激励着更多人参与运动，特别是残疾人士。通过这个故事，读者可以了解到轮椅网球的发展以及体育在促进包容性方面的重要性。",
      "source": "BBC Tennis",
      "time_ago": "6 hours ago",
      "image_url": "/article_images/article_e0ca5487c66d3a57_1543a1b7c4f6.jpg",
      "category": "Fun"
    },
    {
      "id": "6bfedb85cd808d50",
      "title": "儿童需要2025筹集超过4500万英镑",
      "summary": "儿童需要2025是一项成功的电视慈善活动，筹集了超过4500万英镑的资金，用于支持英国需要帮助的儿童。节目邀请了著名歌手刘易斯·卡帕尔迪以及《舞动奇迹》、《学徒》和《角斗士》等热门电视节目的明星参与表演和呼吁捐款。这项年度活动由BBC组织，旨在通过分发资金给多个慈善机构，解决儿童贫困、健康问题和教育需求等挑战。活动不仅提供娱乐，还提高了公众对支持弱势儿童重要性的认识，展示了媒体和名人影响力如何动员社会慷慨行为，以促进社会福利。尽管取得了成就，但人们对资金分配的透明度和长期影响可能存在疑问，这反映了慈善活动中常见的权衡问题。",
      "source": "BBC Entertainment",
      "time_ago": "9 hours ago",
      "image_url": "/article_images/article_6bfedb85cd808d50_a87994bfd48c.jpg",
      "category": "Fun"
    },
    {
      "id": "f947a35e19c09cb3",
      "title": "奥格-阿利亚西姆击败兹维列夫，将与阿尔卡拉斯进行半决赛",
      "summary": "在ATP总决赛的最后一场小组赛中，加拿大的费利克斯·奥格-阿利亚西姆击败了德国的亚历山大·兹维列夫，从而获得了与世界排名第一的卡洛斯·阿尔卡拉斯进行半决赛的资格。ATP总决赛是一项年度顶级网球赛事，只邀请年度排名前八的男选手参加，比赛分为小组赛和淘汰赛阶段。奥格-阿利亚西姆的这场胜利展示了他的坚韧和战术能力，因为兹维列夫以其强大的发球和底线打法闻名。这场胜利不仅提升了奥格-阿利亚西姆的职业生涯，还为与阿尔卡拉斯的半决赛对决铺平了道路，后者本赛季凭借创新的击球和心理韧性占据主导地位。这场比赛的结果可能影响年终排名，并突显男子网球竞争的激烈性。球迷和专家们期待这场半决赛，因为它不仅关乎个人荣誉，还反映了网球运动的全球吸引力和不断变化的竞争格局。",
      "source": "BBC Tennis",
      "time_ago": "19 hours ago",
      "image_url": "/article_images/article_f947a35e19c09cb3_f6d5c5ba4b64.jpg",
      "category": "Fun"
    },
    {
      "id": "b1bf85034ad602f0",
      "title": "莎拉·弗格森的新书被尼尔森宣布撤出销售",
      "summary": "根据BBC娱乐报道，前约克公爵夫人莎拉·弗格森的最新儿童书籍已被尼尔森公司宣布撤出销售。这本书此前已经延迟发布，此次撤出可能源于内容问题、法律争议或商业策略，但具体原因未详细说明。莎拉·弗格森作为英国皇室成员，其著作常受媒体关注，这一事件凸显了出版行业的挑战，如质量控制、市场适应和数据驱动决策。尼尔森作为数据分析公司，在图书销售监测中扮演关键角色。此新闻提醒公众关注出版过程的完整性，并鼓励对媒体报道进行批判性思考。对于学生而言，这是一个了解媒体、商业和名人效应交互的案例。",
      "source": "BBC Entertainment",
      "time_ago": "23 hours ago",
      "image_url": "/article_images/article_b1bf85034ad602f0_c92afc9d5376.jpg",
      "category": "Fun"
    },
    {
      "id": "a42c3364ed9fb8e1",
      "title": "英乌作家玛丽娜·莱维茨卡去世",
      "summary": "据BBC娱乐报道，英乌作家玛丽娜·莱维茨卡已去世。她的处女作《乌克兰拖拉机简史》销量超过一百万册，使她成为当代文学中的重要人物。这部小说以幽默方式探讨家庭关系和文化认同，涉及移民和传统主题，广受读者欢迎。文章宣布她的死讯，同时回顾她的文学成就，强调她如何通过故事连接英国和乌克兰文化。莱维茨卡的作品不仅商业成功，还获得评论界好评，帮助提升对乌克兰文化的认识。对于学生来说，这提供了一个了解作家生平和文化影响的机会，突显文学在促进跨文化理解中的作用。",
      "source": "BBC Entertainment",
      "time_ago": "1 day ago",
      "image_url": "/article_images/article_a42c3364ed9fb8e1_38e531965dbc.webp",
      "category": "Fun"
    },
    {
      "id": "e6b7afcd612a7062",
      "title": "TikTok明星HSTikkyTokky获缓刑判决",
      "summary": "哈里森·沙利文（Harrison Sullivan），在TikTok上以HSTikkyTokky闻名，因驾驶麦克拉伦跑车发生车祸后未出庭而获得缓刑判决。缓刑意味着他目前无需入狱，但如果再次违法，可能面临监禁。沙利文表示对自己的行为感到羞愧。这一事件突显了法律对所有人的平等适用，即使是社交媒体名人也不能例外。它强调了个人责任的重要性，以及遵守法庭命令的必要性。案例还引发了关于名人文化、法律问责以及网络名声与现实世界行为交叉的讨论。通过BBC娱乐的报道，公众得以了解这一事件，提醒人们无论身份如何，都必须承担行为的后果。",
      "source": "BBC Entertainment",
      "time_ago": "1 day ago",
      "image_url": "/article_images/article_e6b7afcd612a7062_3cce89c5a425.jpg",
      "category": "Fun"
    }
  ]
}