{
  "articles": [
    {
      "id": "6c93b2791657b51a",
      "title": "Advancements in Mitigating Acute Kidney Injury via Ceramide Modulation in Murine Models",
      "summary": "A groundbreaking study has elucidated the pathogenic role of ceramides, specific lipid molecules, in instigating acute kidney injury (AKI) through the impairment of mitochondrial integrity within renal cells. Researchers demonstrated that dysregulated ceramide metabolism leads to mitochondrial dysfunction, which is pivotal in the onset of AKI, a condition characterized by rapid kidney function decline. By employing interventions such as metabolic alteration of ceramides or administration of an investigational drug candidate, the team successfully preserved mitochondrial efficacy and averted kidney damage in murine subjects. This investigation is paramount as AKI poses significant morbidity and mortality risks globally, often escalating to chronic kidney disease. The findings suggest that targeting ceramide pathways could herald novel therapeutic avenues, potentially mitigating AKI in clinical settings. The study's implications extend to understanding cellular stress responses and lipid-mediated injury mechanisms, underscoring the necessity for rigorous preclinical validation. Future endeavors should focus on translational research, including pharmacokinetic studies and human trials, to ascertain the viability of these interventions in ameliorating human renal pathologies.",
      "source": "Science Daily",
      "time_ago": "15 hours ago",
      "image_url": "/article_images/article_6c93b2791657b51a_cfaa7388b915.webp",
      "category": "Science"
    },
    {
      "id": "e35a8efb0b3810ce",
      "title": "Decoding a Medieval Homicide: Advanced Scientific Analysis of Duke Béla's Demise",
      "summary": "In a landmark study, scientists have employed cutting-edge genetic, isotopic, and forensic methodologies to resolve a centuries-old enigma: the murder of Duke Béla of Macsó in 1272. The research definitively identifies his remains, elucidating that he was a young nobleman with ancestral connections to Scandinavian and Rurik dynasties. The investigation uncovered that his death resulted from a coordinated assault, characterized by emotional intensity, likely driven by political or personal vendettas. This interdisciplinary approach not only corroborates historical accounts but also introduces new dimensions to our understanding of medieval societal structures and violence. By integrating DNA analysis to trace lineage, isotopic ratios to infer dietary habits and mobility, and forensic pathology to ascertain the nature of the attack, the study exemplifies how modern science can reconstruct nuanced historical narratives. It underscores the significance of such techniques in challenging preconceived notions and providing empirical evidence for events previously shrouded in mystery, thereby contributing to broader discussions in historiography and scientific archaeology.",
      "source": "Science Daily",
      "time_ago": "1 day ago",
      "image_url": "/article_images/article_e35a8efb0b3810ce_92ad5a77e043.webp",
      "category": "Science"
    },
    {
      "id": "004d8a514b749a92",
      "title": "Hypersonic breakthrough could enable planes that fly 10 times the speed of sound",
      "summary": "Hypersonic flight could one day make long-haul travel as quick as a short movie. Researchers are testing how turbulence behaves at extreme speeds, a critical hurdle for designing these aircraft. Their laser-based krypton experiments suggest turbulence at Mach 6 behaves more like slower airflow than expected. The results could simplify hypersonic vehicle design and accelerate progress toward ultra-fast travel.",
      "source": "Science Daily",
      "time_ago": "1 day ago",
      "image_url": "/article_images/article_004d8a514b749a92_5c5aaa395594.webp",
      "category": "Science"
    },
    {
      "id": "4114dee7acf69b67",
      "title": "Unveiling a Holocene Impact Crater in China: Implications for Terrestrial History",
      "summary": "A groundbreaking geological discovery in Guangdong, China, has revealed a massive impact crater dating to the Holocene epoch, with a diameter of 900 meters, significantly exceeding the dimensions of other known craters from this period. The identification was substantiated by the presence of shock-damaged quartz, which exhibits planar deformation features indicative of high-pressure shock metamorphism resulting from a meteorite impact. This finding is particularly anomalous due to the crater's exceptional preservation in a region characterized by high erosional dynamics, which typically obliterate such features over time. The article, sourced from Science Daily, posits that this crater could recalibrate scientific narratives of Earth's recent history by providing tangible evidence of a substantial extraterrestrial impact event. Such events have profound implications for understanding planetary surface processes, climatic perturbations, and the frequency of impact hazards. Further research is warranted to explore the crater's full stratigraphic context, potential environmental consequences, and its place in the global inventory of impact structures, emphasizing the iterative nature of scientific inquiry and the importance of interdisciplinary approaches in geology and planetary science.",
      "source": "Science Daily",
      "time_ago": "1 day ago",
      "image_url": "/article_images/article_4114dee7acf69b67_89692b6d3c9d.webp",
      "category": "Science"
    },
    {
      "id": "ced5ff4e1b7fef3c",
      "title": "Reevaluating Canine Phylogeny: Stone Age Origins of Morphological Diversity in Dogs",
      "summary": "A groundbreaking study indicates that the morphological diversity evident in contemporary dog breeds originated during the Stone Age, predating prior estimates and offering new insights into canine evolutionary history. Researchers employed rigorous archaeological and paleontological methods to examine fossilized remains and skeletal artifacts, revealing that significant variations in size and form emerged thousands of years ago. This challenges conventional narratives that attribute such diversification to more recent human interventions, such as selective breeding during agricultural revolutions. The findings underscore the role of natural selection, environmental pressures, and early human-dog interactions in shaping phenotypic traits. By integrating multidisciplinary approaches, the study not only advances our understanding of domestication processes but also raises questions about the pace and drivers of evolutionary change. It highlights the importance of reevaluating historical timelines and considering broader ecological contexts in evolutionary biology.",
      "source": "BBC Science",
      "time_ago": "1 day ago",
      "image_url": "/article_images/article_ced5ff4e1b7fef3c_dc447463f5ec.jpg",
      "category": "Science"
    },
    {
      "id": "9b39ebca33257771",
      "title": "Strategic Shift: Small Modular Reactors and UK Energy Policy in Wales",
      "summary": "The United Kingdom's decision to establish its first small modular reactor (SMR) power station in north Wales signifies a pivotal development in national energy policy. With three SMRs confirmed and potential for up to eight, this project leverages advanced nuclear technology designed for enhanced safety, scalability, and reduced construction timelines. SMRs, as compact fission-based systems, aim to address critical issues such as decarbonization, energy security, and economic revitalization. By transitioning from fossil fuels, the UK seeks to meet its net-zero emissions target by 2050, while potentially creating high-skilled jobs and stimulating regional growth. However, this initiative involves complex considerations, including regulatory approvals, public acceptance, and integration with renewable sources like wind and solar. The broader context includes global trends in nuclear innovation, where SMRs are seen as a flexible alternative to large-scale plants, yet challenges persist regarding waste management, decommissioning costs, and competition with other low-carbon technologies. This analysis explores the technological, environmental, and socio-economic dimensions, highlighting how such projects could reshape energy landscapes while necessitating rigorous oversight and continuous evaluation of risks and benefits.",
      "source": "BBC Science",
      "time_ago": "2 days ago",
      "image_url": "/article_images/article_9b39ebca33257771_e1db6262344d.jpg",
      "category": "Science"
    }
  ]
}