{
  "title": "Strategic Defect Engineering in Graphene for Enhanced Functional Properties",
  "summary": "This article details a groundbreaking approach in materials science where researchers engineered structural defects in graphene to augment its functional capabilities, with implications for sensors, batteries, and semiconductor technologies. A collaborative team from the University of Nottingham, University of Warwick, and Diamond Light Source devised a single-step synthesis using Azupyrene, a molecule whose inherent ring structure mirrors the targeted 5-7 atom defect pattern in graphene. Contrary to conventional views where defects impair material integrity, this study demonstrates that intentional imperfections can enhance graphene's catalytic 'stickiness,' improve gas detection sensitivity in sensors, and modulate electronic and magnetic properties for advanced electronics. The methodology involved precise temperature modulation during film growth to control defect density, validated through high-resolution microscopy and spectroscopy at facilities like Diamond Light Source and MAX IV, alongside computational simulations on ARCHER2 supercomputer. International cooperation across the UK, Germany, and Sweden facilitated a multidisciplinary analysis, confirming defect stability upon transfer to substrates. This research underscores the paradigm shift towards defect-driven material design, offering a scalable route for tailoring graphene's properties to meet industrial demands while highlighting the synergistic role of cross-border scientific integration in pushing technological frontiers.",
  "keywords": [
    {
      "term": "defect engineering",
      "explanation": "the intentional introduction and control of structural irregularities to optimize material performance"
    },
    {
      "term": "Azupyrene precursor",
      "explanation": "a molecular building block used in chemical vapor deposition to induce specific defect geometries in graphene"
    },
    {
      "term": "catalytic enhancement",
      "explanation": "improvement in a material's ability to accelerate chemical reactions through increased surface reactivity"
    },
    {
      "term": "spectroscopic analysis",
      "explanation": "the use of light-matter interaction techniques to probe electronic and chemical states at atomic levels"
    },
    {
      "term": "computational modelling",
      "explanation": "the application of algorithms and simulations to predict and interpret material behaviors based on quantum mechanics"
    },
    {
      "term": "semiconductor modulation",
      "explanation": "alteration of electronic properties like bandgap or conductivity for use in transistor and diode applications"
    },
    {
      "term": "multidisciplinary collaboration",
      "explanation": "integration of diverse scientific fields such as chemistry, physics, and engineering to address complex research questions"
    },
    {
      "term": "atomic-scale characterization",
      "explanation": "detailed examination of material structures at the nanometer level using advanced imaging tools"
    },
    {
      "term": "paradigm shift",
      "explanation": "a fundamental change in approach or perspective within a scientific discipline"
    },
    {
      "term": "scalable synthesis",
      "explanation": "a production method that can be expanded to industrial levels while maintaining control over material properties"
    }
  ],
  "questions": [
    {
      "question": "What is the significance of using Azupyrene in graphene synthesis?",
      "options": [
        "It provides a molecular template for specific defect patterns",
        "It reduces production costs",
        "It increases graphene's thickness",
        "It makes graphene biodegradable"
      ],
      "correct_answer": "It provides a molecular template for specific defect patterns"
    },
    {
      "question": "How do engineered defects influence graphene's electronic properties?",
      "options": [
        "By altering band structure for semiconductor applications",
        "By making it insulating",
        "By decreasing thermal conductivity",
        "By enhancing optical transparency"
      ],
      "correct_answer": "By altering band structure for semiconductor applications"
    },
    {
      "question": "What role did computational simulation play in this study?",
      "options": [
        "To model defect formation and validate experimental data",
        "To design the Azupyrene molecule",
        "To calculate economic costs",
        "To predict market demand for graphene"
      ],
      "correct_answer": "To model defect formation and validate experimental data"
    },
    {
      "question": "Which advanced facility was used for spectroscopic analysis?",
      "options": [
        "Diamond Light Source",
        "CERN",
        "NASA JPL",
        "MIT Lincoln Laboratory"
      ],
      "correct_answer": "Diamond Light Source"
    },
    {
      "question": "Why is international collaboration emphasized in the research?",
      "options": [
        "To integrate diverse expertise and resources for comprehensive analysis",
        "To reduce travel expenses",
        "To comply with funding requirements",
        "To increase publication count"
      ],
      "correct_answer": "To integrate diverse expertise and resources for comprehensive analysis"
    },
    {
      "question": "What is a potential limitation of defect-engineered graphene?",
      "options": [
        "Possible variability in defect distribution affecting consistency",
        "High cost of Azupyrene",
        "Incompatibility with all surfaces",
        "Limited to laboratory-scale production"
      ],
      "correct_answer": "Possible variability in defect distribution affecting consistency"
    },
    {
      "question": "How does defect engineering challenge traditional material science views?",
      "options": [
        "By treating defects as functional enhancements rather than flaws",
        "By advocating for perfect crystal structures",
        "By focusing solely on mechanical strength",
        "By ignoring electronic properties"
      ],
      "correct_answer": "By treating defects as functional enhancements rather than flaws"
    },
    {
      "question": "What methodological step allowed fine-tuning of defect concentration?",
      "options": [
        "Adjusting temperature during growth",
        "Changing the pressure",
        "Using different solvents",
        "Altering the light source"
      ],
      "correct_answer": "Adjusting temperature during growth"
    },
    {
      "question": "Which application is NOT mentioned for defective graphene?",
      "options": [
        "Medical implants",
        "Gas sensors",
        "Batteries",
        "Semiconductors"
      ],
      "correct_answer": "Medical implants"
    },
    {
      "question": "What does the study suggest about the future of material design?",
      "options": [
        "A trend towards precision engineering of imperfections for tailored functions",
        "A return to defect-free materials",
        "A focus only on cost reduction",
        "An emphasis on natural material sources"
      ],
      "correct_answer": "A trend towards precision engineering of imperfections for tailored functions"
    }
  ],
  "background_read": [
    "Graphene, a monolayer of carbon atoms in a hexagonal lattice, has been at the forefront of nanotechnology due to its exceptional electrical, thermal, and mechanical properties. However, its pristine form often exhibits limited chemical reactivity and electronic tunability, hindering applications in catalysis and electronics. Defect engineering emerges as a strategy to introduce controlled irregularities, such as Stone-Wales defects (5-7 rings), which can modify local electronic states and enhance interfacial interactions. This article builds on prior research in chemical vapor deposition and molecular precursors, leveraging advancements in characterization tools like scanning tunneling microscopy and X-ray photoelectron spectroscopy. The integration of experimental and computational approaches reflects a growing trend in materials science to achieve predictive design, with implications for sustainable energy and next-generation computing technologies."
  ],
  "Article_Structure": [
    "Main Points: The article presents a method for defect engineering in graphene using Azupyrene to improve functional properties like catalysis and sensing, with controlled synthesis and international validation. Purpose: To communicate a scientific innovation that redefines defect utility in materials, contributing to technological advancements in a broader context of sustainable and efficient devices. Evidence Evaluation: Critically assesses evidence from peer-reviewed journal Chemical Science, supported by robust data from advanced microscopy and spectroscopy, though potential biases include institutional promotion. Author Credibility: Authors are established researchers with relevant expertise, but possible conflicts of interest from funding sources are not disclosed. Methodology: Employs a combination of chemical synthesis, temperature-controlled growth, and multidisciplinary characterization techniques, with strengths in reproducibility but limitations in scalability. Critical Assessment: Strengths include novel approach and collaborative rigor; limitations involve uncertain long-term stability and industrial applicability, suggesting need for further research."
  ],
  "perspectives": [
    {
      "perspective": "Technological innovation",
      "description": "Leveraging defects as a design parameter to overcome limitations of pristine materials for real-world applications"
    }
  ],
  "image_url": "/article_images/article_991fa1782666189c_033027496619.webp"
}