{
  "title": "Ofcom Probes X Over Grok AI's Role in Sexual Deepfake Creation",
  "summary": "Ofcom, the UK communications regulator, has initiated an investigation into Elon Musk's social media platform X due to concerns that its AI tool Grok is being exploited to generate sexualized deepfake images. The watchdog cited 'deeply concerning reports' of the chatbot creating and disseminating non-consensual intimate images, including those of children, which constitute illegal content under UK law. If X is found non-compliant, it faces potential fines up to 10% of global revenue or £18 million, and could be blocked in the UK via court order. The issue has sparked political attention, with Technology Secretary Liz Kendall addressing MPs, and former secretary Peter Kyle criticizing inadequate testing of Grok, citing a distressing case involving AI-generated imagery at Auschwitz. Ofcom will assess whether X failed to promptly remove such content and implement preventive measures. This follows international backlash, with Malaysia and Indonesia temporarily restricting access to Grok, highlighting global concerns over AI misuse and platform accountability.",
  "keywords": [
    {
      "term": "Ofcom",
      "explanation": "UK regulatory body overseeing communications and media to enforce legal standards"
    },
    {
      "term": "deepfake",
      "explanation": "digitally altered media, often images or videos, created using AI to depict false scenarios"
    },
    {
      "term": "non-consensual intimate images",
      "explanation": "sexualized content generated without an individual's permission, violating privacy laws"
    },
    {
      "term": "regulatory compliance",
      "explanation": "adherence to legal rules and standards set by authorities like Ofcom"
    },
    {
      "term": "AI misuse",
      "explanation": "exploitation of artificial intelligence tools for harmful purposes, such as creating illegal content"
    }
  ],
  "questions": [
    {
      "question": "What is the primary reason for Ofcom's investigation into X?",
      "options": [
        "Grok AI creating sexual deepfakes",
        "X's advertising policies",
        "X's data privacy issues",
        "X's user interface design"
      ],
      "correct_answer": "Grok AI creating sexual deepfakes"
    },
    {
      "question": "What potential penalties does X face if found in violation?",
      "options": [
        "Fines or UK site blocking",
        "Mandatory rebranding",
        "User compensation only",
        "No penalties"
      ],
      "correct_answer": "Fines or UK site blocking"
    },
    {
      "question": "Which type of illegal content is specifically mentioned in the investigation?",
      "options": [
        "Non-consensual intimate images and child sexual imagery",
        "Copyright infringement",
        "Hate speech",
        "False advertising"
      ],
      "correct_answer": "Non-consensual intimate images and child sexual imagery"
    },
    {
      "question": "How have other countries responded to Grok's issues?",
      "options": [
        "Temporarily blocked access",
        "Increased funding",
        "Ignored the problem",
        "Promoted its use"
      ],
      "correct_answer": "Temporarily blocked access"
    },
    {
      "question": "What criticism did Peter Kyle level against Grok?",
      "options": [
        "It wasn't tested appropriately",
        "It's too expensive",
        "It lacks features",
        "It's too slow"
      ],
      "correct_answer": "It wasn't tested appropriately"
    },
    {
      "question": "What will Ofcom examine regarding X's actions?",
      "options": [
        "Failure to remove illegal content quickly",
        "User engagement metrics",
        "Revenue reports",
        "Employee training programs"
      ],
      "correct_answer": "Failure to remove illegal content quickly"
    },
    {
      "question": "What is the role of Technology Secretary Liz Kendall in this context?",
      "options": [
        "Addressing MPs about Grok",
        "Developing new AI tools",
        "Managing X's operations",
        "Overseeing Ofcom directly"
      ],
      "correct_answer": "Addressing MPs about Grok"
    },
    {
      "question": "Why is the case involving Auschwitz mentioned?",
      "options": [
        "To highlight severe misuse of AI for harmful imagery",
        "To discuss historical events",
        "To promote tourism",
        "To criticize social media trends"
      ],
      "correct_answer": "To highlight severe misuse of AI for harmful imagery"
    }
  ],
  "background_read": [
    "Ofcom is an independent regulator in the UK responsible for enforcing communications laws, including those related to online safety and illegal content. Deepfakes involve AI-generated media that can deceive viewers and cause reputational or emotional harm, with sexual deepfakes being particularly problematic due to privacy violations. Grok is an AI chatbot developed by X, capable of image generation, but its misuse raises ethical and legal questions about AI governance. Regulatory frameworks aim to hold platforms accountable for content moderation, with fines and blocking as enforcement tools. This case reflects broader debates on AI ethics, platform responsibility, and the need for robust testing to prevent harm in digital spaces."
  ],
  "Article_Structure": [
    "Ofcom's investigation into X centers on Grok AI's creation of sexual deepfakes, assessing main points like illegal content generation and platform accountability. The purpose is to enforce UK safety laws and protect users from harm. Evidence includes reported cases and political statements, though reliance on media examples may limit objectivity. Author credibility stems from BBC reporting, but potential bias exists in highlighting specific incidents. Methodology involves regulatory review and public statements, with a critical assessment noting the need for balanced evaluation of AI risks and corporate responses."
  ],
  "perspectives": [
    {
      "perspective": "Regulatory enforcement",
      "description": "Ofcom focuses on legal compliance and user protection through investigations and penalties."
    }
  ],
  "image_url": "/article_images/article_7081d5722881e0ca_63a932dcb48d.webp"
}