{
  "title": "Legal and Royal Implications of New Epstein Allegations Against Prince Andrew",
  "summary": "In a recent development, attorney Brad Edwards alleges that a second woman was dispatched to the United Kingdom by Jeffrey Epstein for a sexual encounter with Prince Andrew in 2010. The accuser, a non-British national in her twenties, contends that the incident transpired at Royal Lodge, Andrew's residence, followed by a tour of Buckingham Palace and tea. The BBC has solicited a response from Prince Andrew, who remains silent. Edwards, representing over 200 Epstein survivors including Virginia Giuffre—who previously accused Andrew of sexual abuse as a minor—frames this within broader legal efforts for victim compensation. Epstein's 2008 conviction for soliciting a minor underscores the scandal's gravity. In 2022, King Charles stripped Andrew of his royal titles, a move Edwards criticizes as impeding financial restitution for survivors by allowing Andrew to plead impoverishment. The article delves into evidentiary challenges, such as verifying the palace visit without disclosing the woman's identity, and examines the cessation of communications post-title removal, highlighting systemic issues in addressing high-profile sexual misconduct allegations within royal and legal frameworks.",
  "keywords": [
    {
      "term": "dispatched",
      "explanation": "sent or directed to a specific location for a purpose"
    },
    {
      "term": "financial restitution",
      "explanation": "monetary compensation provided to victims for losses or harms endured"
    },
    {
      "term": "evidentiary challenges",
      "explanation": "difficulties in proving claims due to lack of concrete proof or privacy constraints"
    },
    {
      "term": "systemic issues",
      "explanation": "underlying problems within institutions that affect how cases are handled"
    },
    {
      "term": "sexual misconduct allegations",
      "explanation": "accusations of inappropriate sexual behavior, often involving power imbalances"
    }
  ],
  "questions": [
    {
      "question": "What role does Brad Edwards play in the Epstein survivors' cases?",
      "options": [
        "He is a legal representative advocating for compensation",
        "He is a royal advisor",
        "He is a BBC journalist",
        "He is Prince Andrew's lawyer"
      ],
      "correct_answer": "He is a legal representative advocating for compensation"
    },
    {
      "question": "How does the article describe the verification of the woman's Buckingham Palace visit?",
      "options": [
        "Challenged without revealing her identity",
        "Easily confirmed by palace records",
        "Denied by Prince Andrew",
        "Supported by Epstein's testimony"
      ],
      "correct_answer": "Challenged without revealing her identity"
    },
    {
      "question": "What is the significance of Prince Andrew losing his royal titles in 2022?",
      "options": [
        "It may affect his ability to provide compensation",
        "It proves his guilt",
        "It ended all legal proceedings",
        "It was requested by Epstein survivors"
      ],
      "correct_answer": "It may affect his ability to provide compensation"
    },
    {
      "question": "Who is Virginia Giuffre and how is she relevant to this article?",
      "options": [
        "A prior accuser of Prince Andrew in the Epstein case",
        "The lawyer's client in this new allegation",
        "A BBC reporter covering the story",
        "A royal family member"
      ],
      "correct_answer": "A prior accuser of Prince Andrew in the Epstein case"
    },
    {
      "question": "What was Jeffrey Epstein's legal status in 2008?",
      "options": [
        "Convicted of soliciting sex from a minor",
        "Acquitted of all charges",
        "A witness for Prince Andrew",
        "A royal advisor"
      ],
      "correct_answer": "Convicted of soliciting sex from a minor"
    },
    {
      "question": "What does the article suggest about communications between Andrew and his lawyers?",
      "options": [
        "They stopped after his title removal",
        "They increased during the investigation",
        "They were always public",
        "They involved King Charles directly"
      ],
      "correct_answer": "They stopped after his title removal"
    },
    {
      "question": "How does Edwards view the impact of title removal on survivors?",
      "options": [
        "As a barrier to seeking compensation",
        "As a positive step for justice",
        "As irrelevant to legal outcomes",
        "As a way to protect Andrew"
      ],
      "correct_answer": "As a barrier to seeking compensation"
    },
    {
      "question": "What methodological limitation does the article note in gathering information?",
      "options": [
        "Inability to corroborate without revealing identity",
        "Lack of access to royal archives",
        "Bias in lawyer statements",
        "Over-reliance on Epstein's records"
      ],
      "correct_answer": "Inability to corroborate without revealing identity"
    },
    {
      "question": "What broader context does the article provide for these allegations?",
      "options": [
        "The ongoing Epstein scandal and royal accountability",
        "The history of Buckingham Palace tours",
        "The legal system in Florida",
        "The career of Brad Edwards"
      ],
      "correct_answer": "The ongoing Epstein scandal and royal accountability"
    },
    {
      "question": "How does the article assess the author's credibility?",
      "options": [
        "Based on BBC's reputation but notes reliance on lawyer accounts",
        "As completely unbiased and verified",
        "As lacking in journalistic standards",
        "As influenced by royal family pressure"
      ],
      "correct_answer": "Based on BBC's reputation but notes reliance on lawyer accounts"
    }
  ],
  "background_read": [
    "This article examines new allegations within the Jeffrey Epstein scandal, focusing on Prince Andrew's involvement and the legal ramifications. Epstein, a financier convicted of sex trafficking, operated a network implicating elites, with survivors seeking justice through civil suits. Prince Andrew, a senior royal, has faced multiple accusations, leading to his removal from public duties and titles in 2022, a decision by King Charles aimed at distancing the monarchy. The legal landscape involves complex issues of evidence, as seen in challenges verifying claims without compromising victim anonymity. Brad Edwards, a prominent lawyer in Epstein cases, highlights systemic barriers to compensation, such as title removals enabling claims of impoverishment. The article situates this within broader discourses on royal accountability, victim advocacy, and the interplay between legal processes and institutional power, offering a critical lens on how high-profile sexual misconduct cases are navigated in media and law."
  ],
  "Article_Structure": [
    "This article provides an in-depth analysis of new allegations against Prince Andrew, detailing main points about a woman sent by Epstein for a sexual encounter in 2010 and subsequent palace access. Its purpose is to report on legal developments and critique royal accountability within the Epstein scandal. Evidence evaluation notes lawyer testimonies and historical context from prior cases like Virginia Giuffre's, but acknowledges limitations in verifying details due to privacy concerns. Author credibility is anchored in BBC News' journalistic standards, though reliance on Edwards' perspective may introduce bias. Methodology includes interviews and document review, with critical assessment highlighting strengths in exposing systemic issues but weaknesses in evidentiary gaps and Andrew's non-response. Overall, it offers a nuanced view of legal hurdles and institutional responses to sexual misconduct allegations."
  ],
  "perspectives": [
    {
      "perspective": "Legal advocacy",
      "description": "Edwards and survivors emphasize the need for justice and compensation, framing title removal as an obstacle to accountability in high-profile abuse cases."
    },
    {
      "perspective": "Institutional critique",
      "description": "The article scrutinizes royal and legal systems for how they handle allegations, suggesting that structural factors may impede victim redress and transparency."
    }
  ],
  "image_url": "/article_images/article_fde6e8eb04d10c30_31eb22497bc6.webp"
}