{
  "title": "China's Reusable Rocket Test: A Near Miss in Space Technology",
  "summary": "LandSpace, a Chinese aerospace company, conducted the first test flight of its Zhuque-3 rocket, marking China's initial attempt to recover and reuse an orbital-class booster. The launch from Jiuquan in northwestern China was successful, with the upper stage reaching its target orbit. However, the first stage booster, designed for vertical landing, experienced an anomaly during its landing burn and crashed near the recovery pad in the Gobi Desert, creating a fireball but causing no injuries. Despite the failure, the booster survived reentry and came close to the landing target, demonstrating significant progress. This test is crucial for China's space ambitions, as reusable rockets can reduce costs and increase launch frequency, helping the country compete with US leaders like SpaceX and Blue Origin. The article highlights that similar companies, including SpaceX, faced multiple failures before achieving successful landings, suggesting LandSpace's attempt is a promising step. Additionally, US military officials have expressed concern about China's advancements in reusable rocketry, viewing it as a potential threat to US assets in space due to increased orbital capabilities.",
  "keywords": [
    {
      "term": "orbital-class rocket",
      "explanation": "a rocket capable of reaching orbit around Earth"
    },
    {
      "term": "methane-fueled engines",
      "explanation": "engines that use methane as fuel, which is cleaner and efficient"
    },
    {
      "term": "reentry",
      "explanation": "the process of a spacecraft returning through Earth's atmosphere"
    },
    {
      "term": "telemetry data",
      "explanation": "information sent from the rocket to ground control about its performance"
    },
    {
      "term": "supersonic descent",
      "explanation": "falling faster than the speed of sound"
    },
    {
      "term": "grid fins",
      "explanation": "devices on a rocket used for steering during descent"
    },
    {
      "term": "megaconstellations",
      "explanation": "large groups of satellites working together in orbit"
    },
    {
      "term": "aero-thermal forces",
      "explanation": "heat and pressure caused by air friction during reentry"
    }
  ],
  "questions": [
    {
      "question": "What fuel does the Zhuque-3 rocket use?",
      "options": [
        "Methane",
        "Kerosene",
        "Hydrogen",
        "Gasoline"
      ],
      "correct_answer": "Methane"
    },
    {
      "question": "How tall is the Zhuque-3 rocket?",
      "options": [
        "216 feet",
        "100 feet",
        "300 feet",
        "50 feet"
      ],
      "correct_answer": "216 feet"
    },
    {
      "question": "What was the outcome of the upper stage mission?",
      "options": [
        "It reached the target orbit",
        "It crashed",
        "It got lost",
        "It returned to Earth"
      ],
      "correct_answer": "It reached the target orbit"
    },
    {
      "question": "What caused the booster to crash during landing?",
      "options": [
        "An anomaly in the landing burn",
        "Engine failure at launch",
        "Bad weather",
        "Human error"
      ],
      "correct_answer": "An anomaly in the landing burn"
    },
    {
      "question": "Which US company is mentioned as having similar landing attempts?",
      "options": [
        "SpaceX and Blue Origin",
        "NASA only",
        "Boeing",
        "Lockheed Martin"
      ],
      "correct_answer": "SpaceX and Blue Origin"
    },
    {
      "question": "Why are reusable rockets important for China's space goals?",
      "options": [
        "To reduce costs and increase launch rates",
        "To make rockets look cooler",
        "To explore other planets",
        "To win space races"
      ],
      "correct_answer": "To reduce costs and increase launch rates"
    },
    {
      "question": "What did LandSpace say about the recovery test?",
      "options": [
        "It was unsuccessful but no one was harmed",
        "It was a complete success",
        "It was canceled",
        "It caused injuries"
      ],
      "correct_answer": "It was unsuccessful but no one was harmed"
    },
    {
      "question": "What concern did US military officials raise about China's reusable rockets?",
      "options": [
        "They could threaten US assets in space",
        "They are too expensive",
        "They are not safe",
        "They are slow"
      ],
      "correct_answer": "They could threaten US assets in space"
    }
  ],
  "background_read": [
    "Reusable rockets are a key innovation in modern spaceflight, allowing companies to launch payloads more frequently and cheaply by recovering and refurbishing boosters. SpaceX pioneered this technology with its Falcon 9 rocket, which took multiple attempts to land successfully. China, through companies like LandSpace, is investing in similar technologies to compete in the global launch market. The Zhuque-3 rocket uses methane fuel, which offers advantages like lower cost and reduced soot compared to traditional fuels. This test is part of China's broader strategy to support megaconstellations, such as satellite networks for global internet, which require many launches. The article also touches on geopolitical implications, as US officials worry that China's progress could enhance its military capabilities in space. Understanding these developments helps explain the race for space dominance and the technical challenges involved in rocket recovery."
  ],
  "Article_Structure": [
    "Main Points: The article details LandSpace's first test of the Zhuque-3 reusable rocket, highlighting the successful orbital launch but crash landing of the booster, and frames it as a significant step for China's space industry. Purpose: It aims to inform readers about China's advancements in reusable rocketry, comparing it to US efforts and discussing implications for global competition and security. Evidence Evaluation: The article uses quotes from LandSpace, video evidence from social media, and comparisons with SpaceX and Blue Origin, providing credible but limited direct data. Author Credibility: Ars Technica is a reputable science and technology news source, known for accurate reporting, though the article lacks author attribution for deeper expertise assessment. Methodology: Information is gathered from company statements, social media posts, and historical context, offering a narrative based on available public sources."
  ],
  "perspectives": [
    {
      "perspective": "Technological achievement",
      "description": "The near-successful landing demonstrates China's rapid progress in reusable rocket technology, positioning it as a future competitor in space."
    },
    {
      "perspective": "Geopolitical concern",
      "description": "US military officials view China's reusable rocket advancements as a potential threat to space security, highlighting strategic tensions."
    }
  ],
  "image_url": "/article_images/article_d543ad96046ae81d_08f2ccab25c2.webp"
}