{
  "title": "Analyzing the Glastonbury Ticket Scam: Fraud, Trust, and Consequences",
  "summary": "The case of Miles Hart illustrates a sophisticated fraud scheme centered on the high-demand Glastonbury Festival, where he allegedly sold approximately £1 million in counterfeit tickets and passes. Hart, a graduate of Millfield School, leveraged his social capital from an elite background to cultivate a persona of exclusivity, claiming privileged access via familial land ownership or corporate partnerships. His operations expanded internationally, preying on individuals who failed to secure tickets through official channels. As the 2024 event neared, the facade collapsed, revealing fabricated invoices and deceptive email communications, leading Hart to abscond and leaving a wake of financial liabilities and emotional distress. The BBC's investigation, drawing on interviews with former acquaintances, scrutinizes the mechanisms of his deceit, including the exploitation of personal networks and the vulnerabilities in secondary ticket markets. This incident underscores broader issues of digital fraud, the ethics of trust in social circles, and the systemic gaps in event ticket verification, prompting reflections on legal accountability and preventive measures in an era of increasing online scams.",
  "keywords": [
    {
      "term": "sophisticated fraud",
      "explanation": "a complex and carefully planned deceptive scheme often involving multiple layers of deception"
    },
    {
      "term": "social capital",
      "explanation": "the networks and relationships that provide support and opportunities, often used for trust-building"
    },
    {
      "term": "counterfeit",
      "explanation": "fake or forged items designed to imitate genuine ones, typically for illicit gain"
    },
    {
      "term": "abscond",
      "explanation": "to leave hurriedly and secretly, especially to avoid capture or legal action"
    },
    {
      "term": "secondary ticket markets",
      "explanation": "platforms or informal systems where tickets are resold, often at inflated prices and with fraud risks"
    },
    {
      "term": "digital fraud",
      "explanation": "deceptive practices conducted online, such as through fake emails or websites, to steal money or information"
    },
    {
      "term": "ethical breaches",
      "explanation": "violations of moral principles, such as dishonesty or exploitation, in personal or professional contexts"
    },
    {
      "term": "legal accountability",
      "explanation": "the responsibility under law to face consequences for one's actions, particularly in cases of wrongdoing"
    },
    {
      "term": "vulnerabilities",
      "explanation": "weaknesses or gaps in systems that can be exploited by malicious actors"
    },
    {
      "term": "preventive measures",
      "explanation": "actions taken in advance to reduce the risk of negative events, such as scams"
    }
  ],
  "questions": [
    {
      "question": "How did Miles Hart's educational background influence his fraudulent activities?",
      "options": [
        "It provided social networks that he exploited for trust",
        "It taught him legal ways to sell tickets",
        "It made him avoid fraudulent behavior",
        "It limited his access to potential victims"
      ],
      "correct_answer": "It provided social networks that he exploited for trust"
    },
    {
      "question": "What methodological approach did the BBC use in investigating this scam?",
      "options": [
        "Interviewing former friends and verifying with the festival",
        "Conducting laboratory experiments",
        "Using only official documents",
        "Ignoring victim accounts"
      ],
      "correct_answer": "Interviewing former friends and verifying with the festival"
    },
    {
      "question": "Which element of the scam highlights its sophistication?",
      "options": [
        "Use of false invoices and global sales expansion",
        "Giving away free tickets",
        "Operating only locally",
        "Relying solely on word-of-mouth without documents"
      ],
      "correct_answer": "Use of false invoices and global sales expansion"
    },
    {
      "question": "What critical assessment can be made about the evidence in the article?",
      "options": [
        "It relies heavily on anecdotal accounts, which may lack objectivity",
        "It includes extensive forensic analysis",
        "It is based solely on Miles's confession",
        "It uses statistical data from ticket sales"
      ],
      "correct_answer": "It relies heavily on anecdotal accounts, which may lack objectivity"
    },
    {
      "question": "How does this case reflect broader issues in digital economies?",
      "options": [
        "It shows vulnerabilities in online trust and verification systems",
        "It demonstrates the safety of all online transactions",
        "It proves that fraud is impossible in digital spaces",
        "It highlights the decline of in-person scams"
      ],
      "correct_answer": "It shows vulnerabilities in online trust and verification systems"
    },
    {
      "question": "What role did personal relationships play in the scam's success?",
      "options": [
        "They built initial trust that facilitated the fraud",
        "They prevented any financial losses",
        "They were irrelevant to the scam",
        "They led to immediate exposure of the fraud"
      ],
      "correct_answer": "They built initial trust that facilitated the fraud"
    },
    {
      "question": "Why might the author's credibility be considered in this reporting?",
      "options": [
        "BBC News is a reputable source, but bias could arise from selective interviews",
        "The author is personally involved in the scam",
        "There is no need to consider author credibility",
        "The article is entirely fictional"
      ],
      "correct_answer": "BBC News is a reputable source, but bias could arise from selective interviews"
    },
    {
      "question": "What limitations exist in the methodology of this investigation?",
      "options": [
        "Potential bias from relying on victim perspectives without Miles's side",
        "Use of advanced technological tools",
        "Inclusion of all possible witnesses",
        "Lack of any primary sources"
      ],
      "correct_answer": "Potential bias from relying on victim perspectives without Miles's side"
    },
    {
      "question": "How does the scam illustrate ethical breaches in social contexts?",
      "options": [
        "It involved deceiving close friends and exploiting trust",
        "It promoted honesty and transparency",
        "It had no ethical implications",
        "It was solely a financial transaction without personal elements"
      ],
      "correct_answer": "It involved deceiving close friends and exploiting trust"
    },
    {
      "question": "What preventive measures could mitigate similar scams in the future?",
      "options": [
        "Enhanced verification systems for ticket sales",
        "Banning all secondary ticket markets",
        "Ignoring the issue altogether",
        "Promoting more private jet travel"
      ],
      "correct_answer": "Enhanced verification systems for ticket sales"
    }
  ],
  "background_read": [
    "Glastonbury Festival, held in Somerset, England, is a premier music event with tickets that sell out rapidly, leading to a lucrative secondary market prone to fraud. Miles Hart's scam exploits this dynamic, rooted in his elite education at Millfield School, which fosters networks often used for social advantage. Understanding ticket fraud requires knowledge of digital deception tactics, such as phishing and fake documentation, and the psychological factors like FOMO (fear of missing out) that drive victims. This case connects to larger discourses on white-collar crime, where perpetrators use charm and credibility to execute schemes, emphasizing the need for critical media literacy and legal frameworks to protect consumers in increasingly digitalized economies."
  ],
  "Article_Structure": [
    "This article analyzes Miles Hart's ticket scam, detailing Main Points: his false claims of access, global fraud netting £1 million, and reliance on fabricated evidence. Purpose is to investigate how trust is exploited in high-demand markets, set in a broader context of rising digital fraud. Evidence Evaluation critically assesses victim testimonies and festival denials as compelling but potentially biased, lacking forensic proof. Author Credibility stems from BBC's reputation, though possible bias in sourcing only certain perspectives. Methodology involves qualitative interviews and fact-checking, offering a narrative-driven approach. Critical Assessment notes strengths in humanizing the story but limitations in omitting Miles's viewpoint and deeper systemic analysis, highlighting areas for more rigorous investigation."
  ],
  "perspectives": [
    {
      "perspective": "Psychological manipulation",
      "description": "Hart used charm and social influence to deceive, illustrating how fraudsters exploit cognitive biases"
    },
    {
      "perspective": "Systemic vulnerabilities",
      "description": "The case exposes flaws in ticket verification systems and regulatory oversight in event industries"
    }
  ],
  "image_url": "/article_images/article_10a3715718d57e5d_779c76b4fdbc.webp"
}