{
  "title": "Ice Skating Stars Get Special Awards",
  "summary": "Jayne Torvill and Christopher Dean are famous ice skaters who won a gold medal at the Olympics long ago. They are getting special awards called a damehood and knighthood in the New Year Honours list. This list gives awards to people who do great things. Torvill and Dean are happy and feel honored. Another person, Sarina Wiegman, who coaches England's women's football team, is also getting an award. She helped the team win European championships. Other football players and rugby players are getting awards too. The New Year Honours celebrate people who work hard and achieve big things in sports and other areas.",
  "keywords": [
    {
      "term": "ice skaters",
      "explanation": "people who skate on ice for sport or fun"
    },
    {
      "term": "damehood",
      "explanation": "a special award for a woman, like being called a dame"
    },
    {
      "term": "knighthood",
      "explanation": "a special award for a man, like being called a sir"
    },
    {
      "term": "New Year Honours",
      "explanation": "a list of awards given at the start of the year to honor people"
    },
    {
      "term": "Olympics",
      "explanation": "a big sports competition where athletes from many countries compete"
    },
    {
      "term": "coach",
      "explanation": "a person who trains and helps a sports team"
    }
  ],
  "questions": [
    {
      "question": "Who are Jayne Torvill and Christopher Dean?",
      "options": [
        "Ice skaters",
        "Football players",
        "Rugby players",
        "Coaches"
      ],
      "correct_answer": "Ice skaters"
    },
    {
      "question": "What awards are Torvill and Dean receiving?",
      "options": [
        "Damehood and knighthood",
        "Gold medals",
        "Trophies",
        "Certificates"
      ],
      "correct_answer": "Damehood and knighthood"
    },
    {
      "question": "What is the New Year Honours list?",
      "options": [
        "A list of awards for people",
        "A shopping list",
        "A sports schedule",
        "A book title"
      ],
      "correct_answer": "A list of awards for people"
    },
    {
      "question": "Who is Sarina Wiegman?",
      "options": [
        "A football coach",
        "An ice skater",
        "A rugby player",
        "A singer"
      ],
      "correct_answer": "A football coach"
    },
    {
      "question": "What did Sarina Wiegman help her team win?",
      "options": [
        "European championships",
        "Olympic medals",
        "World cups",
        "School games"
      ],
      "correct_answer": "European championships"
    },
    {
      "question": "Why are people given awards in the New Year Honours?",
      "options": [
        "For doing great things",
        "For being famous",
        "For winning contests",
        "For making money"
      ],
      "correct_answer": "For doing great things"
    }
  ],
  "background_read": [
    "The New Year Honours is a special event in the United Kingdom where the government gives awards to people who have done amazing things in their jobs or for the country. These awards include titles like dame or sir for women and men. People can get awards for sports, charity work, science, and more. It's a way to say thank you and celebrate their hard work. Ice skating is a sport where people perform dances and jumps on ice, and the Olympics is a big competition where the best athletes from around the world compete."
  ],
  "Article_Structure": [
    "WHO: Jayne Torvill, Christopher Dean, Sarina Wiegman, and other sports people",
    "WHAT: They are receiving awards like damehood and knighthood in the New Year Honours",
    "WHERE: In the United Kingdom, as part of the New Year Honours list",
    "WHY: To honor their achievements and contributions to sports"
  ],
  "perspectives": [
    {
      "perspective": "Celebration of success",
      "description": "The article shows how awards celebrate people's hard work and success in sports."
    }
  ],
  "image_url": "/article_images/article_1bcd5c6cff812c38_5bdefd89109a.webp"
}