{
  "title": "Museums Use Science to Recreate Ancient Egyptian Scents for Exhibits",
  "summary": "Museums are enhancing Egyptian mummy exhibits by incorporating recreated scents based on scientific research. In 2023, scientists identified compounds in balms used to mummify an ancient Egyptian noblewoman's organs, revealing complex recipes with non-local ingredients. Collaborating with perfumer Carole Calvez, they produced 'the scent of eternity.' Barbara Huber, a researcher from Max Planck Institute and University of Tübingen, has partnered with museum curators to integrate this scent into displays, aiming to deepen visitor understanding of embalming. Mummification began in ancient Egypt's Predynastic Period, utilizing natron salt and plant resins to preserve bodies in tombs. The process involved removing organs, dehydrating the body, and wrapping it in linen with amulets. Historical knowledge comes from texts like Herodotus' Histories, but scientific methods like gas chromatography-mass spectrometry fill gaps by analyzing residues. Huber's team studied balms from canopic jars, finding ingredients like beeswax, plant oils, and coniferous resins. Their workflow, detailed in Frontiers in Environmental Archaeology, guides museums in adding scents, linking data to perfumery. This approach transforms exhibits into multisensory experiences, making ancient practices more tangible and emotionally resonant.",
  "keywords": [
    {
      "term": "embalming",
      "explanation": "the process of preserving a dead body using chemicals, often for burial or display"
    },
    {
      "term": "compounds",
      "explanation": "chemical substances made from different elements mixed together"
    },
    {
      "term": "gas chromatography-mass spectrometry",
      "explanation": "a scientific method to separate and identify chemicals in a sample"
    },
    {
      "term": "canopic jars",
      "explanation": "containers used in ancient Egypt to store preserved organs during mummification"
    },
    {
      "term": "natron",
      "explanation": "a natural salt used by ancient Egyptians to dry out bodies"
    },
    {
      "term": "volatile organic compounds",
      "explanation": "chemicals that evaporate easily and carry smells"
    },
    {
      "term": "multisensory",
      "explanation": "involving multiple senses like sight, smell, and touch"
    },
    {
      "term": "curators",
      "explanation": "people who manage and organize museum collections and exhibits"
    }
  ],
  "questions": [
    {
      "question": "What did scientists identify in 2023 related to Egyptian mummification?",
      "options": [
        "Compounds in balms used for mummification",
        "New types of mummies",
        "Ancient Egyptian writing",
        "Tools for building pyramids"
      ],
      "correct_answer": "Compounds in balms used for mummification"
    },
    {
      "question": "Who collaborated with Barbara Huber to recreate the scent?",
      "options": [
        "Perfumer Carole Calvez",
        "Historian Herodotus",
        "A museum visitor",
        "A chef"
      ],
      "correct_answer": "Perfumer Carole Calvez"
    },
    {
      "question": "What is 'the scent of eternity' intended to do in museums?",
      "options": [
        "Deepen visitor understanding of embalming",
        "Make exhibits smell nice",
        "Sell more perfume",
        "Preserve mummies better"
      ],
      "correct_answer": "Deepen visitor understanding of embalming"
    },
    {
      "question": "Which period did Egyptian embalming begin in?",
      "options": [
        "Predynastic Period",
        "Middle Ages",
        "Roman Era",
        "Modern Times"
      ],
      "correct_answer": "Predynastic Period"
    },
    {
      "question": "What scientific method is used to analyze mummy residues?",
      "options": [
        "Gas chromatography-mass spectrometry",
        "Microscopy",
        "DNA sequencing",
        "X-ray imaging"
      ],
      "correct_answer": "Gas chromatography-mass spectrometry"
    },
    {
      "question": "What did Huber's team find in the balm residues?",
      "options": [
        "Beeswax, plant oils, and coniferous resins",
        "Gold and jewels",
        "Water and sand",
        "Metal tools"
      ],
      "correct_answer": "Beeswax, plant oils, and coniferous resins"
    },
    {
      "question": "Where are the balms Huber studied typically stored?",
      "options": [
        "In canopic jars",
        "In pyramids",
        "In books",
        "In modern labs"
      ],
      "correct_answer": "In canopic jars"
    },
    {
      "question": "What is the goal of adding scents to museum exhibits?",
      "options": [
        "Create multisensory experiences",
        "Reduce costs",
        "Increase lighting",
        "Shorten visit times"
      ],
      "correct_answer": "Create multisensory experiences"
    }
  ],
  "background_read": [
    "Ancient Egyptian civilization, lasting from around 3100 BCE to 30 BCE, is famous for its pyramids, pharaohs, and mummification practices. Mummification was a religious ritual to preserve the body for the afterlife, involving steps like organ removal, dehydration with natron, and wrapping in linen. Museums preserve and display artifacts to educate the public. Scientific advancements, such as biomolecular analysis, allow researchers to uncover details about ancient materials. This project combines archaeology, chemistry, and perfumery to enhance museum exhibits, making history more accessible and engaging for middle school students by appealing to multiple senses."
  ],
  "Article_Structure": [
    "Main Points: Museums are incorporating recreated scents into Egyptian mummy exhibits based on scientific analysis of ancient balms, involving collaboration between researchers and perfumers. Purpose: To transform visitor experiences by adding emotional and sensory depth, making ancient embalming practices more understandable and engaging. Evidence Evaluation: The evidence includes chemical analysis using gas chromatography-mass spectrometry on residues from canopic jars, supported by historical texts like Herodotus, providing reliable but limited details. Author Credibility: Barbara Huber is a researcher from reputable institutions like Max Planck Institute, with expertise in archaeological chemistry. Methodology: The study used scientific workflows to identify volatile organic compounds and partner with perfumers to recreate scents, applying findings to museum settings."
  ],
  "perspectives": [
    {
      "perspective": "Scientific Innovation",
      "description": "Using advanced chemistry to reconstruct ancient scents demonstrates how science can bridge gaps in historical knowledge."
    }
  ],
  "image_url": "/article_images/article_4205f45106477b8c_0c684eeb75fc.webp"
}