{
  "title": "Strategic Artistic Pivot: Charli XCX's Transition from Brat to Wuthering Heights Soundtrack",
  "summary": "In an interview with BBC Newsbeat, songwriter and producer Finn Keane elucidates the deliberate artistic shift undertaken by Charli XCX following the culmination of her Brat era. Having collaborated extensively on her electro-dance album, which catalyzed a lime green cultural phenomenon in 2024, Keane notes that the duo's engagement with Emerald Fennell's adaptation of Emily Brontë's Wuthering Heights provided an ideal counterpoint. This project represented a significant departure from their prior work, as they embraced orchestral elements recorded at Abbey Road Studios to evoke a gothic aesthetic, contrasting sharply with the vibrant energy of Brat. The soundtrack development occurred concurrently with tours for the Brat remix album, utilizing interstitial moments in studios or hotel rooms, underscoring Charli's proclivity for operating in extremes. This transition not only highlights her artistic maturation but also reflects a broader trend in the music industry where artists leverage soundtrack opportunities to explore narrative depth and diversify their portfolios, as previously seen with their work on the Barbie soundtrack.",
  "keywords": [
    {
      "term": "elucidates",
      "explanation": "makes clear or explains in detail"
    },
    {
      "term": "culmination",
      "explanation": "the highest or final point of something"
    },
    {
      "term": "counterpoint",
      "explanation": "a contrasting element that enhances or complements another"
    },
    {
      "term": "gothic aesthetic",
      "explanation": "a style characterized by dark, romantic, and mysterious themes"
    },
    {
      "term": "proclivity",
      "explanation": "a natural tendency or inclination"
    },
    {
      "term": "artistic maturation",
      "explanation": "the process of developing greater sophistication and depth in creative expression"
    },
    {
      "term": "narrative depth",
      "explanation": "the complexity and richness of storytelling elements"
    }
  ],
  "questions": [
    {
      "question": "What cultural phenomenon is associated with Charli XCX's Brat album?",
      "options": [
        "Lime green trend",
        "Red wave",
        "Blue movement",
        "Yellow fashion"
      ],
      "correct_answer": "Lime green trend"
    },
    {
      "question": "How does Finn Keane describe the Wuthering Heights soundtrack in relation to Brat?",
      "options": [
        "As a perfect counterpoint",
        "As a direct continuation",
        "As a minor side project",
        "As a commercial failure"
      ],
      "correct_answer": "As a perfect counterpoint"
    },
    {
      "question": "What recording studio was used for the orchestral elements of the soundtrack?",
      "options": [
        "Abbey Road Studios",
        "Electric Lady Studios",
        "Sun Studio",
        "Capitol Studios"
      ],
      "correct_answer": "Abbey Road Studios"
    },
    {
      "question": "During what activity did Charli XCX and Finn Keane primarily work on the soundtrack?",
      "options": [
        "Touring the Brat remix album",
        "Recording a new pop album",
        "Attending award shows",
        "Writing a book"
      ],
      "correct_answer": "Touring the Brat remix album"
    },
    {
      "question": "What characteristic of Charli XCX's work style is emphasized in the summary?",
      "options": [
        "Operating in extremes",
        "Avoiding risks",
        "Sticking to one genre",
        "Focusing on commercial success"
      ],
      "correct_answer": "Operating in extremes"
    },
    {
      "question": "What previous film soundtrack did Charli XCX and Finn Keane collaborate on?",
      "options": [
        "Barbie",
        "Wuthering Heights",
        "Brat",
        "Von Dutch"
      ],
      "correct_answer": "Barbie"
    },
    {
      "question": "What broader industry trend does this pivot reflect?",
      "options": [
        "Artists exploring soundtracks for diversification",
        "Musicians abandoning pop for classical",
        "Producers avoiding film projects",
        "Singers focusing only on albums"
      ],
      "correct_answer": "Artists exploring soundtracks for diversification"
    },
    {
      "question": "What is the primary source of information for this article?",
      "options": [
        "Interview with Finn Keane",
        "Press release from Charli XCX",
        "Academic study",
        "Social media posts"
      ],
      "correct_answer": "Interview with Finn Keane"
    },
    {
      "question": "What emotion or atmosphere were they aiming for with the gothic aesthetic?",
      "options": [
        "Dark and mysterious",
        "Happy and upbeat",
        "Calm and peaceful",
        "Angry and loud"
      ],
      "correct_answer": "Dark and mysterious"
    },
    {
      "question": "Why is this pivot considered significant for Charli XCX's artistry?",
      "options": [
        "It showcases growth and versatility",
        "It guarantees more awards",
        "It simplifies her music",
        "It limits her audience"
      ],
      "correct_answer": "It showcases growth and versatility"
    }
  ],
  "background_read": [
    "Charli XCX, born Charlotte Aitchison, is an influential figure in contemporary pop and electronic music, known for her innovative approaches and genre-blending, with albums like Brat exemplifying her impact on youth culture. Finn Keane is a Grammy-winning producer whose collaborations span various artists, highlighting his expertise in music production. Wuthering Heights, a seminal 1847 novel by Emily Brontë, explores complex themes of love, revenge, and social class, with film adaptations often requiring soundtracks that capture its gothic essence. The music industry increasingly sees artists engaging in soundtrack work as a means to artistic reinvention and narrative exploration, reflecting shifts in media consumption and creative expression."
  ],
  "Article_Structure": [
    "Main Points: The article details Charli XCX and Finn Keane's transition from the Brat album to the Wuthering Heights soundtrack, framing it as a strategic artistic pivot driven by a desire for contrast and growth. Purpose: It aims to analyze this shift within the context of Charli's career evolution and broader music industry trends, emphasizing creative versatility. Evidence Evaluation: Relies on direct quotes from Keane in a BBC interview, offering firsthand insights but potentially lacking diverse perspectives or independent verification. Author Credibility: BBC Entertainment provides reputable journalism, though the article is feature-oriented and may prioritize narrative over critical analysis. Methodology: Uses descriptive reporting and interview excerpts to construct the story, focusing on motivations and processes without in-depth research on audience reception or commercial outcomes. Critical Assessment: Strengths include clear sourcing and engaging storytelling, but limitations involve a narrow focus on Keane's viewpoint and insufficient exploration of the soundtrack's artistic or commercial impact."
  ],
  "perspectives": [
    {
      "perspective": "Industry adaptation",
      "description": "Artists utilize film soundtracks as platforms for experimentation and career diversification in a rapidly evolving media landscape."
    }
  ],
  "image_url": "/article_images/article_4fe92bb99503aefa_7228051a9a95.webp"
}