{
  "title": "EPA Enforcement Declines Sharply Under Trump's Second Term",
  "summary": "A report by the Environmental Integrity Project reveals a significant collapse in the Environmental Protection Agency's enforcement of environmental laws during the first year of President Donald Trump's second term. Civil lawsuits filed by the Department of Justice, based on EPA referrals, plummeted to just 16, a 76% decrease from the Biden administration's first year and lower than Trump's first term. This decline is attributed to an aggressive deregulatory agenda, including rollbacks of air and water pollution restrictions under EPA Administrator Lee Zeldin. Additionally, staff reductions, with hundreds of EPA employees laid off and many Justice Department lawyers leaving, have hampered enforcement efforts. The EPA has adopted a 'compliance first' policy, emphasizing cooperation with violators over formal actions, which critics argue undermines deterrence. Environmental groups like Public Employees for Environmental Responsibility and Earthjustice corroborate these findings, warning that weakened enforcement could lead to increased pollution and health risks.",
  "keywords": [
    {
      "term": "Environmental Integrity Project",
      "explanation": "a nonprofit watchdog group that monitors environmental enforcement"
    },
    {
      "term": "civil lawsuits",
      "explanation": "legal actions filed in court to address non-criminal violations, such as pollution"
    },
    {
      "term": "deregulatory agenda",
      "explanation": "policies aimed at reducing government regulations, often to benefit industries"
    },
    {
      "term": "compliance first policy",
      "explanation": "an EPA approach focusing on helping companies follow rules before using penalties"
    },
    {
      "term": "staff reductions",
      "explanation": "cuts in the number of employees, affecting the agency's ability to enforce laws"
    }
  ],
  "questions": [
    {
      "question": "What organization published the report on EPA enforcement?",
      "options": [
        "Environmental Integrity Project",
        "Public Citizen",
        "Earthjustice",
        "E&E News"
      ],
      "correct_answer": "Environmental Integrity Project"
    },
    {
      "question": "How many civil lawsuits were filed in Trump's second term first year?",
      "options": [
        "16",
        "86",
        "127",
        "31"
      ],
      "correct_answer": "16"
    },
    {
      "question": "What percentage drop in lawsuits occurred compared to the Biden administration?",
      "options": [
        "76%",
        "50%",
        "25%",
        "90%"
      ],
      "correct_answer": "76%"
    },
    {
      "question": "Who is the EPA Administrator mentioned in the article?",
      "options": [
        "Lee Zeldin",
        "Craig Pritzlaff",
        "Jen Duggan",
        "Donald Trump"
      ],
      "correct_answer": "Lee Zeldin"
    },
    {
      "question": "What is a key reason for the enforcement decline according to experts?",
      "options": [
        "Staff reductions",
        "Increased funding",
        "New pollution laws",
        "More public support"
      ],
      "correct_answer": "Staff reductions"
    },
    {
      "question": "What does the 'compliance first' policy prioritize?",
      "options": [
        "Working with violators to correct problems",
        "Imposing fines immediately",
        "Closing polluting companies",
        "Building new regulations"
      ],
      "correct_answer": "Working with violators to correct problems"
    },
    {
      "question": "Which groups corroborated the report's findings?",
      "options": [
        "Public Employees for Environmental Responsibility and Earthjustice",
        "EPA and White House",
        "Fossil fuel companies",
        "State governments"
      ],
      "correct_answer": "Public Employees for Environmental Responsibility and Earthjustice"
    },
    {
      "question": "What did Trump declare after his inauguration?",
      "options": [
        "An 'energy emergency'",
        "A 'climate crisis'",
        "A 'health safeguard'",
        "A 'pollution ban'"
      ],
      "correct_answer": "An 'energy emergency'"
    }
  ],
  "background_read": [
    "The EPA, established in 1970, enforces U.S. environmental laws like the Clean Air Act and Clean Water Act. Enforcement typically involves monitoring, issuing violation notices, and referring cases to the Department of Justice for lawsuits. Under different administrations, enforcement levels vary based on political priorities. Trump's presidency has emphasized deregulation to boost industries, particularly fossil fuels, leading to policy shifts at the EPA. Watchdog groups play a crucial role in analyzing these changes and advocating for environmental protection. This report highlights the impact of such shifts on legal actions against polluters."
  ],
  "Article_Structure": [
    "Main Points: The report shows a sharp decline in EPA enforcement under Trump's second term, with only 16 civil lawsuits filed, due to deregulation, staff cuts, and a new 'compliance first' policy. Purpose: To inform the public and policymakers about reduced environmental protection and its potential health risks. Evidence Evaluation: Based on federal court and administrative data analyzed by a reputable nonprofit, corroborated by other groups, though the EPA did not comment. Author Credibility: The Environmental Integrity Project is a known watchdog with expertise in environmental law. Methodology: Analysis of lawsuit data and policy documents, with insights from experts and advocacy groups."
  ],
  "perspectives": [
    {
      "perspective": "Environmental watchdogs",
      "description": "Argue that weakened enforcement undermines environmental laws and increases pollution risks"
    },
    {
      "perspective": "EPA administration",
      "description": "Supports deregulation and a cooperative approach to enforcement to reduce burdens on industry"
    }
  ],
  "image_url": "/article_images/article_1611cb9ba70a55dd_da7bb2fcd9dc.webp"
}