{
  "title": "Exploring the Link Between Gut Health and Aging: A Personal Investigation",
  "summary": "This article follows the author's personal journey to investigate whether improving gut health can enhance the aging process. As someone in their 60s, the author visits St Mary's Hospital in London to consult with Dr. James Kinross, a colorectal surgeon and microbiome expert. Dr. Kinross analyzes stool samples to study the gut microbiome, which consists of trillions of microbes like bacteria, viruses, and fungi. He advocates for the gut's significant role in overall health and aging, suggesting it influences longevity and physical strength in later years. The article also highlights the case of Maria Branyas Morera, the world's oldest person who died at 117. Researchers found that her daily consumption of three servings of yogurt may have contributed to her longevity by boosting beneficial bacteria that reduce inflammation. While some experts caution that the gut's importance in aging might be overhyped, the article emphasizes the need for more scientific research. It raises questions about actionable steps, such as dietary changes, to potentially improve gut health and support better aging outcomes.",
  "keywords": [
    {
      "term": "gut microbiome",
      "explanation": "the complex community of microorganisms, including bacteria, viruses, and fungi, residing in the digestive tract and influencing health"
    },
    {
      "term": "aging process",
      "explanation": "the biological changes that occur as organisms grow older, affecting physical and mental functions"
    },
    {
      "term": "stool sample analysis",
      "explanation": "a medical test that examines feces to assess the composition and health of the gut microbiome"
    },
    {
      "term": "inflammation",
      "explanation": "a bodily response to injury or infection that, when chronic, can contribute to aging and diseases"
    },
    {
      "term": "Mediterranean diet",
      "explanation": "a dietary pattern rich in fruits, vegetables, olive oil, and yogurt, associated with health benefits and longevity"
    }
  ],
  "questions": [
    {
      "question": "What is the main purpose of the author's visit to St Mary's Hospital?",
      "options": [
        "To learn about their gut health and its impact on aging",
        "To get a general health check-up",
        "To study hospital procedures",
        "To meet other patients"
      ],
      "correct_answer": "To learn about their gut health and its impact on aging"
    },
    {
      "question": "What does Dr. James Kinross specialize in?",
      "options": [
        "Colorectal surgery and microbiome analysis",
        "Heart surgery",
        "Pediatrics",
        "Dermatology"
      ],
      "correct_answer": "Colorectal surgery and microbiome analysis"
    },
    {
      "question": "How does the article describe the gut microbiome?",
      "options": [
        "As trillions of microbes including bacteria, viruses, and fungi",
        "As only bacteria in the stomach",
        "As a type of food",
        "As a new medical device"
      ],
      "correct_answer": "As trillions of microbes including bacteria, viruses, and fungi"
    },
    {
      "question": "What potential benefit of yogurt is mentioned in relation to Maria Branyas Morera?",
      "options": [
        "It may provide helpful bacteria that reduce inflammation",
        "It may increase energy levels",
        "It may improve eyesight",
        "It may prevent colds"
      ],
      "correct_answer": "It may provide helpful bacteria that reduce inflammation"
    },
    {
      "question": "What lifestyle factors contributed to Maria's longevity according to the article?",
      "options": [
        "Living in the countryside, walking daily, and eating a Mediterranean diet",
        "Exercising intensely and eating fast food",
        "Taking supplements and avoiding social activities",
        "Drinking lots of water and sleeping late"
      ],
      "correct_answer": "Living in the countryside, walking daily, and eating a Mediterranean diet"
    },
    {
      "question": "What is Dr. Kinross's view on the gut microbiome?",
      "options": [
        "He believes it is deeply ingrained in all aspects of health",
        "He thinks it is unimportant for aging",
        "He says it only affects digestion",
        "He recommends ignoring it"
      ],
      "correct_answer": "He believes it is deeply ingrained in all aspects of health"
    },
    {
      "question": "What caution do some experts express about the gut's role in aging?",
      "options": [
        "That its importance may be overhyped and more research is needed",
        "That it is definitely the key to longevity",
        "That it has no effect on health",
        "That it should be avoided in studies"
      ],
      "correct_answer": "That its importance may be overhyped and more research is needed"
    },
    {
      "question": "What broader question does the article raise about gut health?",
      "options": [
        "What can we do to improve it if it affects aging?",
        "How can we eliminate gut bacteria?",
        "Why is gut health only important for young people?",
        "When did gut health become a trend?"
      ],
      "correct_answer": "What can we do to improve it if it affects aging?"
    }
  ],
  "background_read": [
    "The gut microbiome refers to the diverse ecosystem of microorganisms in the human digestive system, playing crucial roles in digestion, immunity, and overall health. Aging involves gradual declines in bodily functions, and recent research suggests that gut health might influence this process by affecting inflammation, metabolism, and disease risk. Studies on centenarians, like Maria Branyas Morera, provide insights into how lifestyle factors, such as diet rich in probiotics from yogurt, could promote longevity. However, the field is still evolving, with debates over the extent of the gut's impact and the need for rigorous scientific validation. This article combines personal narrative with expert opinions to explore these themes, highlighting both potential benefits and uncertainties in the quest to understand aging and gut health."
  ],
  "Article_Structure": [
    "This article presents a personal investigation into gut health and aging, structured around key elements: Main Points include the author's journey to assess their gut microbiome, expert insights from Dr. Kinross on its health implications, and the case study of Maria Branyas Morera linking yogurt consumption to longevity. Purpose is to explore whether improving gut health can enhance aging outcomes, raising public awareness and encouraging further inquiry. Evidence Evaluation shows anecdotal and research-based support, such as stool sample analysis and scientific studies on centenarians, though some evidence is preliminary and calls for more validation. Author Credibility is bolstered by the author's firsthand experience and interviews with professionals like Dr. Kinross and Dr. Esteller, who provide expert perspectives. Methodology involves qualitative approaches including personal visits, sample testing, and literature review, offering a narrative-driven exploration rather than controlled experiments."
  ],
  "perspectives": [
    {
      "perspective": "Pro-gut health view",
      "description": "Advocates like Dr. Kinross argue that the gut microbiome is central to aging, with potential to extend lifespan and maintain physical vigor through dietary interventions."
    },
    {
      "perspective": "Skeptical view",
      "description": "Some experts caution that the hype around gut health may exceed scientific evidence, emphasizing the need for more research to confirm causal relationships in aging."
    }
  ],
  "image_url": "/article_images/article_c4839c1c38431333_979084215cb2.webp"
}