{
  "title": "The Degradation of Glymphatic Function Under Repeated Traumatic Head Impacts",
  "summary": "This article details a groundbreaking study investigating the effects of repeated head impacts on the glymphatic system in professional boxers and mixed martial arts fighters with cognitive impairment. Researchers employed diffusion tensor imaging along the perivascular space (DTI-ALPS), a sophisticated MRI-based methodology, to quantify glymphatic activity via the ALPS index. Analysis of baseline data from the Professional Athletes Brain Health Study, involving 280 participants including 95 cognitively impaired fighters and 20 controls, revealed an unexpected pattern: impaired athletes exhibited elevated ALPS values initially, indicating a compensatory upregulation of waste clearance, but this function deteriorated significantly with increasing knockouts. This decline correlates with the accumulation of pathogenic proteins, such as those implicated in Alzheimer's and Parkinson's diseases, underscoring the mechanistic link between head trauma and neurodegenerative pathways. The study, presented at the Radiological Society of North America, advances understanding of glymphatic dynamics and highlights the critical need for longitudinal monitoring and preventive strategies in high-impact sports to mitigate long-term cognitive deficits.",
  "keywords": [
    {
      "term": "glymphatic system",
      "explanation": "A perivascular network in the central nervous system that facilitates the clearance of metabolic waste through convective fluid flow"
    },
    {
      "term": "DTI-ALPS",
      "explanation": "An advanced neuroimaging technique using diffusion tensor imaging to assess glymphatic function by measuring water diffusion along perivascular spaces"
    },
    {
      "term": "ALPS index",
      "explanation": "A quantitative biomarker derived from DTI that serves as a proxy for glymphatic efficiency and is inversely related to cognitive decline"
    },
    {
      "term": "cognitive impairment",
      "explanation": "A neuropsychological condition characterized by deficits in domains such as memory, executive function, and processing speed"
    },
    {
      "term": "neurodegenerative diseases",
      "explanation": "Progressive disorders marked by neuronal loss and proteinopathies, including Alzheimer's and Parkinson's disease"
    },
    {
      "term": "traumatic brain injury",
      "explanation": "An acquired brain injury resulting from external mechanical forces, often leading to acute and chronic neurological sequelae"
    },
    {
      "term": "biomarker",
      "explanation": "An objective measure used in medical research to indicate biological states or disease processes, often for diagnostic or prognostic purposes"
    },
    {
      "term": "compensatory mechanism",
      "explanation": "A physiological response where the body enhances certain functions to counteract damage or stress, which may fail under sustained pressure"
    },
    {
      "term": "longitudinal study",
      "explanation": "A research design that follows subjects over time to observe changes and establish temporal relationships"
    },
    {
      "term": "pathogenic proteins",
      "explanation": "Proteins such as amyloid-beta and tau that aggregate in the brain and are associated with the pathogenesis of various dementias"
    }
  ],
  "questions": [
    {
      "question": "What does the ALPS index specifically measure in relation to the glymphatic system?",
      "options": [
        "Water diffusion along perivascular spaces",
        "Blood flow rate",
        "Neuronal activity",
        "Hormone levels"
      ],
      "correct_answer": "A"
    },
    {
      "question": "How did glymphatic function change in impaired fighters over time?",
      "options": [
        "Initially increased then decreased",
        "Consistently decreased",
        "Remained stable",
        "Increased steadily"
      ],
      "correct_answer": "A"
    },
    {
      "question": "What is the significance of the compensatory mechanism mentioned in the study?",
      "explanation": "It shows the brain's initial attempt to enhance waste clearance under stress",
      "options": [
        "It indicates permanent improvement",
        "It has no effect on disease",
        "It only occurs in healthy individuals",
        "It reduces the need for medical intervention"
      ],
      "correct_answer": "A"
    },
    {
      "question": "Which professional organization is scheduled to present these findings?",
      "options": [
        "Radiological Society of North America",
        "American Medical Association",
        "World Health Organization",
        "National Institutes of Health"
      ],
      "correct_answer": "A"
    },
    {
      "question": "What methodological approach was used to gather data on the athletes?",
      "options": [
        "Diffusion tensor imaging and cohort analysis",
        "Surveys and interviews",
        "Animal models",
        "Genetic testing"
      ],
      "correct_answer": "A"
    },
    {
      "question": "How many knockouts were correlated with the decline in glymphatic function?",
      "options": [
        "Increasing number",
        "Decreasing number",
        "No correlation",
        "Fixed number"
      ],
      "correct_answer": "A"
    },
    {
      "question": "What potential limitation exists in interpreting the study's results?",
      "options": [
        "Correlation does not imply causation",
        "Small sample size",
        "Lack of imaging data",
        "Inadequate control group"
      ],
      "correct_answer": "A"
    },
    {
      "question": "What role does the glymphatic system play in preventing neurodegenerative diseases?",
      "options": [
        "It clears toxic proteins that contribute to disease",
        "It produces new neurons",
        "It regulates emotions",
        "It enhances physical strength"
      ],
      "correct_answer": "A"
    },
    {
      "question": "Who funded or supported the Professional Athletes Brain Health Study?",
      "options": [
        "Cleveland Clinic",
        "No funding mentioned",
        "Private companies",
        "Government grants"
      ],
      "correct_answer": "A"
    },
    {
      "question": "What broader implication does this study have for public health?",
      "options": [
        "Highlighting risks in contact sports and need for safety measures",
        "Promoting more aggressive sports",
        "Focusing only on treatment",
        "Ignoring preventive care"
      ],
      "correct_answer": "A"
    }
  ],
  "background_read": [
    "The glymphatic system, discovered relatively recently, is essential for brain homeostasis, operating through perivascular pathways to clear metabolic byproducts and toxins, particularly during sleep. Dysfunction in this system is implicated in the pathogenesis of neurodegenerative diseases, where proteins like amyloid-beta accumulate. Traumatic brain injuries from sports account for a significant proportion of brain injury cases, with repeated subconcussive impacts posing insidious risks. Research methodologies such as DTI-ALPS provide non-invasive means to assess glymphatic function, offering insights into early biomarkers of decline. This study builds on longitudinal data from athlete cohorts, emphasizing the dynamic response of the brain to injury and the eventual failure of compensatory mechanisms, which has implications for developing targeted interventions and revising safety standards in athletic and general populations."
  ],
  "Article_Structure": [
    "This article presents a detailed analysis of a study on glymphatic function in fighters, with main points including the unexpected initial increase in ALPS index in impaired athletes followed by a decline correlated with knockouts, linking head trauma to waste clearance failure and neurodegenerative risks. The purpose is to elucidate the pathophysiology of brain injury and advocate for preventive measures in a broader public health context. Evidence evaluation notes the use of advanced MRI biomarkers and a substantial cohort, but critically assesses the reliance on observational data and potential biases. Author credibility is high, with Dr. Amin's expertise in neuroradiology, though potential conflicts are unmentioned. Methodology involves longitudinal imaging and statistical correlations, offering non-invasive insights but limited by the absence of experimental controls and the need for mechanistic studies to confirm causality and generalize findings."
  ],
  "perspectives": [
    {
      "perspective": "Neuroscientific research",
      "description": "Explores glymphatic dynamics as a key factor in brain health and disease, pushing for innovative imaging techniques."
    },
    {
      "perspective": "Ethical and safety advocacy",
      "description": "Calls for stricter regulations in contact sports to protect athletes from irreversible brain damage."
    }
  ],
  "image_url": "/article_images/article_14470af3b6260cd2_727c9f47760f.webp"
}