{
  "title": "Scientists Face Big Problems Studying a Melting Glacier in Antarctica",
  "summary": "Scientists are trying to measure a glacier called Thwaites in Antarctica that is melting very fast. They are from different countries like Korea and Britain. They use hot water to drill through the ice to learn more about it. It is hard work because Antarctica is very cold and windy, and they had to wait for good weather to fly helicopters. They traveled on a big ship for many days to get there. Their goal is to understand why the glacier is melting so quickly and what it means for the world. This helps us know about climate change and rising sea levels.",
  "keywords": [
    {
      "term": "glacier",
      "explanation": "a large mass of ice that moves slowly over land"
    },
    {
      "term": "Antarctica",
      "explanation": "a very cold continent at the South Pole"
    },
    {
      "term": "melting",
      "explanation": "when ice turns into water"
    },
    {
      "term": "scientists",
      "explanation": "people who study things to learn new facts"
    },
    {
      "term": "hot water",
      "explanation": "water that is warm, used here to drill through ice"
    },
    {
      "term": "helicopters",
      "explanation": "flying machines that can take off and land vertically"
    }
  ],
  "questions": [
    {
      "question": "What is the name of the glacier scientists are studying?",
      "options": [
        "Thwaites",
        "Greenland",
        "Alaska",
        "Himalayas"
      ],
      "correct_answer": "Thwaites"
    },
    {
      "question": "Where is Thwaites Glacier located?",
      "options": [
        "Antarctica",
        "Africa",
        "Asia",
        "Australia"
      ],
      "correct_answer": "Antarctica"
    },
    {
      "question": "What do scientists use to drill through the ice?",
      "options": [
        "Hot water",
        "Hammers",
        "Lasers",
        "Drills"
      ],
      "correct_answer": "Hot water"
    },
    {
      "question": "Why did scientists have to wait for good weather?",
      "options": [
        "To fly helicopters",
        "To build a camp",
        "To eat lunch",
        "To take photos"
      ],
      "correct_answer": "To fly helicopters"
    },
    {
      "question": "Who are the scientists from?",
      "options": [
        "Korea and Britain",
        "USA and China",
        "France and Germany",
        "India and Japan"
      ],
      "correct_answer": "Korea and Britain"
    },
    {
      "question": "What is the main goal of the scientists' work?",
      "options": [
        "To understand why the glacier is melting",
        "To find gold",
        "To build a new city",
        "To study animals"
      ],
      "correct_answer": "To understand why the glacier is melting"
    }
  ],
  "background_read": [
    "Glaciers are huge sheets of ice that can be found in cold places like Antarctica. They are important because they hold a lot of water, and when they melt, it can make sea levels rise. Scientists study glaciers to learn about climate change, which is how the Earth's weather is changing. This helps us protect our planet. In this article, scientists face challenges like bad weather and long travel to measure a fast-melting glacier."
  ],
  "Article_Structure": [
    "WHO: Scientists from Korea and Britain",
    "WHAT: They are measuring Thwaites Glacier, which is melting fast",
    "WHERE: In Antarctica",
    "WHY: To understand climate change and rising sea levels"
  ],
  "perspectives": [
    {
      "perspective": "Scientific view",
      "description": "Scientists work hard to gather data on melting glaciers to help the world."
    }
  ],
  "image_url": "/article_images/article_a49b694fd91c6afc_440e9b566379.webp"
}