{
  "title": "Obstacles in Quantifying the Dynamics of Thwaites Glacier: A Case Study in Antarctic Research",
  "summary": "International researchers, including teams from the Korea Polar Research Institute (KOPRI) and the British Antarctic Survey (BAS), are confronting substantial challenges in measuring Thwaites Glacier, Antarctica's fastest-melting glacier, as part of the Tipping Point series. Their mission employs advanced methodologies, such as hot-water drilling, to collect unprecedented data on glacial retreat and subglacial processes. The logistical hurdles are immense: an 11-day voyage on a Korean icebreaker from New Zealand to West Antarctica, followed by a 10-day delay due to adverse weather conditions that hindered helicopter operations, and an additional 10 days establishing a research camp amidst severe Antarctic winds. This endeavor aims to elucidate the mechanisms driving Thwaites Glacier's accelerated melting, which has profound implications for global sea-level rise and climate modeling. The article underscores the complexities of polar research, where extreme environments and technological limitations impede data acquisition, highlighting the critical need for innovative approaches to monitor climate change impacts in remote regions.",
  "keywords": [
    {
      "term": "glacial retreat",
      "explanation": "the process by which glaciers shrink or recede due to melting or calving"
    },
    {
      "term": "subglacial processes",
      "explanation": "activities and conditions beneath a glacier, such as water flow and bedrock interaction"
    },
    {
      "term": "logistical hurdles",
      "explanation": "practical challenges in organizing and executing research in difficult environments"
    },
    {
      "term": "climate modeling",
      "explanation": "the use of computer simulations to predict future climate scenarios based on data"
    },
    {
      "term": "polar research",
      "explanation": "scientific studies conducted in Arctic and Antarctic regions"
    },
    {
      "term": "data acquisition",
      "explanation": "the process of collecting and recording information for analysis"
    },
    {
      "term": "technological limitations",
      "explanation": "restrictions imposed by available tools and methods in scientific investigations"
    },
    {
      "term": "remote regions",
      "explanation": "areas that are isolated and difficult to access, such as Antarctica"
    }
  ],
  "questions": [
    {
      "question": "What specific organizations are leading the research on Thwaites Glacier?",
      "options": [
        "KOPRI and BAS",
        "NASA and NOAA",
        "IPCC and UNEP",
        "ESA and JAXA"
      ],
      "correct_answer": "KOPRI and BAS"
    },
    {
      "question": "Which methodology is highlighted for drilling through Thwaites Glacier?",
      "options": [
        "Hot-water drilling",
        "Cryogenic boring",
        "Seismic imaging",
        "Satellite radar"
      ],
      "correct_answer": "Hot-water drilling"
    },
    {
      "question": "How long was the initial sea voyage to reach the research site?",
      "options": [
        "11 days",
        "7 days",
        "15 days",
        "25 days"
      ],
      "correct_answer": "11 days"
    },
    {
      "question": "What caused the 10-day delay after arriving near Antarctica?",
      "options": [
        "Cloud cover preventing helicopter flights",
        "Icebreaker mechanical issues",
        "Research permit delays",
        "Team member illness"
      ],
      "correct_answer": "Cloud cover preventing helicopter flights"
    },
    {
      "question": "What is the primary scientific goal of studying Thwaites Glacier?",
      "options": [
        "To understand mechanisms of rapid melting and climate impacts",
        "To discover new geological formations",
        "To assess biodiversity in Antarctic waters",
        "To test renewable energy sources"
      ],
      "correct_answer": "To understand mechanisms of rapid melting and climate impacts"
    },
    {
      "question": "In which series is this research update featured?",
      "options": [
        "Tipping Point",
        "Frontline",
        "Nova",
        "Nature"
      ],
      "correct_answer": "Tipping Point"
    },
    {
      "question": "What environmental factor complicated camp establishment?",
      "options": [
        "Harsh Antarctic winds",
        "Heavy snowfall",
        "Extreme temperatures",
        "Limited sunlight"
      ],
      "correct_answer": "Harsh Antarctic winds"
    },
    {
      "question": "What broader implication does Thwaites Glacier's melting have?",
      "options": [
        "Contributing to global sea-level rise",
        "Increasing atmospheric carbon dioxide",
        "Reducing ozone layer depletion",
        "Enhancing agricultural productivity"
      ],
      "correct_answer": "Contributing to global sea-level rise"
    },
    {
      "question": "What aspect of research is emphasized as a challenge in the article?",
      "options": [
        "Logistical hurdles in extreme environments",
        "Funding shortages for polar studies",
        "Lack of international cooperation",
        "Inadequate scientific training"
      ],
      "correct_answer": "Logistical hurdles in extreme environments"
    },
    {
      "question": "How does the article characterize the data collection efforts?",
      "options": [
        "Unprecedented and innovative",
        "Routine and standardized",
        "Outdated and inefficient",
        "Theoretical and speculative"
      ],
      "correct_answer": "Unprecedented and innovative"
    }
  ],
  "background_read": [
    "Thwaites Glacier, a key component of the West Antarctic Ice Sheet, is undergoing rapid disintegration, posing significant risks for global sea-level rise. International collaborations, such as those between KOPRI and BAS, utilize cutting-edge techniques like hot-water drilling to investigate subglacial hydrology and ice dynamics. These efforts are critical for refining climate models and informing adaptation strategies. However, polar research faces unique obstacles, including logistical complexities, harsh climatic conditions, and technological constraints, which can limit data quality and temporal resolution. Understanding these challenges is essential for advancing climate science and mitigating future environmental crises."
  ],
  "Article_Structure": [
    "Main Points: Researchers from KOPRI and BAS are tackling obstacles in measuring Thwaites Glacier's rapid melting using hot-water drilling, with logistical challenges like extended voyages and weather delays. Purpose: To provide an update in the Tipping Point series on critical climate research and highlight the difficulties in polar science. Evidence Evaluation: The article presents observational details from field reports but lacks primary data or peer-reviewed analysis, suggesting reliance on journalistic sources. Author Credibility: PBS NewsHour is a reputable outlet, but the reporting is secondary to direct scientific publications, potentially introducing bias. Methodology: Involves expeditionary research with icebreakers, helicopters, and camp setups, employing innovative drilling methods, though specific technical protocols are not detailed. Critical Assessment: Strengths include highlighting real-world research challenges and climate urgency; limitations include insufficient depth on scientific findings and potential oversimplification of complex processes."
  ],
  "perspectives": [
    {
      "perspective": "Scientific innovation vs. logistical constraints",
      "description": "Balances the need for advanced research methods with the practical difficulties of operating in extreme environments."
    }
  ],
  "image_url": "/article_images/article_a49b694fd91c6afc_440e9b566379.webp"
}