{
  "title": "Analyzing the Indiana-Miami Championship: Surprises and Structural Shifts in College Football",
  "summary": "The College Football Playoff National Championship on Monday features an improbable showdown between Indiana and Miami, underscoring dramatic narratives within collegiate athletics. Indiana, historically a perennial underdog, has undergone a remarkable two-year metamorphosis to emerge as an undefeated juggernaut, challenging conventional expectations and highlighting effective coaching and player development strategies. Conversely, Miami, competing in its hometown, seeks to resurrect its legacy of dominance, leveraging home-field advantage and fan support to pursue a championship that would symbolize a return to prominence. Concurrently, the article delves into systemic transformations in college football, where heightened player mobility through transfer portals and the monetization of athlete likeness via NIL agreements are redefining team dynamics and economic structures. Insights from Ralph Russo, a senior writer at The Athletic, provide expert commentary on Indiana's ascension and the broader implications of these shifts, offering a nuanced perspective on how evolving policies impact competitive balance and institutional traditions. This analysis not only previews the championship but also interrogates the intersection of athletic performance, institutional change, and media discourse in modern sports.",
  "keywords": [
    {
      "term": "juggernaut",
      "explanation": "a powerful and overwhelming force or institution"
    },
    {
      "term": "metamorphosis",
      "explanation": "a profound change in form or character"
    },
    {
      "term": "NIL agreements",
      "explanation": "contracts allowing college athletes to profit from their name, image, and likeness"
    },
    {
      "term": "competitive balance",
      "explanation": "the degree of parity or fairness among teams in a league"
    }
  ],
  "questions": [
    {
      "question": "What central conflict does the Indiana-Miami championship represent?",
      "options": [
        "Underdog resurgence versus legacy reclamation",
        "A routine matchup between top-ranked teams",
        "A dispute over game rules",
        "A financial negotiation between universities"
      ],
      "correct_answer": "Underdog resurgence versus legacy reclamation"
    },
    {
      "question": "How does the article characterize Indiana's transformation?",
      "options": [
        "As a rapid and unexpected rise to elite status",
        "As a gradual decline over decades",
        "As a result of external funding only",
        "As unrelated to coaching changes"
      ],
      "correct_answer": "As a rapid and unexpected rise to elite status"
    },
    {
      "question": "What strategic advantage does Miami hold in the championship?",
      "options": [
        "Home-field advantage and historical prestige",
        "Superior financial resources",
        "Exclusive media rights",
        "New player recruitment policies"
      ],
      "correct_answer": "Home-field advantage and historical prestige"
    },
    {
      "question": "Which policy changes are cited as reshaping college football?",
      "options": [
        "Transfer portals and NIL agreements",
        "Increased game durations and rule modifications",
        "Reduced scholarship limits and stadium expansions",
        "International recruitment bans and coaching caps"
      ],
      "correct_answer": "Transfer portals and NIL agreements"
    },
    {
      "question": "What role does Ralph Russo play in the article's analysis?",
      "options": [
        "Providing expert insights on team dynamics and sport trends",
        "Offering player statistics and game predictions",
        "Critiquing officiating decisions",
        "Advocating for specific policy reforms"
      ],
      "correct_answer": "Providing expert insights on team dynamics and sport trends"
    },
    {
      "question": "How does the article evaluate the evidence presented?",
      "options": [
        "It relies on expert commentary but lacks empirical data",
        "It includes comprehensive statistical analysis",
        "It bases claims solely on fan opinions",
        "It references unpublished internal documents"
      ],
      "correct_answer": "It relies on expert commentary but lacks empirical data"
    },
    {
      "question": "What broader implication does player mobility have according to the article?",
      "options": [
        "It alters team compositions and challenges traditional loyalty norms",
        "It decreases game attendance and revenue",
        "It standardizes coaching methods across programs",
        "It eliminates championship competitions"
      ],
      "correct_answer": "It alters team compositions and challenges traditional loyalty norms"
    },
    {
      "question": "How is author credibility established in the article?",
      "options": [
        "Through affiliation with PBS NewsHour and citation of a reputable sports journalist",
        "By including anonymous sources and speculative claims",
        "Via personal anecdotes from athletes",
        "Through financial disclosures and legal endorsements"
      ],
      "correct_answer": "Through affiliation with PBS NewsHour and citation of a reputable sports journalist"
    },
    {
      "question": "What methodological approach is primarily used in the article?",
      "options": [
        "Interview-based discussion summarizing expert perspectives",
        "Quantitative analysis of player performance metrics",
        "Experimental research on fan behavior",
        "Historical archival study of past championships"
      ],
      "correct_answer": "Interview-based discussion summarizing expert perspectives"
    },
    {
      "question": "What critical assessment can be made of the article's coverage?",
      "options": [
        "It effectively highlights narrative angles but may oversimplify complex policy impacts",
        "It provides exhaustive data on team strategies",
        "It avoids any discussion of controversies in college sports",
        "It focuses solely on financial aspects without athletic context"
      ],
      "correct_answer": "It effectively highlights narrative angles but may oversimplify complex policy impacts"
    }
  ],
  "background_read": [
    "College football operates within a complex ecosystem of NCAA governance, institutional rivalries, and media economics. The College Football Playoff represents the pinnacle of competition, often influenced by factors like recruiting, coaching philosophies, and evolving regulations such as the transfer portal and NIL policies. Indiana's program, traditionally less successful, exemplifies how strategic investments and cultural shifts can rapidly elevate a team, while Miami's history includes national championships and iconic players, making its current quest symbolic of cyclical dominance. This article situates the championship within broader debates about amateurism, athlete compensation, and the commercialization of college sports, drawing on journalistic expertise to analyze immediate game contexts and long-term structural changes."
  ],
  "Article_Structure": [
    "Main Points: The article details the unexpected championship between Indiana and Miami, emphasizing Indiana's swift rise from obscurity to an undefeated force and Miami's effort to revive its storied legacy at home. It also explores systemic changes in college football, including increased player transfers and NIL agreements, which are reshaping team dynamics and economic models. Purpose: To provide a comprehensive preview of the championship while examining larger trends affecting collegiate athletics, aiming to inform and provoke discussion on sports evolution. Evidence Evaluation: Sources include expert analysis from Ralph Russo, offering credible insights, but the article lacks statistical backing or diverse perspectives, limiting depth. Author Credibility: PBS NewsHour is a respected media outlet, and Russo's role at The Athletic adds authority, though potential biases toward narrative-driven reporting may exist. Methodology: Based on an interview or discussion format, presenting summarized viewpoints without detailed methodological transparency. Critical Assessment: Strengths lie in highlighting compelling narratives and expert commentary, but weaknesses include insufficient data analysis and potential oversimplification of complex policy impacts."
  ],
  "perspectives": [
    {
      "perspective": "Structural evolution",
      "description": "Focuses on how policy changes like NIL and transfers are fundamentally altering college sports."
    }
  ],
  "image_url": "/article_images/article_253ec4022ab6e92e_17792513ab08.webp"
}