{
  "title": "Unexpected Showdown: Indiana vs. Miami in College Football Championship",
  "summary": "On Monday, Indiana and Miami will compete in the College Football Playoff National Championship, a matchup that has surprised many fans and analysts. Indiana, once considered a weak team, has risen rapidly to become an undefeated powerhouse under a transformative two-year period, defying expectations. Miami, playing in its hometown, aims to recapture its historic glory and win a championship in front of supportive fans. Beyond the game, college football is undergoing significant changes, including increased player mobility as star athletes and coaches frequently transfer between teams, and the introduction of direct payments to players, reshaping the sport's landscape. The article features insights from Ralph Russo, a senior college sports writer at The Athletic, who discusses Indiana's meteoric rise and the broader implications for college athletics. This analysis highlights key storylines, team dynamics, and evolving trends in the sport.",
  "keywords": [
    {
      "term": "College Football Playoff",
      "explanation": "a system to determine the national champion through playoff games"
    },
    {
      "term": "meteoric rise",
      "explanation": "a very fast and impressive improvement or success"
    },
    {
      "term": "player mobility",
      "explanation": "the ability of athletes to move between different teams or schools"
    },
    {
      "term": "direct payments",
      "explanation": "money given directly to athletes, often for their name or image"
    }
  ],
  "questions": [
    {
      "question": "What is the main event described in the article?",
      "options": [
        "College Football Playoff National Championship",
        "A regular season game",
        "A basketball tournament",
        "A coaching seminar"
      ],
      "correct_answer": "College Football Playoff National Championship"
    },
    {
      "question": "How has Indiana's football team changed in recent years?",
      "options": [
        "It transformed from weak to undefeated in two years",
        "It has always been a top team",
        "It moved to a new city",
        "It changed its sport"
      ],
      "correct_answer": "It transformed from weak to undefeated in two years"
    },
    {
      "question": "Why is Miami's participation in the championship significant?",
      "options": [
        "They are playing at home and seeking to regain past success",
        "They have never won a game before",
        "They are a new team in college football",
        "They are not expected to win"
      ],
      "correct_answer": "They are playing at home and seeking to regain past success"
    },
    {
      "question": "What broader changes in college football are mentioned?",
      "options": [
        "Increased player transfers and direct payments to athletes",
        "New rules for scoring points",
        "A decrease in team sizes",
        "The end of championship games"
      ],
      "correct_answer": "Increased player transfers and direct payments to athletes"
    },
    {
      "question": "Who provides expert analysis in the article?",
      "options": [
        "Ralph Russo from The Athletic",
        "A football player from Indiana",
        "A Miami coach",
        "A TV broadcaster"
      ],
      "correct_answer": "Ralph Russo from The Athletic"
    },
    {
      "question": "What does 'meteoric rise' refer to in the context of Indiana?",
      "options": [
        "Their quick and surprising improvement to success",
        "Their slow decline in performance",
        "Their move to a new stadium",
        "Their change in team colors"
      ],
      "correct_answer": "Their quick and surprising improvement to success"
    },
    {
      "question": "How does the article describe the impact of player mobility?",
      "options": [
        "It reshapes the sport by allowing more movement between teams",
        "It makes games less exciting",
        "It reduces the number of teams",
        "It only affects coaches"
      ],
      "correct_answer": "It reshapes the sport by allowing more movement between teams"
    },
    {
      "question": "What is one reason the championship game is considered unexpected?",
      "options": [
        "Indiana's rapid rise from obscurity to contention",
        "Miami's consistent dominance all season",
        "The game being played in a neutral location",
        "Both teams having losing records"
      ],
      "correct_answer": "Indiana's rapid rise from obscurity to contention"
    }
  ],
  "background_read": [
    "College football in the United States features teams from universities competing in a season culminating in the College Football Playoff National Championship. Historically, programs like Miami have had periods of dominance, while others like Indiana have struggled. Recent years have seen shifts in the sport due to NCAA policy changes, such as the transfer portal enabling easier player movement and NIL (Name, Image, Likeness) deals allowing athletes to earn money. This article examines an upcoming championship between Indiana, an underdog success story, and Miami, a traditional power, while discussing these evolving dynamics with expert commentary from a sports journalist."
  ],
  "Article_Structure": [
    "Main Points: The article highlights the unexpected championship matchup between Indiana and Miami, focusing on Indiana's rapid transformation into an undefeated team and Miami's quest to reclaim past glory at home. It also addresses broader changes in college football, including increased player transfers and direct payments to athletes. Purpose: To inform readers about key storylines for the championship game and explore evolving trends in college sports. Evidence Evaluation: Relies on expert analysis from Ralph Russo, a credible sports writer, but lacks statistical data or direct quotes from players, making it somewhat limited. Author Credibility: The article is from PBS NewsHour, a reputable source, and features Russo from The Athletic, known for sports journalism. Methodology: Based on a discussion or interview format, summarizing insights without detailed research methods."
  ],
  "perspectives": [
    {
      "perspective": "Underdog narrative",
      "description": "Emphasizes Indiana's surprising success as a compelling story in sports."
    }
  ],
  "image_url": "/article_images/article_253ec4022ab6e92e_17792513ab08.webp"
}