{
  "articles": [
    {
      "id": "7081d5722881e0ca",
      "title": "Ofcom Probes X Over Grok AI's Role in Sexual Deepfake Creation",
      "summary": "Ofcom, the UK communications regulator, has initiated an investigation into Elon Musk's social media platform X due to concerns that its AI tool Grok is being exploited to generate sexualized deepfake images. The watchdog cited 'deeply concerning reports' of the chatbot creating and disseminating non-consensual intimate images, including those of children, which constitute illegal content under UK law. If X is found non-compliant, it faces potential fines up to 10% of global revenue or £18 million, and could be blocked in the UK via court order. The issue has sparked political attention, with Technology Secretary Liz Kendall addressing MPs, and former secretary Peter Kyle criticizing inadequate testing of Grok, citing a distressing case involving AI-generated imagery at Auschwitz. Ofcom will assess whether X failed to promptly remove such content and implement preventive measures. This follows international backlash, with Malaysia and Indonesia temporarily restricting access to Grok, highlighting global concerns over AI misuse and platform accountability.",
      "source": "BBC News",
      "time_ago": "Just now",
      "image_url": "/article_images/article_7081d5722881e0ca_63a932dcb48d.webp",
      "category": "News"
    },
    {
      "id": "85dcd7ff41e354d9",
      "title": "Corporate Pressure on Vets and Rising Pet Care Costs",
      "summary": "Veterinarians in the UK report increasing pressure from large corporate owners to generate revenue, raising concerns about the financial burden on pet owners. Vet prices surged by 63% from 2016 to 2023, prompting scrutiny from the Competition and Markets Authority (CMA) over whether the pet-care market offers fair value. An anonymous vet from IVC Evidensia, the UK's largest vet care provider, revealed a new monitoring system that tracks performance indicators like average sales per patient and the number of tests such as X-rays and ultrasounds. This system uses color-coded charts to rank clinics, with green indicating top performers and red signaling underperformance, potentially incentivizing vets to recommend costly procedures. Pet owners have shared stories of exorbitant bills, such as £5,600 for 18 hours of care or £13,000 for inconclusive tests, fueling public outrage. While IVC asserts that animal welfare remains the priority, vets fear that financial targets could compromise ethical care. The CMA's investigation highlights issues in market transparency and competition, as over half of UK households own pets, making this a significant societal concern.",
      "source": "BBC News",
      "time_ago": "6 hours ago",
      "image_url": "/article_images/article_85dcd7ff41e354d9_bb7985a5bee0.webp",
      "category": "News"
    },
    {
      "id": "64bb07c23bab489e",
      "title": "Innovative Gel Injection Restores Vision in Hypotony Patients",
      "summary": "A groundbreaking treatment for hypotony, a rare eye disorder characterized by dangerously low intraocular pressure, has shown promising results in a pilot study at Moorfields Eye Hospital in London. Hypotony occurs when the eye's natural fluid production is insufficient, often due to trauma, inflammation, surgery, or medications, leading to potential blindness. Traditional therapies, such as steroids and silicone oil, have limitations including toxicity and blurred vision. In response, medical experts introduced a novel approach using hydroxypropyl methylcellulose (HPCM), a low-cost, transparent, water-based gel injected into the eye. This treatment aims to safely restore pressure and clarity. The first patient, Nicki Guy, 47, experienced significant improvement, moving from partial sight—relying on memory and magnifying glasses—to nearly meeting driving vision standards. Out of eight patients in the study, seven responded positively, highlighting the therapy's potential. This development represents a major advance in ophthalmology, offering a safer alternative to previous methods and improving quality of life for those affected by hypotony.",
      "source": "BBC News",
      "time_ago": "12 hours ago",
      "image_url": "/article_images/article_64bb07c23bab489e_8c69e4023d2d.webp",
      "category": "News"
    },
    {
      "id": "50c956c77aef65ad",
      "title": "UK Settles Torture Complicity Case with Guantanamo Detainee",
      "summary": "The UK government has provided substantial compensation to Abu Zubaydah, a detainee at Guantanamo Bay who was tortured by the CIA and has been imprisoned without trial for nearly two decades. Zubaydah was subjected to enhanced interrogation techniques after 9/11, initially labeled a senior al-Qaeda member, though the US later retracted this claim. UK intelligence agencies MI5 and MI6 contributed to his mistreatment by supplying questions to the CIA during interrogations, despite awareness of the torture. Zubaydah filed a legal claim against the UK, alleging complicity in his torture, leading to a financial settlement. His international legal counsel, Prof Helen Duffy, emphasized that while the compensation is significant, it is inadequate, urging the UK and other governments to secure his release as violations of his rights persist. The Foreign Office declined to comment, citing intelligence matters, and the exact compensation amount remains confidential for legal reasons. Dominic Grieve, who chaired a parliamentary inquiry, described the settlement as unusual but acknowledged the wrongdoing. Zubaydah, a Palestinian born in Saudi Arabia, has been detained at Guantanamo since 2006 without charge, among 15 remaining prisoners despite documented abuse.",
      "source": "BBC News",
      "time_ago": "14 hours ago",
      "image_url": "/article_images/article_50c956c77aef65ad_09146d9dadbb.webp",
      "category": "News"
    },
    {
      "id": "a8af2d7c89b6b43b",
      "title": "Pope Leo XIV Continues Annual Baptism Tradition at Vatican",
      "summary": "Pope Leo XIV conducted a baptism ceremony for 20 infants in the Sistine Chapel, upholding an annual tradition that signifies the conclusion of the Christmas period at the Vatican. The babies, children of Vatican employees, were baptized beneath Michelangelo's frescoed ceiling in a ceremony that commemorates Jesus' baptism in the River Jordan, established by St. John Paul II in 1981. During the event, the Pope emphasized the necessity of faith, comparing it to basic needs like food and clothing, and personally administered the sacrament. He also addressed the crowd in St. Peter's Square, offering blessings to all infants being baptized, especially those in challenging circumstances. Each family received a candle symbolizing Christian light, and the ceremony proceeded smoothly with minimal disruption. This tradition reinforces the importance of religious rituals in the Catholic Church and connects to historical art, as depicted in a fresco by Pietro Perugino on the chapel's wall.",
      "source": "PBS NewsHour",
      "time_ago": "15 hours ago",
      "image_url": "/article_images/article_a8af2d7c89b6b43b_5a52c21343c6.webp",
      "category": "News"
    },
    {
      "id": "dc037d9493f95320",
      "title": "Venezuela's Prisoner Release: A Gesture for Peace",
      "summary": "Venezuela has begun a slow process of releasing prisoners, described by the government as a goodwill effort to seek peace. This initiative started after an announcement on Thursday, with families gathering outside prisons in Caracas and other communities for three consecutive days, hoping for reunions. Diógenes Angulo, a 19-year-old, was freed on Saturday after being detained for over a year; he was arrested at age 17 for posting a video of an opposition demonstration. The government has not specified the number of prisoners to be released, leaving rights groups and families uncertain. According to Foro Penal, a Venezuelan advocacy group, only 16 political prisoners had been released by Saturday night, with 804 still imprisoned. U.S. President Donald Trump claimed the releases occurred at Washington's request, warning prisoners to remember this. The releases include opposition members, activists, journalists, and soldiers, with some, like human rights attorney Rocío San Miguel, facing restrictions such as media bans upon release. This event highlights ongoing political tensions and the struggle for human rights in Venezuela.",
      "source": "PBS NewsHour",
      "time_ago": "15 hours ago",
      "image_url": "/article_images/article_dc037d9493f95320_b1f70f315438.webp",
      "category": "News"
    }
  ]
}