{
  "title": "Geopolitical Tensions: The Struggle for Greenland's Autonomy Amid US-UK Disputes",
  "summary": "In a significant international confrontation, UK Culture Secretary Lisa Nandy has articulated an unwavering position that Greenland's future must be exclusively determined by its indigenous population, rejecting external coercion. This stance emerges in response to US President Donald Trump's aggressive strategy to annex Greenland, deemed critical for US national security, which includes threatening tariffs of up to 25% on European allies like the UK, Denmark, and others to compel compliance. Nandy condemns these measures as \"deeply unhelpful and counterproductive,\" advocating instead for a substantive \"adult debate\" to de-escalate tensions. She underscores the non-negotiable nature of the UK's commitment to self-determination, a principle echoed by Sir Keir Starmer, who has labeled the US approach as \"completely wrong\" and intends to pursue direct diplomatic engagement. The US administration, while intensifying calls for acquisition and not dismissing force, shows internal divisions, with figures like House Speaker Mike Johnson emphasizing diplomatic channels over military intervention, acknowledging Greenland's strategic value while respecting its non-US status. The potential for high-level discussions at the World Economic Forum in Davos highlights the complex interplay of sovereignty, security, and economic pressure in this Arctic dispute, reflecting broader themes of post-colonial autonomy and great-power competition.",
  "keywords": [
    {
      "term": "annexation",
      "explanation": "The forcible acquisition of territory by one state from another, often without consent."
    },
    {
      "term": "self-determination",
      "explanation": "The principle that peoples have the right to freely choose their sovereignty and political status."
    },
    {
      "term": "geopolitical",
      "explanation": "Relating to the influence of geographic factors on politics and international relations."
    },
    {
      "term": "indigenous population",
      "explanation": "The original inhabitants of a region, whose rights and autonomy are central to sovereignty debates."
    },
    {
      "term": "national security",
      "explanation": "The protection of a state's interests and citizens from external threats, often used to justify territorial claims."
    },
    {
      "term": "economic coercion",
      "explanation": "The use of economic measures like tariffs to pressure other countries into political concessions."
    },
    {
      "term": "diplomatic engagement",
      "explanation": "Official interactions between governments to negotiate and resolve conflicts peacefully."
    },
    {
      "term": "post-colonial autonomy",
      "explanation": "The right of formerly colonized regions to govern themselves independently in the modern era."
    },
    {
      "term": "great-power competition",
      "explanation": "Rivalry between major nations for influence and control over strategic regions."
    },
    {
      "term": "de-escalation",
      "explanation": "Efforts to reduce tensions and prevent conflict through dialogue and compromise."
    }
  ],
  "questions": [
    {
      "question": "What principle does Lisa Nandy assert as non-negotiable regarding Greenland?",
      "options": [
        "US security interests",
        "Economic tariffs",
        "Self-determination for Greenland's people",
        "Military intervention"
      ],
      "correct_answer": "Self-determination for Greenland's people"
    },
    {
      "question": "How does Trump propose to enforce US demands over Greenland?",
      "options": [
        "Through diplomatic praise",
        "By imposing escalating tariffs on European allies",
        "By offering financial aid",
        "By ignoring the issue"
      ],
      "correct_answer": "By imposing escalating tariffs on European allies"
    },
    {
      "question": "What critique does Nandy level against Trump's approach?",
      "options": [
        "It is helpful and productive",
        "It is deeply unhelpful and counterproductive",
        "It is innovative and bold",
        "It is irrelevant to the dispute"
      ],
      "correct_answer": "It is deeply unhelpful and counterproductive"
    },
    {
      "question": "What is Sir Keir Starmer's planned action in response to the US move?",
      "options": [
        "Support it publicly",
        "Pursue direct engagement with the US administration",
        "Impose counter-tariffs",
        "Withdraw from international forums"
      ],
      "correct_answer": "Pursue direct engagement with the US administration"
    },
    {
      "question": "Why does the US consider Greenland strategically important, according to the article?",
      "options": [
        "For its cultural diversity",
        "For US national security",
        "For agricultural exports",
        "For tourism revenue"
      ],
      "correct_answer": "For US national security"
    },
    {
      "question": "What internal US perspective is presented by Mike Johnson?",
      "options": [
        "Advocacy for immediate military takeover",
        "Preference for diplomatic channels over force",
        "Support for ignoring Greenland",
        "Endorsement of tariffs as the only solution"
      ],
      "correct_answer": "Preference for diplomatic channels over force"
    },
    {
      "question": "Where is a potential venue for discussions mentioned by Nandy?",
      "options": [
        "The United Nations General Assembly",
        "The World Economic Forum in Davos",
        "A bilateral summit in Greenland",
        "An online conference"
      ],
      "correct_answer": "The World Economic Forum in Davos"
    },
    {
      "question": "What broader theme does this dispute reflect, as suggested in the summary?",
      "options": "[\"Technological innovation\", \"Great-power competition and post-colonial autonomy\", \"Climate change mitigation\", \"Cultural exchange programs\"]",
      "correct_answer": "Great-power competition and post-colonial autonomy"
    },
    {
      "question": "What method does the article primarily use to gather information?",
      "options": [
        "Scientific surveys",
        "Historical archives",
        "Interviews and public statements from officials",
        "Satellite imagery analysis"
      ],
      "correct_answer": "Interviews and public statements from officials"
    },
    {
      "question": "What limitation might exist in the article's coverage of this issue?",
      "options": [
        "Lack of perspectives from Greenland's indigenous population",
        "Overemphasis on economic data",
        "Exclusion of US viewpoints",
        "Focus solely on military aspects"
      ],
      "correct_answer": "Lack of perspectives from Greenland's indigenous population"
    }
  ],
  "background_read": [
    "Greenland, as an autonomous territory within the Kingdom of Denmark, represents a critical case in Arctic geopolitics, with rich natural resources and strategic location fueling great-power interests. The concept of self-determination, rooted in international law and post-colonial discourse, often clashes with realpolitik where states prioritize security and economic gains. Tariffs serve as instruments of economic statecraft in modern conflicts, while forums like Davos facilitate elite diplomacy. Analyzing this requires understanding historical contexts of colonialism, current Arctic competition, and the ethical dimensions of sovereignty versus intervention."
  ],
  "Article_Structure": [
    "This article provides an in-depth analysis of the Greenland dispute, with main points centering on the UK's principled stand for self-determination against US annexation efforts driven by security concerns. The purpose is to highlight escalating geopolitical tensions and advocate for diplomatic over coercive measures. Evidence evaluation relies on official statements, offering immediacy but limited depth, with potential biases toward Western narratives and insufficient inclusion of Greenlandic voices. Author credibility is bolstered by BBC's reputation, yet methodology is confined to journalistic reporting of public discourse, lacking investigative rigor. Critical assessment notes strengths in timely coverage and clear framing of stakes, but weaknesses include superficial treatment of underlying historical and indigenous issues, and an over-reliance on elite perspectives that may obscure grassroots realities."
  ],
  "perspectives": [
    {
      "perspective": "Sovereigntist View",
      "description": "Emphasizes the inviolable right of Greenlanders to self-governance, challenging imperialistic tendencies and advocating for international norms of autonomy."
    },
    {
      "perspective": "Realist Security View",
      "description": "Prioritizes state interests and strategic control in the Arctic, justifying intervention through security paradigms and economic leverage, often at the expense of local agency."
    }
  ],
  "image_url": "/article_images/article_e9adda87d5626719_af9ded0a8a9a.webp"
}