{
  "title": "Genomic Evidence of a Prolonged Isolation in Southern African Human Lineage",
  "summary": "A groundbreaking study conducted by a collaborative South African-Swedish research team has extracted and analyzed ancient genomes from southern African skeletons dating between 1,000 and over 10,000 years old. The findings indicate the existence of a distinct human population in this region that remained genetically isolated until approximately 1,200 years ago. This discovery addresses gaps in understanding human evolutionary dynamics within Africa, where reconstruction has been hampered by poor DNA preservation in predominantly hot, dry climates and extensive genetic admixture from historical events such as the Bantu expansion. Utilizing principal coordinate analysis, the researchers demonstrated that this population clusters separately from East and West African groups, exhibiting genetic variants outside previously documented human diversity. Despite its isolation, demographic estimates suggest a substantial population size, with divergence from other lineages occurring over 200,000 years ago, contemporaneous with the emergence of modern humans. The study posits that climatic and geographical factors may have facilitated this prolonged isolation, offering critical insights into the complex tapestry of human migration and adaptation in Africa.",
  "keywords": [
    {
      "term": "genetic admixture",
      "explanation": "the mixing of genetic material from previously separated populations, often due to migration or interbreeding"
    },
    {
      "term": "demographic history",
      "explanation": "the study of population changes over time, including size, structure, and migration patterns"
    },
    {
      "term": "evolutionary dynamics",
      "explanation": "processes that drive changes in species over generations, such as natural selection, genetic drift, and gene flow"
    },
    {
      "term": "principal coordinate analysis",
      "explanation": "a multivariate statistical technique used to reduce dimensionality and visualize genetic distances between samples"
    },
    {
      "term": "Bantu expansion",
      "explanation": "a major series of migrations by Bantu-speaking peoples across sub-Saharan Africa, influencing genetic and cultural landscapes"
    },
    {
      "term": "archaic admixture",
      "explanation": "genetic contributions from extinct hominin species to modern human genomes, though not directly addressed here"
    }
  ],
  "questions": [
    {
      "question": "What methodological approach did the researchers use to analyze genetic variation in ancient genomes?",
      "options": [
        "Principal coordinate analysis",
        "Linear regression",
        "Qualitative interviews",
        "Carbon dating"
      ],
      "correct_answer": "Principal coordinate analysis"
    },
    {
      "question": "How does the study contribute to understanding human evolutionary history in Africa?",
      "options": [
        "By revealing an isolated lineage",
        "By disproving African origins",
        "By focusing only on modern DNA",
        "By ignoring climate factors"
      ],
      "correct_answer": "By revealing an isolated lineage"
    },
    {
      "question": "What limitations are associated with ancient DNA studies in Africa as per the article?",
      "options": [
        "Poor preservation in hot climates",
        "Excessive sample availability",
        "Lack of statistical methods",
        "Over-reliance on fossils"
      ],
      "correct_answer": "Poor preservation in hot climates"
    },
    {
      "question": "What is the estimated time of divergence for the southern African population from other groups?",
      "options": [
        "Over 200,000 years ago",
        "10,000 years ago",
        "During the Bantu expansion",
        "In the last millennium"
      ],
      "correct_answer": "Over 200,000 years ago"
    },
    {
      "question": "How did the researchers assess the population size of the isolated group?",
      "options": [
        "Based on genetic variation frequency",
        "Through historical records",
        "Using fossil counts",
        "Via climate models"
      ],
      "correct_answer": "Based on genetic variation frequency"
    },
    {
      "question": "What role did the Bantu expansion play in African genetic history according to the article?",
      "options": [
        "Caused genetic mixing",
        "Led to isolation",
        "Had no impact",
        "Increased DNA preservation"
      ],
      "correct_answer": "Caused genetic mixing"
    },
    {
      "question": "What does the term 'ghost lineages' imply in the context of this study?",
      "options": [
        "Possible unrecorded genetic contributions",
        "Fictional ancestral groups",
        "Modern human errors",
        "DNA contamination sources"
      ],
      "correct_answer": "Possible unrecorded genetic contributions"
    },
    {
      "question": "How does the article evaluate the credibility of the research team?",
      "options": [
        "As a joint expert collaboration",
        "As amateur scientists",
        "Based on single-author work",
        "Through public opinion"
      ],
      "correct_answer": "As a joint expert collaboration"
    },
    {
      "question": "What broader implications does the study suggest for human migration patterns?",
      "options": [
        "Climate and geography influenced isolation",
        "All groups mixed frequently",
        "Isolation was rare in Africa",
        "Migration was uniform"
      ],
      "correct_answer": "Climate and geography influenced isolation"
    },
    {
      "question": "What critical assessment can be made of the study's evidence?",
      "options": [
        "Strong but limited by sample age",
        "Comprehensive and flawless",
        "Based solely on modern data",
        "Lacking genetic analysis"
      ],
      "correct_answer": "Strong but limited by sample age"
    }
  ],
  "background_read": [
    "This article examines a study on ancient human genomes from southern Africa, highlighting a lineage that remained isolated until about 1,200 years ago. It contextualizes this within broader human evolutionary history, noting challenges like DNA degradation in Africa's climate and the Bantu expansion's genetic impacts. The research uses advanced genomic techniques to uncover demographic insights, contributing to debates on human origins and diversity."
  ],
  "Article_Structure": [
    "The article details main points on a distinct, isolated southern African population, with purpose to elucidate human evolutionary complexity in Africa. Evidence evaluation shows robust genetic data from ancient samples, though constrained by preservation issues and potential ghost lineages. Author credibility is enhanced by an international research team with expertise in genetics. Methodology involves DNA extraction and statistical analyses, providing valuable but partial insights due to temporal and environmental limitations, with critical assessment noting strengths in novel findings but weaknesses in sample representativeness."
  ],
  "perspectives": [
    {
      "perspective": "Anthropological significance",
      "description": "Emphasizes how isolated populations inform our understanding of human adaptation and diversity in prehistoric Africa."
    }
  ],
  "image_url": "/article_images/article_f25fe144cdbf3cb7_5624fbf500cb.webp"
}