{
  "title": "Gene Editing Transforms Goldenberry Farming",
  "summary": "Researchers at Cold Spring Harbor Laboratory are using CRISPR gene-editing technology to improve goldenberries, a fruit in the nightshade family related to tomatoes. Goldenberries are nutritious and have a sweet-tart flavor, but they are difficult to cultivate on a large scale because the plants are sprawling and cumbersome for harvest. By editing specific genes, the team made the plants about 35% shorter, making them more manageable and allowing for denser planting. This approach could enable large-scale farming in the U.S. and globally. The researchers also focused on flavor by tasting hundreds of goldenberries in the field to ensure quality. They developed two promising lines that combine compact growth with good taste. This work is part of a broader effort to domesticate undomesticated crops quickly, addressing challenges like climate change and population growth by creating more resilient food options. The next steps involve regulatory approval to distribute seeds to growers.",
  "keywords": [
    {
      "term": "CRISPR",
      "explanation": "a gene-editing tool that allows precise changes to DNA in organisms"
    },
    {
      "term": "goldenberries",
      "explanation": "small fruits in the nightshade family, known for their nutrition and flavor, but hard to farm"
    },
    {
      "term": "domestication",
      "explanation": "the process of adapting wild plants for agricultural use through breeding or genetic changes"
    },
    {
      "term": "nightshade family",
      "explanation": "a group of plants that includes tomatoes, potatoes, and eggplants"
    },
    {
      "term": "regulatory approval",
      "explanation": "official permission from authorities to use new varieties in farming"
    },
    {
      "term": "resilient crops",
      "explanation": "plants that can withstand challenges like disease, pests, or drought"
    },
    {
      "term": "selective breeding",
      "explanation": "a traditional method of improving crops by choosing the best plants over many years"
    },
    {
      "term": "compact growth",
      "explanation": "a plant trait that makes it smaller and easier to manage in farming"
    }
  ],
  "questions": [
    {
      "question": "What technology are researchers using to edit goldenberry genes?",
      "options": [
        "CRISPR",
        "GMO",
        "Hybrid breeding",
        "Fertilizers"
      ],
      "correct_answer": "CRISPR"
    },
    {
      "question": "Why are goldenberries considered hard to farm on a large scale?",
      "options": [
        "The plants are sprawling and cumbersome",
        "They have poor flavor",
        "They require special soil",
        "They grow only in cold climates"
      ],
      "correct_answer": "The plants are sprawling and cumbersome"
    },
    {
      "question": "How much shorter did the CRISPR-edited goldenberry plants become?",
      "options": [
        "35%",
        "25%",
        "50%",
        "10%"
      ],
      "correct_answer": "35%"
    },
    {
      "question": "What family do goldenberries belong to?",
      "options": [
        "Nightshade",
        "Citrus",
        "Berry",
        "Root vegetable"
      ],
      "correct_answer": "Nightshade"
    },
    {
      "question": "What did researchers do to ensure the edited goldenberries still tasted good?",
      "options": [
        "They sampled hundreds of fruits in the field",
        "They used chemical tests",
        "They asked farmers for feedback",
        "They compared them to tomatoes"
      ],
      "correct_answer": "They sampled hundreds of fruits in the field"
    },
    {
      "question": "What is the main goal of domesticating undomesticated crops like goldenberries?",
      "options": [
        "To create more resilient food options",
        "To make fruits sweeter",
        "To reduce farming costs",
        "To increase plant size"
      ],
      "correct_answer": "To create more resilient food options"
    },
    {
      "question": "What is the next step after developing the new goldenberry lines?",
      "options": [
        "Regulatory approval",
        "Selling them in stores",
        "Planting them worldwide",
        "Editing more genes"
      ],
      "correct_answer": "Regulatory approval"
    },
    {
      "question": "How does this research address global challenges?",
      "options": [
        "By helping with climate change and population growth",
        "By making fruits cheaper",
        "By reducing water use only",
        "By creating new tools for scientists"
      ],
      "correct_answer": "By helping with climate change and population growth"
    }
  ],
  "background_read": [
    "Goldenberries are part of the nightshade family and are primarily grown in South America, gaining popularity for their nutritional value and unique flavor. Traditional crop improvement through selective breeding has taken thousands of years, but modern tools like CRISPR offer a faster alternative. The Lippman lab at Cold Spring Harbor Laboratory has experience with CRISPR, having previously modified tomatoes and groundcherries. This research aims to domesticate goldenberries by making them more compact and easier to harvest, which could expand their cultivation to regions like the U.S. As global populations increase and climate change affects agriculture, developing resilient crops through gene editing is crucial for food security. The study involves field testing and breeding to combine desirable traits, with future applications potentially including disease resistance and drought tolerance."
  ],
  "Article_Structure": [
    "Main Points: Researchers used CRISPR to edit goldenberry genes, making plants 35% shorter for easier farming and focusing on flavor through field sampling. Purpose: To domesticate undomesticated crops quickly, addressing food security challenges from climate change and population growth by enabling large-scale cultivation. Evidence Evaluation: The study includes direct field testing and breeding results, but relies on lab-based gene editing without long-term environmental data. Author Credibility: Scientists from Cold Spring Harbor Laboratory, with expertise in plant biology and prior CRISPR work on related crops. Methodology: Involved gene editing with CRISPR, field sampling of fruits, and selective breeding over several generations to develop new lines."
  ],
  "perspectives": [
    {
      "perspective": "Innovation in agriculture",
      "description": "Using advanced tools like CRISPR can speed up crop development and help meet future food demands."
    }
  ],
  "image_url": "/article_images/article_8d9874813f84cb89_3e58f2eb6a01.webp"
}