{
  "title": "Insights from Epstein's Emails on Trump",
  "summary": "This article examines newly released emails from Jeffrey Epstein, a convicted sex offender, that reference his relationship with Donald Trump. Written before Trump's presidency and leading up to the 2020 election, these emails provide insights into their interactions. The piece aims to inform the public about these connections, using the emails as evidence. It highlights how such documents can reveal details about influential figures and events. For middle school students, this underscores the importance of media literacy and understanding how news sources gather information. The article does not delve deeply into the content of the emails but focuses on their existence and timing, encouraging readers to think critically about the sources and implications of such revelations in politics.",
  "keywords": [
    {
      "term": "emails",
      "explanation": "digital messages that can serve as records of communication"
    },
    {
      "term": "relationship",
      "explanation": "the nature of association between individuals, which can be personal or professional"
    },
    {
      "term": "election",
      "explanation": "a formal process where citizens vote to select leaders or decide on issues"
    },
    {
      "term": "convicted",
      "explanation": "legally declared guilty of a crime after a trial"
    },
    {
      "term": "offender",
      "explanation": "an individual who has committed a legal or moral offense"
    },
    {
      "term": "president",
      "explanation": "the head of state and government in countries like the United States"
    },
    {
      "term": "obtained",
      "explanation": "acquired or gained access to, often through effort or investigation"
    },
    {
      "term": "reference",
      "explanation": "to mention or allude to something in communication"
    },
    {
      "term": "evidence",
      "explanation": "information used to support a claim or argument"
    },
    {
      "term": "implications",
      "explanation": "possible consequences or effects of an action or event"
    }
  ],
  "questions": [
    {
      "question": "Who is the author of the emails discussed in the article?",
      "options": [
        "Jeffrey Epstein",
        "Donald Trump",
        "PBS NewsHour",
        "A random person"
      ],
      "correct_answer": "Jeffrey Epstein"
    },
    {
      "question": "What is the main focus of the article?",
      "options": [
        "Emails about Epstein's relationship with Trump",
        "Trump's policies",
        "Epstein's childhood",
        "A different crime"
      ],
      "correct_answer": "Emails about Epstein's relationship with Trump"
    },
    {
      "question": "When were these emails written according to the article?",
      "options": [
        "Before Trump's presidency and before the 2020 election",
        "After Trump left office",
        "During Trump's presidency",
        "In the 1990s"
      ],
      "correct_answer": "Before Trump's presidency and before the 2020 election"
    },
    {
      "question": "What is Jeffrey Epstein's legal status mentioned in the article?",
      "options": [
        "Convicted sex offender",
        "Innocent person",
        "Political candidate",
        "Journalist"
      ],
      "correct_answer": "Convicted sex offender"
    },
    {
      "question": "What role does Donald Trump play in this context?",
      "options": [
        "Former president",
        "Current president",
        "Businessman only",
        "Actor"
      ],
      "correct_answer": "Former president"
    },
    {
      "question": "How does the article describe the source of the emails?",
      "options": [
        "Newly obtained",
        "Fictional",
        "From a book",
        "From a speech"
      ],
      "correct_answer": "Newly obtained"
    },
    {
      "question": "What is the purpose of the article as inferred?",
      "options": [
        "To inform about political connections",
        "To entertain with stories",
        "To sell products",
        "To teach science"
      ],
      "correct_answer": "To inform about political connections"
    },
    {
      "question": "What key event is tied to the timing of the emails?",
      "options": [
        "The 2020 election",
        "A sports event",
        "A holiday",
        "A concert"
      ],
      "correct_answer": "The 2020 election"
    },
    {
      "question": "Why might these emails be significant?",
      "options": [
        "They reveal past associations",
        "They are funny",
        "They are about cooking",
        "They are old news"
      ],
      "correct_answer": "They reveal past associations"
    },
    {
      "question": "What should readers consider about the evidence?",
      "options": [
        "Its reliability and source",
        "Its color",
        "Its length",
        "Its language"
      ],
      "correct_answer": "Its reliability and source"
    }
  ],
  "background_read": [
    "This article from PBS NewsHour discusses emails from Jeffrey Epstein, who was convicted for sex offenses. The emails mention his relationship with Donald Trump, written before Trump became president and before the 2020 election. It is part of broader news coverage on high-profile figures and their connections. For middle school students, this highlights how journalists use documents like emails to report stories, emphasizing the need to evaluate sources critically. Understanding such events helps in learning about media, politics, and the importance of transparency in public life."
  ],
  "Article_Structure": [
    "The article's main points center on newly released emails from Jeffrey Epstein that reference his relationship with Donald Trump, written prior to Trump's presidency and the 2020 election, aiming to inform the public about these connections. Its purpose is to provide factual reporting on these documents, contributing to ongoing discussions about political figures. The evidence evaluation relies on the emails as primary sources, but their credibility depends on the context of Epstein's criminal history, requiring careful assessment. Author credibility stems from PBS NewsHour, a reputable news organization known for thorough journalism, though specific reporters are not named. The methodology involves obtaining and analyzing these emails, typical of investigative reporting, to present findings without extensive interpretation, encouraging readers to draw their own conclusions."
  ],
  "perspectives": [
    {
      "perspective": "Journalistic",
      "description": "Focuses on reporting facts from new sources to inform the public."
    },
    {
      "perspective": "Critical analysis",
      "description": "Encourages evaluating the reliability and implications of the evidence."
    }
  ],
  "image_url": "/article_images/article_fcc3a043affc20fe_7c66769f6d04.jpg"
}