{
  "title": "Crisis in Professional Tennis: Analyzing Player Burnout and Structural Reforms",
  "summary": "The professional tennis community is grappling with a mounting crisis as elite athletes, including Grand Slam champions Iga Swiatek and Carlos Alcaraz, decry the season's excessive length and intensity, leading to widespread burnout. Players like Daria Kasatkina and Elina Svitolina have publicly detailed mental and emotional exhaustion, with Kasatkina abbreviating her season and Svitolina citing inadequate mental space. The calendar spans up to 47 weeks, offering a truncated off-season that fails to facilitate adequate recuperation amidst escalating physical demands, as noted by Dr. Robby Sikka of the PTPA, who emphasizes longer rallies and heightened athleticism. In response, the PTPA, co-founded by Novak Djokovic, has initiated legal proceedings against the ATP and WTA tours, alleging anti-competitive practices and welfare neglect. While tours assert commitment to player welfare, structural reforms remain contentious, highlighting a pivotal conflict between commercial interests and athlete sustainability in a sport facing unprecedented physiological and psychological strains.",
  "keywords": [
    {
      "term": "burnout",
      "explanation": "a state of chronic physical and emotional exhaustion often resulting from prolonged stress and overwork"
    },
    {
      "term": "structural reforms",
      "explanation": "systematic changes to organizational or scheduling frameworks to address underlying issues"
    },
    {
      "term": "anti-competitive practices",
      "explanation": "actions by organizations that unfairly restrict competition, potentially harming participants like players"
    },
    {
      "term": "physiological strains",
      "explanation": "physical stresses on the body, such as from intense athletic performance and recovery needs"
    },
    {
      "term": "commercial interests",
      "explanation": "financial and business motivations that may conflict with welfare concerns in sports management"
    }
  ],
  "questions": [
    {
      "question": "What specific criticisms do players level against the tennis season?",
      "options": [
        "Excessive length and intensity",
        "Inadequate prize money",
        "Poor court conditions",
        "Lack of diversity"
      ],
      "correct_answer": "Excessive length and intensity"
    },
    {
      "question": "How does Dr. Robby Sikka characterize modern tennis demands?",
      "options": [
        "Harder due to longer rallies and increased power",
        "Easier with technological aids",
        "Stable over decades",
        "Focused only on technique"
      ],
      "correct_answer": "Harder due to longer rallies and increased power"
    },
    {
      "question": "What legal step has the PTPA taken in response to player concerns?",
      "options": [
        "Filed lawsuits against tours",
        "Lobbied for rule changes",
        "Organized player strikes",
        "Published research papers"
      ],
      "correct_answer": "Filed lawsuits against tours"
    },
    {
      "question": "What is the duration of the men's tennis season as per the article?",
      "options": [
        "47 weeks",
        "40 weeks",
        "52 weeks",
        "35 weeks"
      ],
      "correct_answer": "47 weeks"
    },
    {
      "question": "Which players are cited as examples of mental health impacts?",
      "options": [
        "Daria Kasatkina and Elina Svitolina",
        "Novak Djokovic and Rafael Nadal",
        "Serena Williams and Naomi Osaka",
        "Roger Federer and Andy Murray"
      ],
      "correct_answer": "Daria Kasatkina and Elina Svitolina"
    },
    {
      "question": "What broader conflict does the article highlight in tennis?",
      "options": [
        "Commercial interests vs. athlete welfare",
        "National vs. international tournaments",
        "Amateur vs. professional play",
        "Grass vs. hard court preferences"
      ],
      "correct_answer": "Commercial interests vs. athlete welfare"
    },
    {
      "question": "What role does the PTPA claim to fulfill?",
      "options": [
        "Protecting player interests",
        "Organizing tournaments",
        "Training coaches",
        "Marketing the sport"
      ],
      "correct_answer": "Protecting player interests"
    },
    {
      "question": "How do tours respond to player welfare concerns?",
      "options": [
        "Assert it as a priority",
        "Deny any issues exist",
        "Propose immediate cuts",
        "Ignore public statements"
      ],
      "correct_answer": "Assert it as a priority"
    },
    {
      "question": "What evidence supports the claim of increased physical demands?",
      "options": [
        "Expert testimony and player observations",
        "Statistical injury rates",
        "Historical comparisons",
        "Fan surveys"
      ],
      "correct_answer": "Expert testimony and player observations"
    },
    {
      "question": "What is implied about the off-season's effectiveness?",
      "options": [
        "Insufficient for recovery",
        "Perfectly adequate",
        "Too long",
        "Not mentioned"
      ],
      "correct_answer": "Insufficient for recovery"
    }
  ],
  "background_read": [
    "Professional tennis operates under governing bodies like the ATP and WTA, with a dense global schedule including Grand Slams, Masters, and tour events. Athlete burnout has emerged as a critical issue, linked to mental health awareness and sports science advancements. The PTPA represents a newer player-led movement challenging traditional structures. Analyzing this requires understanding sports economics, athlete physiology, and organizational dynamics, as reforms could reshape the sport's future sustainability and ethical standards."
  ],
  "Article_Structure": [
    "This in-depth analysis examines the tennis burnout crisis through player narratives and structural critiques. Main points detail season overextension, mental health tolls, and legal confrontations. The purpose is to advocate for welfare-centric reforms amidst commercial pressures. Evidence evaluation notes credible player quotes and expert insights but lacks quantitative data, limiting empirical strength. Author credibility stems from BBC reporting, though bias toward player perspectives may exist. Methodology involves journalistic synthesis of interviews and statements, offering a compelling yet one-sided critique that underscores urgent need for balanced, evidence-based policy changes."
  ],
  "perspectives": [
    {
      "perspective": "Structural critique",
      "description": "Highlights systemic failures in scheduling and governance that exacerbate player burnout."
    }
  ],
  "image_url": "/article_images/article_e6b5477e23632b06_553e57fbeeed.webp"
}