{
  "title": "US Judge Intervenes in Visa Dispute Over Online Activism",
  "summary": "A US district judge has issued a temporary restraining order to block the detention of Imran Ahmed, a British social media campaigner and founder of the Center for Countering Digital Hate. Ahmed, a US permanent resident, faced potential detention and deportation after the Trump administration revoked his visa, accusing him and four others of coercing tech platforms to censor free speech. The judge's decision allows Ahmed to remain in the US while his legal case proceeds, preventing officials from detaining him without a hearing. Ahmed argued that deportation would separate him from his American wife and child, and he praised the ruling as a stand against bullying. The case highlights tensions between free speech and online content moderation, with European leaders criticizing the US move. Secretary of State Marco Rubio claimed the visa denials were due to efforts to pressure platforms into censoring opposing viewpoints. Ahmed's organization has previously been involved in legal disputes, including a lawsuit from Elon Musk's company over hate speech reports. The judge's swift action underscores the legal complexities surrounding immigration and digital rights.",
  "keywords": [
    {
      "term": "temporary restraining order",
      "explanation": "a court order that stops an action for a short time until a full hearing can be held"
    },
    {
      "term": "permanent resident",
      "explanation": "a person who is allowed to live in a country indefinitely but is not a citizen"
    },
    {
      "term": "deportation",
      "explanation": "the process of sending someone out of a country, often back to their home country"
    },
    {
      "term": "free speech",
      "explanation": "the right to express opinions without government restraint"
    },
    {
      "term": "content moderation",
      "explanation": "the practice of monitoring and controlling what is posted online to prevent harm"
    },
    {
      "term": "visa revocation",
      "explanation": "when a government cancels a visa, removing permission to enter or stay in a country"
    },
    {
      "term": "legal complaint",
      "explanation": "a formal document filed in court to start a lawsuit"
    },
    {
      "term": "digital rights",
      "explanation": "rights related to technology and the internet, such as privacy and free expression"
    }
  ],
  "questions": [
    {
      "question": "What legal action did the judge take in Imran Ahmed's case?",
      "options": [
        "Issued a temporary restraining order",
        "Ordered his immediate deportation",
        "Fined the US government",
        "Closed the case permanently"
      ],
      "correct_answer": "Issued a temporary restraining order"
    },
    {
      "question": "Why was Imran Ahmed's visa revoked by the US government?",
      "options": [
        "He was accused of coercing tech platforms to censor free speech",
        "He committed a crime in Britain",
        "He overstayed his visa",
        "He worked illegally in the US"
      ],
      "correct_answer": "He was accused of coercing tech platforms to censor free speech"
    },
    {
      "question": "What is Imran Ahmed's immigration status in the US?",
      "options": [
        "Permanent resident",
        "Tourist",
        "Citizen",
        "Student"
      ],
      "correct_answer": "Permanent resident"
    },
    {
      "question": "Who criticized the US move to deny visas to Imran and others?",
      "options": [
        "European leaders",
        "Social media companies",
        "British officials",
        "US judges"
      ],
      "correct_answer": "European leaders"
    },
    {
      "question": "What organization does Imran Ahmed lead?",
      "options": [
        "Center for Countering Digital Hate",
        "American Civil Liberties Union",
        "United Nations",
        "Tech Freedom Alliance"
      ],
      "correct_answer": "Center for Countering Digital Hate"
    },
    {
      "question": "What did Secretary of State Marco Rubio say about the visa denials?",
      "options": [
        "They were due to efforts to pressure platforms into censoring viewpoints",
        "They were based on criminal records",
        "They were a mistake that would be corrected",
        "They were required by international law"
      ],
      "correct_answer": "They were due to efforts to pressure platforms into censoring viewpoints"
    },
    {
      "question": "What previous legal issue involved Imran Ahmed's center and Elon Musk?",
      "options": [
        "A lawsuit over hate speech reports on X",
        "A copyright dispute",
        "A tax evasion case",
        "A privacy violation claim"
      ],
      "correct_answer": "A lawsuit over hate speech reports on X"
    },
    {
      "question": "What does the judge's decision prevent officials from doing?",
      "options": [
        "Detaining Ahmed without a hearing",
        "Revoking his visa permanently",
        "Arresting his family",
        "Closing his organization"
      ],
      "correct_answer": "Detaining Ahmed without a hearing"
    }
  ],
  "background_read": [
    "Imran Ahmed is a British activist and founder of the Center for Countering Digital Hate, an organization focused on combating online hate speech and protecting children from social media harms. He is a US permanent resident, meaning he has legal permission to live in the US but is not a citizen. The Trump administration targeted him and four others by revoking their visas, alleging they were trying to force tech companies to censor free speech. This case touches on broader issues of digital rights, immigration law, and the balance between free expression and online safety. European leaders have defended such organizations, highlighting global debates over content moderation. Legal proceedings like temporary restraining orders are common in immigration disputes to prevent immediate harm while cases are reviewed."
  ],
  "Article_Structure": [
    "Main Points: The article details a US judge's temporary restraining order blocking the detention of British activist Imran Ahmed, who faces deportation after visa revocation over accusations of coercing tech platforms to censor free speech. Purpose: To report on a legal conflict involving immigration, digital rights, and free speech, highlighting tensions between government actions and activist work. Evidence Evaluation: Relies on court documents, quotes from Ahmed and officials, and background on related lawsuits, providing credible but limited perspectives. Author Credibility: BBC is a reputable news source, but the article lacks deep analysis of legal nuances. Methodology: Uses direct reporting from court filings and interviews, with attempts to contact government sources for balance."
  ],
  "perspectives": [
    {
      "perspective": "Government view",
      "description": "Officials like Marco Rubio argue that visa denials are necessary to prevent foreign interference in free speech by pressuring platforms to censor opposing viewpoints."
    },
    {
      "perspective": "Activist view",
      "description": "Imran Ahmed and his lawyer contend that the government is targeting him for his advocacy work, violating his rights and threatening his family life."
    }
  ],
  "image_url": "/article_images/article_888a4a3a75117584_c96843bb1b51.webp"
}