{
  "title": "Analyzing the Consequences of Doctor Strikes on Healthcare Systems",
  "summary": "In a recent statement, Health Secretary Wes Streeing highlighted the severe implications of a five-day doctor strike, emphasizing the potential for significant patient harm. This industrial action arises from protracted disputes over remuneration and working conditions within the healthcare sector. Streeing's warnings underscore the risks of diminished medical services, including delayed treatments and overcrowded hospitals, which could exacerbate existing health inequalities. The strike reflects broader systemic issues in public health management, such as funding shortfalls and staff burnout. Efforts are underway to negotiate a resolution, but the immediate focus remains on mitigating adverse effects on vulnerable populations. This situation calls for a critical examination of labor relations in healthcare and the balance between workers' rights and patient safety.",
  "keywords": [
    {
      "term": "industrial action",
      "explanation": "collective measures by workers, such as strikes, to address grievances"
    },
    {
      "term": "remuneration",
      "explanation": "payment or compensation for work, including salaries and benefits"
    },
    {
      "term": "health inequalities",
      "explanation": "disparities in health outcomes among different social groups"
    },
    {
      "term": "systemic issues",
      "explanation": "deep-rooted problems within a system, like healthcare, affecting its function"
    },
    {
      "term": "public health management",
      "explanation": "the organization and oversight of health services for the population"
    },
    {
      "term": "staff burnout",
      "explanation": "physical and mental exhaustion from prolonged work stress"
    },
    {
      "term": "labor relations",
      "explanation": "interactions between employers and employees, including negotiations and disputes"
    },
    {
      "term": "vulnerable populations",
      "explanation": "groups at higher risk of harm, such as the elderly or chronically ill"
    },
    {
      "term": "mitigating",
      "explanation": "reducing the severity or impact of something negative"
    },
    {
      "term": "adverse effects",
      "explanation": "harmful consequences resulting from an action or event"
    },
    {
      "term": "negotiate",
      "explanation": "to discuss and reach an agreement through compromise"
    },
    {
      "term": "protracted disputes",
      "explanation": "long-lasting conflicts or disagreements that are difficult to resolve"
    }
  ],
  "questions": [
    {
      "question": "What is the primary concern expressed by Health Secretary Wes Streeing regarding the doctor strike?",
      "options": [
        "Patient harm",
        "Increased healthcare costs",
        "Doctor training programs",
        "Hospital construction delays"
      ],
      "correct_answer": "Patient harm"
    },
    {
      "question": "How long does the strike last according to the article?",
      "options": [
        "3 days",
        "5 days",
        "1 week",
        "2 weeks"
      ],
      "correct_answer": "5 days"
    },
    {
      "question": "What underlying issues are cited as causes for the strike?",
      "options": [
        "Remuneration and working conditions",
        "Lack of medical equipment",
        "Patient complaints",
        "Government regulations"
      ],
      "correct_answer": "Remuneration and working conditions"
    },
    {
      "question": "What broader systemic problem does the strike highlight?",
      "options": [
        "Funding shortfalls in healthcare",
        "Overpopulation",
        "Technological advancements",
        "Educational reforms"
      ],
      "correct_answer": "Funding shortfalls in healthcare"
    },
    {
      "question": "How might the strike affect health inequalities?",
      "options": [
        "Exacerbate disparities",
        "Reduce them",
        "Have no effect",
        "Improve access for all"
      ],
      "correct_answer": "Exacerbate disparities"
    },
    {
      "question": "What is staff burnout?",
      "options": [
        "Exhaustion from work stress",
        "A type of medical condition",
        "A form of strike",
        "A government policy"
      ],
      "correct_answer": "Exhaustion from work stress"
    },
    {
      "question": "What role does the health secretary play in this context?",
      "options": [
        "Overseeing health policy and crises",
        "Treating patients directly",
        "Leading strike actions",
        "Managing private hospitals"
      ],
      "correct_answer": "Overseeing health policy and crises"
    },
    {
      "question": "What is meant by 'industrial action'?",
      "options": [
        "Collective worker protests like strikes",
        "Individual doctor appointments",
        "Government health campaigns",
        "Patient advocacy groups"
      ],
      "correct_answer": "Collective worker protests like strikes"
    },
    {
      "question": "How does the article suggest the strike could be resolved?",
      "options": [
        "Through negotiations",
        "By ignoring the issues",
        "By increasing patient fees",
        "By reducing doctor numbers"
      ],
      "correct_answer": "Through negotiations"
    },
    {
      "question": "What is a key risk for vulnerable populations during the strike?",
      "options": [
        "Increased health risks",
        "Better access to care",
        "More medical resources",
        "Improved treatment options"
      ],
      "correct_answer": "Increased health risks"
    },
    {
      "question": "What does 'mitigating adverse effects' involve?",
      "options": [
        "Reducing harm from the strike",
        "Ignoring the strike",
        "Encouraging more strikes",
        "Closing hospitals"
      ],
      "correct_answer": "Reducing harm from the strike"
    },
    {
      "question": "Why is author credibility important in this article?",
      "options": [
        "To assess reliability of information",
        "To determine strike duration",
        "To identify patient names",
        "To plan hospital layouts"
      ],
      "correct_answer": "To assess reliability of information"
    }
  ],
  "background_read": [
    "Doctor strikes are a form of industrial action often driven by disputes over pay, working conditions, and systemic issues in healthcare. In the UK, the NHS frequently experiences such strikes due to budget constraints and staff dissatisfaction. The health secretary, as part of the government, addresses these crises by balancing patient safety with workers' rights. Understanding the historical context of healthcare strikes, their impact on public health, and the role of media in reporting these events is crucial. This background helps in critically analyzing the article's claims and the broader implications for healthcare policy and labor relations."
  ],
  "Article_Structure": [
    "The article's main points detail Health Secretary Wes Streeing's assertion that a five-day doctor strike poses risks of patient harm due to reduced medical services, rooted in disputes over remuneration and working conditions. Its purpose is to alert the public and stakeholders to immediate health risks and systemic issues in healthcare. Evidence evaluation relies on official statements, which, while authoritative, lack empirical data on actual harm, suggesting a potential bias towards government perspective. Author credibility is supported by BBC News' reputation, though specific journalist expertise is unstated. Methodology involves reporting on public announcements, possibly without independent verification, limiting depth. Critical assessment notes the article's strength in highlighting urgent concerns but weaknesses in providing balanced views from striking doctors or detailed impact analysis, which could affect comprehensiveness."
  ],
  "perspectives": [
    {
      "perspective": "Government perspective",
      "description": "Prioritizes patient safety and criticizes strikes for disrupting essential services."
    },
    {
      "perspective": "Doctors' perspective",
      "description": "Advocates for fair treatment and better conditions, viewing strikes as necessary for long-term healthcare improvement."
    },
    {
      "perspective": "Patient advocacy perspective",
      "description": "Focuses on the immediate risks to health and calls for swift resolutions to protect vulnerable individuals."
    }
  ],
  "image_url": "/article_images/article_13f36b28f16d8892_f91be3df2d9b.jpg"
}