{
  "title": "Geopolitical Implications of Trump's Venezuelan Intervention: A Critical Examination",
  "summary": "In a news conference at Mar-a-Lago, President Donald Trump characterized a U.S. military operation resulting in the ouster of Venezuelan leader Nicolás Maduro as a landmark demonstration of American military prowess and a cornerstone of his administration's foreign policy. Trump articulated a vision for U.S. stewardship in Venezuela to facilitate a transition toward peace and justice, juxtaposing this against his broader international challenges, such as the Israel-Hamas conflict and Russia's war in Ukraine. The article critically assesses the precarious path forward, noting the necessity for the White House to navigate a potential power vacuum, address Venezuela's entrenched crises of hyperinflation and resource shortages, and consider the strategic responses from adversaries like China and Russia, who may interpret this action as a precedent for their own ambitions in Taiwan and Ukraine. Trump's assurance that American taxpayers will not bear financial responsibility underscores his political messaging, while the absence of visible U.S. ground presence in Caracas raises questions about the operation's execution and long-term sustainability. This event exemplifies Trump's chutzpah-driven approach to foreign affairs, marked by assertive confidence but fraught with complex geopolitical ramifications.",
  "keywords": [
    {
      "term": "geopolitical",
      "explanation": "relating to the influence of geography on international politics and relations"
    },
    {
      "term": "stewardship",
      "explanation": "the responsible management of resources or affairs, often by a governing body"
    },
    {
      "term": "precedent",
      "explanation": "an earlier event or action that serves as an example for similar cases in the future"
    },
    {
      "term": "ramifications",
      "explanation": "complex consequences or effects of an action or decision"
    },
    {
      "term": "sustainability",
      "explanation": "the ability to maintain or support something over the long term"
    },
    {
      "term": "execution",
      "explanation": "the carrying out or implementation of a plan or operation"
    },
    {
      "term": "assertive",
      "explanation": "confident and forceful in stating opinions or actions"
    },
    {
      "term": "entrenched",
      "explanation": "firmly established and difficult to change"
    },
    {
      "term": "juxtaposing",
      "explanation": "placing things close together for contrasting effect"
    },
    {
      "term": "chutzpah",
      "explanation": "extreme self-confidence or audacity, often in a bold or rude way"
    }
  ],
  "questions": [
    {
      "question": "How does Trump frame the U.S. military operation in Venezuela?",
      "options": [
        "As a historic display of American might",
        "As a routine diplomatic effort",
        "As a failure of foreign policy",
        "As an economic assistance program"
      ],
      "correct_answer": "As a historic display of American might"
    },
    {
      "question": "What broader international conflicts are mentioned as context for Trump's actions?",
      "options": [
        "Israel-Hamas and Russia-Ukraine",
        "China-Taiwan and U.S.-Mexico",
        "All European wars",
        "Middle East oil disputes"
      ],
      "correct_answer": "Israel-Hamas and Russia-Ukraine"
    },
    {
      "question": "What critical challenge does the article identify post-Maduro ouster?",
      "options": [
        "Navigating a power vacuum and stability issues",
        "Increasing U.S. military presence",
        "Reducing oil production",
        "Ignoring adversarial reactions"
      ],
      "correct_answer": "Navigating a power vacuum and stability issues"
    },
    {
      "question": "How might adversaries like China and Russia interpret this event?",
      "options": [
        "As a precedent for their own territorial ambitions",
        "As a sign of U.S. weakness",
        "As an opportunity for cooperation",
        "As irrelevant to their policies"
      ],
      "correct_answer": "As a precedent for their own territorial ambitions"
    },
    {
      "question": "What does Trump assure regarding the financial aspect of the Venezuela plan?",
      "options": [
        "American taxpayers will not bear the cost",
        "Venezuela will repay all expenses",
        "Other nations will fund it entirely",
        "It will be covered by military budgets"
      ],
      "correct_answer": "American taxpayers will not bear the cost"
    },
    {
      "question": "What methodological issue is noted about the operation's reporting?",
      "options": [
        "Lack of visible U.S. ground presence in Caracas",
        "Over-reliance on Venezuelan sources",
        "Excessive detail on military tactics",
        "Ignoring Trump's statements"
      ],
      "correct_answer": "Lack of visible U.S. ground presence in Caracas"
    },
    {
      "question": "How is Trump's foreign policy approach characterized in the article?",
      "options": [
        "Assertive and confidence-driven",
        "Isolationist and passive",
        "Collaborative and multilateral",
        "Unfocused and erratic"
      ],
      "correct_answer": "Assertive and confidence-driven"
    },
    {
      "question": "What economic conditions in Venezuela complicate the transition?",
      "options": [
        "Hyperinflation and resource shortages",
        "Excessive wealth and stability",
        "Low military engagement",
        "Strong international support"
      ],
      "correct_answer": "Hyperinflation and resource shortages"
    },
    {
      "question": "What does the term 'chutzpah' imply about Trump's actions?",
      "options": [
        "Bold audacity in foreign policy",
        "Cautious diplomacy",
        "Economic prudence",
        "Military withdrawal"
      ],
      "correct_answer": "Bold audacity in foreign policy"
    },
    {
      "question": "What is a potential limitation of the article's evidence?",
      "options": [
        "Reliance on Trump's statements without independent verification",
        "Too many on-the-ground reports",
        "Exclusion of geopolitical analysis",
        "Overemphasis on historical context"
      ],
      "correct_answer": "Reliance on Trump's statements without independent verification"
    }
  ],
  "background_read": [
    "This article analyzes a pivotal moment in U.S.-Venezuela relations under the Trump administration, set against a backdrop of global geopolitical tensions. Venezuela, under Nicolás Maduro, has experienced profound economic collapse, including hyperinflation and humanitarian crises, despite its oil reserves. Trump's intervention reflects his 'America First' doctrine, emphasizing unilateral action and military display. The context includes ongoing conflicts in Gaza and Ukraine, where Trump faces diplomatic hurdles, and rising great-power competition with China and Russia, who may see U.S. actions as models for their own expansionist policies. Critical analysis requires understanding of foreign policy theories, economic sanctions, military strategy, and the ethical implications of regime change, as well as the role of media in shaping public perception of international events."
  ],
  "Article_Structure": [
    "Main Points: Trump's announcement of Maduro's ouster as a success, his pledge for U.S.-led transition in Venezuela, and the associated geopolitical risks. Purpose: To critically examine Trump's foreign policy move and its implications for global stability and U.S. strategy. Evidence Evaluation: Based on AP reporting and Trump's quotes, but limited by lack of independent verification in Caracas, raising questions about operational details and long-term outcomes. Author Credibility: Aamer Madhani provides credible journalism through the AP, yet the analysis leans on speculative elements regarding adversarial reactions. Methodology: Relies on public statements and contextual geopolitical analysis, typical of news reporting but lacking in-depth investigative research. Critical Assessment: Strengths include timely coverage and highlighting complex ramifications; limitations involve potential bias from reliance on Trump's narrative and insufficient ground truth data."
  ],
  "perspectives": [
    {
      "perspective": "Pro-intervention perspective",
      "description": "Argues that U.S. action is necessary to end authoritarian rule and promote democracy in Venezuela, aligning with American strategic interests."
    },
    {
      "perspective": "Skeptical perspective",
      "description": "Questions the legality and efficacy of military intervention, warning of unintended consequences like power vacuums and heightened global tensions."
    },
    {
      "perspective": "Geopolitical realist perspective",
      "description": "Views the event as a power play that may encourage similar actions by adversaries, reshaping international norms and balances of power."
    }
  ],
  "image_url": "/article_images/article_6acbd3941b93f718_2631f04679ef.webp"
}