{
  "title": "Understanding CKM Syndrome: A Widespread Health Challenge in the U.S.",
  "summary": "CKM syndrome, or cardiovascular-kidney-metabolic syndrome, is a recently defined condition that links heart disease, kidney disease, diabetes, and obesity, affecting nearly 90% of U.S. adults who have at least one related risk factor such as high blood pressure, abnormal cholesterol, high blood glucose, excess weight, or reduced kidney function. This interconnection significantly increases the risk of heart attack, stroke, and heart failure compared to individual conditions alone. A survey by the American Heart Association reveals that most adults are unfamiliar with CKM syndrome, yet they express a strong desire to learn more, highlighting a gap in public awareness. The syndrome involves the combined function of the heart, kidneys, and metabolic system, where dysfunction in one area strains the others, creating a harmful cycle. To address this, the American Heart Association is launching educational initiatives and clinical guidelines in 2026, offering tools to help people take early action through lifestyle changes and medical care. The Harris Poll conducted the survey in August 2025 with 4,000 participants, underscoring the need for coordinated healthcare approaches to manage multiple chronic conditions effectively.",
  "keywords": [
    {
      "term": "cardiovascular-kidney-metabolic syndrome",
      "explanation": "a condition where heart, kidney, and metabolic disorders interact, increasing health risks"
    },
    {
      "term": "risk factors",
      "explanation": "conditions like high blood pressure or obesity that raise the likelihood of developing CKM syndrome"
    },
    {
      "term": "interconnection",
      "explanation": "the way heart, kidney, and metabolic systems depend on each other, affecting overall health"
    },
    {
      "term": "public awareness",
      "explanation": "the level of knowledge people have about CKM syndrome, as measured by surveys"
    },
    {
      "term": "clinical guidelines",
      "explanation": "official recommendations from medical organizations for diagnosing and treating CKM syndrome"
    }
  ],
  "questions": [
    {
      "question": "What percentage of U.S. adults have at least one risk factor for CKM syndrome?",
      "options": [
        "Nearly 90%",
        "Nearly 70%",
        "Nearly 50%",
        "Nearly 30%"
      ],
      "correct_answer": "Nearly 90%"
    },
    {
      "question": "Which organization conducted the survey on CKM syndrome awareness?",
      "options": [
        "The Harris Poll",
        "The CDC",
        "The WHO",
        "The FDA"
      ],
      "correct_answer": "The Harris Poll"
    },
    {
      "question": "What is a key consequence of CKM syndrome compared to individual conditions?",
      "options": [
        "Higher risk of heart attack and stroke",
        "Lower risk of all health issues",
        "No difference in risk",
        "Only affects weight"
      ],
      "correct_answer": "Higher risk of heart attack and stroke"
    },
    {
      "question": "What year are the first clinical guidelines for CKM syndrome planned for release?",
      "options": [
        "2026",
        "2025",
        "2024",
        "2027"
      ],
      "correct_answer": "2026"
    },
    {
      "question": "What does the metabolic system primarily affect?",
      "options": [
        "Energy use and blood glucose levels",
        "Only heart function",
        "Only kidney function",
        "Muscle strength"
      ],
      "correct_answer": "Energy use and blood glucose levels"
    },
    {
      "question": "What is the goal of the American Heart Association's CKM Health Initiative?",
      "options": [
        "To educate and help people lower their risk early",
        "To sell medical products",
        "To replace all doctors",
        "To focus only on children"
      ],
      "correct_answer": "To educate and help people lower their risk early"
    },
    {
      "question": "How many U.S. adults participated in the survey?",
      "options": [
        "Approximately 4,000",
        "Approximately 1,000",
        "Approximately 10,000",
        "Approximately 500"
      ],
      "correct_answer": "Approximately 4,000"
    },
    {
      "question": "What can reverse CKM syndrome for many people?",
      "options": [
        "Lifestyle changes and medical treatment",
        "Only surgery",
        "Ignoring it",
        "Taking vitamins alone"
      ],
      "correct_answer": "Lifestyle changes and medical treatment"
    }
  ],
  "background_read": [
    "CKM syndrome represents a significant public health issue in the United States, as it integrates multiple chronic conditions—heart disease, kidney disease, diabetes, and obesity—into a single framework. This concept emerged from medical research showing that these systems are interconnected; for example, kidney problems can worsen heart health, and metabolic issues like diabetes can affect both. The American Heart Association, a leading organization in cardiovascular health, has spearheaded efforts to define and address CKM syndrome through surveys and educational campaigns. Understanding this syndrome requires knowledge of basic physiology, such as how the heart pumps blood, kidneys filter waste, and metabolism regulates energy. Middle school students can relate this to health classes covering nutrition and exercise, emphasizing prevention through balanced diets and regular physical activity. The upcoming clinical guidelines aim to standardize care, reflecting broader trends in medicine towards holistic and collaborative approaches to treat patients with complex health needs."
  ],
  "Article_Structure": [
    "Main Points: CKM syndrome links heart, kidney, and metabolic disorders, affecting nearly 90% of U.S. adults with risk factors like high blood pressure and obesity, significantly raising risks of heart attack and stroke. Purpose: To raise awareness about this common but little-known syndrome and promote early intervention through education and guidelines. Evidence Evaluation: Based on a survey by The Harris Poll with 4,000 participants, showing low public awareness but high interest, supported by medical expertise from the American Heart Association. Author Credibility: The article cites Eduardo Sanchez, M.D., FAHA, chief medical officer for prevention at the American Heart Association, a reputable source in healthcare. Methodology: Uses survey data from August 2025 and references planned clinical guidelines, providing a mix of quantitative and qualitative insights."
  ],
  "perspectives": [
    {
      "perspective": "Public health education",
      "description": "Focusing on increasing awareness and providing resources to help individuals manage and prevent CKM syndrome through lifestyle changes."
    }
  ],
  "image_url": "/article_images/article_70174bd4e6c19279_2d3132cc0ae7.webp"
}