{
  "title": "TikTok's Corporate Restructuring: Navigating Geopolitical Tensions and Regulatory Compliance in the U.S. Market",
  "summary": "TikTok has finalized a complex corporate agreement to establish a new U.S.-based joint venture, effectively mitigating the imminent threat of a legislative ban that had persisted for years amid escalating geopolitical tensions. The social media giant, in collaboration with prominent American investors such as Oracle, Silver Lake, and MGX, will operate this entity under stringent safeguards designed to enhance national security, including comprehensive data protections, algorithm security mechanisms, and robust content moderation protocols. Adam Presser, appointed CEO due to his prior role in operations and trust and safety, will helm the venture alongside a seven-member board with a majority-American composition, including TikTok's global CEO Shou Chew. This resolution concludes a period of uncertainty initiated by bipartisan congressional action and presidential legislation that mandated divestiture from Chinese parent ByteDance by January 2025, a deadline briefly enforced before an executive order intervened. The deal exemplifies strategic corporate adaptation to regulatory pressures, balancing operational continuity with compliance demands in a highly scrutinized digital ecosystem.",
  "keywords": [
    {
      "term": "geopolitical tensions",
      "explanation": "conflicts between countries influencing global policies and business"
    },
    {
      "term": "corporate restructuring",
      "explanation": "reorganizing a company's structure to meet new goals or challenges"
    },
    {
      "term": "divestiture",
      "explanation": "the process of selling off part of a business, often due to legal requirements"
    },
    {
      "term": "algorithm security mechanisms",
      "explanation": "technical measures to protect the integrity and fairness of content recommendation systems"
    },
    {
      "term": "compliance demands",
      "explanation": "requirements imposed by regulators that companies must follow to operate legally"
    },
    {
      "term": "digital ecosystem",
      "explanation": "the interconnected network of technology platforms, users, and regulations"
    },
    {
      "term": "stringent safeguards",
      "explanation": "strict rules and measures put in place to prevent risks or harm"
    },
    {
      "term": "operational continuity",
      "explanation": "maintaining business activities without interruption despite challenges"
    },
    {
      "term": "bipartisan congressional action",
      "explanation": "laws passed with support from both Democratic and Republican lawmakers"
    },
    {
      "term": "executive order intervention",
      "explanation": "presidential action to alter or delay implementation of a law"
    }
  ],
  "questions": [
    {
      "question": "What geopolitical factor primarily drove TikTok's need for a U.S. joint venture?",
      "options": [
        "Tensions between the U.S. and China over data security",
        "Economic competition with European apps",
        "Environmental regulations",
        "Social media trends"
      ],
      "correct_answer": "A"
    },
    {
      "question": "Which investors are involved in the TikTok U.S. joint venture?",
      "options": [
        "Oracle, Silver Lake, MGX",
        "Meta, Twitter, Snapchat",
        "IBM, Intel, Cisco",
        "Uber, Lyft, DoorDash"
      ],
      "correct_answer": "A"
    },
    {
      "question": "What role does Adam Presser play in the new venture?",
      "options": [
        "CEO, leveraging his trust and safety expertise",
        "Board member only",
        "Chief Technology Officer",
        "Legal advisor"
      ],
      "correct_answer": "A"
    },
    {
      "question": "What specific safeguards are mentioned for the new TikTok U.S.?",
      "options": [
        "Data protection, algorithm security, content moderation",
        "Faster servers, new features, lower costs",
        "Advertising reforms, user rewards, privacy badges",
        "Video filters, music licenses, chat functions"
      ],
      "correct_answer": "A"
    },
    {
      "question": "What legislative action threatened TikTok with a ban?",
      "options": [
        "A law requiring divestiture from ByteDance by January 2025",
        "A tax reform bill",
        "A copyright act",
        "A consumer protection law"
      ],
      "correct_answer": "A"
    },
    {
      "question": "How was the January 2025 ban deadline initially handled?",
      "options": [
        "Briefly enforced then halted by an executive order",
        "Ignored by TikTok",
        "Extended by Congress",
        "Challenged in court only"
      ],
      "correct_answer": "A"
    },
    {
      "question": "What is the composition of the new venture's board of directors?",
      "options": [
        "Seven members with a majority-American makeup",
        "Five members all from China",
        "Ten members with equal international representation",
        "Three members appointed by the U.S. government"
      ],
      "correct_answer": "A"
    },
    {
      "question": "Why is this deal considered a case of corporate restructuring?",
      "options": [
        "It reorganizes TikTok's U.S. operations to meet regulatory needs",
        "It changes the app's core functionality",
        "It merges with another social media company",
        "It rebrands entirely"
      ],
      "correct_answer": "A"
    },
    {
      "question": "What broader issue does this deal address in the digital ecosystem?",
      "options": [
        "Balancing global business with national security regulations",
        "Increasing user engagement rates",
        "Reducing server costs",
        "Expanding into new markets"
      ],
      "correct_answer": "A"
    },
    {
      "question": "What critical assessment can be made of the article's coverage?",
      "options": [
        "It relies on press releases without deep technical analysis",
        "It provides exhaustive independent research",
        "It focuses solely on user perspectives",
        "It ignores legal context entirely"
      ],
      "correct_answer": "A"
    }
  ],
  "background_read": [
    "TikTok, a ByteDance-owned platform, has become a focal point in U.S.-China relations due to concerns over data sovereignty and algorithmic influence. The U.S. government, citing national security risks under the Committee on Foreign Investment, pushed for measures to decouple TikTok from Chinese control, leading to the 2025 divestiture law. This deal represents a nuanced response, involving equity investments and governance changes to appease regulators while preserving market access. It highlights trends in tech policy, where multinational corporations must navigate complex regulatory landscapes, often through strategic partnerships and compliance frameworks, to maintain global operations amidst rising protectionism and security scrutiny."
  ],
  "Article_Structure": [
    "This in-depth analysis examines TikTok's deal to form a U.S. unit, detailing key arguments: the resolution of regulatory threats through investor partnerships and security enhancements. Its purpose is to contextualize this within broader geopolitical and business strategies, explaining compliance with U.S. laws. Evidence evaluation notes reliance on company statements and legal documents, lacking critical scrutiny of technical safeguards or investor motives. Author credibility is based on Associated Press reporting, offering factual accuracy but limited investigative depth. Methodology involves synthesizing public information without original data collection. Critical assessment identifies strengths in clear narrative and regulatory insight, but limitations include superficial analysis of security measures and potential corporate bias in sourced materials."
  ],
  "perspectives": [
    {
      "perspective": "Geopolitical Strategy",
      "description": "This perspective views the deal as a tactical move by TikTok to navigate U.S.-China tensions, prioritizing market survival over complete autonomy."
    }
  ],
  "image_url": "/article_images/article_f8728efb2a4928b1_691914984c29.webp"
}