{
  "title": "How Fat Cells Work in Our Bodies",
  "summary": "Fat cells in our body store energy and use a protein called HSL to release it when needed. Scientists thought without HSL, fat would build up and cause obesity, but they found that people and mice without HSL actually lose fat and have a condition called lipodystrophy. This happens because HSL is not just on fat droplets but also inside the nucleus of fat cells, where it helps keep them healthy. Both obesity and lipodystrophy can lead to health problems like heart disease. This new discovery helps us understand how to better treat these conditions and improve health for many people around the world.",
  "keywords": [
    {
      "term": "fat cells",
      "explanation": "cells in the body that store energy as fat"
    },
    {
      "term": "HSL",
      "explanation": "a protein that helps release stored fat for energy"
    },
    {
      "term": "obesity",
      "explanation": "having too much body fat that can cause health issues"
    },
    {
      "term": "lipodystrophy",
      "explanation": "a condition where the body loses fat tissue"
    },
    {
      "term": "nucleus",
      "explanation": "the control center of a cell that holds important information"
    },
    {
      "term": "adrenaline",
      "explanation": "a hormone that helps the body respond to stress and low energy"
    }
  ],
  "questions": [
    {
      "question": "What do fat cells store in the body?",
      "options": [
        "Energy",
        "Water",
        "Oxygen",
        "Bones"
      ],
      "correct_answer": "A"
    },
    {
      "question": "What protein helps release fat from fat cells?",
      "options": [
        "HSL",
        "Insulin",
        "Hemoglobin",
        "Collagen"
      ],
      "correct_answer": "A"
    },
    {
      "question": "What happens when HSL is missing in mice and people?",
      "options": [
        "They lose fat",
        "They gain more fat",
        "They get taller",
        "They sleep more"
      ],
      "correct_answer": "A"
    },
    {
      "question": "Where did scientists find HSL inside fat cells besides on fat droplets?",
      "options": [
        "In the nucleus",
        "In the stomach",
        "In the blood",
        "On the skin"
      ],
      "correct_answer": "A"
    },
    {
      "question": "What hormone activates HSL during low energy?",
      "options": [
        "Adrenaline",
        "Estrogen",
        "Testosterone",
        "Melatonin"
      ],
      "correct_answer": "A"
    },
    {
      "question": "What can both obesity and lipodystrophy cause?",
      "options": [
        "Health problems",
        "Better eyesight",
        "Stronger bones",
        "Faster running"
      ],
      "correct_answer": "A"
    }
  ],
  "background_read": [
    "Fat cells, or adipocytes, are special cells in our bodies that store extra energy as fat. This stored fat can be used when we need energy, like between meals. Scientists have studied a protein called HSL that helps release this fat. For a long time, they thought HSL only worked on the surface of fat droplets, but new research shows it also works inside the nucleus of the cell to keep fat cells healthy. Understanding this helps explain why some people have too much fat (obesity) or too little fat (lipodystrophy), and how we can prevent health issues."
  ],
  "Article_Structure": [
    "WHO: Scientists like Dominique Langin and Jérémy Dufau studied fat cells.",
    "WHAT: They discovered that HSL protein is in the nucleus and helps keep fat cells healthy, not just release fat.",
    "WHERE: The research was done at the University of Toulouse in France.",
    "WHY: To understand why lack of HSL causes fat loss and to find new ways to treat obesity and other diseases."
  ],
  "perspectives": [
    {
      "perspective": "Scientific Discovery",
      "description": "Scientists found a new role for HSL in fat cells that changes old ideas."
    },
    {
      "perspective": "Health Impact",
      "description": "This discovery could lead to better treatments for obesity and related health problems."
    }
  ],
  "image_url": "/article_images/article_937cef69fedb50c3_a05df44805e0.webp"
}