{
  "title": "Reevaluating HSL: Nuclear Functions in Adipocyte Homeostasis and Metabolic Disease",
  "summary": "A groundbreaking study has fundamentally altered the understanding of hormone-sensitive lipase (HSL) in adipocyte biology, revealing its critical role within the nucleus alongside its established function in lipid droplet catabolism. Historically, HSL was characterized as a lipolytic enzyme activated by catecholamines like adrenaline to hydrolyze stored triglycerides during energy demands. However, investigations into HSL gene mutations demonstrated that deficiency results in lipodystrophy—marked by adipose tissue atrophy—contradicting hypotheses of obesity promotion. This enigma was resolved through advanced cellular imaging, which localized HSL to the adipocyte nucleus, where it engages in protein complexes essential for transcriptional regulation and cellular integrity. Notably, nuclear HSL levels are modulated by hormonal signals; adrenaline induces its translocation out of the nucleus during fasting, whereas obesity correlates with elevated nuclear retention, indicating potential pathogenic mechanisms. This dual functionality elucidates the metabolic perturbations in both lipodystrophy and obesity, disorders characterized by dysfunctional adipocytes that contribute to insulin resistance and cardiovascular comorbidities. The research, led by Dominique Langin at the University of Toulouse, underscores the complexity of fat cell physiology and has profound implications for therapeutic strategies aimed at mitigating the global obesity crisis, which affects billions and exacerbates public health burdens. Future studies should explore molecular pathways and clinical applications to validate these insights across diverse cohorts.",
  "keywords": [
    {
      "term": "hormone-sensitive lipase (HSL)",
      "explanation": "an enzyme involved in lipolysis and nuclear processes, crucial for fat metabolism and cell regulation"
    },
    {
      "term": "adipocytes",
      "explanation": "specialized cells storing lipids and secreting hormones, central to energy homeostasis and metabolic health"
    },
    {
      "term": "lipodystrophy",
      "explanation": "a condition involving loss or redistribution of adipose tissue, often leading to severe metabolic dysfunctions"
    },
    {
      "term": "lipid droplets",
      "explanation": "organelles storing neutral lipids, dynamically regulated for energy mobilization and cellular signaling"
    },
    {
      "term": "nuclear translocation",
      "explanation": "the movement of proteins into the nucleus, influencing gene expression and cellular responses"
    },
    {
      "term": "catecholamines",
      "explanation": "hormones like adrenaline that activate lipolytic pathways and modulate cellular processes"
    },
    {
      "term": "transcriptional regulation",
      "explanation": "control of gene expression through transcription factors, affecting cell function and development"
    },
    {
      "term": "metabolic syndrome",
      "explanation": "a cluster of conditions including obesity and insulin resistance, increasing cardiovascular disease risk"
    },
    {
      "term": "cellular imaging",
      "explanation": "techniques such as microscopy used to visualize subcellular structures and protein localization"
    },
    {
      "term": "gene mutations",
      "explanation": "alterations in DNA sequence that can disrupt protein function and lead to hereditary disorders"
    }
  ],
  "questions": [
    {
      "question": "What is the historical role of HSL in adipocytes?",
      "options": [
        "Lipolysis of triglycerides",
        "Synthesis of new lipids",
        "DNA replication",
        "Protein degradation"
      ],
      "correct_answer": "A"
    },
    {
      "question": "How does HSL deficiency affect fat tissue in genetic models?",
      "options": [
        "Causes lipodystrophy",
        "Increases obesity",
        "Enhances fat storage",
        "Has no effect"
      ],
      "correct_answer": "A"
    },
    {
      "question": "Where was HSL newly identified in adipocytes?",
      "options": [
        "In the nucleus",
        "In the endoplasmic reticulum",
        "In the lysosomes",
        "In the Golgi apparatus"
      ],
      "correct_answer": "A"
    },
    {
      "question": "What hormonal signal promotes HSL translocation from the nucleus?",
      "options": [
        "Adrenaline",
        "Insulin",
        "Leptin",
        "Ghrelin"
      ],
      "correct_answer": "A"
    },
    {
      "question": "What methodological approach revealed HSL's nuclear location?",
      "options": [
        "Cellular imaging",
        "Genetic sequencing",
        "Blood tests",
        "Behavioral studies"
      ],
      "correct_answer": "A"
    },
    {
      "question": "What is a potential consequence of elevated nuclear HSL in obesity?",
      "options": [
        "Dysregulated adipose tissue",
        "Improved metabolism",
        "Reduced inflammation",
        "Enhanced immunity"
      ],
      "correct_answer": "A"
    },
    {
      "question": "Who is the lead researcher mentioned in the study?",
      "options": [
        "Dominique Langin",
        "Jérémy Dufau",
        "Both A and B",
        "Neither A nor B"
      ],
      "correct_answer": "C"
    },
    {
      "question": "What broader health issue does this research address?",
      "options": [
        "Global obesity epidemic",
        "Infectious diseases",
        "Neurological disorders",
        "Renal failures"
      ],
      "correct_answer": "A"
    },
    {
      "question": "How does this discovery impact existing models of fat metabolism?",
      "options": [
        "Challenges and expands them",
        "Confirms all previous theories",
        "Ignores genetic factors",
        "Focuses only on diet"
      ],
      "correct_answer": "A"
    },
    {
      "question": "What critical assessment point might apply to this study?",
      "options": [
        "Need for human clinical trials",
        "Lack of any evidence",
        "Overemphasis on mouse models",
        "Irrelevance to medicine"
      ],
      "correct_answer": "A"
    }
  ],
  "background_read": [
    "Adipocyte biology has evolved significantly, with HSL being a focal point since its identification in the 1960s as a key lipase in energy mobilization. Mutations in the LIPE gene encoding HSL were initially thought to cause obesity due to impaired lipolysis, but phenotyping revealed lipodystrophy, prompting reevaluation of HSL's functions. Recent advances in molecular biology, such as immunofluorescence and co-immunoprecipitation, enabled the discovery of HSL's nuclear localization, where it likely influences gene expression networks maintaining adipose tissue homeostasis. This context is critical given the escalating prevalence of obesity worldwide, which is linked to insulin resistance, type 2 diabetes, and cardiovascular diseases. Understanding nuclear roles of metabolic enzymes like HSL opens new avenues for targeting adipocyte dysfunction, emphasizing the interplay between cellular organelles in metabolic health and the need for integrative approaches in biomedical research."
  ],
  "Article_Structure": [
    "This article's main points detail HSL's dual localization and functions, challenging decades of lipolysis-centric models by incorporating nuclear roles in adipocyte health. The purpose extends beyond reporting a discovery to addressing global obesity and metabolic diseases, providing context for therapeutic innovation. Evidence evaluation notes robust data from gene mutation studies and cellular imaging, though reliance on animal models and specific cohorts may limit generalizability. Author credibility is high due to academic affiliations and publication in peer-reviewed venues, but potential biases from funding sources are unmentioned. Methodology employs precise techniques like localization assays, offering strong internal validity, but critical assessment highlights the need for human trials and mechanistic studies to confirm causal relationships and applicability."
  ],
  "perspectives": [
    {
      "perspective": "Scientific Paradigm Shift",
      "description": "Represents a major revision in metabolic biology, emphasizing multifunctional proteins."
    },
    {
      "perspective": "Clinical Relevance",
      "description": "Offers potential targets for treating metabolic disorders through nuclear signaling pathways."
    }
  ],
  "image_url": "/article_images/article_937cef69fedb50c3_a05df44805e0.webp"
}