{
  "title": "Analyzing U.S. Diplomatic Strategy in Gaza: An Interview with Ambassador Huckabee",
  "summary": "This PBS NewsHour article features an interview with U.S. Ambassador to Israel Mike Huckabee, exploring the post-ceasefire landscape in Gaza under the Trump administration's vision. Huckabee asserts the ceasefire's efficacy, citing four months without missile attacks in Israel and the return of all hostages as indicators of success. As phase two commences, the administration emphasizes a methodical approach to rebuilding Gaza and reshaping governance, including the establishment of a Board of Peace and a technocratic government. However, critical unresolved issues persist, such as the disarmament of Hamas and constrained humanitarian access at the Rafah Crossing, where medical evacuations remain limited. The interview highlights broader geopolitical challenges, including security dynamics, political control, and the slow pace of progress in a region marked by historical tensions. Huckabee's commentary provides insight into U.S. policy objectives, but it also raises questions about the feasibility of long-term stability and the administration's ability to address deep-rooted conflicts in the Middle East.",
  "keywords": [
    {
      "term": "ceasefire efficacy",
      "explanation": "the effectiveness of a ceasefire in achieving its goals, such as reducing violence and facilitating negotiations"
    },
    {
      "term": "technocratic governance",
      "explanation": "a system where decision-making is led by technical experts, often to improve efficiency in post-conflict settings"
    },
    {
      "term": "disarmament process",
      "explanation": "the systematic removal of weapons from armed groups, critical for sustainable peace and security"
    },
    {
      "term": "humanitarian constraints",
      "explanation": "limitations on aid delivery and medical access in conflict zones, affecting vulnerable populations"
    },
    {
      "term": "geopolitical dynamics",
      "explanation": "the complex interactions between countries and groups that influence political and security outcomes in regions like the Middle East"
    }
  ],
  "questions": [
    {
      "question": "What does Huckabee identify as evidence of the ceasefire's success?",
      "options": [
        "Cessation of missile attacks and hostage returns",
        "Increased trade between Israel and Gaza",
        "Formation of a new political alliance",
        "Reduction in humanitarian aid needs"
      ],
      "correct_answer": "Cessation of missile attacks and hostage returns"
    },
    {
      "question": "How does Huckabee describe the approach to phase two in Gaza?",
      "options": [
        "Methodical and under way",
        "Rapid and unstructured",
        "Dependent on international sanctions",
        "Focused solely on military strategies"
      ],
      "correct_answer": "Methodical and under way"
    },
    {
      "question": "What is the role of the Board of Peace according to the article?",
      "options": [
        "To promote peace efforts in Gaza",
        "To oversee disarmament of Hamas",
        "To manage humanitarian aid distribution",
        "To conduct elections in the region"
      ],
      "correct_answer": "To promote peace efforts in Gaza"
    },
    {
      "question": "What issue is highlighted regarding the Rafah Crossing?",
      "options": [
        "Limited medical evacuations",
        "Excessive security measures",
        "Lack of funding for operations",
        "Political protests blocking access"
      ],
      "correct_answer": "Limited medical evacuations"
    },
    {
      "question": "What does Huckabee suggest about the disarmament of Hamas?",
      "options": [
        "It is progressing but not yet complete",
        "It has been achieved successfully",
        "It is irrelevant to peace efforts",
        "It is being handled by local militias"
      ],
      "correct_answer": "It is progressing but not yet complete"
    },
    {
      "question": "What type of government is being formed in Gaza as part of the rebuilding process?",
      "options": [
        "A technocratic government",
        "A theocratic government",
        "A federal system",
        "A direct democracy"
      ],
      "correct_answer": "A technocratic government"
    },
    {
      "question": "What broader challenges does the article mention for Gaza's future?",
      "options": [
        "Security and political control issues",
        "Environmental degradation and climate change",
        "Technological infrastructure deficits",
        "Cultural assimilation pressures"
      ],
      "correct_answer": "Security and political control issues"
    },
    {
      "question": "How does the article characterize Huckabee's perspective on U.S. policy?",
      "options": [
        "As optimistic about gradual progress",
        "As critical of current strategies",
        "As neutral and unbiased",
        "As focused on economic reforms only"
      ],
      "correct_answer": "As optimistic about gradual progress"
    },
    {
      "question": "What methodological limitation is noted in the article's analysis?",
      "options": [
        "Reliance on a single interview without independent verification",
        "Use of outdated data sources",
        "Exclusion of Palestinian viewpoints",
        "Overemphasis on military aspects"
      ],
      "correct_answer": "Reliance on a single interview without independent verification"
    },
    {
      "question": "What critical assessment point is raised about the ceasefire's long-term impact?",
      "options": [
        "Questions about feasibility of sustained stability",
        "Certainty of immediate disarmament",
        "Guarantee of economic prosperity",
        "Assurance of political unity in Gaza"
      ],
      "correct_answer": "Questions about feasibility of sustained stability"
    }
  ],
  "background_read": [
    "The Gaza Strip has been a focal point of Israeli-Palestinian conflict, with recurring violence and humanitarian crises. Ceasefires are often brokered by international actors, including the U.S., to de-escalate tensions. The Trump administration's Middle East policy has included efforts to reshape governance in Palestinian territories, emphasizing security and economic initiatives. Technocratic governments are sometimes proposed in post-conflict zones to bypass political divisions. Understanding these contexts requires knowledge of historical conflicts, diplomatic strategies, and the role of border controls like the Rafah Crossing in humanitarian logistics. This background aids in critically evaluating Huckabee's statements and the article's implications for regional stability."
  ],
  "Article_Structure": [
    "This 100-word in-depth analysis covers main points: the ceasefire's short-term success in halting attacks and returning hostages, with phase two focusing on governance reforms and disarmament. The purpose is to elucidate U.S. diplomatic strategies and ongoing challenges in Gaza. Evidence evaluation notes Huckabee's authoritative but potentially biased perspective as a U.S. official, with limited corroboration. Author credibility is high due to his position, but methodology relies solely on an interview, lacking diverse sources. Critical assessment highlights strengths in highlighting policy directions but limitations in addressing deeper geopolitical complexities and Palestinian perspectives, raising questions about long-term viability."
  ],
  "perspectives": [
    {
      "perspective": "U.S. policy advocacy",
      "description": "Huckabee articulates a narrative of incremental progress aligned with Trump administration goals, potentially overlooking alternative viewpoints or structural barriers to peace."
    }
  ],
  "image_url": "/article_images/article_2f193fd6d97d8e65_c3579b15c638.webp"
}