{
  "title": "Ambassador Huckabee on Gaza's Future After Ceasefire",
  "summary": "In an interview with PBS NewsHour, U.S. Ambassador to Israel Mike Huckabee discusses the next steps for Gaza following a ceasefire that has been in place for four months. He highlights the success of the ceasefire, noting that it has brought relief to Israelis by ending missile attacks and allowing the return of all hostages. As phase two begins, the focus shifts to rebuilding Gaza and reshaping its governance. Key developments include the establishment of a Board of Peace and the formation of a technocratic government. However, critical challenges remain, such as the disarmament of Hamas and slow progress at the Rafah Crossing, where limited medical evacuations are occurring. Huckabee emphasizes that the process is methodical and under way, with the Trump administration advancing its vision for stability in the region. The article underscores unresolved issues like security, humanitarian access, and political control, which will shape Gaza's future.",
  "keywords": [
    {
      "term": "ceasefire",
      "explanation": "a temporary halt in fighting, allowing for peace negotiations and humanitarian efforts"
    },
    {
      "term": "technocratic government",
      "explanation": "a government led by experts rather than politicians, focused on efficient management"
    },
    {
      "term": "disarmament",
      "explanation": "the process of removing weapons from a group or area to reduce violence"
    },
    {
      "term": "humanitarian access",
      "explanation": "the ability to provide aid and medical care to people in need during conflicts"
    },
    {
      "term": "Rafah Crossing",
      "explanation": "a border crossing between Gaza and Egypt, crucial for movement and aid delivery"
    }
  ],
  "questions": [
    {
      "question": "What is the main topic of the interview with Ambassador Huckabee?",
      "options": [
        "The success of the ceasefire in Gaza",
        "New trade agreements in the Middle East",
        "Elections in Israel",
        "Climate change policies"
      ],
      "correct_answer": "The success of the ceasefire in Gaza"
    },
    {
      "question": "How long has the ceasefire been in place according to Huckabee?",
      "options": [
        "Four months",
        "One year",
        "Two weeks",
        "Six days"
      ],
      "correct_answer": "Four months"
    },
    {
      "question": "What has been a key achievement of the ceasefire?",
      "options": [
        "Return of all hostages",
        "Formation of a new political party",
        "Increase in missile attacks",
        "Closure of border crossings"
      ],
      "correct_answer": "Return of all hostages"
    },
    {
      "question": "What is the Board of Peace?",
      "options": [
        "A group established to promote peace efforts",
        "A military organization in Gaza",
        "A type of ceasefire agreement",
        "A news agency reporting on the conflict"
      ],
      "correct_answer": "A group established to promote peace efforts"
    },
    {
      "question": "What challenge is mentioned regarding the Rafah Crossing?",
      "options": [
        "Limited medical evacuations",
        "Too many people crossing quickly",
        "It is permanently closed",
        "It is used for military purposes"
      ],
      "correct_answer": "Limited medical evacuations"
    },
    {
      "question": "What does Huckabee say about the disarmament of Hamas?",
      "options": [
        "It is on the way but not yet complete",
        "It has already happened",
        "It is not necessary for peace",
        "It is being handled by the UN"
      ],
      "correct_answer": "It is on the way but not yet complete"
    },
    {
      "question": "What type of government is being formed in Gaza?",
      "options": [
        "A technocratic government",
        "A democratic government",
        "A monarchy",
        "A military dictatorship"
      ],
      "correct_answer": "A technocratic government"
    },
    {
      "question": "What broader issues remain unresolved in Gaza?",
      "options": [
        "Security and humanitarian access",
        "Economic growth and tourism",
        "Educational reforms",
        "Technological advancements"
      ],
      "correct_answer": "Security and humanitarian access"
    }
  ],
  "background_read": [
    "Gaza is a Palestinian territory that has experienced prolonged conflict, particularly involving Israel and groups like Hamas. Ceasefires are often used to pause violence and allow for diplomatic efforts. The Trump administration has been involved in Middle East peace initiatives, focusing on rebuilding and governance changes. Humanitarian access is critical in conflict zones to provide medical care and aid, with border crossings like Rafah playing a key role. Understanding these contexts helps in analyzing the ambassador's statements on progress and challenges."
  ],
  "Article_Structure": [
    "This 100-word analysis covers the main points: the ceasefire's success in ending missile attacks and returning hostages, with phase two focusing on rebuilding Gaza and forming a technocratic government. The purpose is to inform about the Trump administration's plans and ongoing challenges. Evidence evaluation shows reliance on Huckabee's firsthand account as ambassador, though it may reflect U.S. policy biases. Author credibility is high as a U.S. official, but methodology is limited to an interview without independent verification of claims like disarmament progress or Rafah Crossing issues."
  ],
  "perspectives": [
    {
      "perspective": "U.S. diplomatic view",
      "description": "Huckabee presents a positive outlook on ceasefire success and gradual progress, emphasizing U.S. efforts to stabilize Gaza."
    }
  ],
  "image_url": "/article_images/article_2f193fd6d97d8e65_c3579b15c638.webp"
}