{
  "title": "Unlocking the Brain's Timing System for Better Cognition",
  "summary": "A recent study from Rutgers Health, published in Nature Communications, investigates how the brain integrates fast and slow neural signals through white matter connectivity to support cognitive functions like thinking and decision-making. The research focuses on intrinsic neural timescales (INTs), which are the characteristic time windows different brain regions use to process information. By analyzing brain imaging data from 960 individuals, the team created connectomes—detailed maps of brain connections—and applied mathematical models to track information flow. They found that the arrangement of INTs across the cerebral cortex influences how efficiently the brain shifts between behavioral activity patterns, explaining variations in cognitive abilities among people. Additionally, these timing patterns are linked to genetic and biological features, with similar mechanisms observed in mice, suggesting evolutionary conservation. The findings highlight that individuals with brain wiring better matched to regional timing differences tend to have higher cognitive capacity. Future applications include studying neuropsychiatric disorders like schizophrenia to understand how disrupted connectivity affects information processing over time.",
  "keywords": [
    {
      "term": "intrinsic neural timescales (INTs)",
      "explanation": "the specific time periods brain regions use to hold and process information"
    },
    {
      "term": "connectomes",
      "explanation": "comprehensive maps showing the structural connections between different brain areas"
    },
    {
      "term": "white matter connectivity",
      "explanation": "the network of nerve fibers that facilitate communication between brain regions"
    },
    {
      "term": "cerebral cortex",
      "explanation": "the outer layer of the brain involved in higher-order functions like thought and action"
    },
    {
      "term": "cognitive capacity",
      "explanation": "the overall ability to perform mental tasks such as learning, reasoning, and problem-solving"
    }
  ],
  "questions": [
    {
      "question": "What journal published the Rutgers Health study?",
      "options": [
        "Science",
        "Nature Communications",
        "Journal of Neuroscience",
        "Brain Research"
      ],
      "correct_answer": "Nature Communications"
    },
    {
      "question": "What does INT stand for in this study?",
      "options": [
        "Internal Neural Timing",
        "Intrinsic Neural Timescales",
        "Integrated Network Theory",
        "Intelligent Neural Transfer"
      ],
      "correct_answer": "Intrinsic Neural Timescales"
    },
    {
      "question": "How many individuals' brain data were analyzed?",
      "options": [
        "500",
        "750",
        "960",
        "1,200"
      ],
      "correct_answer": "960"
    },
    {
      "question": "What role does white matter connectivity play?",
      "options": [
        "It shares information across brain regions",
        "It produces hormones",
        "It stores memories",
        "It controls breathing"
      ],
      "correct_answer": "It shares information across brain regions"
    },
    {
      "question": "What did the study link timing patterns to?",
      "options": [
        "Genetic and biological features",
        "Diet and exercise",
        "Weather patterns",
        "Social media use"
      ],
      "correct_answer": "Genetic and biological features"
    },
    {
      "question": "Which animals showed similar timing mechanisms?",
      "options": [
        "Mice",
        "Dogs",
        "Birds",
        "Fish"
      ],
      "correct_answer": "Mice"
    },
    {
      "question": "What future research direction is mentioned?",
      "options": [
        "Studying neuropsychiatric disorders",
        "Developing new computers",
        "Exploring space travel",
        "Creating artificial intelligence"
      ],
      "correct_answer": "Studying neuropsychiatric disorders"
    },
    {
      "question": "What affects cognitive capacity according to the findings?",
      "options": [
        "Match between brain wiring and timing",
        "Amount of sleep",
        "Type of music listened to",
        "Color of clothes worn"
      ],
      "correct_answer": "Match between brain wiring and timing"
    }
  ],
  "background_read": [
    "The brain processes information at varying speeds, with some regions handling rapid sensory inputs and others managing slower cognitive tasks. White matter, composed of myelinated axons, forms the connectivity infrastructure that enables communication between these regions. Connectomics is a field that maps these connections using techniques like MRI. Intrinsic neural timescales (INTs) refer to the temporal dynamics of neural activity, influencing how information is integrated. This study builds on prior research showing that disruptions in brain connectivity are associated with cognitive impairments and mental health disorders. Understanding these mechanisms can inform treatments for conditions like schizophrenia and depression by targeting timing-related dysfunctions."
  ],
  "Article_Structure": [
    "The article presents main points on how brain regions operate at different intrinsic timescales (INTs) and use white matter connectivity to integrate fast and slow signals, affecting cognitive abilities. Its purpose is to explain neural timing mechanisms and their role in behavior, published in Nature Communications to advance neuroscience. Evidence evaluation shows robust data from 960 individuals with brain imaging and mathematical models, though limited by correlation not causation. Author credibility is high as Linden Parkes is a psychiatry professor at Rutgers Health with expertise in brain imaging. Methodology involves analyzing connectomes and applying dynamical systems models to track information flow, providing a detailed but complex analysis of brain networks."
  ],
  "perspectives": [
    {
      "perspective": "Neuroscientific perspective",
      "description": "Emphasizes the biological and computational aspects of brain timing and connectivity."
    }
  ],
  "image_url": "/article_images/article_8c0bcedb9a538753_7e4fe63cd8c5.webp"
}