{
  "title": "Judicial Measures in Brazil: House Arrest for Coup Plot Convicts Amid Democratic Safeguards",
  "summary": "In a significant legal development, Brazilian Supreme Court Judge Alexandre de Moraes ordered house arrest for ten individuals convicted of involvement in a coup plot designed to retain former President Jair Bolsonaro in office after his 2022 electoral loss. These convicts, previously subjected to cautionary measures such as ankle monitors, include Filipe Martins, a former Bolsonaro adviser, whose lawyer has announced an appeal, critiquing the decision as unjust. Concurrently, the extradition of Silvinei Vasques, a former police commander who fled to Paraguay, underscores cross-border judicial cooperation in addressing the plot. Bolsonaro is serving a 27-year prison sentence for his central role and is currently hospitalized post-surgery, grappling with persistent hiccups. This case occurs within Brazil's historical context of reinstated democracy in 1985 following military rule, with trials against Bolsonaro and associates being closely monitored to evaluate the resilience of democratic institutions against anti-democratic threats. The article highlights ongoing legal proceedings as a test of Brazil's commitment to rule of law and democratic consolidation.",
  "keywords": [
    {
      "term": "judicial development",
      "explanation": "a change or action within the court system that impacts legal outcomes"
    },
    {
      "term": "cross-border judicial cooperation",
      "explanation": "collaboration between countries' legal systems to handle criminal cases"
    },
    {
      "term": "democratic consolidation",
      "explanation": "the process of strengthening democratic norms and institutions over time"
    },
    {
      "term": "anti-democratic threats",
      "explanation": "actions or plots that undermine democratic principles and governance"
    },
    {
      "term": "rule of law",
      "explanation": "the principle that all people and institutions are subject to and accountable under the law"
    }
  ],
  "questions": [
    {
      "question": "What role did Judge Alexandre de Moraes play in this case?",
      "options": [
        "He was a defendant",
        "He issued house arrest orders",
        "He extradited Vasques",
        "He represented Bolsonaro"
      ],
      "correct_answer": "He issued house arrest orders"
    },
    {
      "question": "How does the extradition of Silvinei Vasques relate to the coup plot?",
      "options": [
        "It shows international efforts to address the plot",
        "It is unrelated to the plot",
        "It involved Bolsonaro directly",
        "It ended the trials"
      ],
      "correct_answer": "It shows international efforts to address the plot"
    },
    {
      "question": "What is the significance of Brazil's democracy being reinstated in 1985?",
      "options": [
        "It marks the start of economic growth",
        "It provides historical context for current democratic challenges",
        "It ended all political conflicts",
        "It is irrelevant to the article"
      ],
      "correct_answer": "It provides historical context for current democratic challenges"
    },
    {
      "question": "How does the article characterize the trials against Bolsonaro and others?",
      "options": [
        "As a test of democratic resilience",
        "As minor legal issues",
        "As focused on health care",
        "As unrelated to democracy"
      ],
      "correct_answer": "As a test of democratic resilience"
    },
    {
      "question": "What criticism did Filipe Martins' lawyer express?",
      "options": [
        "That the decision is unjust",
        "That Bolsonaro is innocent",
        "That the judge is biased",
        "That extradition is illegal"
      ],
      "correct_answer": "That the decision is unjust"
    },
    {
      "question": "What health condition is Bolsonaro reported to have?",
      "options": [
        "Persistent hiccups",
        "A stroke",
        "COVID-19",
        "A broken bone"
      ],
      "correct_answer": "Persistent hiccups"
    },
    {
      "question": "What precautionary measures were in place before the house arrest orders?",
      "options": [
        "Ankle monitors and nightly location restrictions",
        "No measures",
        "Fines only",
        "Community service"
      ],
      "correct_answer": "Ankle monitors and nightly location restrictions"
    },
    {
      "question": "Why is the article's coverage considered reliable?",
      "options": [
        "It cites AP journalists with regional expertise",
        "It is based on rumors",
        "It ignores official sources",
        "It is opinion-based"
      ],
      "correct_answer": "It cites AP journalists with regional expertise"
    },
    {
      "question": "What broader theme does the article address regarding Brazil?",
      "options": [
        "Democratic consolidation and legal accountability",
        "Economic policies",
        "Environmental issues",
        "Sports events"
      ],
      "correct_answer": "Democratic consolidation and legal accountability"
    },
    {
      "question": "How does the article assess the evidence presented?",
      "options": [
        "As factual but limited in depth",
        "As comprehensive and investigative",
        "As biased and unreliable",
        "As purely speculative"
      ],
      "correct_answer": "As factual but limited in depth"
    }
  ],
  "background_read": [
    "Brazil's political landscape has been shaped by a transition from military dictatorship (1964-1985) to a fragile democracy, with ongoing tensions between populist leaders and institutional safeguards. The 2022 election of Luiz Inácio Lula da Silva over Jair Bolsonaro sparked allegations of a coup plot by Bolsonaro supporters, leading to extensive legal proceedings. This article situates recent house arrest orders within this context, examining how Brazil's judiciary, including Supreme Court interventions and international extradition, addresses threats to democratic stability. Understanding this requires knowledge of Brazilian constitutional law, historical authoritarian legacies, and contemporary challenges in Latin American politics, highlighting the interplay between legal enforcement and democratic resilience in post-authoritarian societies."
  ],
  "Article_Structure": [
    "Main Points: Details house arrest for coup plot convicts, extradition of a fugitive, and Bolsonaro's imprisonment and health, within Brazil's democratic context. Purpose: To analyze judicial responses to anti-democratic actions and assess Brazil's democratic safeguards in a post-2022 election climate. Evidence Evaluation: Uses AP reports and official statements, offering credible but surface-level evidence without in-depth source critique. Author Credibility: AP journalists provide factual reporting but lack specialized legal analysis, potentially limiting nuanced insights. Methodology: Relies on court documents, police updates, and social media, employing standard news collection methods without original investigation. Critical Assessment: Strengths include timely updates and clear factual reporting; limitations involve minimal depth on evidence quality and potential bias from reliance on official sources, overlooking broader socio-political analyses."
  ],
  "perspectives": [
    {
      "perspective": "Institutional resilience",
      "description": "The judicial actions reflect Brazil's efforts to strengthen democratic institutions against internal threats, though challenges in evidence depth and bias remain."
    }
  ],
  "image_url": "/article_images/article_08d5c6ac5b46b6f4_822352dbddad.webp"
}