{
  "title": "Olivia Dean's Fight Against High Ticket Resale Prices",
  "summary": "Olivia Dean, a rising music star, has publicly criticized Ticketmaster and AXS for what she calls an 'exploitative' and unequal ticketing system. After tickets for her North American tour were resold at prices over 14 times the original face value, reaching above $1,000, Dean wrote an open letter denouncing the practice as 'disgusting' and 'vile.' In response, Ticketmaster announced it would cap future resale rates for her tour and refund fans for any markups paid on their platform. The CEO of Live Nation Entertainment, Ticketmaster's parent company, expressed agreement with Dean's goal of keeping live music accessible. Dean emphasized on Instagram that the secondary ticket market is unregulated and urged the industry to allow artists to cap resale at face value. This issue is part of a broader movement, as the UK government plans to outlaw excessive ticket resale prices following appeals from major artists like Coldplay and Dua Lipa. Dean's actions highlight the power of artists in advocating for fan rights and fair pricing in the entertainment industry.",
  "keywords": [
    {
      "term": "resale market",
      "explanation": "a marketplace where tickets are resold, often leading to price inflation"
    },
    {
      "term": "exploitative",
      "explanation": "unfairly taking advantage of consumers for profit"
    },
    {
      "term": "accessibility",
      "explanation": "the quality of being affordable and available to a wide audience"
    },
    {
      "term": "open letter",
      "explanation": "a public message written to address an issue and prompt action"
    },
    {
      "term": "regulate",
      "explanation": "to control or manage through rules or laws"
    },
    {
      "term": "markup",
      "explanation": "the extra amount added to the original price when reselling"
    },
    {
      "term": "secondary market",
      "explanation": "the aftermarket where items like tickets are resold by individuals"
    },
    {
      "term": "industry responsibility",
      "explanation": "the duty of businesses and professionals to act ethically"
    }
  ],
  "questions": [
    {
      "question": "What prompted Olivia Dean to write an open letter to ticketing companies?",
      "options": [
        "Low ticket sales",
        "High resale prices for her tour tickets",
        "A new album release",
        "Fan complaints about concert venues"
      ],
      "correct_answer": "High resale prices for her tour tickets"
    },
    {
      "question": "How did Ticketmaster respond to Olivia Dean's criticism?",
      "options": [
        "They ignored her letter",
        "They capped resale prices and offered refunds",
        "They increased ticket prices further",
        "They canceled her tour"
      ],
      "correct_answer": "They capped resale prices and offered refunds"
    },
    {
      "question": "What is the secondary ticket market according to Dean?",
      "options": [
        "A fair system for fans",
        "An exploitative and unregulated space",
        "A government-controlled market",
        "A place for free tickets"
      ],
      "correct_answer": "An exploitative and unregulated space"
    },
    {
      "question": "Which other artists have recently capped ticket resale prices?",
      "options": [
        "Hayley Williams and Chappell Roan",
        "Beyoncé and Taylor Swift",
        "Ed Sheeran and Adele",
        "Drake and Kanye West"
      ],
      "correct_answer": "Hayley Williams and Chappell Roan"
    },
    {
      "question": "What action is the UK government taking regarding ticket resale?",
      "options": [
        "Making it illegal to resell tickets above face value",
        "Encouraging higher resale prices",
        "Banning all ticket sales",
        "Providing free tickets to everyone"
      ],
      "correct_answer": "Making it illegal to resell tickets above face value"
    },
    {
      "question": "Why does Dean believe artists should have the option to cap resale prices?",
      "options": [
        "To make more money",
        "To keep live music accessible for all",
        "To reduce the number of concerts",
        "To increase competition among ticketing companies"
      ],
      "correct_answer": "To keep live music accessible for all"
    },
    {
      "question": "What role did social media play in this story?",
      "options": [
        "Dean used Instagram to share her views and updates",
        "Fans used Twitter to boycott tickets",
        "Ticketmaster advertised on Facebook",
        "The government announced plans on TikTok"
      ],
      "correct_answer": "Dean used Instagram to share her views and updates"
    },
    {
      "question": "How does this issue relate to broader industry trends?",
      "options": [
        "It reflects a growing movement for fair ticketing practices",
        "It shows a decline in live music popularity",
        "It highlights the end of ticket reselling",
        "It indicates artists are losing influence"
      ],
      "correct_answer": "It reflects a growing movement for fair ticketing practices"
    }
  ],
  "background_read": [
    "The concert ticketing industry has long faced criticism for high resale prices, where tickets are bought and resold at inflated rates, often by bots or scalpers. This practice can make events unaffordable for many fans. Ticketmaster and AXS are major players in this market, and while they offer tools for artists to cap prices, these are not always used. Recently, artists like Olivia Dean, Hayley Williams, and Chappell Roan have advocated for changes, echoing calls from bigger names like Coldplay and Dua Lipa. In the UK, government intervention is underway to legislate against excessive resale, aiming to protect consumers. Understanding this context helps see how Dean's actions are part of a larger effort to reform the ticketing system and ensure fairness in live entertainment."
  ],
  "Article_Structure": [
    "This article analyzes Olivia Dean's critique of ticket resale practices. Main Points: Dean highlights exploitative resale prices, leading to refunds and price caps by Ticketmaster. Purpose: To report on artist advocacy for fair ticketing and industry responses. Evidence Evaluation: Relies on direct quotes from Dean, Ticketmaster's statement, and references to other artists and government plans, providing credible but limited sources. Author Credibility: The BBC is a reputable news source, ensuring factual reporting. Methodology: Gathers information from public statements, social media, and official announcements, offering a balanced view of the issue."
  ],
  "perspectives": [
    {
      "perspective": "Artist Advocacy",
      "description": "Olivia Dean and others argue that the ticketing system is unfair and needs regulation to protect fans."
    },
    {
      "perspective": "Corporate Response",
      "description": "Ticketmaster acknowledges the issue and takes steps like refunds and caps, but emphasizes limitations in controlling external marketplaces."
    },
    {
      "perspective": "Government Action",
      "description": "The UK government is moving to ban excessive resale, supporting artist calls for systemic change."
    }
  ],
  "image_url": "/article_images/article_c687fb54b344d188_757b913bd6e2.webp"
}