{
  "title": "Strategic Assessment of Martian Landing Sites: Water Ice Accessibility in Amazonis Planitia",
  "summary": "A recent study published in the Journal of Geophysical Research: Planets, led by Erica Luzzi of the University of Mississippi, proposes Amazonis Planitia as a highly viable landing site for future human missions to Mars, based on the detection of shallow subsurface water ice. Utilizing high-resolution imagery from the HiRISE camera aboard the Mars Reconnaissance Orbiter, researchers identified ice deposits less than one meter deep through geomorphological indicators such as exposed crater ice and polygonal terrain patterns. This region in the mid-latitudes offers optimal environmental conditions, balancing adequate solar irradiance for energy generation with sufficiently low temperatures to maintain ice stability near the surface. The accessibility of water ice facilitates in situ resource utilization, enabling the production of critical consumables like potable water, breathable oxygen via electrolysis, and methane-based rocket propellant, thereby mitigating the logistical constraints of Earth resupply during prolonged missions. Furthermore, the presence of ice carries significant astrobiological implications, potentially preserving biosignatures and informing assessments of Mars' historical habitability. This research underscores the integration of planetary science with human spaceflight objectives, highlighting methodological rigor in remote sensing analysis and contributing to strategic planning for sustainable extraterrestrial exploration.",
  "keywords": [
    {
      "term": "geomorphological indicators",
      "explanation": "surface features that provide clues about subsurface conditions, such as ice presence"
    },
    {
      "term": "solar irradiance",
      "explanation": "the amount of sunlight reaching Mars, important for powering missions"
    },
    {
      "term": "electrolysis",
      "explanation": "a process to split water into oxygen and hydrogen for breathable air and fuel"
    },
    {
      "term": "methane-based propellant",
      "explanation": "rocket fuel that can be synthesized from Martian resources"
    },
    {
      "term": "biosignatures",
      "explanation": "chemical or physical signs of past or present life"
    },
    {
      "term": "remote sensing analysis",
      "explanation": "using orbital data to study planetary surfaces without direct contact"
    }
  ],
  "questions": [
    {
      "question": "What journal published the research on Martian water ice?",
      "options": [
        "Journal of Geophysical Research: Planets",
        "Science Daily",
        "Nature",
        "Astrobiology Journal"
      ],
      "correct_answer": "Journal of Geophysical Research: Planets"
    },
    {
      "question": "How does the mid-latitude location of Amazonis Planitia benefit a landing site?",
      "options": [
        "It balances solar power availability and ice preservation",
        "It maximizes temperature extremes",
        "It minimizes sunlight exposure",
        "It increases distance from Earth"
      ],
      "correct_answer": "It balances solar power availability and ice preservation"
    },
    {
      "question": "What process can convert water ice into breathable oxygen on Mars?",
      "options": [
        "Electrolysis",
        "Photosynthesis",
        "Combustion",
        "Filtration"
      ],
      "correct_answer": "Electrolysis"
    },
    {
      "question": "What type of propellant might be produced from Martian water ice?",
      "options": [
        "Methane-based",
        "Hydrogen peroxide",
        "Kerosene",
        "Nuclear fuel"
      ],
      "correct_answer": "Methane-based"
    },
    {
      "question": "What astrobiological significance does ice on Mars hold?",
      "options": [
        "It may preserve biosignatures of past life",
        "It indicates current liquid water",
        "It shows volcanic activity",
        "It proves human habitability"
      ],
      "correct_answer": "It may preserve biosignatures of past life"
    },
    {
      "question": "Which instrument provided the high-resolution images for this study?",
      "options": [
        "HiRISE camera",
        "Curiosity rover",
        "Hubble Space Telescope",
        "Viking lander"
      ],
      "correct_answer": "HiRISE camera"
    },
    {
      "question": "What is a key advantage of in situ resource utilization for Mars missions?",
      "options": [
        "Reduces mass and cost of Earth-supplied materials",
        "Increases mission duration unnecessarily",
        "Requires more advanced technology",
        "Limits scientific exploration"
      ],
      "correct_answer": "Reduces mass and cost of Earth-supplied materials"
    },
    {
      "question": "How deep were the ice deposits found in Amazonis Planitia?",
      "options": [
        "Less than 1 meter",
        "Between 1-5 meters",
        "Over 10 meters",
        "At the surface only"
      ],
      "correct_answer": "Less than 1 meter"
    },
    {
      "question": "What role does Erica Luzzi's background play in the study's credibility?",
      "options": [
        "Her expertise as a planetary geologist enhances reliability",
        "She is an astronaut with direct Mars experience",
        "She works solely for private industry",
        "She has no relevant qualifications"
      ],
      "correct_answer": "Her expertise as a planetary geologist enhances reliability"
    },
    {
      "question": "What methodological approach was used to detect subsurface ice?",
      "options": [
        "Analysis of orbital imagery for surface features",
        "Direct drilling samples",
        "Atmospheric measurements",
        "Seismic surveys"
      ],
      "correct_answer": "Analysis of orbital imagery for surface features"
    }
  ],
  "background_read": [
    "Human exploration of Mars involves complex challenges, including resource management and habitability. Water ice is a focal point due to its utility in life support and propulsion systems. This study aligns with NASA's Artemis program and broader goals for sustainable space exploration. Understanding Martian geology through remote sensing techniques, such as those used by HiRISE, is critical for site selection. The research integrates planetary science, engineering, and astrobiology, reflecting interdisciplinary efforts to enable long-duration missions and potential colonization on Mars."
  ],
  "Article_Structure": [
    "Main Points: The article details the discovery of shallow water ice in Amazonis Planitia, emphasizing its role in supporting human missions through in situ resource utilization and astrobiological research. Purpose: To identify and evaluate a practical landing site that addresses key logistical and survival challenges for future Mars exploration. Evidence Evaluation: Relies on high-resolution HiRISE imagery, showing strong evidence through geomorphological features, though limited by indirect detection methods. Author Credibility: Erica Luzzi is a credible planetary geologist with NASA-affiliated postdoctoral experience, though potential biases toward resource-focused exploration may exist. Methodology: Remote sensing analysis of orbital images to infer subsurface ice, a non-invasive approach that prioritizes data accuracy but lacks ground-truth verification. Critical Assessment: Strengths include rigorous imaging analysis and relevance to human spaceflight; limitations involve assumptions about ice accessibility and the need for future in-situ confirmation."
  ],
  "perspectives": [
    {
      "perspective": "Interdisciplinary integration",
      "description": "The study combines geology, engineering, and biology to advance Mars exploration strategies"
    }
  ],
  "image_url": "/article_images/article_ca6d5e2b8e008aad_0f84b7244611.webp"
}