{
  "title": "Regulatory Investigation into WH Smith's Accounting Misstatements and Corporate Restructuring",
  "summary": "The Financial Conduct Authority (FCA) has launched an investigation into WH Smith following the discovery of substantial accounting errors within its North American operations, which potentially overstated revenues by as much as £50 million. This regulatory scrutiny arises from concerns over compliance with disclosure rules and the accuracy of information provided to investors. The accounting blunder precipitated significant corporate upheaval, including the resignation of chief executive Carl Cowling, a 40% decline in share value, and multiple delays in announcing annual results. Concurrently, WH Smith has undergone strategic restructuring, divesting its chain of 480 High Street shops—now rebranded as TG Jones—and consolidating its focus on approximately 1,300 branches situated in transport hubs such as airports and railway stations. Financial performance metrics reveal a pre-tax profit of £108 million for the fiscal year, excluding one-off costs, though profit forecasts were downgraded in light of the accounting discrepancies. Interim group chief executive Andrew Harrison acknowledged the adverse impact on investor confidence and outlined commitments to enhance financial controls and governance frameworks. Looking forward, the company plans a comprehensive store overhaul in 2026 aimed at creating integrated one-stop-shops for travel essentials, food-to-go, and health and beauty products, aligning with evolving market demands. This case underscores broader themes of corporate accountability, regulatory oversight, and the challenges of maintaining transparency in complex retail environments.",
  "keywords": [
    {
      "term": "Financial Conduct Authority",
      "explanation": "A regulatory body in the UK responsible for supervising financial markets and ensuring adherence to legal standards"
    },
    {
      "term": "accounting misstatements",
      "explanation": "Inaccuracies in financial reporting that distort a company's true economic position, often due to error or fraud"
    },
    {
      "term": "regulatory scrutiny",
      "explanation": "Close examination by authorities to assess compliance with laws and regulations"
    },
    {
      "term": "corporate restructuring",
      "explanation": "Strategic reorganization of a company's assets, operations, or ownership to improve efficiency and profitability"
    },
    {
      "term": "investor confidence",
      "explanation": "The degree of trust that shareholders and potential investors place in a company's management and financial integrity"
    },
    {
      "term": "governance frameworks",
      "explanation": "Structured systems of policies and procedures that guide corporate decision-making and accountability"
    },
    {
      "term": "disclosure rules",
      "explanation": "Regulations requiring companies to provide timely and accurate information to the public and investors"
    },
    {
      "term": "strategic divestment",
      "explanation": "The planned sale of business units or assets to refocus core operations and enhance value"
    },
    {
      "term": "market demands",
      "explanation": "Consumer needs and preferences that influence business strategies and product offerings"
    },
    {
      "term": "corporate accountability",
      "explanation": "The obligation of companies to answer for their actions and impacts on stakeholders"
    }
  ],
  "questions": [
    {
      "question": "What specific regulatory concern prompted the FCA's investigation of WH Smith?",
      "options": [
        "Compliance with disclosure rules and accuracy of investor information",
        "The sale of High Street shops",
        "The store overhaul plan for 2026",
        "The level of executive bonuses"
      ],
      "correct_answer": "Compliance with disclosure rules and accuracy of investor information"
    },
    {
      "question": "How did the accounting errors affect WH Smith's corporate leadership?",
      "options": [
        "Led to the resignation of the chief executive",
        "Resulted in promotions for all executives",
        "Caused no changes in management",
        "Triggered a merger with another company"
      ],
      "correct_answer": "Led to the resignation of the chief executive"
    },
    {
      "question": "What was the approximate decline in WH Smith's share price following the accounting blunder?",
      "options": [
        "40%",
        "25%",
        "60%",
        "15%"
      ],
      "correct_answer": "40%"
    },
    {
      "question": "What strategic action did WH Smith take regarding its High Street shops?",
      "options": [
        "Divested and rebranded them as TG Jones",
        "Expanded them into new markets",
        "Converted them into online warehouses",
        "Merged them with transport hubs"
      ],
      "correct_answer": "Divested and rebranded them as TG Jones"
    },
    {
      "question": "How many branches does WH Smith retain in transport hubs after restructuring?",
      "options": [
        "Approximately 1,300",
        "Approximately 480",
        "Approximately 2,000",
        "Approximately 500"
      ],
      "correct_answer": "Approximately 1,300"
    },
    {
      "question": "What was WH Smith's pre-tax profit for the year, excluding one-off costs?",
      "options": [
        "£108 million",
        "£50 million",
        "£150 million",
        "£80 million"
      ],
      "correct_answer": "£108 million"
    },
    {
      "question": "What key initiative did Andrew Harrison emphasize to rebuild confidence?",
      "options": [
        "Strengthening financial controls and governance",
        "Increasing dividend payments",
        "Launching a new advertising campaign",
        "Expanding into international markets"
      ],
      "correct_answer": "Strengthening financial controls and governance"
    },
    {
      "question": "What is the planned focus of WH Smith's store overhaul in 2026?",
      "options": [
        "Creating one-stop-shops for travel essentials, food-to-go, and health and beauty products",
        "Selling only digital products",
        "Converting all stores into luxury boutiques",
        "Focusing exclusively on book sales"
      ],
      "correct_answer": "Creating one-stop-shops for travel essentials, food-to-go, and health and beauty products"
    },
    {
      "question": "What broader theme does this case highlight regarding corporate practices?",
      "options": [
        "Corporate accountability and transparency",
        "Technological innovation in retail",
        "Environmental sustainability efforts",
        "Employee welfare programs"
      ],
      "correct_answer": "Corporate accountability and transparency"
    },
    {
      "question": "How does the article assess the evidence presented?",
      "options": [
        "Based on company statements and regulatory announcements, with limited internal data",
        "Through original investigative journalism",
        "Using anonymous sources only",
        "Relying solely on historical data"
      ],
      "correct_answer": "Based on company statements and regulatory announcements, with limited internal data"
    }
  ],
  "background_read": [
    "WH Smith is a historic UK retailer founded in 1792, evolving from a newsagent to a diversified seller of books, stationery, and travel goods. Its operations span High Street locations and transport hubs, reflecting adaptations to changing retail landscapes. Accounting errors, such as revenue overstatements, can stem from internal control weaknesses, intentional manipulation, or complex international operations, often triggering regulatory investigations by bodies like the FCA to uphold market integrity. The concept of corporate governance involves structures that ensure ethical management and accountability to stakeholders, while restructuring strategies like divestment aim to optimize business focus. This article situates WH Smith's issues within broader discourses on financial regulation, investor relations, and retail sector challenges, offering insights into crisis management and strategic planning in corporate environments."
  ],
  "Article_Structure": [
    "Main Points: The FCA investigates WH Smith for accounting misstatements in North America, potentially overstating revenues by £50 million, leading to executive turnover, share price drops, and restructuring including divestment of High Street shops. Purpose: To analyze regulatory and corporate responses to financial discrepancies, emphasizing transparency and investor trust in retail. Evidence Evaluation: Relies on official statements and news reports, providing factual basis but lacking depth from internal audits or primary data. Author Credibility: BBC Business offers reputable journalism, though limited to secondary sourcing without independent verification. Methodology: Uses standard news gathering from public announcements and executive comments, presenting a synthesized overview. Critical Assessment: Strengths include clear reporting on key events; limitations involve superficial analysis of root causes and minimal critique of regulatory effectiveness."
  ],
  "perspectives": [
    {
      "perspective": "Regulatory perspective",
      "description": "Focuses on enforcing disclosure standards to protect market integrity and prevent investor harm."
    },
    {
      "perspective": "Corporate management perspective",
      "description": "Highlights internal reforms and strategic shifts to mitigate fallout and ensure future stability."
    },
    {
      "perspective": "Investor perspective",
      "description": "Concerned with financial losses, governance improvements, and long-term value restoration."
    },
    {
      "perspective": "Market analyst perspective",
      "description": "Examines implications for retail sector trends and competitive positioning post-restructuring."
    }
  ],
  "image_url": "/article_images/article_2390e817c04d28d4_1ab23ebcf5b1.webp"
}