{
  "title": "Putintseva's Playful Response to Crowd Boos at Australian Open",
  "summary": "Yulia Putintseva, a professional tennis player, showcased a unique and spirited reaction after her victory over Turkish qualifier Zeynep Sonmez at the Australian Open. Following the match, she faced boos from the crowd, a form of negative feedback often seen in sports when audiences disapprove of a player's actions or support the opponent. Instead of letting this affect her, Putintseva responded by dancing on the court and blowing kisses to the spectators. This incident highlights the pressures athletes face from audiences and how they manage emotions during high-stakes events. The Australian Open, held annually in Melbourne, is a prestigious Grand Slam tournament attracting global attention. Putintseva's behavior can be seen as a strategy to maintain composure and turn a potentially negative situation into a celebratory moment, emphasizing resilience in sportsmanship.",
  "keywords": [
    {
      "term": "professional tennis player",
      "explanation": "an athlete who plays tennis as a career, competing in tournaments for money and rankings"
    },
    {
      "term": "boos",
      "explanation": "loud, disapproving sounds made by a crowd to express dissatisfaction or support for the opposing side"
    },
    {
      "term": "qualifier",
      "explanation": "a player who earns a spot in a tournament through preliminary matches, often facing tougher competition"
    },
    {
      "term": "resilience",
      "explanation": "the ability to recover quickly from difficulties or setbacks, showing strength in challenging situations"
    },
    {
      "term": "sportsmanship",
      "explanation": "ethical and respectful behavior in sports, including fairness, grace in winning or losing, and handling pressure"
    }
  ],
  "questions": [
    {
      "question": "What was Putintseva's reaction to the crowd's boos?",
      "options": [
        "She argued with them",
        "She danced and blew kisses",
        "She ignored them completely",
        "She cried and left the court"
      ],
      "correct_answer": "She danced and blew kisses"
    },
    {
      "question": "Who did Putintseva beat in the match?",
      "options": [
        "Zeynep Sonmez",
        "A famous champion",
        "Her coach",
        "A random player"
      ],
      "correct_answer": "Zeynep Sonmez"
    },
    {
      "question": "Why might a crowd boo a player at a tennis match?",
      "options": [
        "To show disapproval or support for the opponent",
        "Because they are happy",
        "To cheer them on",
        "Because it's a tradition"
      ],
      "correct_answer": "To show disapproval or support for the opponent"
    },
    {
      "question": "What is the Australian Open known as?",
      "options": [
        "A Grand Slam tournament",
        "A local sports event",
        "A music festival",
        "A charity game"
      ],
      "correct_answer": "A Grand Slam tournament"
    },
    {
      "question": "How does Putintseva's response demonstrate sportsmanship?",
      "options": [
        "By staying positive and not letting negativity affect her",
        "By getting angry at the crowd",
        "By quitting the match",
        "By blaming others"
      ],
      "correct_answer": "By staying positive and not letting negativity affect her"
    },
    {
      "question": "What is a qualifier in tennis?",
      "options": [
        "A player who enters through preliminary matches",
        "The winner of the tournament",
        "A referee",
        "A spectator"
      ],
      "correct_answer": "A player who enters through preliminary matches"
    },
    {
      "question": "Where is the Australian Open held?",
      "options": [
        "Melbourne, Australia",
        "London, England",
        "New York, USA",
        "Paris, France"
      ],
      "correct_answer": "Melbourne, Australia"
    },
    {
      "question": "What broader issue does this article touch on?",
      "options": [
        "Athlete pressure and crowd interactions",
        "Tennis rules and scoring",
        "Player injuries",
        "Tournament scheduling"
      ],
      "correct_answer": "Athlete pressure and crowd interactions"
    }
  ],
  "background_read": [
    "The Australian Open is one of the four Grand Slam tennis tournaments, alongside the French Open, Wimbledon, and the US Open. It takes place in January in Melbourne, featuring top players worldwide. Crowd behavior in sports can significantly impact athletes; booing is common when fans disagree with a player's actions or favor the opponent. Athletes often develop strategies to handle such pressure, such as maintaining focus or using positive gestures. Yulia Putintseva, from Kazakhstan, is known for her expressive on-court personality, and this event illustrates how players navigate emotional challenges in competitive environments."
  ],
  "Article_Structure": [
    "This article analyzes a tennis incident where Yulia Putintseva responded to crowd boos with dancing and kisses after winning at the Australian Open. Main Points: It highlights her playful reaction as a way to handle negative audience feedback and celebrate victory. Purpose: To show how athletes manage emotions and pressure in sports, emphasizing resilience. Evidence Evaluation: Based on a video report from BBC Tennis, providing direct observation but limited to a brief clip without broader context. Author Credibility: BBC is a reputable news source, but the article is short and focuses on a single event, lacking in-depth analysis. Methodology: Uses video footage and basic reporting to capture the moment, but doesn't include interviews or statistical data."
  ],
  "perspectives": [
    {
      "perspective": "Emotional management in sports",
      "description": "Putintseva's actions demonstrate how athletes can use positive expressions to cope with crowd negativity and maintain performance focus."
    }
  ],
  "image_url": "/article_images/article_8f13c6baf0cbf673_b27120da37b9.webp"
}