{
  "title": "Balancing Competition and Leisure: How Tennis Stars Spend Their Off-Days",
  "summary": "Carlos Alcaraz, a top tennis player competing at the Australian Open, uses his off-days to engage in golf, revealing a side of athletes beyond intense competition. After a second-round win, Alcaraz mentioned playing golf, including a round with retired legend Roger Federer, whom he praised for his stylish and skilled play, even noting Federer has beaten him despite less experience. While Alcaraz focuses on tennis practice to improve for upcoming matches, he balances this with leisure activities, as seen in his golf-swing celebrations during the US Open. The article also hints at other players like Coco Gauff pursuing different interests, illustrating how professional athletes manage downtime to maintain mental and physical well-being amidst grueling tournament schedules. This highlights the importance of hobbies in an athlete's life, offering relaxation and a break from the pressures of elite sports.",
  "keywords": [
    {
      "term": "off-days",
      "explanation": "periods when athletes are not competing or training, used for rest and personal activities"
    },
    {
      "term": "career Grand Slam",
      "explanation": "winning all four major tennis tournaments (Australian Open, French Open, Wimbledon, US Open) in a player's career"
    },
    {
      "term": "golf-swing impression",
      "explanation": "a celebratory gesture mimicking a golf swing, used by Alcaraz to mark victories"
    },
    {
      "term": "mental well-being",
      "explanation": "the psychological health and happiness of individuals, important for athletes to perform well"
    },
    {
      "term": "elite sports",
      "explanation": "high-level competitive sports where athletes train intensively and face significant pressure"
    },
    {
      "term": "downtime management",
      "explanation": "how athletes plan and use their free time to balance work and leisure"
    },
    {
      "term": "Roger Federer",
      "explanation": "a retired tennis champion known for his elegance and success, now also skilled in golf"
    },
    {
      "term": "tournament schedules",
      "explanation": "the planned series of matches and events in sports competitions, often demanding for players"
    }
  ],
  "questions": [
    {
      "question": "What activity does Carlos Alcaraz primarily do on his off-days according to the article?",
      "options": [
        "Play golf",
        "Practice tennis only",
        "Watch movies",
        "Travel"
      ],
      "correct_answer": "A"
    },
    {
      "question": "Who did Alcaraz play golf with, and what did he say about their game?",
      "options": [
        "Roger Federer; Federer's golf is beautiful and he beat Alcaraz",
        "Coco Gauff; she is learning golf",
        "Yannick Hanfmann; they played together",
        "Corentin Moutet; they are rivals"
      ],
      "correct_answer": "A"
    },
    {
      "question": "Why does Alcaraz practice tennis on off-days?",
      "options": [
        "To improve for his next match",
        "To teach golf",
        "To relax completely",
        "To avoid golf"
      ],
      "correct_answer": "A"
    },
    {
      "question": "What is a career Grand Slam?",
      "options": [
        "Winning all four major tennis tournaments",
        "Winning one tournament many times",
        "Playing golf and tennis",
        "Retiring from sports"
      ],
      "correct_answer": "A"
    },
    {
      "question": "How did Alcaraz celebrate his US Open wins last season?",
      "options": [
        "With a golf-swing impression",
        "By playing golf immediately",
        "With a party",
        "By resting only"
      ],
      "correct_answer": "A"
    },
    {
      "question": "What does the article suggest about athletes and downtime?",
      "options": [
        "They use it for hobbies to stay balanced",
        "They only focus on their sport",
        "They avoid all activities",
        "They travel constantly"
      ],
      "correct_answer": "A"
    },
    {
      "question": "Who is mentioned as another player with off-day interests?",
      "options": [
        "Coco Gauff",
        "Roger Federer",
        "Yannick Hanfmann",
        "Corentin Moutet"
      ],
      "correct_answer": "A"
    },
    {
      "question": "What is the main theme of the article?",
      "options": [
        "How tennis players balance competition and leisure",
        "The history of golf in tennis",
        "Carlos Alcaraz's tennis career only",
        "The rules of the Australian Open"
      ],
      "correct_answer": "A"
    }
  ],
  "background_read": [
    "Professional tennis involves rigorous training and competition, with tournaments like the Australian Open part of the Grand Slam series. Athletes like Carlos Alcaraz face immense pressure to perform, making off-days crucial for recovery and mental health. Hobbies such as golf provide a diversion, helping players manage stress and maintain focus. Understanding athlete lifestyles can offer insights into the demands of elite sports and the strategies used to sustain long-term success and well-being."
  ],
  "Article_Structure": [
    "Main Points: The article discusses how Carlos Alcaraz and other tennis players use off-days for leisure activities like golf to balance their competitive lives, highlighting interactions with Roger Federer and the importance of downtime. Purpose: To show the human side of athletes, emphasizing that they engage in hobbies to relax and stay mentally healthy amidst tournament pressures. Evidence Evaluation: Relies on direct quotes from Alcaraz about his golf experiences, providing credible firsthand accounts, but lacks broader data or statistics on athlete leisure habits. Author Credibility: The BBC is a reputable news source, likely ensuring factual reporting, though the article is brief and focuses on anecdotal evidence. Methodology: Based on post-match interviews and player statements, offering insights into personal routines without formal research methods."
  ],
  "perspectives": [
    {
      "perspective": "Athlete Well-being",
      "description": "Emphasizes how hobbies and leisure activities contribute to the mental and physical health of professional athletes, aiding performance."
    }
  ],
  "image_url": "/article_images/article_0f13104d70a00a72_5ea20a7450be.webp"
}