{
  "title": "Charli XCX and Raye to Headline Reading and Leeds Festival 2026",
  "summary": "Charli XCX, Dave, and Raye will be the main performers at the Reading and Leeds Festival in 2026. These are big music festivals in the UK. Other top artists include Fontaines DC, Chase & Status, and Florence + The Machine. For the first time in 25 years, all the headliners are from Britain and Ireland. The festival will happen from August 27 to 30, with more artists like Kasabian, Kneecap, and Skepta also playing. Tickets will go on sale soon. This is exciting news for music fans who want to see their favorite stars live.",
  "keywords": [
    {
      "term": "headline",
      "explanation": "to be the main performer at a big event"
    },
    {
      "term": "festival",
      "explanation": "a big event with music and fun activities"
    },
    {
      "term": "organizers",
      "explanation": "people who plan and run an event"
    },
    {
      "term": "bank holiday",
      "explanation": "a special day when many people have time off"
    },
    {
      "term": "tickets",
      "explanation": "pieces of paper or digital codes that let you go to an event"
    },
    {
      "term": "presales",
      "explanation": "early chances to buy tickets before everyone else"
    }
  ],
  "questions": [
    {
      "question": "Who are the main performers at the Reading and Leeds Festival in 2026?",
      "options": [
        "Charli XCX, Dave, and Raye",
        "Travis Scott and Chappell Roan",
        "Kasabian and Skepta",
        "Fontaines DC and Chase & Status"
      ],
      "correct_answer": "Charli XCX, Dave, and Raye"
    },
    {
      "question": "How long has it been since all headliners were only British and Irish acts?",
      "options": [
        "10 years",
        "25 years",
        "50 years",
        "5 years"
      ],
      "correct_answer": "25 years"
    },
    {
      "question": "When will the festival take place?",
      "options": [
        "June 27-30",
        "August 27-30",
        "July 27-30",
        "September 27-30"
      ],
      "correct_answer": "August 27-30"
    },
    {
      "question": "What is special about the Thursday performance at Leeds?",
      "options": [
        "It is the first time Kasabian plays",
        "It is the first headline performance on a Thursday",
        "It is free for everyone",
        "It features only Irish artists"
      ],
      "correct_answer": "It is the first headline performance on a Thursday"
    },
    {
      "question": "Who will play only at the Reading festival?",
      "options": [
        "Chris Stussy",
        "Kneecap",
        "Skye Newman",
        "Geese"
      ],
      "correct_answer": "Chris Stussy"
    },
    {
      "question": "When do tickets go on general sale?",
      "options": [
        "Monday",
        "Thursday",
        "Friday",
        "Saturday"
      ],
      "correct_answer": "Thursday"
    }
  ],
  "background_read": [
    "The Reading and Leeds Festival is a famous music event in the UK that happens every year. It has two locations: one in Reading and one in Leeds. Many popular bands and singers perform there, and it attracts thousands of fans. In 2026, the festival will feature headliners from Britain and Ireland, which is a special occasion because it hasn't happened in 25 years. This shows support for local music talent. Festivals like this are important for bringing people together to enjoy music and have fun."
  ],
  "Article_Structure": [
    "WHO: Charli XCX, Dave, Raye, and other British and Irish artists",
    "WHAT: They will headline the Reading and Leeds Festival in 2026",
    "WHERE: At Richfield Avenue in Reading and Bramham Park in Leeds",
    "WHY: To showcase British and Irish talent and provide entertainment for music fans"
  ],
  "perspectives": [
    {
      "perspective": "Music Fan",
      "description": "Excited to see favorite artists perform live and enjoy the festival atmosphere"
    },
    {
      "perspective": "Organizer",
      "description": "Proud to feature exclusively British and Irish headliners for the first time in 25 years"
    }
  ],
  "image_url": "/article_images/article_8cc9780b7517ff6f_3e3d4125b66a.webp"
}