{
  "title": "Safe Ways to Melt Ice for Pets and Plants",
  "summary": "In winter, people need to clear ice and snow from paths and driveways. Many use rock salt, which is cheap but can harm pets, plants, and the environment. Experts suggest safer alternatives like calcium chloride and magnesium chloride, which work better in very cold weather. These options release heat to melt ice faster and are less damaging, though they cost more. Another choice is calcium manganese acetate, which is biodegradable and gentle on the environment but is also expensive. Using these alternatives helps protect animals, yards, and water from pollution. It's important to pick the right product to keep everyone safe during snowy days.",
  "keywords": [
    {
      "term": "rock salt",
      "explanation": "a common but harmful product used to melt ice"
    },
    {
      "term": "calcium chloride",
      "explanation": "a safer alternative that works well in cold weather"
    },
    {
      "term": "magnesium chloride",
      "explanation": "another safe option that helps melt ice quickly"
    },
    {
      "term": "calcium manganese acetate",
      "explanation": "a gentle, biodegradable product for melting ice"
    },
    {
      "term": "environment",
      "explanation": "the natural world that can be hurt by chemicals"
    },
    {
      "term": "pets",
      "explanation": "animals like dogs and cats that need protection from salt"
    }
  ],
  "questions": [
    {
      "question": "What is rock salt often used for?",
      "options": [
        "Melting ice",
        "Feeding pets",
        "Watering plants",
        "Building snowmen"
      ],
      "correct_answer": "Melting ice"
    },
    {
      "question": "Why is rock salt not good for the environment?",
      "options": [
        "It harms pets and plants",
        "It makes snow colder",
        "It is too expensive",
        "It melts too slowly"
      ],
      "correct_answer": "It harms pets and plants"
    },
    {
      "question": "Which alternative works better in very cold weather?",
      "options": [
        "Calcium chloride",
        "Rock salt",
        "Water",
        "Sand"
      ],
      "correct_answer": "Calcium chloride"
    },
    {
      "question": "What does calcium manganese acetate do to help the environment?",
      "options": [
        "It is biodegradable",
        "It costs less",
        "It melts ice faster",
        "It is colorful"
      ],
      "correct_answer": "It is biodegradable"
    },
    {
      "question": "Who might be affected by using harmful salts?",
      "options": [
        "Pets and plants",
        "Only adults",
        "Only children",
        "Only cars"
      ],
      "correct_answer": "Pets and plants"
    },
    {
      "question": "What is one downside of safer alternatives?",
      "options": [
        "They cost more",
        "They don't work",
        "They are hard to find",
        "They are too heavy"
      ],
      "correct_answer": "They cost more"
    }
  ],
  "background_read": [
    "Winter brings snow and ice that need to be cleared for safety. Many people use rock salt because it is cheap, but it can hurt pets if they walk on it or lick it, and it damages plants and pollutes water. Experts recommend other products like calcium chloride and magnesium chloride, which are safer and work better in cold temperatures. These alternatives release heat to melt ice and are less corrosive. Another option, calcium manganese acetate, is biodegradable and gentle, but it is more expensive. Learning about these choices helps protect our environment and keep animals safe during winter storms."
  ],
  "Article_Structure": [
    "WHO: Experts and people who clear snow",
    "WHAT: Using safer alternatives to rock salt for melting ice",
    "WHERE: On paths, driveways, and yards in snowy areas",
    "WHY: To protect pets, plants, and the environment from harm"
  ],
  "perspectives": [
    {
      "perspective": "Environmental protection",
      "description": "Choosing products that reduce pollution and damage to nature"
    },
    {
      "perspective": "Pet safety",
      "description": "Keeping animals safe from harmful chemicals on the ground"
    }
  ],
  "image_url": "/article_images/article_6e350453b25cbf7b_62cbdedf0aba.webp"
}