{
  "title": "Remembering Elizabeth Kelly: A Legacy in Television",
  "summary": "Elizabeth Kelly, a veteran actress renowned for her role as Nellie Ellis in the BBC soap opera EastEnders, passed away at the age of 104 in Scarborough on December 31. Her agent, Scott Marshall Partners, announced her peaceful death and highlighted her illustrious 40-year career in television. Kelly began acting in the late 1960s and gained early recognition for her role as Edie Burgess in Coronation Street in 1971. She later appeared in various drama series such as The Bill and Where the Heart Is. In 1993, she joined EastEnders as the sharp-tongued Nellie Ellis, a character she portrayed until 1998, with a final appearance in 2000. The BBC issued a statement praising her warmth and kindness, expressing sadness at her passing. This article serves as an obituary, detailing her professional journey and the impact she had on the entertainment industry, while also noting unrelated content about other EastEnders actors that may distract from the main focus.",
  "keywords": [
    {
      "term": "veteran actress",
      "explanation": "an experienced actress who has worked in the industry for many years"
    },
    {
      "term": "obituary",
      "explanation": "a notice or article announcing someone's death and summarizing their life"
    },
    {
      "term": "illustrious career",
      "explanation": "a distinguished and successful professional journey"
    },
    {
      "term": "sharp-tongued",
      "explanation": "describing someone who speaks in a critical or sarcastic manner"
    },
    {
      "term": "tribute",
      "explanation": "an expression of praise or respect for someone"
    }
  ],
  "questions": [
    {
      "question": "What was Elizabeth Kelly's most famous role?",
      "options": [
        "Nellie Ellis in EastEnders",
        "Edie Burgess in Coronation Street",
        "A character in The Bill",
        "A role in Where the Heart Is"
      ],
      "correct_answer": "Nellie Ellis in EastEnders"
    },
    {
      "question": "How did the BBC describe Elizabeth Kelly in their statement?",
      "options": [
        "Warm and kind",
        "Strict and demanding",
        "Funny and energetic",
        "Quiet and shy"
      ],
      "correct_answer": "Warm and kind"
    },
    {
      "question": "In which year did Elizabeth Kelly first appear in EastEnders?",
      "options": [
        "1993",
        "1971",
        "2000",
        "1998"
      ],
      "correct_answer": "1993"
    },
    {
      "question": "What is the primary purpose of this article?",
      "options": [
        "To announce her death and summarize her career",
        "To review her acting skills",
        "To promote new TV shows",
        "To discuss soap opera history"
      ],
      "correct_answer": "To announce her death and summarize her career"
    },
    {
      "question": "Which of these shows did Elizabeth Kelly NOT act in?",
      "options": [
        "Doctor Who",
        "Coronation Street",
        "The Bill",
        "Where the Heart Is"
      ],
      "correct_answer": "Doctor Who"
    },
    {
      "question": "How long did Elizabeth Kelly play Nellie Ellis in EastEnders?",
      "options": [
        "From 1993 to 1998",
        "From 1971 to 1993",
        "From 2000 to 2016",
        "From 1960s to 2000"
      ],
      "correct_answer": "From 1993 to 1998"
    },
    {
      "question": "What might be a limitation of this article?",
      "options": [
        "It includes unrelated content about other actors",
        "It provides too much detail about her early life",
        "It criticizes her acting",
        "It focuses only on her death"
      ],
      "correct_answer": "It includes unrelated content about other actors"
    },
    {
      "question": "Who announced Elizabeth Kelly's death?",
      "options": [
        "Her agent, Scott Marshall Partners",
        "The BBC news team",
        "Her family directly",
        "A government official"
      ],
      "correct_answer": "Her agent, Scott Marshall Partners"
    }
  ],
  "background_read": [
    "Elizabeth Kelly was a British actress born in Newcastle who embarked on her acting career in the late 1960s. She became a familiar face on British television, particularly in soap operas, which are serialized dramas focusing on everyday life and relationships. Her role as Nellie Ellis in EastEnders, a long-running BBC soap set in London, cemented her place in popular culture. EastEnders is known for its dramatic storylines and has been a staple of British TV since 1985. Kelly's career spanned multiple decades, reflecting changes in the television industry and audience preferences. This article provides context on her contributions to entertainment, while also highlighting the broader impact of soap operas in shaping public discourse and nostalgia."
  ],
  "Article_Structure": [
    "This 100-word analysis covers: Main Points: The article announces Elizabeth Kelly's death at 104, summarizes her 40-year acting career with key roles in EastEnders and other shows, and includes tributes from the BBC. Purpose: It serves as an obituary to inform the public and honor her legacy in television. Evidence Evaluation: Relies on statements from her agent and the BBC, which are credible sources, but includes tangential details about other actors that weaken focus. Author Credibility: The BBC is a reputable news organization, ensuring factual reporting. Methodology: Based on official announcements and public records, typical for obituary articles."
  ],
  "perspectives": [
    {
      "perspective": "Historical Tribute",
      "description": "This article frames Elizabeth Kelly's life as a significant part of British TV history, emphasizing her longevity and cultural impact."
    }
  ],
  "image_url": "/article_images/article_5314b96c791e49b9_ba893353ae75.webp"
}