{
  "title": "Fun Movies Coming in 2026",
  "summary": "In 2026, many exciting movies will be released that could help movie theaters get more people to watch films, just like when Barbie and Oppenheimer came out in 2023. Some big movies include a new Spider-Man with Tom Holland, a second Super Mario Brothers film, and a sequel to The Devil Wears Prada. There are also movies based on books, like Hamnet about Shakespeare's life, and scary movies like a new Scream. Other films include Wuthering Heights, a love story, and a comedy called Is This Thing On? The article lists 20 movies to look forward to, hoping they will make the movie industry very busy and successful after some quiet years.",
  "keywords": [
    {
      "term": "movies",
      "explanation": "films or stories shown in theaters or on screens"
    },
    {
      "term": "theaters",
      "explanation": "places where people go to watch movies on a big screen"
    },
    {
      "term": "sequel",
      "explanation": "a new movie that continues the story of an earlier one"
    },
    {
      "term": "Shakespeare",
      "explanation": "a famous writer from long ago who wrote plays like Hamlet"
    },
    {
      "term": "comedy",
      "explanation": "a funny movie that makes people laugh"
    },
    {
      "term": "industry",
      "explanation": "a group of businesses, like movie-making companies"
    }
  ],
  "questions": [
    {
      "question": "What year are the movies in this article coming out?",
      "options": [
        "2023",
        "2024",
        "2025",
        "2026"
      ],
      "correct_answer": "2026"
    },
    {
      "question": "Which movie is a sequel to The Devil Wears Prada?",
      "options": [
        "Hamnet",
        "Spider-Man",
        "The Devil Wears Prada 2",
        "Wuthering Heights"
      ],
      "correct_answer": "The Devil Wears Prada 2"
    },
    {
      "question": "Who is the main character in Hamnet?",
      "options": [
        "Tom Holland",
        "William Shakespeare",
        "Margot Robbie",
        "Bradley Cooper"
      ],
      "correct_answer": "William Shakespeare"
    },
    {
      "question": "What type of movie is Is This Thing On?",
      "options": [
        "Scary movie",
        "Love story",
        "Comedy",
        "Action film"
      ],
      "correct_answer": "Comedy"
    },
    {
      "question": "Why does the article say 2026 could be a big year for movies?",
      "options": [
        "Because of new video games",
        "Because many anticipated films might bring more people to theaters",
        "Because of a new holiday",
        "Because movies are cheaper"
      ],
      "correct_answer": "Because many anticipated films might bring more people to theaters"
    },
    {
      "question": "Which movie features a character named Heathcliff?",
      "options": [
        "Hamnet",
        "Wuthering Heights",
        "Scream",
        "The Odyssey"
      ],
      "correct_answer": "Wuthering Heights"
    }
  ],
  "background_read": [
    "This article talks about upcoming movies in 2026 that could make movie theaters popular again. It mentions big names like Spider-Man and sequels to favorite films. Some movies are based on books or real people, and others are new stories. The goal is to get more people excited about going to the movies after some slow years."
  ],
  "Article_Structure": [
    "WHO: Movie fans and people who like going to theaters.",
    "WHAT: A list of 20 movies coming in 2026 that might help the movie industry grow.",
    "WHERE: In movie theaters around the world.",
    "WHY: To share exciting news and hope for more moviegoers after quiet times."
  ],
  "perspectives": [
    {
      "perspective": "Optimistic view",
      "description": "The article is hopeful that these movies will bring joy and success to theaters."
    }
  ],
  "image_url": "/article_images/article_50efabc2544dfb9a_7c4e55aac178.webp"
}