{
  "title": "Cinematic Forecast 2026: Analyzing Potential Industry Revitalization Through Anticipated Releases",
  "summary": "This article provides a comprehensive preview of 20 films slated for release in 2026, positing that they may catalyze a resurgence in cinema attendance and box office performance, analogous to the 2023 phenomenon driven by Barbie and Oppenheimer. It highlights a diverse array of projects, including major franchise extensions such as the fourth Spider-Man installment with Tom Holland, The Devil Wears Prada 2, Avengers: Doomsday, and the third Dune movie, alongside prestige films like Hamnet—an adaptation of Maggie O'Farrell's novel exploring Shakespeare's personal life, which is anticipated as an Oscar contender. The piece also details genre-specific entries: a new Scream film directed by Kevin Williamson with returning cast, Emerald Fennell's Wuthering Heights featuring Jacob Elordi and Margot Robbie, Bradley Cooper's comedy Is This Thing On?, and a biographical drama about Ann Lee. By emphasizing the potential for these releases to address post-Covid industry challenges, the article underscores themes of economic recovery, audience re-engagement, and the blending of commercial and artistic cinema, while noting the speculative nature of such predictions based on current announcements.",
  "keywords": [
    {
      "term": "catalyze",
      "explanation": "to cause or accelerate a process, such as industry growth"
    },
    {
      "term": "resurgence",
      "explanation": "a revival or renewed increase in activity, like cinema attendance"
    },
    {
      "term": "prestige films",
      "explanation": "movies aimed at critical acclaim and awards rather than just box office success"
    },
    {
      "term": "speculative",
      "explanation": "based on conjecture rather than solid evidence, as with future film performance"
    },
    {
      "term": "economic recovery",
      "explanation": "the process of improving financial conditions after a downturn"
    },
    {
      "term": "audience re-engagement",
      "explanation": "the effort to attract viewers back to theaters after a decline"
    },
    {
      "term": "commercial cinema",
      "explanation": "films designed primarily for mass appeal and profit"
    },
    {
      "term": "artistic cinema",
      "explanation": "films focused on creative expression and narrative depth"
    },
    {
      "term": "adaptation",
      "explanation": "a movie based on another work, such as a book or play"
    },
    {
      "term": "industry challenges",
      "explanation": "obstacles faced by the film sector, like post-pandemic effects"
    }
  ],
  "questions": [
    {
      "question": "How does the article frame the potential impact of 2026 films relative to 2023?",
      "options": [
        "As a guaranteed success",
        "As a speculative catalyst similar to Barbie and Oppenheimer",
        "As a decline in quality",
        "As unrelated to past trends"
      ],
      "correct_answer": "As a speculative catalyst similar to Barbie and Oppenheimer"
    },
    {
      "question": "What is the significance of Hamnet in the context of 2026 releases?",
      "options": [
        "It is a low-budget indie film",
        "It represents a franchise reboot",
        "It is an Oscar-hopeful adaptation of a literary work",
        "It is a documentary"
      ],
      "correct_answer": "It is an Oscar-hopeful adaptation of a literary work"
    },
    {
      "question": "Which director is associated with both Saltburn and Wuthering Heights?",
      "options": [
        "Christopher Nolan",
        "Emerald Fennell",
        "Bradley Cooper",
        "Kevin Williamson"
      ],
      "correct_answer": "Emerald Fennell"
    },
    {
      "question": "What methodological approach does the article use to discuss 2026 films?",
      "options": [
        "Statistical analysis of past data",
        "Compilation of announced projects and industry speculation",
        "Interviews with filmmakers",
        "Box office projections"
      ],
      "correct_answer": "Compilation of announced projects and industry speculation"
    },
    {
      "question": "How does the article address author credibility?",
      "options": [
        "By naming experts",
        "By citing BBC News as a source without author details",
        "By providing film reviews",
        "By listing production credits"
      ],
      "correct_answer": "By citing BBC News as a source without author details"
    },
    {
      "question": "What critical assessment can be made about the article's predictions?",
      "options": [
        "They are based on confirmed audience data",
        "They are overly optimistic and lack empirical support",
        "They ignore economic factors",
        "They focus solely on artistic merit"
      ],
      "correct_answer": "They are overly optimistic and lack empirical support"
    },
    {
      "question": "Which film involves a real historical figure from the 18th century?",
      "options": [
        "The Devil Wears Prada 2",
        "Ann Lee biographical drama",
        "Is This Thing On?",
        "Avengers: Doomsday"
      ],
      "correct_answer": "Ann Lee biographical drama"
    },
    {
      "question": "What theme does the article emphasize regarding post-Covid cinema?",
      "options": [
        "Technological innovation",
        "Need for recovery and re-engagement",
        "Rise of streaming dominance",
        "Decline of franchise films"
      ],
      "correct_answer": "Need for recovery and re-engagement"
    },
    {
      "question": "How are franchise films characterized in the article?",
      "options": [
        "As solely artistic endeavors",
        "As key drivers for box office potential",
        "As irrelevant to industry trends",
        "As low-risk projects"
      ],
      "correct_answer": "As key drivers for box office potential"
    },
    {
      "question": "What is a limitation of the article's evidence evaluation?",
      "options": [
        "It uses peer-reviewed studies",
        "It relies on speculative announcements without performance data",
        "It includes audience surveys",
        "It critiques film quality in depth"
      ],
      "correct_answer": "It relies on speculative announcements without performance data"
    }
  ],
  "background_read": [
    "This article analyzes the upcoming 2026 film slate as a potential turning point for the cinema industry, which has faced significant challenges post-Covid-19. It explores the interplay between commercial blockbusters and prestige projects, highlighting how diverse releases might foster economic and cultural revitalization. Background knowledge includes understanding industry dynamics such as box office trends, the role of franchises, and the impact of award seasons. The piece serves as a speculative forecast, raising questions about the reliability of such predictions and the broader context of media consumption shifts."
  ],
  "Article_Structure": [
    "Main Points: The article details 20 anticipated 2026 films, including franchises and prestige works, arguing they could boost cinema akin to 2023 successes. Purpose: To forecast industry recovery and generate hype, situating releases within post-Covid challenges. Evidence Evaluation: Based on film announcements and trends, but speculative without empirical data, limiting reliability. Author Credibility: Sourced from BBC News, implying journalistic standards, though anonymous authorship reduces individual accountability. Methodology: Compilatory preview using industry insights, lacking original research or data analysis. Critical Assessment: Strengths include comprehensive coverage and contextual awareness; limitations involve optimism bias and absence of verifiable performance metrics."
  ],
  "perspectives": [
    {
      "perspective": "Speculative optimism",
      "description": "The article projects hope for industry revival through announced films, despite uncertain outcomes."
    }
  ],
  "image_url": "/article_images/article_50efabc2544dfb9a_7c4e55aac178.webp"
}