{
  "title": "Elena Rybakina Wins Big Tennis Match After Four Years",
  "summary": "Elena Rybakina is a tennis player who won a big tournament called Wimbledon four years ago. She did not celebrate much then. Now, she has won another big tournament called the Australian Open. She beat Aryna Sabalenka in a tough match. Rybakina felt happy and relieved. She worked hard with her team to get better. This win shows she can play well against top players like Sabalenka and Iga Swiatek. Rybakina believes in herself more now. Tennis has big events called Grand Slams, and winning them is a big deal. Rybakina's return to winning makes her a strong player again.",
  "keywords": [
    {
      "term": "tennis",
      "explanation": "a sport where players hit a ball over a net with rackets"
    },
    {
      "term": "tournament",
      "explanation": "a competition where players play matches to win a prize"
    },
    {
      "term": "Australian Open",
      "explanation": "a big tennis event held in Australia"
    },
    {
      "term": "Wimbledon",
      "explanation": "a famous tennis tournament in England"
    },
    {
      "term": "Grand Slam",
      "explanation": "the four biggest tennis tournaments in the world"
    },
    {
      "term": "team",
      "explanation": "a group of people who work together, like coaches and helpers"
    }
  ],
  "questions": [
    {
      "question": "What sport does Elena Rybakina play?",
      "options": [
        "Tennis",
        "Soccer",
        "Basketball",
        "Golf"
      ],
      "correct_answer": "Tennis"
    },
    {
      "question": "How many years passed between Rybakina's Wimbledon win and her Australian Open win?",
      "options": [
        "Two years",
        "Three years",
        "Four years",
        "Five years"
      ],
      "correct_answer": "Four years"
    },
    {
      "question": "Who did Rybakina beat in the Australian Open final?",
      "options": [
        "Iga Swiatek",
        "Aryna Sabalenka",
        "Jessica Pegula",
        "Novak Djokovic"
      ],
      "correct_answer": "Aryna Sabalenka"
    },
    {
      "question": "What did Rybakina do after winning the Australian Open?",
      "options": [
        "She cried loudly",
        "She clapped her hands",
        "She clenched a fist and shook her head",
        "She jumped up and down"
      ],
      "correct_answer": "She clenched a fist and shook her head"
    },
    {
      "question": "What helped Rybakina get better at tennis?",
      "options": [
        "Watching TV",
        "Working hard with her team",
        "Eating healthy food",
        "Playing video games"
      ],
      "correct_answer": "Working hard with her team"
    },
    {
      "question": "What are the big tennis tournaments called?",
      "options": [
        "World Cups",
        "Grand Slams",
        "Championships",
        "Leagues"
      ],
      "correct_answer": "Grand Slams"
    }
  ],
  "background_read": [
    "Tennis is a popular sport played around the world. Players use rackets to hit a ball over a net. There are four major tournaments called Grand Slams: the Australian Open, French Open, Wimbledon, and US Open. Winning a Grand Slam is a big achievement for any tennis player. Players often have teams to help them train and improve. Elena Rybakina is from Kazakhstan and has won two Grand Slam titles."
  ],
  "Article_Structure": [
    "WHO: Elena Rybakina, a tennis player from Kazakhstan",
    "WHAT: She won the Australian Open after four years since her Wimbledon win",
    "WHERE: The match happened in Melbourne, Australia",
    "WHY: To show she can compete at the top level again and gain confidence"
  ],
  "perspectives": [
    {
      "perspective": "Player's View",
      "description": "Rybakina feels relieved and believes in herself after working hard with her team."
    }
  ],
  "image_url": "/article_images/article_8af6e13c3ec4860d_c248bcd7feb2.webp"
}