{
  "title": "Emma Raducanu's Tennis Match Delayed by Rain",
  "summary": "Emma Raducanu is a tennis player from Britain. She was playing a match against Camila Osorio in Hobart, Australia. The match had to stop because of heavy rain. Emma was winning the first set 6-3 and losing the second set 2-4 when the rain came. Both players had to leave the court. They will try to finish the match on Wednesday. Emma is getting ready for the Australian Open, a big tennis tournament. Another player, Magdalena Frech, won her match and will play the winner of Emma's match. The article also talks about other tennis players like Harriet Dart and Mimi Xu, who played in different matches.",
  "keywords": [
    {
      "term": "tennis",
      "explanation": "a sport where players hit a ball over a net with a racket"
    },
    {
      "term": "rain",
      "explanation": "water falling from the sky that can stop outdoor games"
    },
    {
      "term": "match",
      "explanation": "a game between two players or teams"
    },
    {
      "term": "set",
      "explanation": "a part of a tennis match, usually won by the first player to win six games"
    },
    {
      "term": "tournament",
      "explanation": "a series of games where players compete to win a prize"
    },
    {
      "term": "player",
      "explanation": "a person who takes part in a sport"
    }
  ],
  "questions": [
    {
      "question": "Why did Emma Raducanu's tennis match stop?",
      "options": [
        "Because of rain",
        "Because she was hurt",
        "Because it was too hot",
        "Because she won"
      ],
      "correct_answer": "Because of rain"
    },
    {
      "question": "Where was Emma Raducanu playing her match?",
      "options": [
        "In Hobart, Australia",
        "In London, Britain",
        "In Melbourne, Australia",
        "In Paris, France"
      ],
      "correct_answer": "In Hobart, Australia"
    },
    {
      "question": "Who was Emma Raducanu playing against?",
      "options": [
        "Camila Osorio",
        "Magdalena Frech",
        "Harriet Dart",
        "Maria Sakkari"
      ],
      "correct_answer": "Camila Osorio"
    },
    {
      "question": "What was the score when the match stopped?",
      "options": [
        "6-3 2-4",
        "6-0 6-0",
        "3-6 4-2",
        "5-7 6-3"
      ],
      "correct_answer": "6-3 2-4"
    },
    {
      "question": "When will Emma try to finish her match?",
      "options": [
        "On Wednesday",
        "On Sunday",
        "On Monday",
        "On Friday"
      ],
      "correct_answer": "On Wednesday"
    },
    {
      "question": "What big tournament is Emma getting ready for?",
      "options": [
        "The Australian Open",
        "The Wimbledon",
        "The US Open",
        "The French Open"
      ],
      "correct_answer": "The Australian Open"
    }
  ],
  "background_read": [
    "Tennis is a popular sport played all over the world. Players compete in matches that can be stopped by bad weather like rain. Tournaments like the Australian Open are major events where top players gather. Emma Raducanu is a young British player who became famous by winning a big tournament in 2021. This article talks about her current matches and how weather affects sports."
  ],
  "Article_Structure": [
    "WHO: Emma Raducanu, a British tennis player, and other players like Camila Osorio and Harriet Dart.",
    "WHAT: A tennis match was delayed by rain, and players are preparing for upcoming tournaments.",
    "WHERE: In Hobart, Australia, and other places like Melbourne.",
    "WHY: To report on tennis events and how weather impacts sports schedules."
  ],
  "perspectives": [
    {
      "perspective": "Sports Fan",
      "description": "Excited to follow Emma Raducanu's progress and see how she does in her matches."
    }
  ],
  "image_url": "/article_images/article_a52755e118ef2176_b4c28684b111.webp"
}