{
  "title": "A Paradigm Shift in Dairy Nutrition: High-Oleic Soybeans and Economic Viability",
  "summary": "This article details a transformative agricultural innovation centered on high-oleic soybeans, which are reshaping dairy farming economics and nutritional science. On the Preston family farm in southern Michigan, a collaboration with Michigan State University has demonstrated that integrating these soybeans into dairy cow diets rapidly elevates milk fat and protein concentrations, thereby enhancing milk's market value. Concurrently, the farm achieved a 20% reduction in monthly purchased feed costs, translating to substantial financial savings. The scientific foundation, spearheaded by Professor Adam Lock, encompasses over a decade of research into dietary fats, particularly oleic acid's role in optimizing milk composition and cow health. Funding from the USDA National Institute of Food and Agriculture and industry partners underscores the project's credibility and real-world applicability. Further studies revealed that roasting the soybeans augments their efficacy, offering a processing advantage. This innovation mitigates reliance on costly nutritional supplements, such as added fats and amino acids, and has spurred demand, evidenced by seed shortages in Michigan. The article posits this as a once-in-a-generation advancement, highlighting how interdisciplinary research—merging agronomy, animal science, and economics—can drive sustainable practices and profitability in the dairy sector, with potential industry-wide implications.",
  "keywords": [
    {
      "term": "high-oleic soybeans",
      "explanation": "genetically or selectively bred soybeans with elevated oleic acid content, used to enhance dairy cow nutrition and milk quality"
    },
    {
      "term": "oleic acid",
      "explanation": "a monounsaturated omega-9 fatty acid that influences lipid metabolism in cows, improving milk fat synthesis and overall health"
    },
    {
      "term": "milk composition",
      "explanation": "the biochemical profile of milk, including percentages of fat, protein, lactose, and minerals, critical for nutritional value and processing"
    },
    {
      "term": "dietary fats",
      "explanation": "lipids incorporated into animal feeds that affect metabolic pathways, energy balance, and production outcomes in livestock"
    },
    {
      "term": "feed cost reduction",
      "explanation": "a decrease in expenditures on commercial feeds and supplements, achieved through alternative nutritional strategies like high-oleic soybeans"
    },
    {
      "term": "roasting enhancement",
      "explanation": "a thermal processing technique that denatures anti-nutritional factors in soybeans, increasing digestibility and nutrient availability for cows"
    },
    {
      "term": "USDA funding",
      "explanation": "financial support from the United States Department of Agriculture's National Institute of Food and Agriculture, facilitating agricultural research and innovation"
    },
    {
      "term": "interdisciplinary research",
      "explanation": "collaborative studies integrating fields such as agronomy, animal science, and economics to address complex agricultural challenges"
    },
    {
      "term": "supplement reliance",
      "explanation": "dependence on added nutritional products to meet dietary requirements, which can be costly and logistically challenging for farms"
    },
    {
      "term": "paradigm shift",
      "explanation": "a fundamental change in approach or methodology, here referring to the move towards science-based, cost-effective feeding strategies in dairy farming"
    }
  ],
  "questions": [
    {
      "question": "What is the primary financial impact observed by the Preston farm after adopting high-oleic soybeans?",
      "options": [
        "Increased milk production volume",
        "20% reduction in purchased feed costs",
        "Higher labor costs",
        "Decreased land value"
      ],
      "correct_answer": "20% reduction in purchased feed costs"
    },
    {
      "question": "Which fatty acid is emphasized in the research for its role in improving milk fat?",
      "options": [
        "Linoleic acid",
        "Oleic acid",
        "Arachidonic acid",
        "Eicosapentaenoic acid"
      ],
      "correct_answer": "Oleic acid"
    },
    {
      "question": "How does roasting the soybeans affect their utility in dairy diets?",
      "options": [
        "Reduces cost",
        "Enhances milk production benefits",
        "Makes them inedible",
        "Decreases protein content"
      ],
      "correct_answer": "Enhances milk production benefits"
    },
    {
      "question": "What funding source is highlighted as crucial for this research?",
      "options": [
        "Private investors only",
        "USDA National Institute of Food and Agriculture",
        "Local charities",
        "International grants"
      ],
      "correct_answer": "USDA National Institute of Food and Agriculture"
    },
    {
      "question": "What does the term 'once-in-a-generation change' refer to in the context of the article?",
      "options": [
        "A temporary trend",
        "A minor adjustment in farming",
        "A transformative innovation with lasting industry effects",
        "A decrease in milk quality"
      ],
      "correct_answer": "A transformative innovation with lasting industry effects"
    },
    {
      "question": "Which academic department at Michigan State University is involved in the research?",
      "options": [
        "Department of Computer Science",
        "Department of Animal Science",
        "Department of History",
        "Department of Engineering"
      ],
      "correct_answer": "Department of Animal Science"
    },
    {
      "question": "What is a key benefit of reducing supplement reliance through high-oleic soybeans?",
      "options": [
        "Increased environmental pollution",
        "Lower operational costs and simplified feeding",
        "Higher water usage",
        "Decreased cow health"
      ],
      "correct_answer": "Lower operational costs and simplified feeding"
    },
    {
      "question": "What evidence supports the growing demand for high-oleic soybeans in Michigan?",
      "options": [
        "Increased import tariffs",
        "Seed suppliers running out of stock",
        "Government bans",
        "Decreased research funding"
      ],
      "correct_answer": "Seed suppliers running out of stock"
    },
    {
      "question": "How does the article characterize the collaboration between the farm and university?",
      "options": [
        "As a competitive rivalry",
        "As a research-driven partnership with practical outcomes",
        "As a one-time event",
        "As unrelated to science"
      ],
      "correct_answer": "As a research-driven partnership with practical outcomes"
    },
    {
      "question": "What broader implication does the article suggest for the dairy industry?",
      "options": [
        "A shift towards less sustainable practices",
        "Potential widespread adoption of science-based feeding strategies",
        "Increased dependence on imports",
        "Decline in milk consumption"
      ],
      "correct_answer": "Potential widespread adoption of science-based feeding strategies"
    }
  ],
  "background_read": [
    "Dairy farming is a complex industry involving animal husbandry, nutrition, and economics. Milk composition, particularly fat and protein levels, is vital for product quality, affecting cheese yield, butterfat content, and nutritional labeling. High-oleic soybeans are part of a broader trend in agricultural biotechnology and plant breeding aimed at enhancing crop traits for specific uses, such as improved animal feed. Oleic acid, a monounsaturated fat, has been studied for its benefits in human and animal health, including its role in reducing cardiovascular risk and optimizing metabolic functions. Research methodologies in animal science often include controlled feeding trials, biochemical analysis of milk, and economic assessments to evaluate new feeds. Funding from public agencies like the USDA is critical for advancing agricultural research, fostering industry partnerships, and translating findings into practical applications. This article illustrates how integrative approaches—combining field experiments, laboratory science, and economic analysis—can lead to innovations that address real-world challenges in agriculture, promoting sustainability and profitability."
  ],
  "Article_Structure": [
    "Main Points: The article outlines how high-oleic soybeans, through Michigan State University research, significantly improve milk fat and protein while cutting feed costs by 20%, representing a major economic and nutritional advance in dairy farming. Purpose: It aims to document a scientific breakthrough with practical applications, emphasizing the role of interdisciplinary research and public funding in driving agricultural innovation. Evidence Evaluation: Evidence includes empirical data from farm trials showing cost savings and milk quality improvements, supported by peer-reviewed studies on oleic acid and dietary fats, though more long-term data on cow health could strengthen claims. Author Credibility: Science Daily provides reputable science journalism, citing authoritative sources like Professor Adam Lock and farmer testimonials, enhancing reliability. Methodology: The research employed field-based interventions on the Preston farm, laboratory analyses of milk composition, and processing studies on roasting, funded by USDA and industry partners, using a mixed-methods approach. Critical Assessment: Strengths include clear economic benefits and strong scientific backing, but limitations involve a focus on one farm case and potential bias from industry funding, suggesting need for broader trials."
  ],
  "perspectives": [
    {
      "perspective": "Economic and sustainability perspective",
      "description": "Highlights how high-oleic soybeans reduce costs and environmental impact by decreasing supplement use, promoting farm viability and resource efficiency."
    },
    {
      "perspective": "Scientific and research perspective",
      "description": "Focuses on the biochemical mechanisms of oleic acid in dairy nutrition and the importance of long-term studies to validate health and production outcomes."
    },
    {
      "perspective": "Industry adoption perspective",
      "description": "Examines the challenges and opportunities in scaling this innovation, including seed availability, farmer education, and market integration."
    }
  ],
  "image_url": "/article_images/article_856925e27a19aa85_6646eafd5a2c.webp"
}