{
  "title": "Innovative Soybeans Transform Dairy Farming Economics",
  "summary": "A dairy farm in southern Michigan, in collaboration with Michigan State University, is using a unique soybean variety to revolutionize its operations. The Preston family farm dedicated 400 acres to growing high-oleic soybeans, which are rich in oleic acid, a fatty acid that enhances milk composition. After incorporating these soybeans into the cows' diet, the farm observed a rapid increase in milk fat and protein levels within three days, boosting the milk's market value. Additionally, monthly purchased feed costs dropped by 20%, saving tens of thousands of dollars. The research, led by Professor Adam Lock, builds on over a decade of study into dietary fats and dairy cow nutrition. Funding from sources like the USDA supported this work, which also found that roasting the soybeans further improves milk production benefits. This innovation reduces reliance on expensive supplements and is gaining popularity, with seed suppliers experiencing high demand. The project demonstrates how scientific research can drive practical, cost-effective solutions in agriculture, potentially impacting the entire dairy industry.",
  "keywords": [
    {
      "term": "high-oleic soybeans",
      "explanation": "soybeans with high levels of oleic acid, a monounsaturated fat that improves milk quality"
    },
    {
      "term": "oleic acid",
      "explanation": "a fatty acid found in plants and animals that can enhance nutritional value"
    },
    {
      "term": "milk composition",
      "explanation": "the amounts of fat, protein, and other components in milk, affecting its quality"
    },
    {
      "term": "feed costs",
      "explanation": "the money spent on food for livestock, which impacts farm profitability"
    },
    {
      "term": "dietary fats",
      "explanation": "fats included in animal diets that influence health and production outcomes"
    },
    {
      "term": "supplements",
      "explanation": "additional nutrients added to feed to optimize animal nutrition"
    },
    {
      "term": "roasting",
      "explanation": "a processing method that heats soybeans to enhance their benefits for milk production"
    },
    {
      "term": "USDA funding",
      "explanation": "financial support from the United States Department of Agriculture for agricultural research"
    }
  ],
  "questions": [
    {
      "question": "What percentage did the Preston farm's purchased feed costs drop after using high-oleic soybeans?",
      "options": [
        "10%",
        "20%",
        "30%",
        "40%"
      ],
      "correct_answer": "20%"
    },
    {
      "question": "Who leads the research group studying dietary fats at Michigan State University?",
      "options": [
        "Brian Preston",
        "Adam Lock",
        "A USDA official",
        "A seed supplier"
      ],
      "correct_answer": "Adam Lock"
    },
    {
      "question": "What is the main fatty acid in high-oleic soybeans that benefits milk?",
      "options": [
        "Linoleic acid",
        "Oleic acid",
        "Palmitic acid",
        "Stearic acid"
      ],
      "correct_answer": "Oleic acid"
    },
    {
      "question": "How long did it take for milk fat and protein levels to increase after feeding the soybeans?",
      "options": [
        "One week",
        "Three days",
        "One month",
        "Immediately"
      ],
      "correct_answer": "Three days"
    },
    {
      "question": "What additional processing step further enhanced the soybeans' benefits?",
      "options": [
        "Freezing",
        "Roasting",
        "Grinding",
        "Fermenting"
      ],
      "correct_answer": "Roasting"
    },
    {
      "question": "Which organization provided funding for this research?",
      "options": [
        "NASA",
        "USDA",
        "FDA",
        "EPA"
      ],
      "correct_answer": "USDA"
    },
    {
      "question": "What is one reason high-oleic soybeans reduce farm expenses?",
      "options": [
        "They increase milk price",
        "They replace expensive supplements",
        "They require less water",
        "They grow faster"
      ],
      "correct_answer": "They replace expensive supplements"
    },
    {
      "question": "What indicates the growing interest in high-oleic soybeans in Michigan?",
      "options": [
        "Lower prices",
        "Seed suppliers running out",
        "More farms closing",
        "Decreased milk production"
      ],
      "correct_answer": "Seed suppliers running out"
    }
  ],
  "background_read": [
    "Dairy farming involves managing cows to produce milk, which is a key agricultural industry. Milk quality is determined by factors like fat and protein content, affecting its value and nutritional benefits. Farmers often use supplements, such as added fats and amino acids, to optimize cow diets, but these can be costly. Soybeans are a common crop used in animal feed due to their protein and fat content. High-oleic soybeans are a specialized variety developed through plant breeding to have higher levels of oleic acid, a heart-healthy fat. Research in animal science explores how different feeds impact livestock health and farm economics. Public funding from agencies like the USDA supports agricultural innovation to improve sustainability and profitability. This article highlights a real-world application of scientific research, showing how collaborations between universities and farms can lead to transformative changes in farming practices."
  ],
  "Article_Structure": [
    "Main Points: The article discusses how high-oleic soybeans, developed through Michigan State University research, improve milk fat and protein levels while reducing feed costs by 20% on a dairy farm. Purpose: It aims to showcase a practical innovation in dairy farming that enhances profitability and milk quality, supported by scientific evidence. Evidence Evaluation: The evidence includes farm data showing cost savings and milk improvements, backed by over a decade of university research and peer-reviewed studies on dietary fats. Author Credibility: The information comes from Science Daily, a reputable science news source, citing experts like Professor Adam Lock and farmer Brian Preston. Methodology: The research involved field trials on the Preston farm, laboratory analysis of milk composition, and studies on roasting effects, funded by USDA and industry partners."
  ],
  "perspectives": [
    {
      "perspective": "Economic perspective",
      "description": "Focuses on how the soybeans reduce costs and increase farm profitability, making dairy farming more sustainable."
    },
    {
      "perspective": "Scientific perspective",
      "description": "Emphasizes the research behind dietary fats and the role of oleic acid in improving milk composition and cow health."
    }
  ],
  "image_url": "/article_images/article_856925e27a19aa85_6646eafd5a2c.webp"
}