{
  "title": "Cinematic Interpretation of Grief and Gender in Hamnet",
  "summary": "Hamnet, a film adaptation of Maggie O'Farrell's 2020 novel, offers a nuanced exploration of William Shakespeare's domestic life, centering on his relationship with Agnes (historically Anne Hathaway) and the tragic loss of their son Hamnet, which purportedly influenced Shakespeare's Hamlet. Starring Jessie Buckley and Paul Mescal, the narrative delves into themes of love, maternal grief, and artistic inspiration, positioning Agnes as a multifaceted character rather than a mere adjunct to Shakespeare. Buckley's performance is analyzed through her personal reflections on portraying motherhood without direct experience, highlighting her reliance on emotional empathy and professional dedication. Directed by Chloé Zhao, whose previous work Nomadland earned her an Oscar, the film benefits from her sensitive directorial approach, co-adapting the screenplay with O'Farrell to maintain literary fidelity. Supported by a cast including Emily Watson and Joe Alwyn, the production has garnered critical acclaim for its emotional depth and cinematic craftsmanship, as evidenced by positive reviews such as Robbie Collin's five-star assessment in the Telegraph. This article contextualizes the film within broader discussions of gender representation in historical narratives and the challenges of adapting literary works to screen.",
  "keywords": [
    {
      "term": "nuanced exploration",
      "explanation": "A detailed and subtle examination of complex themes"
    },
    {
      "term": "maternal grief",
      "explanation": "The profound sorrow experienced by a mother due to loss"
    },
    {
      "term": "artistic inspiration",
      "explanation": "The influence of personal experiences on creative works"
    },
    {
      "term": "literary fidelity",
      "explanation": "Faithfulness to the original text in an adaptation"
    },
    {
      "term": "gender representation",
      "explanation": "The portrayal of gender roles and identities in media"
    },
    {
      "term": "cinematic craftsmanship",
      "explanation": "The skill and artistry involved in filmmaking"
    }
  ],
  "questions": [
    {
      "question": "How does Hamnet connect Shakespeare's personal life to his play Hamlet?",
      "options": [
        "By exploring the grief over his son's death as inspiration",
        "By directly quoting lines from Hamlet",
        "By setting the film in the same location",
        "By using the same actors"
      ],
      "correct_answer": "By exploring the grief over his son's death as inspiration"
    },
    {
      "question": "What challenge did Jessie Buckley face in portraying Agnes?",
      "options": [
        "Lack of personal experience with motherhood and child loss",
        "Difficulty memorizing lines",
        "Disagreements with the director",
        "Physical demands of the role"
      ],
      "correct_answer": "Lack of personal experience with motherhood and child loss"
    },
    {
      "question": "What is Chloé Zhao's role in the film's adaptation?",
      "options": [
        "Co-adapting the screenplay and directing",
        "Only acting as a producer",
        "Writing the original novel",
        "Composing the music"
      ],
      "correct_answer": "Co-adapting the screenplay and directing"
    },
    {
      "question": "How does the article assess the film's critical reception?",
      "options": [
        "As broadly positive with specific praise from critics",
        "As mixed with no standout reviews",
        "As negative due to adaptation issues",
        "As unknown and unreviewed"
      ],
      "correct_answer": "As broadly positive with specific praise from critics"
    },
    {
      "question": "What broader theme does the film address regarding historical narratives?",
      "options": [
        "Gender representation and women's agency",
        "Political conflicts of the era",
        "Technological advancements",
        "Economic systems"
      ],
      "correct_answer": "Gender representation and women's agency"
    },
    {
      "question": "What methodology does the article use to present information?",
      "options": [
        "Interviews, director statements, and critic reviews",
        "Scientific studies and data analysis",
        "Personal anecdotes only",
        "Fictional storytelling"
      ],
      "correct_answer": "Interviews, director statements, and critic reviews"
    },
    {
      "question": "How does Buckley describe her approach to playing Agnes?",
      "options": [
        "Relying on understanding love and human experience",
        "Imitating other actresses",
        "Following strict historical accuracy",
        "Avoiding emotional depth"
      ],
      "correct_answer": "Relying on understanding love and human experience"
    },
    {
      "question": "What is the significance of Agnes being called by another name in history?",
      "options": [
        "It reflects historical ambiguity and the film's creative interpretation",
        "It indicates a mistake in the film",
        "It shows she was a fictional character",
        "It is irrelevant to the story"
      ],
      "correct_answer": "It reflects historical ambiguity and the film's creative interpretation"
    },
    {
      "question": "What award did Chloé Zhao win prior to Hamnet?",
      "options": [
        "Oscar for Best Director for Nomadland",
        "BAFTA for Best Actress",
        "Grammy for Best Score",
        "Tony for Best Play"
      ],
      "correct_answer": "Oscar for Best Director for Nomadland"
    },
    {
      "question": "How does the film handle the character of Agnes in relation to Shakespeare?",
      "options": [
        "Positions her as central with her own narrative agency",
        "Depicts her solely as a supportive wife",
        "Omits her from key scenes",
        "Portrays her as a villain"
      ],
      "correct_answer": "Positions her as central with her own narrative agency"
    }
  ],
  "background_read": [
    "This article analyzes the film Hamnet, an adaptation of Maggie O'Farrell's 2020 novel, which reimagines the life of William Shakespeare and his wife Agnes, exploring the intersection of personal tragedy and artistic creation. It delves into Jessie Buckley's portrayal of Agnes, examining her methodological approach to acting without direct life experience, and Chloé Zhao's directorial influence from her Oscar-winning work on Nomadland. The film is situated within critical discourses on gender and historical representation, challenging traditional narratives by centering female perspectives. With supporting performances from actors like Paul Mescal and Emily Watson, the production has been praised for its emotional resonance and technical excellence. This background provides high school students with insights into film adaptation processes, actor preparation, and the socio-cultural implications of storytelling in cinema."
  ],
  "Article_Structure": [
    "Main Points: Hamnet adapts O'Farrell's novel to explore Shakespeare's grief and Agnes's centrality, using emotional depth to link personal history to artistic output. Purpose: To critically engage with gender dynamics in historical fiction and showcase cinematic adaptation as a medium for humanizing figures. Evidence Evaluation: Sources include actor interviews and critic reviews, offering credible but potentially biased perspectives; lacks counterpoints or scholarly analysis. Author Credibility: BBC Entertainment provides reliable reporting but may prioritize promotional content over critical depth. Methodology: The article synthesizes promotional materials, interviews, and reviews, employing descriptive journalism without original research. Critical Assessment: Strengths lie in accessible synthesis and highlighting key themes; limitations include superficial analysis and omission of broader academic context."
  ],
  "perspectives": [
    {
      "perspective": "Auteur Theory Application",
      "description": "Chloé Zhao's directorial style infuses the film with a poetic realism, emphasizing emotional authenticity and feminist reinterpretation."
    }
  ],
  "image_url": "/article_images/article_4af6c6bc5751cc22_ddff8fdfed21.webp"
}