{
  "title": "A Special Mailbox for Antarctica",
  "summary": "King Charles III sent a shiny red post box to a research station in Antarctica. The box has his special symbol on it and was given to the British Antarctic Survey at Rothera station. A worker named Kirsten Shaw asked for a new box to replace their old handmade one. She says sending letters is important because it helps people share their experiences in Antarctica with family and friends back home. The station is very far away, near the Falkland Islands, and staff live there for months. Getting mail makes them happy and connects them in a way that emails cannot. The box was delivered by a big ship called RRS Sir David Attenborough and will be put in a new building. This gift shows how special communication is in such a remote place.",
  "keywords": [
    {
      "term": "post box",
      "explanation": "a red box where people put letters to send mail"
    },
    {
      "term": "Antarctica",
      "explanation": "a very cold continent at the bottom of the world"
    },
    {
      "term": "King Charles III",
      "explanation": "the king of the United Kingdom who gave the gift"
    },
    {
      "term": "research station",
      "explanation": "a place where scientists work and live to study things"
    },
    {
      "term": "Rothera",
      "explanation": "the name of the station in Antarctica"
    },
    {
      "term": "mail",
      "explanation": "letters and packages sent to people"
    }
  ],
  "questions": [
    {
      "question": "Who sent the red post box to Antarctica?",
      "options": [
        "King Charles III",
        "Kirsten Shaw",
        "The Royal Mail",
        "A scientist"
      ],
      "correct_answer": "King Charles III"
    },
    {
      "question": "Where is the Rothera research station located?",
      "options": [
        "In Antarctica",
        "In the United Kingdom",
        "Near the Falkland Islands",
        "On a ship"
      ],
      "correct_answer": "In Antarctica"
    },
    {
      "question": "Why did Kirsten Shaw want a new post box?",
      "options": [
        "To replace the old handmade one",
        "To send emails faster",
        "To study the weather",
        "To make it look pretty"
      ],
      "correct_answer": "To replace the old handmade one"
    },
    {
      "question": "What makes getting mail special for the staff?",
      "options": [
        "It connects them with family and friends",
        "It helps them do research",
        "It is always delivered quickly",
        "It is sent by the king"
      ],
      "correct_answer": "It connects them with family and friends"
    },
    {
      "question": "How was the post box delivered to Rothera?",
      "options": [
        "By a ship called RRS Sir David Attenborough",
        "By airplane",
        "By a truck",
        "By a mail carrier"
      ],
      "correct_answer": "By a ship called RRS Sir David Attenborough"
    },
    {
      "question": "What will the new post box be used for?",
      "options": [
        "Sending letters from Antarctica",
        "Storing scientific equipment",
        "Decorating the station",
        "Sending emails"
      ],
      "correct_answer": "Sending letters from Antarctica"
    }
  ],
  "background_read": [
    "Antarctica is a very cold and remote place where scientists work at research stations to study things like climate. People live there for months and often feel lonely, so getting letters from home is a big deal. Post boxes are special because they help send these letters. King Charles III is the king of the United Kingdom and sometimes gives gifts to show support. The British Antarctic Survey is a group that runs stations in Antarctica to do important research."
  ],
  "Article_Structure": [
    "WHO: King Charles III and staff at the Rothera research station",
    "WHAT: A red post box was sent as a gift to replace an old handmade one",
    "WHERE: Rothera station in Antarctica, near the Falkland Islands",
    "WHY: To help staff send letters home and feel connected to family and friends"
  ],
  "perspectives": [
    {
      "perspective": "Human connection",
      "description": "The post box helps people in Antarctica stay in touch with loved ones through letters, which is more personal than emails."
    }
  ],
  "image_url": "/article_images/article_dca76e43a378935f_37f6a989aef4.webp"
}