{
  "title": "Royal Gift Enhances Communication in Antarctic Research",
  "summary": "King Charles III has gifted a new red Royal Mail post box to the British Antarctic Survey's Rothera research station in Antarctica, featuring his cypher. This initiative was requested by Kirsten Shaw, a station support assistant who manages the British Antarctic Territory Post Office, to upgrade their existing handmade box. Shaw emphasizes the emotional significance of postal communication in such an isolated environment, where staff endure months of fieldwork. Receiving handwritten letters provides a morale boost and fosters connections that digital messages cannot replicate. Rothera, established in 1975, is the largest BAS facility and a key site for climatic research, located 1,860 km south of the Falkland Islands. The post box was delivered via the polar research vessel RRS Sir David Attenborough during a supply drop after the Antarctic winter and will be installed in the new Discovery Building. This gesture highlights the challenges of postal logistics in remote areas and underscores the value of tangible communication for mental well-being in extreme conditions.",
  "keywords": [
    {
      "term": "cypher",
      "explanation": "a special symbol or monogram representing King Charles III on the post box"
    },
    {
      "term": "British Antarctic Survey",
      "explanation": "an organization that conducts scientific research in Antarctica, operating stations like Rothera"
    },
    {
      "term": "fieldwork",
      "explanation": "scientific work done by researchers in remote locations, often for extended periods"
    },
    {
      "term": "morale boost",
      "explanation": "something that improves the happiness and motivation of a group of people"
    },
    {
      "term": "postal logistics",
      "explanation": "the planning and management involved in delivering mail to difficult or distant places"
    },
    {
      "term": "RRS Sir David Attenborough",
      "explanation": "a UK polar research ship used for delivering supplies and equipment to Antarctica"
    }
  ],
  "questions": [
    {
      "question": "What is the significance of the cypher on the post box?",
      "options": [
        "It represents King Charles III",
        "It shows the station's location",
        "It is a scientific symbol",
        "It indicates the box's age"
      ],
      "correct_answer": "It represents King Charles III"
    },
    {
      "question": "Who requested the new post box for Rothera station?",
      "options": [
        "Kirsten Shaw",
        "King Charles III",
        "The Royal Mail",
        "A scientist"
      ],
      "correct_answer": "Kirsten Shaw"
    },
    {
      "question": "Why is postal communication particularly important in Antarctica according to the article?",
      "options": [
        "It provides emotional support and connection",
        "It is faster than digital messages",
        "It is required for research data",
        "It helps with weather forecasting"
      ],
      "correct_answer": "It provides emotional support and connection"
    },
    {
      "question": "What role does the British Antarctic Survey play?",
      "options": [
        "It operates research stations in Antarctica",
        "It delivers mail worldwide",
        "It manages royal gifts",
        "It builds ships for exploration"
      ],
      "correct_answer": "It operates research stations in Antarctica"
    },
    {
      "question": "How was the post box transported to Rothera?",
      "options": [
        "By the RRS Sir David Attenborough ship",
        "By airplane directly to the station",
        "By a team of sled dogs",
        "By a postal truck"
      ],
      "correct_answer": "By the RRS Sir David Attenborough ship"
    },
    {
      "question": "Where will the new post box be installed?",
      "options": [
        "In the Discovery Building",
        "Outside the main station",
        "On the research ship",
        "In a storage room"
      ],
      "correct_answer": "In the Discovery Building"
    },
    {
      "question": "What challenge does the article mention about postal services in Antarctica?",
      "options": [
        "Logistics are difficult due to remoteness",
        "There is too much mail to handle",
        "The weather is always sunny",
        "Staff prefer emails only"
      ],
      "correct_answer": "Logistics are difficult due to remoteness"
    },
    {
      "question": "When was the Rothera research station opened?",
      "options": [
        "1975",
        "1985",
        "1995",
        "2005"
      ],
      "correct_answer": "1975"
    }
  ],
  "background_read": [
    "Antarctica is a continent dedicated to scientific research under international treaties, with stations like Rothera operated by organizations such as the British Antarctic Survey. Staff at these stations face extreme isolation and harsh conditions, often working on long-term projects related to climate change. Postal services in such remote areas involve complex logistics, relying on ships like the RRS Sir David Attenborough for deliveries. King Charles III, as monarch, engages in symbolic acts to support national and international efforts, and the Royal Mail is the UK's postal service with a history of iconic red post boxes. This context helps understand the emotional and practical importance of the gift in fostering community and well-being."
  ],
  "Article_Structure": [
    "This article details King Charles III's gift of a red post box to the Rothera research station in Antarctica, requested by staff member Kirsten Shaw to enhance postal communication. Main points include the emotional value of handwritten letters for isolated workers, the station's role in climatic research, and the delivery via the RRS Sir David Attenborough. The purpose is to highlight the challenges of remote logistics and the importance of human connection in extreme environments. Evidence is based on quotes from Shaw and BAS statements, providing credible firsthand insights. Author credibility stems from BBC News as a reputable source, though direct author expertise is not specified. Methodology involves reporting on an event with interviews and official information, offering a reliable but descriptive account without in-depth analysis."
  ],
  "perspectives": [
    {
      "perspective": "Psychological well-being",
      "description": "The post box serves as a tool to combat isolation and boost morale among Antarctic staff through personal communication."
    }
  ],
  "image_url": "/article_images/article_dca76e43a378935f_37f6a989aef4.webp"
}