{
  "title": "London Fashion Week 2026: Reviving Global Status with Bold Designs",
  "summary": "London Fashion Week 2026 aims to reestablish London as a premier global fashion hub, featuring a 10% increase in participation with 41 runway shows and 20 presentations. Key highlights include Tolu Coker's sustainable collection, which uses deadstock fabric and eco-friendly dyes, showcased with King Charles III in attendance, emphasizing retro styles with vibrant colors. The British Fashion Council supports this growth by waiving fees for designers, reducing barriers to entry and attracting returning brands like Temperley London and Joseph. Established designers such as Burberry and emerging talents like William Costelloe contribute to a diverse lineup, blending minimalism with statement-making fashion. The event underscores sustainability and innovation, with music by Little Simz enhancing the experience, reflecting efforts to boost London's fashion reputation through creativity and inclusivity.",
  "keywords": [
    {
      "term": "sustainable collection",
      "explanation": "clothing lines designed with environmentally friendly materials and processes"
    },
    {
      "term": "deadstock fabric",
      "explanation": "unused fabric from previous seasons, repurposed to reduce waste"
    },
    {
      "term": "barriers to entry",
      "explanation": "obstacles that make it difficult for new designers to participate in fashion events"
    },
    {
      "term": "retro styles",
      "explanation": "fashion designs inspired by past decades, often with a nostalgic feel"
    },
    {
      "term": "global fashion hub",
      "explanation": "a city recognized worldwide as a center for fashion innovation and industry"
    },
    {
      "term": "NewGen scheme",
      "explanation": "a program by the British Fashion Council to support emerging designers"
    },
    {
      "term": "minimalism",
      "explanation": "a fashion trend focusing on simple, clean designs with few decorations"
    },
    {
      "term": "statement-making fashion",
      "explanation": "clothes designed to be bold and expressive, often attracting attention"
    }
  ],
  "questions": [
    {
      "question": "What is the main goal of London Fashion Week 2026 according to the summary?",
      "options": [
        "To reestablish London as a global fashion hub",
        "To promote only sustainable fashion",
        "To showcase only new designers",
        "To reduce the number of shows"
      ],
      "correct_answer": "To reestablish London as a global fashion hub"
    },
    {
      "question": "How does Tolu Coker incorporate sustainability into her designs?",
      "options": [
        "By using deadstock fabric and eco-friendly dyes",
        "By using only new materials",
        "By avoiding colors",
        "By making clothes smaller"
      ],
      "correct_answer": "By using deadstock fabric and eco-friendly dyes"
    },
    {
      "question": "What role does the British Fashion Council play in the event?",
      "options": [
        "Waiving fees to reduce barriers for designers",
        "Organizing all the shows personally",
        "Funding only established brands",
        "Limiting participation to UK designers"
      ],
      "correct_answer": "Waiving fees to reduce barriers for designers"
    },
    {
      "question": "Which designer returned to London Fashion Week after a seven-year break?",
      "options": [
        "Temperley London",
        "Burberry",
        "Julien MacDonald",
        "Simone Rocha"
      ],
      "correct_answer": "Temperley London"
    },
    {
      "question": "What percentage increase in participation is mentioned for this year?",
      "options": [
        "More than 10%",
        "Exactly 10%",
        "Less than 5%",
        "20%"
      ],
      "correct_answer": "More than 10%"
    },
    {
      "question": "Who performed during Tolu Coker's show?",
      "options": [
        "Little Simz",
        "King Charles III",
        "Stella McCartney",
        "Skepta"
      ],
      "correct_answer": "Little Simz"
    },
    {
      "question": "What trend is contrasted with statement-making fashion in the summary?",
      "options": [
        "Minimalism",
        "Retro styles",
        "Sustainable fashion",
        "Grungy fashion"
      ],
      "correct_answer": "Minimalism"
    },
    {
      "question": "What does the NewGen scheme support?",
      "options": [
        "Emerging designers",
        "Only sustainable brands",
        "International designers",
        "Fashion week logistics"
      ],
      "correct_answer": "Emerging designers"
    }
  ],
  "background_read": [
    "London Fashion Week is a biannual event organized by the British Fashion Council, highlighting the UK's fashion industry. It serves as a platform for designers to present seasonal collections, influencing global trends. In recent years, there has been a push towards sustainability and inclusivity, with initiatives like fee waivers to attract diverse talent. The event's history includes periods of decline, but efforts like those in 2026 aim to restore London's reputation amid competition from cities like Paris and New York. Understanding terms like deadstock fabric and barriers to entry helps grasp the economic and environmental aspects of modern fashion."
  ],
  "Article_Structure": [
    "Main Points: London Fashion Week 2026 focuses on increasing participation by 10% with 41 shows, emphasizing sustainability through designers like Tolu Coker, and reviving London's global status. Purpose: To showcase London as a leading fashion destination by supporting designers through fee waivers and highlighting innovation. Evidence Evaluation: The article cites specific examples like King Charles III's attendance and returning brands, providing credible but promotional insights from BBC News. Author Credibility: As BBC News, it offers reliable reporting but may emphasize positive aspects to attract readers. Methodology: Based on event coverage, including designer interviews and BFC announcements, with a descriptive approach."
  ],
  "perspectives": [
    {
      "perspective": "Economic and cultural revival",
      "description": "The event is seen as a strategic move to boost London's economy and cultural influence by attracting investment and talent."
    }
  ],
  "image_url": "/article_images/article_252ab2e28fb691b8_c4b4fbec61e7.webp"
}