{
  "title": "Advancements in Ocular Therapeutics: HPCM Gel as a Novel Intervention for Hypotony",
  "summary": "In a significant development within ophthalmology, researchers at Moorfields Eye Hospital in London have pioneered a novel therapeutic approach for hypotony, a rare but severe ocular disorder characterized by critically low intraocular pressure. Hypotony arises from inadequate production of vitreous humor due to factors such as trauma, inflammation, surgical complications, or pharmacological side effects, potentially culminating in blindness. Conventional management strategies, including corticosteroids and silicone oil injections, are fraught with limitations: steroids may induce toxicity over prolonged use, while silicone oil compromises optical clarity, resulting in suboptimal visual rehabilitation. To address these shortcomings, clinicians employed hydroxypropyl methylcellulose (HPCM), a biocompatible, transparent, water-based gel, as an intraocular injection. This intervention aims to restore physiological pressure and enhance visual acuity without the adverse effects associated with prior treatments. A pilot study involving eight patients demonstrated efficacy, with seven exhibiting positive responses; notably, the inaugural patient, Nicki Guy, reported transformative improvements, advancing from partial sight dependency to near-driving standard vision. This breakthrough underscores the potential of repurposing existing medical compounds for innovative applications, offering a paradigm shift in the management of hypotony and highlighting the imperative for further randomized controlled trials to validate long-term safety and efficacy.",
  "keywords": [
    {
      "term": "hypotony",
      "explanation": "an ocular condition marked by abnormally low intraocular pressure, leading to structural collapse and vision impairment"
    },
    {
      "term": "hydroxypropyl methylcellulose (HPCM)",
      "explanation": "a cellulose-derived polymer gel used as an intraocular injection to modulate pressure and maintain transparency"
    },
    {
      "term": "intraocular pressure",
      "explanation": "the hydrostatic pressure within the eyeball, essential for maintaining ocular integrity and function"
    },
    {
      "term": "vitreous humor",
      "explanation": "the gel-like substance filling the eye, crucial for pressure maintenance and optical properties"
    },
    {
      "term": "biocompatible",
      "explanation": "referring to materials that are non-toxic and compatible with biological tissues, minimizing adverse reactions"
    }
  ],
  "questions": [
    {
      "question": "What physiological mechanism underlies hypotony as described in the article?",
      "options": [
        "Insufficient vitreous humor production",
        "Excessive tear production",
        "Corneal thickening",
        "Lens dislocation"
      ],
      "correct_answer": "Insufficient vitreous humor production"
    },
    {
      "question": "Which institution is credited with developing the HPCM gel treatment?",
      "options": [
        "Moorfields Eye Hospital",
        "National Institutes of Health",
        "Harvard Medical School",
        "University of Oxford"
      ],
      "correct_answer": "Moorfields Eye Hospital"
    },
    {
      "question": "What are the primary limitations of traditional silicone oil treatment for hypotony?",
      "options": [
        "Toxicity and optical distortion",
        "High cost and invasiveness",
        "Short duration and pain",
        "Ineffectiveness and infection risk"
      ],
      "correct_answer": "Toxicity and optical distortion"
    },
    {
      "question": "How does HPCM gel differ from previous treatments in terms of material properties?",
      "options": [
        "It is transparent and water-based",
        "It is solid and opaque",
        "It is gaseous and volatile",
        "It is metallic and conductive"
      ],
      "correct_answer": "It is transparent and water-based"
    },
    {
      "question": "What was the sample size in the pilot study mentioned?",
      "options": [
        "Eight patients",
        "Twenty patients",
        "Fifty patients",
        "One hundred patients"
      ],
      "correct_answer": "Eight patients"
    },
    {
      "question": "What percentage of patients in the study showed a positive response to HPCM treatment?",
      "options": [
        "87.5%",
        "75%",
        "62.5%",
        "50%"
      ],
      "correct_answer": "87.5%"
    },
    {
      "question": "What broader implication does this treatment have for medical research?",
      "options": [
        "Repurposing existing compounds for new therapies",
        "Developing entirely synthetic eye implants",
        "Focusing solely on surgical interventions",
        "Eliminating the need for clinical trials"
      ],
      "correct_answer": "Repurposing existing compounds for new therapies"
    },
    {
      "question": "Why is Nicki Guy's case particularly significant in the article?",
      "options": [
        "She was the first patient to undergo the treatment",
        "She developed the treatment herself",
        "She had no previous eye issues",
        "She represents a control group"
      ],
      "correct_answer": "She was the first patient to undergo the treatment"
    },
    {
      "question": "What critical step is suggested for future validation of this treatment?",
      "options": [
        "Randomized controlled trials",
        "Patient surveys only",
        "Animal testing exclusively",
        "Theoretical modeling"
      ],
      "correct_answer": "Randomized controlled trials"
    },
    {
      "question": "How does the article characterize the potential impact of HPCM gel on ophthalmology?",
      "options": [
        "As a paradigm shift in managing hypotony",
        "As a minor improvement over existing methods",
        "As a temporary solution only",
        "As irrelevant to clinical practice"
      ],
      "correct_answer": "As a paradigm shift in managing hypotony"
    }
  ],
  "background_read": [
    "Hypotony represents a complex challenge in ocular medicine, defined by intraocular pressure below 6 mmHg, often resulting from dysregulation of aqueous humor dynamics or structural damage. Etiologies include post-surgical complications, uveitis, trauma, or drug-induced effects, with pathogenesis involving reduced vitreous volume leading to choroidal detachment and photoreceptor dysfunction. Traditional therapeutic modalities, such as intravitreal steroids or silicone oil tamponade, are palliative but associated with iatrogenic risks: steroids can cause cataract formation and glaucoma, while silicone oil induces emulsification and visual obscuration. The advent of hydroxypropyl methylcellulose (HPCM), a viscoelastic agent previously used in ophthalmic surgeries, as a treatment for hypotony exemplifies translational innovation. Its properties—biocompatibility, transparency, and ability to maintain intraocular pressure—address key limitations of earlier interventions. The pilot study at Moorfields, though preliminary, provides compelling anecdotal and quantitative evidence, necessitating further investigation through robust clinical trials to assess long-term outcomes, biocompatibility, and potential immunological responses, thereby informing evidence-based practice in refractive and vitreoretinal disorders."
  ],
  "Article_Structure": [
    "Main Points: The article details a breakthrough in treating hypotony with HPCM gel, highlighting its efficacy in restoring vision and safety advantages over traditional methods. Purpose: To report on a medical innovation that could revolutionize care for rare eye conditions, contextualizing it within broader ophthalmological advancements and patient narratives. Evidence Evaluation: Evidence includes a pilot study with eight patients showing high response rates and qualitative patient testimonials, but it lacks peer-reviewed publication details and long-term data, indicating preliminary yet promising findings. Author Credibility: Sourced from BBC News, the article leverages interviews with medical experts from a prestigious institution, though direct author expertise in ophthalmology is not specified, requiring cautious interpretation. Methodology: Information is derived from clinical trial data, expert interviews, and patient accounts, employing a journalistic approach that blends empirical results with human interest elements. Critical Assessment: Strengths include clear presentation of innovative treatment and real-world impact, while limitations involve small sample size, absence of control groups, and potential media bias emphasizing success stories over scientific rigor."
  ],
  "perspectives": [
    {
      "perspective": "Translational research",
      "description": "This case illustrates how repurposing existing medical materials, like HPCM gel, can lead to effective new treatments, bridging laboratory discoveries with clinical applications to address unmet medical needs."
    }
  ],
  "image_url": "/article_images/article_64bb07c23bab489e_8c69e4023d2d.webp"
}