{
  "title": "Decoding the Enigma: Orkney's Archaeological Revelation",
  "summary": "In a significant development in archaeological science, researchers at the Ness of Brodgar in Orkney have utilized cutting-edge 3D Ground Penetrating Radar (GPR) to identify an extraordinary subsurface anomaly, described as entirely dissimilar to any prior findings at this Neolithic site. The Ness of Brodgar, a crucible of prehistoric activity dating from approximately 3,500 BC to 2,400 BC, has been extensively excavated over two decades, uncovering a complex of structures that underscore its importance in Atlantic Europe. The current discovery, however, challenges established chronologies, as it may not belong to the Neolithic period, potentially indicating later human activity or an unprecedented archaeological feature. Led by archaeologist Nick Card, the team is exercising caution by withholding specifics pending further investigation, supported by funding from Time Team for an upcoming documentary. This approach underscores the methodological rigor in archaeology, where non-invasive technologies like GPR enable detailed imaging without disturbing the site. The find's location in an area with minimal deep archaeology suggests it could offer insights without necessitating long-term excavations, possibly rewriting narratives of Orkney's ancient past and highlighting the evolving role of technology in historical research.",
  "keywords": [
    {
      "term": "Ground Penetrating Radar",
      "explanation": "a geophysical method that uses electromagnetic radiation to detect and map subsurface features in three dimensions"
    },
    {
      "term": "Neolithic",
      "explanation": "a cultural period marked by the advent of agriculture, pottery, and settled societies, typically from around 10,000 to 2,000 BC"
    },
    {
      "term": "Archaeological anomaly",
      "explanation": "an unexpected finding that deviates from established patterns or expectations in a dig site"
    },
    {
      "term": "Chronology",
      "explanation": "the arrangement of events or periods in time, crucial for understanding historical sequences"
    },
    {
      "term": "Methodology",
      "explanation": "the systematic approach and techniques used in scientific research, such as excavation or remote sensing"
    },
    {
      "term": "Subsurface imaging",
      "explanation": "the process of creating visual representations of underground structures using technologies like radar"
    },
    {
      "term": "Prehistoric",
      "explanation": "pertaining to the time before written records, studied through material remains"
    },
    {
      "term": "Funding",
      "explanation": "financial resources allocated to support research initiatives and projects"
    },
    {
      "term": "Historical narrative",
      "explanation": "the constructed story of past events based on evidence and interpretation"
    },
    {
      "term": "Non-invasive techniques",
      "explanation": "methods that investigate sites without physical disturbance, preserving integrity"
    }
  ],
  "questions": [
    {
      "question": "What specific technology enabled the discovery at Ness of Brodgar?",
      "options": [
        "3D Ground Penetrating Radar",
        "Carbon dating",
        "Aerial photography",
        "Magnetic resonance imaging"
      ],
      "correct_answer": "3D Ground Penetrating Radar"
    },
    {
      "question": "How does the new discovery challenge existing knowledge?",
      "options": [
        "It may not be from the Neolithic period",
        "It confirms all previous theories",
        "It is the first find at the site",
        "It disproves the use of radar"
      ],
      "correct_answer": "It may not be from the Neolithic period"
    },
    {
      "question": "What is the significance of the Ness of Brodgar in European context?",
      "options": [
        "It is without parallel in Atlantic Europe",
        "It is the smallest Neolithic site",
        "It has no structures",
        "It is a modern settlement"
      ],
      "correct_answer": "It is without parallel in Atlantic Europe"
    },
    {
      "question": "Who provided funding for the latest archaeological work?",
      "options": [
        "Time Team",
        "National Geographic",
        "European Union",
        "Local government"
      ],
      "correct_answer": "Time Team"
    },
    {
      "question": "What methodological advantage does GPR offer in archaeology?",
      "options": [
        "Non-invasive subsurface imaging",
        "Faster excavation",
        "Cheaper than digging",
        "Immediate artifact recovery"
      ],
      "correct_answer": "Non-invasive subsurface imaging"
    },
    {
      "question": "What time range do the previously uncovered structures at the site span?",
      "options": [
        "3,500 BC to 2,400 BC",
        "1,000 AD to 1,500 AD",
        "500 BC to 0 AD",
        "10,000 BC to 8,000 BC"
      ],
      "correct_answer": "3,500 BC to 2,400 BC"
    },
    {
      "question": "Why is the team not disclosing details of the discovery immediately?",
      "options": [
        "To allow for thorough analysis and verification",
        "Because it is irrelevant",
        "Due to legal restrictions",
        "They have already published it"
      ],
      "correct_answer": "To allow for thorough analysis and verification"
    },
    {
      "question": "What role does Nick Card play in this project?",
      "options": [
        "Lead archaeologist",
        "Funding manager",
        "Radar technician",
        "Local guide"
      ],
      "correct_answer": "Lead archaeologist"
    },
    {
      "question": "How might this discovery impact historical narratives?",
      "options": [
        "It could add a new chapter to the site's history",
        "It will have no effect",
        "It disproves all previous finds",
        "It is only important for local lore"
      ],
      "correct_answer": "It could add a new chapter to the site's history"
    },
    {
      "question": "What is a key feature of the Ness of Brodgar's architecture?",
      "options": [
        "Straight lines and rectangular forms",
        "Circular and oval shapes",
        "Modern steel frames",
        "Natural cave formations"
      ],
      "correct_answer": "Straight lines and rectangular forms"
    }
  ],
  "background_read": [
    "The Ness of Brodgar in Orkney represents a pinnacle of Neolithic archaeology in Europe, with excavations revealing a complex settlement active over a millennium. Situated near the Ring of Brodgar, it offers insights into early societal structures, ritual practices, and technological advancements. The use of Ground Penetrating Radar exemplifies a shift towards non-destructive methods in archaeology, allowing for precise mapping and preservation. This background is essential for appreciating the current discovery's potential to redefine historical timelines and understanding of human occupation in prehistoric Britain, emphasizing interdisciplinary approaches combining science and humanities."
  ],
  "Article_Structure": [
    "This article presents a groundbreaking archaeological find at the Ness of Brodgar, utilizing 3D GPR to uncover an anomaly that may alter Neolithic chronologies. Main points include the discovery's uniqueness, potential non-Neolithic origin, and implications for historical narratives. The purpose is to report scientific progress and engage public interest in archaeology. Evidence evaluation notes reliance on expert accounts and technological data, though specifics are withheld, limiting immediate critique. Author credibility is bolstered by BBC sourcing and archaeologist quotes, suggesting reliability. Methodology highlights non-invasive GPR for efficient, ethical research. Critical assessment acknowledges the strength in technological innovation but notes limitations due to secrecy and need for further validation."
  ],
  "perspectives": [
    {
      "perspective": "Scientific community",
      "description": "Views this as a cautious, methodologically sound approach that could advance archaeological methods and knowledge."
    },
    {
      "perspective": "Public and media",
      "description": "Engages with the mystery and educational value, though may oversimplify the scientific process."
    }
  ],
  "image_url": "/article_images/article_7d091f1fce8471b7_fc4ad49e47a5.webp"
}