{
  "title": "Systemic Failures in NHS Cancer Care: An Analysis of Target Non-Compliance",
  "summary": "This BBC News investigation reveals that a vast majority of NHS trusts across the United Kingdom are failing to adhere to established cancer targets, resulting in protracted delays in both diagnosis and treatment phases. Experts in oncology and public health assert that these delays are directly compromising patient safety and outcomes, as timely medical intervention is critical for managing cancer effectively. The article delineates how cancer targets, such as the 62-day standard from referral to treatment, serve as vital benchmarks to ensure equitable and efficient care, yet persistent non-compliance highlights deeper systemic issues, including resource allocation inefficiencies, staffing deficits, and escalating patient demand. Incorporating an interactive tool, the piece enables public engagement by allowing individuals to assess local trust performance, thereby fostering accountability. It contextualizes these failures within broader healthcare challenges, such as funding constraints and policy gaps, and calls for strategic interventions to mitigate risks of advanced disease progression and heightened mortality, underscoring the imperative for healthcare reform and enhanced public vigilance.",
  "keywords": [
    {
      "term": "NHS trusts",
      "explanation": "Semi-autonomous organizations within the National Health Service responsible for delivering healthcare services in designated geographical areas"
    },
    {
      "term": "cancer targets",
      "explanation": "Performance metrics established by health authorities to standardize timelines for cancer diagnosis and treatment, aimed at optimizing patient outcomes"
    },
    {
      "term": "diagnosis delays",
      "explanation": "Intervals exceeding recommended timeframes for confirming cancer, potentially leading to disease advancement and reduced treatment efficacy"
    },
    {
      "term": "treatment delays",
      "explanation": "Lags in initiating therapeutic interventions for cancer, which can diminish survival probabilities and quality of life"
    },
    {
      "term": "systemic issues",
      "explanation": "Inherent flaws within the healthcare system's structure, such as inequitable resource distribution or bureaucratic inefficiencies"
    },
    {
      "term": "expert assertions",
      "explanation": "Statements from specialists based on empirical evidence and clinical experience, used to validate claims in the article"
    },
    {
      "term": "patient outcomes",
      "explanation": "Health results experienced by individuals, influenced by the timeliness and quality of medical care received"
    },
    {
      "term": "resource allocation",
      "explanation": "The process of distributing financial, human, and material resources within the NHS, often impacted by budgetary and priority decisions"
    },
    {
      "term": "interactive tool",
      "explanation": "A digital instrument that facilitates data exploration and public interaction with healthcare performance metrics"
    },
    {
      "term": "healthcare reform",
      "explanation": "Policy and structural changes intended to improve the efficiency, equity, and effectiveness of health services"
    },
    {
      "term": "public vigilance",
      "explanation": "Active monitoring and engagement by citizens to hold institutions accountable for service delivery"
    },
    {
      "term": "mortality risks",
      "explanation": "Probabilities of death associated with specific health conditions, exacerbated by delays in care"
    }
  ],
  "questions": [
    {
      "question": "What is the primary focus of the article?",
      "options": [
        "Successes in cancer care",
        "Failures of NHS trusts to meet cancer targets",
        "New cancer treatments",
        "Political elections"
      ],
      "correct_answer": "B"
    },
    {
      "question": "How do experts characterize the impact of delays?",
      "options": [
        "As harmless",
        "As compromising patient safety",
        "As improving outcomes",
        "As irrelevant"
      ],
      "correct_answer": "B"
    },
    {
      "question": "What role does the interactive tool play?",
      "options": [
        "It allows public assessment of trust performance",
        "It diagnoses cancer",
        "It replaces medical advice",
        "It tracks weather"
      ],
      "correct_answer": "A"
    },
    {
      "question": "What systemic issues are highlighted?",
      "options": [
        "Resource allocation and staffing deficits",
        "Lack of cancer targets",
        "Overfunding",
        "Too many hospitals"
      ],
      "correct_answer": "A"
    },
    {
      "question": "Why are cancer targets critical?",
      "options": [
        "They ensure timely and equitable care",
        "They increase treatment costs",
        "They are optional guidelines",
        "They delay diagnosis"
      ],
      "correct_answer": "A"
    },
    {
      "question": "What is a potential consequence of treatment delays?",
      "options": [
        "Increased mortality risks",
        "Faster recovery",
        "No effect on cancer",
        "Reduced healthcare costs"
      ],
      "correct_answer": "A"
    },
    {
      "question": "How does the article support its claims?",
      "options": [
        "Through expert opinions and data analysis",
        "With fictional stories",
        "By ignoring evidence",
        "Through advertisements"
      ],
      "correct_answer": "A"
    },
    {
      "question": "What broader context is discussed?",
      "options": [
        "Healthcare funding and policy challenges",
        "Sports events",
        "Entertainment news",
        "Historical artifacts"
      ],
      "correct_answer": "A"
    },
    {
      "question": "What is implied about author credibility?",
      "options": [
        "BBC News is generally reliable",
        "Authors are biased against the NHS",
        "No credibility is suggested",
        "It is based on personal opinions"
      ],
      "correct_answer": "A"
    },
    {
      "question": "How might resource shortages affect targets?",
      "options": [
        "By hindering timely service delivery",
        "By improving efficiency",
        "By eliminating delays",
        "By increasing staff numbers"
      ],
      "correct_answer": "A"
    },
    {
      "question": "What is the purpose of raising public awareness?",
      "options": [
        "To encourage accountability and action",
        "To distract from issues",
        "To reduce interest in healthcare",
        "To promote individual treatments"
      ],
      "correct_answer": "A"
    },
    {
      "question": "What critical assessment can be made of the evidence?",
      "options": [
        "It relies on credible sources but may oversimplify root causes",
        "It is entirely unsupported",
        "It is based on random data",
        "It excludes expert input"
      ],
      "correct_answer": "A"
    }
  ],
  "background_read": [
    "The NHS, founded on principles of universal healthcare, faces ongoing challenges due to demographic shifts, rising cancer incidence, and fiscal pressures. Cancer targets, like the 62-day standard, are part of national efforts to reduce health inequalities and improve survival rates, but performance has declined in recent years. This article situates current failures within historical underfunding, workforce crises, and policy inefficiencies, drawing on data from NHS England and expert analyses. Understanding this context is essential for grasping the complexities of healthcare delivery and the urgent need for integrated reforms to address patient safety and system sustainability."
  ],
  "Article_Structure": [
    "The article's main points detail the widespread non-compliance of NHS trusts with cancer targets, leading to harmful delays in diagnosis and treatment, supported by expert warnings on patient safety. Its purpose is to inform the public and advocate for healthcare improvements by highlighting systemic issues like resource shortages and high demand. Evidence evaluation critically assesses the use of NHS performance data and expert commentary, which are generally reliable but may lack comprehensive analysis of underlying economic or political factors. Author credibility is bolstered by BBC News' established reputation, though potential biases towards public service accountability should be considered. Methodology involves data aggregation from trust reports and inclusion of expert insights, providing a factual yet somewhat surface-level examination. Critical assessment notes strengths in raising awareness and using interactive tools for engagement, but limitations include insufficient depth on long-term solutions and potential oversimplification of complex healthcare dynamics."
  ],
  "perspectives": [
    {
      "perspective": "Clinical experts",
      "description": "They highlight evidence-based risks of delays and advocate for optimized care pathways."
    },
    {
      "perspective": "Health economists",
      "description": "They analyze cost-benefit implications of target failures and propose efficiency measures."
    },
    {
      "perspective": "Patient advocates",
      "description": "They emphasize emotional and physical tolls on individuals and call for patient-centered reforms."
    },
    {
      "perspective": "Policy analysts",
      "description": "They critique governance structures and suggest regulatory changes to enhance accountability."
    }
  ],
  "image_url": "/article_images/article_552df7efa88a77d5_2209cd5fd789.webp"
}