{
  "title": "Strategic Advances and Rivalry Intensification in Qatar Open Quarter-Finals",
  "summary": "The Qatar Open witnessed significant advancements as Jannik Sinner and Carlos Alcaraz, the world's top-ranked tennis players, secured decisive straight-set victories to progress to the quarter-finals. Sinner, ranked second globally, overcame Alexei Popyrin 6-3 7-5, while Alcaraz, the current world number one, defeated Valentin Royer 6-2 7-5. These results position them on a collision course for a potential final showdown, reigniting their fierce rivalry from 2025, during which they contested six finals—including three Grand Slam events, with Sinner triumphing at Wimbledon and Alcaraz at the French and US Opens. Sinner's remarkable consistency is underscored by his achievement of reaching the quarter-finals in 28 of his last 30 tournaments, dating back to the 2023 ATP Finals, and a record of 22 wins in his past 23 matches, with his sole defeat coming against Novak Djokovic in the Australian Open semi-finals. Concurrently, Karen Khachanov's victory over Marton Fucsovics sets up a next-round encounter with Alcaraz, and Jakub Mensik's win against Zhang Zhizhen leads to a quarter-final match with Sinner. The tournament also featured notable upsets, such as Stefanos Tsitsipas's defeat of Daniil Medvedev, and the progression of unseeded players like Arthur Fils and Jiri Lehecka, contributing to a diverse and competitive quarter-final lineup in Doha.",
  "keywords": [
    {
      "term": "decisive straight-set victories",
      "explanation": "wins achieved efficiently by capturing two consecutive sets, reflecting tactical dominance and minimal resistance from opponents"
    },
    {
      "term": "collision course",
      "explanation": "a trajectory suggesting an inevitable confrontation, often used in sports to describe potential high-stakes matches between top competitors"
    },
    {
      "term": "fierce rivalry",
      "explanation": "an intense and ongoing competitive relationship characterized by frequent matches, high performance levels, and significant media attention"
    },
    {
      "term": "remarkable consistency",
      "explanation": "the ability to maintain high performance across numerous tournaments, indicating reliability and skill in professional sports"
    },
    {
      "term": "diverse quarter-final lineup",
      "explanation": "a mix of seeded and unseeded players in the advanced stage, highlighting unpredictability and depth in the tournament field"
    }
  ],
  "questions": [
    {
      "question": "What specific scores did Alcaraz achieve in his match against Royer?",
      "options": [
        "6-3 6-2",
        "6-2 7-5",
        "7-5 6-3",
        "6-4 6-4"
      ],
      "correct_answer": "6-2 7-5"
    },
    {
      "question": "How does the article contextualize Sinner and Alcaraz's rivalry in terms of Grand Slam finals in 2025?",
      "options": [
        "They played in two Grand Slam finals",
        "They played in three Grand Slam finals",
        "They played in four Grand Slam finals",
        "They played in all Grand Slam finals"
      ],
      "correct_answer": "They played in three Grand Slam finals"
    },
    {
      "question": "What statistical evidence is provided to illustrate Sinner's tournament consistency?",
      "options": [
        "Winning 30 consecutive matches",
        "Reaching semi-finals in 25 of last 30 tournaments",
        "Reaching quarter-finals in 28 of last 30 tournaments",
        "Winning all ATP Finals matches"
      ],
      "correct_answer": "Reaching quarter-finals in 28 of last 30 tournaments"
    },
    {
      "question": "Against whom did Sinner suffer his only defeat in the past 23 matches?",
      "options": [
        "Carlos Alcaraz",
        "Novak Djokovic",
        "Daniil Medvedev",
        "Karen Khachanov"
      ],
      "correct_answer": "Novak Djokovic"
    },
    {
      "question": "Which player's victory set up a match with Alcaraz in the next round?",
      "options": [
        "Marton Fucsovics",
        "Karen Khachanov",
        "Jakub Mensik",
        "Alexei Popyrin"
      ],
      "correct_answer": "Karen Khachanov"
    },
    {
      "question": "What does the article suggest about the potential outcome of the Qatar Open regarding Sinner and Alcaraz?",
      "options": [
        "They are guaranteed to meet in the final",
        "They are on a path that could lead to a final meeting",
        "They will both lose in the quarter-finals",
        "They have already met in the final"
      ],
      "correct_answer": "They are on a path that could lead to a final meeting"
    },
    {
      "question": "How does the article describe Stefanos Tsitsipas's win over Daniil Medvedev?",
      "options": [
        "As an expected result",
        "As an upset",
        "As a straight-set victory",
        "As a comeback win"
      ],
      "correct_answer": "As an upset"
    },
    {
      "question": "What timeframe is referenced for Sinner's quarter-finals achievement streak?",
      "options": [
        "Since the 2022 ATP Finals",
        "Since the 2023 ATP Finals",
        "Since the 2024 Australian Open",
        "Since the 2025 Wimbledon"
      ],
      "correct_answer": "Since the 2023 ATP Finals"
    },
    {
      "question": "Which unseeded players are mentioned as advancing to the quarter-finals?",
      "options": [
        "Arthur Fils and Jiri Lehecka",
        "Fabian Marozsan and Zhang Zhizhen",
        "Valentin Royer and Alexei Popyrin",
        "Marton Fucsovics and Daniil Medvedev"
      ],
      "correct_answer": "Arthur Fils and Jiri Lehecka"
    },
    {
      "question": "What broader implication does the article hint at regarding the tournament's competitiveness?",
      "options": [
        "It is dominated by a single player",
        "It features a mix of established and emerging talents",
        "It lacks top-ranked players",
        "It is predictable in outcomes"
      ],
      "correct_answer": "It features a mix of established and emerging talents"
    }
  ],
  "background_read": [
    "The Qatar Open is part of the ATP Tour, held annually in Doha, and serves as a key event in the professional tennis calendar, offering ranking points and financial rewards. Jannik Sinner and Carlos Alcaraz represent the pinnacle of contemporary men's tennis, with Sinner's 2025 Australian Open and Wimbledon titles and Alcaraz's French and US Open victories underscoring their elite status. Their rivalry, marked by multiple finals in 2025, reflects broader trends in the sport, such as the transition from older champions like Novak Djokovic to younger stars. This article analyzes match outcomes, player statistics, and tournament dynamics, providing insights into strategic play, consistency metrics, and the evolving competitive landscape. Understanding these elements requires familiarity with tennis terminology, tournament structures, and historical context of player performances."
  ],
  "Article_Structure": [
    "Main Points: The article details Jannik Sinner and Carlos Alcaraz's advancement to the Qatar Open quarter-finals with efficient wins, emphasizing their ongoing rivalry from 2025 and Sinner's statistical consistency. It also covers other match results, including upsets and the progression of diverse players. Purpose: To inform about tournament developments while analyzing player narratives and competitive implications in professional tennis. Evidence Evaluation: Utilizes specific match scores and player data, which are credible through official ATP sources, though lacks deeper statistical analysis or expert commentary. Author Credibility: As a BBC production, it holds journalistic reliability, but the absence of named authors limits assessment of tennis-specific expertise. Methodology: Relies on real-time match reporting and historical data, presented in a news article format without primary research or interviews. Critical Assessment: Strengths include clear factual reporting and context on player rivalries; limitations involve superficial analysis and potential bias towards highlighting top players over broader tournament dynamics."
  ],
  "perspectives": [
    {
      "perspective": "Analytical sports journalism",
      "description": "Focuses on interpreting match results and player statistics to forecast tournament outcomes and assess broader trends in men's tennis"
    }
  ],
  "image_url": "/article_images/article_95d2ae5e37f8a8b8_ccc584be454b.webp"
}