{
  "title": "Cosmic Collisions and Dark Matter: Decoding the Champagne Cluster Merger",
  "summary": "In a groundbreaking astronomical study, researchers have detailed the Champagne Cluster, a distant galaxy cluster first cataloged on December 31, 2020, and informally named for its effervescent visual characteristics and temporal coincidence with New Year's Eve. Formally designated RM J130558.9+263048.4, this entity is elucidated through a composite image integrating data from NASA's Chandra X-ray Observatory and optical telescopes, revealing it as a binary galaxy cluster undergoing a merger. The X-ray emissions, depicted in purple, manifest an elongated morphology from superior to inferior axes, indicative of a collisional event rather than a monolithic structure, with dual galactic concentrations demarcating the progenitor clusters. Thermodynamic analysis shows that the hot intracluster gas, heated to millions of degrees, constitutes a mass exceeding the aggregate stellar content of over a hundred galaxies, while dark matter—a non-luminous gravitational component—predominates the total mass budget. Optical corroboration is provided by the Legacy Surveys, utilizing telescopes in Arizona and Chile for multiband imaging. This merger is categorized alongside rare analogues such as the Bullet Cluster, where hydrodynamic interactions produce discernible offsets between gaseous and galactic components, offering probes into dark matter properties. Investigators employed computational simulations to hypothesize dual chronologies: either a multi-billion-year pericentric passage with ongoing secondary collision, or a singular encounter approximately 400 million years antecedent with present-day recession. Published in The Astrophysical Journal by UC Davis astrophysicists, this research aims to refine models of dark matter behavior during high-velocity galactic interactions, contributing to cosmological paradigms.",
  "keywords": [
    {
      "term": "binary galaxy cluster",
      "explanation": "a system comprising two distinct galaxy clusters in the process of gravitational interaction and merger"
    },
    {
      "term": "X-ray emissions",
      "explanation": "high-energy radiation emitted by hot plasma in space, detectable by instruments like Chandra"
    },
    {
      "term": "morphology",
      "explanation": "the study of the form and structure of astronomical objects, such as the shape of gas distributions"
    },
    {
      "term": "intracluster gas",
      "explanation": "hot, diffuse gas permeating the space between galaxies within a cluster, often detected via X-rays"
    },
    {
      "term": "dark matter",
      "explanation": "a theoretical form of matter that does not interact electromagnetically, inferred from gravitational effects on visible matter"
    },
    {
      "term": "Legacy Surveys",
      "explanation": "a comprehensive astronomical imaging project using ground-based telescopes to survey large sky areas in optical wavelengths"
    },
    {
      "term": "Bullet Cluster",
      "explanation": "a canonical merging galaxy cluster where observations of gas-galaxy offsets provide empirical evidence for dark matter"
    },
    {
      "term": "computational simulations",
      "explanation": "numerical models that replicate physical processes to test astrophysical hypotheses and scenarios"
    },
    {
      "term": "pericentric passage",
      "explanation": "the closest approach point in the orbit of two colliding bodies, relevant to merger dynamics"
    },
    {
      "term": "cosmological paradigms",
      "explanation": "theoretical frameworks describing the large-scale structure and evolution of the universe"
    }
  ],
  "questions": [
    {
      "question": "What does the elongated morphology of the X-ray emissions in the Champagne Cluster signify?",
      "options": [
        "A collisional merger between two clusters",
        "A stable, isolated cluster",
        "A star-forming region",
        "A black hole activity"
      ],
      "correct_answer": "A collisional merger between two clusters"
    },
    {
      "question": "Which component constitutes the largest mass fraction in the Champagne Cluster?",
      "options": [
        "Dark matter",
        "Intracluster gas",
        "Galactic stellar mass",
        "Dust and debris"
      ],
      "correct_answer": "Dark matter"
    },
    {
      "question": "How do the Legacy Surveys contribute to the study of the Champagne Cluster?",
      "options": [
        "By providing optical imaging data",
        "By measuring X-ray emissions",
        "By conducting space-based observations only",
        "By analyzing radio waves"
      ],
      "correct_answer": "By providing optical imaging data"
    },
    {
      "question": "What is the significance of comparing the Champagne Cluster to the Bullet Cluster?",
      "options": [
        "To study dark matter behavior through gas offsets",
        "To identify new planetary systems",
        "To measure cosmic distances",
        "To detect gravitational waves"
      ],
      "correct_answer": "To study dark matter behavior through gas offsets"
    },
    {
      "question": "What are the two chronological scenarios proposed for the merger?",
      "options": [
        "Multi-billion-year pericentric passage with secondary collision, or singular encounter 400 million years ago",
        "Both clusters formed simultaneously, or one is much older",
        "Gas collision only, or full galactic merger",
        "Immediate merger, or no collision at all"
      ],
      "correct_answer": "Multi-billion-year pericentric passage with secondary collision, or singular encounter 400 million years ago"
    },
    {
      "question": "In which journal was the research on the Champagne Cluster published?",
      "options": [
        "The Astrophysical Journal",
        "Nature Astronomy",
        "Science",
        "Astronomical Journal"
      ],
      "correct_answer": "The Astrophysical Journal"
    },
    {
      "question": "What role do computational simulations play in this study?",
      "options": [
        "To test hypotheses about collision timelines and dynamics",
        "To generate the composite images",
        "To operate the telescopes",
        "To write the research paper"
      ],
      "correct_answer": "To test hypotheses about collision timelines and dynamics"
    },
    {
      "question": "What is the primary objective of investigating the Champagne Cluster?",
      "options": [
        "To refine models of dark matter behavior in high-speed collisions",
        "To discover new exoplanets",
        "To map the Milky Way",
        "To study solar system formation"
      ],
      "correct_answer": "To refine models of dark matter behavior in high-speed collisions"
    },
    {
      "question": "Which telescopes are used in the Legacy Surveys for optical data?",
      "options": [
        "Telescopes in Arizona and Chile",
        "Telescopes in space only",
        "Telescopes in Europe and Asia",
        "Telescopes in Antarctica"
      ],
      "correct_answer": "Telescopes in Arizona and Chile"
    },
    {
      "question": "What does the hot intracluster gas's mass exceed in the Champagne Cluster?",
      "options": [
        "The combined mass of all galaxies",
        "The mass of dark matter",
        "The mass of stars in one galaxy",
        "The mass of planetary systems"
      ],
      "correct_answer": "The combined mass of all galaxies"
    }
  ],
  "background_read": [
    "Galaxy clusters represent the most massive gravitationally bound structures in the universe, comprising hundreds to thousands of galaxies, hot intracluster gas emitting X-rays, and dark matter. Mergers between clusters are extreme events that drive cosmological evolution, offering laboratories for studying astrophysical processes like shock heating and dark matter interactions. The Bullet Cluster is a pivotal case where observations of gas-galaxy separations have provided compelling evidence for dark matter's existence. Advanced observational techniques, such as those from NASA's Chandra X-ray Observatory and ground-based optical surveys like the Legacy Surveys, enable detailed multiwavelength analyses. Computational astrophysics employs simulations to model merger dynamics and test theoretical predictions. This research intersects with broader cosmological inquiries into the universe's composition and structure, emphasizing the role of dark matter in shaping large-scale formations."
  ],
  "Article_Structure": [
    "Main Points: The article presents an in-depth analysis of the Champagne Cluster, a merging binary galaxy cluster discovered on Dec. 31, 2020, using composite imaging from Chandra X-ray Observatory and optical telescopes. It details the elongated X-ray morphology indicating collision, mass dominance by hot intracluster gas and dark matter, and comparison to the Bullet Cluster for dark matter studies. Purpose: To disseminate findings on a rare galactic merger and its implications for understanding dark matter dynamics and cosmological models. Evidence Evaluation: The evidence is highly credible, sourced from NASA's Chandra and peer-reviewed in The Astrophysical Journal, with optical data from Legacy Surveys ensuring multiwavelength validation. Author Credibility: Authors are astrophysicists from UC Davis, providing expertise in galactic studies. Methodology: The study utilizes advanced imaging techniques, thermodynamic analysis of X-ray data, and computational simulations to propose collision chronologies. Critical Assessment: Strengths include robust data integration and theoretical modeling, but limitations may involve uncertainties in simulation parameters and the need for further observational constraints to distinguish between proposed scenarios."
  ],
  "perspectives": [
    {
      "perspective": "Theoretical Astrophysics",
      "description": "Emphasizes the use of simulations and models to interpret observational data and advance cosmological theories, particularly regarding dark matter."
    }
  ],
  "image_url": "/article_images/article_1764508aabc6e911_c4026168e787.webp"
}