{
  "title": "Government Shutdown Ending Soon",
  "summary": "The government shutdown has lasted for 41 days, which is the longest ever. Some Democrats and one independent decided to work with Republicans to make a deal to end it. This deal needs to be approved by the Senate, the House of Representatives, and the president. If everyone agrees, the government could start working again very soon, maybe this week. This is important because during a shutdown, many government services stop, and workers don't get paid. The article explains how politicians are trying to solve this problem together.",
  "keywords": [
    {
      "term": "shutdown",
      "explanation": "when the government stops working because of a disagreement"
    },
    {
      "term": "Democrats",
      "explanation": "one of the main political groups in the U.S."
    },
    {
      "term": "Republicans",
      "explanation": "another main political group in the U.S."
    },
    {
      "term": "deal",
      "explanation": "an agreement to solve a problem"
    },
    {
      "term": "Senate",
      "explanation": "a part of the U.S. government that makes laws"
    },
    {
      "term": "House",
      "explanation": "another part of the U.S. government that makes laws"
    },
    {
      "term": "president",
      "explanation": "the leader of the country"
    },
    {
      "term": "reopen",
      "explanation": "to start working again after being closed"
    }
  ],
  "questions": [
    {
      "question": "How long has the government shutdown lasted?",
      "options": [
        "21 days",
        "41 days",
        "60 days",
        "100 days"
      ],
      "correct_answer": "41 days"
    },
    {
      "question": "Who made a deal to end the shutdown?",
      "options": [
        "Only Democrats",
        "Only Republicans",
        "Some Democrats and one independent",
        "Only the president"
      ],
      "correct_answer": "Some Democrats and one independent"
    },
    {
      "question": "What needs to happen for the government to reopen?",
      "options": [
        "Only the Senate approves",
        "Only the House approves",
        "Senate, House, and president approve",
        "Only the president approves"
      ],
      "correct_answer": "Senate, House, and president approve"
    },
    {
      "question": "When could the government reopen?",
      "options": [
        "Next month",
        "This week",
        "Next year",
        "Never"
      ],
      "correct_answer": "This week"
    },
    {
      "question": "What is a shutdown?",
      "options": [
        "A holiday",
        "When government stops working",
        "A new law",
        "A party"
      ],
      "correct_answer": "When government stops working"
    },
    {
      "question": "Who reported this news?",
      "options": [
        "A teacher",
        "Lisa Desjardins",
        "The president",
        "A student"
      ],
      "correct_answer": "Lisa Desjardins"
    },
    {
      "question": "Why is the shutdown important?",
      "options": [
        "It helps workers get paid",
        "It stops government services",
        "It makes laws faster",
        "It is fun"
      ],
      "correct_answer": "It stops government services"
    },
    {
      "question": "What group did some Democrats work with?",
      "options": [
        "Independents only",
        "Republicans",
        "No one",
        "Teachers"
      ],
      "correct_answer": "Republicans"
    }
  ],
  "background_read": [
    "A government shutdown happens when Congress and the president can't agree on a budget. This means many government offices close, and workers might not get paid. It can affect services like national parks and help for people. In the U.S., there are two main political parties: Democrats and Republicans. They often have different ideas, but sometimes they work together to solve problems like shutdowns. This article talks about how they are trying to end the longest shutdown ever by making a deal."
  ],
  "Article_Structure": [
    "WHO: Some Democrats, one independent, and Republicans",
    "WHAT: Made a deal to end the government shutdown",
    "WHERE: In the U.S. government",
    "WHY: To reopen the government and end the longest shutdown"
  ],
  "perspectives": [
    {
      "perspective": "Politicians working together",
      "description": "Some Democrats broke from their party to make a deal with Republicans, showing cooperation."
    },
    {
      "perspective": "Impact on people",
      "description": "The shutdown affects workers and services, so ending it quickly is important."
    }
  ],
  "image_url": "/article_images/article_4b0796f6cca160ef_502993e698d1.webp"
}