{
  "title": "Cross-Party Negotiations to Resolve the Prolonged Government Shutdown",
  "summary": "The United States is on the verge of concluding its longest government shutdown, which has persisted for 41 days, following a breakthrough in bipartisan negotiations. A faction of Democratic legislators, along with an independent senator, has defied their party leadership to forge an agreement with Republicans, signaling a potential resolution. For the government to recommence operations, this accord must secure ratification from the Senate, the House of Representatives, and the president's endorsement, with reopening anticipated as early as this week. The shutdown has engendered significant ramifications, including the furlough of federal employees, disruption of public services, and economic strain. This episode underscores the intricate dynamics of partisan politics and the imperative of compromise in legislative processes. Lisa Desjardins, serving as a congressional correspondent, delivers this account, elucidating the complexities of cross-party alliances and their implications for governance and public welfare.",
  "keywords": [
    {
      "term": "bipartisan",
      "explanation": "collaboration between two major political parties to achieve common goals"
    },
    {
      "term": "shutdown",
      "explanation": "a temporary cessation of federal government operations due to budgetary impasses"
    },
    {
      "term": "ratification",
      "explanation": "formal approval or confirmation of an agreement by authoritative bodies"
    },
    {
      "term": "faction",
      "explanation": "a subgroup within a larger organization, often with distinct viewpoints"
    },
    {
      "term": "legislators",
      "explanation": "elected officials responsible for making laws"
    },
    {
      "term": "endorsement",
      "explanation": "official support or approval from a figure or institution"
    },
    {
      "term": "ramifications",
      "explanation": "consequences or effects resulting from an action or event"
    },
    {
      "term": "partisan",
      "explanation": "strong allegiance to a particular party, often leading to polarization"
    },
    {
      "term": "compromise",
      "explanation": "a settlement of differences by mutual concessions"
    },
    {
      "term": "governance",
      "explanation": "the process of governing or managing public affairs"
    },
    {
      "term": "implications",
      "explanation": "potential future effects or significance of an action"
    },
    {
      "term": "stalemate",
      "explanation": "a deadlock in progress due to unresolved disagreements"
    }
  ],
  "questions": [
    {
      "question": "What is the historical significance of this shutdown?",
      "options": [
        "It is the shortest on record",
        "It is the longest in U.S. history",
        "It only affected one department",
        "It was resolved without deal"
      ],
      "correct_answer": "It is the longest in U.S. history"
    },
    {
      "question": "Which groups were involved in the bipartisan deal?",
      "options": [
        "Only Democrats",
        "Only Republicans",
        "Some Democrats, one independent, and Republicans",
        "Only independents"
      ],
      "correct_answer": "Some Democrats, one independent, and Republicans"
    },
    {
      "question": "What must occur for the government to reopen?",
      "options": [
        "Senate approval only",
        "House approval only",
        "Ratification by Senate, House, and president",
        "Public referendum"
      ],
      "correct_answer": "Ratification by Senate, House, and president"
    },
    {
      "question": "What is the reported potential timeframe for reopening?",
      "options": [
        "Next month",
        "This week",
        "Indefinitely",
        "Next day"
      ],
      "correct_answer": "This week"
    },
    {
      "question": "Who is Lisa Desjardins in this context?",
      "options": [
        "A senator",
        "A congressional correspondent",
        "The president",
        "An independent voter"
      ],
      "correct_answer": "A congressional correspondent"
    },
    {
      "question": "What key impact of the shutdown is mentioned?",
      "options": [
        "Increased federal hiring",
        "Furloughs of employees",
        "Enhanced services",
        "No effects"
      ],
      "correct_answer": "Furloughs of employees"
    },
    {
      "question": "Why might the deal be considered bipartisan?",
      "options": [
        "It involves multiple parties",
        "It excludes Republicans",
        "It is unilateral",
        "It ignores Congress"
      ],
      "correct_answer": "It involves multiple parties"
    },
    {
      "question": "What does breaking with leadership imply?",
      "options": [
        "Unity within the party",
        "Defiance and potential internal conflict",
        "Support for all decisions",
        "No political significance"
      ],
      "correct_answer": "Defiance and potential internal conflict"
    },
    {
      "question": "How does the article address evidence quality?",
      "options": [
        "It cites multiple independent sources",
        "It relies on a single correspondent",
        "It includes statistical data",
        "It has no evidence"
      ],
      "correct_answer": "It relies on a single correspondent"
    },
    {
      "question": "What broader issue does this shutdown highlight?",
      "options": [
        "Economic growth",
        "Partisan gridlock in governance",
        "Technological advances",
        "International relations"
      ],
      "correct_answer": "Partisan gridlock in governance"
    },
    {
      "question": "What is a limitation of the article's methodology?",
      "options": [
        "Lack of diverse sources",
        "Too much data",
        "Focus on international aspects",
        "Overemphasis on economics"
      ],
      "correct_answer": "Lack of diverse sources"
    },
    {
      "question": "How might author credibility be assessed?",
      "options": [
        "Based on political affiliation",
        "Through her role as a correspondent",
        "By personal opinions",
        "Through unrelated expertise"
      ],
      "correct_answer": "Through her role as a correspondent"
    }
  ],
  "background_read": [
    "Government shutdowns in the U.S. stem from failures in the budgetary process, often due to partisan disagreements over spending priorities, such as immigration or healthcare. The Antideficiency Act prohibits federal agencies from operating without appropriated funds, leading to furloughs and service halts. This shutdown, the longest ever, reflects deep political divisions and the challenges of bicameral legislation, where the Senate and House must concur, and the president must sign bills into law. Bipartisan deals, while rare, can break impasses but may involve concessions that alienate party bases. Understanding these mechanisms is essential for analyzing political stability and the efficacy of democratic institutions."
  ],
  "Article_Structure": [
    "This article details the imminent resolution of the longest U.S. government shutdown after 41 days, centered on a bipartisan deal where certain Democrats and an independent broke from party leadership to negotiate with Republicans. Main points include the shutdown's record duration, the cross-party agreement's specifics, and the requisite approvals from the Senate, House, and president for reopening. The purpose is to update on political developments, emphasizing the significance of bipartisanship in overcoming legislative stalemates. Evidence evaluation notes the reliance on Lisa Desjardins' reporting, which, while credible as a congressional correspondent, lacks corroboration from multiple sources, potentially limiting objectivity. Author credibility is bolstered by her expertise and role, though inherent biases in political journalism may affect neutrality. Methodology involves standard journalistic practices, such as firsthand coverage of congressional events, but it does not detail research methods, weakening critical assessment. Strengths include timely reporting, while limitations involve insufficient depth on underlying causes and potential oversimplification of complex negotiations."
  ],
  "perspectives": [
    {
      "perspective": "Bipartisan resolution",
      "description": "Emphasizes the necessity of cross-party cooperation to address governmental crises."
    },
    {
      "perspective": "Intra-party conflict",
      "description": "Highlights tensions within political parties when members dissent from leadership."
    }
  ],
  "image_url": "/article_images/article_4b0796f6cca160ef_502993e698d1.webp"
}