{
  "articles": [
    {
      "id": "b783ab91fe218386",
      "title": "A Decade of Advocacy: Birdgirl's Impact on Nature Accessibility and Racial Equity",
      "summary": "Dr. Mya-Rose Craig, renowned as Birdgirl, initiated Black2Nature a decade ago to ameliorate the disproportionate lack of nature engagement among Visible Minority Ethnic (VME) youth. The charity orchestrates camps, day trips, and outdoor adventures, directly influencing hundreds of participants while campaigning for enhanced racial diversity within the environmental sector. Reflecting on its anniversary, Dr. Craig observes a significant cultural shift in discourse surrounding exclusion and racism in natural spaces, though she cautions that substantial progress remains imperative. Empirical data from the Commission for Architecture and the Built Environment (CABE) substantiates claims of inequity, revealing that ethnic minorities experience markedly reduced access to green spaces. Dr. Craig's philosophical underpinnings derive from a profound affinity for nature and a conviction in its therapeutic benefits for mental and physical health. She critiques historical reluctance to acknowledge systemic barriers, advocating for inclusive participation as a cornerstone of environmental sustainability. This article elucidates the confluence of social justice and ecological stewardship, presenting Black2Nature as a paradigm for grassroots activism that challenges entrenched disparities and fosters communal resilience through nature-based interventions.",
      "source": "BBC Science",
      "time_ago": "6 hours ago",
      "image_url": "/article_images/article_b783ab91fe218386_9caf407614c9.webp",
      "category": "Science"
    },
    {
      "id": "4c96abbf0e124ffd",
      "title": "Aggressive Breast Cancer in Younger Women: Epidemiological Insights and Screening Implications",
      "summary": "A comprehensive analysis of breast cancer diagnoses from 2014 to 2024 across seven outpatient facilities in Western New York reveals a significant and concerning trend: 20 to 24% of all breast cancers occurred in women aged 18 to 49, with an average diagnosis age of 42.6 years. The study, presented at the Radiological Society of North America annual meeting, identified 1,799 cancers in 1,290 women, of which 80.7% were invasive and many exhibited aggressive biological characteristics, such as triple-negative subtypes that resist standard hormone therapies. Notably, 59% of cases were detected through diagnostic evaluation rather than screening, underscoring a critical gap in current guidelines that recommend initiation of mammography at age 40 or 45 for average-risk individuals. The research emphasizes that younger women consistently represent approximately one-quarter of annual diagnoses, with stable incidence over time, suggesting a persistent public health issue. These findings challenge conventional age-based screening paradigms and advocate for the integration of risk assessment tools to identify high-risk younger women who may benefit from earlier and more intensive surveillance, potentially including MRI and mammography from age 30. The study contributes to growing epidemiological evidence of rising breast cancer rates in younger demographics, prompting a reevaluation of preventive strategies.",
      "source": "Science Daily",
      "time_ago": "8 hours ago",
      "image_url": "/article_images/article_4c96abbf0e124ffd_6cbfd256639d.webp",
      "category": "Science"
    },
    {
      "id": "289abb67734b304c",
      "title": "Geopolitical and Ecological Implications of Illicit Rare-Earth Mining in Myanmar",
      "summary": "The article investigates the proliferation of illicit rare-earth mining in Myanmar, particularly in territories administered by the United Wa State Army, underscoring its severe socio-environmental repercussions amid escalating global demand. Driven by geopolitical shifts, including China's tightened domestic extraction policies and the US-China trade war, Myanmar has become a critical node in the rare-earth supply chain, with approximately two-thirds of China's imports sourced from there between 2017 and 2024. The extraction employs in situ leaching, a process involving acidic injections that yield heavy rare-earth metals like dysprosium and terbium but result in profound ecological degradation: poisoned waterways, contaminated soils, deforestation, and public health crises. Ethnographer Jasnea Sarma emphasizes the 'devastating' toxic effects, while satellite imagery from Myanmar Witness corroborates the scale of mining sites. The industry operates clandestinely, with weak regulatory oversight, exacerbating vulnerabilities for Indigenous communities and laborers like Sian, who migrate for economic survival in post-coup Myanmar. This scenario positions Myanmar as a 'sacrifice zone,' a concept in environmental justice denoting areas that absorb disproportionate harm for global benefit, highlighting tensions between economic necessity, environmental sustainability, and geopolitical strategy in the transition to green technologies.",
      "source": "Ars Science",
      "time_ago": "15 hours ago",
      "image_url": "/article_images/article_289abb67734b304c_ccff243078d2.webp",
      "category": "Science"
    },
    {
      "id": "1e7f27ea2b5603c7",
      "title": "Advanced Graphene Material Revolutionizes Energy Storage Capabilities",
      "summary": "A groundbreaking study published in Nature Communications details the development of multiscale reduced graphene oxide (M-rGO), a novel carbon-based material that significantly enhances supercapacitor performance. Engineers from Monash University, led by Professor Mainak Majumder, utilized a rapid thermal annealing process to create a highly curved graphene architecture from natural graphite, enabling exceptional ion mobility and efficiency. This innovation addresses a critical limitation in supercapacitors—the underutilization of carbon surface area for energy storage—by unlocking additional active sites through controlled heat treatment. The resulting supercapacitors demonstrate a rare combination of high energy density, comparable to traditional lead-acid batteries, and high power density, facilitating rapid charging and discharging. Performance metrics from pouch cell devices are among the best reported for carbon-based systems, with scalability emphasized due to compatibility with Australian raw materials. Commercialization efforts, spearheaded by Ionic Industries CTO Dr. Phillip Aitchison, are underway, targeting applications in electric transportation, grid stabilization, and consumer electronics. This advancement not only pushes the boundaries of electrochemical storage but also contributes to sustainable energy solutions by potentially reducing reliance on slower-charging battery technologies.",
      "source": "Science Daily",
      "time_ago": "21 hours ago",
      "image_url": "/article_images/article_1e7f27ea2b5603c7_d5b3d661e549.webp",
      "category": "Science"
    },
    {
      "id": "5a3e8c041af1f088",
      "title": "Advanced Neuroimaging Technique Unveils Synaptic Mechanisms in Parkinson's Pathogenesis",
      "summary": "A groundbreaking study by Johns Hopkins Medicine researchers employs a \"zap-and-freeze\" methodology to elucidate rapid synaptic communication in live brain tissue from murine and human sources. Published in Neuron with NIH support, this investigation targets the biological underpinnings of sporadic Parkinson's disease, a predominant nonheritable form characterized by synaptic dysfunction. The technique integrates brief electrical activation with instantaneous cryopreservation, facilitating electron microscopic analysis of vesicle dynamics, including fusion, neurotransmitter release, and endocytosis. Comparative assessments between genetically engineered mice and human cortical tissue from epilepsy surgery patients reveal conserved mechanisms, notably the involvement of Dynamin1xA in ultrafast membrane recycling. These findings suggest translational relevance of murine models to human neurobiology, potentially informing therapeutic strategies for neurodegenerative disorders. The research builds upon prior work by Watanabe et al., expanding the applicability of zap-and-freeze to human samples and underscoring its utility in dissecting complex synaptic pathologies associated with Parkinson's.",
      "source": "Science Daily",
      "time_ago": "22 hours ago",
      "image_url": "/article_images/article_5a3e8c041af1f088_6148a5afd28b.webp",
      "category": "Science"
    },
    {
      "id": "5e65e9b6acc0310b",
      "title": "Lifespan Brain Reorganization: Five Epochs and Their Implications",
      "summary": "A comprehensive study by neuroscientists at the University of Cambridge, published in Nature Communications, delineates five major epochs of brain wiring reorganization across the human lifespan, based on MRI diffusion scans from 3,802 participants ranging from infancy to 90 years. The research identifies four critical turning points—approximately at ages 9, 32, 66, and 83—that demarcate these phases: an early development epoch from birth to age nine characterized by synapse consolidation and rapid cortical growth; an extended adolescent phase until age 32 marked by enhanced white matter efficiency and network refinement; a prolonged adult configuration from the 30s to 60s; an early aging phase beginning near age 66; and a late aging stage emerging around age 83. These findings provide a nuanced understanding of how brain structural changes correlate with cognitive functions and vulnerabilities, such as increased risk for mental health conditions in childhood or neurodegenerative diseases in later life, offering a foundational framework for future neuroscientific and clinical investigations into developmental and aging processes.",
      "source": "Science Daily",
      "time_ago": "23 hours ago",
      "image_url": "/article_images/article_5e65e9b6acc0310b_b52838eefb49.webp",
      "category": "Science"
    }
  ]
}