{
  "articles": [
    {
      "id": "5f34ed3264944c10",
      "title": "Remembering Robin Smith: Cricket Legend and Personal Struggles",
      "summary": "Robin Smith, a former England cricketer known for his aggressive batting style, has passed away at the age of 62. Born in South Africa in 1963, he moved to England as a teenager and played for Hampshire throughout his county career, winning trophies like the Benson & Hedges Cup. He earned 62 Test caps from 1988 to 1996, scoring 4,236 runs with nine centuries, and also played 71 one-day internationals. His highest Test score of 175 came in a memorable match against West Indies in 1994. After retiring in 2003, Smith relocated to Australia and faced significant challenges, including mental health issues and alcoholism, leading to hospitalization in 2024. His family announced his unexpected death at his home in Perth, highlighting his charisma and popularity. This article covers his sporting achievements and personal life, offering a balanced view of his legacy.",
      "source": "BBC News",
      "time_ago": "1 hour ago",
      "image_url": "/article_images/article_5f34ed3264944c10_4670c3b4ffda.webp",
      "category": "News"
    },
    {
      "id": "fec5aae67ead4058",
      "title": "Trump's MRI Screening and Legal Challenges in the News",
      "summary": "This article summarizes three key news stories from a Monday report. First, the White House clarified that President Trump underwent an MRI as a preventative screening focused on his heart and abdomen, with his physician stating the results were 'perfectly normal.' This occurred during a routine checkup at Walter Reed Medical Center in October, despite Trump having already completed his annual physical in April, raising questions about the timing and necessity. Second, a federal appeals court ruled that Alina Habba, a former personal attorney for Trump, has been serving unlawfully as the U.S. attorney in New Jersey because she wasn't confirmed by the Senate or appointed by judges, challenging the administration's appointment practices. This decision could lead to a Supreme Court case. Third, a West Virginia National Guard member shot in a targeted attack in Washington is showing positive signs in recovery but remains in serious condition, highlighting ongoing concerns about safety. The article aims to update readers on these developments, blending health, legal, and human interest elements.",
      "source": "PBS NewsHour",
      "time_ago": "13 hours ago",
      "image_url": "/article_images/article_fec5aae67ead4058_eb79611b1059.webp",
      "category": "News"
    },
    {
      "id": "8195396fb7ceba70",
      "title": "Leadership Lessons from the Fields: A Teen's Perspective on Farming",
      "summary": "This article features Anixia Davila, a high school student from Salinas Valley, California, who is actively involved in the Future Farmers of America (FFA) program. She discusses how her experiences in farming have shaped her understanding of leadership, responsibility, and community engagement. Anixia explains that farming goes beyond agriculture; it teaches practical skills and fosters connections with others. She draws inspiration from her family, particularly her grandmothers who migrated from Mexico and worked hard, as highlighted in a poem she recites. The article emphasizes that programs like FFA provide opportunities for youth to develop leadership qualities and contribute to their communities. It also touches on the cultural and economic significance of the Salinas Valley, known for its agricultural output. Overall, the piece showcases how personal and family histories influence one's approach to community service and leadership in the context of farming.",
      "source": "PBS NewsHour",
      "time_ago": "13 hours ago",
      "image_url": "/article_images/article_8195396fb7ceba70_d5255a392c23.webp",
      "category": "News"
    },
    {
      "id": "c74cdb2a8239cf41",
      "title": "Highlights and Trends from the Fashion Awards",
      "summary": "The Fashion Awards, held at London's Royal Albert Hall, brought together designers, models, and celebrities for an evening celebrating fashion excellence. Notable moments included singers Ellie Goulding and actress Sienna Miller revealing their pregnancies on a blue carpet, a departure from the traditional red, chosen by the British Fashion Council. Awards were presented to key figures: Jonathan Anderson of Dior as designer of the year, Grace Wales Bonner for British menswear designer, Sarah Burton of Givenchy for British womenswear designer, and Anok Yai as model of the year, who delivered an empowering message about diversity. The event featured a performance by singer Raye and highlighted current fashion trends, such as 'country-coded' clothing gaining popularity in the UK. Additionally, the article touches on broader fashion industry issues, including criticism of AI-generated advertisements by a luxury brand and accusations of malpractice by US politicians. Overall, it provides a snapshot of the awards while connecting to larger themes in fashion.",
      "source": "BBC News",
      "time_ago": "13 hours ago",
      "image_url": "/article_images/article_c74cdb2a8239cf41_f3516d4d37cf.webp",
      "category": "News"
    },
    {
      "id": "572db7094d3199d5",
      "title": "Bitcoin's Decline Amid Crypto Market Turmoil",
      "summary": "On Monday, Bitcoin briefly fell below $85,000, extending a nearly two-month decline in cryptocurrency values. This drop coincided with a broader sell-off in technology stocks, which many analysts view as overvalued. Bitcoin has decreased by approximately 33% since reaching a record high of $126,210.50 in early October. Companies involved in cryptocurrency trading, such as Coinbase Global and Robinhood Markets, experienced significant losses, with declines of 4.8% and 4.1%, respectively. Bitcoin-focused firms like Strategy and American Bitcoin also saw sharp drops, with Strategy revising its year-end forecast downward. Additionally, spot bitcoin ETFs recorded outflows of $3.6 billion in November, the largest since their inception, while bitcoin futures fell nearly 24% over the past month. In contrast, gold futures rose almost 7%, highlighting a shift in investor sentiment. The article attributes these trends to market corrections and changing regulatory attitudes in Washington.",
      "source": "PBS NewsHour",
      "time_ago": "14 hours ago",
      "image_url": "/article_images/article_572db7094d3199d5_c4fe81b6bba7.webp",
      "category": "News"
    },
    {
      "id": "c60bb53efe55596a",
      "title": "Tulip Siddiq's Legal Battle in Bangladesh: A Case of Cross-Border Politics",
      "summary": "Tulip Siddiq, a Labour MP and former Treasury minister in the UK, has been sentenced to two years in prison in Bangladesh after a trial conducted in her absence. She was convicted of corruption for allegedly using her influence over her aunt, ousted Prime Minister Sheikh Hasina, to secure a plot of land for her family near Dhaka. Siddiq, who resides in London, has vehemently denied the charges, labeling the trial as 'flawed and farcical' and a 'kangaroo court.' She asserts that the allegations are politically motivated and part of broader legal actions against Hasina's associates since the regime change in Bangladesh. The sentence includes a fine, with additional jail time if unpaid, but Siddiq is unlikely to serve it due to her location. The case highlights issues of citizenship, as prosecutors claim she holds Bangladeshi documents, while her lawyers dispute this. Siddiq remains focused on her parliamentary duties in Hampstead and Highgate, viewing the case as an attempt to smear her reputation.",
      "source": "BBC News",
      "time_ago": "1 day ago",
      "image_url": "/article_images/article_c60bb53efe55596a_5bc772739c69.webp",
      "category": "News"
    }
  ]
}