{
  "title": "The Challenge of Stopping Weight Loss Medications: Hunger Returns",
  "summary": "Weight loss medications, known as GLP-1s, have revolutionized weight management by suppressing appetite, helping individuals like Tanya Hall achieve significant weight loss. These drugs mimic the natural hormone GLP-1, which regulates hunger, turning off the constant urge to eat. However, when users attempt to discontinue the injections, many experience a resurgence of intense hunger, described as 'food noise,' making it difficult to maintain weight loss. The medications are relatively new, with long-term side effects still under investigation, including issues like nausea, hair loss, and sleep disturbances. In the UK, an estimated 1.5 million people pay privately for these treatments, highlighting cost concerns. Tanya's story illustrates the personal and social impacts, as she felt more respected after losing weight but faced health challenges. The article explores the uncertainty surrounding long-term use and the physiological and psychological effects of stopping, emphasizing the need for more research on sustainable weight management.",
  "keywords": [
    {
      "term": "GLP-1s",
      "explanation": "medications that imitate a hormone to reduce appetite and aid weight loss"
    },
    {
      "term": "food noise",
      "explanation": "persistent thoughts about eating that return when medication is stopped"
    },
    {
      "term": "appetite suppression",
      "explanation": "the reduction of hunger feelings caused by the medication"
    },
    {
      "term": "long-term side effects",
      "explanation": "potential health issues from extended use of new drugs"
    },
    {
      "term": "private payment",
      "explanation": "individuals covering costs themselves, not through public healthcare"
    },
    {
      "term": "weight maintenance",
      "explanation": "keeping weight off after initial loss, a key challenge"
    },
    {
      "term": "hormone mimicry",
      "explanation": "drugs copying natural body signals to control hunger"
    },
    {
      "term": "psychological impact",
      "explanation": "effects on mental health, such as improved self-esteem"
    }
  ],
  "questions": [
    {
      "question": "What do GLP-1 medications mimic to reduce hunger?",
      "options": [
        "A natural hormone",
        "A vitamin",
        "A food type",
        "A sleep cycle"
      ],
      "correct_answer": "A natural hormone"
    },
    {
      "question": "What is 'food noise' as described in the article?",
      "options": [
        "Persistent thoughts about eating",
        "A type of music",
        "A side effect of sleep",
        "A new diet trend"
      ],
      "correct_answer": "Persistent thoughts about eating"
    },
    {
      "question": "Why are long-term effects of GLP-1s uncertain?",
      "options": [
        "The drugs are new and under study",
        "They have been used for decades",
        "They are banned in many countries",
        "They only work short-term"
      ],
      "correct_answer": "The drugs are new and under study"
    },
    {
      "question": "How do many people in the UK access these medications?",
      "options": [
        "By paying privately",
        "Through free NHS programs",
        "By importing them",
        "By making them at home"
      ],
      "correct_answer": "By paying privately"
    },
    {
      "question": "What side effect did Tanya experience during treatment?",
      "options": [
        "Hair loss",
        "Weight gain",
        "Improved sleep",
        "Increased appetite"
      ],
      "correct_answer": "Hair loss"
    },
    {
      "question": "What challenge do users face when stopping the medications?",
      "options": [
        "Hunger returns, risking weight regain",
        "Immediate weight loss",
        "No side effects",
        "Better health instantly"
      ],
      "correct_answer": "Hunger returns, risking weight regain"
    },
    {
      "question": "How did Tanya's social perception change after weight loss?",
      "options": [
        "She felt more respected",
        "She was ignored more",
        "She lost her job",
        "She made fewer friends"
      ],
      "correct_answer": "She felt more respected"
    },
    {
      "question": "What is a key issue with the cost of these medications?",
      "options": [
        "They are expensive for private users",
        "They are free for everyone",
        "They are cheap but ineffective",
        "They are covered by insurance always"
      ],
      "correct_answer": "They are expensive for private users"
    }
  ],
  "background_read": [
    "GLP-1 medications are a recent advancement in weight management, designed to help individuals with obesity or weight-related issues by reducing appetite through hormone mimicry. These drugs, such as Wegovy, have gained popularity due to their effectiveness where traditional diets fail. However, their novelty means that comprehensive data on long-term safety and side effects, like gastrointestinal issues or metabolic changes, is still emerging. The article discusses the personal experiences of users like Tanya Hall, who achieved significant weight loss but faced challenges upon discontinuation, including the return of hunger cues and social pressures. With many opting for private payment in places like the UK, accessibility and affordability are concerns. This context highlights the broader debate on sustainable weight loss strategies and the need for ongoing medical research to guide treatment protocols."
  ],
  "Article_Structure": [
    "Main Points: GLP-1 medications suppress appetite for weight loss but cause hunger resurgence upon stopping, with unknown long-term effects. Purpose: To inform about the challenges of discontinuing weight loss drugs and the personal impacts on users. Evidence Evaluation: Relies on anecdotal stories from individuals like Tanya, supported by general facts about drug mechanisms and costs, but lacks extensive scientific data. Author Credibility: BBC News is a reputable source, but the article focuses on human interest rather than deep medical analysis. Methodology: Uses interviews and personal narratives to illustrate broader issues, without systematic research."
  ],
  "perspectives": [
    {
      "perspective": "Patient experience",
      "description": "Individuals report improved self-esteem and weight loss benefits but struggle with side effects and relapse upon stopping."
    }
  ],
  "image_url": "/article_images/article_fedba83158b88a8d_0615e7cd90db.webp"
}