{
  "title": "Moss Spores Endure Space Conditions in Groundbreaking Study",
  "summary": "Researchers from Hokkaido University conducted a study to test the survival of moss spores in outer space, publishing their findings in iScience. They focused on Physcomitrium patens, a type of spreading earthmoss, and exposed its sporophytes—reproductive structures containing spores—to simulated space conditions including vacuum, UV radiation, extreme temperatures, and microgravity. The team found that sporophytes had much higher tolerance, especially to UV light, compared to other moss forms like juvenile protenemata and brood cells. In a real-world experiment, they sent hundreds of sporophytes to the International Space Station, where they were mounted outside for 283 days. After returning to Earth, over 80% of the spores survived and could still germinate, demonstrating remarkable resilience. Lead author Tomomichi Fujita expressed surprise, as most organisms cannot survive in space. The study suggests that the protective casing around spores absorbs UV radiation and provides shielding, which may have helped mosses adapt to harsh environments on Earth and survive mass extinctions. This research provides the first evidence that an early land plant can withstand long-term space exposure, offering insights into plant evolution and potential for life in space.",
  "keywords": [
    {
      "term": "sporophytes",
      "explanation": "structures in mosses that produce and hold spores for reproduction"
    },
    {
      "term": "UV radiation",
      "explanation": "ultraviolet light from the sun that can damage cells and DNA"
    },
    {
      "term": "microgravity",
      "explanation": "very low gravity environment, like in orbit around Earth"
    },
    {
      "term": "germination",
      "explanation": "the process where a spore or seed starts to grow into a new plant"
    },
    {
      "term": "bryophytes",
      "explanation": "a group of non-vascular plants that includes mosses, liverworts, and hornworts"
    },
    {
      "term": "International Space Station",
      "explanation": "a large spacecraft in orbit where astronauts live and conduct experiments"
    },
    {
      "term": "cosmic radiation",
      "explanation": "high-energy particles in space that can be harmful to living tissues"
    },
    {
      "term": "adaptation",
      "explanation": "a trait that helps an organism survive in its environment"
    }
  ],
  "questions": [
    {
      "question": "What was the main finding of the study?",
      "options": [
        "Over 80% of moss spores survived space exposure",
        "Mosses cannot survive in space",
        "Only juvenile moss survived",
        "Spores died immediately in space"
      ],
      "correct_answer": "A"
    },
    {
      "question": "Which moss structure showed the highest UV tolerance?",
      "options": [
        "Sporophytes",
        "Protenemata",
        "Brood cells",
        "Leaves"
      ],
      "correct_answer": "A"
    },
    {
      "question": "How long were the spores exposed to space on the ISS?",
      "options": [
        "283 days",
        "100 days",
        "1 year",
        "6 months"
      ],
      "correct_answer": "A"
    },
    {
      "question": "What is the role of the spore's surrounding structure?",
      "options": [
        "It absorbs UV light and provides shielding",
        "It helps in photosynthesis",
        "It makes the spores grow faster",
        "It attracts water"
      ],
      "correct_answer": "A"
    },
    {
      "question": "Why is this study significant for plant evolution?",
      "options": [
        "It shows how early plants might have survived harsh conditions",
        "It proves mosses evolved in space",
        "It indicates all plants can live in space",
        "It suggests mosses need water to survive"
      ],
      "correct_answer": "A"
    },
    {
      "question": "What was the biggest threat to moss in space simulations?",
      "options": [
        "UV radiation",
        "Microgravity",
        "Vacuum",
        "Temperature changes"
      ],
      "correct_answer": "A"
    },
    {
      "question": "Who led the research team?",
      "options": [
        "Tomomichi Fujita",
        "A NASA astronaut",
        "A botanist from Europe",
        "An unknown scientist"
      ],
      "correct_answer": "A"
    },
    {
      "question": "What could this discovery imply for future space missions?",
      "options": [
        "Potential for growing plants in space",
        "Mosses will be used as food",
        "No impact on space exploration",
        "Only relevant for Earth studies"
      ],
      "correct_answer": "A"
    }
  ],
  "background_read": [
    "Mosses are ancient plants belonging to the bryophyte group, which first colonized land around 500 million years ago. They thrive in extreme environments on Earth, such as deserts, tundras, and volcanic areas, due to their ability to enter dormant states and resist stressors. Space conditions include vacuum, cosmic radiation, microgravity, and temperature extremes from -150°C to 120°C, which are lethal to most life forms. Previous studies have tested microorganisms in space, but this is pioneering for early land plants. Understanding how moss spores survive could inform astrobiology, the study of life in the universe, and support long-duration space missions by enabling plant growth in controlled environments. The research builds on evolutionary biology, showing how adaptations for terrestrial survival might extend to extraterrestrial settings."
  ],
  "Article_Structure": [
    "This article presents a study on moss spores surviving space exposure, with main points including the high survival rate of sporophytes after ISS deployment, their superior UV tolerance, and implications for plant durability. The purpose is to explore if early land plants can endure space, contributing to astrobiology and understanding evolutionary adaptations. Evidence is strong, based on controlled lab simulations and real-space experiments with clear data on survival rates, though limited by sample size and specific moss species. Author credibility is high, as Tomomichi Fujita is from Hokkaido University with expertise in plant evolution. Methodology involved exposing moss structures to simulated space stresses and a 283-day ISS trial, using germination tests to assess viability, providing reliable but preliminary insights."
  ],
  "perspectives": [
    {
      "perspective": "Biological resilience",
      "description": "Highlights how moss spores have innate mechanisms to withstand extreme conditions, advancing knowledge of life's limits."
    },
    {
      "perspective": "Space exploration applications",
      "description": "Suggests moss could be used in life support systems for long space journeys, reducing reliance on Earth supplies."
    }
  ],
  "image_url": "/article_images/article_a4994f39c5310c08_6d1cc7e8beee.webp"
}