{
  "title": "Spectroscopic Confirmation of an Early Barred Spiral Galaxy via James Webb Space Telescope Observations",
  "summary": "A study led by Daniel Ivanov from the University of Pittsburgh has identified COSMOS-74706 as a spectroscopically confirmed, unlensed barred spiral galaxy existing approximately 11.5 billion years ago, representing one of the earliest known instances of such a structure. Utilizing data from the James Webb Space Telescope, the research employed spectroscopy to obtain precise redshift measurements, thereby avoiding the uncertainties associated with gravitational lensing that plagued prior claims of earlier barred galaxies. Stellar bars, characterized as linear assemblages of stars and gas in galactic centers, play a critical role in galactic evolution by channeling interstellar gas inward, potentially fueling central supermassive black holes and modulating star formation rates. This finding aligns with computational simulations predicting bar formation as early as redshift 5 (around 12.5 billion years ago) yet challenges assumptions about their prevalence in the early universe. Presented at the American Astronomical Society meeting, the study contributes to constraining the temporal framework of bar emergence and elucidates the dynamical processes shaping galaxies. The James Webb Telescope's advanced capabilities enable such high-fidelity observations, underscoring its transformative impact on extragalactic astronomy and our comprehension of cosmic history.",
  "keywords": [
    {
      "term": "spectroscopic confirmation",
      "explanation": "the use of light spectrum analysis to verify an object's properties, such as distance and composition, with high accuracy"
    },
    {
      "term": "unlensed",
      "explanation": "refers to an astronomical object whose light is not distorted by gravitational lensing, allowing for clearer measurements"
    },
    {
      "term": "redshift 5",
      "explanation": "a specific measure indicating an object's light has stretched significantly, corresponding to an early epoch in the universe, roughly 12.5 billion years ago"
    },
    {
      "term": "galactic evolution",
      "explanation": "the processes by which galaxies form, change, and interact over cosmic timescales, influenced by internal and external factors"
    },
    {
      "term": "extragalactic astronomy",
      "explanation": "the branch of astronomy focused on studying objects and phenomena outside the Milky Way galaxy"
    }
  ],
  "questions": [
    {
      "question": "What distinguishes COSMOS-74706 from earlier reported barred spiral galaxies?",
      "options": [
        "Spectroscopic confirmation without lensing",
        "Being the closest to Earth",
        "Having no stellar bar",
        "Using only Hubble Telescope data"
      ],
      "correct_answer": "Spectroscopic confirmation without lensing"
    },
    {
      "question": "How do stellar bars influence galactic dynamics?",
      "options": [
        "By channeling gas inward to affect black holes and star formation",
        "By increasing the galaxy's rotation speed",
        "By preventing galaxy mergers",
        "By emitting strong radio waves"
      ],
      "correct_answer": "By channeling gas inward to affect black holes and star formation"
    },
    {
      "question": "What does redshift 5 indicate about an object's age?",
      "options": [
        "It corresponds to roughly 12.5 billion years ago",
        "It means the object is very young",
        "It shows the object is within our galaxy",
        "It indicates a recent formation"
      ],
      "correct_answer": "It corresponds to roughly 12.5 billion years ago"
    },
    {
      "question": "Why is the James Webb Telescope pivotal for this research?",
      "options": [
        "It provides high-resolution infrared data for early universe observations",
        "It was used to build the galaxy model",
        "It measures gravitational waves",
        "It discovered the Big Bang"
      ],
      "correct_answer": "It provides high-resolution infrared data for early universe observations"
    },
    {
      "question": "What methodological advantage does spectroscopy offer over other techniques?",
      "options": [
        "Precise distance and composition measurements",
        "Faster image capture",
        "Lower cost",
        "Ability to see visible light only"
      ],
      "correct_answer": "Precise distance and composition measurements"
    },
    {
      "question": "How does this discovery relate to computer simulations?",
      "options": [
        "It supports predictions of early bar formation but questions their commonality",
        "It contradicts all simulation results",
        "It proves simulations are unnecessary",
        "It shows bars form only in late epochs"
      ],
      "correct_answer": "It supports predictions of early bar formation but questions their commonality"
    },
    {
      "question": "What is the significance of avoiding gravitational lensing in this study?",
      "options": [
        "Ensures more reliable and undistorted data",
        "Makes the galaxy appear brighter",
        "Allows for faster observations",
        "Reduces telescope usage time"
      ],
      "correct_answer": "Ensures more reliable and undistorted data"
    },
    {
      "question": "How does this research contribute to the field of extragalactic astronomy?",
      "options": [
        "By providing concrete data to refine models of early galaxy evolution",
        "By discovering new planets in other galaxies",
        "By proving the universe is static",
        "By focusing only on Milky Way studies"
      ],
      "correct_answer": "By providing concrete data to refine models of early galaxy evolution"
    },
    {
      "question": "What role do supermassive black holes play in barred galaxies?",
      "options": [
        "They can be fueled by gas channeled by the bar",
        "They create the bar structure",
        "They prevent star formation entirely",
        "They are only found in unbarred galaxies"
      ],
      "correct_answer": "They can be fueled by gas channeled by the bar"
    },
    {
      "question": "Why might barred spiral galaxies be uncommon in the early universe according to the article?",
      "options": [
        "Galactic conditions may not have favored widespread bar formation",
        "They were destroyed by the Big Bang",
        "Telescopes cannot detect them",
        "They merge too quickly"
      ],
      "correct_answer": "Galactic conditions may not have favored widespread bar formation"
    }
  ],
  "background_read": [
    "The study of barred spiral galaxies is integral to understanding galactic morphology and evolution, as bars are dynamic structures that drive secular evolution by redistributing angular momentum and gas. The James Webb Space Telescope represents a leap in observational astronomy, with its infrared sensitivity allowing it to penetrate cosmic dust and observe high-redshift objects, thus probing the epoch of reionization and early structure formation. Spectroscopy is a fundamental tool in astrophysics, enabling the determination of redshifts through emission or absorption lines, which in turn yield distances and velocities based on the Hubble-Lemaître law. Gravitational lensing, while a powerful probe for dark matter and distant objects, introduces systematic errors in morphological studies if not accounted for, highlighting the importance of unlensed confirmations. This research intersects with cosmological simulations that model dark matter halos and baryonic processes to predict the emergence of features like bars, offering testable predictions for observational campaigns. The findings underscore the ongoing refinement of cosmic timelines and the interplay between theory and observation in advancing our knowledge of the universe's formative years."
  ],
  "Article_Structure": [
    "Main Points: The article details the identification of COSMOS-74706 as an early barred spiral galaxy at 11.5 billion years, using James Webb Telescope spectroscopy for reliable, unlensed confirmation, and discusses its implications for galactic evolution. Purpose: To provide empirical data on the timing and prevalence of bar formation in the early universe, challenging existing models and enhancing our understanding of cosmic development. Evidence Evaluation: The evidence is robust due to spectroscopic methods that yield precise redshift data, avoiding lensing distortions, and is supported by simulations, though limited by the rarity of such early objects. Author Credibility: Daniel Ivanov, as a graduate student in a recognized program, leads the research presented at a prestigious conference, indicating rigorous peer review and academic merit. Methodology: The study employs James Webb Telescope observations combined with spectroscopic analysis to measure redshift and structural properties, complemented by computational modeling to contextualize findings. Critical Assessment: Strengths include high-precision data and alignment with theoretical predictions, while limitations involve the sample size of one galaxy and potential observational biases in early universe studies."
  ],
  "perspectives": [
    {
      "perspective": "Cosmological implications",
      "description": "This discovery provides a benchmark for testing models of early universe galaxy formation, suggesting that bars may have emerged sooner than previously thought, with implications for understanding dark matter and baryonic physics."
    }
  ],
  "image_url": "/article_images/article_7fe500e9b788f092_db7a7aefd881.webp"
}