{
  "title": "Early Universe Barred Spiral Galaxy Revealed by James Webb Telescope",
  "summary": "A research team led by Daniel Ivanov at the University of Pittsburgh has identified COSMOS-74706 as a strong candidate for one of the earliest known barred spiral galaxies, dating back about 11.5 billion years. Using the James Webb Space Telescope, they confirmed this galaxy's existence through spectroscopy, providing reliable distance measurements without gravitational lensing distortions. A stellar bar is a linear structure of tightly packed stars and gas in a spiral galaxy's center, which channels gas inward to fuel supermassive black holes and influence star formation. This discovery challenges previous expectations, as computer simulations suggested bars could form around 12.5 billion years ago, but they were not thought to be common so early. The findings, presented at the American Astronomical Society meeting, help constrain the timescales of bar formation and offer insights into galactic evolution. The research highlights the James Webb Telescope's role in advancing our understanding of the early universe by providing precise data on distant galaxies.",
  "keywords": [
    {
      "term": "barred spiral galaxy",
      "explanation": "a spiral galaxy with a central bar-shaped structure made of stars and gas"
    },
    {
      "term": "spectroscopy",
      "explanation": "a method to analyze light from objects to determine their distance and composition"
    },
    {
      "term": "redshift",
      "explanation": "a measure of how much light from an object has stretched, indicating its distance and age in the universe"
    },
    {
      "term": "gravitational lensing",
      "explanation": "an effect where light from a distant object is bent by a massive object, distorting its appearance"
    },
    {
      "term": "supermassive black hole",
      "explanation": "a very large black hole at the center of a galaxy that can be fueled by incoming gas"
    }
  ],
  "questions": [
    {
      "question": "What method did researchers use to confirm COSMOS-74706's distance?",
      "options": [
        "Spectroscopy",
        "Telescope imaging",
        "Radio waves",
        "Microscopy"
      ],
      "correct_answer": "Spectroscopy"
    },
    {
      "question": "How does a stellar bar affect a galaxy?",
      "options": [
        "Channels gas inward to fuel black holes",
        "Increases star formation in outer regions",
        "Makes the galaxy spin slower",
        "Changes the galaxy's shape to elliptical"
      ],
      "correct_answer": "Channels gas inward to fuel black holes"
    },
    {
      "question": "What is redshift used to measure in astronomy?",
      "options": [
        "Distance and age of objects",
        "Brightness of stars",
        "Temperature of planets",
        "Size of galaxies"
      ],
      "correct_answer": "Distance and age of objects"
    },
    {
      "question": "Why is COSMOS-74706 considered an important discovery?",
      "options": [
        "It is one of the earliest confirmed barred spiral galaxies",
        "It is the closest galaxy to Earth",
        "It has no black hole",
        "It is made only of gas"
      ],
      "correct_answer": "It is one of the earliest confirmed barred spiral galaxies"
    },
    {
      "question": "What role did the James Webb Space Telescope play in this research?",
      "options": [
        "Provided observations for precise data",
        "Built the galaxy model",
        "Measured Earth's atmosphere",
        "Discovered gravitational lensing"
      ],
      "correct_answer": "Provided observations for precise data"
    },
    {
      "question": "What did computer simulations predict about bar formation?",
      "options": [
        "Bars could form around 12.5 billion years ago",
        "Bars are common in all galaxies",
        "Bars only form in elliptical galaxies",
        "Bars cannot exist in the early universe"
      ],
      "correct_answer": "Bars could form around 12.5 billion years ago"
    },
    {
      "question": "How does gravitational lensing affect galaxy observations?",
      "options": [
        "Distorts light and makes measurements less precise",
        "Makes galaxies appear brighter",
        "Speeds up light travel",
        "Creates new stars"
      ],
      "correct_answer": "Distorts light and makes measurements less precise"
    },
    {
      "question": "What is the significance of finding barred galaxies early in the universe?",
      "options": [
        "Helps understand galaxy evolution timescales",
        "Proves the Big Bang theory wrong",
        "Shows all galaxies are the same",
        "Indicates no black holes exist"
      ],
      "correct_answer": "Helps understand galaxy evolution timescales"
    }
  ],
  "background_read": [
    "In astronomy, galaxies are classified by their shapes, such as spiral, elliptical, or irregular. Barred spiral galaxies have a central bar structure that influences their dynamics by funneling gas toward the core, potentially activating supermassive black holes and regulating star formation. The James Webb Space Telescope, launched in 2021, uses infrared technology to peer deeper into space and time than previous telescopes, allowing scientists to study early universe objects with high precision. Redshift is a key concept in cosmology, where light from distant objects shifts to longer wavelengths due to the universe's expansion, helping estimate distances. Gravitational lensing, predicted by Einstein's theory of relativity, can magnify or distort images of faraway galaxies, complicating measurements but also providing opportunities to study dark matter. This research builds on decades of galactic studies to refine models of how structures like bars emerge and evolve over cosmic history."
  ],
  "Article_Structure": [
    "Main Points: The article reports the discovery of COSMOS-74706, an early barred spiral galaxy dated to 11.5 billion years ago, using James Webb Telescope data and spectroscopy for confirmation. Purpose: To advance understanding of galactic evolution by identifying when stellar bars first formed and how they influence galaxy development. Evidence Evaluation: The evidence is strong due to precise spectroscopic measurements that avoid gravitational lensing distortions, making this a reliable candidate compared to earlier less certain findings. Author Credibility: Daniel Ivanov is a graduate student in physics and astronomy at a reputable institution, and the research was presented at a major scientific meeting, indicating peer scrutiny. Methodology: The team used observations from the James Webb Space Telescope and spectroscopic analysis to determine the galaxy's redshift and structural features, supported by computer simulations."
  ],
  "perspectives": [
    {
      "perspective": "Astronomical advancement",
      "description": "This discovery leverages new telescope technology to push the boundaries of what we know about early galaxy formation, offering concrete data to test theoretical models."
    }
  ],
  "image_url": "/article_images/article_7fe500e9b788f092_db7a7aefd881.webp"
}