{
  "title": "Trump's Greenland Ambitions Spark Diplomatic Crisis with Europe",
  "summary": "President Trump has escalated tensions by threatening to impose new tariffs on NATO allies if they prevent the U.S. from acquiring Greenland, a Danish territory. In response, European leaders convened to coordinate a unified stance, potentially including counter-tariffs on U.S. imports, as they aim to resolve this crisis. To bolster their position, Denmark and allied European forces are reinforcing military presence in Greenland. Trump linked his aggressive stance to his disappointment over not receiving the Nobel Peace Prize, stating in a letter to Norway's prime minister that this frees him from pursuing solely peaceful means, though he claims peace remains a priority. He argues that U.S. control of Greenland is essential for global security. This situation highlights a significant diplomatic rift, with Europe standing firm in support of Greenland's current status and opposing Trump's demands through strategic meetings and military reinforcements.",
  "keywords": [
    {
      "term": "tariffs",
      "explanation": "taxes imposed on imported goods, used as a tool in trade disputes"
    },
    {
      "term": "NATO allies",
      "explanation": "countries that are part of the North Atlantic Treaty Organization, a military alliance"
    },
    {
      "term": "diplomatic crisis",
      "explanation": "a serious disagreement between countries that threatens peace and relations"
    },
    {
      "term": "military presence",
      "explanation": "the deployment of armed forces in a specific area for defense or pressure"
    },
    {
      "term": "global security",
      "explanation": "the safety and stability of the world, often cited in foreign policy decisions"
    }
  ],
  "questions": [
    {
      "question": "What action is President Trump threatening against NATO allies?",
      "options": [
        "Military invasion",
        "New tariffs",
        "Diplomatic recognition",
        "Economic aid"
      ],
      "correct_answer": "New tariffs"
    },
    {
      "question": "How are European leaders responding to the crisis?",
      "options": [
        "By giving Greenland to the U.S.",
        "By coordinating a response and reinforcing troops",
        "By ignoring Trump's threats",
        "By leaving NATO"
      ],
      "correct_answer": "By coordinating a response and reinforcing troops"
    },
    {
      "question": "What is Trump's stated reason for his aggressive approach?",
      "options": [
        "Economic gain",
        "Not winning the Nobel Peace Prize",
        "A personal grudge against Denmark",
        "Climate change concerns"
      ],
      "correct_answer": "Not winning the Nobel Peace Prize"
    },
    {
      "question": "What does Trump claim is necessary for world security?",
      "options": [
        "U.S. control of Greenland",
        "More NATO meetings",
        "Reducing tariffs",
        "Awarding him the Nobel Prize"
      ],
      "correct_answer": "U.S. control of Greenland"
    },
    {
      "question": "What potential countermeasure are European leaders considering?",
      "options": [
        "Tariffs on U.S. imports",
        "Withdrawing from Greenland",
        "Supporting Trump's bid",
        "Increasing trade with the U.S."
      ],
      "correct_answer": "Tariffs on U.S. imports"
    },
    {
      "question": "Who is reinforcing troops in Greenland?",
      "options": [
        "U.S. forces",
        "Danish and European forces",
        "Norwegian forces",
        "Russian forces"
      ],
      "correct_answer": "Danish and European forces"
    },
    {
      "question": "What organization is mentioned in relation to the allies?",
      "options": [
        "UN",
        "NATO",
        "EU",
        "WTO"
      ],
      "correct_answer": "NATO"
    },
    {
      "question": "What is the main conflict in this article?",
      "options": [
        "Trade dispute over tariffs",
        "Diplomatic crisis over Greenland",
        "Military invasion of Europe",
        "Climate change debate"
      ],
      "correct_answer": "Diplomatic crisis over Greenland"
    }
  ],
  "background_read": [
    "Greenland is an autonomous territory of Denmark with strategic importance due to its location and resources. Tariffs are often used in international relations as leverage, and NATO is a key alliance for transatlantic security. The Nobel Peace Prize influences global perceptions of leaders, and diplomatic crises can arise from territorial disputes. This article illustrates how personal motivations and geopolitical strategies intersect in foreign policy."
  ],
  "Article_Structure": [
    "Main Points: Trump threatens tariffs on NATO allies to acquire Greenland, leading to a diplomatic crisis; European leaders coordinate a response with potential counter-tariffs and military reinforcements in Greenland. Purpose: To inform about escalating tensions between the U.S. and Europe over Greenland, highlighting Trump's personal grievances and strategic demands. Evidence Evaluation: Based on reported threats and meetings, but lacks direct sources or data, relying on statements and actions. Author Credibility: PBS NewsHour is a reputable news source, and insights from a former NSC director add expertise. Methodology: Uses news reporting and expert analysis to describe events, though limited to summarized content without detailed investigation."
  ],
  "perspectives": [
    {
      "perspective": "U.S. strategic view",
      "description": "Trump sees Greenland as vital for U.S. security and uses economic pressure to achieve geopolitical goals, justified by personal disappointment."
    },
    {
      "perspective": "European defensive view",
      "description": "Europe views Trump's demands as aggressive and unlawful, responding with unity and military readiness to protect sovereignty and alliance integrity."
    }
  ],
  "image_url": "/article_images/article_5087c54a72f224d2_54cd78271c6a.webp"
}