{
  "title": "Geothermal Innovation: UK's Pioneering Plant and Its Implications for Renewable Energy",
  "summary": "The United Kingdom has inaugurated its inaugural geothermal power plant in Cornwall, representing a transformative advancement in renewable energy infrastructure. Developed by Geothermal Engineering Ltd over nearly two decades, this facility exploits heat from granite formations at depths of three miles, where temperatures approach 200°C. By circulating water through fractured rock, the plant generates electricity sufficient for 10,000 households and concurrently extracts lithium, a pivotal mineral for battery technologies in the green economy. This project distinguishes itself by providing baseload power—operating continuously unlike intermittent renewables such as wind and solar—thus enhancing grid stability and energy security. Funded through £50 million from private investors and the EU, it underscores the technical and financial complexities of deep geothermal exploitation. While hailed by the British Geological Survey as a milestone, replication faces hurdles due to exorbitant drilling costs and geological variability. The electricity is marketed via Octopus Energy, integrating into the national grid to supply consistent, low-carbon energy. This initiative not only mitigates reliance on fossil fuels but also positions the UK in the competitive landscape of critical mineral production, albeit with ongoing debates over scalability and economic viability.",
  "keywords": [
    {
      "term": "baseload power",
      "explanation": "consistent electricity generation that meets minimum demand, available 24/7"
    },
    {
      "term": "lithium extraction",
      "explanation": "the process of recovering lithium from geothermal brines for industrial applications"
    },
    {
      "term": "granite formations",
      "explanation": "geological structures ideal for geothermal heat retention and conduction"
    },
    {
      "term": "energy security",
      "explanation": "the assurance of reliable and affordable energy supply, reducing external dependencies"
    },
    {
      "term": "critical mineral",
      "explanation": "a mineral essential for modern technologies, with supply chain vulnerabilities"
    },
    {
      "term": "renewable infrastructure",
      "explanation": "the physical systems and facilities supporting sustainable energy production"
    },
    {
      "term": "grid stability",
      "explanation": "the maintenance of consistent voltage and frequency in electricity networks"
    },
    {
      "term": "economic viability",
      "explanation": "the feasibility of a project based on cost-effectiveness and profitability"
    },
    {
      "term": "geological variability",
      "explanation": "differences in rock composition and structure affecting geothermal potential"
    },
    {
      "term": "low-carbon energy",
      "explanation": "energy sources that emit minimal greenhouse gases during operation"
    }
  ],
  "questions": [
    {
      "question": "What geological feature makes the Cornish site suitable for geothermal energy?",
      "options": [
        "Limestone caves",
        "Granite formations",
        "Sandstone layers",
        "Volcanic ash"
      ],
      "correct_answer": "Granite formations"
    },
    {
      "question": "How does geothermal energy contribute to grid stability compared to other renewables?",
      "options": [
        "By providing intermittent power",
        "By offering baseload power",
        "By using fossil fuel backups",
        "By requiring storage systems"
      ],
      "correct_answer": "By offering baseload power"
    },
    {
      "question": "What is the significance of lithium extraction in this project?",
      "options": [
        "It reduces electricity costs",
        "It supports green technology markets",
        "It increases drilling efficiency",
        "It eliminates waste products"
      ],
      "correct_answer": "It supports green technology markets"
    },
    {
      "question": "What funding sources were utilized for the £50 million project?",
      "options": [
        "Government grants only",
        "Private investors and the EU",
        "Crowdfunding campaigns",
        "International loans"
      ],
      "correct_answer": "Private investors and the EU"
    },
    {
      "question": "Which organization described the project as a 'major step forward' but noted financial challenges?",
      "options": [
        "Geothermal Engineering Ltd",
        "Octopus Energy",
        "British Geological Survey",
        "EU Energy Commission"
      ],
      "correct_answer": "British Geological Survey"
    },
    {
      "question": "What temperature is achieved at the bottom of the three-mile well?",
      "options": [
        "150°C",
        "175°C",
        "200°C",
        "225°C"
      ],
      "correct_answer": "200°C"
    },
    {
      "question": "How long did the development phase of this geothermal plant take?",
      "options": [
        "10 years",
        "15 years",
        "20 years",
        "25 years"
      ],
      "correct_answer": "20 years"
    },
    {
      "question": "What is a key advantage of geothermal over wind and solar energy?",
      "options": [
        "Lower installation costs",
        "Continuous operation",
        "Higher energy density",
        "Less land use"
      ],
      "correct_answer": "Continuous operation"
    },
    {
      "question": "What role does Octopus Energy play in this project?",
      "options": [
        "Drilling the wells",
        "Extracting lithium",
        "Distributing electricity",
        "Conducting geological surveys"
      ],
      "correct_answer": "Distributing electricity"
    },
    {
      "question": "What critical assessment is made regarding the project's scalability?",
      "options": [
        "Technological limitations are minimal",
        "High drilling costs hinder replication",
        "Lithium demand is declining",
        "Government support is guaranteed"
      ],
      "correct_answer": "High drilling costs hinder replication"
    }
  ],
  "background_read": [
    "Geothermal energy leverages the Earth's internal heat, typically accessed via deep drilling into hot rock strata. In the UK, this Cornish project represents a pioneering effort in deep geothermal electricity generation, contrasting with shallower systems used for heating. The process involves injecting water into fractured granite to absorb heat, which then powers turbines upon return. Concurrent lithium extraction addresses supply chain needs for batteries in electric vehicles and renewable storage, aligning with circular economy principles. However, the high capital intensity and geological risks pose significant barriers to widespread adoption. This context is crucial for evaluating geothermal's role in achieving net-zero emissions, as it offers a stable, low-carbon alternative to fossil fuels but requires innovative financing and policy support to overcome economic and technical constraints."
  ],
  "Article_Structure": [
    "Main Points: The UK's first deep geothermal plant generates baseload electricity and extracts lithium, utilizing heat from granite at three-mile depths. Purpose: To demonstrate geothermal's potential for continuous renewable energy and critical mineral production, addressing energy security and green technology demands. Evidence Evaluation: Relies on expert statements from BGS and GEL, with specific data on costs and temperatures, though limited peer-reviewed studies may affect robustness. Author Credibility: BBC provides balanced reporting by citing multiple stakeholders, but potential bias towards technological optimism exists. Methodology: Information sourced from press releases, interviews, and organizational reports, offering a descriptive rather than analytical approach. Critical Assessment: Strengths include innovation and dual output benefits; limitations involve high costs, scalability issues, and reliance on favorable geology, necessitating further research for broader applicability."
  ],
  "perspectives": [
    {
      "perspective": "Environmental Sustainability",
      "description": "Reduces carbon emissions and supports circular economy through lithium recovery."
    },
    {
      "perspective": "Economic Feasibility",
      "description": "High initial investments challenge profitability, but long-term energy and mineral returns may offset costs."
    },
    {
      "perspective": "Policy and Regulation",
      "description": "Government incentives and international funding are critical for scaling geothermal initiatives."
    }
  ],
  "image_url": "/article_images/article_2e364d5bb9b18be1_75f37dc872a2.webp"
}