{
  "title": "Shifting Focus: The Renaming of a Renewable Energy Lab",
  "summary": "The Trump administration has renamed the National Renewable Energy Laboratory to the National Laboratory of the Rockies, signaling a strategic shift in energy policy. Located in Golden, Colorado, this lab has been a global leader in renewable energy research, focusing on technologies like wind and solar power. The new name, according to lab director Jud Virden, reflects a broader vision for applied energy research and honors the scenic Rocky Mountains. However, details on how this will affect the lab's programs or its 4,000 staff remain unclear. This change is part of a series of actions by the administration to reduce emphasis on renewable energy while increasing support for fossil fuels. Critics, including former Colorado Governor Bill Ritter, argue that this move could undermine America's position as a leader in energy innovation, making it less competitive with countries like China and India that are rapidly advancing in renewables. The Department of Energy states the renaming aligns with a focus on 'energy addition' rather than prioritizing specific resources, but concerns persist about the long-term impact on U.S. energy research and economic competitiveness.",
  "keywords": [
    {
      "term": "National Renewable Energy Laboratory",
      "explanation": "A U.S. government lab dedicated to advancing renewable energy technologies."
    },
    {
      "term": "Energy Policy",
      "explanation": "Government plans and rules about how energy is produced and used."
    },
    {
      "term": "Fossil Fuels",
      "explanation": "Non-renewable energy sources like coal and oil that contribute to pollution."
    },
    {
      "term": "Competitiveness",
      "explanation": "The ability to succeed against other countries in areas like technology and economy."
    },
    {
      "term": "Applied Research",
      "explanation": "Scientific study aimed at solving practical problems, not just theoretical ones."
    },
    {
      "term": "Global Leadership",
      "explanation": "Being a top player in a field on an international scale."
    },
    {
      "term": "Renewable Transition",
      "explanation": "The shift from fossil fuels to sustainable energy sources."
    },
    {
      "term": "Department of Energy",
      "explanation": "The U.S. government agency responsible for energy policy and research."
    }
  ],
  "questions": [
    {
      "question": "What is the primary reason given for renaming the lab?",
      "options": [
        "To honor the Rocky Mountains",
        "To cut funding for renewable energy",
        "To expand fossil fuel research",
        "To move the lab to a new location"
      ],
      "correct_answer": "To honor the Rocky Mountains"
    },
    {
      "question": "How does the Department of Energy describe the new focus?",
      "options": [
        "Energy addition",
        "Renewable prioritization",
        "Fossil fuel elimination",
        "Nuclear energy expansion"
      ],
      "correct_answer": "Energy addition"
    },
    {
      "question": "What concern does Bill Ritter raise about the name change?",
      "options": [
        "It may harm U.S. competitiveness in renewables",
        "It will increase lab staff",
        "It will boost renewable research",
        "It will reduce pollution"
      ],
      "correct_answer": "It may harm U.S. competitiveness in renewables"
    },
    {
      "question": "What type of research has the lab historically emphasized?",
      "options": [
        "Renewable energy",
        "Fossil fuels",
        "Nuclear power",
        "Energy storage"
      ],
      "correct_answer": "Renewable energy"
    },
    {
      "question": "How many staff members work at the lab?",
      "options": [
        "About 4,000",
        "About 1,000",
        "About 10,000",
        "About 500"
      ],
      "correct_answer": "About 4,000"
    },
    {
      "question": "Which administration is responsible for the renaming?",
      "options": [
        "Trump administration",
        "Biden administration",
        "Obama administration",
        "Bush administration"
      ],
      "correct_answer": "Trump administration"
    },
    {
      "question": "What is the lab's new name?",
      "options": [
        "National Laboratory of the Rockies",
        "National Energy Research Lab",
        "Colorado Renewable Lab",
        "Rocky Mountain Energy Lab"
      ],
      "correct_answer": "National Laboratory of the Rockies"
    },
    {
      "question": "Why might the name change affect global energy research?",
      "options": [
        "It could reduce U.S. leadership in renewables",
        "It will increase collaboration with China",
        "It will focus only on solar energy",
        "It will stop all energy research"
      ],
      "correct_answer": "It could reduce U.S. leadership in renewables"
    }
  ],
  "background_read": [
    "The National Renewable Energy Laboratory (NREL) is a key federal research facility in Colorado, established to advance renewable energy technologies and reduce dependence on fossil fuels. Under various administrations, U.S. energy policy has shifted between supporting renewables and fossil fuels. The Trump administration has consistently promoted oil, gas, and coal while rolling back regulations on renewables. This renaming is seen as part of that broader agenda, potentially impacting America's role in the global energy transition. Understanding this context helps analyze the implications for research funding, international competition, and environmental sustainability."
  ],
  "Article_Structure": [
    "This article analyzes the renaming of the National Renewable Energy Laboratory by the Trump administration. Main Points: The change signals a shift from prioritizing renewable energy to a broader 'energy addition' approach, potentially reducing support for clean energy research. Purpose: To report on a policy move reflecting the administration's energy agenda and its implications. Evidence Evaluation: Relies on statements from lab officials and critics, but lacks detailed data on program changes, making it somewhat speculative. Author Credibility: Ars Technica is a reputable science news source, but the article cites limited direct sources beyond quotes. Methodology: Based on public statements and expert commentary, without in-depth investigative reporting, focusing on political and economic angles."
  ],
  "perspectives": [
    {
      "perspective": "Administration Supporters",
      "description": "View the renaming as a positive step toward balanced energy research, honoring natural beauty and expanding focus beyond renewables."
    },
    {
      "perspective": "Energy Policy Critics",
      "description": "See the change as a harmful de-emphasis on renewables, risking U.S. competitiveness and slowing progress toward sustainable energy."
    }
  ],
  "image_url": "/article_images/article_d9e0994a7932a305_72cf1eb19bcf.webp"
}