{
  "title": "UK Ends Permanent Protection for Refugees",
  "summary": "The UK government, through Shabana Mahmood, is announcing significant changes to the asylum and immigration system, marking the end of permanent protection for refugees. This means that individuals granted asylum will no longer have the right to stay in the UK indefinitely. Instead, they may be required to leave after a certain period, reflecting a shift in policy aimed at tighter control over immigration. The changes are part of broader efforts to reform how the UK handles refugee claims and manages population inflows. This decision could impact thousands of people seeking safety and raises questions about human rights and international obligations. It is essential to understand the reasons behind this policy and its potential effects on refugees and society.",
  "keywords": [
    {
      "term": "refugees",
      "explanation": "Individuals who flee their home countries due to persecution, war, or violence and seek protection elsewhere"
    },
    {
      "term": "asylum system",
      "explanation": "The legal process through which countries grant protection to refugees based on international laws"
    },
    {
      "term": "immigration control",
      "explanation": "Policies and measures used by governments to regulate the entry and stay of foreign nationals"
    },
    {
      "term": "permanent protection",
      "explanation": "Long-term or indefinite safety granted to refugees, allowing them to reside in a host country without time limits"
    },
    {
      "term": "policy shift",
      "explanation": "A change in government strategies or rules that alters how issues are addressed"
    },
    {
      "term": "human rights",
      "explanation": "Basic rights and freedoms that all people are entitled to, such as safety and equality"
    },
    {
      "term": "international obligations",
      "explanation": "Duties that countries have under international agreements, like protecting refugees"
    },
    {
      "term": "population management",
      "explanation": "Efforts to control the size and composition of a country's population through policies"
    },
    {
      "term": "reform",
      "explanation": "The process of making changes to improve a system or set of rules"
    },
    {
      "term": "societal impact",
      "explanation": "The effects that policies or events have on communities and society as a whole"
    }
  ],
  "questions": [
    {
      "question": "What is the main announcement by Shabana Mahmood?",
      "options": [
        "Refugees can stay permanently",
        "Refugees will not have permanent protection",
        "More refugees are welcome",
        "The UK is leaving the UN"
      ],
      "correct_answer": "Refugees will not have permanent protection"
    },
    {
      "question": "Which system is being changed?",
      "options": [
        "Education system",
        "Asylum and immigration system",
        "Healthcare system",
        "Transport system"
      ],
      "correct_answer": "Asylum and immigration system"
    },
    {
      "question": "What does 'permanent protection' mean for refugees?",
      "options": [
        "Temporary safety",
        "Indefinite stay in a country",
        "A one-time payment",
        "A job offer"
      ],
      "correct_answer": "Indefinite stay in a country"
    },
    {
      "question": "Why might the government implement this change?",
      "options": [
        "To increase refugee numbers",
        "To tighten immigration control",
        "To reduce taxes",
        "To build more schools"
      ],
      "correct_answer": "To tighten immigration control"
    },
    {
      "question": "What are international obligations in this context?",
      "options": [
        "Agreements to protect refugees",
        "Rules for trading goods",
        "Laws for driving cars",
        "Guidelines for sports"
      ],
      "correct_answer": "Agreements to protect refugees"
    },
    {
      "question": "How could this policy affect refugees?",
      "options": [
        "They feel more secure",
        "They may face uncertainty about their future",
        "They get automatic citizenship",
        "They receive free housing forever"
      ],
      "correct_answer": "They may face uncertainty about their future"
    },
    {
      "question": "What is a key element of the asylum system?",
      "options": [
        "Granting protection based on need",
        "Issuing driver's licenses",
        "Organizing festivals",
        "Selling products"
      ],
      "correct_answer": "Granting protection based on need"
    },
    {
      "question": "What does 'policy shift' refer to?",
      "options": [
        "A change in government rules",
        "A new type of food",
        "A weather pattern",
        "A musical instrument"
      ],
      "correct_answer": "A change in government rules"
    },
    {
      "question": "Why is human rights important in this discussion?",
      "options": [
        "It ensures basic freedoms for refugees",
        "It relates to animal rights",
        "It focuses on technology",
        "It deals with sports events"
      ],
      "correct_answer": "It ensures basic freedoms for refugees"
    },
    {
      "question": "What broader goal might this change serve?",
      "options": [
        "Managing population inflows",
        "Increasing tourism",
        "Promoting local businesses",
        "Expanding military forces"
      ],
      "correct_answer": "Managing population inflows"
    }
  ],
  "background_read": [
    "The UK has a long history of providing asylum to refugees under international laws like the 1951 Refugee Convention, which requires countries to protect those fleeing persecution. Recently, there has been debate over immigration levels and the sustainability of asylum systems. The new rules ending permanent protection reflect a trend in some countries to limit long-term stays, arguing it helps manage resources and integration. However, critics worry it could violate human rights and leave refugees in limbo. Understanding this context involves looking at global migration trends, UK political priorities, and the balance between national security and humanitarian duties."
  ],
  "Article_Structure": [
    "This article outlines major changes to the UK's asylum system, with Shabana Mahmood announcing the end of permanent protection for refugees. The main points include shifting from indefinite stays to time-limited protection, aiming to tighten immigration control. The purpose is to reform the system for better management of refugee inflows, possibly due to political or economic pressures. Evidence comes from official announcements, but it lacks detailed data or sources, relying on high-level statements. Author credibility is assumed through BBC reporting, known for reliability, though specifics on Mahmood's expertise aren't detailed. Methodology involves policy declaration without mention of research or public consultation, suggesting a top-down approach. Overall, it highlights a significant policy shift with potential societal impacts."
  ],
  "perspectives": [
    {
      "perspective": "Government perspective",
      "description": "Views this as necessary for controlling immigration and ensuring system efficiency."
    },
    {
      "perspective": "Human rights advocates",
      "description": "Argue it could harm refugees' rights and stability, contravening international norms."
    },
    {
      "perspective": "Public opinion",
      "description": "Divided, with some supporting tighter controls and others emphasizing compassion for refugees."
    }
  ],
  "image_url": "/article_images/article_5b2b1e5263a70310_1307ffe83155.jpg"
}