{
  "title": "Stranger Things Finale: What's Next for the Show?",
  "summary": "Stranger Things is a popular TV show on Netflix that mixes sci-fi, fantasy, and horror. The final episodes are coming soon, with fans excited to see what happens next. In the story, the town of Hawkins is in danger from monsters like Demogorgons and Vecna. Characters like Eleven and Hopper are fighting evil in a place called the Upside Down. There are mysteries to solve, like why Henry Creel looks scared outside a cave. The show's creators promise a good ending for fans. The episodes will be released on Boxing Day in the UK and Christmas Day in the US, with a long final episode on New Year's Day. Fans hope it won't be disappointing like some other shows.",
  "keywords": [
    {
      "term": "Stranger Things",
      "explanation": "A TV show on Netflix with sci-fi and horror elements"
    },
    {
      "term": "Hawkins",
      "explanation": "The town in the show where the story happens"
    },
    {
      "term": "Demogorgons",
      "explanation": "Scary monsters from another dimension"
    },
    {
      "term": "Vecna",
      "explanation": "A big villain in the show"
    },
    {
      "term": "Upside Down",
      "explanation": "A dark, alternate world in the show"
    },
    {
      "term": "finale",
      "explanation": "The last episodes of the show"
    }
  ],
  "questions": [
    {
      "question": "What is Stranger Things?",
      "options": [
        "A book",
        "A TV show",
        "A movie",
        "A game"
      ],
      "correct_answer": "A TV show"
    },
    {
      "question": "Where does the story take place?",
      "options": [
        "New York",
        "Hawkins",
        "London",
        "Tokyo"
      ],
      "correct_answer": "Hawkins"
    },
    {
      "question": "What are Demogorgons?",
      "options": [
        "Friends",
        "Monsters",
        "Cars",
        "Food"
      ],
      "correct_answer": "Monsters"
    },
    {
      "question": "Who is fighting evil in the Upside Down?",
      "options": [
        "Eleven and Hopper",
        "Max and Holly",
        "Henry Creel",
        "Dr. Kay"
      ],
      "correct_answer": "Eleven and Hopper"
    },
    {
      "question": "When can UK fans watch the final episodes?",
      "options": [
        "Christmas Day",
        "Boxing Day",
        "New Year's Eve",
        "Halloween"
      ],
      "correct_answer": "Boxing Day"
    },
    {
      "question": "What do fans hope about the ending?",
      "options": [
        "It will be scary",
        "It will be good",
        "It will be boring",
        "It will be funny"
      ],
      "correct_answer": "It will be good"
    }
  ],
  "background_read": [
    "Stranger Things is a Netflix series that started in 2016. It is set in the 1980s and follows kids and adults in Hawkins as they deal with supernatural events. The show has monsters, secret labs, and characters with special powers. It is very popular worldwide, with fans of all ages. The final season is ending soon, and people are excited to see how the story wraps up."
  ],
  "Article_Structure": [
    "WHO: Characters like Eleven, Hopper, Max, Holly, and villains like Vecna and Henry Creel",
    "WHAT: The final episodes of Stranger Things are coming, with a battle against monsters and mysteries to solve",
    "WHERE: In the town of Hawkins and the Upside Down",
    "WHY: To give fans a satisfying ending to the popular show"
  ],
  "perspectives": [
    {
      "perspective": "Fan excitement",
      "description": "Fans are eagerly waiting for the finale and hope it ends well."
    }
  ],
  "image_url": "/article_images/article_52f8639bd7b4dfc7_5f78521f52d8.webp"
}