{
  "title": "Divergent Player Perspectives on Grand Slam Negotiations: Economic and Welfare Demands in Professional Tennis",
  "summary": "In professional tennis, elite players such as Madison Keys and Alexander Zverev are actively engaging in discussions with Grand Slam tournaments to address economic and welfare concerns, revealing a spectrum of opinions on the efficacy of these negotiations. Keys, the reigning Australian Open champion, adopts a cautiously optimistic stance, asserting that players, as the central product of the sport, warrant increased prize money and enhanced support systems, including contributions to pensions and healthcare. Conversely, Zverev, a three-time major finalist, expresses disillusionment, citing a lack of tangible progress despite significant time investments in advocacy efforts. The core demands revolve around three pivotal areas: adjusting the prize money-to-revenue ratio to better reflect player contributions to tournament profitability, expanding welfare provisions to ensure long-term security, and fostering a more equitable partnership between athletes and organizers. This discourse underscores broader issues of labor rights and value distribution in high-stakes sports, highlighting the tension between player agency and institutional power within the Grand Slam framework.",
  "keywords": [
    {
      "term": "economic negotiations",
      "explanation": "discussions focused on financial terms and revenue sharing between players and tournaments"
    },
    {
      "term": "welfare provisions",
      "explanation": "structured support systems for players' health, retirement, and maternity needs"
    },
    {
      "term": "prize money-to-revenue ratio",
      "explanation": "a metric evaluating the fairness of player compensation relative to tournament earnings"
    },
    {
      "term": "player agency",
      "explanation": "the degree of influence and control players have over decisions affecting their careers"
    },
    {
      "term": "institutional power",
      "explanation": "the authority held by tournament organizers in shaping policies and terms"
    }
  ],
  "questions": [
    {
      "question": "What are the primary economic demands of tennis players in Grand Slam negotiations?",
      "options": [
        "A higher prize money-to-revenue ratio and welfare contributions",
        "Reduced tournament schedules and increased media access",
        "New court surfaces and equipment standards",
        "Enhanced fan interaction and sponsorship deals"
      ],
      "correct_answer": "A higher prize money-to-revenue ratio and welfare contributions"
    },
    {
      "question": "How does Madison Keys justify player demands for increased support?",
      "options": [
        "By arguing players are the product and deserve partnership status",
        "By claiming players have superior skills",
        "By referencing historical prize money trends",
        "By emphasizing fan loyalty"
      ],
      "correct_answer": "By arguing players are the product and deserve partnership status"
    },
    {
      "question": "What critique does Alexander Zverev offer regarding negotiation progress?",
      "options": [
        "He perceives minimal results despite player investments",
        "He believes negotiations are fully successful",
        "He thinks players have too much voice",
        "He advocates for disengagement from politics"
      ],
      "correct_answer": "He perceives minimal results despite player investments"
    },
    {
      "question": "Which broader issues does this article connect to player demands?",
      "options": [
        "Labor rights and value distribution in sports",
        "Technological advancements in tennis",
        "Geopolitical influences on tournaments",
        "Environmental sustainability in sports"
      ],
      "correct_answer": "Labor rights and value distribution in sports"
    },
    {
      "question": "What is the significance of the prize money-to-revenue ratio in this context?",
      "options": [
        "It measures fairness in compensating players for their economic impact",
        "It determines player rankings and seedings",
        "It sets ticket prices for spectators",
        "It regulates match durations"
      ],
      "correct_answer": "It measures fairness in compensating players for their economic impact"
    },
    {
      "question": "How do welfare provisions contribute to player security?",
      "options": [
        "By offering long-term support for health and retirement",
        "By providing immediate prize money boosts",
        "By ensuring tournament victories",
        "By reducing travel costs"
      ],
      "correct_answer": "By offering long-term support for health and retirement"
    },
    {
      "question": "What tension is highlighted between players and Grand Slam organizers?",
      "options": [
        "Between player agency and institutional power",
        "Between different playing styles and techniques",
        "Between fan expectations and media coverage",
        "Between amateur and professional levels"
      ],
      "correct_answer": "Between player agency and institutional power"
    },
    {
      "question": "What methodology does the article employ to present player perspectives?",
      "options": [
        "Summarizing quotes and contextualizing demands within sports economics",
        "Conducting statistical analysis of prize money data",
        "Interviewing tournament organizers exclusively",
        "Comparing tennis to other sports industries"
      ],
      "correct_answer": "Summarizing quotes and contextualizing demands within sports economics"
    },
    {
      "question": "How does the article assess author credibility?",
      "options": [
        "By relying on BBC reporting without detailed expertise disclosure",
        "By citing peer-reviewed studies on sports labor",
        "By including author biographies and qualifications",
        "By referencing player associations directly"
      ],
      "correct_answer": "By relying on BBC reporting without detailed expertise disclosure"
    },
    {
      "question": "What critical assessment can be made of the evidence presented?",
      "options": [
        "It offers qualitative insights but lacks quantitative data on financial impacts",
        "It provides comprehensive revenue breakdowns and player surveys",
        "It focuses solely on historical context without current relevance",
        "It dismisses player concerns as unfounded"
      ],
      "correct_answer": "It offers qualitative insights but lacks quantitative data on financial impacts"
    }
  ],
  "background_read": [
    "Grand Slam tournaments represent the apex of professional tennis, governed by organizations that wield considerable economic and regulatory power. Players, as independent contractors, navigate complex negotiations to secure fair compensation and welfare benefits, reflecting broader trends in sports labor movements. Historically, prize money has increased, but debates persist over distribution equity, especially regarding revenue shares from broadcasting and sponsorships. This article situates current player demands within a framework of economic justice, examining how stars like Madison Keys and Alexander Zverev articulate their roles as stakeholders. Understanding these dynamics requires knowledge of sports economics, athlete advocacy, and the structural challenges in balancing commercial interests with player well-being in global sports."
  ],
  "Article_Structure": [
    "This article provides an in-depth analysis of player negotiations with Grand Slam tournaments, detailing main points such as economic demands for a higher prize money-to-revenue ratio and welfare provisions. The purpose is to explore labor rights and value distribution in professional tennis, set against player perspectives from Keys and Zverev. Evidence evaluation notes credible player quotes but a lack of quantitative data, limiting depth. Author credibility stems from BBC affiliation, though specific expertise is unstated. Methodology involves summarizing discussions and contextualizing them within sports economics. Critical assessment highlights strengths in capturing divergent views but weaknesses in omitting organizer responses and financial specifics, offering a nuanced yet incomplete picture."
  ],
  "perspectives": [
    {
      "perspective": "Economic partnership view",
      "description": "Madison Keys advocates for players as essential partners deserving equitable financial and welfare terms."
    },
    {
      "perspective": "Systemic frustration view",
      "description": "Alexander Zverev critiques the negotiation process as ineffective, pointing to power imbalances that hinder player influence."
    }
  ],
  "image_url": "/article_images/article_b20672727b40e7e9_bdade6574116.webp"
}