{
  "title": "Analyzing Divisions in the Republican Party",
  "summary": "This article from PBS NewsHour features an analysis by Tamara Keith of NPR and Amy Walter of the Cook Political Report, discussing the current state of the Republican Party, which is described as fractured. They focus on a Turning Point event, founded by the late Charlie Kirk, where his death initially fostered unity within the party. However, recent speeches at the event have highlighted internal conflicts, notably from conservative reporter Ben Shapiro, who accused right-wing influencers like Tucker Carlson of promoting antisemitism and conspiracy theories. This underscores ongoing divisions within the Republican Party, revealing how personal and ideological differences can undermine political cohesion. The discussion occurs during a holiday week, emphasizing the persistent nature of these issues in American politics. The analysis aims to shed light on the challenges facing the party and the broader implications for political discourse and unity.",
  "keywords": [
    {
      "term": "fractured",
      "explanation": "split or divided into different parts, often due to disagreements"
    },
    {
      "term": "Turning Point event",
      "explanation": "a multi-day gathering organized by Charlie Kirk's group to discuss conservative politics"
    },
    {
      "term": "antisemitism",
      "explanation": "prejudice or discrimination against Jewish people"
    },
    {
      "term": "conspiracy theories",
      "explanation": "beliefs that explain events as the result of secret plots by powerful groups"
    },
    {
      "term": "political cohesion",
      "explanation": "the ability of a political group to stay united and work together"
    }
  ],
  "questions": [
    {
      "question": "What is the primary focus of the analysis by Tamara Keith and Amy Walter?",
      "options": [
        "The fractured state of the Republican Party",
        "Economic policies in the U.S.",
        "Climate change issues",
        "International trade agreements"
      ],
      "correct_answer": "The fractured state of the Republican Party"
    },
    {
      "question": "Who founded the Turning Point event mentioned in the article?",
      "options": [
        "Charlie Kirk",
        "Ben Shapiro",
        "Tucker Carlson",
        "Amy Walter"
      ],
      "correct_answer": "Charlie Kirk"
    },
    {
      "question": "How did Charlie Kirk's death initially affect the Republican Party?",
      "options": [
        "It brought unity",
        "It caused more divisions",
        "It had no effect",
        "It ended the party"
      ],
      "correct_answer": "It brought unity"
    },
    {
      "question": "What accusation did Ben Shapiro make at the Turning Point event?",
      "options": [
        "That right-wing influencers promote antisemitism and conspiracy theories",
        "That the Republican Party is too united",
        "That Charlie Kirk was still alive",
        "That PBS NewsHour is biased"
      ],
      "correct_answer": "That right-wing influencers promote antisemitism and conspiracy theories"
    },
    {
      "question": "Which right-wing influencer was specifically mentioned by Ben Shapiro?",
      "options": [
        "Tucker Carlson",
        "Tamara Keith",
        "Amy Walter",
        "William Brangham"
      ],
      "correct_answer": "Tucker Carlson"
    },
    {
      "question": "What does the term 'political cohesion' refer to in this context?",
      "options": [
        "The unity of a political group",
        "The number of members in a party",
        "The speed of political decisions",
        "The color of party logos"
      ],
      "correct_answer": "The unity of a political group"
    },
    {
      "question": "Why is the discussion held during a holiday week significant?",
      "options": [
        "It shows that political issues persist even during breaks",
        "It means no one is paying attention",
        "It indicates a time of peace",
        "It is irrelevant to the topic"
      ],
      "correct_answer": "It shows that political issues persist even during breaks"
    },
    {
      "question": "What broader implication does the analysis suggest about the Republican Party?",
      "options": [
        "Internal conflicts can hinder its effectiveness",
        "It is the strongest party in the U.S.",
        "It has no disagreements",
        "It focuses only on economic issues"
      ],
      "correct_answer": "Internal conflicts can hinder its effectiveness"
    }
  ],
  "background_read": [
    "The Republican Party, one of the two major political parties in the United States, has a long history of internal debates and factions. In recent years, divisions have become more pronounced due to differing views on issues like immigration, healthcare, and social policies. Events like Turning Point, organized by conservative groups, often serve as platforms for discussing these differences. Charlie Kirk, the founder, was a prominent conservative activist whose death temporarily united party members. However, figures like Ben Shapiro and Tucker Carlson represent varying strands of conservative thought, sometimes leading to public disputes. Understanding these dynamics is crucial for analyzing how political parties navigate internal conflicts and maintain relevance in a polarized environment."
  ],
  "Article_Structure": [
    "Main Points: The article analyzes the fractured state of the Republican Party, highlighting internal conflicts exposed at the Turning Point event, where Ben Shapiro accused influencers like Tucker Carlson of promoting antisemitism and conspiracy theories, undermining unity fostered by Charlie Kirk's death. Purpose: To provide expert insight into ongoing political divisions and their impact on party cohesion during a holiday week. Evidence Evaluation: The analysis relies on firsthand accounts from the event and expert commentary, but lacks direct data or statistical evidence, making it more qualitative. Author Credibility: Tamara Keith and Amy Walter are respected political analysts with backgrounds in NPR and the Cook Political Report, lending authority to their perspectives. Methodology: The information is gathered from a televised discussion on PBS NewsHour, focusing on observational analysis and interpretation of recent events."
  ],
  "perspectives": [
    {
      "perspective": "Media analysis",
      "description": "Experts use news platforms to dissect political trends and conflicts."
    }
  ],
  "image_url": "/article_images/article_b4858a03ec645b3f_c2d92d9fd5e7.webp"
}