{
  "title": "Dissecting Age-Related Disparities in Spinal Cord Injury Recovery: Neurological Resilience vs. Functional Decline",
  "summary": "A comprehensive study published in Neurology in December 2025 delves into the nuanced relationship between age and recovery trajectories following spinal cord injuries. Utilizing data from 2,171 patients enrolled in the European Multicenter Study about Spinal Cord Injury, with a mean age of 47, researchers conducted a longitudinal analysis over one year post-injury. The investigation revealed a dichotomy in recovery outcomes: neurological parameters, including motor strength and sensory modalities such as light touch and pinprick perception, demonstrated no significant correlation with age, indicating preserved neuroplasticity across the lifespan. Conversely, functional recovery exhibited marked age-related disparities; older adults faced substantial challenges in regaining autonomy in activities of daily living (e.g., feeding, bathing, mobility) and performed poorer on quantitative walking assessments. Functional independence was quantified via a scale from 0 to 100, with each incremental decade of age associated with a 4.3-point reduction in improvement scores. These findings underscore that while the intrinsic capacity for nerve healing remains robust irrespective of age, extrinsic factors—potentially including comorbidities, reduced physiological reserve, or social determinants—may impede functional rehabilitation. This research advocates for stratified therapeutic interventions that account for age-specific barriers to optimize recovery outcomes in an increasingly aging global population affected by spinal cord injuries.",
  "keywords": [
    {
      "term": "neuroplasticity",
      "explanation": "the nervous system's ability to reorganize and adapt after injury, supporting recovery of function"
    },
    {
      "term": "longitudinal analysis",
      "explanation": "a research method that tracks the same subjects over an extended period to observe changes"
    },
    {
      "term": "activities of daily living",
      "explanation": "basic self-care tasks such as eating, bathing, and mobility that are essential for independent living"
    },
    {
      "term": "comorbidities",
      "explanation": "additional health conditions that may coexist with a primary injury, potentially affecting recovery"
    },
    {
      "term": "stratified interventions",
      "explanation": "tailored treatment approaches designed based on specific patient characteristics like age"
    }
  ],
  "questions": [
    {
      "question": "What dichotomy did the study identify in recovery outcomes relative to age?",
      "options": [
        "Neurological and functional recovery both decline with age",
        "Neurological recovery is age-dependent, functional recovery is not",
        "Neurological recovery is age-independent, functional recovery declines with age",
        "Both types of recovery improve with age"
      ],
      "correct_answer": "Neurological recovery is age-independent, functional recovery declines with age"
    },
    {
      "question": "How was functional independence measured in the study?",
      "options": [
        "Via a qualitative interview",
        "Using a scale from 0 to 100",
        "Through blood tests",
        "By counting daily steps"
      ],
      "correct_answer": "Using a scale from 0 to 100"
    },
    {
      "question": "What was the sample size of the study?",
      "options": [
        "1,000",
        "2,171",
        "3,500",
        "5,000"
      ],
      "correct_answer": "2,171"
    },
    {
      "question": "What is neuroplasticity in the context of this study?",
      "explanation": "the nervous system's ability to adapt and heal after injury",
      "options": [
        "The inability of nerves to recover",
        "The nervous system's ability to reorganize after injury",
        "A type of spinal surgery",
        "A measure of walking speed"
      ],
      "correct_answer": "The nervous system's ability to reorganize after injury"
    },
    {
      "question": "What potential factors might explain the age-related functional decline?",
      "options": [
        "Only genetic factors",
        "Comorbidities and reduced physiological reserve",
        "Lack of medical care",
        "Younger age at injury"
      ],
      "correct_answer": "Comorbidities and reduced physiological reserve"
    },
    {
      "question": "How long was the follow-up period for participants?",
      "options": [
        "6 months",
        "1 year",
        "2 years",
        "3 years"
      ],
      "correct_answer": "1 year"
    },
    {
      "question": "What journal published the study?",
      "options": [
        "Science",
        "Neurology",
        "Journal of Neurosurgery",
        "The Lancet"
      ],
      "correct_answer": "Neurology"
    },
    {
      "question": "What does the study suggest for future therapeutic approaches?",
      "options": [
        "Uniform treatments for all ages",
        "Age-stratified interventions",
        "Focus only on neurological recovery",
        "Ignore functional aspects"
      ],
      "correct_answer": "Age-stratified interventions"
    },
    {
      "question": "What was the average functional score at admission?",
      "options": [
        "20",
        "31",
        "35",
        "50"
      ],
      "correct_answer": "31"
    },
    {
      "question": "Why is this research significant in a global context?",
      "options": [
        "It shows recovery is impossible",
        "It addresses aging populations and rising spinal cord injury rates",
        "It focuses only on European patients",
        "It disproves all previous studies"
      ],
      "correct_answer": "It addresses aging populations and rising spinal cord injury rates"
    }
  ],
  "background_read": [
    "Spinal cord injuries represent a major public health challenge, often resulting in permanent disability and requiring extensive rehabilitation. As global demographics shift towards older populations, understanding age-related recovery patterns is critical. This study builds on prior research indicating variable recovery outcomes, employing a multicenter longitudinal design to dissect neurological versus functional dimensions. It highlights the complex interplay between biological resilience in nerve healing and multifactorial barriers to functional independence, such as age-associated health declines. By advocating for personalized medicine, this work contributes to evolving paradigms in neurorehabilitation, aiming to enhance quality of life for diverse patient cohorts through evidence-based, age-appropriate strategies."
  ],
  "Article_Structure": [
    "This in-depth analysis examines a study on spinal cord injury recovery and age. Main Points: Neurological recovery (motor/sensory functions) is age-independent, suggesting sustained neuroplasticity, while functional recovery (daily activities/walking) declines with age, indicating external barriers. Purpose: To inform age-tailored therapies amid rising injury rates in aging populations, addressing a gap in rehabilitation science. Evidence Evaluation: Robust due to large longitudinal dataset from European centers, but may lack generalizability to non-European settings. Author Credibility: Chiara Pavese, MD, PhD, brings clinical and research expertise from the University of Pavia. Methodology: Longitudinal cohort study with standardized assessments over one year, using quantitative scales for functional measures. Critical Assessment: Strengths include sample size and duration; limitations involve potential confounding variables like comorbidities and cultural factors in functional outcomes."
  ],
  "perspectives": [
    {
      "perspective": "Research and Policy",
      "description": "Highlights implications for developing evidence-based, age-specific rehabilitation protocols and healthcare policies"
    }
  ],
  "image_url": "/article_images/article_68ec4f0fbe42f423_004177c67acc.webp"
}