{
  "title": "Investigating Tyrosine's Causal Role in Sex-Specific Longevity Reduction",
  "summary": "A comprehensive study in Aging-US utilized data from the UK Biobank, encompassing over 270,000 individuals, to examine the causal links between blood concentrations of phenylalanine and tyrosine and human lifespan through Mendelian randomization and observational analyses. Conducted by researchers from the University of Hong Kong and University of Georgia, the investigation revealed that elevated tyrosine levels are associated with a statistically significant reduction in life expectancy among men, with genetic models estimating an average decrease of nearly one year, whereas no meaningful association was detected in women. Phenylalanine demonstrated no independent effect after adjusting for tyrosine. Tyrosine, a precursor to neurotransmitters such as dopamine, is implicated in metabolic pathways including insulin resistance and stress response, potentially explaining the sex-specific findings due to hormonal variations. The study underscores the complexity of amino acid metabolism in aging, suggesting that tyrosine may exert independent biological effects beyond its metabolic interplay. It raises critical questions regarding the long-term implications of tyrosine supplementation, commonly promoted for cognitive enhancement, and proposes dietary interventions like protein moderation as a strategy to mitigate potential longevity risks in men, highlighting the necessity for personalized, sex-informed approaches in nutritional gerontology.",
  "keywords": [
    {
      "term": "Mendelian randomization",
      "explanation": "an epidemiological method using genetic variants as instrumental variables to infer causality"
    },
    {
      "term": "gerontology",
      "explanation": "the scientific study of aging and its biological, psychological, and social aspects"
    },
    {
      "term": "neurotransmitter precursor",
      "explanation": "a substance that is converted into neurotransmitters, influencing neural communication"
    },
    {
      "term": "insulin resistance",
      "explanation": "a pathophysiological condition where cells fail to respond normally to insulin, associated with metabolic syndrome and aging"
    },
    {
      "term": "sex-specific effects",
      "explanation": "biological or health outcomes that differ between males and females due to hormonal or genetic factors"
    }
  ],
  "questions": [
    {
      "question": "What statistical technique was used to assess causality between tyrosine and lifespan?",
      "options": [
        "Mendelian randomization",
        "Linear regression only",
        "Case-control study",
        "Meta-analysis"
      ],
      "correct_answer": "Mendelian randomization"
    },
    {
      "question": "How did the study control for confounding factors in its analysis?",
      "options": [
        "Used genetic modeling and adjusted for related factors",
        "Relied solely on self-reported data",
        "Excluded all male participants",
        "Ignored dietary influences"
      ],
      "correct_answer": "Used genetic modeling and adjusted for related factors"
    },
    {
      "question": "What is the estimated average lifespan reduction for men with high tyrosine levels?",
      "options": [
        "Nearly one year",
        "Three years",
        "No reduction",
        "Five years"
      ],
      "correct_answer": "Nearly one year"
    },
    {
      "question": "Why might tyrosine affect lifespan differently in men and women?",
      "options": [
        "Hormonal signaling variations",
        "Genetic differences in amino acid absorption",
        "Dietary preferences",
        "Geographic disparities"
      ],
      "correct_answer": "Hormonal signaling variations"
    },
    {
      "question": "What metabolic condition is tyrosine potentially linked to in explaining its effects?",
      "options": [
        "Insulin resistance",
        "Hypertension",
        "Osteoporosis",
        "Asthma"
      ],
      "correct_answer": "Insulin resistance"
    },
    {
      "question": "What did the study conclude about phenylalanine's role in longevity?",
      "options": [
        "No independent association after controlling for tyrosine",
        "Positive association in women",
        "Negative association in men",
        "Primary causal factor"
      ],
      "correct_answer": "No independent association after controlling for tyrosine"
    },
    {
      "question": "What implication does the study have for tyrosine supplement users?",
      "options": [
        "Raises concerns about long-term health impacts",
        "Confirms safety for all demographics",
        "Recommends increased dosage",
        "Suggests immediate discontinuation"
      ],
      "correct_answer": "Raises concerns about long-term health impacts"
    },
    {
      "question": "What dietary strategy is proposed to lower tyrosine levels?",
      "options": [
        "Moderating overall protein intake",
        "Increasing carbohydrate consumption",
        "Eliminating all supplements",
        "Adopting a high-fat diet"
      ],
      "correct_answer": "Moderating overall protein intake"
    },
    {
      "question": "How does the study contribute to the field of nutritional gerontology?",
      "options": [
        "Highlights sex-specific aging mechanisms",
        "Discards all prior research on amino acids",
        "Focuses solely on youth health",
        "Promotes universal supplement use"
      ],
      "correct_answer": "Highlights sex-specific aging mechanisms"
    },
    {
      "question": "What is a limitation of the study's methodology mentioned implicitly?",
      "options": [
        "Observational nature may include residual confounding",
        "Small sample size",
        "Lack of genetic data",
        "Exclusion of elderly participants"
      ],
      "correct_answer": "Observational nature may include residual confounding"
    }
  ],
  "background_read": [
    "Phenylalanine and tyrosine are aromatic amino acids critical for protein synthesis and neurotransmitter production, with tyrosine serving as a precursor to dopamine, norepinephrine, and epinephrine, influencing cognitive and emotional regulation. The UK Biobank provides extensive genomic and phenotypic data, enabling large-scale epidemiological studies on aging and disease. Mendelian randomization leverages genetic variants associated with exposures to minimize confounding, offering stronger causal inferences than traditional observational designs. This research intersects with growing evidence on sex differences in metabolism and aging, such as hormonal influences on nutrient processing, and addresses the burgeoning market of cognitive enhancers, emphasizing the need for evidence-based guidelines in supplement use and personalized nutrition for longevity."
  ],
  "Article_Structure": [
    "Main Points: Tyrosine exhibits a causal link to reduced male lifespan via UK Biobank analysis, with sex-specific effects and no role for phenylalanine. Purpose: To elucidate amino acid impacts on aging using advanced genetic methods, informing targeted longevity interventions. Evidence Evaluation: Robust due to large cohort and Mendelian randomization, though observational components limit definitive causality. Author Credibility: Experts in genetics and aging from academic institutions, enhancing study reliability. Methodology: Integrated observational data with Mendelian randomization to analyze blood levels and mortality outcomes. Critical Assessment: Strengths include innovative causal inference and sex-based analysis; limitations involve potential residual confounding and lack of direct supplement trials."
  ],
  "perspectives": [
    {
      "perspective": "Research imperative",
      "description": "The study calls for further investigation into tyrosine's biological mechanisms and supplement safety, emphasizing personalized aging strategies."
    }
  ],
  "image_url": "/article_images/article_88692fb9801480c9_9dc5218a1034.webp"
}