{
  "title": "Analyzing the Measles Outbreak in London: Public Health Implications and Vaccination Challenges",
  "summary": "A measles outbreak in north London has resulted in at least 34 confirmed cases among children across multiple schools in Enfield and Haringey, as reported by the UK Health Security Agency (UKHSA) based on January laboratory tests. This outbreak, described as 'fast-spreading,' accounts for over a third of England's total measles cases for the period, with one in five affected children hospitalized due to incomplete immunization. Measles, a highly contagious viral disease, poses significant health risks, including potential long-term complications and fatalities, underscoring the critical role of the MMRV vaccine in prevention. Health officials, such as Dr. Vanessa Saliba, attribute the outbreak primarily to low vaccination rates among children under 10 in educational settings, reflecting broader national and global trends of declining immunization uptake. In response, Enfield Council and NHS partners are implementing public health measures to curb transmission, while also advising travelers to verify vaccination status due to measles prevalence in countries with UK connections. This incident highlights systemic issues in vaccine hesitancy and the need for robust public health strategies to achieve herd immunity and protect vulnerable populations.",
  "keywords": [
    {
      "term": "herd immunity",
      "explanation": "when a large portion of a community becomes immune to a disease, reducing its spread"
    },
    {
      "term": "vaccine hesitancy",
      "explanation": "reluctance or refusal to vaccinate despite availability, often due to misinformation or distrust"
    },
    {
      "term": "public health strategies",
      "explanation": "planned actions by authorities to improve community health and prevent diseases"
    },
    {
      "term": "viral disease",
      "explanation": "an illness caused by viruses, which can spread rapidly and require specific treatments or prevention"
    },
    {
      "term": "immunization uptake",
      "explanation": "the rate at which people receive vaccines, influencing disease control efforts"
    }
  ],
  "questions": [
    {
      "question": "What percentage of England's total measles cases does the Enfield outbreak represent?",
      "options": [
        "Over a third",
        "Half",
        "Less than a quarter",
        "All"
      ],
      "correct_answer": "Over a third"
    },
    {
      "question": "Which organization provided the laboratory confirmation for the measles cases?",
      "options": [
        "UKHSA",
        "NHS",
        "WHO",
        "Local GP surgery"
      ],
      "correct_answer": "UKHSA"
    },
    {
      "question": "What is a key factor contributing to the hospitalization of affected children?",
      "options": [
        "Incomplete immunization",
        "Age under 5",
        "Pre-existing conditions",
        "Travel history"
      ],
      "correct_answer": "Incomplete immunization"
    },
    {
      "question": "How does the article describe the spread of measles?",
      "options": [
        "Highly contagious",
        "Moderately infectious",
        "Rarely transmitted",
        "Non-contagious"
      ],
      "correct_answer": "Highly contagious"
    },
    {
      "question": "What broader trend is associated with this outbreak?",
      "options": [
        "Declining vaccination rates globally",
        "Increasing vaccine availability",
        "Stable disease incidence",
        "Improved public health infrastructure"
      ],
      "correct_answer": "Declining vaccination rates globally"
    },
    {
      "question": "What role does Enfield Council play in the response?",
      "options": [
        "Collaborating with health agencies to limit spread",
        "Providing medical treatment",
        "Conducting vaccine research",
        "Issuing travel bans"
      ],
      "correct_answer": "Collaborating with health agencies to limit spread"
    },
    {
      "question": "Why are travelers advised to check vaccination status?",
      "options": [
        "Measles is widespread in some countries with UK links",
        "Vaccines are required for all trips",
        "To avoid quarantine",
        "It's a legal requirement"
      ],
      "correct_answer": "Measles is widespread in some countries with UK links"
    },
    {
      "question": "What does Dr. Vanessa Saliba emphasize about measles?",
      "options": [
        "It is easily preventable with vaccination",
        "It only affects children",
        "It has no serious complications",
        "It is a new disease"
      ],
      "correct_answer": "It is easily preventable with vaccination"
    },
    {
      "question": "What critical assessment can be made about the evidence presented?",
      "options": [
        "It relies on official data but may lack long-term analysis",
        "It is based on speculative reports",
        "It includes primary research findings",
        "It is entirely anecdotal"
      ],
      "correct_answer": "It relies on official data but may lack long-term analysis"
    },
    {
      "question": "What methodology is used in gathering the article's information?",
      "options": [
        "Reporting from health agency statements and local updates",
        "Conducting surveys",
        "Experimental studies",
        "Historical analysis"
      ],
      "correct_answer": "Reporting from health agency statements and local updates"
    }
  ],
  "background_read": [
    "Measles is caused by the morbillivirus and transmitted via airborne droplets, with an incubation period of 10-14 days. Symptoms include high fever, cough, coryza, conjunctivitis, and a maculopapular rash. Complications can range from otitis media and diarrhea to severe encephalitis or subacute sclerosing panencephalitis, a fatal neurological disorder. The MMRV vaccine, typically administered in two doses, has proven highly effective in preventing measles, with global eradication efforts hindered by vaccine hesitancy fueled by discredited studies linking vaccines to autism. In the UK, vaccination coverage has dropped below the 95% threshold needed for herd immunity, leading to recurrent outbreaks. Public health responses involve surveillance, contact tracing, and immunization campaigns, as seen in this London incident. Understanding these elements is crucial for evaluating the outbreak's implications on health policy and community resilience."
  ],
  "Article_Structure": [
    "Main Points: The article details a measles outbreak in London schools with 34 cases, highlighting hospitalization risks for unvaccinated children and linking it to low vaccine uptake. Purpose: To alert the public to the outbreak's severity, advocate for vaccination, and discuss broader public health challenges like vaccine hesitancy. Evidence Evaluation: Uses credible sources like UKHSA data and expert statements, but limited to initial reports without peer-reviewed studies, requiring cautious interpretation. Author Credibility: BBC News is a reliable outlet, citing authoritative figures like Dr. Saliba, though potential bias towards promoting vaccination exists. Methodology: Information sourced from official releases and health updates, employing journalistic reporting rather than original research. Critical Assessment: Strengths include timely reporting and clear public health messaging; limitations involve lack of in-depth analysis on root causes of vaccine hesitancy or long-term outbreak impacts."
  ],
  "perspectives": [
    {
      "perspective": "Public health experts",
      "description": "They analyze the outbreak as a symptom of systemic vaccination gaps and advocate for policy interventions to improve immunization rates."
    }
  ],
  "image_url": "/article_images/article_af16291ff2d33920_dce065aece17.webp"
}