{
  "title": "A Century of Hair Analysis Reveals the Impact of Lead Regulations on Public Health",
  "summary": "This article discusses a study by University of Utah scientists that analyzed hair samples spanning over a century to track changes in lead exposure in the United States. Before the Environmental Protection Agency (EPA) was established in 1970, lead pollution was widespread from sources like industrial factories, lead-based paint, water pipes, and particularly vehicle exhaust due to leaded gasoline. Lead is a toxic heavy metal that accumulates in the body and is linked to developmental issues in children. The research, published in PNAS, shows a steep decline in lead levels in hair samples after environmental regulations were implemented, with pre-regulation levels about 100 times higher. The study highlights the success of EPA policies in reducing lead exposure and improving public health outcomes. However, it also notes that some lead regulations are being weakened under the Trump administration, raising concerns about forgetting historical lessons. The scientists used hair samples from 48 individuals, including some preserved in family scrapbooks, to create a record of lead exposure along Utah's Wasatch Front, an area with past industrial pollution. The findings emphasize the importance of maintaining environmental safeguards despite potential industry challenges.",
  "keywords": [
    {
      "term": "lead exposure",
      "explanation": "the amount of lead that enters the human body, often from pollution, which can cause health risks"
    },
    {
      "term": "environmental regulations",
      "explanation": "laws and rules set by agencies like the EPA to control pollution and protect the environment"
    },
    {
      "term": "hair analysis",
      "explanation": "a scientific method of studying chemicals in hair to understand exposure over time"
    },
    {
      "term": "public health",
      "explanation": "the health of the general population, influenced by factors like pollution and regulations"
    },
    {
      "term": "toxic heavy metal",
      "explanation": "a dense metal like lead that is poisonous and can build up in living tissues"
    }
  ],
  "questions": [
    {
      "question": "What year was the EPA formed?",
      "options": [
        "1970",
        "1960",
        "1980",
        "1950"
      ],
      "correct_answer": "A"
    },
    {
      "question": "What did the University of Utah scientists analyze?",
      "options": [
        "Hair samples",
        "Blood samples",
        "Soil samples",
        "Air samples"
      ],
      "correct_answer": "A"
    },
    {
      "question": "How much higher were lead levels before regulations?",
      "options": [
        "100 times higher",
        "50 times higher",
        "10 times higher",
        "5 times higher"
      ],
      "correct_answer": "A"
    },
    {
      "question": "Where was the study published?",
      "options": [
        "PNAS",
        "Science Daily",
        "Nature",
        "Journal of Health"
      ],
      "correct_answer": "A"
    },
    {
      "question": "What is a major source of lead pollution mentioned?",
      "options": [
        "Vehicle exhaust",
        "Plastic waste",
        "Noise pollution",
        "Light pollution"
      ],
      "correct_answer": "A"
    },
    {
      "question": "How many individuals provided hair samples?",
      "options": [
        "48",
        "100",
        "24",
        "12"
      ],
      "correct_answer": "A"
    },
    {
      "question": "What area was focused on in the study?",
      "options": [
        "Utah's Wasatch Front",
        "California coast",
        "New York City",
        "Texas plains"
      ],
      "correct_answer": "A"
    },
    {
      "question": "What is a concern raised about current regulations?",
      "options": [
        "They are being weakened",
        "They are too strict",
        "They are new",
        "They are unchanged"
      ],
      "correct_answer": "A"
    }
  ],
  "background_read": [
    "Lead is a heavy metal historically used in various applications due to its practical benefits, such as in paint for durability and gasoline for engine performance. However, its toxicity became well-known by the 1970s, leading to EPA regulations that phased it out of consumer products. The study builds on earlier research funded by the University of Utah's Center on Aging and the National Institutes of Health, which involved collecting health data from residents. Scientists used hair analysis techniques developed for studying animal diets to trace human lead exposure over time. This method is effective because hair grows slowly and retains chemical signatures. The findings demonstrate how policy changes can significantly reduce environmental hazards and improve public health, serving as a reminder of the value of regulatory frameworks in preventing pollution-related illnesses."
  ],
  "Article_Structure": [
    "Main Points: The study shows a century-long decline in lead exposure due to EPA regulations, with pre-regulation levels 100 times higher, using hair samples from 48 individuals in Utah. Purpose: To demonstrate the effectiveness of environmental protections in improving public health and to warn against weakening current regulations. Evidence Evaluation: Relies on hair analysis, a reliable method for tracking chemical exposure over time, supported by historical samples and peer-reviewed publication in PNAS. Author Credibility: Scientists from the University of Utah, including demographer Ken Smith and geologist Thure Cerling, with expertise in family studies and geology. Methodology: Collected hair samples from adulthood and historical sources like scrapbooks, analyzing lead concentrations to compare pre- and post-regulation periods."
  ],
  "perspectives": [
    {
      "perspective": "Regulatory success",
      "description": "The study argues that EPA regulations have been crucial in reducing lead exposure and should be maintained to protect health."
    }
  ],
  "image_url": "/article_images/article_31397e95a2be2060_799c1d2f545d.webp"
}