{
  "title": "Jurisdictional and Defamation Dispute: BBC's Motion to Dismiss Trump's $5 Billion Lawsuit",
  "summary": "The BBC has filed a motion to dismiss a $5 billion defamation lawsuit initiated by former US President Donald Trump in a Florida district court. Trump alleges that a Panorama documentary, which edited his January 6, 2021, speech, falsely portrayed him as inciting violence, thereby damaging his reputation and violating Florida's Deceptive and Unfair Trade Practices Act. In response, the BBC presents multiple legal arguments: first, that the Florida court lacks personal jurisdiction over the British broadcaster, as the documentary was not aired in the United States and the BBC's operations are centered in the UK; second, that Trump has failed to state a plausible claim for defamation, particularly because he cannot demonstrate 'actual malice'—a requisite element for public figures under US defamation law, requiring proof that the BBC knowingly or recklessly published false information. The BBC also contends that no actual damages occurred, noting Trump's subsequent re-election and electoral success in Florida. Additionally, the broadcaster disputes Trump's assertion that the program aired on Britbox, emphasizing that the edit constituted only 15 seconds of an hour-long documentary that provided balanced coverage. This case underscores complex issues of transnational jurisdiction, the stringent standards for defamation claims involving public figures, and the ethical implications of media editing practices. The BBC's motion includes a request to stay discovery processes pending the court's decision, highlighting strategic legal maneuvering in high-stakes litigation.",
  "keywords": [
    {
      "term": "personal jurisdiction",
      "explanation": "a court's authority over a defendant based on their connections to the geographic area, crucial in determining whether a case can proceed in a specific venue"
    },
    {
      "term": "actual malice",
      "explanation": "a legal standard in US defamation law requiring the plaintiff to prove that the defendant published false statements with knowledge of their falsity or with reckless disregard for the truth, especially applicable to public figures"
    },
    {
      "term": "Deceptive and Unfair Trade Practices Act",
      "explanation": "a Florida statute aimed at protecting consumers from fraudulent business practices, invoked by Trump in his lawsuit against the BBC"
    },
    {
      "term": "motion to dismiss",
      "explanation": "a procedural request in litigation asking the court to terminate a case due to legal deficiencies such as lack of jurisdiction or failure to state a claim upon which relief can be granted"
    },
    {
      "term": "discovery stay",
      "explanation": "a legal order halting the pre-trial exchange of evidence and information between parties, often sought to avoid unnecessary costs pending resolution of preliminary motions"
    }
  ],
  "questions": [
    {
      "question": "What specific legal statute did Trump invoke in his lawsuit against the BBC, in addition to defamation?",
      "options": [
        "Florida's Deceptive and Unfair Trade Practices Act",
        "First Amendment",
        "UK Defamation Act",
        "International Broadcasting Law"
      ],
      "correct_answer": "Florida's Deceptive and Unfair Trade Practices Act"
    },
    {
      "question": "Why must Trump prove 'actual malice' to succeed in his defamation claim against the BBC?",
      "options": [
        "Because he is a public figure under US law",
        "Because the BBC is a British company",
        "Because the edit was minor",
        "Because the court is in Florida"
      ],
      "correct_answer": "Because he is a public figure under US law"
    },
    {
      "question": "What is the significance of the BBC's argument regarding the documentary not being aired in the US?",
      "options": [
        "It supports their claim of lack of personal jurisdiction",
        "It proves the edit was accurate",
        "It shows Trump watched it illegally",
        "It indicates high viewership"
      ],
      "correct_answer": "It supports their claim of lack of personal jurisdiction"
    },
    {
      "question": "How does the BBC use Trump's electoral performance after the documentary aired to counter his claims?",
      "options": [
        "To argue no actual damages occurred",
        "To show he supported the BBC",
        "To prove the edit was beneficial",
        "To demonstrate legal jurisdiction"
      ],
      "correct_answer": "To argue no actual damages occurred"
    },
    {
      "question": "What procedural step did the BBC request in addition to the motion to dismiss?",
      "options": [
        "A stay of discovery",
        "An immediate trial",
        "A public apology from Trump",
        "Financial compensation"
      ],
      "correct_answer": "A stay of discovery"
    },
    {
      "question": "What was the nature of the edit in the Panorama documentary regarding Trump's speech?",
      "options": [
        "It spliced segments to imply a direct call for violence",
        "It added new statements not made by Trump",
        "It removed all references to the Capitol",
        "It broadcast the speech in full"
      ],
      "correct_answer": "It spliced segments to imply a direct call for violence"
    },
    {
      "question": "How does the BBC characterize the overall coverage of Trump in the documentary?",
      "options": [
        "As balanced with extensive supporter coverage",
        "As entirely negative and biased",
        "As focused solely on the edit",
        "As unauthorized by Trump"
      ],
      "correct_answer": "As balanced with extensive supporter coverage"
    },
    {
      "question": "What broader legal principle does this case illustrate regarding international media companies?",
      "options": [
        "Challenges of jurisdictional authority in cross-border litigation",
        "Uniform application of defamation laws globally",
        "Mandatory arbitration for media disputes",
        "Immunity for public broadcasters"
      ],
      "correct_answer": "Challenges of jurisdictional authority in cross-border litigation"
    },
    {
      "question": "What evidence does the BBC cite to dispute Trump's claim about the documentary airing on Britbox?",
      "options": [
        "Their statement that it is not correct",
        "Court records showing air dates",
        "Trump's admission",
        "Viewership data"
      ],
      "correct_answer": "Their statement that it is not correct"
    },
    {
      "question": "How might the outcome of this motion impact future defamation cases involving international defendants?",
      "options": [
        "Set precedents for jurisdictional thresholds",
        "Eliminate defamation claims entirely",
        "Require all cases to be tried in the UK",
        "Standardize editing practices globally"
      ],
      "correct_answer": "Set precedents for jurisdictional thresholds"
    }
  ],
  "background_read": [
    "This article delves into a complex legal confrontation between Donald Trump and the BBC, centering on a $5 billion defamation lawsuit over an edited speech in a Panorama documentary. Trump's claims are rooted in Florida's Deceptive and Unfair Trade Practices Act and defamation law, requiring him to prove 'actual malice' due to his status as a public figure. The BBC's motion to dismiss raises critical issues of personal jurisdiction, arguing that as a UK-based entity with no US broadcast of the documentary, the Florida court lacks authority. The case also touches on media ethics, as the BBC admitted the edit created a misleading impression but defends it as non-defamatory. Understanding this requires knowledge of US defamation jurisprudence, particularly the Sullivan standard for public figures, and international civil procedure regarding jurisdictional disputes. The strategic request for a discovery stay indicates the BBC's aim to minimize legal costs and complexity. This analysis highlights the interplay between media freedom, legal accountability, and the challenges of transnational litigation in the digital age."
  ],
  "Article_Structure": [
    "The article presents a detailed legal analysis of the BBC's motion to dismiss Trump's defamation lawsuit, covering main points such as jurisdictional arguments, failure to state a claim, and the absence of actual damages. Its purpose is to inform about a high-stakes legal battle that tests boundaries in media law and international jurisdiction. Evidence evaluation relies on court documents and BBC statements, offering factual reporting but limited critical scrutiny of sources. Author credibility is based on BBC Entertainment's reporting, though potential institutional bias exists as the BBC is a party to the case. Methodology involves summarizing legal filings and contextual events, providing a news-oriented account without independent verification. Critical assessment notes strengths in clarity and legal detail, but limitations include lack of external perspectives and in-depth analysis of Trump's counterarguments or broader media law implications."
  ],
  "perspectives": [
    {
      "perspective": "Legal analytical perspective",
      "description": "Examines the procedural and substantive legal arguments, assessing the likelihood of dismissal based on jurisdiction and defamation standards."
    },
    {
      "perspective": "Media studies perspective",
      "description": "Critiques the ethical dimensions of speech editing and its impact on public discourse and political figures."
    }
  ],
  "image_url": "/article_images/article_0968103ac5dd7916_8c322930ac48.webp"
}