{
  "title": "Melania Trump's Movie Premiere at the Kennedy Center",
  "summary": "Melania Trump, the first lady, made a documentary about her life as she returned to the White House with her husband, Donald Trump. The movie, called 'Melania,' had its first showing at the Kennedy Center in Washington, D.C. She said the film shows her daily life, including her work, family, and setting up her team. The documentary will play in theaters around the world and later on Amazon Prime Video. Many important people, like government officials, came to watch it. Donald Trump liked the movie and said it brings back glamour. Melania hopes to share her story with everyone.",
  "keywords": [
    {
      "term": "documentary",
      "explanation": "a movie that shows real-life events or people"
    },
    {
      "term": "premiere",
      "explanation": "the first time a movie is shown to the public"
    },
    {
      "term": "first lady",
      "explanation": "the wife of the president of the United States"
    },
    {
      "term": "Kennedy Center",
      "explanation": "a big arts center in Washington, D.C. where shows and movies are held"
    },
    {
      "term": "Amazon Prime Video",
      "explanation": "a service where you can watch movies and shows online"
    },
    {
      "term": "glamour",
      "explanation": "a fancy and exciting style or look"
    }
  ],
  "questions": [
    {
      "question": "Who made the documentary 'Melania'?",
      "options": [
        "Melania Trump",
        "Donald Trump",
        "Brett Ratner",
        "AmazonMGM Studios"
      ],
      "correct_answer": "Melania Trump"
    },
    {
      "question": "Where was the movie first shown?",
      "options": [
        "The White House",
        "The Kennedy Center",
        "A theater in New York",
        "Amazon Prime Video"
      ],
      "correct_answer": "The Kennedy Center"
    },
    {
      "question": "What does Melania Trump say the film shows about her life?",
      "options": [
        "Her favorite foods",
        "Her daily work and family",
        "Her childhood stories",
        "Her travel adventures"
      ],
      "correct_answer": "Her daily work and family"
    },
    {
      "question": "Where can people watch the movie after it plays in theaters?",
      "options": [
        "Netflix",
        "YouTube",
        "Amazon Prime Video",
        "Disney+"
      ],
      "correct_answer": "Amazon Prime Video"
    },
    {
      "question": "Who attended the premiere at the Kennedy Center?",
      "options": [
        "Only family members",
        "Government officials and others",
        "Only movie stars",
        "No one special"
      ],
      "correct_answer": "Government officials and others"
    },
    {
      "question": "What did Donald Trump say about the movie?",
      "options": [
        "It was boring",
        "It brings back glamour",
        "It is too long",
        "He did not watch it"
      ],
      "correct_answer": "It brings back glamour"
    }
  ],
  "background_read": [
    "This article is about Melania Trump, who is the first lady of the United States. She made a documentary movie to share her life story as she moved back to the White House with her husband, President Donald Trump. The movie had its first showing at a big arts center called the Kennedy Center in Washington, D.C. It will be shown in theaters worldwide and then on a streaming service called Amazon Prime Video. Many important people came to see it, and Donald Trump said he liked it because it adds excitement and style."
  ],
  "Article_Structure": [
    "WHO: Melania Trump, the first lady, and other people like government officials",
    "WHAT: A documentary movie about Melania Trump's life as she returns to the White House",
    "WHERE: The Kennedy Center in Washington, D.C., and theaters worldwide",
    "WHY: To show Melania's daily life and share her story with the public"
  ],
  "perspectives": [
    {
      "perspective": "Melania Trump's view",
      "description": "She wants to share her personal life and experiences as first lady through the documentary."
    }
  ],
  "image_url": "/article_images/article_edad67278c50f310_b534afac2d6d.webp"
}