{
  "title": "Melania Trump's Documentary Premiere: A Glimpse into First Lady Life",
  "summary": "Melania Trump, in her role as first lady, has produced a documentary titled 'Melania' that chronicles the 20 days leading up to her and husband Donald Trump's return to the White House. The film premiered at the Kennedy Center in Washington, D.C., with the Trumps attending as VIPs. Melania stated that the documentary aims to reveal her life, including her business activities, philanthropy, family care, and team setup in the White House. Produced by AmazonMGM Studios with a reported budget of $40 million, it will have a global theatrical release on approximately 1,600 screens, followed by exclusive streaming on Amazon Prime Video. Director Brett Ratner noted that documentaries typically do not achieve high box office success, but the film's value lies in its content. The premiere attracted several Cabinet members, Congress representatives, and conservative commentators. Donald Trump praised the film for restoring a sense of glamour, while Melania emphasized its emotional and cinematic qualities, highlighting her multifaceted roles as a businessperson, wife, and mother during the transition.",
  "keywords": [
    {
      "term": "produced",
      "explanation": "created or made, especially for a film or show"
    },
    {
      "term": "chronicles",
      "explanation": "tells the story of events over a period of time"
    },
    {
      "term": "philanthropy",
      "explanation": "the practice of helping others, often through donations or charity work"
    },
    {
      "term": "VIPs",
      "explanation": "very important people, often guests at special events"
    },
    {
      "term": "theatrical release",
      "explanation": "when a movie is shown in cinemas or theaters"
    },
    {
      "term": "streaming service",
      "explanation": "an online platform for watching videos, like Amazon Prime Video"
    },
    {
      "term": "box office",
      "explanation": "the amount of money a movie earns from ticket sales"
    },
    {
      "term": "multifaceted",
      "explanation": "having many different parts or aspects"
    }
  ],
  "questions": [
    {
      "question": "What is the main focus of the documentary 'Melania'?",
      "options": [
        "Donald Trump's presidency",
        "The 20 days before the Trumps returned to the White House",
        "Melania's childhood",
        "The history of the Kennedy Center"
      ],
      "correct_answer": "The 20 days before the Trumps returned to the White House"
    },
    {
      "question": "Who produced the documentary?",
      "options": [
        "Melania Trump",
        "AmazonMGM Studios",
        "Brett Ratner",
        "The White House"
      ],
      "correct_answer": "AmazonMGM Studios"
    },
    {
      "question": "How will the film be available after its theatrical run?",
      "options": [
        "On Netflix",
        "Exclusively on Amazon Prime Video",
        "In DVD stores",
        "On television channels"
      ],
      "correct_answer": "Exclusively on Amazon Prime Video"
    },
    {
      "question": "What did director Brett Ratner say about documentaries and box office success?",
      "options": [
        "They always make a lot of money",
        "They are not usually big hits in theaters",
        "They should not be shown in theaters",
        "They are more popular than other movies"
      ],
      "correct_answer": "They are not usually big hits in theaters"
    },
    {
      "question": "Who attended the premiere at the Kennedy Center?",
      "options": [
        "Only family members",
        "Cabinet members and Congress representatives",
        "International leaders",
        "Movie critics only"
      ],
      "correct_answer": "Cabinet members and Congress representatives"
    },
    {
      "question": "What roles does Melania Trump juggle according to the film?",
      "options": [
        "Teacher and artist",
        "Businessperson, wife, and mother",
        "Athlete and chef",
        "Scientist and engineer"
      ],
      "correct_answer": "Businessperson, wife, and mother"
    },
    {
      "question": "What was the reported budget for the documentary?",
      "options": [
        "$10 million",
        "$20 million",
        "$40 million",
        "$60 million"
      ],
      "correct_answer": "$40 million"
    },
    {
      "question": "How did Donald Trump describe the film?",
      "options": [
        "As boring and long",
        "As bringing back glamour",
        "As too emotional",
        "As not cinematic enough"
      ],
      "correct_answer": "As bringing back glamour"
    }
  ],
  "background_read": [
    "This article discusses the premiere of a documentary produced by Melania Trump, focusing on her transition back to the White House as first lady. The film, with a $40 million budget from AmazonMGM Studios, highlights her personal and professional life. It premiered at the Kennedy Center, attended by political figures and commentators, and will have a global release before streaming on Amazon Prime Video. The director, Brett Ratner, downplays box office expectations, while Melania and Donald Trump emphasize its emotional and glamorous aspects. This event marks Melania's effort to share her story amid public curiosity about her role."
  ],
  "Article_Structure": [
    "The article's main points include Melania Trump producing a documentary about her return to the White House, its premiere at the Kennedy Center with VIP attendees, and its global release strategy. The purpose is to inform the public about this cultural and political event, showcasing Melania's life and the film's production. Evidence evaluation relies on quotes from Melania, Donald Trump, and director Brett Ratner, along with factual details like budget and release plans, though sources are primarily from the Associated Press without independent verification. Author credibility is based on Darlene Superville's role as an AP reporter, providing standard news coverage. Methodology involves reporting on the premiere event and statements from involved parties, offering a straightforward account without deep analysis."
  ],
  "perspectives": [
    {
      "perspective": "Melania Trump's view",
      "description": "She aims to demystify her life and highlight her roles through a personal documentary."
    },
    {
      "perspective": "Director Brett Ratner's view",
      "description": "He focuses on the documentary's artistic value rather than commercial success."
    }
  ],
  "image_url": "/article_images/article_edad67278c50f310_b534afac2d6d.webp"
}