{
  "title": "Analyzing Systemic Flaws: The Sara Sharif Case and Child Protection Failures",
  "summary": "This BBC News article delves into the murder of Sara Sharif, examining the critical lapses in the child protection system that occurred prior to her death. A review conducted in the aftermath revealed that the local council erroneously visited an incorrect residence during a welfare check on Sara, merely one day before she was murdered. This procedural failure underscores broader institutional inadequacies, as the review concluded that the system fundamentally failed to ensure her safety. Furthermore, the article highlights race as a significant impediment to the reporting of potential child abuse, suggesting that societal prejudices or cultural dynamics may have deterred individuals from voicing concerns. This case illustrates the intersection of administrative errors and social inequalities, raising questions about the efficacy of child safeguarding mechanisms. It emphasizes the necessity for robust, equitable systems that address both operational flaws and discriminatory barriers. The analysis calls for comprehensive reforms in social services, enhanced training for personnel, and community engagement initiatives to foster environments where all children are protected irrespective of background. Ultimately, the article serves as a critical examination of how systemic weaknesses and societal factors can converge with devastating consequences, urging a reevaluation of child protection policies to prevent future tragedies.",
  "keywords": [
    {
      "term": "council",
      "explanation": "A local governmental authority in the UK responsible for administering services such as education, housing, and child welfare."
    },
    {
      "term": "review",
      "explanation": "A systematic evaluation or inquiry, often conducted by experts, to assess events, identify failures, and recommend improvements based on evidence."
    },
    {
      "term": "murder",
      "explanation": "The intentional and unlawful killing of a person, constituting a grave criminal offense with profound legal and social implications."
    },
    {
      "term": "race",
      "explanation": "A complex social construct that categorizes people based on physical traits, often influencing power dynamics, discrimination, and access to resources in society."
    },
    {
      "term": "child abuse",
      "explanation": "Acts or omissions that cause harm, exploitation, or neglect to minors, encompassing physical, sexual, emotional abuse, or neglect, with long-term psychological effects."
    },
    {
      "term": "system failure",
      "explanation": "The breakdown or inefficiency of organized structures or processes, leading to unintended negative outcomes, often due to design flaws or implementation errors."
    },
    {
      "term": "barrier",
      "explanation": "An obstacle that hinders progress or action, such as social, cultural, or institutional factors that prevent effective reporting or intervention."
    },
    {
      "term": "child protection",
      "explanation": "A multidisciplinary field involving policies, laws, and practices aimed at safeguarding children from harm, abuse, and exploitation through preventive and responsive measures."
    },
    {
      "term": "procedural error",
      "explanation": "A mistake in the established protocols or methods, such as incorrect data handling or missteps in execution, that can compromise outcomes in systems like social services."
    },
    {
      "term": "societal challenges",
      "explanation": "Broad issues stemming from social structures, including racism, inequality, or cultural norms, that impact community behaviors and institutional effectiveness."
    },
    {
      "term": "institutional inadequacies",
      "explanation": "Deficiencies within organizations or systems, such as lack of resources, poor training, or biased policies, that reduce their ability to fulfill intended functions."
    },
    {
      "term": "equitable systems",
      "explanation": "Frameworks designed to ensure fairness and justice for all individuals, regardless of background, by addressing disparities and promoting equal access to protection and services."
    }
  ],
  "questions": [
    {
      "question": "What specific procedural error did the council commit in Sara Sharif's case?",
      "options": [
        "They delayed the review",
        "They visited the wrong home",
        "They ignored racial issues",
        "They increased funding"
      ],
      "correct_answer": "They visited the wrong home"
    },
    {
      "question": "According to the review, what was a key factor in the system's failure?",
      "options": [
        "It was overfunded",
        "It did not keep Sara safe",
        "It worked perfectly",
        "It focused only on adults"
      ],
      "correct_answer": "It did not keep Sara safe"
    },
    {
      "question": "How does the article describe the role of race in this context?",
      "options": [
        "As a facilitator of reporting",
        "As irrelevant",
        "As a barrier to reporting abuse",
        "As a solution to problems"
      ],
      "correct_answer": "As a barrier to reporting abuse"
    },
    {
      "question": "What is the broader implication of identifying race as a barrier?",
      "explanation": "It highlights systemic inequalities in child protection.",
      "options": [
        "It shows all systems are equal",
        "It underscores the need for colorblind approaches",
        "It emphasizes that race does not affect safety",
        "It points to deeper social injustices"
      ],
      "correct_answer": "It points to deeper social injustices"
    },
    {
      "question": "What methodology does the article primarily use to support its claims?",
      "options": [
        "Personal anecdotes",
        "Official review findings",
        "Fictional stories",
        "Speculative analysis"
      ],
      "correct_answer": "Official review findings"
    },
    {
      "question": "How might author credibility influence the article's reception?",
      "options": [
        "It has no effect",
        "It enhances trust due to BBC's reputation",
        "It makes it less reliable",
        "It focuses on entertainment"
      ],
      "correct_answer": "It enhances trust due to BBC's reputation"
    },
    {
      "question": "What critical assessment can be made of the evidence presented?",
      "options": [
        "It is comprehensive and unbiased",
        "It relies solely on the review, potentially missing other perspectives",
        "It is based on hearsay",
        "It includes extensive primary data"
      ],
      "correct_answer": "It relies solely on the review, potentially missing other perspectives"
    },
    {
      "question": "Why is the timing of the council's visit significant?",
      "options": [
        "It was after the murder",
        "It was the day before the murder, showing a missed opportunity",
        "It was unrelated",
        "It happened years later"
      ],
      "correct_answer": "It was the day before the murder, showing a missed opportunity"
    },
    {
      "question": "What does the article suggest about improving child protection systems?",
      "options": [
        "No changes are needed",
        "Reforms should address both procedural and social barriers",
        "Only technology upgrades are necessary",
        "Focus solely on punishment"
      ],
      "correct_answer": "Reforms should address both procedural and social barriers"
    },
    {
      "question": "How do societal challenges like racism intersect with institutional failures?",
      "options": [
        "They have no connection",
        "They can compound risks by hindering reporting and response",
        "They always improve outcomes",
        "They are easily solved"
      ],
      "correct_answer": "They can compound risks by hindering reporting and response"
    },
    {
      "question": "What is a limitation of relying on a review for evidence?",
      "options": [
        "It provides firsthand accounts",
        "It may not capture all contextual factors or biases",
        "It is always objective",
        "It eliminates the need for further investigation"
      ],
      "correct_answer": "It may not capture all contextual factors or biases"
    },
    {
      "question": "What key lesson does the Sara Sharif case offer for policy makers?",
      "options": [
        "Ignore social factors",
        "Implement holistic reforms that consider both system errors and societal issues",
        "Maintain status quo",
        "Focus only on individual accountability"
      ],
      "correct_answer": "Implement holistic reforms that consider both system errors and societal issues"
    }
  ],
  "background_read": [
    "This article examines the murder of Sara Sharif through the lens of child protection failures in the UK, drawing on a review that identified critical errors by the local council, including a mistaken home visit. Child protection systems involve complex interactions between social services, legal frameworks, and community dynamics, aimed at preventing harm to vulnerable children. The case raises issues about procedural rigor, as welfare checks require accurate data and follow-up, and societal barriers, where race can inhibit abuse reporting due to fears of discrimination or cultural stigma. Understanding this requires knowledge of UK social policy, the role of councils in safeguarding, and theories on how racism affects public health and safety. The review's findings highlight the need for interdisciplinary approaches, combining social work, criminology, and equity studies to address systemic flaws. This background is essential for grasping the article's critique of institutional adequacy and its call for reforms that ensure all children, regardless of race, receive equal protection."
  ],
  "Article_Structure": [
    "The article's main points detail the council's procedural error in visiting the wrong home before Sara Sharif's murder and the review's conclusion that the child protection system failed, with race acting as a barrier to abuse reporting. Its purpose is to critically inform about systemic inadequacies and advocate for policy changes, situated in broader contexts of social justice and public safety. Evidence evaluation shows reliance on an official review, which offers authoritative insights but may lack diversity in sources, potentially overlooking grassroots perspectives or counterarguments. Author credibility is bolstered by BBC News' reputation for rigorous journalism, though specific authorship details are absent, which could affect bias assessment. Methodology involves synthesizing review outcomes and societal analysis, using standard news-gathering techniques that prioritize factual reporting but may not include original research. A critical assessment notes strengths in highlighting urgent issues but limitations in depth, such as insufficient exploration of alternative explanations or long-term impacts, suggesting areas for further investigation."
  ],
  "perspectives": [
    {
      "perspective": "Institutional critique",
      "description": "Focuses on flaws within child protection agencies, arguing that bureaucratic errors and insufficient resources contribute to failures."
    },
    {
      "perspective": "Social justice lens",
      "description": "Emphasizes how racial inequalities and discrimination create barriers that exacerbate risks for marginalized children, calling for equitable reforms."
    }
  ],
  "image_url": "/article_images/article_d246431594e84235_b13b843b2182.jpg"
}