{
  "title": "Correlational Analysis of Sleep Insufficiency and Mortality Risk",
  "summary": "A groundbreaking study conducted by Oregon Health & Science University (OHSU) investigates the association between sleep duration and life expectancy, utilizing extensive national data from the Centers for Disease Control and Prevention (CDC) spanning 2019 to 2025. Researchers analyzed county-level life expectancy figures in conjunction with survey responses on sleep habits, revealing that consistently obtaining less than seven hours of sleep per night is correlated with a diminished lifespan. This correlation proved stronger than those for dietary patterns, physical activity levels, or social isolation, with smoking being the sole factor exhibiting a more pronounced influence. The research team, led by senior author Andrew McHill, Ph.D., expressed surprise at the robustness of these findings, noting that sleep sufficiency emerged as a key predictor in statistical models. Notably, this study is the first to delineate year-by-year trends connecting sleep and life expectancy across all U.S. states, employing the CDC's benchmark of at least seven hours for sufficient sleep. Although the biological underpinnings were not examined, the authors hypothesize that sleep's roles in cardiovascular health, immune regulation, and neurological function may mediate its impact on longevity. The findings underscore the public health imperative of promoting adequate sleep to mitigate mortality risks.",
  "keywords": [
    {
      "term": "correlational analysis",
      "explanation": "a statistical method examining relationships between variables without implying causation"
    },
    {
      "term": "life expectancy",
      "explanation": "a demographic measure estimating the average remaining years of life at a given age"
    },
    {
      "term": "CDC data",
      "explanation": "health information collected by the Centers for Disease Control and Prevention, used for epidemiological studies"
    },
    {
      "term": "county-level analysis",
      "explanation": "examination of data aggregated at the county scale to identify geographic patterns"
    },
    {
      "term": "sleep sufficiency",
      "explanation": "the state of obtaining adequate sleep duration, defined here as ≥7 hours nightly"
    },
    {
      "term": "statistical models",
      "explanation": "mathematical frameworks used to analyze data and test hypotheses"
    },
    {
      "term": "mortality risk",
      "explanation": "the probability of death associated with specific factors or behaviors"
    },
    {
      "term": "biological underpinnings",
      "explanation": "the physiological mechanisms that explain observed phenomena"
    },
    {
      "term": "public health imperative",
      "explanation": "a crucial goal or action needed to improve population health outcomes"
    },
    {
      "term": "epidemiological study",
      "explanation": "research that investigates patterns and causes of health in populations"
    }
  ],
  "questions": [
    {
      "question": "What methodological approach did the OHSU study use to link sleep and life expectancy?",
      "options": [
        "Randomized controlled trials",
        "Correlational analysis of CDC data",
        "Laboratory experiments on sleep deprivation",
        "Qualitative interviews"
      ],
      "correct_answer": "Correlational analysis of CDC data"
    },
    {
      "question": "How does the study define sufficient sleep for its analysis?",
      "options": [
        "At least 5 hours per night",
        "At least 7 hours per night",
        "At least 9 hours per night",
        "Varies by individual age"
      ],
      "correct_answer": "At least 7 hours per night"
    },
    {
      "question": "What limitation is inherent in the study's correlational design?",
      "options": [
        "It proves causation between sleep and lifespan",
        "It cannot establish causality, only association",
        "It lacks any data on sleep habits",
        "It only includes data from Oregon"
      ],
      "correct_answer": "It cannot establish causality, only association"
    },
    {
      "question": "Which factor demonstrated a greater influence on life expectancy than sleep in the models?",
      "options": [
        "Diet",
        "Physical activity",
        "Smoking",
        "Social isolation"
      ],
      "correct_answer": "Smoking"
    },
    {
      "question": "What is the significance of this being the first study to track year-by-year trends across all U.S. states?",
      "options": [
        "It allows for longitudinal analysis of sleep patterns nationally",
        "It focuses only on urban areas",
        "It excludes data from the CDC",
        "It uses self-reported data only"
      ],
      "correct_answer": "It allows for longitudinal analysis of sleep patterns nationally"
    },
    {
      "question": "Who is Andrew McHill and what expertise does he bring to the study?",
      "options": [
        "A journalist with no sleep background",
        "The senior author and a sleep physiologist at OHSU",
        "A CDC data analyst",
        "A graduate student in nursing"
      ],
      "correct_answer": "The senior author and a sleep physiologist at OHSU"
    },
    {
      "question": "What potential biological mechanisms are suggested for sleep's impact on longevity?",
      "options": [
        "Only weight management",
        "Cardiovascular health, immune function, and neurological performance",
        "Digestive system efficiency",
        "Respiratory rate control"
      ],
      "correct_answer": "Cardiovascular health, immune function, and neurological performance"
    },
    {
      "question": "What time frame did the CDC data cover in this research?",
      "options": [
        "2010-2020",
        "2019-2025",
        "2015-2023",
        "2020-2026"
      ],
      "correct_answer": "2019-2025"
    },
    {
      "question": "How does the study contribute to public health discourse?",
      "options": [
        "By downplaying the importance of sleep",
        "By highlighting sleep as a key modifiable factor for longevity",
        "By focusing solely on diet interventions",
        "By ignoring lifestyle factors"
      ],
      "correct_answer": "By highlighting sleep as a key modifiable factor for longevity"
    },
    {
      "question": "What type of journal published these findings?",
      "options": [
        "SLEEP Advances",
        "Journal of the American Medical Association",
        "Nature",
        "Science Daily"
      ],
      "correct_answer": "SLEEP Advances"
    }
  ],
  "background_read": [
    "Sleep science has evolved to recognize sleep as a fundamental pillar of health, integral to physiological repair, metabolic regulation, and cognitive consolidation. Epidemiological studies, such as those utilizing CDC data, provide large-scale insights into population health trends by analyzing correlations between behaviors and outcomes like life expectancy. The CDC defines sufficient sleep as at least seven hours per night, aligning with recommendations from authoritative bodies like the American Academy of Sleep Medicine. Previous research has associated sleep deprivation with increased risks of chronic conditions, but this OHSU study advances the field by offering a comprehensive, state-level longitudinal analysis. Understanding the limitations of correlational data is crucial, as it highlights associations without proving causation, necessitating further experimental research. The findings emphasize sleep's potential role in reducing mortality risk, informing public health strategies aimed at improving sleep hygiene to enhance longevity and overall well-being."
  ],
  "Article_Structure": [
    "Main Points: The study identifies a strong correlation between insufficient sleep (<7 hours) and reduced life expectancy, with sleep being a more significant predictor than diet or exercise, though smoking has a greater effect. Purpose: To analyze national data to elucidate sleep's role in longevity, contributing to public health initiatives by emphasizing modifiable risk factors. Evidence Evaluation: Utilizes reputable CDC survey data from 2019-2025, but as observational and correlational, it cannot establish causality and may be subject to confounding variables. Author Credibility: Led by Andrew McHill, a sleep physiologist at OHSU, providing expertise, though potential biases include advocacy for sleep importance. Methodology: Employs county-level analysis of life expectancy and sleep data across all U.S. states annually, using statistical modeling to assess associations, but lacks experimental controls. Critical Assessment: Strengths include large-scale data and novel longitudinal approach; limitations involve correlational design, self-reported sleep data, and absence of biological mechanism exploration."
  ],
  "perspectives": [
    {
      "perspective": "Epidemiologists",
      "description": "Value the large dataset and correlational insights but caution against inferring causality without experimental evidence."
    }
  ],
  "image_url": "/article_images/article_67d042acba3bd235_ec349b65a225.webp"
}