{
  "title": "Legal and Medical Scrutiny: The Inquest into the Death of Chimamanda Adichie's Infant Son",
  "summary": "This article examines the formal inquest initiated into the death of Chimamanda Ngozi Adichie's 21-month-old son, Nkanu Nnamdi Esege, who died on January 7 at Euracare hospital in Lagos, Nigeria. Scheduled to commence on April 14 at the Yaba Magistrate Court, the inquest represents a judicial investigation aimed at elucidating the circumstances and causative factors of the toddler's demise. Adichie and her family have levied allegations of medical negligence against Euracare, contending that healthcare providers withheld oxygen and administered excessive sedation, precipitating a cardiac arrest. In response, the hospital has proffered condolences while refuting any culpability, asserting adherence to international care protocols. The preliminary hearing, overseen by Magistrate Atinuke Adetunji, mandated the submission of witness statements, with forthcoming proceedings anticipated to incorporate testimony from medical experts and hospital representatives. Nkanu was originally admitted to Atlantis Hospital for a mild ailment and was referred to Euracare for pre-transfer diagnostics, including an MRI and lumbar puncture, prior to an intended medical evacuation to Johns Hopkins Hospital in the United States. Adichie, an acclaimed novelist residing in the US but of Nigerian origin, underscores the intersection of celebrity, healthcare litigation, and transnational medical practices. This case invokes broader discourses on patient rights, institutional accountability, and the efficacy of legal mechanisms in addressing alleged medical malpractices within global health frameworks.",
  "keywords": [
    {
      "term": "judicial investigation",
      "explanation": "a formal legal process conducted by courts or coroners to examine evidence and determine facts in cases such as deaths, often involving witness testimony and expert analysis"
    },
    {
      "term": "medical negligence",
      "explanation": "a legal concept denoting a breach of duty by healthcare professionals that results in patient harm, requiring proof of substandard care and causation in malpractice claims"
    },
    {
      "term": "cardiac arrest",
      "explanation": "a sudden cessation of cardiac activity due to factors like hypoxia or drug toxicity, frequently investigated in medical-legal contexts for potential iatrogenic causes"
    },
    {
      "term": "pre-transfer diagnostics",
      "explanation": "medical tests conducted to assess a patient's condition before relocation to another facility, critical in ensuring stability during transitions in care"
    },
    {
      "term": "transnational medical practices",
      "explanation": "the coordination of healthcare across national borders, involving referrals, evacuations, and adherence to diverse regulatory standards, as seen in planned transfers to institutions like Johns Hopkins"
    }
  ],
  "questions": [
    {
      "question": "What is the primary objective of the inquest as described in the article?",
      "options": [
        "To establish the circumstances and cause of Nkanu's death through judicial inquiry",
        "To determine financial compensation for the family",
        "To prosecute Euracare hospital for criminal charges",
        "To review international healthcare standards"
      ],
      "correct_answer": "To establish the circumstances and cause of Nkanu's death through judicial inquiry"
    },
    {
      "question": "Which specific medical procedures was Nkanu undergoing at Euracare that are cited in the allegations?",
      "options": [
        "MRI and lumbar puncture",
        "CT scan and biopsy",
        "Surgery and anesthesia",
        "Physical examination and blood work"
      ],
      "correct_answer": "MRI and lumbar puncture"
    },
    {
      "question": "How does the hospital's response to the allegations characterize their defense?",
      "options": [
        "Denial of wrongdoing with claims of international standard adherence",
        "Admission of error with offers of settlement",
        "Silence and refusal to comment",
        "Counter-accusations against the family"
      ],
      "correct_answer": "Denial of wrongdoing with claims of international standard adherence"
    },
    {
      "question": "What role does Magistrate Atinuke Adetunji play in the legal process?",
      "options": [
        "Presiding over the preliminary hearing and directing procedural steps",
        "Representing Adichie's legal team",
        "Testifying as a medical expert",
        "Managing hospital operations"
      ],
      "correct_answer": "Presiding over the preliminary hearing and directing procedural steps"
    },
    {
      "question": "What broader issue does the case highlight regarding healthcare systems?",
      "options": [
        "Accountability and legal recourse in alleged malpractice cases",
        "The cost of medical treatments in Nigeria",
        "Celebrity influence on hospital policies",
        "Advancements in pediatric care technology"
      ],
      "correct_answer": "Accountability and legal recourse in alleged malpractice cases"
    },
    {
      "question": "Why was Nkanu referred to Euracare from Atlantis Hospital?",
      "options": [
        "For pre-flight investigations before transfer to the US",
        "For emergency surgery unavailable at Atlantis",
        "For long-term rehabilitation",
        "For specialist consultation unrelated to his illness"
      ],
      "correct_answer": "For pre-flight investigations before transfer to the US"
    },
    {
      "question": "What is the significance of Adichie's status as a public figure in this context?",
      "options": [
        "It may amplify media attention and public scrutiny of the case",
        "It guarantees a favorable legal outcome for her family",
        "It reduces the hospital's accountability",
        "It simplifies the medical investigation process"
      ],
      "correct_answer": "It may amplify media attention and public scrutiny of the case"
    },
    {
      "question": "How does the article source its information about the allegations?",
      "options": [
        "From legal submissions by Adichie's team and court hearings",
        "From anonymous hospital staff interviews",
        "From social media posts by Adichie",
        "From independent medical audits"
      ],
      "correct_answer": "From legal submissions by Adichie's team and court hearings"
    },
    {
      "question": "What potential limitation exists in the evidence presented so far?",
      "options": [
        "Reliance on preliminary statements without final court adjudication",
        "Lack of any witness accounts",
        "Exclusion of family perspectives",
        "Overemphasis on celebrity aspects"
      ],
      "correct_answer": "Reliance on preliminary statements without final court adjudication"
    },
    {
      "question": "How might this case influence discussions on patient safety in Nigeria?",
      "options": [
        "By prompting reviews of medical protocols and legal frameworks",
        "By leading to hospital closures nationwide",
        "By discouraging international medical referrals",
        "By focusing solely on celebrity cases"
      ],
      "correct_answer": "By prompting reviews of medical protocols and legal frameworks"
    }
  ],
  "background_read": [
    "This article presents a complex case at the nexus of law, medicine, and celebrity culture, involving Chimamanda Ngozi Adichie, a prominent Nigerian author. An inquest is a coroner's investigation used in common law jurisdictions to determine facts surrounding deaths, particularly those with suspicious or contentious elements, without necessarily leading to criminal proceedings. In this instance, the death of Adichie's son raises critical questions about medical negligence, defined as a breach of duty causing harm, and the legal standards for proving such claims in healthcare settings. The involvement of multiple hospitals—Atlantis, Euracare, and Johns Hopkins—illustrates transnational medical practices, where patients are transferred across borders for specialized care, complicating accountability. Adichie's public stature may heighten media coverage, potentially affecting public perception and legal outcomes. For high school students, this case serves as a case study in health law, ethics, and the role of judicial processes in societal oversight, emphasizing the importance of evidence evaluation and critical thinking in analyzing news reports on sensitive topics."
  ],
  "Article_Structure": [
    "Main Points: The article outlines the inquest into the death of Adichie's son, detailing family allegations of negligence against Euracare hospital for oxygen denial and excessive sedation, countered by hospital denials based on international standards, within a legal framework in Lagos. Purpose: To report on a high-profile judicial investigation that illuminates issues of medical accountability, patient rights, and the intersection of celebrity with legal and healthcare systems, providing insight into ongoing public discourse. Evidence Evaluation: Evidence includes family legal submissions, hospital statements, and planned expert testimony; however, as the inquest is pending, the article's sources are preliminary, requiring critical assessment for bias and reliability, with the BBC's reputation lending credibility but necessitating scrutiny of incomplete data. Author Credibility: The BBC is a established news organization with editorial standards, yet the article is a summary of court proceedings without original investigation, so author expertise is indirect. Methodology: Information is derived from court documents, hearings, and official statements, employing standard journalistic practices for legal reporting, but lacks in-depth analysis or independent verification. Critical Assessment: Strengths include clear presentation of conflicting perspectives and legal procedures, while limitations involve reliance on early-stage reports and potential sensationalism due to Adichie's fame, highlighting the need for cautious interpretation until final findings."
  ],
  "perspectives": [
    {
      "perspective": "Legal-institutional perspective",
      "description": "Analyzes the inquest as a procedural mechanism within the Nigerian judiciary to address medical disputes, emphasizing evidentiary standards and the role of magistrates in fact-finding."
    },
    {
      "perspective": "Bioethical perspective",
      "description": "Explores the ethical dimensions of the allegations, including patient autonomy, professional duty, and the balance between healthcare provider defenses and family grievances in tragic outcomes."
    }
  ],
  "image_url": "/article_images/article_ee5a2d2117759971_e10d76810d4a.webp"
}