{
  "title": "The Impact of Repealing the Climate Endangerment Finding",
  "summary": "The Trump administration is revoking the EPA's endangerment finding, a 2009 scientific conclusion that greenhouse gases threaten public health and welfare. This legal move strips the EPA of its authority under the Clean Air Act to regulate emissions from vehicles, power plants, and industries. EPA Administrator Lee Zeldin, alongside President Trump, aims to promote coal use and deregulate energy, arguing the EPA lacked this power initially. Scientists, including a National Academies panel, assert that evidence for climate harm is indisputable, citing increased temperatures, more frequent heatwaves, intense storms, and severe wildfires. Opposition from climate advocates, Democrat-led states, and former EPA officials warns of dirtier air, higher health costs, and greater climate damage. They plan legal challenges, potentially bringing the issue to the Supreme Court to revisit its 2007 ruling that greenhouse gases are pollutants. This repeal represents a significant rollback of climate regulations, erasing Biden-era policies and hindering future actions, amid debates over scientific integrity and environmental protection.",
  "keywords": [
    {
      "term": "endangerment finding",
      "explanation": "a scientific determination by the EPA that greenhouse gases pose risks to health and the environment"
    },
    {
      "term": "Clean Air Act",
      "explanation": "a U.S. law that gives the EPA authority to regulate air pollution"
    },
    {
      "term": "deregulation",
      "explanation": "the process of reducing government rules on industries"
    },
    {
      "term": "legal challenge",
      "explanation": "a court case to dispute a government decision"
    },
    {
      "term": "National Academies",
      "explanation": "a group of experts that provides scientific advice to the government"
    },
    {
      "term": "climate advocates",
      "explanation": "people or groups who support actions to address climate change"
    },
    {
      "term": "Supreme Court ruling",
      "explanation": "a decision by the highest court that sets legal precedents"
    },
    {
      "term": "greenhouse gas emissions",
      "explanation": "release of gases that contribute to global warming"
    }
  ],
  "questions": [
    {
      "question": "What is the endangerment finding?",
      "options": [
        "A scientific conclusion that greenhouse gases are harmful",
        "A law about water pollution",
        "A tax on carbon",
        "A rule for car safety"
      ],
      "correct_answer": "A scientific conclusion that greenhouse gases are harmful"
    },
    {
      "question": "How does revoking the endangerment finding affect the EPA?",
      "options": [
        "Removes its authority to regulate emissions",
        "Increases its budget",
        "Changes its name",
        "Makes it focus on water only"
      ],
      "correct_answer": "Removes its authority to regulate emissions"
    },
    {
      "question": "What evidence do scientists cite for climate harm?",
      "options": [
        "Increased temperatures and more wildfires",
        "Decreased storms and cleaner air",
        "No change in weather",
        "More snow in winter"
      ],
      "correct_answer": "Increased temperatures and more wildfires"
    },
    {
      "question": "Who opposes the repeal?",
      "options": [
        "Climate advocates and Democrat-led states",
        "Only Republican states",
        "No one",
        "International groups only"
      ],
      "correct_answer": "Climate advocates and Democrat-led states"
    },
    {
      "question": "What might happen in the Supreme Court?",
      "options": [
        "It could revisit the 2007 ruling on greenhouse gases",
        "It will approve the repeal immediately",
        "It will ignore the case",
        "It will create new climate laws"
      ],
      "correct_answer": "It could revisit the 2007 ruling on greenhouse gases"
    },
    {
      "question": "What is the Trump administration's goal with this move?",
      "options": [
        "To boost coal use and deregulate energy",
        "To increase renewable energy",
        "To reduce air pollution",
        "To fund climate research"
      ],
      "correct_answer": "To boost coal use and deregulate energy"
    },
    {
      "question": "What did the National Academies panel state?",
      "options": [
        "Evidence for climate harm is beyond dispute",
        "Greenhouse gases are not harmful",
        "Natural forces cause all warming",
        "The EPA should be abolished"
      ],
      "correct_answer": "Evidence for climate harm is beyond dispute"
    },
    {
      "question": "How does this repeal affect future administrations?",
      "options": [
        "Makes it harder to regulate fossil fuels",
        "Makes it easier to pass climate laws",
        "Has no impact",
        "Increases EPA power"
      ],
      "correct_answer": "Makes it harder to regulate fossil fuels"
    }
  ],
  "background_read": [
    "The endangerment finding was established in 2009 under the Obama administration, based on scientific evidence that greenhouse gases like carbon dioxide endanger public health by contributing to climate change. This finding allowed the EPA to use the Clean Air Act to set emissions standards. The Trump administration, prioritizing energy dominance and cost reduction, is revoking it for legal reasons, arguing the EPA overstepped its authority. This has sparked controversy, with scientists pointing to data like rising temperatures and extreme weather events. Legal battles may ensue, referencing the Supreme Court's 2007 Massachusetts v. EPA case that recognized greenhouse gases as pollutants. Understanding this context helps grasp the political and environmental stakes."
  ],
  "Article_Structure": [
    "Main Points: The Trump administration is revoking the EPA's endangerment finding to deregulate emissions, citing legal overreach, while scientists and opponents warn of increased climate harm and plan legal challenges. Purpose: To explain the implications of this repeal on climate policy and legal battles. Evidence Evaluation: The article cites scientific reports from the National Academies and climate data, but the administration's move is based on legal, not scientific, reasoning. Author Credibility: The source is Ars Technica, a reputable science news outlet, with quotes from experts like former EPA officials. Methodology: It uses official statements, scientific assessments, and legal analysis to present multiple perspectives."
  ],
  "perspectives": [
    {
      "perspective": "Administration perspective",
      "description": "Views the repeal as necessary for energy freedom and economic growth, downplaying scientific concerns."
    },
    {
      "perspective": "Scientific and environmental perspective",
      "description": "Emphasizes the robust evidence for climate risks and criticizes the repeal as irresponsible and harmful."
    }
  ],
  "image_url": "/article_images/article_54c2d5da59be5ec9_4cd855815fd0.webp"
}