{
  "title": "The Rise of Shoplifting in the UK: Trends and Challenges",
  "summary": "Shoplifting in the UK has become a significant issue, with police data showing a 13% increase in England and Wales to 529,994 offences in the year to June 2025. In Scotland, offences rose by 15%, while Northern Ireland saw a reduction but still has high post-pandemic levels. Store owners, such as Muhammed Rabani in Stockton-on-Tees, report daily thefts costing around £900 monthly and occasional violence, like when he was hit by a thief. Cleveland is identified as a hotspot with 13.6 offences per 1,000 people. Experts, including criminologist Prof Emmeline Taylor, note that shoplifting is evolving, with more diverse offenders and goods targeted, and a spike expected during the festive season due to demand for stolen items. However, statistics are unreliable as the British Retail Consortium estimates 20 million incidents annually, suggesting underreporting. Many cases are closed without suspects, leading to frustration among retailers who feel police inaction exacerbates the problem.",
  "keywords": [
    {
      "term": "shoplifting offences",
      "explanation": "crimes involving theft from retail stores"
    },
    {
      "term": "criminologist",
      "explanation": "a scientist who studies crime and criminal behavior"
    },
    {
      "term": "underreporting",
      "explanation": "when crimes are not reported to authorities, making statistics inaccurate"
    },
    {
      "term": "hotspot",
      "explanation": "an area with a high concentration of criminal activity"
    },
    {
      "term": "festive season",
      "explanation": "the holiday period, especially Christmas, when shopping increases"
    }
  ],
  "questions": [
    {
      "question": "What percentage increase in shoplifting was recorded in England and Wales?",
      "options": [
        "13%",
        "15%",
        "3.9%",
        "20%"
      ],
      "correct_answer": "13%"
    },
    {
      "question": "Who is Prof Emmeline Taylor?",
      "options": [
        "A criminologist",
        "A store owner",
        "A police officer",
        "A thief"
      ],
      "correct_answer": "A criminologist"
    },
    {
      "question": "What is a key reason for the spike in shoplifting during Christmas?",
      "options": [
        "High demand for stolen goods",
        "Police are on holiday",
        "Stores close early",
        "Weather changes"
      ],
      "correct_answer": "High demand for stolen goods"
    },
    {
      "question": "Which area has the highest shoplifting rate per population?",
      "options": [
        "Cleveland",
        "Scotland",
        "Northern Ireland",
        "London"
      ],
      "correct_answer": "Cleveland"
    },
    {
      "question": "What does underreporting mean in this context?",
      "options": [
        "Many thefts are not reported to police",
        "Police report all crimes",
        "Stores always notify authorities",
        "It's easy to track crimes"
      ],
      "correct_answer": "Many thefts are not reported to police"
    },
    {
      "question": "How much does Muhammed estimate shoplifting costs his business monthly?",
      "options": [
        "£900",
        "£500",
        "£1,000",
        "£200"
      ],
      "correct_answer": "£900"
    },
    {
      "question": "What trend has been observed in shoplifting since the pandemic?",
      "options": [
        "Sharp rises in many areas",
        "Decreases everywhere",
        "No change",
        "Only in rural areas"
      ],
      "correct_answer": "Sharp rises in many areas"
    },
    {
      "question": "What do retailers often feel about police investigations?",
      "options": [
        "No action is taken",
        "Police are very effective",
        "They are satisfied",
        "It's not important"
      ],
      "correct_answer": "No action is taken"
    }
  ],
  "background_read": [
    "Shoplifting involves stealing merchandise from retail establishments and is a common property crime. In the UK, it has surged post-pandemic, driven by economic factors and changing offender profiles. Police record offences, but data is often incomplete due to underreporting by stores. Criminologists analyze these trends to understand causes, such as demand for stolen goods during holidays. Retailers face financial losses and safety concerns, with many cases unresolved by law enforcement, highlighting systemic challenges in crime prevention and justice."
  ],
  "Article_Structure": [
    "Main Points: Shoplifting is increasing across the UK, with hotspots like Cleveland and daily impacts on store owners; the nature of theft is changing with diverse offenders. Purpose: To inform about rising shoplifting trends, underreporting issues, and retailer frustrations. Evidence Evaluation: Relies on police statistics and expert analysis, but acknowledges data limitations from underreporting. Author Credibility: Based on BBC reporting with quotes from store owners and criminologists, providing balanced insights. Methodology: Uses official data from ONS and police, supplemented by expert commentary and case studies."
  ],
  "perspectives": [
    {
      "perspective": "Retailer view",
      "description": "Shoplifting causes financial strain and safety risks, with perceived lack of police support."
    }
  ],
  "image_url": "/article_images/article_49085a34c27fe764_40987c4407c2.webp"
}