{
  "title": "Pope's Mosque Visit and Interfaith Dialogue",
  "summary": "Pope Leo XIV made a significant visit to Istanbul's Blue Mosque, a historic site from the 17th century, but chose not to pray during his tour. Instead, he removed his shoes and walked through the mosque in silence, observing its architectural features like the tiled domes and Arabic inscriptions, guided by an imam. The Vatican had initially suggested a moment of silent prayer, but the pope declined an invitation to pray, with his spokesman explaining that he approached the visit with contemplation and deep respect for the Muslim faith. This event is part of the pope's broader mission to strengthen ties with Orthodox Christian leaders and encourage unity between Eastern and Western churches. By following in the footsteps of previous popes who visited the same mosque, Leo XIV aimed to show respect to Turkey's Muslim majority and foster interfaith harmony. The visit also recalls past instances, such as Pope Benedict XVI's 2006 trip, which included a moment of silent prayer to ease tensions after controversial remarks. Overall, the article emphasizes the delicate balance in interfaith relations and the symbolic importance of such gestures in promoting peace and understanding among different religious communities.",
  "keywords": [
    {
      "term": "Pope Leo XIV",
      "explanation": "the current leader of the Catholic Church, known for being the first American pope"
    },
    {
      "term": "Blue Mosque",
      "explanation": "a famous mosque in Istanbul, officially called Sultan Ahmed Mosque, built in the 17th century"
    },
    {
      "term": "interfaith dialogue",
      "explanation": "conversations and actions between people of different religions to build understanding and respect"
    },
    {
      "term": "Orthodox patriarchs",
      "explanation": "leaders of the Orthodox Christian churches, which are separate from the Catholic Church"
    },
    {
      "term": "contemplation",
      "explanation": "deep thinking or reflection, often in a spiritual context"
    },
    {
      "term": "Vatican",
      "explanation": "the headquarters of the Catholic Church and the pope's administration"
    },
    {
      "term": "imam",
      "explanation": "a religious leader in Islam who conducts prayers and guides the community"
    },
    {
      "term": "Christian unity",
      "explanation": "the effort to bring together different Christian denominations, such as Catholic and Orthodox, into closer cooperation"
    }
  ],
  "questions": [
    {
      "question": "What was the main reason Pope Leo XIV visited the Blue Mosque?",
      "options": [
        "To pray with Muslims",
        "To promote Christian unity",
        "To criticize Islam",
        "To take photos"
      ],
      "correct_answer": "To promote Christian unity"
    },
    {
      "question": "How did the pope behave during his mosque visit?",
      "options": [
        "He prayed aloud",
        "He remained silent and contemplative",
        "He gave a speech",
        "He argued with the imam"
      ],
      "correct_answer": "He remained silent and contemplative"
    },
    {
      "question": "What historical context is mentioned for similar papal visits?",
      "options": [
        "Pope Benedict XVI's 2006 visit",
        "A visit in the 1800s",
        "No previous visits",
        "A visit to a church only"
      ],
      "correct_answer": "Pope Benedict XVI's 2006 visit"
    },
    {
      "question": "Who invited the pope to pray in the mosque?",
      "options": [
        "The Turkish president",
        "An imam named Asgin Tunca",
        "A tourist",
        "The Vatican spokesman"
      ],
      "correct_answer": "An imam named Asgin Tunca"
    },
    {
      "question": "What did the Vatican spokesman say about the pope's visit?",
      "options": [
        "He criticized the imam",
        "He said the pope prayed",
        "He described it as contemplative and respectful",
        "He denied the visit happened"
      ],
      "correct_answer": "He described it as contemplative and respectful"
    },
    {
      "question": "Why is the Blue Mosque significant in this context?",
      "options": [
        "It's a new building",
        "It symbolizes interfaith respect through papal visits",
        "It's where the pope lives",
        "It's only for Christians"
      ],
      "correct_answer": "It symbolizes interfaith respect through papal visits"
    },
    {
      "question": "What broader goal did the pope have during his trip?",
      "options": [
        "To isolate Orthodox Christians",
        "To bolster ties with Orthodox patriarchs",
        "To convert Muslims",
        "To avoid all religious sites"
      ],
      "correct_answer": "To bolster ties with Orthodox patriarchs"
    },
    {
      "question": "How does this article portray interfaith relations?",
      "options": [
        "As always conflictual",
        "As improved through respectful gestures",
        "As irrelevant",
        "As based on prayer only"
      ],
      "correct_answer": "As improved through respectful gestures"
    }
  ],
  "background_read": [
    "The Blue Mosque, or Sultan Ahmed Mosque, is an iconic Islamic site in Istanbul, built in the early 1600s during the Ottoman Empire. It features intricate blue tiles and large domes, serving as a major place of worship for Muslims. Popes, as leaders of the Catholic Church, have a history of engaging in interfaith dialogue to promote peace. For instance, Pope Benedict XVI's 2006 visit to Turkey included a moment of prayer in the Blue Mosque to mend relations after his controversial speech linking Islam to violence. Pope Leo XIV, the first American pope, continues this tradition by focusing on Christian unity, particularly between Catholic and Orthodox churches, which split in the Great Schism of 1054. Such visits highlight the ongoing efforts to bridge religious divides and foster mutual respect in a diverse world."
  ],
  "Article_Structure": [
    "This article analyzes Pope Leo XIV's visit to Istanbul's Blue Mosque, focusing on main points like his non-prayer stance to emphasize Christian unity and interfaith respect. The purpose is to inform about symbolic gestures in religion and promote understanding. Evidence comes from Associated Press sources, providing credible eyewitness accounts and official statements, though it lacks diverse perspectives. Author credibility is high as AP journalists are experienced, but potential bias towards neutrality exists. Methodology involves on-the-ground reporting and interviews, offering reliable but not exhaustive coverage of the event."
  ],
  "perspectives": [
    {
      "perspective": "Interfaith Harmony",
      "description": "The visit is seen as a positive step towards building bridges between Christianity and Islam through respectful actions."
    },
    {
      "perspective": "Christian Ecumenism",
      "description": "It underscores the pope's priority to unite different Christian denominations, potentially at the expense of deeper Muslim engagement."
    }
  ],
  "image_url": "/article_images/article_238da98592c3cf67_d17932ead096.webp"
}