{
  "articles": [
    {
      "id": "d8ea1d6df01ae38f",
      "title": "Geopolitical Crisis Unfolds: UK's Cobra Response to US-Israeli Strikes and Iranian Retaliation",
      "summary": "In the wake of US and Israeli air strikes on Iran, following the collapse of nuclear limitation negotiations, Prime Minister Sir Keir Starmer chaired a Cobra emergency committee to coordinate the UK's strategic response. The strikes precipitated explosions across Iranian urban centers, including Tehran, and elicited retaliatory missile launches from Iran targeting US facilities in regional nations such as Qatar and Bahrain, with reported interceptions and attacks. The UK abstained from direct military engagement but is intensively managing diplomatic and consular efforts, issuing immediate shelter-in-place directives for British nationals in Gulf states like Bahrain, Qatar, Kuwait, and the UAE, while advocating vigilance in adjacent countries. A government spokesperson emphasized the imperative to prevent Iran's acquisition of nuclear weapons and endorsed negotiated resolutions, articulating a commitment to avert broader regional conflagration. Concurrently, disruptions to aviation infrastructure have emerged, and high-profile commentaries, including from Donald Trump, frame the events as incipient major combat, underscoring the volatile international landscape and the intricate balance of power in the Middle East.",
      "source": "BBC News",
      "time_ago": "1 hour ago",
      "image_url": "/article_images/article_d8ea1d6df01ae38f_2ce8f8c2a826.webp",
      "category": "News"
    },
    {
      "id": "3fb558f0d55c58df",
      "title": "Geopolitical Escalation: Analyzing the US-Israel Coordinated Strike on Iran",
      "summary": "The article reports on a significant military escalation involving joint operations by the United States and Israel against Iran, characterized as \"major combat operations\" by US President Donald Trump and a \"pre-emptive attack\" by Israeli officials. This action follows protracted diplomatic tensions centered on Iran's nuclear program, with attacks resulting in explosions across multiple Iranian cities, including Tehran, Isfahan, Qom, Karaj, and Kermanshah. Verified multimedia evidence, such as videos and photos, depicts smoke plumes near strategic sites like Leadership House, the office of Supreme Leader Ayatollah Ali Khamenei, though direct impacts remain unconfirmed. Trump articulated the US objective as defending American citizens by neutralizing imminent threats from the Iranian regime and ensuring Iran does not acquire nuclear capabilities, while advising Iranian civilians to seek shelter. The aftermath includes unknown casualties and the closure of Iranian airspace, signaling a severe disruption. This event underscores the collapse of prior negotiations and highlights complex international security dynamics, with implications for regional stability and global non-proliferation efforts.",
      "source": "BBC News",
      "time_ago": "1 hour ago",
      "image_url": "/article_images/article_3fb558f0d55c58df_6e447d4b2460.webp",
      "category": "News"
    },
    {
      "id": "e18f7dd31d102201",
      "title": "Analyzing Convergent Political Strategies: The Paradoxical Similarities Between Green and Reform UK Leadership",
      "summary": "This BBC News article critically examines the paradoxical convergence between Zack Polanski, leader of the Green Party, and Nigel Farage, leader of Reform UK, within the UK's evolving political landscape. Despite fundamental ideological divergences—Polanski champions progressive environmentalism and borderless ideals, whereas Farage advocates for nationalist immigration policies and dismisses green agendas as 'net stupid zero'—both figures demonstrate analogous strategic prowess. Their electoral achievements, such as the Greens securing a landmark by-election victory in Gorton and Denton and Reform UK displacing Labour to third place in Runcorn, underscore a shared capacity to disrupt traditional party dominance. This disruption is fueled by adept grassroots campaigning; both leaders thrive on direct public engagement, harnessing voter disillusionment with mainstream politics to rapidly expand their parties' memberships. The article posits that Polanski has emulated aspects of Farage's populist methodology, suggesting a nuanced adaptation in political tactics. In an era characterized by public cynicism towards established institutions, these parallels reveal broader trends in contemporary democracy, where ideological opposites can exhibit functional similarities in mobilizing support, thereby challenging conventional political narratives and highlighting the complex, often counterintuitive, nature of electoral dynamics.",
      "source": "BBC News",
      "time_ago": "2 hours ago",
      "image_url": "/article_images/article_e18f7dd31d102201_1eb0268810a6.webp",
      "category": "News"
    },
    {
      "id": "929fbca1adb18e7e",
      "title": "Unveiling David Stern: The Conduit in the Andrew-Epstein Nexus",
      "summary": "This investigative piece by BBC News examines David Stern, a German businessman who functioned as a pivotal conduit between Prince Andrew and Jeffrey Epstein. In spring 2019, Stern was present at a Pitch@Palace gala in Shenzhen, China, an event that preceded Prince Andrew's withdrawal from royal duties following a controversial interview about his association with Epstein, a convicted sex offender. The analysis draws on millions of pages of documents released by the U.S. Department of Justice, which illuminate Stern's extensive involvement: he facilitated introductions, negotiated deals, managed financial issues for Sarah Ferguson, and made misogynistic comments. Residing in London, Stern operated his own enterprise while deferring to Epstein as boss and secured roles within royal institutions, including directorship at Pitch@Palace and a board position at St George's House charity. Despite his obscurity, Stern's name features in over 7,000 files from 2008 to 2018, underscoring his clandestine operations. The article critically assesses how Stern epitomizes the shadowy intermediaries that enable elite networks, utilizing primary source material to explore themes of power, secrecy, and ethical breaches in transnational contexts.",
      "source": "BBC News",
      "time_ago": "7 hours ago",
      "image_url": "/article_images/article_929fbca1adb18e7e_b5d186e7c6f9.webp",
      "category": "News"
    },
    {
      "id": "b9299184f18f750e",
      "title": "Federal Investigation Leads to Paid Leave for LAUSD Superintendent",
      "summary": "Alberto Carvalho, superintendent of the Los Angeles Unified School District, was placed on paid leave following FBI execution of search warrants at his residence and district headquarters, as part of an undisclosed federal investigation. The LAUSD Board of Education unanimously voted for this administrative action after confidential deliberations, emphasizing the need to await investigative outcomes without prejudging Carvalho, who has not been accused of wrongdoing. This development occurs within the context of a district serving over 500,000 students, with Andres Chait assuming interim leadership to ensure operational continuity. Carvalho, appointed in 2022 after tenure in Miami, has not publicly commented, while the investigation may intersect with the district's prior engagement with AllHere, an education technology firm. In 2024, LAUSD contracted AllHere for $3 million to develop 'Ed,' an AI chatbot, but terminated the agreement shortly after its launch amid the company's bankruptcy and subsequent indictment of founder Joanna Smith-Griffin for securities fraud, wire fraud, and identity theft. Carvalho has denied personal involvement in vendor selection and pledged a task force to assess the project's failures, though no progress reports have emerged. The district asserts cooperation with authorities but lacks further information, highlighting complexities in public procurement and oversight within large educational systems.",
      "source": "PBS NewsHour",
      "time_ago": "11 hours ago",
      "image_url": "/article_images/article_b9299184f18f750e_7102ac83441d.webp",
      "category": "News"
    },
    {
      "id": "6eb16510f140db4a",
      "title": "Legal and Constitutional Implications of a Federal Judge's Injunction Protecting Refugees in Minnesota",
      "summary": "U.S. District Judge John Tunheim has extended a preliminary injunction to safeguard refugees in Minnesota from arrest and deportation, challenging a Trump administration immigration policy. The policy, articulated in a Department of Homeland Security memo from February 18, interprets statutory provisions to mandate that refugees applying for green cards must re-enter federal custody one year after admission for application review. Judge Tunheim, in a comprehensive 66-page opinion, condemned this interpretation as erroneous and constitutionally dubious, asserting it transforms the \"American Dream into a dystopian nightmare\" by betraying historical promises to refugees fleeing persecution. The injunction, which applies solely to Minnesota, emerged from a motion by refugee advocates to convert a temporary restraining order issued in January, reflecting ongoing litigation with national ramifications. Refugee assistance organizations, such as the International Refugee Assistance Project, hailed the decision for mitigating fear among refugee communities. The judge emphasized that the policy lacks congressional authorization and raises serious constitutional concerns, potentially infringing on due process and refugee protections under U.S. and international law. This case underscores tensions between executive authority and judicial oversight in immigration enforcement, with implications for refugee rights and administrative interpretation.",
      "source": "PBS NewsHour",
      "time_ago": "12 hours ago",
      "image_url": "/article_images/article_6eb16510f140db4a_42451dce0daf.webp",
      "category": "News"
    }
  ]
}