{
  "title": "Manchester Honors Stone Roses Bassist Mani with Star-Studded Funeral",
  "summary": "Gary \"Mani\" Mounfield, the renowned bassist for The Stone Roses and Primal Scream, was commemorated in a large-scale funeral at Manchester Cathedral. The event drew a diverse crowd, including family, friends, and numerous fans, as well as prominent figures from the music and sports worlds. Notable attendees included former bandmates Ian Brown and Bobby Gillespie, along with musicians Liam Gallagher and Paul Weller, and footballers Sir David Beckham and Gary Neville. Fans lined the streets to witness the funeral cortege travel from Mani's home in Heaton Moor to the cathedral, creating a public tribute. Inside, Ian Brown delivered a heartfelt eulogy, praising Mani as a \"beautiful soul\" and suggesting the creation of a 50-foot gold statue in his honor. The ceremony featured symbolic elements, such as Mani's coffin adorned with The Stone Roses' album artwork and a Manchester United scarf, reflecting his musical and local identities. Outside, hundreds of fans applauded as the cortege arrived, accompanied by scooter riders and the band's song \"I Wanna Be Adored.\" This gathering highlighted Mani's significant role in the \"baggy\" music scene and his enduring popularity in Manchester.",
  "keywords": [
    {
      "term": "bassist",
      "explanation": "a musician who specializes in playing the bass guitar, providing rhythm and harmony in a band"
    },
    {
      "term": "funeral cortege",
      "explanation": "a procession of vehicles or people accompanying a coffin to a funeral service"
    },
    {
      "term": "eulogy",
      "explanation": "a speech given at a funeral to praise and remember the deceased person"
    },
    {
      "term": "baggy sound",
      "explanation": "a music style associated with The Stone Roses, characterized by loose, danceable rhythms from the late 1980s and early 1990s"
    },
    {
      "term": "Mancunian",
      "explanation": "relating to Manchester, England, often used to describe local culture or terms"
    },
    {
      "term": "commemorated",
      "explanation": "honored and remembered in a formal way, often through ceremonies or memorials"
    },
    {
      "term": "prominent figures",
      "explanation": "well-known and important people in a particular field, such as music or sports"
    },
    {
      "term": "enduring popularity",
      "explanation": "lasting fame or admiration that continues over a long period of time"
    }
  ],
  "questions": [
    {
      "question": "Which bands was Gary \"Mani\" Mounfield associated with?",
      "options": [
        "The Beatles and The Rolling Stones",
        "The Stone Roses and Primal Scream",
        "Oasis and Blur",
        "Radiohead and Coldplay"
      ],
      "correct_answer": "The Stone Roses and Primal Scream"
    },
    {
      "question": "What did Ian Brown propose during his eulogy?",
      "options": [
        "A new album release",
        "A 50-foot gold statue of Mani",
        "A charity concert",
        "A museum exhibit"
      ],
      "correct_answer": "A 50-foot gold statue of Mani"
    },
    {
      "question": "How did fans outside the cathedral show their respect?",
      "options": [
        "By singing songs",
        "By clapping as the cortege arrived",
        "By lighting candles",
        "By donating money"
      ],
      "correct_answer": "By clapping as the cortege arrived"
    },
    {
      "question": "What music style is The Stone Roses known for?",
      "options": [
        "Punk rock",
        "Baggy sound",
        "Classical",
        "Hip-hop"
      ],
      "correct_answer": "Baggy sound"
    },
    {
      "question": "Which soccer stars attended the funeral?",
      "options": [
        "David Beckham and Gary Neville",
        "Lionel Messi and Cristiano Ronaldo",
        "Wayne Rooney and Steven Gerrard",
        "Harry Kane and Raheem Sterling"
      ],
      "correct_answer": "David Beckham and Gary Neville"
    },
    {
      "question": "What was played on speakers as the cortege arrived?",
      "options": [
        "\"Fools Gold\"",
        "\"I Wanna Be Adored\"",
        "\"Live Forever\"",
        "\"Wonderwall\""
      ],
      "correct_answer": "\"I Wanna Be Adored\""
    },
    {
      "question": "What adorned Mani's coffin?",
      "options": [
        "Flowers only",
        "Album artwork and a Manchester United scarf",
        "A guitar and a hat",
        "Photos and letters"
      ],
      "correct_answer": "Album artwork and a Manchester United scarf"
    },
    {
      "question": "Why is Mani considered significant in Manchester?",
      "options": [
        "He was a mayor",
        "He was a key musician in local bands and beloved by the community",
        "He founded a sports team",
        "He wrote books about the city"
      ],
      "correct_answer": "He was a key musician in local bands and beloved by the community"
    }
  ],
  "background_read": [
    "Gary \"Mani\" Mounfield was a pivotal figure in the British music scene, particularly during the late 1980s and 1990s. As the bassist for The Stone Roses, he contributed to the \"baggy\" movement, a subgenre of alternative rock that emerged from Manchester and influenced indie music globally. The Stone Roses are iconic for albums like their self-titled debut, featuring hits such as \"Fools Gold.\" Manchester has a rich musical heritage, often called \"Madchester,\" with bands like The Stone Roses, Happy Mondays, and Oasis shaping its culture. Funerals for public figures often become public events, blending personal mourning with community celebration. Eulogies and memorials serve to highlight a person's legacy, while symbols like statues or artwork can immortalize their contributions. This article reflects how music and local identity intertwine in honoring cultural icons."
  ],
  "Article_Structure": [
    "This article provides a detailed account of the funeral for Gary \"Mani\" Mounfield, focusing on key aspects: Main Points include the large turnout of celebrities and fans, Ian Brown's emotional tribute, and the public display of respect. Purpose is to report on a significant cultural event in Manchester, highlighting Mani's impact on music and community. Evidence Evaluation shows reliable sourcing from BBC with direct quotes and descriptions, though it lacks deeper historical context. Author Credibility is assumed as BBC is a reputable news source, but no specific author expertise is mentioned. Methodology involves journalistic reporting of the event, including observations and interviews, providing a factual yet descriptive narrative."
  ],
  "perspectives": [
    {
      "perspective": "Cultural Celebration",
      "description": "The funeral served as a public celebration of Mani's life, emphasizing his role in Manchester's music history and community bonds."
    },
    {
      "perspective": "Media Representation",
      "description": "The article portrays how mainstream media covers celebrity funerals, blending news reporting with human interest elements."
    }
  ],
  "image_url": "/article_images/article_8b7dcf4cff1760e9_642f66862b5b.webp"
}