{
  "title": "Flavio Cobolli's Amazing Tennis Win for Italy",
  "summary": "Flavio Cobolli, a tennis player from Italy, had a very exciting match against Zizou Bergs from Belgium in the Davis Cup. He saved seven match points and won a long tie-break that had 32 points, which is one of the longest in history. After winning, he took off his shirt and celebrated with his team and fans in Bologna, Italy. This victory means Italy will play in the final against Spain or Germany. Cobolli said it was one of the best days of his life because he fought hard for his country. His captain, Filippo Volandri, was very proud and said the win was mostly about heart. Italy is trying to win the Davis Cup for the third time in a row, which hasn't happened in over 50 years.",
  "keywords": [
    {
      "term": "Davis Cup",
      "explanation": "a big tennis competition where countries play against each other"
    },
    {
      "term": "tie-break",
      "explanation": "a special part of a tennis match to decide who wins when the score is tied"
    },
    {
      "term": "match point",
      "explanation": "the point where a player can win the whole match"
    },
    {
      "term": "final",
      "explanation": "the last game in a competition to decide the champion"
    },
    {
      "term": "captain",
      "explanation": "the leader of a sports team who helps the players"
    },
    {
      "term": "celebration",
      "explanation": "a happy time when people cheer and have fun after a win"
    }
  ],
  "questions": [
    {
      "question": "Who won the tennis match for Italy?",
      "options": [
        "Flavio Cobolli",
        "Zizou Bergs",
        "Jannik Sinner",
        "Matteo Berrettini"
      ],
      "correct_answer": "Flavio Cobolli"
    },
    {
      "question": "How many match points did Cobolli save?",
      "options": [
        "5",
        "6",
        "7",
        "8"
      ],
      "correct_answer": "7"
    },
    {
      "question": "Where did the match take place?",
      "options": [
        "Rome",
        "Bologna",
        "Milan",
        "Paris"
      ],
      "correct_answer": "Bologna"
    },
    {
      "question": "What did Cobolli do after winning?",
      "options": [
        "He cried",
        "He took off his shirt",
        "He left the court",
        "He shook hands"
      ],
      "correct_answer": "He took off his shirt"
    },
    {
      "question": "Who will Italy play in the final?",
      "options": [
        "France or USA",
        "Spain or Germany",
        "Belgium or Australia",
        "Switzerland or UK"
      ],
      "correct_answer": "Spain or Germany"
    },
    {
      "question": "How many Davis Cup titles is Italy trying to win in a row?",
      "options": [
        "1",
        "2",
        "3",
        "4"
      ],
      "correct_answer": "3"
    }
  ],
  "background_read": [
    "The Davis Cup is a famous international tennis tournament where teams from different countries compete. It started over 100 years ago. Italy has won it the last two years and wants to win again, which is rare. Flavio Cobolli is a young Italian player ranked 22nd in the world. In tennis, a tie-break happens when a set is tied, and players play extra points to decide the winner. This match was very long and exciting, showing how sports can bring people together."
  ],
  "Article_Structure": [
    "WHO: Flavio Cobolli, an Italian tennis player, and his team",
    "WHAT: He won a dramatic tennis match by saving seven match points in a long tie-break",
    "WHERE: In Bologna, Italy, at a Davis Cup event",
    "WHY: To help Italy reach the final and try to win the Davis Cup for the third time in a row"
  ],
  "perspectives": [
    {
      "perspective": "Player's view",
      "description": "Cobolli felt it was a dream come true and fought for his country and fans."
    },
    {
      "perspective": "Captain's view",
      "description": "Volandri was proud and said the win showed a lot of heart from the team."
    }
  ],
  "image_url": "/article_images/article_da8abd7a96ffc1e9_cb6e40dfa435.webp"
}