{
  "title": "Flavio Cobolli's Amazing Tennis Win for Italy",
  "summary": "In a very exciting tennis match, Flavio Cobolli from Italy played against Zizou Bergs from Belgium in the Davis Cup. The match was super close, and Cobolli saved seven match points, which are chances for his opponent to win. He won a long tie-break with 32 points, making it one of the longest in Davis Cup history. After winning, Cobolli took off his shirt and celebrated with the happy fans in Bologna, Italy. He said it was one of the best days of his life because he helped Italy reach the final. Italy is trying to win the Davis Cup for the third time in a row, which hasn't happened in over 50 years. The team captain, Filippo Volandri, was very proud and said Cobolli showed a lot of heart. Now, Italy will play Spain or Germany in the final to see who wins the trophy.",
  "keywords": [
    {
      "term": "Davis Cup",
      "explanation": "a big tennis competition where countries play against each other"
    },
    {
      "term": "tie-break",
      "explanation": "a special part of a tennis match to decide who wins when it's tied"
    },
    {
      "term": "match point",
      "explanation": "the point where a player can win the whole match"
    },
    {
      "term": "final",
      "explanation": "the last game in a competition to decide the champion"
    },
    {
      "term": "celebrate",
      "explanation": "to show happiness after winning something"
    },
    {
      "term": "team",
      "explanation": "a group of people playing together for their country"
    },
    {
      "term": "opponent",
      "explanation": "the person you are playing against"
    },
    {
      "term": "victory",
      "explanation": "winning a game or match"
    }
  ],
  "questions": [
    {
      "question": "Who won the tennis match for Italy?",
      "options": [
        "Flavio Cobolli",
        "Zizou Bergs",
        "Filippo Volandri",
        "Matteo Berrettini"
      ],
      "correct_answer": "Flavio Cobolli"
    },
    {
      "question": "How many match points did Cobolli save?",
      "options": [
        "5",
        "6",
        "7",
        "8"
      ],
      "correct_answer": "7"
    },
    {
      "question": "What did Cobolli do after winning the match?",
      "options": [
        "He cried",
        "He took off his shirt",
        "He left the court",
        "He shook hands"
      ],
      "correct_answer": "He took off his shirt"
    },
    {
      "question": "Where was the match held?",
      "options": [
        "Rome",
        "Bologna",
        "Milan",
        "Paris"
      ],
      "correct_answer": "Bologna"
    },
    {
      "question": "What is the Davis Cup?",
      "options": [
        "A tennis tournament for countries",
        "A soccer competition",
        "A swimming event",
        "A basketball league"
      ],
      "correct_answer": "A tennis tournament for countries"
    },
    {
      "question": "How long was the tie-break in points?",
      "options": [
        "20 points",
        "25 points",
        "32 points",
        "40 points"
      ],
      "correct_answer": "32 points"
    },
    {
      "question": "Who is Italy's team captain?",
      "options": [
        "Flavio Cobolli",
        "Filippo Volandri",
        "Zizou Bergs",
        "Matteo Berrettini"
      ],
      "correct_answer": "Filippo Volandri"
    },
    {
      "question": "What will Italy do next?",
      "options": [
        "Play in the final",
        "Go home",
        "Have a party only",
        "Practice more"
      ],
      "correct_answer": "Play in the final"
    }
  ],
  "background_read": [
    "The Davis Cup is a famous international tennis tournament that started over 100 years ago. Teams from different countries compete, and players represent their nation. Italy has won the last two Davis Cups and is trying to win a third time in a row, which is very rare. Tennis matches can have tie-breaks when sets are tied, and long tie-breaks like this one make the game exciting. Players often feel proud to play for their country and celebrate with fans."
  ],
  "Article_Structure": [
    "WHO: Flavio Cobolli, an Italian tennis player, and his team",
    "WHAT: He won a dramatic tennis match by saving seven match points in a long tie-break",
    "WHERE: In Bologna, Italy, with many fans watching",
    "WHY: To help Italy reach the Davis Cup final and try to win the trophy for the third time in a row"
  ],
  "perspectives": [
    {
      "perspective": "Player's view",
      "description": "Cobolli felt very happy and proud, calling it one of the best days of his life."
    },
    {
      "perspective": "Team captain's view",
      "description": "Volandri was amazed by Cobolli's effort and said it showed a lot of heart."
    },
    {
      "perspective": "Opponent's view",
      "description": "Bergs was sad after losing such a close match."
    }
  ],
  "image_url": "/article_images/article_da8abd7a96ffc1e9_cb6e40dfa435.webp"
}