{
  "title": "Historic Resilience: Cobolli's Tie-Break Triumph and Italy's Davis Cup Aspirations",
  "summary": "Flavio Cobolli's extraordinary performance in the Davis Cup semifinal epitomized athletic perseverance, as he saved seven match points to clinch a 32-point tie-break against Zizou Bergs of Belgium, securing Italy's place in the final with a 6-3, 6-7 (5-7), 7-6 (17-15) victory after over three hours of play. This tie-break ranks as the sixth-longest in the tournament's 125-year history, underscoring its rarity and intensity. Cobolli's emotional response, including tearing off his shirt in celebration, reflected the high stakes of representing his nation, as he articulated in post-match interviews that the win realized a lifelong dream and was dedicated to his team, family, and supporters. Italy, the two-time defending champion, now faces Spain or Germany in the final, with the potential to become the first country in 53 years to achieve three consecutive Davis Cup titles, a feat last accomplished in the early 1970s. Despite the absence of top-ranked players Jannik Sinner and Lorenzo Musetti, Italy's depth was showcased through contributions from teammates like Matteo Berrettini, who secured an earlier win, and the leadership of captain Filippo Volandri, who emphasized that the victory was 95% heart over tactics. The sell-out crowd of 10,000 in Bologna amplified the home advantage, illustrating the cultural significance of tennis in Italy and the role of fan engagement in elite sports. This achievement not only marks Italy's third consecutive final appearance—a first since Australia in 2001—but also highlights strategic resilience in international team competitions, setting the stage for a historic climax in the upcoming final.",
  "keywords": [
    {
      "term": "Davis Cup",
      "explanation": "an annual international men's tennis tournament organized by the ITF, featuring national teams in a World Group format to crown a champion"
    },
    {
      "term": "tie-break",
      "explanation": "a procedural mechanism in tennis used to decide a set at a specified score, typically involving a sequence of points where players must win by a margin, introduced to reduce match duration"
    },
    {
      "term": "match point",
      "explanation": "a pivotal moment in a contest where one player holds the opportunity to win the match immediately, often testing psychological fortitude"
    },
    {
      "term": "resilience",
      "explanation": "the capacity to withstand adversity and maintain performance under pressure, a key trait in high-stakes athletic competitions"
    },
    {
      "term": "semifinal",
      "explanation": "a penultimate round in a knockout tournament where winners advance to the final, critical for determining championship contenders"
    }
  ],
  "questions": [
    {
      "question": "What is the historical ranking of Cobolli's tie-break in Davis Cup history?",
      "options": [
        "First-longest",
        "Third-longest",
        "Sixth-longest",
        "Tenth-longest"
      ],
      "correct_answer": "Sixth-longest"
    },
    {
      "question": "How does Italy's potential third consecutive Davis Cup win compare historically?",
      "options": [
        "It would be unprecedented",
        "It last happened over 50 years ago",
        "It occurred in the 1990s",
        "No country has ever done it"
      ],
      "correct_answer": "It last happened over 50 years ago"
    },
    {
      "question": "What role did the absence of Jannik Sinner and Lorenzo Musetti play in Italy's campaign?",
      "options": [
        "It weakened the team significantly",
        "It had no impact",
        "It allowed younger players to step up",
        "It caused the team to withdraw"
      ],
      "correct_answer": "It allowed younger players to step up"
    },
    {
      "question": "What was the duration of the match between Cobolli and Bergs?",
      "options": [
        "Approximately 2 hours",
        "Over 3 hours",
        "Less than 1 hour",
        "Exactly 4 hours"
      ],
      "correct_answer": "Over 3 hours"
    },
    {
      "question": "How many match points did Cobolli save during the tie-break?",
      "options": [
        "5",
        "6",
        "7",
        "8"
      ],
      "correct_answer": "7"
    },
    {
      "question": "What did Captain Volandri attribute the win to primarily?",
      "options": [
        "Superior tactics",
        "Player talent alone",
        "95% heart",
        "Luck"
      ],
      "correct_answer": "95% heart"
    },
    {
      "question": "Which player provided Italy with an initial advantage in the semifinal?",
      "options": [
        "Flavio Cobolli",
        "Matteo Berrettini",
        "Zizou Bergs",
        "Raphael Collignon"
      ],
      "correct_answer": "Matteo Berrettini"
    },
    {
      "question": "What was the crowd size at the match in Bologna?",
      "options": [
        "5,000",
        "10,000",
        "15,000",
        "20,000"
      ],
      "correct_answer": "10,000"
    },
    {
      "question": "How does this victory position Italy in Davis Cup history?",
      "options": [
        "First final appearance",
        "Third consecutive final",
        "Most wins overall",
        "Largest margin victory"
      ],
      "correct_answer": "Third consecutive final"
    },
    {
      "question": "What emotional support did Cobolli mention in his interview?",
      "options": [
        "Only his coach",
        "His country, team, and family",
        "The referees",
        "No one"
      ],
      "correct_answer": "His country, team, and family"
    }
  ],
  "background_read": [
    "The Davis Cup, inaugurated in 1900, is the premier international team competition in men's tennis, governed by the International Tennis Federation, and has evolved into a World Cup-style event with a rich history of national rivalries. Italy's current squad, despite missing world number two Jannik Sinner and eighth-ranked Lorenzo Musetti, demonstrates the depth of Italian tennis, with players like Flavio Cobolli (ranked 22nd) rising to the occasion. Tie-breaks were institutionalized in the 1970s to address indefinite set durations, and extended tie-breaks, such as the 32-point one described, are statistically rare and often indicative of closely contested matches. The potential for Italy to secure a third consecutive title echoes historical dynasties, such as the United States in the 1970s, and highlights trends in team sports where collective morale and home advantage, as seen in Bologna's sell-out crowd, can outweigh individual star power. This context enriches understanding of the strategic and emotional dimensions in high-level athletics."
  ],
  "Article_Structure": [
    "This article analyzes Flavio Cobolli's pivotal Davis Cup win, detailing main points like his match-saving heroics and Italy's quest for a historic three-peat. The purpose extends beyond reporting to exploring themes of national pride and resilience in sports. Evidence evaluation shows reliance on verified match data, player quotes, and historical records, though it lacks independent verification, potentially introducing bias from emotional narratives. Author credibility is supported by the BBC's established journalism standards, but the absence of a named author limits assessment of expertise. Methodology involves firsthand reporting and interviews, offering authentic insights, yet it may overlook broader statistical analysis. Critical assessment notes the article's strength in capturing dramatic moments but its limitation in providing in-depth tactical or psychological analysis, reflecting a focus on human interest over comprehensive sports science."
  ],
  "perspectives": [
    {
      "perspective": "Psychological endurance",
      "description": "Cobolli's ability to handle pressure and save multiple match points highlights mental toughness in elite sports"
    },
    {
      "perspective": "Strategic team management",
      "description": "How Italy's captain and squad adapted to missing key players, emphasizing heart over pure skill"
    }
  ],
  "image_url": "/article_images/article_da8abd7a96ffc1e9_cb6e40dfa435.webp"
}