{
  "title": "California's Decision to Revoke Immigrant Driver's Licenses",
  "summary": "California has revoked 17,000 commercial driver's licenses held by immigrants, a move that follows strong criticism from the Trump administration. Commercial driver's licenses allow individuals to operate large vehicles like trucks and buses, often for employment. The Trump administration had expressed disapproval of states, including California, that issued licenses to undocumented immigrants. This revocation could lead to job losses for many immigrants, impacting their livelihoods and families. The decision highlights ongoing debates about immigration policies and state versus federal authority. It raises questions about fairness and the economic effects on immigrant communities in California.",
  "keywords": [
    {
      "term": "revocation",
      "explanation": "the act of officially canceling or taking back something, like a license"
    },
    {
      "term": "undocumented immigrant",
      "explanation": "a person living in a country without legal authorization"
    },
    {
      "term": "federal criticism",
      "explanation": "negative feedback from the national government"
    },
    {
      "term": "commercial vehicle",
      "explanation": "a large vehicle used for business purposes, such as trucks or buses"
    },
    {
      "term": "policy change",
      "explanation": "a shift in the rules or laws made by the government"
    },
    {
      "term": "livelihood",
      "explanation": "the way people earn money to support themselves"
    },
    {
      "term": "state authority",
      "explanation": "the power of a state government to make its own decisions"
    },
    {
      "term": "immigration debate",
      "explanation": "discussions and disagreements about how to handle immigration"
    },
    {
      "term": "economic impact",
      "explanation": "the effect on jobs, money, and the economy"
    },
    {
      "term": "legal status",
      "explanation": "whether someone is in a country legally or not"
    }
  ],
  "questions": [
    {
      "question": "How many commercial driver's licenses were revoked in California?",
      "options": [
        "17,000",
        "1,700",
        "170,000",
        "1,700,000"
      ],
      "correct_answer": "17,000"
    },
    {
      "question": "What prompted California to revoke these licenses?",
      "options": [
        "Criticism from the Trump administration",
        "A natural disaster",
        "A new state law for fun",
        "A request from immigrants"
      ],
      "correct_answer": "Criticism from the Trump administration"
    },
    {
      "question": "What type of vehicles do commercial driver's licenses permit?",
      "options": [
        "Large trucks and buses",
        "Cars only",
        "Motorcycles",
        "Airplanes"
      ],
      "correct_answer": "Large trucks and buses"
    },
    {
      "question": "Who are the primary individuals affected by this revocation?",
      "options": [
        "Immigrants with commercial licenses",
        "School children",
        "Government officials",
        "Tourists"
      ],
      "correct_answer": "Immigrants with commercial licenses"
    },
    {
      "question": "What is a potential consequence of losing a commercial driver's license?",
      "options": [
        "Job loss",
        "Getting a promotion",
        "Winning a lottery",
        "Moving to another country"
      ],
      "correct_answer": "Job loss"
    },
    {
      "question": "Which administration criticized California's license policy?",
      "options": [
        "Trump administration",
        "Obama administration",
        "Biden administration",
        "Local city council"
      ],
      "correct_answer": "Trump administration"
    },
    {
      "question": "What does 'undocumented immigrant' mean?",
      "options": [
        "A person without legal permission to be in the country",
        "A person with a passport",
        "A tourist on vacation",
        "A citizen of the country"
      ],
      "correct_answer": "A person without legal permission to be in the country"
    },
    {
      "question": "Why might states issue licenses to undocumented immigrants?",
      "options": [
        "To allow them to drive legally for work",
        "To punish them",
        "For entertainment",
        "To reduce traffic"
      ],
      "correct_answer": "To allow them to drive legally for work"
    },
    {
      "question": "What broader issue does this event relate to?",
      "options": [
        "Immigration policies",
        "Climate change",
        "Sports events",
        "School curricula"
      ],
      "correct_answer": "Immigration policies"
    },
    {
      "question": "How could this revocation affect the economy?",
      "options": [
        "By causing job losses and reducing income",
        "By increasing tourism",
        "By improving education",
        "By building more roads"
      ],
      "correct_answer": "By causing job losses and reducing income"
    }
  ],
  "background_read": [
    "In the U.S., immigration has been a contentious topic, with debates over how to handle undocumented immigrants. California, known for its liberal policies, previously allowed undocumented immigrants to obtain driver's licenses to promote safety and integration. However, the federal government, under the Trump administration, opposed this, arguing it encouraged illegal immigration. Commercial driver's licenses are crucial for jobs in transportation, and revoking them can lead to significant economic hardships. This situation illustrates the tension between state and federal powers in the U.S., where states sometimes enact laws that conflict with national policies. Understanding this context helps explain why California's decision is significant and controversial."
  ],
  "Article_Structure": [
    "This article discusses California's revocation of 17,000 commercial driver's licenses for immigrants, driven by criticism from the Trump administration over states issuing licenses to undocumented individuals. Main Points: The key arguments include the impact on immigrant employment, the response to federal pressure, and the implications for state autonomy. Purpose: The article aims to inform about policy changes and their consequences, highlighting the clash between state and federal immigration approaches. Evidence Evaluation: The evidence is based on an announcement, but it lacks detailed sources or data, making it somewhat limited in depth. Author Credibility: PBS NewsHour is a reputable source known for balanced reporting, though specific author details are not provided. Methodology: The information appears gathered from official announcements and public statements, using standard journalistic practices to report the event."
  ],
  "perspectives": [
    {
      "perspective": "Federal government view",
      "description": "Believes revoking licenses enforces immigration laws and deters illegal entry."
    },
    {
      "perspective": "State and immigrant advocates view",
      "description": "Argues that licenses promote safety and economic opportunity, and revocation harms families."
    }
  ],
  "image_url": "/article_images/article_8832f04cff5c622e_28966a249bcf.jpg"
}