{
  "title": "Advancing Paleontological Chronology: Uranium-Lead Dating of Dinosaur Eggshells for Fossil Age Determination",
  "summary": "A groundbreaking study led by paleontologist Ryan Tucker demonstrates the efficacy of using dinosaur eggshells for uranium-lead radioisotopic dating to ascertain the age of associated fossils and sedimentary layers. The research focuses on fossilized eggshells from Cretaceous deposits in the Cedar Mountain Formation of Utah and the Eastern Gobi Basin of Mongolia, utilizing their calcium carbonate microstructure to capture diagenetic alterations such as compaction fractures and water infiltration. Uranium-lead dating, applicable to materials ranging from 1 million to 4.5 billion years old, leverages the decay of unstable uranium isotopes into stable lead isotopes, with ratios providing precise age estimates. Analysis revealed that eggshells, potentially from oviraptor and microtroodontid species, were approximately 95 million years old, corroborating existing zircon-based dates from Utah while addressing uncertainties in Mongolia. Trace element assessments indicated remarkable preservation despite geographic disparity, though microfractures introduced minor inaccuracies. This methodology not only validates eggshells as robust chronometers but also expands the scope of datable continental sedimentary successions, offering a transformative tool for refining Mesozoic timelines and mitigating limitations inherent in direct bone dating.",
  "keywords": [
    {
      "term": "uranium-lead radioisotopic dating",
      "explanation": "a geochronological technique that quantifies the decay of uranium to lead isotopes to determine absolute ages of geological samples"
    },
    {
      "term": "diagenetic alterations",
      "explanation": "post-depositional changes in sediments, including chemical and physical processes during fossilization that affect material integrity"
    },
    {
      "term": "chronometers",
      "explanation": "materials or methods used as reliable timekeepers for dating geological or archaeological contexts"
    },
    {
      "term": "Mesozoic timelines",
      "explanation": "temporal frameworks for the Mesozoic era, encompassing the Triassic, Jurassic, and Cretaceous periods critical for dinosaur evolution"
    },
    {
      "term": "zircon-based dating",
      "explanation": "a reference dating method using zircon crystals in volcanic ash to establish comparative ages in stratigraphy"
    }
  ],
  "questions": [
    {
      "question": "What specific dating technique is employed in this study for eggshell analysis?",
      "options": [
        "Carbon-14 dating",
        "Uranium-lead radioisotopic dating",
        "Potassium-argon dating",
        "Thermoluminescence dating"
      ],
      "correct_answer": "Uranium-lead radioisotopic dating"
    },
    {
      "question": "How do diagenetic changes in eggshells contribute to their dating utility?",
      "options": [
        "They erase isotopic records",
        "They provide a record of environmental alterations during fossilization",
        "They make eggshells softer",
        "They prevent isotope trapping"
      ],
      "correct_answer": "They provide a record of environmental alterations during fossilization"
    },
    {
      "question": "What is the age range for which uranium-lead dating is effective?",
      "options": [
        "Up to 10,000 years",
        "1 million to 4.5 billion years",
        "Only for recent centuries",
        "500,000 to 1 million years"
      ],
      "correct_answer": "1 million to 4.5 billion years"
    },
    {
      "question": "Which dinosaur species are implicated as potential egg layers in the study?",
      "options": [
        "Tyrannosaurus rex and Triceratops",
        "Oviraptor and microtroodontid",
        "Stegosaurus and Brachiosaurus",
        "Velociraptor and Ankylosaurus"
      ],
      "correct_answer": "Oviraptor and microtroodontid"
    },
    {
      "question": "What did trace element analysis reveal about the eggshell preservation?",
      "options": [
        "Poor preservation due to contamination",
        "Excellent preservation across geographically distant sites",
        "Complete isotopic loss",
        "Evidence of modern alteration"
      ],
      "correct_answer": "Excellent preservation across geographically distant sites"
    },
    {
      "question": "How does this research address limitations in fossil dating?",
      "options": [
        "By ignoring sedimentary contexts",
        "By providing a more reliable method for continental sedimentary rocks",
        "By focusing solely on bone analysis",
        "By rejecting radioisotopic techniques"
      ],
      "correct_answer": "By providing a more reliable method for continental sedimentary rocks"
    },
    {
      "question": "What potential source of inaccuracy is noted in the eggshell dating?",
      "options": [
        "Isotopic stability",
        "Microfractures from sedimentary compaction",
        "Sample location errors",
        "Incorrect species identification"
      ],
      "correct_answer": "Microfractures from sedimentary compaction"
    },
    {
      "question": "What broader implication does this study have for paleontology?",
      "options": [
        "It limits dating to marine environments",
        "It enhances chronological precision for evolutionary studies",
        "It disproves previous dating methods",
        "It focuses only on eggshell morphology"
      ],
      "correct_answer": "It enhances chronological precision for evolutionary studies"
    },
    {
      "question": "How does the study validate its findings?",
      "options": [
        "By comparing eggshell dates with existing zircon-based ages from Utah",
        "By using only theoretical models",
        "By ignoring comparative data",
        "By relying on anecdotal evidence"
      ],
      "correct_answer": "By comparing eggshell dates with existing zircon-based ages from Utah"
    },
    {
      "question": "What publication venue adds credibility to this research?",
      "options": [
        "A local journal",
        "Nature Communications Earth & Environment",
        "A popular science magazine",
        "An unpublished preprint"
      ],
      "correct_answer": "Nature Communications Earth & Environment"
    }
  ],
  "background_read": [
    "Dating fossils accurately is pivotal in paleontology for reconstructing evolutionary histories, yet traditional methods like uranium-lead dating face challenges when applied directly to bones due to diagenetic alterations. Dinosaur eggshells, composed of calcium carbonate, offer a promising alternative as they encapsulate isotopic signatures resistant to such changes. The Cretaceous period, marked by significant dinosaur diversification, often lacks precise continental chronologies. This study integrates advanced geochemical techniques, building on prior work in isotope geochemistry and sedimentary geology, to propose eggshells as effective chronometers. Understanding these methodologies is essential for assessing their impact on Mesozoic research and broader geological dating frameworks."
  ],
  "Article_Structure": [
    "Main Points: The research establishes dinosaur eggshells as viable materials for uranium-lead dating, leveraging their microstructure to record diagenetic processes and provide age estimates for fossils and sedimentary layers. Purpose: To overcome inconsistencies in fossil dating by expanding radioisotopic applications to continental settings, thereby refining Mesozoic timelines. Evidence Evaluation: Strong, with well-preserved eggshells from Utah and Mongolia showing consistent isotopic ratios, though microfractures may introduce minor errors, and validation against zircon dates enhances reliability. Author Credibility: Led by an experienced paleontologist, published in a reputable journal, indicating rigorous peer review and expertise in geochronology. Methodology: Involved sampling Cretaceous eggshells, applying uranium-lead dating to measure isotope decay, conducting trace element analysis for preservation assessment, and comparing results with existing geological data. Critical Assessment: Strengths include innovative use of eggshells and cross-validation with reference ages; limitations involve potential inaccuracies from microfractures and need for broader application to confirm generalizability."
  ],
  "perspectives": [
    {
      "perspective": "Interdisciplinary innovation",
      "description": "This study bridges paleontology and geochemistry, offering new insights into chronological methods and sedimentary analysis."
    }
  ],
  "image_url": "/article_images/article_d967f725f7db415d_69b1acb563a3.webp"
}