{
  "title": "Jacob Alon's Brits Critics' Choice Award: A Case Study in Emerging Artistic Identity and Industry Recognition",
  "summary": "Jacob Alon, a non-binary Scottish singer-songwriter, has been crowned the winner of the Brits Critics' Choice Award, a significant accolade in the UK music industry that identifies and promotes burgeoning talent. Selected by a panel of industry experts, Jacob surpassed contenders Sienna Spiro and Rose Gray, underscoring their distinctive position within the folk music genre. This award, formerly titled Brits Rising Star, has historically served as a launchpad for artists such as Adele and Sam Fender, thereby cementing its role in career advancement. Jacob's reaction—described as 'bonkers'—reflects a sense of imposter syndrome, as they admitted not considering themselves 'Brits material,' yet expressed profound gratitude for the critics' validation. Their artistic journey is marked by a transition from studying theoretical physics and medicine at Edinburgh University to embracing music after dropping out, a decision fueled by disillusionment with academia. Jacob's debut album, In Limerence, delves into narratives of failed romantic relationships, influenced by the storytelling traditions of folk music. After an unproductive stint in London, a return to Scotland catalyzed their creative breakthrough. In their acceptance, Jacob articulated a blend of cheekiness and pride, thanking supporters for recognizing work that originated far from mainstream expectations. This narrative not only highlights individual perseverance but also intersects with broader discourses on gender identity, artistic authenticity, and the evolving pathways to success in the contemporary music landscape.",
  "keywords": [
    {
      "term": "imposter syndrome",
      "explanation": "A psychological pattern where individuals doubt their accomplishments and fear being exposed as a fraud, as hinted by Jacob's surprise at winning."
    },
    {
      "term": "artistic authenticity",
      "explanation": "The genuineness and originality in an artist's work, relevant to Jacob's folk influences and personal storytelling in their album."
    },
    {
      "term": "career launchpad",
      "explanation": "An event or award that propels an artist's career forward, exemplified by the Brits Critics' Choice Award's history with past winners."
    },
    {
      "term": "gender identity",
      "explanation": "A person's internal sense of their own gender, such as Jacob's non-binary identity and use of they/them pronouns, adding depth to their public persona."
    },
    {
      "term": "creative breakthrough",
      "explanation": "A pivotal moment when an artist achieves significant progress or success, as Jacob experienced upon returning to Scotland from London."
    }
  ],
  "questions": [
    {
      "question": "What psychological concept might Jacob's reaction to winning the award illustrate?",
      "options": [
        "Imposter syndrome",
        "Cognitive dissonance",
        "Confirmation bias",
        "Social loafing"
      ],
      "correct_answer": "Imposter syndrome"
    },
    {
      "question": "How does the Brits Critics' Choice Award function within the music industry?",
      "options": [
        "As a career launchpad for emerging artists",
        "As a lifetime achievement award",
        "As a fan-voted popularity contest",
        "As a financial grant for established musicians"
      ],
      "correct_answer": "As a career launchpad for emerging artists"
    },
    {
      "question": "What academic fields did Jacob study before pursuing music?",
      "options": [
        "Theoretical physics and medicine",
        "Literature and philosophy",
        "Economics and politics",
        "Music theory and composition"
      ],
      "correct_answer": "Theoretical physics and medicine"
    },
    {
      "question": "Which theme is central to Jacob's debut album In Limerence?",
      "options": [
        "Failed romantic relationships",
        "Political activism",
        "Environmental conservation",
        "Historical events"
      ],
      "correct_answer": "Failed romantic relationships"
    },
    {
      "question": "What role did returning to Scotland play in Jacob's career?",
      "options": [
        "It catalyzed their creative breakthrough",
        "It led to their university dropout",
        "It caused them to lose the award",
        "It made them abandon music"
      ],
      "correct_answer": "It catalyzed their creative breakthrough"
    },
    {
      "question": "How does Jacob's non-binary identity intersect with their public recognition?",
      "options": [
        "It adds depth to their artistic persona and highlights diversity in awards",
        "It has no impact on their music career",
        "It limits their audience reach",
        "It conflicts with the award criteria"
      ],
      "correct_answer": "It adds depth to their artistic persona and highlights diversity in awards"
    },
    {
      "question": "What is the significance of the award's panel selection process?",
      "options": [
        "It involves industry experts judging talent based on potential",
        "It is based solely on public voting",
        "It focuses on commercial sales only",
        "It excludes new artists"
      ],
      "correct_answer": "It involves industry experts judging talent based on potential"
    },
    {
      "question": "How does Jacob's background in science influence their music career?",
      "options": [
        "It provides a unique perspective and transition story",
        "It hinders their creative expression",
        "It is irrelevant to their success",
        "It ensures financial stability"
      ],
      "correct_answer": "It provides a unique perspective and transition story"
    },
    {
      "question": "What broader trend in music does Jacob's win reflect?",
      "options": [
        "Increasing recognition of diverse identities and unconventional paths",
        "A decline in folk music popularity",
        "A shift towards digital-only releases",
        "The end of award shows"
      ],
      "correct_answer": "Increasing recognition of diverse identities and unconventional paths"
    },
    {
      "question": "How does the article source its information about Jacob's journey?",
      "options": [
        "Through announcements and interviews, such as on BBC Radio 1",
        "Through scientific studies and data analysis",
        "Through fictional narratives",
        "Through anonymous leaks"
      ],
      "correct_answer": "Through announcements and interviews, such as on BBC Radio 1"
    }
  ],
  "background_read": [
    "The Brits Critics' Choice Award is embedded within the BRIT Awards, a cornerstone of the UK music industry that not only honors achievements but also shapes cultural narratives around talent and success. Jacob Alon's victory intersects with contemporary discussions on gender fluidity and artistic authenticity, as non-binary representation gains visibility in mainstream media. Their transition from STEM fields to arts underscores the value of interdisciplinary backgrounds in fostering innovation. Analyzing this requires understanding music industry dynamics, including the role of critics in curating trends and the economic implications of such awards. Furthermore, Jacob's story exemplifies how personal struggles and geographic shifts can influence creative output, offering insights into the sociology of music careers and the evolving definitions of success in a digital age."
  ],
  "Article_Structure": [
    "Main Points: Jacob Alon's win highlights their non-binary identity, folk music roots, and journey from academia to artistry, emphasizing themes of surprise and validation. Purpose: To document a milestone in Jacob's career while engaging with broader issues of diversity and career pathways in music. Evidence Evaluation: Relies on credible sources like BBC Radio 1 interviews and industry announcements, but lacks peer-reviewed data, limiting depth. Author Credibility: BBC Entertainment provides reputable journalism, though potential bias towards positive storytelling may overlook critical angles. Methodology: Uses standard news-gathering techniques, including quotes and historical references, but does not employ original research or statistical analysis. Critical Assessment: Strengths include timely reporting and human-interest appeal; limitations involve superficial analysis of industry impacts and minimal exploration of counter-narratives or economic contexts."
  ],
  "perspectives": [
    {
      "perspective": "Sociocultural Analysis",
      "description": "Jacob's award reflects shifting norms in music, where non-binary identities and atypical career paths are increasingly celebrated, challenging traditional industry standards and promoting inclusivity."
    }
  ],
  "image_url": "/article_images/article_500c73c9ac450208_c0927c03677d.webp"
}