{
  "title": "Jacob Alon's Rise to Recognition with Brits Critics' Choice Award",
  "summary": "Jacob Alon, a Scottish singer-songwriter, has been awarded the Brits Critics' Choice Award, a prestigious honor for emerging talent in the UK music industry. Selected by a panel of experts, Jacob triumphed over competitors Sienna Spiro and Rose Gray, highlighting their potential in the folk music scene. Formerly known as Brits Rising Star, this award has previously launched careers of artists like Adele and Sam Fender. Jacob, who identifies as non-binary and uses they/them pronouns, expressed shock and gratitude, describing the win as 'bonkers' and feeling unworthy of such recognition. Their journey began in Edinburgh's folk scene after dropping out of university, where they studied theoretical physics and medicine, realizing academia wasn't their path. Jacob's debut album, In Limerence, explores themes of failed relationships, influenced by storytelling in folk music. After a challenging period in London, they returned to Scotland, where their career gained momentum. Jacob thanked supporters for making them feel 'cheeky and proud,' emphasizing the unexpected success of their music from humble beginnings in school talent shows.",
  "keywords": [
    {
      "term": "Brits Critics' Choice Award",
      "explanation": "An award given to up-and-coming musicians in the UK, chosen by industry critics to highlight promising talent."
    },
    {
      "term": "non-binary",
      "explanation": "A gender identity where a person does not identify exclusively as male or female; Jacob uses they/them pronouns."
    },
    {
      "term": "debut album",
      "explanation": "The first album released by a musician, such as Jacob's In Limerence, which often sets the tone for their career."
    },
    {
      "term": "folk scene",
      "explanation": "A community or genre of music focused on traditional storytelling and acoustic sounds, where Jacob built their reputation."
    },
    {
      "term": "industry experts",
      "explanation": "Professionals in the music business who judge and select award winners based on talent and potential."
    }
  ],
  "questions": [
    {
      "question": "What is the former name of the Brits Critics' Choice Award?",
      "options": [
        "Brits Rising Star",
        "Brits New Talent",
        "Brits Breakthrough",
        "Brits Future Star"
      ],
      "correct_answer": "Brits Rising Star"
    },
    {
      "question": "Which artists are mentioned as previous winners of this award?",
      "options": [
        "Adele and Sam Fender",
        "Taylor Swift and Ed Sheeran",
        "Beyoncé and Drake",
        "Coldplay and Radiohead"
      ],
      "correct_answer": "Adele and Sam Fender"
    },
    {
      "question": "What genre of music is Jacob Alon associated with?",
      "options": [
        "Folk",
        "Pop",
        "Hip-hop",
        "Electronic"
      ],
      "correct_answer": "Folk"
    },
    {
      "question": "Why did Jacob drop out of university?",
      "options": [
        "They realized academia wasn't for them",
        "They failed their exams",
        "They moved to London immediately",
        "They won the award early"
      ],
      "correct_answer": "They realized academia wasn't for them"
    },
    {
      "question": "What theme does Jacob's debut album In Limerence explore?",
      "options": [
        "Failed romantic relationships",
        "Political issues",
        "Nature and environment",
        "Childhood memories"
      ],
      "correct_answer": "Failed romantic relationships"
    },
    {
      "question": "How did Jacob describe their feelings about winning the award?",
      "options": [
        "'Bonkers' and surprised",
        "'Expected' and calm",
        "'Disappointed' and sad",
        "'Angry' and frustrated"
      ],
      "correct_answer": "'Bonkers' and surprised"
    },
    {
      "question": "Where did Jacob find success after moving back from London?",
      "options": [
        "Scotland",
        "London",
        "Fife",
        "Edinburgh"
      ],
      "correct_answer": "Scotland"
    },
    {
      "question": "What did Jacob study at Edinburgh University?",
      "options": [
        "Theoretical physics and medicine",
        "Music and arts",
        "Business and economics",
        "History and literature"
      ],
      "correct_answer": "Theoretical physics and medicine"
    }
  ],
  "background_read": [
    "The Brits Critics' Choice Award is part of the BRIT Awards, a major event in the UK music industry that celebrates achievements and promotes new artists. Established to spotlight rising stars, it involves a selection panel of music critics and industry professionals. Jacob Alon's win reflects broader trends in music, such as increasing recognition of non-binary artists and the value of diverse backgrounds, like transitioning from science to arts. Understanding this context helps appreciate the award's impact on careers and the music landscape, showing how talent can emerge from unconventional paths."
  ],
  "Article_Structure": [
    "Main Points: Jacob Alon wins the Brits Critics' Choice Award, highlighting their journey from university dropout to folk musician, with themes of surprise and gratitude. Purpose: To report on Jacob's achievement and inspire readers by showcasing an underdog story in the music industry. Evidence Evaluation: The article cites direct quotes from Jacob and references to past winners, providing credible but limited sources like BBC Radio 1. Author Credibility: As a BBC Entertainment piece, it likely has reliable journalism standards, though it may lack in-depth analysis. Methodology: Information is gathered from announcements and interviews, typical for news reporting, but lacks primary research data."
  ],
  "perspectives": [
    {
      "perspective": "Industry Impact",
      "description": "The award boosts Jacob's career and highlights the role of critics in shaping music trends, emphasizing the importance of recognition for emerging artists."
    }
  ],
  "image_url": "/article_images/article_500c73c9ac450208_c0927c03677d.webp"
}