{
  "title": "Systemic Delays in Diagnosing Spinal Muscular Atrophy: A Call for Newborn Screening Reform",
  "summary": "This article examines the critical issue of delayed diagnosis for infants with Spinal Muscular Atrophy (SMA), a rare, progressive neuromuscular disorder characterized by muscle wasting and high mortality if untreated. It presents case studies, such as Dani-Rae Brown, diagnosed at twelve months after symptoms emerged at five months, and Lucian Neale, diagnosed at six weeks despite prenatal indicators, illustrating systemic failures in the UK's healthcare screening protocols. Parents report that late diagnoses have resulted in severe physical impairments, including wheelchair dependence and increased vulnerability to illnesses. The NHS currently limits SMA screening to neonates with affected siblings, as part of a blood spot test for nine conditions, based on recommendations from the UK National Screening Committee. SMA UK, a charitable organization, campaigns for universal newborn screening to facilitate early intervention with emerging therapies like nusinersen, which can halt disease progression. The Welsh government, while adhering to committee advice, acknowledges the need for ongoing evaluation. The article underscores the ethical and clinical imperative for timely detection, highlighting disparities between medical advancements and existing public health policies, and calls for evidence-based reforms to enhance neonatal care outcomes.",
  "keywords": [
    {
      "term": "Spinal Muscular Atrophy",
      "explanation": "a genetic disorder resulting in degeneration of motor neurons, leading to progressive muscle weakness and potential fatality"
    },
    {
      "term": "newborn screening protocols",
      "explanation": "systematic testing procedures applied to infants shortly after birth to identify treatable conditions early"
    },
    {
      "term": "systemic failure",
      "explanation": "a breakdown in institutional processes, such as healthcare delays in diagnosis"
    },
    {
      "term": "evidence-based policy",
      "explanation": "decision-making grounded in scientific research and data, rather than anecdote or tradition"
    },
    {
      "term": "neuromuscular disorder",
      "explanation": "a disease affecting nerves and muscles, like SMA, causing movement impairments"
    },
    {
      "term": "therapeutic intervention",
      "explanation": "medical treatments, such as gene therapies for SMA, aimed at altering disease course"
    },
    {
      "term": "public health ethics",
      "explanation": "moral considerations in health policy, including equity in access to screening and care"
    },
    {
      "term": "clinical outcomes",
      "explanation": "the results of medical treatments, e.g., improved mobility or survival rates in SMA patients"
    },
    {
      "term": "healthcare disparities",
      "explanation": "inequalities in medical service provision, as seen in limited SMA screening"
    },
    {
      "term": "policy advocacy",
      "explanation": "organized efforts to influence governmental decisions, exemplified by SMA UK's campaigns"
    }
  ],
  "questions": [
    {
      "question": "What characterizes Spinal Muscular Atrophy?",
      "options": [
        "Progressive muscle wasting due to motor neuron loss",
        "Sudden onset of respiratory issues",
        "Cognitive development delays",
        "Skin rashes and allergies"
      ],
      "correct_answer": "Progressive muscle wasting due to motor neuron loss"
    },
    {
      "question": "At what age was Dani-Rae Brown diagnosed with SMA?",
      "options": [
        "12 months",
        "5 months",
        "6 weeks",
        "2 years"
      ],
      "correct_answer": "12 months"
    },
    {
      "question": "What is the current NHS policy on SMA screening for newborns?",
      "options": [
        "Only if a sibling has SMA",
        "Routine for all infants",
        "Based on parental request",
        "Not available in the UK"
      ],
      "correct_answer": "Only if a sibling has SMA"
    },
    {
      "question": "Which organization advocates for universal SMA screening?",
      "options": [
        "SMA UK",
        "UK National Screening Committee",
        "Welsh government",
        "BBC News"
      ],
      "correct_answer": "SMA UK"
    },
    {
      "question": "What potential treatment is mentioned for early SMA intervention?",
      "options": [
        "Gene therapy like nusinersen",
        "Antibiotics",
        "Surgery",
        "Physical therapy alone"
      ],
      "correct_answer": "Gene therapy like nusinersen"
    },
    {
      "question": "How does the Welsh government respond to screening recommendations?",
      "options": [
        "Follows committee advice and considers updates",
        "Implements immediate screening changes",
        "Rejects all external advice",
        "Delegates to parents"
      ],
      "correct_answer": "Follows committee advice and considers updates"
    },
    {
      "question": "What ethical issue is highlighted in the article?",
      "options": [
        "Disparities in access to early diagnosis and treatment",
        "Cost of healthcare in the UK",
        "Privacy concerns in screening",
        "Environmental impacts of diseases"
      ],
      "correct_answer": "Disparities in access to early diagnosis and treatment"
    },
    {
      "question": "What methodology does the article use to present its case?",
      "options": [
        "Case studies and official statements",
        "Statistical analysis only",
        "Laboratory experiments",
        "Historical comparisons"
      ],
      "correct_answer": "Case studies and official statements"
    },
    {
      "question": "What is a key limitation of the evidence presented?",
      "options": [
        "Reliance on anecdotal accounts without broad data",
        "Lack of parent interviews",
        "Exclusion of medical experts",
        "Focus on non-UK countries"
      ],
      "correct_answer": "Reliance on anecdotal accounts without broad data"
    },
    {
      "question": "What broader context does the article address?",
      "options": [
        "Tension between medical advances and health policy",
        "Economic trends in healthcare",
        "Cultural attitudes toward disability",
        "Technological innovations in screening"
      ],
      "correct_answer": "Tension between medical advances and health policy"
    }
  ],
  "background_read": [
    "Spinal Muscular Atrophy (SMA) is an autosomal recessive disorder caused by mutations in the SMN1 gene, leading to deficient survival motor neuron protein and subsequent alpha motor neuron degeneration. It is classified into types based on onset and severity, with Type I being most severe and often fatal in early childhood without treatment. Newborn screening involves detecting SMN1 deletions via blood tests, enabling pre-symptomatic diagnosis. In the UK, the National Screening Committee evaluates conditions for inclusion based on criteria like treatability and cost-effectiveness. Recent advancements, such as nusinersen and onasemnogene abeparvovec, have transformed SMA management, making early detection crucial. This article situates the issue within broader debates on healthcare prioritization, ethical obligations to rare disease patients, and the slow adaptation of policies to scientific progress, urging a reevaluation of screening frameworks to align with contemporary therapeutic capabilities."
  ],
  "Article_Structure": [
    "This in-depth analysis covers the delayed diagnosis of Spinal Muscular Atrophy (SMA) in the UK. Main Points include personal narratives highlighting healthcare delays and advocacy for screening reform. Purpose is to critique existing policies and advocate for evidence-based changes to improve neonatal outcomes. Evidence Evaluation notes reliance on qualitative case studies and official statements, which are compelling but lack quantitative data on incidence or treatment efficacy. Author Credibility is supported by BBC News' reputation, though the article does not specify author expertise, potentially introducing bias towards patient perspectives. Methodology involves interviews with affected families and references to institutional responses, offering a multifaceted view but limited in scope to the UK. Critical Assessment identifies strengths in humanizing the issue and weaknesses in insufficient statistical backing, calling for more comprehensive research to inform policy decisions."
  ],
  "perspectives": [
    {
      "perspective": "Patient-centered critique",
      "description": "Emphasizes the human cost of diagnostic delays, arguing for urgent policy shifts to prioritize early intervention and equity in healthcare access."
    },
    {
      "perspective": "Institutional caution",
      "description": "Highlights the need for rigorous evidence and cost-benefit analyses before implementing widespread screening, reflecting bureaucratic and scientific prudence."
    }
  ],
  "image_url": "/article_images/article_bf1694d7b837aa02_d6505f238b22.webp"
}