{
  "title": "Analysis of UK TV Licence Fee Increase and Evolving Funding Paradigms",
  "summary": "The UK government has declared an increase in the TV licence fee by £5.50 to £180 effective 1 April, as part of a predetermined inflationary adjustment mechanism extending to 2027. This fee, essential for financing the BBC's comprehensive broadcasting services, mandates compliance from households engaging with live television broadcasts or BBC iPlayer. The escalation follows incremental rises in previous years and coincides with a governmental green paper consultation soliciting public discourse on the BBC's future funding architecture prior to its charter expiration in 2027. Potential paradigms under scrutiny include supplanting the extant flat-rate model with differential pricing structures contingent on service utilization, incorporating advertising revenues, or instituting subscription-based frameworks. The BBC articulates a imperative for a sustainable fiscal model amidst prevailing cost-of-living exigencies, advocating for reforms that enhance equity and modernity. Concurrently, the Department for Culture, Media and Sport reaffirms commitments to affordability through installment schemes and targeted concessions for demographics such as pension credit recipients over 75, thereby navigating the interplay between public service obligations and economic realities.",
  "keywords": [
    {
      "term": "inflationary adjustment mechanism",
      "explanation": "a systematic process where fees or prices are increased annually based on inflation rates to preserve economic value"
    },
    {
      "term": "green paper consultation",
      "explanation": "a preliminary government document issued to stimulate discussion and gather feedback on policy proposals before formal decisions"
    },
    {
      "term": "funding architecture",
      "explanation": "the structural design and methods through which an organization secures financial resources, encompassing various models and strategies"
    },
    {
      "term": "differential pricing structures",
      "explanation": "a pricing system where costs vary based on factors like usage levels or service types, rather than a uniform fee"
    },
    {
      "term": "subscription-based frameworks",
      "explanation": "funding models where users pay recurring fees for access to services, common in digital media platforms"
    },
    {
      "term": "cost-of-living exigencies",
      "explanation": "urgent financial challenges arising from increased living expenses, impacting household budgets and economic policies"
    },
    {
      "term": "public service obligations",
      "explanation": "duties of organizations like the BBC to provide accessible, high-quality content for the general welfare, often mandated by law"
    },
    {
      "term": "economic realities",
      "explanation": "the practical financial conditions and constraints that influence policy decisions and organizational sustainability"
    },
    {
      "term": "targeted concessions",
      "explanation": "specific discounts or exemptions provided to particular groups to address equity and affordability concerns"
    },
    {
      "term": "fiscal model",
      "explanation": "a comprehensive financial plan detailing revenue sources, expenditures, and sustainability for an entity"
    }
  ],
  "questions": [
    {
      "question": "What is the effective date for the TV licence fee increase to £180?",
      "options": [
        "1 April",
        "1 January",
        "1 July",
        "1 October"
      ],
      "correct_answer": "1 April"
    },
    {
      "question": "How long is the inflationary adjustment for the TV licence fee agreed to continue?",
      "options": [
        "Until 2027",
        "Until 2025",
        "Indefinitely",
        "Until 2030"
      ],
      "correct_answer": "Until 2027"
    },
    {
      "question": "What governmental document initiates the consultation on BBC funding?",
      "options": [
        "Green paper",
        "White paper",
        "Annual report",
        "Budget statement"
      ],
      "correct_answer": "Green paper"
    },
    {
      "question": "Which alternative funding model involves users paying based on their usage of BBC services?",
      "options": [
        "Differential pricing structures",
        "Flat fee model",
        "Government grant",
        "Charity donations"
      ],
      "correct_answer": "Differential pricing structures"
    },
    {
      "question": "What term describes the BBC's duty to provide content for public welfare?",
      "options": [
        "Public service obligations",
        "Commercial interests",
        "Private enterprise",
        "Voluntary contributions"
      ],
      "correct_answer": "Public service obligations"
    },
    {
      "question": "How does the BBC characterize the need for funding reform?",
      "options": [
        "As essential for sustainability and modernity",
        "As unnecessary due to current profits",
        "As a temporary measure",
        "As solely government responsibility"
      ],
      "correct_answer": "As essential for sustainability and modernity"
    },
    {
      "question": "What demographic is specifically mentioned for free TV licences?",
      "options": [
        "Over-75s on pension credit",
        "All university students",
        "Government employees",
        "Children under 12"
      ],
      "correct_answer": "Over-75s on pension credit"
    },
    {
      "question": "Which department is directly involved in the TV licence fee policy according to the article?",
      "options": [
        "Department for Culture, Media and Sport",
        "Treasury",
        "Home Office",
        "Department for Business"
      ],
      "correct_answer": "Department for Culture, Media and Sport"
    },
    {
      "question": "What is a key criticism or limitation of the current funding model highlighted in the article?",
      "options": [
        "It may not be fair or sustainable long-term",
        "It is too cheap for households",
        "It funds too many services",
        "It is based on monthly inflation"
      ],
      "correct_answer": "It may not be fair or sustainable long-term"
    },
    {
      "question": "What methodology does the article primarily use to present information?",
      "options": [
        "Reporting official statements and documents",
        "Conducting original surveys",
        "Using hypothetical scenarios",
        "Relying on anonymous sources"
      ],
      "correct_answer": "Reporting official statements and documents"
    }
  ],
  "background_read": [
    "The TV licence fee in the UK, instituted under the Wireless Telegraphy Act, serves as a cornerstone for funding the BBC, a public service broadcaster established by royal charter. This fee model, unique in its ad-free mandate, has evolved since 1946 to encompass digital services like iPlayer, reflecting technological advancements. The current debate arises from systemic pressures: inflation erodes the fee's value, shifting media consumption patterns challenge traditional broadcasting, and economic strains amplify public scrutiny over affordability. The green paper consultation represents a strategic pivot, engaging stakeholders in reimagining funding mechanisms—such as advertising, subscriptions, or means-tested fees—to align with 21st-century media economics. This context underscores broader themes of public service media sustainability, regulatory frameworks, and the tension between universal access and fiscal pragmatism in an era of fragmented audiences and digital disruption."
  ],
  "Article_Structure": [
    "This in-depth analysis examines the UK TV licence fee increase to £180 and the concomitant exploration of future funding models. Main points detail the inflationary adjustment until 2027, the fee's role in BBC financing, and the green paper consultation proposing alternatives like differential pricing or subscriptions. The purpose is to critically assess funding sustainability amid economic and media shifts. Evidence evaluation notes reliance on official government and BBC statements, providing credibility but limited independent analysis. Author credibility is upheld through BBC News' reputation, though potential bias towards institutional perspectives exists. Methodology involves synthesizing public documents and stakeholder quotes, offering a comprehensive yet policy-focused narrative. Critical assessment highlights strengths in clear reporting of official positions but limitations in addressing deeper economic critiques or public dissent, suggesting a need for broader contextualization."
  ],
  "perspectives": [
    {
      "perspective": "Policy-oriented view",
      "description": "Focuses on governmental strategies to balance BBC funding with public affordability, emphasizing consultation and incremental reforms."
    },
    {
      "perspective": "Institutional view",
      "description": "Centers on the BBC's advocacy for a reformed, sustainable model to maintain service quality and adapt to digital trends."
    },
    {
      "perspective": "Socio-economic view",
      "description": "Considers the impact of fee increases on household budgets and equity, questioning the fairness of flat fees in a diverse economy."
    }
  ],
  "image_url": "/article_images/article_16bf3d951b211066_04bd0451ffb7.webp"
}