{
  "title": "Federal Investigation Leads to Paid Leave for LAUSD Superintendent",
  "summary": "Alberto Carvalho, superintendent of the Los Angeles Unified School District, was placed on paid leave following FBI execution of search warrants at his residence and district headquarters, as part of an undisclosed federal investigation. The LAUSD Board of Education unanimously voted for this administrative action after confidential deliberations, emphasizing the need to await investigative outcomes without prejudging Carvalho, who has not been accused of wrongdoing. This development occurs within the context of a district serving over 500,000 students, with Andres Chait assuming interim leadership to ensure operational continuity. Carvalho, appointed in 2022 after tenure in Miami, has not publicly commented, while the investigation may intersect with the district's prior engagement with AllHere, an education technology firm. In 2024, LAUSD contracted AllHere for $3 million to develop 'Ed,' an AI chatbot, but terminated the agreement shortly after its launch amid the company's bankruptcy and subsequent indictment of founder Joanna Smith-Griffin for securities fraud, wire fraud, and identity theft. Carvalho has denied personal involvement in vendor selection and pledged a task force to assess the project's failures, though no progress reports have emerged. The district asserts cooperation with authorities but lacks further information, highlighting complexities in public procurement and oversight within large educational systems.",
  "keywords": [
    {
      "term": "superintendent",
      "explanation": "the executive officer overseeing district-wide educational policies, budgets, and administration"
    },
    {
      "term": "paid administrative leave",
      "explanation": "a temporary suspension with salary during investigations to preserve neutrality and due process"
    },
    {
      "term": "federal investigation",
      "explanation": "a probe by U.S. government agencies like the FBI into potential violations of federal law"
    },
    {
      "term": "search warrants",
      "explanation": "legal authorizations for law enforcement to search properties for evidence of crimes"
    },
    {
      "term": "edtech contract",
      "explanation": "an agreement between educational institutions and technology companies for digital solutions"
    },
    {
      "term": "securities fraud",
      "explanation": "deceptive practices in financial markets, such as misrepresenting information to investors"
    },
    {
      "term": "procurement oversight",
      "explanation": "the process of monitoring and evaluating purchases to ensure legality and efficiency"
    },
    {
      "term": "interim leadership",
      "explanation": "temporary management during transitions to maintain organizational stability"
    }
  ],
  "questions": [
    {
      "question": "What triggered the placement of Alberto Carvalho on paid leave?",
      "options": [
        "FBI search warrants at his home and district HQ",
        "A vote by the school board without cause",
        "His resignation from the position",
        "Public protests against his leadership"
      ],
      "correct_answer": "FBI search warrants at his home and district HQ"
    },
    {
      "question": "How did the LAUSD Board of Education reach its decision on Carvalho's leave?",
      "options": [
        "Unanimous vote after closed-door deliberations",
        "Split vote with public debate",
        "Decision by the FBI alone",
        "Carvalho's own request"
      ],
      "correct_answer": "Unanimous vote after closed-door deliberations"
    },
    {
      "question": "What is the potential link between the investigation and AllHere?",
      "options": [
        "AllHere's contract for an AI chatbot and subsequent fraud charges",
        "AllHere's partnership with Miami schools",
        "Carvalho's personal investment in AllHere",
        "The FBI's prior investigation into edtech companies"
      ],
      "correct_answer": "AllHere's contract for an AI chatbot and subsequent fraud charges"
    },
    {
      "question": "What charges was Joanna Smith-Griffin indicted for?",
      "options": [
        "Securities fraud, wire fraud, and identity theft",
        "Embezzlement and tax evasion",
        "Bribery and corruption",
        "Cybercrime and hacking"
      ],
      "correct_answer": "Securities fraud, wire fraud, and identity theft"
    },
    {
      "question": "How much did LAUSD pay AllHere before terminating the contract?",
      "options": [
        "$3 million",
        "$1.5 million",
        "$5 million",
        "$10 million"
      ],
      "correct_answer": "$3 million"
    },
    {
      "question": "What did Carvalho promise in response to the AllHere scandal?",
      "options": [
        "Appoint a task force to examine the project",
        "Immediately resign as superintendent",
        "Sue AllHere for damages",
        "Launch a new AI initiative"
      ],
      "correct_answer": "Appoint a task force to examine the project"
    },
    {
      "question": "What is Andres Chait's role during Carvalho's leave?",
      "options": [
        "Interim leader as chief of school operations",
        "Permanent replacement as superintendent",
        "Consultant for the investigation",
        "Spokesperson for the FBI"
      ],
      "correct_answer": "Interim leader as chief of school operations"
    },
    {
      "question": "What has the district stated regarding its cooperation with the investigation?",
      "options": [
        "It is cooperating but has no further information",
        "It is refusing to cooperate until details are released",
        "It has completed its internal review",
        "It is suing the FBI for intrusion"
      ],
      "correct_answer": "It is cooperating but has no further information"
    },
    {
      "question": "What aspect of the investigation remains undisclosed by authorities?",
      "options": [
        "The specific nature or focus of the probe",
        "The locations searched by the FBI",
        "The names of involved individuals",
        "The timeline for completion"
      ],
      "correct_answer": "The specific nature or focus of the probe"
    },
    {
      "question": "How does the article source its information on Carvalho's denial of involvement?",
      "options": [
        "Los Angeles Times reporting",
        "FBI press releases",
        "School board minutes",
        "AllHere company statements"
      ],
      "correct_answer": "Los Angeles Times reporting"
    }
  ],
  "background_read": [
    "The Los Angeles Unified School District represents a critical case study in urban education governance, with superintendents facing scrutiny over procurement, technology integration, and federal compliance. Federal investigations into school districts often involve complex white-collar crimes, requiring understanding of legal frameworks like the False Claims Act or wire fraud statutes. The rise of edtech partnerships highlights innovation risks, where rapid adoption can outpace due diligence, as seen with AllHere's collapse. Administrative leaves in public sectors serve as risk management tools, balancing individual rights with institutional integrity. This context underscores the interplay between education policy, corporate accountability, and law enforcement in safeguarding public resources."
  ],
  "Article_Structure": [
    "Main Points: Details Carvalho's paid leave post-FBI searches, linked to a federal probe possibly involving AllHere's failed $3 million chatbot contract and fraud charges. Purpose: To analyze leadership and investigative dynamics in a major educational institution, exploring implications for public trust and procurement ethics. Evidence Evaluation: Sources include AP reports, official statements, and secondary news outlets, offering credible but incomplete data due to the ongoing investigation's confidentiality. Author Credibility: AP journalists provide factual reporting, though the article lacks deep investigative depth, reflecting standard news coverage limitations. Methodology: Relies on journalistic synthesis of public records, previous articles, and announcements, without original research or access to sealed documents. Critical Assessment: Strengths lie in timely updates and multi-source corroboration; limitations include speculative links and absence of direct evidence or expert analysis on systemic issues."
  ],
  "perspectives": [
    {
      "perspective": "Legal and investigative",
      "description": "Focuses on procedural aspects of federal probes, evidence collection via search warrants, and potential criminal liabilities in edtech contracts."
    },
    {
      "perspective": "Educational administration",
      "description": "Emphasizes crisis management, interim leadership strategies, and the balance between transparency and operational continuity during investigations."
    },
    {
      "perspective": "Public accountability",
      "description": "Critiques oversight failures in vendor selection and the need for robust procurement reforms to prevent similar scandals."
    }
  ],
  "image_url": "/article_images/article_b9299184f18f750e_7102ac83441d.webp"
}