{
  "title": "Legal and Social Implications of a School Assault: A Case Study from Wales",
  "summary": "A 15-year-old male student at Milford Haven Comprehensive School in Pembrokeshire, south-west Wales, has been formally charged with inflicting grievous bodily harm (GBH) and possession of a bladed article on education premises following an alleged assault on a teacher. The incident, which occurred on a Thursday afternoon, involved the pupil brandishing a weapon, resulting in the teacher sustaining stab wounds. Dyfed-Powys Police responded promptly, and the teacher was hospitalized but later discharged, with ongoing support for recovery. The teenager has been remanded in custody and is slated to appear at Swansea Magistrates' Court, underscoring the legal ramifications of such violent acts. In the aftermath, the school implemented a closure on Friday, cancelling all events while maintaining availability for additional support, and police increased their presence to reassure the community. Statements from Wales First Minister Eluned Morgan and NASUWT teachers' union general secretary Matt Wrack condemned the violence, reinforcing that educational institutions must prioritize safety and learning. This case illuminates broader issues of youth violence, school security protocols, and the psychosocial impact on affected individuals, prompting discussions on preventive measures and systemic responses within the educational and judicial frameworks.",
  "keywords": [
    {
      "term": "grievous bodily harm (GBH)",
      "explanation": "a criminal offense involving serious physical injury, often prosecuted under UK law with severe penalties"
    },
    {
      "term": "remanded in custody",
      "explanation": "a legal status where an accused person is held in detention pending trial, typically due to the seriousness of the charges or flight risk"
    },
    {
      "term": "psychosocial impact",
      "explanation": "the combined psychological and social effects of an event on individuals and communities, such as trauma or changed behaviors"
    },
    {
      "term": "systemic responses",
      "explanation": "organized actions by institutions like schools or governments to address issues, often involving policies and protocols"
    },
    {
      "term": "judicial frameworks",
      "explanation": "the legal systems and processes that govern how crimes are handled, including courts and sentencing"
    }
  ],
  "questions": [
    {
      "question": "What specific legal charges does the 15-year-old face under UK law?",
      "options": [
        "GBH and possession of a bladed article",
        "Assault and battery",
        "Trespassing and vandalism",
        "Drug trafficking and assault"
      ],
      "correct_answer": "GBH and possession of a bladed article"
    },
    {
      "question": "How did the police describe the teacher's injuries initially versus later?",
      "options": [
        "Non-stab injuries initially, then stab wounds confirmed",
        "Minor injuries initially, then critical condition",
        "No injuries initially, then hospitalization",
        "Stab wounds initially, then downgraded"
      ],
      "correct_answer": "Non-stab injuries initially, then stab wounds confirmed"
    },
    {
      "question": "What is the significance of the school remaining available for support despite closure?",
      "options": [
        "It shows a focus on academic continuity",
        "It highlights efforts to address emotional and practical needs post-incident",
        "It indicates financial constraints",
        "It reflects union demands"
      ],
      "correct_answer": "It highlights efforts to address emotional and practical needs post-incident"
    },
    {
      "question": "How does First Minister Eluned Morgan's statement contribute to the narrative?",
      "options": [
        "It downplays the incident",
        "It emphasizes political neutrality",
        "It reinforces the principle that violence is unacceptable in schools",
        "It calls for increased policing in all schools"
      ],
      "correct_answer": "It reinforces the principle that violence is unacceptable in schools"
    },
    {
      "question": "What role does the NASUWT teachers' union play in this context?",
      "options": [
        "It advocates for student rights exclusively",
        "It provides support and underscores the need for safe educational environments",
        "It criticizes government policies on education",
        "It focuses on curriculum development"
      ],
      "correct_answer": "It provides support and underscores the need for safe educational environments"
    },
    {
      "question": "What broader issue does this case highlight regarding youth and violence?",
      "options": [
        "The decline of academic standards",
        "The need for stricter school uniforms",
        "Challenges in preventing and addressing youth violence in schools",
        "The effectiveness of homeschooling"
      ],
      "correct_answer": "Challenges in preventing and addressing youth violence in schools"
    },
    {
      "question": "How might the increased police presence affect the community psychologically?",
      "options": [
        "It could cause unnecessary fear",
        "It aims to provide reassurance and deter further incidents",
        "It indicates a failure of school security",
        "It is a temporary measure with no long-term impact"
      ],
      "correct_answer": "It aims to provide reassurance and deter further incidents"
    },
    {
      "question": "What legal proceeding is next for the accused teenager?",
      "options": [
        "A trial by jury",
        "An appearance at Swansea Magistrates' Court",
        "A mediation session with the teacher",
        "Release on bail without conditions"
      ],
      "correct_answer": "An appearance at Swansea Magistrates' Court"
    },
    {
      "question": "How does the article address the methodology of information gathering?",
      "options": [
        "It relies solely on social media reports",
        "It uses official police statements and quotes from authorities",
        "It includes extensive interviews with the accused",
        "It bases claims on anonymous tips"
      ],
      "correct_answer": "It uses official police statements and quotes from authorities"
    },
    {
      "question": "What critical assessment can be made of the article's coverage?",
      "options": [
        "It provides a balanced view but lacks in-depth analysis of root causes",
        "It is overly sensationalized and biased",
        "It ignores the victim's perspective completely",
        "It focuses only on legal aspects without social context"
      ],
      "correct_answer": "It provides a balanced view but lacks in-depth analysis of root causes"
    }
  ],
  "background_read": [
    "This article presents a case study of a violent assault in a Welsh school, offering insights into legal, social, and educational dimensions. For high school students, it serves as a basis for exploring topics such as youth crime, school safety policies, and community responses to crises. The background includes understanding UK legal terms like GBH, the role of teachers' unions in advocating for safe workplaces, and the psychosocial impacts of violence on school communities. Analyzing this helps develop critical thinking about media reporting, systemic issues in education, and preventive strategies against youth violence."
  ],
  "Article_Structure": [
    "Main Points: Details a 15-year-old charged with GBH and weapon possession after assaulting a teacher, with police response, school closure, and statements from officials condemning violence. Purpose: To report on a specific incident while prompting discussion on school safety, legal accountability, and community resilience in the face of youth violence. Evidence Evaluation: Sources include police confirmations and official quotes, providing credible but limited evidence; lacks diverse perspectives or investigative depth, relying on standard news reporting. Author Credibility: BBC News ensures factual accuracy and neutrality, though the article may reflect institutional biases towards official narratives without critical interrogation. Methodology: Employs traditional journalistic methods—gathering statements from police, government, and unions—but does not incorporate independent research or data analysis. Critical Assessment: Strengths include clear reporting and highlighting key issues; limitations involve superficial analysis of underlying causes and minimal exploration of long-term implications or alternative viewpoints."
  ],
  "perspectives": [
    {
      "perspective": "Youth Violence and Educational Policy",
      "description": "This perspective analyzes how incidents like this influence policy debates on preventing violence in schools, balancing security measures with supportive interventions for at-risk youth."
    }
  ],
  "image_url": "/article_images/article_be9f3c93298ebbd8_567227d9489b.webp"
}