{
  "title": "Impending End-of-Life Care Crisis in NHS Hospitals: A Threat to Treatment Accessibility",
  "summary": "A consultant in palliative care at University Hospitals Sussex NHS Trust has issued a stark warning to regional NHS leaders about an escalating crisis in end-of-life care that threatens to compromise treatment levels this winter. During an internal online meeting, she highlighted that a surge in end-of-life patients occupying hospital beds is creating bottlenecks, potentially depriving individuals with treatable conditions of necessary medical intervention. This situation is intensified by seasonal winter pressures, which strain bed availability, leading to instances where end-of-life care is administered in A&E corridors due to insufficient space. The consultant detailed ethical dilemmas, such as choosing between admitting patients for suboptimal corridor care or discharging them, risking death during transit. Local hospices are overwhelmed, and community support systems are inadequate, forcing hospitals to prioritize only patients with complex needs. NHS Sussex has acknowledged the issue, pledging to enhance palliative care through diversified settings like hospices and community-based options to alleviate hospital burdens. This crisis is anticipated to reverberate across other NHS regions, underscoring systemic vulnerabilities in healthcare infrastructure during peak demand periods.",
  "keywords": [
    {
      "term": "palliative care consultant",
      "explanation": "a medical specialist focused on providing relief and support for patients with serious, life-limiting illnesses"
    },
    {
      "term": "treatment accessibility",
      "explanation": "the ease with which patients can obtain necessary medical care, influenced by resource availability and systemic factors"
    },
    {
      "term": "ethical dilemmas",
      "explanation": "moral conflicts arising in healthcare, such as decisions between inadequate care options in resource-limited settings"
    },
    {
      "term": "systemic vulnerabilities",
      "explanation": "inherent weaknesses in healthcare systems that exacerbate challenges during periods of high demand or crisis"
    },
    {
      "term": "seasonal demand fluctuations",
      "explanation": "variations in healthcare needs due to seasonal factors like winter illnesses, impacting resource allocation"
    }
  ],
  "questions": [
    {
      "question": "What specific role does the consultant hold in the NHS Trust?",
      "options": [
        "Palliative care consultant",
        "Emergency room doctor",
        "Hospital administrator",
        "Community health representative"
      ],
      "correct_answer": "Palliative care consultant"
    },
    {
      "question": "How does the crisis potentially affect patients with treatable conditions?",
      "options": [
        "They may be denied hospital admission due to bed shortages",
        "They receive priority over end-of-life patients",
        "Their treatment costs increase",
        "They are transferred to other countries"
      ],
      "correct_answer": "They may be denied hospital admission due to bed shortages"
    },
    {
      "question": "What ethical dilemma is associated with A&E corridor care?",
      "options": [
        "Choosing between admission for suboptimal care or discharge with risk of death",
        "Deciding on medication dosages",
        "Allocating funding between departments",
        "Selecting patients for experimental treatments"
      ],
      "correct_answer": "Choosing between admission for suboptimal care or discharge with risk of death"
    },
    {
      "question": "What factor exacerbates the bed shortage according to the article?",
      "options": [
        "Winter pressures increasing patient numbers",
        "Decreased government funding",
        "Staff strikes",
        "Technological failures"
      ],
      "correct_answer": "Winter pressures increasing patient numbers"
    },
    {
      "question": "How are local hospices described in relation to the crisis?",
      "options": [
        "Overwhelmed and struggling with capacity",
        "Expanding to meet demand",
        "Fully integrated with hospital systems",
        "Primarily focused on preventive care"
      ],
      "correct_answer": "Overwhelmed and struggling with capacity"
    },
    {
      "question": "What is NHS Sussex's proposed solution to the crisis?",
      "options": [
        "Diversifying care settings to include hospices and community options",
        "Building new hospital wings",
        "Reducing end-of-life care services",
        "Importing medical staff from abroad"
      ],
      "correct_answer": "Diversifying care settings to include hospices and community options"
    },
    {
      "question": "What broader implication does the article suggest for the NHS?",
      "options": [
        "Similar crises may occur in other regions due to systemic issues",
        "The crisis is isolated to Sussex only",
        "Funding will be increased immediately",
        "Patient satisfaction will improve"
      ],
      "correct_answer": "Similar crises may occur in other regions due to systemic issues"
    },
    {
      "question": "What methodology does the article use to gather information?",
      "options": [
        "Analysis of a recorded internal meeting and official statements",
        "Statistical surveys of patient outcomes",
        "Interviews with international experts",
        "Experimental clinical trials"
      ],
      "correct_answer": "Analysis of a recorded internal meeting and official statements"
    },
    {
      "question": "How does the consultant characterize the crisis's progression?",
      "options": [
        "Escalating and worsening over time",
        "Stabilizing with interventions",
        "Limited to administrative issues",
        "Primarily financial in nature"
      ],
      "correct_answer": "Escalating and worsening over time"
    },
    {
      "question": "What critical assessment can be made of the evidence presented?",
      "options": [
        "It provides qualitative insights but lacks comprehensive data from multiple regions",
        "It is based on peer-reviewed research with robust statistics",
        "It ignores seasonal factors entirely",
        "It focuses solely on patient perspectives"
      ],
      "correct_answer": "It provides qualitative insights but lacks comprehensive data from multiple regions"
    }
  ],
  "background_read": [
    "The National Health Service (NHS) in the UK manages healthcare, including palliative and end-of-life care for terminally ill patients. This involves complex decisions about resource allocation, especially during winter when demand spikes. The article examines a consultant's warning from University Hospitals Sussex NHS Trust about a crisis where end-of-life patients occupy beds, hindering treatment for others. It explores ethical dilemmas in emergency care, hospice capacity issues, and systemic challenges. Understanding this requires knowledge of healthcare policy, seasonal demand patterns, and the role of consultants in advocating for patient care improvements within constrained systems."
  ],
  "Article_Structure": [
    "Main Points: The article details a palliative care consultant's alert to NHS leaders about a critical shortage of beds for end-of-life patients in Sussex, leading to treatment delays for others, exacerbated by winter pressures and resulting in ethical dilemmas like corridor care in A&E. Purpose: To highlight systemic healthcare failures and advocate for urgent reforms in palliative care resource management, emphasizing broader implications for NHS sustainability. Evidence Evaluation: Relies on a consultant's presentation from an internal meeting, offering credible firsthand accounts but limited by regional focus and lack of quantitative data; NHS statements provide official context but may reflect defensive posturing. Author Credibility: BBC News ensures journalistic standards, and the consultant's expertise lends authority, though potential biases include emphasis on crisis narrative without counter-perspectives. Methodology: Utilizes qualitative analysis of meeting recordings and spokesperson comments, capturing stakeholder insights but missing empirical research or comparative data from other regions. Critical Assessment: Strengths include timely exposure of healthcare vulnerabilities and ethical issues; limitations involve anecdotal evidence and insufficient exploration of long-term solutions or policy alternatives."
  ],
  "perspectives": [
    {
      "perspective": "Systemic analysis view",
      "description": "Focuses on how healthcare infrastructure and seasonal demands contribute to the crisis, calling for policy interventions."
    }
  ],
  "image_url": "/article_images/article_735d23ee7b757942_b274b9018a13.webp"
}