{
  "title": "Sir Tom Jones Exposes Social Media Scam Targeting Fans",
  "summary": "Sir Tom Jones, the renowned Welsh singer, has issued a public warning about a distressing scam involving fake social media profiles that impersonate him. These fraudulent accounts, which have been reported on platforms like Instagram and X, aim to deceive fans by pretending to be Sir Tom or his team, often attempting to engage in private conversations to exploit vulnerable individuals. In a recent post featuring a black screen with red text, Sir Tom clarified that he does not communicate directly with individuals via social media and urged followers to report and block any suspicious profiles. This scam has previously led to victims losing thousands of pounds, highlighting a broader issue of celebrity impersonation fraud. The National Fraud Helpline notes that fraudsters commonly use such tactics, and the government is pushing for stricter regulations on platforms like X to combat these abuses. The incident underscores the risks of online interactions and the need for vigilance in the digital age.",
  "keywords": [
    {
      "term": "fraudulent accounts",
      "explanation": "fake social media profiles created to deceive people"
    },
    {
      "term": "exploit",
      "explanation": "to take advantage of someone in a harmful way"
    },
    {
      "term": "celebrity impersonation",
      "explanation": "when someone pretends to be a famous person to trick others"
    },
    {
      "term": "vigilance",
      "explanation": "being watchful and careful to avoid danger"
    },
    {
      "term": "regulations",
      "explanation": "rules set by authorities to control behavior"
    }
  ],
  "questions": [
    {
      "question": "What platform did Sir Tom Jones use to warn about the scam?",
      "options": [
        "Instagram",
        "Facebook",
        "TikTok",
        "YouTube"
      ],
      "correct_answer": "Instagram"
    },
    {
      "question": "What do the fake profiles attempt to do?",
      "options": [
        "Engage in private conversations to exploit people",
        "Share Sir Tom's music",
        "Promote concerts",
        "Give away free tickets"
      ],
      "correct_answer": "Engage in private conversations to exploit people"
    },
    {
      "question": "What has been a consequence of this scam for some victims?",
      "options": [
        "Losing thousands of pounds",
        "Gaining new friends",
        "Improving online skills",
        "Winning prizes"
      ],
      "correct_answer": "Losing thousands of pounds"
    },
    {
      "question": "Which organization mentions that fraudsters often pose as celebrities?",
      "options": [
        "National Fraud Helpline",
        "BBC",
        "Ofcom",
        "Instagram"
      ],
      "correct_answer": "National Fraud Helpline"
    },
    {
      "question": "What is the government urging Ofcom to do regarding platforms like X?",
      "options": [
        "Use all its powers, including potential bans",
        "Ignore the issue",
        "Promote more scams",
        "Reduce regulations"
      ],
      "correct_answer": "Use all its powers, including potential bans"
    },
    {
      "question": "What did Sir Tom's post emphasize about his communication?",
      "options": [
        "He does not talk privately on social media",
        "He chats with fans daily",
        "He only uses email",
        "He avoids all social media"
      ],
      "correct_answer": "He does not talk privately on social media"
    },
    {
      "question": "Why is this scam considered particularly harmful?",
      "options": [
        "It targets vulnerable people",
        "It helps celebrities gain fame",
        "It improves social media safety",
        "It is a harmless prank"
      ],
      "correct_answer": "It targets vulnerable people"
    },
    {
      "question": "What broader issue does this scam highlight?",
      "options": [
        "Celebrity impersonation fraud",
        "Music piracy",
        "Online shopping risks",
        "Social media popularity"
      ],
      "correct_answer": "Celebrity impersonation fraud"
    }
  ],
  "background_read": [
    "Sir Tom Jones is an iconic singer from Wales, famous for hits spanning decades, and he has a large fan base globally. Social media platforms like Instagram and X allow users to connect but are also exploited by scammers who create fake profiles to impersonate celebrities, often to commit fraud. The National Fraud Helpline in the UK provides advice on such scams, and Ofcom is a regulatory body that oversees communications. This context helps understand the seriousness of online safety issues and the measures being taken to protect users from digital threats."
  ],
  "Article_Structure": [
    "Main Points: Sir Tom Jones warns about fake social media profiles impersonating him to scam fans, leading to financial losses and targeting vulnerable individuals. Purpose: To alert the public about celebrity impersonation scams and promote online safety. Evidence Evaluation: The article cites Sir Tom's direct social media posts and references from the National Fraud Helpline, providing credible sources. Author Credibility: The BBC is a reputable news organization known for factual reporting. Methodology: Information is gathered from public statements, official reports, and expert insights on fraud trends."
  ],
  "perspectives": [
    {
      "perspective": "Consumer Protection",
      "description": "The article highlights the need for stronger consumer protection measures against online scams targeting fans."
    }
  ],
  "image_url": "/article_images/article_b9ad6a8da4d5db9e_6af6ee7c492d.webp"
}