{
  "title": "Cross-Generational Admiration: Timothée Chalamet's Tribute to Susan Boyle",
  "summary": "In a gesture blending promotional strategy with genuine admiration, Hollywood actor Timothée Chalamet presented a jacket from his forthcoming film, Marty Supreme, to Scottish singer Susan Boyle, whom he regards as a British hero. This initiative, which includes other notable figures like Frank Ocean and Tom Brady, serves to elevate Boyle's 2009 Britain's Got Talent audition—a performance that went viral during YouTube's nascent stages and left a lasting impression on Chalamet, then aged 13. Boyle expressed humility and gratitude, reflecting on the enduring significance of her early career breakthrough. The article contextualizes this within the entertainment industry's dynamics, where such cross-generational recognition underscores the persistent influence of digital media on celebrity culture. Additionally, it notes a film society's efforts to screen alternative cinema, subtly commenting on broader cultural consumption patterns. Chalamet's actions not only honor Boyle's talent but also strategically align with the Boxing Day release of Marty Supreme, illustrating the interplay between personal homage and commercial interests in contemporary media.",
  "keywords": [
    {
      "term": "promotional strategy",
      "explanation": "a planned approach to market or advertise a product, such as a film"
    },
    {
      "term": "nascent stages",
      "explanation": "the early or beginning phases of development, like YouTube's early years"
    },
    {
      "term": "cross-generational recognition",
      "explanation": "acknowledgment and appreciation spanning different age cohorts"
    },
    {
      "term": "celebrity culture",
      "explanation": "the social phenomenon centered on famous individuals and their public personas"
    },
    {
      "term": "commercial interests",
      "explanation": "business or financial motivations behind actions, such as film promotion"
    }
  ],
  "questions": [
    {
      "question": "How does Chalamet's jacket initiative function as a promotional tool for Marty Supreme?",
      "options": [
        "By associating the film with admired figures",
        "By selling jackets directly",
        "By criticizing other films",
        "By focusing only on sports stars"
      ],
      "correct_answer": "By associating the film with admired figures"
    },
    {
      "question": "What role did YouTube play in Susan Boyle's rise to fame?",
      "options": [
        "It amplified her viral audition globally",
        "It created Britain's Got Talent",
        "It limited her audience",
        "It had no impact"
      ],
      "correct_answer": "It amplified her viral audition globally"
    },
    {
      "question": "How does the article characterize the relationship between Boyle's past and Chalamet's present actions?",
      "options": [
        "As a cross-generational bridge in entertainment",
        "As a competitive rivalry",
        "As a financial transaction",
        "As a random event"
      ],
      "correct_answer": "As a cross-generational bridge in entertainment"
    },
    {
      "question": "What broader cultural pattern is hinted at by the film society mentioned?",
      "options": [
        "A trend towards alternative cinema screenings",
        "A decline in film popularity",
        "An increase in mainstream blockbusters",
        "A focus on holiday films only"
      ],
      "correct_answer": "A trend towards alternative cinema screenings"
    },
    {
      "question": "How does Boyle's response reflect on her career trajectory?",
      "options": [
        "It shows humility and awareness of her impact",
        "It indicates regret over her fame",
        "It suggests she seeks more attention",
        "It denies any significance"
      ],
      "correct_answer": "It shows humility and awareness of her impact"
    },
    {
      "question": "What evidence does the article provide for Chalamet's admiration of Boyle?",
      "options": [
        "Direct quotes and personal recollections",
        "Statistical data on viewership",
        "Expert analyses",
        "Financial records"
      ],
      "correct_answer": "Direct quotes and personal recollections"
    },
    {
      "question": "How might commercial interests influence Chalamet's gestures?",
      "options": [
        "By timing them with film releases for publicity",
        "By avoiding any promotional links",
        "By focusing solely on charity",
        "By keeping them private"
      ],
      "correct_answer": "By timing them with film releases for publicity"
    },
    {
      "question": "What does the article suggest about the evolution of media consumption?",
      "options": [
        "Digital platforms have transformed how talent is discovered",
        "Traditional TV remains dominant",
        "Social media has no effect",
        "All media is declining"
      ],
      "correct_answer": "Digital platforms have transformed how talent is discovered"
    },
    {
      "question": "How does the inclusion of other honorees like Frank Ocean add depth to the story?",
      "options": [
        "It shows a pattern of honoring diverse talents",
        "It confuses the narrative",
        "It reduces Boyle's significance",
        "It focuses only on sports"
      ],
      "correct_answer": "It shows a pattern of honoring diverse talents"
    },
    {
      "question": "What critical assessment can be made of the article's methodology?",
      "options": [
        "It relies on anecdotal evidence without rigorous analysis",
        "It uses scientific studies",
        "It includes extensive data charts",
        "It avoids any subjective elements"
      ],
      "correct_answer": "It relies on anecdotal evidence without rigorous analysis"
    }
  ],
  "background_read": [
    "Susan Boyle's 2009 Britain's Got Talent audition became a global phenomenon, symbolizing the power of viral media and challenging stereotypes about talent. Timothée Chalamet, as a leading actor, represents a new generation of Hollywood influenced by such digital moments. The article explores how celebrity interactions can serve dual purposes: personal admiration and commercial promotion, reflecting broader trends in the entertainment industry where nostalgia and marketing intersect. Understanding this requires knowledge of media history, cultural studies, and the economics of film promotion."
  ],
  "Article_Structure": [
    "Main Points: Chalamet's jacket gift to Boyle highlights cross-generational admiration and promotes Marty Supreme, linking her viral past to contemporary celebrity culture. Purpose: To analyze the interplay between personal tribute and commercial strategy in entertainment media. Evidence Evaluation: Uses quotes and examples but lacks empirical data, relying on credible sources like BBC for anecdotal reporting. Author Credibility: BBC Entertainment provides reliable coverage, though the article is descriptive rather than analytical. Methodology: Based on interviews and event reporting, typical for soft news, with limited critical depth. Critical Assessment: Strengths include engaging storytelling and relevance to media trends; limitations involve superficial analysis and potential bias towards promotional narratives."
  ],
  "perspectives": [
    {
      "perspective": "Media and commerce integration",
      "description": "The story exemplifies how personal gestures in celebrity culture are often entwined with marketing objectives, reflecting broader media economies."
    }
  ],
  "image_url": "/article_images/article_ea44e2f3205156f6_3cc48370a956.webp"
}