{
  "title": "Timothée Chalamet Honors Susan Boyle with a Hero Jacket",
  "summary": "Scottish singer Susan Boyle received a jacket from Hollywood actor Timothée Chalamet, who considers her one of his British heroes. Chalamet has been distributing jackets from his upcoming film, Marty Supreme, to individuals he views as exceptional, including figures like Frank Ocean and Tom Brady. Boyle, known for her viral 2009 Britain's Got Talent audition, expressed gratitude, noting the jacket fit perfectly and looking forward to the film's Boxing Day release. Chalamet, who was 13 when Boyle gained fame, recalled her performance as a pivotal moment during YouTube's early days, stating it moved him deeply. This gesture highlights cross-generational admiration in the entertainment industry, connecting Boyle's past success with contemporary recognition. The article also mentions a film society screening less mainstream movies, adding context to cultural appreciation.",
  "keywords": [
    {
      "term": "Marty Supreme",
      "explanation": "Timothée Chalamet's latest film project, from which he gifts jackets"
    },
    {
      "term": "viral",
      "explanation": "something that spreads quickly and widely online, like a video"
    },
    {
      "term": "Boxing Day",
      "explanation": "a holiday in the UK on December 26, often associated with film releases"
    },
    {
      "term": "cross-generational",
      "explanation": "involving people from different age groups or generations"
    },
    {
      "term": "entertainment industry",
      "explanation": "the business of creating and distributing movies, music, and shows"
    }
  ],
  "questions": [
    {
      "question": "What is the purpose of Timothée Chalamet giving out jackets?",
      "options": [
        "To promote his film Marty Supreme",
        "To sell clothing",
        "To support charities",
        "To award sports achievements"
      ],
      "correct_answer": "To promote his film Marty Supreme"
    },
    {
      "question": "Which other celebrities have received jackets from Chalamet?",
      "options": [
        "Frank Ocean and Tom Brady",
        "Lewis Hamilton and Victoria Beckham",
        "Lamine Yamal and David Beckham",
        "Susan Boyle only"
      ],
      "correct_answer": "Frank Ocean and Tom Brady"
    },
    {
      "question": "How did Susan Boyle's audition impact Timothée Chalamet?",
      "options": [
        "He was moved and remembers it vividly",
        "He disliked it",
        "He inspired her to sing",
        "He forgot about it"
      ],
      "correct_answer": "He was moved and remembers it vividly"
    },
    {
      "question": "When is Marty Supreme set to be released?",
      "options": [
        "Boxing Day",
        "Christmas Day",
        "New Year's Day",
        "Easter"
      ],
      "correct_answer": "Boxing Day"
    },
    {
      "question": "What does the article suggest about YouTube's role in Boyle's fame?",
      "options": [
        "It helped her performance go viral",
        "It was not involved",
        "It created the TV show",
        "It banned her video"
      ],
      "correct_answer": "It helped her performance go viral"
    },
    {
      "question": "Why is Susan Boyle considered a hero by Chalamet?",
      "options": [
        "For her talent and inspiring story",
        "For winning Britain's Got Talent",
        "For being a movie star",
        "For her fashion sense"
      ],
      "correct_answer": "For her talent and inspiring story"
    },
    {
      "question": "What additional context does the article provide about film screenings?",
      "options": [
        "A society screens less mainstream films",
        "All films are shown in big cinemas",
        "Only holiday films are screened",
        "No context is given"
      ],
      "correct_answer": "A society screens less mainstream films"
    },
    {
      "question": "How does Boyle describe her early days in the industry?",
      "options": [
        "As quite something and humbling",
        "As easy and fun",
        "As boring and slow",
        "As stressful and unhappy"
      ],
      "correct_answer": "As quite something and humbling"
    }
  ],
  "background_read": [
    "Susan Boyle rose to fame in 2009 after her Britain's Got Talent audition went viral, showcasing her powerful singing voice. Timothée Chalamet is a prominent actor known for roles in films like Dune and Call Me by Your Name. The article discusses how Chalamet's gesture of gifting jackets from his film Marty Supreme honors individuals he admires, linking past and present cultural icons. It touches on the impact of digital media, like YouTube, in amplifying talent and fostering connections across generations in entertainment."
  ],
  "Article_Structure": [
    "Main Points: Timothée Chalamet gifts a jacket to Susan Boyle as a hero, promoting his film Marty Supreme and honoring her 2009 viral talent show performance. Purpose: To highlight admiration between celebrities and cross-generational inspiration in entertainment. Evidence Evaluation: Relies on direct quotes from Boyle and Chalamet, and mentions of other honorees, providing credible but anecdotal support. Author Credibility: BBC Entertainment is a reputable source for celebrity news, though the article lacks in-depth analysis. Methodology: Based on reported events and interviews, typical for entertainment journalism."
  ],
  "perspectives": [
    {
      "perspective": "Cultural impact",
      "description": "The story illustrates how viral moments can have lasting effects, bridging different eras in media."
    }
  ],
  "image_url": "/article_images/article_ea44e2f3205156f6_3cc48370a956.webp"
}