{
  "title": "Allied Security Advisers Discuss Peace and Support for Ukraine",
  "summary": "National security advisers from Europe and allied countries gathered in Kyiv to discuss strategies for ending the war in Ukraine, which has lasted nearly four years. They focused on security guarantees, which involve commitments from other nations to protect Ukraine, and economic support packages totaling around $800 billion over the next decade. President Volodymyr Zelenskyy emphasized that Ukraine has shared all relevant documents with 18 advisers, accelerating the peace process. He noted that further discussions will occur in European capitals and with countries like Canada and Japan, part of the Coalition of the Willing, which includes about 30 nations supporting Ukraine. Upcoming meetings in Paris will involve military representatives and European leaders to finalize security documents, with U.S. participation. The economic package, based on assessments from the World Bank, IMF, and EU, aims to cover damage compensation, reconstruction, economic stability, and a growth booster, tied to Ukraine's reforms for EU accession. Specific funding sources are still being determined, with about $500 billion expected from public grants and loans. Additionally, Zelenskyy announced government changes, proposing new ministers for energy and defense roles.",
  "keywords": [
    {
      "term": "national security advisers",
      "explanation": "government officials who advise on safety and defense policies for a country"
    },
    {
      "term": "security guarantees",
      "explanation": "formal agreements where countries promise military or diplomatic support to protect another nation"
    },
    {
      "term": "Coalition of the Willing",
      "explanation": "a group of approximately 30 countries that support Ukraine's efforts to end the war on acceptable terms"
    },
    {
      "term": "economic support package",
      "explanation": "a large sum of money, around $800 billion, planned to help Ukraine with recovery and growth over ten years"
    },
    {
      "term": "EU accession reforms",
      "explanation": "changes Ukraine must make to its laws and policies to join the European Union"
    }
  ],
  "questions": [
    {
      "question": "Who met in Kyiv to discuss peace proposals?",
      "options": [
        "National security advisers",
        "School teachers",
        "Business leaders",
        "Sports teams"
      ],
      "correct_answer": "National security advisers"
    },
    {
      "question": "What is the Coalition of the Willing?",
      "options": [
        "A group of countries supporting Ukraine",
        "A military alliance against Russia",
        "A charity organization",
        "A trade agreement"
      ],
      "correct_answer": "A group of countries supporting Ukraine"
    },
    {
      "question": "How much is the economic support package for Ukraine estimated to be?",
      "options": [
        "$800 billion",
        "$200 billion",
        "$500 million",
        "$1 trillion"
      ],
      "correct_answer": "$800 billion"
    },
    {
      "term": "What organizations helped calculate the economic package?",
      "options": [
        "World Bank, IMF, and EU",
        "UN and NATO",
        "Red Cross and WHO",
        "Google and Apple"
      ],
      "correct_answer": "World Bank, IMF, and EU"
    },
    {
      "question": "Where will further meetings to finalize security guarantees take place?",
      "options": [
        "Paris",
        "Kyiv",
        "Washington",
        "Brussels"
      ],
      "correct_answer": "Paris"
    },
    {
      "question": "What are security guarantees intended to provide?",
      "options": [
        "Protection and support for Ukraine",
        "New weapons for Russia",
        "Trade deals with China",
        "Education programs"
      ],
      "correct_answer": "Protection and support for Ukraine"
    },
    {
      "question": "What is tied to the economic support package?",
      "options": [
        "Ukraine's EU accession reforms",
        "Military victories",
        "Oil exports",
        "Tourism growth"
      ],
      "correct_answer": "Ukraine's EU accession reforms"
    },
    {
      "question": "Who did Zelenskyy propose as the new energy minister?",
      "options": [
        "Denys Shmyhal",
        "Mykhailo Fedorov",
        "Taras Kachka",
        "Oleksii Sobolev"
      ],
      "correct_answer": "Denys Shmyhal"
    }
  ],
  "background_read": [
    "The war in Ukraine began nearly four years ago when Russia invaded, leading to widespread destruction and displacement. Ukraine has received support from many Western countries, including the United States and European nations, through military aid and diplomatic efforts. The concept of security guarantees involves long-term commitments to ensure Ukraine's sovereignty, while economic packages aim to rebuild infrastructure and stabilize the economy. Ukraine is also pursuing reforms to potentially join the European Union, which requires meeting certain standards. Recent discussions highlight international collaboration to end the conflict and support Ukraine's future."
  ],
  "Article_Structure": [
    "Main Points: The article discusses meetings among allied security advisers in Kyiv to advance peace proposals for Ukraine, focusing on security guarantees and an $800 billion economic support package. Purpose: To inform about diplomatic efforts to end the war and support Ukraine's recovery, highlighting international cooperation. Evidence Evaluation: The article cites statements from President Zelenskyy and officials, with data from organizations like the World Bank, providing credible but preliminary details. Author Credibility: Based on AP reporting, it offers factual updates but lacks in-depth analysis. Methodology: Information is gathered from official briefings and announcements, relying on direct sources like Zelenskyy and ministers."
  ],
  "perspectives": [
    {
      "perspective": "Diplomatic Efforts",
      "description": "The article emphasizes multilateral diplomacy as key to resolving the conflict, with countries working together on peace and support."
    }
  ],
  "image_url": "/article_images/article_ef191f4f60586901_a5309e8c5d1e.webp"
}