{
  "title": "Neuroimmune Interactions: Gender-Dimorphic Systemic Effects of Nerve Injuries",
  "summary": "A preclinical investigation conducted by McGill University elucidates that nerve injuries can precipitate enduring modifications in the immune system, exhibiting sexual dimorphism in responses. Nerve injuries, frequently arising from mechanical insults such as stretching or compression, are prevalent etiologies of chronic pain syndromes. Contrary to the conventional role of the immune system in facilitating tissue repair, this research demonstrates that neural trauma can instigate a systemic shift in immune activity, culminating in pervasive inflammation. Through meticulous laboratory analyses of murine blood, investigators documented unequivocal evidence of bodywide inflammatory cascades subsequent to nerve injury. Intriguingly, sexual dimorphism was observed: male mice manifested sustained elevations in circulating inflammatory markers, whereas female mice exhibited no such increase. Nonetheless, adoptive transfer experiments revealed that blood from injured mice of either sex could confer heightened pain sensitivity to naïve recipients, indicating that disparate biological pathways—distinct between males and females—mediate the propagation of pain responses via humoral factors. Co-author Jeffrey Mogil, an esteemed pain researcher, posits that the female-specific mechanism remains enigmatic, underscoring the complexity of neuroimmune crosstalk. Lead author Sam Zhou advocates that deciphering these gender-specific immune alterations is imperative for devising tailored therapeutic strategies for chronic pain and its comorbidities, such as anxiety and depression. Published in Neurobiology of Pain, this study underscores the far-reaching implications of nerve injuries, transcending localized damage to perturb global immune homeostasis, with potential ramifications for lifelong health trajectories.",
  "keywords": [
    {
      "term": "sexual dimorphism",
      "explanation": "biological differences between males and females in response to stimuli, often observed in immune and neurological functions"
    },
    {
      "term": "neuroimmune interactions",
      "explanation": "the bidirectional communication between the nervous and immune systems, influencing inflammation and pain"
    },
    {
      "term": "systemic inflammation",
      "explanation": "a whole-body inflammatory response mediated by cytokines and other immune molecules, linked to various diseases"
    },
    {
      "term": "adoptive transfer experiments",
      "explanation": "laboratory techniques where blood or cells from one organism are transferred to another to study effects, such as pain transmission"
    },
    {
      "term": "humoral factors",
      "explanation": "substances in bodily fluids like blood that can transmit signals or effects, such as pain-inducing molecules"
    },
    {
      "term": "chronic pain syndromes",
      "explanation": "persistent pain conditions often associated with nerve damage, involving complex physiological and psychological components"
    },
    {
      "term": "immune homeostasis",
      "explanation": "the balanced state of the immune system, which can be disrupted by injuries or diseases"
    },
    {
      "term": "tailored therapeutic strategies",
      "explanation": "medical interventions customized based on individual biological differences, such as gender, to enhance efficacy"
    },
    {
      "term": "neurobiology of pain",
      "explanation": "the scientific study of how the nervous system processes and modulates pain, including molecular and cellular mechanisms"
    },
    {
      "term": "preclinical investigation",
      "explanation": "research conducted in animal models or in vitro to explore biological processes before human application"
    }
  ],
  "questions": [
    {
      "question": "What does the study identify as a key consequence of nerve injuries regarding the immune system?",
      "options": [
        "Long-term modifications with sexual dimorphism",
        "Immediate improvement in immune function",
        "No significant changes",
        "Only local effects at injury site"
      ],
      "correct_answer": "Long-term modifications with sexual dimorphism"
    },
    {
      "question": "How did inflammatory markers in blood differ between male and female mice after nerve injury?",
      "options": [
        "Males showed sustained elevations, females showed no increase",
        "Females showed sustained elevations, males showed no increase",
        "Both showed similar increases",
        "Both showed decreases"
      ],
      "correct_answer": "Males showed sustained elevations, females showed no increase"
    },
    {
      "question": "What methodological approach was used to demonstrate pain transmission via blood?",
      "options": [
        "Adoptive transfer experiments",
        "Genetic sequencing",
        "Behavioral observations only",
        "Imaging techniques"
      ],
      "correct_answer": "Adoptive transfer experiments"
    },
    {
      "question": "According to Jeffrey Mogil, what remains unclear about the female response to nerve injuries?",
      "options": [
        "The specific biological pathway involved",
        "The duration of pain",
        "The role of inflammation",
        "The genetic basis"
      ],
      "correct_answer": "The specific biological pathway involved"
    },
    {
      "question": "What broader health implications does the study associate with nerve injuries?",
      "options": [
        "Anxiety and depression",
        "Improved cognitive function",
        "Enhanced immune resilience",
        "Reduced risk of chronic diseases"
      ],
      "correct_answer": "Anxiety and depression"
    },
    {
      "question": "In which journal was the research published?",
      "options": [
        "Neurobiology of Pain",
        "Journal of Immunology",
        "Science",
        "Nature Neuroscience"
      ],
      "correct_answer": "Neurobiology of Pain"
    },
    {
      "question": "What funding sources supported this study?",
      "options": [
        "Canadian Institutes of Health Research and Louise and Alan Edwards Foundation",
        "National Institutes of Health only",
        "Corporate sponsors",
        "No external funding"
      ],
      "correct_answer": "Canadian Institutes of Health Research and Louise and Alan Edwards Foundation"
    },
    {
      "question": "What is meant by 'humoral factors' in the context of this study?",
      "options": [
        "Substances in blood that transmit pain responses",
        "Nerve signals only",
        "Genetic markers",
        "Environmental toxins"
      ],
      "correct_answer": "Substances in blood that transmit pain responses"
    },
    {
      "question": "How does the study contribute to the field of personalized medicine?",
      "options": [
        "By highlighting gender-specific immune changes for tailored treatments",
        "By advocating one-size-fits-all approaches",
        "By focusing solely on male patients",
        "By dismissing chronic pain as insignificant"
      ],
      "correct_answer": "By highlighting gender-specific immune changes for tailored treatments"
    },
    {
      "question": "What limitation is inherent in the study's methodology?",
      "options": [
        "Reliance on animal models without human validation",
        "Lack of experimental controls",
        "Insufficient sample size",
        "Overemphasis on qualitative data"
      ],
      "correct_answer": "Reliance on animal models without human validation"
    }
  ],
  "background_read": [
    "Nerve injuries represent a significant clinical challenge, often resulting from trauma or degenerative conditions and leading to debilitating chronic pain. The neuroimmune axis is a critical area of research, exploring how neural damage modulates immune responses and vice versa, with implications for systemic health. Sexual dimorphism in biological systems is well-documented, affecting immune function, pain perception, and disease susceptibility, necessitating gender-inclusive studies. Preclinical models, particularly murine systems, are invaluable for dissecting mechanistic pathways due to ethical and practical constraints in human research. This study builds upon existing literature by integrating pain neuroscience with immunology, using advanced techniques like blood transfer to elucidate humoral mediators. Understanding these interactions is vital for addressing comorbidities such as anxiety and depression, which are prevalent in chronic pain populations. The findings advocate for a paradigm shift in pain management towards personalized approaches, considering gender differences to optimize therapeutic outcomes and improve quality of life."
  ],
  "Article_Structure": [
    "This article details a preclinical study from McGill University investigating the systemic immune alterations induced by nerve injuries, with a focus on sexual dimorphism. Main points include that nerve damage triggers bodywide inflammation, evidenced by elevated inflammatory markers in male mice but not females, yet both sexes' blood can transfer pain sensitivity, indicating distinct biological pathways. The purpose is to advance understanding of neuroimmune crosstalk and promote gender-specific treatments for chronic pain and related disorders. Evidence evaluation is robust, utilizing controlled laboratory experiments and blood analysis, though limited by the animal model's translatability to humans. Author credibility is high, with experts like Jeffrey Mogil and Sam Zhou, supported by reputable funding. Methodology involves adoptive transfer and marker assays in mice, offering mechanistic insights but requiring further validation. Critical assessment notes strengths in experimental design and implications for personalized medicine, but weaknesses include the preliminary nature and need for human studies to confirm findings."
  ],
  "perspectives": [
    {
      "perspective": "Biomedical Research",
      "description": "Focuses on the mechanistic insights into neuroimmune interactions and sexual dimorphism, using animal models to hypothesize about human physiology and therapeutic targets."
    },
    {
      "perspective": "Clinical Translation",
      "description": "Emphasizes the practical applications of the findings for developing personalized pain management strategies and addressing gender disparities in healthcare outcomes."
    },
    {
      "perspective": "Ethical and Social Implications",
      "description": "Considers the broader impact of recognizing gender differences in health research, advocating for inclusive studies and equitable treatment options."
    }
  ],
  "image_url": "/article_images/article_a2051fc24d4f70dc_f3cb895834ab.webp"
}