{
  "title": "Nerve Injuries Trigger Bodywide Immune Changes with Gender Differences",
  "summary": "Preclinical research from McGill University reveals that nerve injuries can induce long-term alterations in the immune system, with distinct responses between males and females. Nerve injuries, often resulting from stretching, pressure, or cuts, frequently lead to chronic pain. While the immune system typically aids in tissue repair, this study indicates that nerve damage can shift immune activity throughout the entire body, causing widespread inflammation. Laboratory analyses of mouse blood demonstrated clear evidence of systemic inflammation post-injury. Notably, inflammatory markers increased and remained elevated in male mice, but did not rise in female mice. However, transferring blood from injured mice of either sex into healthy mice increased pain sensitivity in the recipients, suggesting that different biological pathways in males and females can spread pain responses via the bloodstream. Researchers, including co-author Jeffrey Mogil and lead author Sam Zhou, emphasize that understanding these gender-specific immune changes is crucial for developing personalized treatments for chronic pain and related conditions like anxiety and depression. The study, published in Neurobiology of Pain, highlights the broader impact of nerve injuries beyond the local site, affecting overall immune function and health.",
  "keywords": [
    {
      "term": "preclinical research",
      "explanation": "early-stage studies conducted in labs, often on animals, to understand diseases before human trials"
    },
    {
      "term": "immune system alterations",
      "explanation": "changes in how the body's defense system functions, which can affect health and healing"
    },
    {
      "term": "systemic inflammation",
      "explanation": "inflammation that occurs throughout the entire body, not just at one location"
    },
    {
      "term": "inflammatory markers",
      "explanation": "substances in the blood that indicate the presence of inflammation, such as cytokines"
    },
    {
      "term": "chronic pain",
      "explanation": "persistent pain lasting beyond normal healing time, often linked to nerve damage"
    },
    {
      "term": "gender-specific responses",
      "explanation": "differences in how males and females react biologically to injuries or diseases"
    },
    {
      "term": "biological pathways",
      "explanation": "the series of actions within cells that lead to a certain effect, like pain transmission"
    },
    {
      "term": "personalized treatments",
      "explanation": "medical care tailored to individual characteristics, such as gender, for better effectiveness"
    }
  ],
  "questions": [
    {
      "question": "What is the main finding of the McGill University study on nerve injuries?",
      "options": [
        "They cause long-term immune changes with gender differences",
        "They only affect local tissue repair",
        "They improve immune function in all cases",
        "They have no impact on chronic pain"
      ],
      "correct_answer": "They cause long-term immune changes with gender differences"
    },
    {
      "question": "How did nerve injuries affect inflammation in male and female mice?",
      "options": [
        "Males had elevated markers, females did not",
        "Females had elevated markers, males did not",
        "Both showed no change",
        "Both showed decreased markers"
      ],
      "correct_answer": "Males had elevated markers, females did not"
    },
    {
      "question": "What did transferring blood from injured mice to healthy mice demonstrate?",
      "options": [
        "It increased pain sensitivity in healthy mice",
        "It cured pain in healthy mice",
        "It had no effect on pain",
        "It reduced inflammation in healthy mice"
      ],
      "correct_answer": "It increased pain sensitivity in healthy mice"
    },
    {
      "question": "Why are gender differences in immune responses important according to the researchers?",
      "options": [
        "To develop personalized pain treatments",
        "To prove all injuries are the same",
        "To focus only on male health",
        "To ignore chronic pain issues"
      ],
      "correct_answer": "To develop personalized pain treatments"
    },
    {
      "question": "What broader health conditions might nerve injuries contribute to, as mentioned in the study?",
      "options": [
        "Anxiety and depression",
        "Improved immunity",
        "Better sleep patterns",
        "Increased energy levels"
      ],
      "correct_answer": "Anxiety and depression"
    },
    {
      "question": "Where was the study published?",
      "options": [
        "Neurobiology of Pain",
        "Journal of Immune Research",
        "Science Daily only",
        "A general health magazine"
      ],
      "correct_answer": "Neurobiology of Pain"
    },
    {
      "question": "What type of research was conducted in this study?",
      "options": [
        "Preclinical lab research on mice",
        "Human clinical trials",
        "Survey-based analysis",
        "Theoretical modeling"
      ],
      "correct_answer": "Preclinical lab research on mice"
    },
    {
      "question": "Who funded the study?",
      "options": [
        "Canadian Institutes of Health Research and Louise and Alan Edwards Foundation",
        "Only McGill University",
        "Private companies",
        "No funding was mentioned"
      ],
      "correct_answer": "Canadian Institutes of Health Research and Louise and Alan Edwards Foundation"
    }
  ],
  "background_read": [
    "Nerve injuries are common occurrences from accidents or medical conditions, leading to issues like chronic pain, which affects millions worldwide. The immune system plays a dual role in injury response, promoting healing but sometimes causing prolonged inflammation. Preclinical studies using animal models, such as mice, are essential for understanding human biology because they allow controlled experiments on immune and nervous systems. Gender differences in health responses are increasingly recognized, with variations in immune function and pain perception between males and females. This research builds on prior knowledge by showing how nerve damage can have systemic effects, influencing not just pain but also mental health conditions. Understanding these mechanisms is key to advancing personalized medicine and improving outcomes for patients with nerve-related disorders."
  ],
  "Article_Structure": [
    "This article presents a preclinical study from McGill University examining how nerve injuries induce long-term immune system changes with gender-specific variations. Main points include that nerve damage causes bodywide inflammation, with male mice showing elevated inflammatory markers while females do not, yet both sexes' blood can transmit pain sensitivity. The purpose is to highlight the broader health impacts of nerve injuries and advocate for personalized treatments based on gender differences. Evidence evaluation is strong, relying on laboratory analysis of mouse blood and controlled experiments, though it is limited to animal models. Author credibility is high, with researchers like Jeffrey Mogil and Sam Zhou from McGill, supported by funding from reputable institutions. Methodology involves blood transfer experiments and marker analysis in mice, providing direct but preliminary insights into human conditions."
  ],
  "perspectives": [
    {
      "perspective": "Scientific Research",
      "description": "Emphasizes the experimental findings on immune changes and gender differences, using animal models to infer potential human applications."
    },
    {
      "perspective": "Clinical Application",
      "description": "Focuses on how the study's insights can lead to better, personalized medical treatments for chronic pain and related disorders."
    }
  ],
  "image_url": "/article_images/article_a2051fc24d4f70dc_f3cb895834ab.webp"
}