{
  "title": "Analyzing the DOJ's Disclosure: Legal Mandates and Ambiguities in the Epstein Files",
  "summary": "In response to the Epstein Files Transparency Act, the Justice Department transmitted a letter to Congress enumerating approximately 280 individuals classified as 'politically exposed persons' within the files of Jeffrey Epstein, a convicted sex offender. This legislative mandate aims to enhance governmental transparency by compelling the release of pertinent documents. However, the absence of a statutory definition for 'politically exposed persons' introduces significant ambiguity, as the list incorporates disparate figures such as Princess Diana and Elvis Presley, whom Epstein likely never encountered. The DOJ posits that these inclusions may stem from incidental press clippings embedded in emails, underscoring the lack of contextual clarity. Despite this disclosure, over 2.5 million documents remain classified, prompting scrutiny regarding the efficacy and thoroughness of the transparency initiative. The article elucidates the ongoing ramifications of the Epstein files, critiquing the procedural shortcomings and the potential implications for due process and public trust.",
  "keywords": [
    {
      "term": "statutory definition",
      "explanation": "a precise explanation of a term as provided by law, which is lacking here, leading to interpretive challenges"
    },
    {
      "term": "governmental transparency",
      "explanation": "the principle that government actions and documents should be accessible to the public to ensure accountability"
    },
    {
      "term": "due process",
      "explanation": "legal safeguards that ensure fair treatment through the judicial system, potentially compromised by uncontextualized disclosures"
    },
    {
      "term": "legislative mandate",
      "explanation": "a requirement imposed by law, such as the Epstein Files Transparency Act, directing specific governmental actions"
    },
    {
      "term": "contextual clarity",
      "explanation": "the need for background information to accurately understand the significance of disclosed data, which is insufficient in this case"
    },
    {
      "term": "procedural shortcomings",
      "explanation": "flaws in the methods or processes used by institutions, here referring to the DOJ's handling of the Epstein files release"
    }
  ],
  "questions": [
    {
      "question": "What specific law compelled the DOJ to release the list of names from the Epstein files?",
      "options": [
        "Epstein Files Transparency Act",
        "Freedom of Information Act",
        "Privacy Protection Act",
        "Government Transparency Act"
      ],
      "correct_answer": "Epstein Files Transparency Act"
    },
    {
      "question": "How does the lack of a statutory definition for 'politically exposed persons' affect the list's utility?",
      "options": [
        "It creates ambiguity and reduces clarity",
        "It makes the list more accurate",
        "It ensures all names are relevant",
        "It simplifies the disclosure process"
      ],
      "correct_answer": "It creates ambiguity and reduces clarity"
    },
    {
      "question": "What rationale did the DOJ provide for including names like Princess Diana in the files?",
      "options": [
        "They may originate from press clippings in emails",
        "Epstein had direct contact with them",
        "They are defined as politically exposed",
        "It was a legal requirement"
      ],
      "correct_answer": "They may originate from press clippings in emails"
    },
    {
      "question": "Approximately how many documents related to Epstein remain classified according to the article?",
      "options": [
        "2.5 million",
        "280,000",
        "All are declassified",
        "1 million"
      ],
      "correct_answer": "2.5 million"
    },
    {
      "question": "What is a key criticism of the DOJ's disclosure highlighted in the article?",
      "options": [
        "Insufficient contextual information",
        "Too many names released",
        "Lack of legal authority",
        "Excessive transparency"
      ],
      "correct_answer": "Insufficient contextual information"
    },
    {
      "question": "Who is the justice correspondent mentioned as analyzing this issue?",
      "options": [
        "Ali Rogin",
        "Jeffrey Epstein",
        "A DOJ official",
        "A congressional representative"
      ],
      "correct_answer": "Ali Rogin"
    },
    {
      "question": "What broader principle does the Epstein Files Transparency Act aim to promote?",
      "options": [
        "Governmental transparency",
        "Privacy protection",
        "Legal secrecy",
        "Political favoritism"
      ],
      "correct_answer": "Governmental transparency"
    },
    {
      "question": "How might the release of names without context impact due process?",
      "options": [
        "It could harm reputations unfairly",
        "It ensures faster justice",
        "It has no effect",
        "It improves legal outcomes"
      ],
      "correct_answer": "It could harm reputations unfairly"
    },
    {
      "question": "What does the article suggest about the completeness of the Epstein files disclosure?",
      "options": [
        "It is partial with many documents still secret",
        "It is fully comprehensive",
        "It is irrelevant to the case",
        "It is overly detailed"
      ],
      "correct_answer": "It is partial with many documents still secret"
    },
    {
      "question": "Which term best describes the ongoing consequences of the Epstein files as discussed?",
      "options": [
        "Fallout",
        "Resolution",
        "Celebration",
        "Neglect"
      ],
      "correct_answer": "Fallout"
    }
  ],
  "background_read": [
    "Jeffrey Epstein's case involves complex legal and social issues, including sex trafficking, wealth influence, and institutional accountability. The Epstein Files Transparency Act represents a legislative effort to address public demand for openness, but its implementation reveals challenges in balancing transparency with privacy and due process. This article examines a DOJ letter that lists names from Epstein's files, critiquing the undefined terminology and limited context. A deeper understanding requires familiarity with U.S. legal frameworks, transparency advocacy, and the ethical considerations in high-profile criminal cases, as well as the role of media in scrutinizing government actions."
  ],
  "Article_Structure": [
    "Main Points: The DOJ released a list of 280 'politically exposed persons' under the Epstein Files Transparency Act, but undefined terms and lack of context, including irrelevant names, undermine its purpose. Purpose: To analyze the effectiveness of transparency mandates and highlight procedural flaws in government disclosures. Evidence Evaluation: The article uses the DOJ letter and journalistic analysis, but evidence is limited by classified documents, reducing reliability. Author Credibility: Ali Rogin provides credible reporting as a PBS justice correspondent, though potential biases include advocacy for transparency. Methodology: Relies on official communications and investigative journalism, offering a critical perspective but constrained by secrecy. Critical Assessment: Strengths include raising awareness of transparency issues; limitations involve incomplete data and speculative elements due to redactions."
  ],
  "perspectives": [
    {
      "perspective": "Legal and ethical scrutiny",
      "description": "Focuses on the implications for due process and the need for clear definitions in transparency laws."
    },
    {
      "perspective": "Media and public accountability",
      "description": "Emphasizes the role of journalism in holding institutions accountable for incomplete or misleading disclosures."
    }
  ],
  "image_url": "/article_images/article_4ba759bb951268ce_c9b0e24394de.webp"
}