{
  "title": "The Rise of Alexandra Eala: Popularity and Pressure at the Australian Open",
  "summary": "Alexandra Eala, a 20-year-old tennis player from the Philippines, experienced an overwhelming surge in popularity during the Australian Open, despite having only one Grand Slam main-draw win. Thousands of Filipino fans flocked to Melbourne Park, creating unprecedented queues to watch her practices and matches, highlighting her status as a national icon. Her pre-tournament news conference garnered 171,000 online viewers, far surpassing those of top players like Carlos Alcaraz and Coco Gauff. Eala's fame stems from her groundbreaking achievements, including a surprise victory over six-time Grand Slam champion Iga Swiatek at the Miami Open and becoming the first Filipina to win a junior Grand Slam title at the US Open in 2022. Trained at Rafael Nadal's academy in Mallorca, she has been featured on the cover of Vogue Philippines, symbolizing her cultural impact. Eala admitted feeling overwhelmed by the attention but views it as a learning process. This phenomenon underscores the limited tennis pedigree in the Philippines and how Eala's success has captivated a nation eager for sporting heroes, transforming her into a household name and demonstrating the power of sports to unite communities.",
  "keywords": [
    {
      "term": "household name",
      "explanation": "a person who is very famous and known by many people in a country"
    },
    {
      "term": "trailblazer",
      "explanation": "someone who is the first to do something important, paving the way for others"
    },
    {
      "term": "pedigree",
      "explanation": "the history or background of success in a particular field, like sports"
    },
    {
      "term": "logjam",
      "explanation": "a situation where there is a large crowd or traffic causing a blockage"
    },
    {
      "term": "overwhelming",
      "explanation": "feeling too much pressure or attention that is hard to handle"
    },
    {
      "term": "cultural impact",
      "explanation": "the influence someone has on the traditions and values of a society"
    },
    {
      "term": "national icon",
      "explanation": "a person who represents and inspires pride in a country"
    },
    {
      "term": "groundbreaking",
      "explanation": "achieving something new and important that hasn't been done before"
    }
  ],
  "questions": [
    {
      "question": "What was the online viewership for Eala's pre-tournament news conference?",
      "options": [
        "171,000",
        "29,000",
        "9,000",
        "50,000"
      ],
      "correct_answer": "171,000"
    },
    {
      "question": "Which tournament did Eala win to become the first Filipina junior Grand Slam champion?",
      "options": [
        "US Open",
        "Australian Open",
        "Wimbledon",
        "French Open"
      ],
      "correct_answer": "US Open"
    },
    {
      "question": "How did Eala describe her feelings about the fan attention?",
      "options": [
        "Overwhelming",
        "Exciting",
        "Boring",
        "Angry"
      ],
      "correct_answer": "Overwhelming"
    },
    {
      "question": "What is the significance of Eala being on the cover of Vogue?",
      "options": [
        "It shows her cultural impact",
        "It means she won a tournament",
        "It indicates she is retiring",
        "It proves she is the best player"
      ],
      "correct_answer": "It shows her cultural impact"
    },
    {
      "question": "Why is Eala considered a trailblazer for the Philippines?",
      "options": [
        "She achieved firsts in tennis for her country",
        "She has the most fans",
        "She practices the hardest",
        "She is the youngest player"
      ],
      "correct_answer": "She achieved firsts in tennis for her country"
    },
    {
      "question": "What caused the long queues at Melbourne Park?",
      "options": [
        "Fans wanting to see Eala",
        "Free food stalls",
        "Carlos Alcaraz practicing",
        "Aussie players playing"
      ],
      "correct_answer": "Fans wanting to see Eala"
    },
    {
      "question": "Where is Rafael Nadal's academy located?",
      "options": [
        "Mallorca",
        "Philippines",
        "Australia",
        "USA"
      ],
      "correct_answer": "Mallorca"
    },
    {
      "question": "What does the article suggest about tennis in the Philippines?",
      "options": [
        "Limited pedigree",
        "Very popular",
        "Full of champions",
        "Not played much"
      ],
      "correct_answer": "Limited pedigree"
    }
  ],
  "background_read": [
    "Tennis Grand Slams are major tournaments that attract global attention, with players often gaining fame from unexpected victories. The Philippines, a country in Southeast Asia, has historically had few top tennis players, making Eala's success particularly notable. Her training at Rafael Nadal's academy in Spain highlights the international nature of modern tennis. The concept of national pride in sports can drive fan behavior, as seen with the massive support for Eala, reflecting broader themes of identity and inspiration in athletics."
  ],
  "Article_Structure": [
    "Main Points: The article details Alexandra Eala's sudden popularity at the Australian Open, driven by her achievements as a trailblazing Filipina tennis player, including a win over Iga Swiatek and a junior Grand Slam title. Purpose: To explain why Eala attracts such intense fan support despite limited success in main draws, highlighting her role as a national icon in a country with little tennis history. Evidence Evaluation: The article uses specific data (e.g., 171,000 online viewers) and quotes from Eala to support claims, though it relies on anecdotal observations about crowd sizes. Author Credibility: As a BBC Tennis article, it likely comes from journalists with sports expertise, but no specific author is named, so credibility depends on BBC's reputation. Methodology: Information is gathered from tournament reports, interviews with Eala, and public data, providing a descriptive account rather than in-depth analysis."
  ],
  "perspectives": [
    {
      "perspective": "Media Influence",
      "description": "The article shows how media coverage and social media can amplify an athlete's fame, even with modest on-court results."
    }
  ],
  "image_url": "/article_images/article_d5b74672911354b0_094b934fac87.webp"
}