{
  "title": "UK Unemployment Reaches Five-Year High with Youth Hit Hardest",
  "summary": "Official data from the Office for National Statistics (ONS) reveals that UK unemployment increased to 5.2% in the three months to December 2025, marking the highest rate in nearly five years. This rise is accompanied by slowing wage growth, which dropped to its lowest in almost four years. Young people aged 16 to 24 are disproportionately affected, with their unemployment rate soaring to 16.1%, the highest since 2020. The economic context includes a dampening outlook, as businesses reduce hiring due to higher costs, partly driven by Chancellor Rachel Reeves' 2024 Budget measures such as increased employer National Insurance contributions and a higher minimum wage. The government, led by Work and Pensions Secretary Pat McFadden, emphasizes efforts to combat youth unemployment through initiatives like creating 50,000 new apprenticeships. However, opposition critics, including Shadow work and pensions secretary Helen Whately, argue that Labour's policies have led to predictable job losses by making hiring more expensive and risky, particularly for entry-level roles. Personal stories, such as that of Lucy Gabb, a Cambridge graduate struggling to secure a publishing job, highlight the competitive nature of the job market and the challenges faced by new entrants.",
  "keywords": [
    {
      "term": "Office for National Statistics (ONS)",
      "explanation": "The UK government agency responsible for collecting and publishing official economic and social data."
    },
    {
      "term": "wage growth",
      "explanation": "The rate at which workers' pay increases over time, indicating economic health."
    },
    {
      "term": "National Insurance contributions",
      "explanation": "Taxes paid by employers and employees in the UK to fund state benefits like healthcare and pensions."
    },
    {
      "term": "apprenticeships",
      "explanation": "Structured training programs combining work and study to help individuals gain skills and qualifications."
    },
    {
      "term": "entry-level roles",
      "explanation": "Jobs designed for beginners with minimal experience, often the first step in a career."
    },
    {
      "term": "economic outlook",
      "explanation": "The predicted future state of the economy based on current trends and data."
    },
    {
      "term": "Chancellor",
      "explanation": "The UK government minister responsible for financial and economic matters, similar to a finance minister."
    },
    {
      "term": "Shadow work and pensions secretary",
      "explanation": "The opposition party's spokesperson for employment and welfare policies."
    }
  ],
  "questions": [
    {
      "question": "What was the UK unemployment rate in the three months to December 2025?",
      "options": [
        "4.2%",
        "5.1%",
        "5.2%",
        "6.1%"
      ],
      "correct_answer": "5.2%"
    },
    {
      "question": "Which age group has an unemployment rate of 16.1% according to the ONS?",
      "options": [
        "25-34 year olds",
        "16-24 year olds",
        "35-44 year olds",
        "45-54 year olds"
      ],
      "correct_answer": "16-24 year olds"
    },
    {
      "question": "What factor contributed to businesses slowing down hiring?",
      "options": [
        "Lower taxes",
        "Increased employer National Insurance contributions",
        "Decreased minimum wage",
        "More government subsidies"
      ],
      "correct_answer": "Increased employer National Insurance contributions"
    },
    {
      "question": "What government initiative is mentioned to help young people find jobs?",
      "options": [
        "Tax cuts for businesses",
        "Creating 50,000 new apprenticeships",
        "Building new universities",
        "Increasing unemployment benefits"
      ],
      "correct_answer": "Creating 50,000 new apprenticeships"
    },
    {
      "question": "Who is the Shadow work and pensions secretary quoted in the article?",
      "options": [
        "Rachel Reeves",
        "Pat McFadden",
        "Helen Whately",
        "Alan Milburn"
      ],
      "correct_answer": "Helen Whately"
    },
    {
      "question": "What is Lucy Gabb's educational background?",
      "options": [
        "She dropped out of high school",
        "She has a degree in French from Cambridge",
        "She is still studying at university",
        "She has no formal education"
      ],
      "correct_answer": "She has a degree in French from Cambridge"
    },
    {
      "question": "What does the article say about wage growth?",
      "options": [
        "It increased to a record high",
        "It slowed to its lowest level in almost four years",
        "It remained stable",
        "It is not mentioned"
      ],
      "correct_answer": "It slowed to its lowest level in almost four years"
    },
    {
      "question": "What is the main criticism from the Conservatives regarding Labour's policies?",
      "options": [
        "They have created too many jobs",
        "They have led to predictable unemployment increases due to bad decisions",
        "They have lowered taxes too much",
        "They have ignored young people"
      ],
      "correct_answer": "They have led to predictable unemployment increases due to bad decisions"
    }
  ],
  "background_read": [
    "Unemployment is a key economic indicator measuring the percentage of the labor force without work but actively seeking employment. In the UK, the Office for National Statistics (ONS) regularly publishes unemployment data, which influences government policies and public perception. Youth unemployment often exceeds the national average due to factors like lack of experience, skills mismatches, and economic cycles. Government interventions, such as apprenticeships, aim to bridge this gap by providing practical training. Economic policies, including tax changes like National Insurance contributions, can impact business hiring decisions by altering costs. The political debate around unemployment often involves differing views on the effectiveness of such policies, with ruling parties highlighting job creation efforts and opposition parties critiquing economic management. This article situates current unemployment trends within broader economic challenges and political discourse."
  ],
  "Article_Structure": [
    "This article analyzes the rise in UK unemployment to 5.2% in late 2025, the highest in nearly five years, with a focus on youth unemployment at 16.1%. Main points include the economic slowdown, reduced hiring due to higher business costs from policy changes like increased National Insurance, and government efforts via apprenticeships. The purpose is to inform about current economic conditions and political responses. Evidence is based on ONS data and quotes from officials, providing credible but limited depth. Author credibility is assumed as BBC News, a reputable source, though specific expertise isn't detailed. Methodology relies on official statistics and interviews, offering a balanced view but lacking comprehensive economic analysis."
  ],
  "perspectives": [
    {
      "perspective": "Government perspective",
      "description": "Emphasizes proactive measures like apprenticeships to address youth unemployment and acknowledges economic challenges."
    },
    {
      "perspective": "Opposition perspective",
      "description": "Criticizes Labour's policies for increasing unemployment through tax hikes and making hiring riskier, especially for young people."
    },
    {
      "perspective": "Expert perspective",
      "description": "Former health secretary Alan Milburn highlights systemic issues like poor health and education affecting youth employment."
    },
    {
      "perspective": "Individual perspective",
      "description": "Graduate Lucy Gabb illustrates personal struggles with competitive entry-level job markets and experience requirements."
    }
  ],
  "image_url": "/article_images/article_b8b4de4aed1a9f71_e1e3354cd8e1.webp"
}