{
  "title": "Ozzy Osbourne Honored Posthumously at The Brit Awards",
  "summary": "Heavy metal icon Ozzy Osbourne will be posthumously awarded a Lifetime Achievement award at The Brit Awards in Manchester. The singer, who died in July, will be recognized for his decades-long career, including his role in Black Sabbath and solo work. A tribute performance curated by his wife Sharon Osbourne and fronted by Robbie Williams will close the ceremony, featuring musicians from Ozzy's band. The Brit Awards, hosted by Jack Whitehall, are being held outside London for the first time. Ozzy's legacy includes over 100 million album sales, Grammy awards, and inductions into music halls of fame. Stacey Tang of the Brit Awards Committee praised his unique voice and influence on rock music. Other performers at the event include artists like Harry Styles and Raye.",
  "keywords": [
    {
      "term": "posthumously",
      "explanation": "an award or honor given after someone has passed away"
    },
    {
      "term": "Lifetime Achievement award",
      "explanation": "a recognition for significant contributions over an entire career"
    },
    {
      "term": "tribute performance",
      "explanation": "a musical act dedicated to honoring a person, often after their death"
    },
    {
      "term": "legacy",
      "explanation": "the lasting impact or influence left behind by someone"
    },
    {
      "term": "industry accolades",
      "explanation": "awards and honors given within a professional field, like music"
    }
  ],
  "questions": [
    {
      "question": "What type of award is Ozzy Osbourne receiving at The Brit Awards?",
      "options": [
        "Lifetime Achievement award",
        "Best Album award",
        "New Artist award",
        "Song of the Year award"
      ],
      "correct_answer": "Lifetime Achievement award"
    },
    {
      "question": "Who is organizing the tribute performance for Ozzy?",
      "options": [
        "Sharon Osbourne",
        "Robbie Williams",
        "Jack Whitehall",
        "Tony Iommi"
      ],
      "correct_answer": "Sharon Osbourne"
    },
    {
      "question": "Where is The Brit Awards ceremony taking place this year?",
      "options": [
        "Manchester",
        "London",
        "Birmingham",
        "Stoke-on-Trent"
      ],
      "correct_answer": "Manchester"
    },
    {
      "question": "How many album sales did Ozzy Osbourne achieve worldwide?",
      "options": [
        "Over 100 million",
        "50 million",
        "200 million",
        "10 million"
      ],
      "correct_answer": "Over 100 million"
    },
    {
      "question": "What is significant about this year's Brit Awards location?",
      "options": [
        "First time outside London",
        "First time in Manchester",
        "Largest venue ever",
        "Hosted by Ozzy Osbourne"
      ],
      "correct_answer": "First time outside London"
    },
    {
      "question": "Which award did Ozzy win with Black Sabbath?",
      "options": [
        "Grammy awards",
        "Oscar awards",
        "Nobel Prize",
        "Sports awards"
      ],
      "correct_answer": "Grammy awards"
    },
    {
      "question": "Who is hosting The Brit Awards?",
      "options": [
        "Jack Whitehall",
        "Robbie Williams",
        "Sharon Osbourne",
        "Stacey Tang"
      ],
      "correct_answer": "Jack Whitehall"
    },
    {
      "question": "What did Stacey Tang say about Ozzy's influence?",
      "options": [
        "He reshaped rock music",
        "He invented heavy metal",
        "He was a new artist",
        "He only sang pop songs"
      ],
      "correct_answer": "He reshaped rock music"
    }
  ],
  "background_read": [
    "Ozzy Osbourne was a pioneering figure in heavy metal music, known for his work with Black Sabbath and as a solo artist. He passed away in July, leaving behind a legacy marked by numerous awards, including Grammys and hall of fame inductions. The Brit Awards are a major UK music ceremony that honors artists; this year, they are breaking tradition by moving to Manchester. The tribute performance involves collaboration between family and friends, highlighting Ozzy's enduring impact on the music industry."
  ],
  "Article_Structure": [
    "Main Points: Ozzy Osbourne receives a posthumous Lifetime Achievement award at The Brit Awards in Manchester, with a tribute performance by Robbie Williams and musicians from his band. Purpose: To honor his legacy and influence on rock music after his death. Evidence Evaluation: The article cites official statements from The Brit Awards and Stacey Tang, along with factual data on album sales and awards. Author Credibility: The BBC is a reputable news source, providing reliable entertainment reporting. Methodology: Information is gathered from official announcements and historical records of Ozzy's career."
  ],
  "perspectives": [
    {
      "perspective": "Celebrating a Music Legend",
      "description": "The award highlights Ozzy's contributions to music and his cultural impact."
    }
  ],
  "image_url": "/article_images/article_32bd3bd3f2f33a53_1a46549749c3.webp"
}