{
  "title": "Strategic Recalibration: U.S. National Defense Strategy Emphasizes Homeland Priority and Allied Burden-Sharing",
  "summary": "The Pentagon's latest National Defense Strategy represents a profound recalibration of U.S. security policy, advocating for \"more limited\" support to allies and re-centering priorities on the defense of the U.S. homeland and Western Hemisphere. This marks a departure from previous iterations, such as the 2018 strategy that identified revisionist powers like China and Russia as the \"central challenge.\" Instead, the current framework approaches China through \"strength, not confrontation,\" while relegating it from the top priority spot. The strategy reinforces President Trump's emphasis on \"burden-sharing,\" critiquing allies for being \"content\" with U.S. subsidies and urging them to assume greater responsibility in countering threats from Russia and North Korea. It explicitly denies a move towards isolationism, framing the shift as a \"focused and genuinely strategic approach\" to national threats. The document articulates a distinction between U.S. and global interests, asserting that threats to distant regions are not equivalent to direct threats to Americans. Consequently, Europe is expected to lead against Russia, characterized as a \"persistent but manageable threat\" to NATO's eastern flank, and South Korea is deemed capable of primary deterrence against North Korea. Notably, Taiwan is omitted from the text, though the U.S. commits to preventing any power, including China, from dominating allies. This strategy aligns with broader Trump-era actions, such as arms sales to Taiwan and military engagements, reflecting a nuanced balance between retrenchment and sustained global influence.",
  "keywords": [
    {
      "term": "strategic recalibration",
      "explanation": "a significant adjustment in policy direction to align with changing priorities and resources"
    },
    {
      "term": "revisionist powers",
      "explanation": "nations like China and Russia that seek to alter the existing international order, often through assertive actions"
    },
    {
      "term": "burden-sharing",
      "explanation": "a diplomatic and military concept where allies contribute equitably to collective defense efforts to alleviate U.S. burdens"
    },
    {
      "term": "isolationism",
      "explanation": "a foreign policy doctrine of non-involvement in international affairs, which the strategy explicitly disavows"
    },
    {
      "term": "deterrence",
      "explanation": "a security strategy using military capabilities to discourage adversaries from aggressive actions, here applied in a limited context"
    },
    {
      "term": "homeland defense",
      "explanation": "the protection of U.S. territorial integrity and citizens as the foremost security objective"
    },
    {
      "term": "NATO eastern flank",
      "explanation": "the member states of NATO in Eastern Europe, facing heightened threats from Russia"
    },
    {
      "term": "retrenchment",
      "explanation": "a policy of reducing international commitments to focus on core national interests, evident in this shift"
    },
    {
      "term": "subsidization",
      "explanation": "financial support provided by the U.S. to ally defenses, criticized as fostering dependency"
    },
    {
      "term": "global influence",
      "explanation": "the ability of the U.S. to shape international events, maintained despite reduced direct support"
    }
  ],
  "questions": [
    {
      "question": "How does the new National Defense Strategy redefine the primary security concern compared to the 2018 version?",
      "options": [
        "It elevates China to the top priority",
        "It focuses on the U.S. homeland and Western Hemisphere",
        "It emphasizes global terrorism",
        "It prioritizes space defense"
      ],
      "correct_answer": "It focuses on the U.S. homeland and Western Hemisphere"
    },
    {
      "question": "What is the intended approach to China according to the strategy?",
      "options": [
        "Confrontation and containment",
        "Strength, not confrontation",
        "Diplomatic isolation",
        "Military alliance building"
      ],
      "correct_answer": "Strength, not confrontation"
    },
    {
      "question": "What critique does the strategy level against U.S. allies regarding defense?",
      "options": [
        "They are too aggressive",
        "They have been content to let the U.S. subsidize their defense",
        "They lack military technology",
        "They oppose burden-sharing"
      ],
      "correct_answer": "They have been content to let the U.S. subsidize their defense"
    },
    {
      "question": "How does the strategy characterize the threat posed by Russia to NATO's eastern members?",
      "options": [
        "An existential threat",
        "A negligible concern",
        "A persistent but manageable threat",
        "A reason for U.S. withdrawal from NATO"
      ],
      "correct_answer": "A persistent but manageable threat"
    },
    {
      "question": "What role is assigned to South Korea in deterring North Korea?",
      "options": [
        "Secondary support role",
        "Primary responsibility",
        "No role specified",
        "Joint command with the U.S."
      ],
      "correct_answer": "Primary responsibility"
    },
    {
      "question": "Is Taiwan explicitly mentioned in the new defense strategy?",
      "options": [
        "Yes, as a key ally",
        "No, it is omitted",
        "Yes, as part of China",
        "No, but it is implied through arms sales"
      ],
      "correct_answer": "No, it is omitted"
    },
    {
      "question": "What broader policy concept does the strategy align with under President Trump?",
      "options": "[\"Global engagement\", \"Burden-sharing\", \"Isolationism\", \"Multilateralism\"]",
      "correct_answer": "Burden-sharing"
    },
    {
      "question": "How does the strategy justify the shift away from extensive ally support?",
      "options": [
        "By claiming allies are untrustworthy",
        "By emphasizing a focused approach to national threats",
        "By advocating for complete withdrawal from alliances",
        "By prioritizing economic interests over security"
      ],
      "correct_answer": "By emphasizing a focused approach to national threats"
    },
    {
      "question": "What historical action contextualizes the U.S. stance on Taiwan despite its omission from the strategy?",
      "options": [
        "A peace treaty with China",
        "A vast arms sale to Taiwan",
        "Military drills with China",
        "Diplomatic recognition of Taiwan"
      ],
      "correct_answer": "A vast arms sale to Taiwan"
    },
    {
      "question": "What potential criticism might arise regarding the strategy's denial of isolationism?",
      "options": [
        "It is too focused on global threats",
        "It may still reduce U.S. international leadership",
        "It overemphasizes ally contributions",
        "It ignores homeland security"
      ],
      "correct_answer": "It may still reduce U.S. international leadership"
    }
  ],
  "background_read": [
    "The U.S. National Defense Strategy is a cornerstone of American security policy, produced quadrennially by the Pentagon to articulate defense priorities and resource allocation. Historically, it has evolved in response to geopolitical shifts, such as the post-Cold War focus on terrorism and, more recently, great power competition with China and Russia. The 2018 strategy marked a pivot to revisionist powers as central challenges, reflecting bipartisan consensus. Under the Trump administration, this has been recalibrated to emphasize burden-sharing and homeland defense, influenced by Trump's 'America First' ideology. The strategy intersects with the National Security Strategy and real-world dynamics, including Russia's war in Ukraine, China-Taiwan tensions, and North Korean provocations. Analyzing this document requires understanding its bureaucratic context, the role of presidential directives, and its implications for alliance management and global stability. Critics debate whether it represents prudent retrenchment or risky disengagement, highlighting the tension between national interests and international commitments."
  ],
  "Article_Structure": [
    "This in-depth analysis examines the Pentagon's new National Defense Strategy, detailing a shift towards homeland priority and burden-sharing. Main points include the demotion of China from top threat, the call for allies to assume greater defense responsibilities, and the characterization of Russia as a manageable threat. The purpose is to realign U.S. policy with Trump-era nationalism while maintaining global influence. Evidence evaluation notes reliance on official documents and historical comparisons, but potential bias in framing the shift as strategic rather than isolationist. Author credibility stems from BBC News reporting, though indirect sourcing may limit depth. Methodology involves analysis of the 34-page report and contextual events, such as arms sales, offering a comprehensive view. Critical assessment highlights strengths in clarifying U.S. interests but limitations in addressing long-term alliance cohesion and potential escalation risks with adversaries."
  ],
  "perspectives": [
    {
      "perspective": "Realist retrenchment",
      "description": "The strategy reflects a realist foreign policy approach, prioritizing national sovereignty and cost-effective defense through ally contributions."
    },
    {
      "perspective": "Alliance strain",
      "description": "Reduced U.S. support may strain NATO and Asian alliances, forcing partners to reevaluate their security dependencies and potentially leading to fragmentation."
    },
    {
      "perspective": "Strategic ambiguity",
      "description": "Omission of Taiwan and nuanced language on China create strategic ambiguity, allowing flexibility but risking miscalculation in cross-strait relations."
    }
  ],
  "image_url": "/article_images/article_d03a6bf3fb19911e_89cef4c78d4a.webp"
}