{
  "title": "Analyzing Kylie Minogue's Chart Dominance in the Festive Season",
  "summary": "Kylie Minogue is poised to secure the UK Christmas number one single, as reported by the Official Charts Company, with her track XMAS leading by 7,000 units over Wham's Last Christmas, the reigning champion for two consecutive years. The charity single Lullaby by Together For Palestine, a supergroup including notable artists, trails closely in third place. A victory for Minogue would signify her first number one since 2003's Slow, an emotional milestone she anticipates as the culmination of a remarkable year. Strategically, XMAS is an Amazon exclusive, capitalizing on smart speaker algorithms to prioritize it during holiday requests, thereby enhancing its chart eligibility through streams. The song, featured on the 10th anniversary edition of her Kylie Christmas album—which recently topped the album charts—originated from unfinished recordings, with Minogue expressing long-held motivation to complete it preemptively. Historically, she nearly achieved the festive top spot in 1988 with Especially For You, but regardless of the outcome, she will celebrate remotely in Australia with family, underscoring the global nature of her career and personal priorities amidst the competitive music industry landscape.",
  "keywords": [
    {
      "term": "chart dominance",
      "explanation": "the state of having a leading position in music sales or streams, often analyzed for market trends"
    },
    {
      "term": "streaming algorithms",
      "explanation": "computer programs used by platforms like Amazon to recommend or prioritize content based on user behavior"
    },
    {
      "term": "emotional milestone",
      "explanation": "a significant personal achievement that evokes strong feelings, often in a career context"
    },
    {
      "term": "preemptive completion",
      "explanation": "the act of finishing something early to prevent others from doing it first, driven by strategic or personal motives"
    },
    {
      "term": "global career dynamics",
      "explanation": "the ways in which an artist's work and life span across international borders, affecting their public and private spheres"
    },
    {
      "term": "competitive music industry",
      "explanation": "the business environment where artists and labels vie for popularity, sales, and cultural impact, especially during peak seasons like Christmas"
    }
  ],
  "questions": [
    {
      "question": "What does the Official Charts Company's report indicate about Kylie's current chart position?",
      "options": [
        "She leads by 7,000 units",
        "She is in third place",
        "She trails by 231 units",
        "She is not in the top three"
      ],
      "correct_answer": "She leads by 7,000 units"
    },
    {
      "question": "How does the Amazon exclusive status of XMAS affect its chart performance?",
      "options": [
        "Boosts streams via smart speaker requests",
        "Limits it to physical sales only",
        "Makes it unavailable for charts",
        "Reduces its popularity"
      ],
      "correct_answer": "Boosts streams via smart speaker requests"
    },
    {
      "question": "What historical context is provided for Kylie's past Christmas chart attempts?",
      "options": [
        "She was runner-up in 1988",
        "She won in 2003",
        "She never competed before",
        "She always lost to Wham"
      ],
      "correct_answer": "She was runner-up in 1988"
    },
    {
      "question": "Why did Kylie feel compelled to finish XMAS after years?",
      "options": [
        "To preempt others from releasing a similar song",
        "Due to fan demand",
        "For a television special",
        "As part of a contract"
      ],
      "correct_answer": "To preempt others from releasing a similar song"
    },
    {
      "question": "What broader trend does the article hint at regarding modern music charts?",
      "options": [
        "The influence of streaming and exclusives",
        "The decline of physical sales",
        "The rise of charity singles only",
        "The irrelevance of Christmas number one"
      ],
      "correct_answer": "The influence of streaming and exclusives"
    },
    {
      "question": "How does Kylie's personal celebration plan reflect on her career?",
      "options": [
        "Highlights a balance between global fame and private life",
        "Shows disinterest in chart success",
        "Indicates retirement plans",
        "Suggests she prefers UK events"
      ],
      "correct_answer": "Highlights a balance between global fame and private life"
    },
    {
      "question": "What methodological source is primarily used for chart data in the article?",
      "options": [
        "Official Charts Company reports",
        "BBC internal estimates",
        "Amazon sales data",
        "Fan polls"
      ],
      "correct_answer": "Official Charts Company reports"
    },
    {
      "question": "What critical assessment can be made about the article's coverage of Kylie's motivations?",
      "options": [
        "It relies on her subjective quotes without external verification",
        "It provides statistical analysis only",
        "It ignores her emotional responses",
        "It compares her to all other artists"
      ],
      "correct_answer": "It relies on her subjective quotes without external verification"
    },
    {
      "question": "How does the charity single Lullaby fit into the competitive landscape?",
      "options": [
        "It represents social causes influencing chart dynamics",
        "It is unrelated to Christmas themes",
        "It has no notable artists involved",
        "It is leading the race"
      ],
      "correct_answer": "It represents social causes influencing chart dynamics"
    },
    {
      "question": "What limitation might exist in the article's analysis of chart trends?",
      "options": [
        "It focuses narrowly on current data without long-term industry context",
        "It overemphasizes Kylie's personal story",
        "It ignores streaming entirely",
        "It predicts future chart outcomes precisely"
      ],
      "correct_answer": "It focuses narrowly on current data without long-term industry context"
    }
  ],
  "background_read": [
    "The Christmas number one phenomenon in the UK is deeply embedded in cultural and commercial music history, often reflecting societal trends and marketing strategies. Kylie Minogue's career exemplifies longevity in pop music, with adaptations across decades, from disco to modern electropop. The Official Charts Company employs a hybrid methodology incorporating sales, downloads, and streams, with exclusives like Amazon deals reshaping accessibility and chart mechanics. Streaming algorithms, particularly during holidays, prioritize certain tracks, influencing consumer behavior and chart outcomes. Charity singles, such as Lullaby, leverage artist collaborations for humanitarian causes, adding ethical dimensions to chart competitions. This analysis considers the interplay of artistry, technology, and commerce in contemporary music industries."
  ],
  "Article_Structure": [
    "Main Points: Kylie Minogue leads the Christmas number one with XMAS, leveraging Amazon exclusivity and personal history; the race includes Wham and a charity single, reflecting broader music industry trends. Purpose: To update on chart standings while exploring Minogue's career narrative and the strategic elements of modern music distribution. Evidence Evaluation: Uses credible data from the Official Charts Company but relies heavily on promotional quotes from Minogue, lacking critical external sources. Author Credibility: BBC Entertainment provides reliable reporting but with an entertainment focus that may prioritize narrative over analytical depth. Methodology: Combines official statistics, interview excerpts, and descriptive analysis of song features, offering a timely yet surface-level examination. Critical Assessment: Strengths include clear data presentation and human interest angles; limitations involve minimal critique of chart mechanisms and potential bias towards Minogue's perspective."
  ],
  "perspectives": [
    {
      "perspective": "Technological impact on music charts",
      "description": "Examines how streaming platforms and exclusives like Amazon reshape traditional chart competitions, particularly during high-demand periods like Christmas."
    }
  ],
  "image_url": "/article_images/article_c1c111a1683369e9_c303649b43a9.webp"
}