{
  "articles": [
    {
      "id": "17d62ab6dbd3c5c4",
      "title": "“汽车扩张”现象加剧——并非人人乐见",
      "summary": "本文探讨了“汽车扩张”现象，即英国和欧洲的汽车正变得越来越长、宽、重，消费者因其实用性、安全性和时尚感而青睐大型汽车。然而，这一趋势给城市带来了挑战，导致巴黎和卡迪夫等城市采取措施，如提高重型车辆的停车费用。例如，巴黎在2024年通过公众投票后，将重型车辆的街边停车费增加了两倍，据称使此类停车减少了三分之二。卡迪夫则计划对超过2400公斤的车辆提高停车许可费用，以应对排放、道路磨损和安全风险。批评者认为这些政策对于减少空气污染和提升城市安全至关重要，而大型汽车的支持者，如商人马特·曼塞尔，则强调其用于运输客户和家庭的实用性。数据显示，自2018年以来，新车的平均宽度和重量均有增加，突显了问题的严重性。文章深入分析了城市可持续发展与个人需求之间的平衡，涉及环境政策、交通管理和社会公平等多方面议题。",
      "source": "BBC News",
      "time_ago": "4 hours ago",
      "image_url": "/article_images/article_17d62ab6dbd3c5c4_6e92f17e2b4c.webp",
      "category": "News"
    },
    {
      "id": "10feb613de297991",
      "title": "罕见七腕章鱼残骸冲上苏格兰海滩",
      "summary": "在苏格兰阿伯丁郡的福维国家自然保护区海滩上，发现了一具罕见七腕章鱼的残骸。一名当地步行者周日发现了带有吸盘的触手，并通知了保护区工作人员。经过专家鉴定，确认这是世界上最大的章鱼物种之一——七腕章鱼，也称为“septopus”或凝胶章鱼。这种章鱼生活在海洋数百米深的水下，雌性可长达13英尺（4米）。雄性章鱼有八只触手，但其中一只兼具生殖功能。海洋生物学家劳伦·史密斯博士称其为“非凡且罕见记录的物种”。最初，人们猜测可能是巨型乌贼，但吸盘上没有牙齿，排除了这一可能性。保护区经理卡特里奥娜·里德表示，这起事件留下了一个谜团，因为这种深海生物通常不会出现在岸边。福维自然保护区以海豹和鸟类群落闻名，此次发现突显了公众参与野生动物监测的重要性，并促进了对神秘海洋生物的科学研究。这一事件提醒我们，海洋深处仍有许多未知生物等待探索，而保护沿海生态系统对于维护生物多样性至关重要。",
      "source": "BBC News",
      "time_ago": "6 hours ago",
      "image_url": "/article_images/article_10feb613de297991_8530ea9f49d7.webp",
      "category": "News"
    },
    {
      "id": "da1baa0fd3907dc2",
      "title": "以色列因极端正统派征兵法案面临危机",
      "summary": "以色列正因极端正统派犹太男子征兵问题陷入严重的政治和社会危机，威胁到总理本雅明·内塔尼亚胡的联合政府稳定。这一争议源于1948年以色列建国时确立的豁免政策，允许全职从事宗教学习的极端正统派男子免服兵役。近二十年前，以色列高等法院裁定该豁免非法，临时安排于去年正式结束，迫使政府开始征召该社区成员。尽管去年发出了24,000份征兵通知，但仅有约1,200名极端正统派男子报到，显示出广泛抵抗。局势已升级为街头抗议，包括耶路撒冷的大规模示威和暴力冲突，例如警察在逮捕逃兵时遭袭击。极端正统派领袖如拉比泽马赫·马祖兹认为，持续的祈祷和《托拉》学习对以色列的军事成功至关重要，等同于传统防御机制。相反，批评者认为豁免造成不平等并削弱国家凝聚力。这场辩论体现了以色列作为犹太国家的身份认同及宗教原则与公民义务整合的更深层次问题，立法者目前正在审议新的征兵法案以强制执行。",
      "source": "BBC News",
      "time_ago": "6 hours ago",
      "image_url": "/article_images/article_da1baa0fd3907dc2_2c2a29a47a79.webp",
      "category": "News"
    },
    {
      "id": "dcfaa333fa149d30",
      "title": "田纳西州特别选举：共和党人马特·范·埃普斯获胜",
      "summary": "在田纳西州第七国会选区的特别选举中，共和党候选人马特·范·埃普斯击败了民主党州代表阿夫廷·贝恩，成功当选美国众议院议员。这场选举受到全国关注，因为它反映了政党控制力和选民情绪的变化。范·埃普斯是一名退伍军人和前州政府服务专员，他获得了超过100万美元的资金支持，主要来自支持前总统唐纳德·特朗普的超级政治行动委员会MAGA Inc.，这是该委员会自2020年总统选举以来的首次重大支出。特朗普通过集会和电话集会积极为范·埃普斯助选，突显了此次选举的重要性。该选区在2022年由共和党州议员重新划分，以减少纳什维尔自由派选民的影响力，使其更有利于共和党。这次胜利使共和党能够反驳民主党关于红色选区现在具有竞争性的说法，尤其是在特朗普面临低支持率的情况下。民主党曾希望强劲表现能提升士气，为明年中期选举做准备，此前他们在新泽西州和弗吉尼亚州等地取得了较大胜利。选举结果强化了共和党在该地区的统治地位，并为未来的政治斗争奠定了基础。",
      "source": "PBS NewsHour",
      "time_ago": "10 hours ago",
      "image_url": "/article_images/article_dcfaa333fa149d30_6d1415533dac.webp",
      "category": "News"
    },
    {
      "id": "3744f93a86c3e5ca",
      "title": "政府应对新冠调查花费超1亿英镑",
      "summary": "BBC新闻分析显示，英国政府为应对新冠调查已花费超过1亿英镑，这笔费用独立于调查本身的1.92亿英镑预算，使得纳税人总成本比原先预期高出50%以上。政府支出主要用于法律咨询和跨部门 staffing，涉及248名员工，关键部门如内阁办公室和内政部承担了大部分费用，其中超过一半用于法律费用。该调查于2022年启动，预计2027年结束，包含10个模块，目前仅完成两个，成为历史上最昂贵的公共调查之一。调查消息人士批评政府态度敌对且困难，阻碍信息发布并延迟文件提交，特别是在2023年高等法院案件中，政府因拒绝公布鲍里斯·约翰逊的通讯记录而败诉。尽管内阁办公室表示致力于吸取教训，但纳税人联盟谴责此举浪费金钱，而新冠遇难者家属正义组织则强调调查的重要性，同时呼吁提高效率并减少对抗性。这一情况凸显了政府透明度、财政问责以及危机后调查的复杂性。",
      "source": "BBC News",
      "time_ago": "11 hours ago",
      "image_url": "/article_images/article_3744f93a86c3e5ca_140c84908a42.webp",
      "category": "News"
    },
    {
      "id": "6503f00dbfe5a544",
      "title": "维特科夫和库什纳与普京会面，就结束俄罗斯与乌克兰战争进行最新谈判",
      "summary": "美国特使史蒂夫·维特科夫和贾里德·库什纳在克里姆林宫与俄罗斯总统弗拉基米尔·普京进行了为期五小时的会谈，旨在结束俄罗斯与乌克兰的战争。克里姆林宫表示尚未达成妥协，一名普京助手称和平“既未更近，也未更远”。乌克兰和美国官员声称在最近关于美国支持的和平协议的谈判中取得了进展，但欧洲消息人士指出，美国仍在施压乌克兰放弃顿涅茨克省的部分地区，这是一个争议点。乌克兰总统弗拉基米尔·泽连斯基批评普京阻碍和平，但支持美国的外交努力。这次会议凸显了国际社会为解决持续十多年的冲突所做的持续努力，涉及领土争端和全球联盟的复杂地缘政治利益。会谈反映了在寻求停火和长期解决方案时，各方在战略利益、领土完整和人道考量之间的微妙平衡。",
      "source": "PBS NewsHour",
      "time_ago": "13 hours ago",
      "image_url": "/article_images/article_6503f00dbfe5a544_b3aa10bbf582.webp",
      "category": "News"
    }
  ]
}