{
  "title": "Royal Family Celebrates Christmas at Church",
  "summary": "The Royal Family, including King Charles, Queen Camilla, Prince William, and Catherine, went to a Christmas Day church service at Sandringham. Many people came to see them and waited a long time. They attended the service at St Mary Magdalene Church in Norfolk. After the church, they will spend Christmas at their Sandringham home. This is a special tradition for the family. King Charles will also give a Christmas message later in the day. The service is a big event where the family comes together in public.",
  "keywords": [
    {
      "term": "Royal Family",
      "explanation": "the king, queen, and their family members"
    },
    {
      "term": "Christmas Day",
      "explanation": "a holiday on December 25th"
    },
    {
      "term": "church service",
      "explanation": "a religious event at a church"
    },
    {
      "term": "Sandringham",
      "explanation": "a place where the Royal Family spends Christmas"
    },
    {
      "term": "tradition",
      "explanation": "something done the same way every year"
    }
  ],
  "questions": [
    {
      "question": "Who attended the Christmas Day church service?",
      "options": [
        "King Charles and his family",
        "Only King Charles",
        "People from the United States",
        "No one"
      ],
      "correct_answer": "King Charles and his family"
    },
    {
      "question": "Where did the Royal Family go for the service?",
      "options": [
        "St Mary Magdalene Church",
        "Westminster Abbey",
        "Windsor Castle",
        "A park"
      ],
      "correct_answer": "St Mary Magdalene Church"
    },
    {
      "question": "What is Sandringham?",
      "options": [
        "A place where the Royal Family spends Christmas",
        "A type of church",
        "A holiday food",
        "A king's name"
      ],
      "correct_answer": "A place where the Royal Family spends Christmas"
    },
    {
      "question": "What will King Charles do after the service?",
      "options": [
        "Give a Christmas message",
        "Go home alone",
        "Play piano",
        "Wait in line"
      ],
      "correct_answer": "Give a Christmas message"
    },
    {
      "question": "Why did people come to see the Royal Family?",
      "options": [
        "To catch a glimpse of them",
        "To go to church",
        "To eat Christmas dinner",
        "To play music"
      ],
      "correct_answer": "To catch a glimpse of them"
    },
    {
      "question": "Is the Christmas service a tradition for the Royal Family?",
      "options": [
        "Yes",
        "No",
        "Sometimes",
        "Only for children"
      ],
      "correct_answer": "Yes"
    }
  ],
  "background_read": [
    "Christmas is a holiday celebrated on December 25th. The Royal Family in the UK often has special events during this time. Sandringham is a big house where they meet for Christmas. A church service is when people go to church to pray and sing songs. King Charles is the king of the UK, and he gives a speech on Christmas Day to talk to everyone."
  ],
  "Article_Structure": [
    "WHO: King Charles, Queen Camilla, Prince William, Catherine, and other Royal Family members",
    "WHAT: They attended a Christmas Day church service at Sandringham",
    "WHERE: St Mary Magdalene Church in Norfolk, UK",
    "WHY: It is a tradition for the Royal Family to come together and celebrate Christmas in public"
  ],
  "perspectives": [
    {
      "perspective": "Public Event",
      "description": "The service allows people to see the Royal Family and is a big celebration."
    }
  ],
  "image_url": "/article_images/article_29dc272dbe832613_fd69886951e4.webp"
}