{
  "title": "Advancing Sustainable Catalysis: Manganese-Based Systems for CO2-to-Formate Conversion",
  "summary": "A collaborative study by scientists at Yale University and the University of Missouri has introduced a novel manganese catalyst that efficiently facilitates the conversion of carbon dioxide into formate, a key intermediate for hydrogen storage in fuel cell applications. Published in the journal Chem, this research addresses critical limitations in sustainable chemistry by utilizing manganese—an abundant and economical transition metal—as an alternative to costly and scarce precious metal catalysts. The lead authors, Justin Wedal and Kyler Virtue, along with senior authors Nilay Hazari and Wesley Bernskoetter, employed advanced ligand design strategies to enhance catalyst stability and performance, specifically through the incorporation of an additional donor atom in the ligand framework. This innovation not only outperforms many precious metal counterparts but also contributes to carbon dioxide utilization efforts, aiming to replace fossil fuel-derived feedstocks with renewable alternatives. The production of formate from atmospheric CO2 could mitigate greenhouse gas emissions while generating a valuable chemical product, thus supporting the transition to a circular carbon economy. However, challenges remain in scaling the technology for industrial use and ensuring long-term catalytic efficiency. This work underscores the potential of molecular engineering to drive advancements in clean energy and highlights the interdisciplinary approach required to tackle global environmental issues.",
  "keywords": [
    {
      "term": "catalysis",
      "explanation": "the acceleration of a chemical reaction by a substance that is not consumed in the process, crucial for industrial and environmental applications"
    },
    {
      "term": "manganese catalyst",
      "explanation": "a catalytic system based on manganese, chosen for its abundance, low cost, and reduced environmental impact compared to precious metals"
    },
    {
      "term": "carbon dioxide utilization",
      "explanation": "strategies to convert CO2 into economically valuable products, reducing atmospheric concentrations and reliance on fossil resources"
    },
    {
      "term": "formate synthesis",
      "explanation": "the chemical production of formate salts or acids, which can act as hydrogen carriers for energy storage in fuel cells"
    },
    {
      "term": "ligand design",
      "explanation": "the strategic modification of molecules that coordinate to metal centers to control reactivity, selectivity, and stability in catalytic systems"
    },
    {
      "term": "hydrogen fuel cells",
      "explanation": "electrochemical devices that convert hydrogen and oxygen into electricity, emitting only water, but hindered by hydrogen storage and production inefficiencies"
    },
    {
      "term": "sustainable chemistry",
      "explanation": "the development of chemical processes and products that minimize environmental harm and promote resource efficiency"
    },
    {
      "term": "circular carbon economy",
      "explanation": "an economic model that aims to recycle carbon emissions into useful products, reducing waste and greenhouse gas impacts"
    },
    {
      "term": "molecular engineering",
      "explanation": "the deliberate design and synthesis of molecules with specific properties to achieve desired functions in technology and industry"
    },
    {
      "term": "interdisciplinary research",
      "explanation": "collaborative studies that integrate knowledge from multiple fields, such as chemistry, engineering, and environmental science, to solve complex problems"
    }
  ],
  "questions": [
    {
      "question": "What journal published the research on the manganese catalyst?",
      "options": [
        "Chem",
        "Science",
        "Nature Chemistry",
        "Journal of the American Chemical Society"
      ],
      "correct_answer": "Chem"
    },
    {
      "question": "How did the researchers improve the manganese catalyst's performance?",
      "options": [
        "By adding an extra donor atom to the ligand design",
        "By using more manganese metal",
        "By reducing the catalyst's stability",
        "By avoiding ligand modifications"
      ],
      "correct_answer": "By adding an extra donor atom to the ligand design"
    },
    {
      "term": "What is a primary advantage of using manganese over precious metals in catalysis?",
      "options": [
        "Abundance and low cost",
        "Higher toxicity",
        "Greater scarcity",
        "Lower reactivity"
      ],
      "correct_answer": "Abundance and low cost"
    },
    {
      "question": "What role does formate play in hydrogen fuel cells?",
      "options": [
        "It serves as a hydrogen storage material",
        "It directly produces electricity",
        "It acts as a pollutant",
        "It replaces oxygen in the reaction"
      ],
      "correct_answer": "It serves as a hydrogen storage material"
    },
    {
      "question": "Who are the senior authors of the study?",
      "options": [
        "Nilay Hazari and Wesley Bernskoetter",
        "Justin Wedal and Kyler Virtue",
        "Only one senior author",
        "No senior authors listed"
      ],
      "correct_answer": "Nilay Hazari and Wesley Bernskoetter"
    },
    {
      "question": "What environmental benefit is associated with producing formate from CO2?",
      "options": [
        "Reduction of greenhouse gas emissions",
        "Increase in fossil fuel consumption",
        "Generation of more CO2",
        "No significant impact"
      ],
      "correct_answer": "Reduction of greenhouse gas emissions"
    },
    {
      "question": "What challenge does the research aim to address in sustainable chemistry?",
      "options": [
        "Replacing fossil fuel-derived feedstocks with renewable alternatives",
        "Increasing the use of precious metals",
        "Making catalysts less efficient",
        "Ignoring carbon dioxide utilization"
      ],
      "correct_answer": "Replacing fossil fuel-derived feedstocks with renewable alternatives"
    },
    {
      "question": "What is the significance of ligand design in this study?",
      "options": [
        "It enhances catalyst stability and reactivity",
        "It makes the catalyst more expensive",
        "It reduces the need for metals",
        "It has no effect on performance"
      ],
      "correct_answer": "It enhances catalyst stability and reactivity"
    },
    {
      "question": "What broader concept does this research support in environmental science?",
      "options": [
        "Circular carbon economy",
        "Linear waste production",
        "Increased fossil fuel reliance",
        "Reduced chemical innovation"
      ],
      "correct_answer": "Circular carbon economy"
    },
    {
      "question": "What limitation is mentioned regarding the technology's application?",
      "options": [
        "Scaling for industrial use and long-term efficiency",
        "Lack of scientific interest",
        "Too much hydrogen production",
        "Immediate commercial viability"
      ],
      "correct_answer": "Scaling for industrial use and long-term efficiency"
    }
  ],
  "background_read": [
    "This article delves into a cutting-edge development in catalytic chemistry with implications for clean energy and climate change mitigation. Carbon dioxide (CO2) is a pervasive greenhouse gas, primarily from industrial and transportation activities, driving global warming and necessitating strategies for carbon capture and utilization (CCU). The research focuses on converting CO2 into formate, a chemical that can store hydrogen—a clean energy vector for fuel cells. Hydrogen fuel cells offer high efficiency and zero emissions but face hurdles in hydrogen storage and production costs. Traditional catalysts for CO2 reduction often employ precious metals like platinum or iridium, which are expensive, limited in supply, and can have environmental drawbacks. The study explores manganese, an earth-abundant transition metal, as a sustainable alternative, employing ligand design to optimize catalytic properties such as turnover frequency and stability. This approach aligns with principles of green chemistry and the circular economy, aiming to close carbon loops by transforming waste CO2 into valuable products. However, the research is at a laboratory scale, and challenges include catalyst deactivation, energy input requirements, and integration into existing industrial processes. The interdisciplinary collaboration between academic institutions highlights the role of fundamental science in addressing real-world energy and environmental crises."
  ],
  "Article_Structure": [
    "The article provides an in-depth analysis of a catalytic breakthrough for CO2-to-formate conversion using manganese. Main points detail the catalyst's design, which incorporates ligand modifications to boost stability and efficiency, positioning it as a viable alternative to precious metals. The purpose is to advance sustainable energy by addressing hydrogen storage challenges and promoting carbon utilization within a circular economy framework. Evidence evaluation notes the study's publication in a reputable journal and experimental data, but acknowledges limitations in scalability and long-term testing. Author credibility is strong, with affiliations to Yale and Missouri and expertise in inorganic chemistry, though potential biases toward academic innovation over industrial practicality may exist. Methodology involves synthetic chemistry and catalytic testing, yet lacks life-cycle assessment or economic analysis. Critical assessment highlights the innovation's potential to reduce emissions and costs, but cautions that real-world application requires further development in catalyst durability and system integration, underscoring the need for continued research and interdisciplinary collaboration."
  ],
  "perspectives": [
    {
      "perspective": "Sustainable development",
      "description": "This research aligns with global sustainability goals by offering a pathway to reduce carbon emissions and foster renewable energy adoption through innovative chemical engineering."
    }
  ],
  "image_url": "/article_images/article_517e1a9c41610f2a_0cea2e502447.webp"
}