{
  "title": "Felix Wins Big Tennis Match",
  "summary": "Felix Auger-Aliassime from Canada played a great tennis match against Alexander Zverev from Germany and won. This victory means he will now face Carlos Alcaraz, who is the best tennis player in the world, in the semi-finals of the ATP Finals. The ATP Finals is a special tournament where only the top players compete. Felix worked hard and hit powerful shots to beat Zverev. This is an exciting moment for Felix and his fans. Now, everyone is looking forward to the semi-final match to see who will win and move closer to the championship trophy.",
  "keywords": [
    {
      "term": "ATP Finals",
      "explanation": "a big tennis tournament for the best players"
    },
    {
      "term": "semi-final",
      "explanation": "a match to decide who goes to the final round"
    },
    {
      "term": "world number one",
      "explanation": "the top-ranked player in the world"
    },
    {
      "term": "group match",
      "explanation": "a game in a round where players compete in groups"
    },
    {
      "term": "Canada",
      "explanation": "a country where Felix is from"
    },
    {
      "term": "Germany",
      "explanation": "a country where Alexander is from"
    },
    {
      "term": "victory",
      "explanation": "winning a game or match"
    },
    {
      "term": "tournament",
      "explanation": "a series of games to find a champion"
    }
  ],
  "questions": [
    {
      "question": "Who did Felix Auger-Aliassime beat in the match?",
      "options": [
        "Alexander Zverev",
        "Carlos Alcaraz",
        "Roger Federer",
        "Novak Djokovic"
      ],
      "correct_answer": "Alexander Zverev"
    },
    {
      "question": "What will Felix play next?",
      "options": [
        "A semi-final",
        "A final",
        "A practice match",
        "A doubles match"
      ],
      "correct_answer": "A semi-final"
    },
    {
      "question": "Who is the world number one tennis player?",
      "options": [
        "Carlos Alcaraz",
        "Felix Auger-Aliassime",
        "Alexander Zverev",
        "Rafael Nadal"
      ],
      "correct_answer": "Carlos Alcaraz"
    },
    {
      "question": "Where is Felix Auger-Aliassime from?",
      "options": [
        "Canada",
        "Germany",
        "Spain",
        "USA"
      ],
      "correct_answer": "Canada"
    },
    {
      "question": "What tournament is this match part of?",
      "options": [
        "ATP Finals",
        "Wimbledon",
        "US Open",
        "French Open"
      ],
      "correct_answer": "ATP Finals"
    },
    {
      "question": "What type of match did Felix win to reach the semi-final?",
      "options": [
        "Group match",
        "Final match",
        "Qualifying match",
        "Exhibition match"
      ],
      "correct_answer": "Group match"
    },
    {
      "question": "How many players are in the semi-final from this group?",
      "options": [
        "One",
        "Two",
        "Three",
        "Four"
      ],
      "correct_answer": "One"
    },
    {
      "question": "Why is this victory important for Felix?",
      "options": [
        "It lets him play in the semi-final",
        "It makes him world number one",
        "It ends the tournament",
        "It is a friendly game"
      ],
      "correct_answer": "It lets him play in the semi-final"
    }
  ],
  "background_read": [
    "The ATP Finals is an annual tennis tournament featuring the top eight male players of the year. Players compete in round-robin groups, and the winners advance to semi-finals and finals. Felix Auger-Aliassime is a rising star from Canada, while Carlos Alcaraz from Spain is currently the top-ranked player. This background helps understand the significance of Felix's win and the upcoming match."
  ],
  "Article_Structure": [
    "WHO: Felix Auger-Aliassime, Alexander Zverev, and Carlos Alcaraz",
    "WHAT: Felix beat Alexander to set up a semi-final with Carlos",
    "WHERE: At the ATP Finals tournament",
    "WHY: To determine who advances to the semi-finals and potentially wins the championship"
  ],
  "perspectives": [
    {
      "perspective": "Player's view",
      "description": "Felix might feel proud and excited for the chance to compete against the best."
    },
    {
      "perspective": "Fan's view",
      "description": "Fans are thrilled to see an underdog like Felix take on top players."
    }
  ],
  "image_url": "/article_images/article_f947a35e19c09cb3_f6d5c5ba4b64.jpg"
}