{
  "title": "Auger-Aliassime's Victory Over Zverev Leads to Alcaraz Semi-Final",
  "summary": "In a significant match at the ATP Finals, Felix Auger-Aliassime from Canada defeated Alexander Zverev of Germany in the final group stage. This win secured his place in the semi-finals, where he will face Carlos Alcaraz, the current world number one. The ATP Finals is a prestigious year-end tournament that brings together the top eight male tennis players based on their annual rankings. Players compete in two groups, and the top performers from each group advance to the knockout stages. Auger-Aliassime's victory highlights his growing skills and determination, as he overcame a tough opponent in Zverev, who is known for his powerful game. This sets up an exciting clash with Alcaraz, who has been dominant this season. The outcome of this semi-final could influence the tournament's winner and showcase the competitive spirit in professional tennis.",
  "keywords": [
    {
      "term": "ATP Finals",
      "explanation": "an elite tennis tournament for the top-ranked male players at the end of the season"
    },
    {
      "term": "semi-final",
      "explanation": "a stage in a tournament where winners from previous rounds compete for a spot in the final"
    },
    {
      "term": "group stage",
      "explanation": "a phase in competitions where players are divided into groups and play round-robin matches"
    },
    {
      "term": "world number one",
      "explanation": "the player holding the highest ranking in the ATP tour, based on performance points"
    },
    {
      "term": "knockout stages",
      "explanation": "parts of a tournament where losing means elimination, such as semi-finals and finals"
    },
    {
      "term": "ranking",
      "explanation": "a system that orders players based on their results in tournaments throughout the year"
    },
    {
      "term": "determination",
      "explanation": "the quality of being persistent and focused on achieving goals"
    },
    {
      "term": "competitive spirit",
      "explanation": "the attitude of striving to win and perform well against others"
    },
    {
      "term": "professional tennis",
      "explanation": "the highest level of tennis played by athletes who compete in tours and grand slams"
    },
    {
      "term": "victory",
      "explanation": "the act of winning a match or competition"
    }
  ],
  "questions": [
    {
      "question": "What was the outcome of the match between Auger-Aliassime and Zverev?",
      "options": [
        "Auger-Aliassime won",
        "Zverev won",
        "It was a draw",
        "The match was postponed"
      ],
      "correct_answer": "Auger-Aliassime won"
    },
    {
      "question": "Who will Auger-Aliassime face in the semi-finals?",
      "options": [
        "Carlos Alcaraz",
        "Alexander Zverev",
        "Novak Djokovic",
        "Rafael Nadal"
      ],
      "correct_answer": "Carlos Alcaraz"
    },
    {
      "question": "What is the ATP Finals?",
      "options": [
        "A year-end tournament for top players",
        "A junior tennis event",
        "A doubles competition",
        "A charity match"
      ],
      "correct_answer": "A year-end tournament for top players"
    },
    {
      "question": "How many players typically compete in the ATP Finals?",
      "options": [
        "Eight",
        "Sixteen",
        "Thirty-two",
        "Four"
      ],
      "correct_answer": "Eight"
    },
    {
      "question": "What stage of the tournament did Auger-Aliassime secure with this win?",
      "options": [
        "Semi-final",
        "Final",
        "Group stage",
        "Qualifying round"
      ],
      "correct_answer": "Semi-final"
    },
    {
      "question": "Which country does Alexander Zverev represent?",
      "options": [
        "Germany",
        "Canada",
        "Spain",
        "USA"
      ],
      "correct_answer": "Germany"
    },
    {
      "question": "What is the significance of being world number one in tennis?",
      "options": [
        "It indicates the top-ranked player",
        "It means winning every match",
        "It is a temporary title",
        "It only applies to grand slams"
      ],
      "correct_answer": "It indicates the top-ranked player"
    },
    {
      "question": "In what type of match did Auger-Aliassime defeat Zverev?",
      "options": [
        "Group match",
        "Semi-final",
        "Final",
        "Exhibition"
      ],
      "correct_answer": "Group match"
    },
    {
      "question": "Why is the semi-final match against Alcaraz important?",
      "options": [
        "It determines who advances to the final",
        "It ends the tournament",
        "It is a friendly game",
        "It doesn't affect rankings"
      ],
      "correct_answer": "It determines who advances to the final"
    },
    {
      "question": "What does round-robin mean in group stages?",
      "options": [
        "Each player plays others in the group",
        "Players are eliminated after one loss",
        "It's a single elimination round",
        "Only the host plays matches"
      ],
      "correct_answer": "Each player plays others in the group"
    }
  ],
  "background_read": [
    "The ATP Finals, held annually, features the top eight male tennis players from the ATP Tour based on their performance throughout the year. It includes a group stage where players compete in round-robin format, followed by semi-finals and a final. Felix Auger-Aliassime, a Canadian player, has been rising in rankings with strong performances, while Carlos Alcaraz from Spain became world number one due to his consistent wins. Alexander Zverev, a German player, is known for his powerful serves and baseline game. Understanding this context helps appreciate the stakes in Auger-Aliassime's victory and the upcoming high-pressure semi-final."
  ],
  "Article_Structure": [
    "This article reports on Felix Auger-Aliassime's win over Alexander Zverev in the ATP Finals group match, setting up a semi-final with Carlos Alcaraz. The main points include the match outcome, tournament structure, and player backgrounds. The purpose is to inform tennis fans about key developments in the tournament and build excitement for the semi-final. Evidence comes from the official match result, typical of sports journalism, but lacks detailed statistics, relying on basic facts. The author, likely a BBC sports journalist, has credibility in reporting tennis events, though specific expertise isn't stated. Methodology involves summarizing match results from the event, using standard news gathering without original research, making it reliable for updates but not in-depth analysis."
  ],
  "perspectives": [
    {
      "perspective": "Player's perspective",
      "description": "Auger-Aliassime may see this as a breakthrough opportunity to prove himself against the best."
    },
    {
      "perspective": "Analyst's perspective",
      "description": "Experts might analyze how this win affects rankings and tournament dynamics."
    }
  ],
  "image_url": "/article_images/article_f947a35e19c09cb3_f6d5c5ba4b64.jpg"
}