{
  "articles": [
    {
      "id": "3a6fb3bd6872ae4a",
      "title": "Governance Under Scrutiny: The Crans-Montana Fire and Swiss Devolved Politics",
      "summary": "The catastrophic fire at Le Constellation bar in Crans-Montana, Switzerland, on New Year's Eve, resulting in 40 fatalities and 116 injuries, has precipitated a profound crisis of confidence in the nation's devolved political framework. Switzerland's system, lauded for its local autonomy and accountability, delegates fire-safety inspections to municipal authorities, such as Mayor Nicolas Feraud in Crans-Montana. Post-tragedy revelations indicated the bar had not undergone inspection since 2019, with only 40 of 128 local establishments inspected in 2025, attributed by Feraud to insufficient inspectorial resources—a sentiment corroborated by Romy Biner, mayor of Zermatt, citing broader resource deficits in the canton of Valais. However, this justification is contested given the affluence of these resorts, fueling public and journalistic skepticism about potential corruption or nepotism, as evidenced by pointed inquiries into Feraud's personal connections with bar owners. The incident underscores systemic vulnerabilities in decentralized governance, where local officials may lack oversight or capacity, raising critical questions about the efficacy of accountability mechanisms in ensuring public safety. Broader implications include debates on regulatory enforcement, resource allocation, and the need for enhanced transparency within Switzerland's cherished political model, as emphasized by survivors' families demanding comprehensive answers.",
      "source": "BBC News",
      "time_ago": "6 hours ago",
      "image_url": "/article_images/article_3a6fb3bd6872ae4a_7dd75aa2573c.webp",
      "category": "News"
    },
    {
      "id": "bc168bea4d975397",
      "title": "Geopolitical Storm Over Greenland: Autonomy, Security, and Indigenous Voices in the Arctic",
      "summary": "Greenland, a semi-autonomous Danish territory with a predominantly Inuit population of 57,000, is embroiled in a geopolitical crisis precipitated by U.S. President Donald Trump's expressed interest in acquiring the island for national security purposes. This has ignited profound anxiety among residents, who value their tranquil existence and are weary of external interference. The article portrays a community in Nuuk, the capital, where individuals like a pensioner and pottery-maker Pilu Chemnitz vocalize opposition to U.S. encroachment and a desire for peace, reflecting broader sentiments: 85% of Greenlanders reject a U.S. takeover, and many advocate for independence from Denmark, albeit while acknowledging reliance on Danish subsidies that sustain their welfare state. Despite Greenland's wealth in untapped natural resources, poverty persists in Inuit areas, underscoring socio-economic challenges. The narrative emphasizes Greenlanders' aspiration for enhanced autonomy in domestic and foreign policies, situating their plight within larger Arctic geopolitics, where strategic interests of global powers threaten local sovereignty and cultural integrity.",
      "source": "BBC News",
      "time_ago": "6 hours ago",
      "image_url": "/article_images/article_bc168bea4d975397_a9ff1811c478.webp",
      "category": "News"
    },
    {
      "id": "f4449f268c600279",
      "title": "Defying Prognosis: A Critical Examination of Living with Spinal Muscular Atrophy Through Personal Narrative",
      "summary": "In this article, Ben Morris, a BBC journalist diagnosed with Spinal Muscular Atrophy (SMA) type two at six months of age in 2001, recounts his journey from a dire medical prognosis to achieving independence at age 25. SMA is a genetic neuromuscular disorder characterized by progressive muscle weakness, with type two typically manifesting in early childhood and posing significant respiratory risks, particularly from infections. Initially told he might not survive beyond two years, Ben's survival underscores advancements in supportive care, including the use of an electric wheelchair for mobility, a nocturnal ventilator to manage hypoventilation during sleep, and daily administration of Risdiplam—a disease-modifying therapy that stabilizes his condition. He contrasts this with Zolgensma, a gene therapy approved for infants but limited by renal implications. Ben emphasizes the role of SMA UK in providing resources and fostering a community among individuals with SMA, which mitigates isolation. His narrative not only personalizes the challenges of chronic illness but also critiques healthcare disparities, as he navigates a career in journalism and independent living with personal care assistants. This account serves as a testament to resilience, while implicitly questioning initial medical assumptions and highlighting the evolving landscape of SMA management.",
      "source": "BBC News",
      "time_ago": "11 hours ago",
      "image_url": "/article_images/article_f4449f268c600279_d146b476d0df.webp",
      "category": "News"
    },
    {
      "id": "0252f28cf4bf3387",
      "title": "Geopolitical Tensions: Trump's Bid for Greenland Amidst Arctic Security Concerns",
      "summary": "President Donald Trump's assertion that the United States must own Greenland to preempt Russian and Chinese acquisition underscores escalating geopolitical rivalries in the Arctic region. He advocates for ownership over lease agreements, deeming the latter inadequate for robust defense, and has not ruled out annexation by force, though the White House is considering a purchase from Denmark, Greenland's governing power. Denmark and Greenland have unequivocally rejected any transaction, with Greenlandic leaders, including opposition figures, issuing a joint statement demanding an end to U.S. disregard and affirming their commitment to self-determination as Greenlanders. Greenland's sparse population belies its strategic significance: positioned between North America and the Arctic, it serves as a critical site for early warning systems against missile threats and surveillance of maritime activities, factors Trump cites—albeit without evidence—in claiming Russian and Chinese naval presence. The U.S. maintains a permanent military installation at Pituffik base, operational since World War Two, with existing accords permitting unrestricted troop deployments. Trump's remarks, framed within a broader critique of NATO, challenge alliance norms by suggesting unilateral action, prompting NATO allies to reaffirm Denmark and Greenland's exclusive authority over territorial matters. This discourse illuminates complex intersections of national security, sovereignty, and international law, with implications for trans-Atlantic relations and Arctic governance.",
      "source": "BBC News",
      "time_ago": "11 hours ago",
      "image_url": "/article_images/article_0252f28cf4bf3387_bb6a31cb6c6f.webp",
      "category": "News"
    },
    {
      "id": "f6aabce5696249db",
      "title": "Political Security Compromised: Bodyguard's Arrest on Federal Narcotics Charges",
      "summary": "The arrest of Justin Salsburey, a bodyguard employed by ARK Protection Group to safeguard the family of Republican gubernatorial candidate Vivek Ramaswamy in Ohio, on federal drug trafficking charges has raised significant concerns regarding security protocols and political accountability. Salsburey and his wife, Ruthann Rankin, face charges of conspiracy and possession with intent to distribute narcotics, based on criminal complaints alleging 261 parcels of counterfeit OxyContin and other pills were delivered to their residence between August 2024 and recently. Campaign spokesperson Connie Luck conveyed the family's alarm, noting that Salsburey had undergone extensive background checks by entities including the FBI and Ohio Bureau of Criminal Investigation, as well as pre-employment and random drug screenings, all of which he passed. ARK Protection Group promptly removed him from the security detail upon learning of the charges, while Rankin was dismissed from her teaching position. This case illuminates the complexities of vetting processes in high-stakes environments, the legal implications of drug trafficking allegations, and the broader impact on political campaigns striving to maintain public trust amidst security vulnerabilities.",
      "source": "PBS NewsHour",
      "time_ago": "13 hours ago",
      "image_url": "/article_images/article_f6aabce5696249db_d05733b7e801.webp",
      "category": "News"
    },
    {
      "id": "7e1fb644da054f37",
      "title": "Strategic Implications of U.S. Investment in Venezuela's Oil Reserves",
      "summary": "The article examines a strategic initiative where President Trump convened oil executives at the White House to propose American corporate investment in Venezuela's oil sector. Venezuela holds the largest proven oil reserves worldwide, yet its production has dwindled to merely 1% of global supply, primarily due to deteriorated infrastructure and economic turmoil. The plan entails a minimum investment of $100 billion to rehabilitate Venezuela's oil capacity and infrastructure, with the United States commencing the refinement and sale of up to 50 million barrels of Venezuelan crude oil on an indefinite basis. President Trump guaranteed comprehensive safety and security for these operations. Bob McNally, founder of Rapidan Energy Group and a former energy advisor to President George W. Bush, provides expert analysis on the potential ramifications. This discussion delves into the geopolitical dynamics, including how such an arrangement could alter U.S.-Venezuela relations, impact global oil markets by potentially increasing supply, and address Venezuela's economic recovery while raising questions about sovereignty and long-term sustainability.",
      "source": "PBS NewsHour",
      "time_ago": "13 hours ago",
      "image_url": "/article_images/article_7e1fb644da054f37_9fe119f5e62b.webp",
      "category": "News"
    }
  ]
}