{
  "title": "Unlocking the Chemistry of Carbon Storage in Iron Minerals",
  "summary": "A recent study from Northwestern University reveals why iron oxide minerals, particularly ferrihydrite, are highly effective at storing carbon in soils. Ferrihydrite uses multiple chemical processes to capture and retain carbon, including electrical attraction, chemical bonds, and hydrogen bonds. Researchers discovered that its surface has a patchy structure with both positive and negative charges, allowing it to bind a wide range of organic compounds. This adaptability enables ferrihydrite to lock carbon away for decades or centuries, preventing it from reentering the atmosphere as greenhouse gases. Soil is a major carbon sink, storing about 2,500 billion tons, and understanding these mechanisms is crucial for climate science. The study, led by Professor Ludmilla Aristilde, used advanced techniques like molecular modeling to provide detailed insights into ferrihydrite's surface chemistry, filling gaps in how minerals trap organic matter in the environment.",
  "keywords": [
    {
      "term": "ferrihydrite",
      "explanation": "an iron oxide mineral with a patchy surface that traps carbon"
    },
    {
      "term": "carbon storage",
      "explanation": "the process of keeping carbon out of the atmosphere to reduce climate impact"
    },
    {
      "term": "organic compounds",
      "explanation": "materials from living things that contain carbon"
    },
    {
      "term": "surface chemistry",
      "explanation": "the study of chemical reactions on a material's surface"
    },
    {
      "term": "greenhouse gases",
      "explanation": "gases like carbon dioxide that trap heat in the atmosphere"
    }
  ],
  "questions": [
    {
      "question": "What university conducted the study on ferrihydrite?",
      "options": [
        "Northwestern University",
        "Harvard University",
        "Stanford University",
        "MIT"
      ],
      "correct_answer": "Northwestern University"
    },
    {
      "question": "Which chemical processes does ferrihydrite use to trap carbon?",
      "options": [
        "Electrical attraction, chemical bonds, and hydrogen bonds",
        "Only electrical attraction",
        "Only chemical bonds",
        "Magnetic forces"
      ],
      "correct_answer": "Electrical attraction, chemical bonds, and hydrogen bonds"
    },
    {
      "question": "How much carbon does soil store approximately?",
      "options": [
        "2,500 billion tons",
        "100 billion tons",
        "500 billion tons",
        "1,000 billion tons"
      ],
      "correct_answer": "2,500 billion tons"
    },
    {
      "question": "What is the role of ferrihydrite's patchy surface?",
      "options": [
        "To bind different types of organic compounds",
        "To make soil look colorful",
        "To attract water only",
        "To repel carbon"
      ],
      "correct_answer": "To bind different types of organic compounds"
    },
    {
      "question": "Who led the study mentioned in the summary?",
      "options": [
        "Ludmilla Aristilde",
        "Jiaxing Wang",
        "Benjamin Barrios Cerda",
        "A random scientist"
      ],
      "correct_answer": "Ludmilla Aristilde"
    },
    {
      "question": "Why is understanding carbon trapping important?",
      "options": [
        "To mitigate climate change by reducing greenhouse gases",
        "To increase soil fertility",
        "To discover new minerals",
        "To study ocean currents"
      ],
      "correct_answer": "To mitigate climate change by reducing greenhouse gases"
    },
    {
      "question": "What techniques were used in the study?",
      "options": [
        "Molecular modeling and atomic force microscopy",
        "Only telescopes",
        "Only chemical tests",
        "Surveys"
      ],
      "correct_answer": "Molecular modeling and atomic force microscopy"
    },
    {
      "question": "How long can ferrihydrite hold carbon?",
      "options": [
        "Decades or centuries",
        "A few weeks",
        "One year",
        "Indefinitely"
      ],
      "correct_answer": "Decades or centuries"
    }
  ],
  "background_read": [
    "Iron oxide minerals, such as ferrihydrite, are common in soils and play a key role in the global carbon cycle by trapping organic carbon. Soil acts as a massive carbon sink, second only to the ocean, storing carbon that would otherwise contribute to climate change as greenhouse gases. Researchers study these minerals to understand natural processes that can help combat global warming. The study from Northwestern University provides insights into surface chemistry, showing how varied binding mechanisms allow minerals to capture diverse organic materials, which is essential for predicting carbon retention in environmental systems."
  ],
  "Article_Structure": [
    "Main Points: Ferrihydrite uses multiple binding mechanisms like electrical and chemical bonds to trap carbon, with a patchy surface enabling interaction with various organic compounds. Purpose: To explain the chemistry behind carbon storage in iron minerals and its role in mitigating climate change. Evidence Evaluation: High-resolution molecular modeling and atomic force microscopy provide strong, detailed evidence of surface properties. Author Credibility: Led by Professor Ludmilla Aristilde, an expert in environmental engineering with affiliations to sustainability institutes. Methodology: The study combined computational modeling and microscopy to analyze ferrihydrite's surface structure and binding processes."
  ],
  "perspectives": [
    {
      "perspective": "Scientific",
      "description": "This research advances understanding of mineral-carbon interactions, offering quantitative data on binding mechanisms for environmental science."
    }
  ],
  "image_url": "/article_images/article_0b3c14b76fd62bc2_bf57b5d4e853.webp"
}