{
  "title": "Catherine's Campaign Against Addiction Stigma",
  "summary": "Princess Catherine has issued a strong message calling for an end to the stigma surrounding addiction, emphasizing that it should be viewed as a complex mental health condition rather than a personal failure. As patron of The Forward Trust, she is promoting Addiction Awareness Week from 23-30 November, urging society to offer empathy and support to those struggling with dependencies on alcohol, drugs, or gambling. Catherine highlights that stigma perpetuates shame and fear, driving addiction underground and harming families and communities. She draws parallels between addiction and mental health issues, noting that progress has been made in understanding, but more action is needed. By encouraging open conversations and compassion, she aims to bring addiction out of the shadows, making it easier for individuals to seek help from organizations like The Forward Trust. This builds on her previous advocacy, including personal support in 2022, and features collaborations like a video from former athlete Tony Adams, showcasing the power of dialogue in recovery.",
  "keywords": [
    {
      "term": "stigma",
      "explanation": "a negative stereotype or discrimination that leads to social exclusion and shame"
    },
    {
      "term": "addiction",
      "explanation": "a chronic condition characterized by compulsive engagement in rewarding stimuli despite adverse consequences"
    },
    {
      "term": "empathy",
      "explanation": "the ability to understand and share the feelings of another, fostering supportive relationships"
    },
    {
      "term": "mental health condition",
      "explanation": "a disorder that affects mood, thinking, and behavior, often requiring treatment and understanding"
    },
    {
      "term": "patron",
      "explanation": "a person who supports and promotes an organization, lending credibility and visibility"
    },
    {
      "term": "recovery",
      "explanation": "the process of overcoming addiction through treatment, support, and personal effort"
    },
    {
      "term": "advocacy",
      "explanation": "public support for a cause or policy to bring about change"
    },
    {
      "term": "compassion",
      "explanation": "a deep awareness of others' suffering with a desire to alleviate it"
    }
  ],
  "questions": [
    {
      "question": "What role does Catherine play in The Forward Trust?",
      "options": [
        "Patron",
        "Doctor",
        "Teacher",
        "Manager"
      ],
      "correct_answer": "Patron"
    },
    {
      "question": "According to Catherine, how should addiction be treated?",
      "options": [
        "With empathy and support",
        "With punishment",
        "With indifference",
        "With secrecy"
      ],
      "correct_answer": "With empathy and support"
    },
    {
      "question": "What is the main goal of Addiction Awareness Week?",
      "options": [
        "To reduce stigma and promote support",
        "To increase addiction rates",
        "To ignore mental health",
        "To celebrate addiction"
      ],
      "correct_answer": "To reduce stigma and promote support"
    },
    {
      "question": "How does stigma affect people with addiction?",
      "options": [
        "It makes them feel ashamed and isolated",
        "It helps them recover faster",
        "It has no effect",
        "It makes them happy"
      ],
      "correct_answer": "It makes them feel ashamed and isolated"
    },
    {
      "question": "What does Catherine compare addiction to?",
      "options": [
        "A mental health condition",
        "A physical illness",
        "A hobby",
        "A job"
      ],
      "correct_answer": "A mental health condition"
    },
    {
      "question": "Who else is involved in the campaign mentioned in the article?",
      "options": [
        "Tony Adams",
        "A famous singer",
        "A politician",
        "A scientist"
      ],
      "correct_answer": "Tony Adams"
    },
    {
      "question": "What is a key method Catherine suggests for helping recovery?",
      "options": [
        "Having open conversations",
        "Keeping secrets",
        "Avoiding help",
        "Blaming others"
      ],
      "correct_answer": "Having open conversations"
    },
    {
      "question": "When did Catherine first launch Addiction Awareness Week?",
      "options": [
        "2021",
        "2020",
        "2022",
        "2023"
      ],
      "correct_answer": "2021"
    }
  ],
  "background_read": [
    "Addiction is a serious public health issue involving compulsive behaviors like substance abuse or gambling, often linked to genetic, environmental, and psychological factors. Stigma arises from misconceptions that addiction is a moral failing, leading to discrimination and barriers to treatment. Mental health conditions, such as depression or anxiety, can co-occur with addiction, complicating recovery. The Forward Trust is a UK-based charity focused on rehabilitation through counseling and community support. Historical efforts to address addiction have evolved from punishment to medical approaches, emphasizing the need for compassionate policies. Understanding these elements helps in appreciating Catherine's advocacy for reducing stigma and fostering a supportive environment for recovery, which aligns with broader global health initiatives."
  ],
  "Article_Structure": [
    "This article outlines Princess Catherine's advocacy to end stigma around addiction, highlighting key points like its classification as a mental health condition and the harmful effects of shame. The purpose is to raise public awareness and encourage supportive attitudes, using evidence from her role as patron and collaborations with figures like Tony Adams. Evidence evaluation shows reliance on authoritative sources such as charity campaigns and personal statements, though it lacks statistical data. Author credibility is high due to Catherine's royal status and ongoing mental health work, but potential bias exists as she promotes a specific charity. Methodology involves public messaging and campaign launches, gathering information through speeches and media, making it persuasive for social change but limited in empirical depth."
  ],
  "perspectives": [
    {
      "perspective": "Advocacy perspective",
      "description": "Catherine uses her influence to promote empathy and reduce stigma, viewing addiction as a health issue."
    },
    {
      "perspective": "Skeptical perspective",
      "description": "Some may question the effectiveness of awareness campaigns without concrete data on outcomes."
    }
  ],
  "image_url": "/article_images/article_83a7dcb71badef7c_4ef9bc7dbfe8.webp"
}