{
  "title": "Regret and Reconciliation in Sports Biography: Analyzing Hamed and Ingle's Legacy",
  "summary": "This article critically examines the fractured relationship between Prince Naseem Hamed, a former world featherweight boxing champion, and his trainer Brendan Ingle, set against the backdrop of the new biopic Giant. It traces Hamed's ascent from a seven-year-old in Sheffield to a global superstar by age 21, under Ingle's mentorship, which was characterized by intense training and financial agreements, including Ingle's 25% share of fight purses. The deterioration of their bond is attributed to escalating tensions over monetary disputes and the publication of Nick Pitt's 1998 book, The Paddy and The Prince, which exacerbated conflicts, leading to a definitive split after Hamed's victory over Wayne McCullough. Despite Hamed's persistent efforts at reconciliation post-retirement, Ingle's refusal to engage left their relationship unresolved until Ingle's death in 2018. The film Giant, featuring Pierce Brosnan and Amir El-Masry, dramatizes this narrative, incorporating an imagined reconciliation scene that Hamed acknowledges as a poignant, unrealized desire. The article delves into broader themes of regret, the commercialization of sports, the ethics of trainer-athlete dynamics, and the mediation of personal histories through cinematic representation, offering a nuanced reflection on legacy and emotional closure in athletic careers.",
  "keywords": [
    {
      "term": "commercialization",
      "explanation": "the process of managing something primarily for financial gain, often impacting personal relationships"
    },
    {
      "term": "trainer-athlete dynamics",
      "explanation": "the complex interpersonal and professional relationships between coaches and athletes, involving power, trust, and financial arrangements"
    },
    {
      "term": "cinematic representation",
      "explanation": "the portrayal of real events or people in films, which can shape public perception and historical memory"
    },
    {
      "term": "emotional closure",
      "explanation": "the psychological process of resolving feelings and achieving peace after a traumatic or unresolved event"
    },
    {
      "term": "biographical mediation",
      "explanation": "the way life stories are interpreted and presented through media, influencing how they are understood"
    },
    {
      "term": "legacy management",
      "explanation": "the efforts to control and shape how one's achievements and failures are remembered over time"
    }
  ],
  "questions": [
    {
      "question": "What role did financial agreements play in the strain between Hamed and Ingle?",
      "options": [
        "Ingle's 25% cut of purses caused disputes",
        "Hamed refused to pay any fees",
        "They had no financial agreements",
        "Ingle gave all money to charity"
      ],
      "correct_answer": "Ingle's 25% cut of purses caused disputes"
    },
    {
      "question": "How did The Paddy and The Prince book affect their relationship?",
      "options": [
        "It soured it by criticizing their dynamic",
        "It praised their partnership",
        "It had no impact",
        "It was written by Hamed"
      ],
      "correct_answer": "It soured it by criticizing their dynamic"
    },
    {
      "question": "What is the significance of the imagined reconciliation scene in Giant?",
      "options": [
        "It represents Hamed's unrealized desire for closure",
        "It is based on a real event",
        "It criticizes Ingle's actions",
        "It focuses on boxing techniques"
      ],
      "correct_answer": "It represents Hamed's unrealized desire for closure"
    },
    {
      "question": "How does the article address the ethics of trainer-athlete relationships?",
      "options": [
        "By discussing financial and emotional boundaries",
        "By ignoring ethical concerns",
        "By only focusing on successes",
        "By blaming Hamed entirely"
      ],
      "correct_answer": "By discussing financial and emotional boundaries"
    },
    {
      "question": "What broader theme does Hamed's regret illustrate about sports careers?",
      "options": [
        "The emotional toll of unresolved personal conflicts",
        "The importance of winning championships",
        "The need for more movies about boxers",
        "The decline of boxing popularity"
      ],
      "correct_answer": "The emotional toll of unresolved personal conflicts"
    },
    {
      "question": "How does the film Giant mediate Hamed and Ingle's history?",
      "options": [
        "By dramatizing events to engage audiences",
        "By presenting factual documentaries",
        "By ignoring key conflicts",
        "By focusing only on Ingle's perspective"
      ],
      "correct_answer": "By dramatizing events to engage audiences"
    },
    {
      "question": "What methodological approach does the article use to gather information?",
      "options": [
        "Interviews with Hamed and historical references",
        "Scientific experiments",
        "Surveys of other boxers",
        "Fictional storytelling"
      ],
      "correct_answer": "Interviews with Hamed and historical references"
    },
    {
      "question": "How does the article assess the credibility of its sources?",
      "options": [
        "It relies on Hamed's quotes but lacks Ingle's perspective",
        "It uses multiple eyewitness accounts",
        "It cites academic studies",
        "It dismisses all personal accounts"
      ],
      "correct_answer": "It relies on Hamed's quotes but lacks Ingle's perspective"
    },
    {
      "question": "What critical limitation does the article have in its analysis?",
      "options": [
        "Lack of balance by omitting Ingle's viewpoint",
        "Too much focus on boxing techniques",
        "Over-reliance on fictional elements",
        "Ignoring the film's impact"
      ],
      "correct_answer": "Lack of balance by omitting Ingle's viewpoint"
    },
    {
      "question": "How does Hamed's story reflect on legacy management in sports?",
      "options": [
        "It shows how personal regrets can shape public memory",
        "It emphasizes only athletic achievements",
        "It argues for forgetting past conflicts",
        "It criticizes all biopics as inaccurate"
      ],
      "correct_answer": "It shows how personal regrets can shape public memory"
    }
  ],
  "background_read": [
    "Prince Naseem Hamed's career epitomized the glamour and controversy of 1990s boxing, with his unorthodox style and charismatic persona challenging traditional norms. Brendan Ingle, a pioneering trainer from Ireland, built a reputation for developing champions through a holistic approach that blended boxing with life skills. Their partnership, while highly successful, was fraught with the complexities of modern sports management, including contract negotiations and media portrayal. The article situates their story within broader discourses on sports ethics, the commodification of athletic talent, and the role of cinema in reconstructing historical narratives. This background is essential for analyzing the interplay between personal regret, professional dynamics, and cultural representation in shaping athletic legacies."
  ],
  "Article_Structure": [
    "Main Points: The article analyzes the rise and dissolution of the Hamed-Ingle relationship, emphasizing financial conflicts and media influence as catalysts, with Hamed's post-career regret highlighting unresolved emotional issues. Purpose: To critically explore how sports biographies mediate personal histories, using Hamed's case to discuss themes like commercialization, trainer-athlete ethics, and cinematic representation in shaping legacy. Evidence Evaluation: Sources include direct interviews with Hamed, providing subjective but heartfelt accounts, and historical facts (e.g., fight records, book publication), but the evidence is limited by the absence of Ingle's perspective, reducing objectivity. Author Credibility: As BBC Entertainment content, it balances journalistic rigor with narrative appeal, though potential bias towards dramatization may affect analytical depth. Methodology: The article employs qualitative methods through Hamed's interviews and contextual references, presented in an engaging narrative style, but lacks systematic research or diverse sourcing. Critical Assessment: Strengths include emotional resonance and clear thematic exploration, but limitations involve one-sided storytelling and insufficient critical interrogation of the film's accuracy or broader sports industry issues."
  ],
  "perspectives": [
    {
      "perspective": "Hamed's emotional legacy",
      "description": "He views his unresolved conflict with Ingle as a profound personal failure, influencing how his career is remembered."
    }
  ],
  "image_url": "/article_images/article_20030556c2e326a9_e067574993fe.webp"
}