{
  "title": "A Critical Fact-Check of Trump's Presidential Plaques: Misinformation and Political Narratives",
  "summary": "This article, originally from PolitiFact and authored by Louis Jacobson, critically examines President Donald Trump's unconventional installation of bronze plaques along a White House walkway, which depart from tradition by emulating his Truth Social posts and containing demonstrably false or misleading assertions about recent Democratic presidents. It systematically fact-checks key claims: for Joe Biden, the plaque alleges he assumed office through a corrupt election, but this is refuted by over 60 lost lawsuits and investigations by Republican groups finding no evidence of fraud. Additionally, it inaccurately states Biden presided over the highest inflation ever, whereas historical data indicates peaks in the late 1970s and early 1980s. Regarding Barack Obama, the plaque characterizes him as divisive despite Gallup polls showing high favorability, labels the Affordable Care Act ineffective despite reducing uninsured rates from 14.8% to 8.6%, and falsely accuses him of spying on Trump's 2016 campaign, with bipartisan Senate reports confirming no political influence in FBI probes. The analysis underscores the proliferation of misinformation in political discourse and the imperative of rigorous fact-checking to uphold democratic integrity, utilizing a methodology that cross-references claims with legal, economic, and polling evidence to assess credibility and bias.",
  "keywords": [
    {
      "term": "demonstrably false",
      "explanation": "proven to be untrue through clear evidence"
    },
    {
      "term": "nonpartisan",
      "explanation": "not biased toward any political party"
    },
    {
      "term": "proliferation",
      "explanation": "rapid increase or spread of something"
    },
    {
      "term": "integrity",
      "explanation": "the quality of being honest and having strong moral principles"
    },
    {
      "term": "cross-references",
      "explanation": "compares information from multiple sources to verify accuracy"
    }
  ],
  "questions": [
    {
      "question": "What distinguishes Trump's plaques from traditional presidential commemorations?",
      "options": [
        "They mimic Truth Social posts",
        "They are made of gold",
        "They omit historical facts",
        "They are written by historians"
      ],
      "correct_answer": "They mimic Truth Social posts"
    },
    {
      "question": "How many lawsuits did Trump and allies lose contesting the 2020 election?",
      "options": [
        "More than 60",
        "About 10",
        "None",
        "All of them"
      ],
      "correct_answer": "More than 60"
    },
    {
      "question": "What was the uninsured rate in America after the Affordable Care Act's full implementation?",
      "options": [
        "8.6%",
        "14.8%",
        "20%",
        "5%"
      ],
      "correct_answer": "8.6%"
    },
    {
      "question": "What do Gallup polls indicate about Obama's favorability compared to other presidents?",
      "options": [
        "Highest among past five presidents",
        "Lowest",
        "Similar to Trump's",
        "Not measured"
      ],
      "correct_answer": "Highest among past five presidents"
    },
    {
      "question": "What methodology does the article use to evaluate plaque claims?",
      "options": [
        "Cross-referencing with legal and economic data",
        "Relying on social media",
        "Conducting new surveys",
        "Using personal anecdotes"
      ],
      "correct_answer": "Cross-referencing with legal and economic data"
    },
    {
      "question": "Who conducted the investigation into Trump's fraud claims mentioned in the article?",
      "options": [
        "Republicans including former federal judges",
        "Democratic committees",
        "International observers",
        "The White House"
      ],
      "correct_answer": "Republicans including former federal judges"
    },
    {
      "question": "What is the broader implication of the article's findings?",
      "options": [
        "Highlights misinformation in politics",
        "Supports Trump's narratives",
        "Criticizes all presidents equally",
        "Focuses on White House aesthetics"
      ],
      "correct_answer": "Highlights misinformation in politics"
    },
    {
      "question": "What source is the article originally from?",
      "options": [
        "PolitiFact",
        "Truth Social",
        "White House press",
        "Gallup"
      ],
      "correct_answer": "PolitiFact"
    },
    {
      "question": "How does the article assess author credibility?",
      "options": [
        "By noting Louis Jacobson's role at PolitiFact",
        "By listing his political affiliations",
        "By citing his personal opinions",
        "By ignoring it"
      ],
      "correct_answer": "By noting Louis Jacobson's role at PolitiFact"
    },
    {
      "question": "What critical limitation might the article have?",
      "options": [
        "Potential bias in source selection",
        "Lack of evidence",
        "Focus on only one political side",
        "Being too lengthy"
      ],
      "correct_answer": "Potential bias in source selection"
    }
  ],
  "background_read": [
    "This article provides an in-depth fact-check of President Donald Trump's bronze plaques at the White House, which present misleading narratives about Joe Biden and Barack Obama. The background includes the 2020 election controversy, with numerous failed legal challenges and bipartisan reviews debunking fraud claims. It covers economic history, noting inflation trends from the 1970s, and healthcare policy under the Affordable Care Act, supported by data on insurance coverage. Additionally, it references Gallup polling on presidential favorability and FBI investigations into Russian interference. Understanding this context is crucial for high school students to analyze how political misinformation is constructed and countered through evidence-based journalism, highlighting the role of fact-checking organizations like PolitiFact in maintaining public trust."
  ],
  "Article_Structure": [
    "Main Points: The article deconstructs false claims on Trump's plaques regarding election integrity, inflation, Obama's legacy, and spying allegations, using verifiable data. Purpose: To critique the dissemination of misinformation in political commemorations and advocate for factual accuracy in public discourse. Evidence Evaluation: Critically assesses sources like lawsuit outcomes, economic records, and bipartisan reports, noting their reliability. Author Credibility: Louis Jacobson's expertise as a PolitiFact reporter lends nonpartisan authority. Methodology: Employs comparative analysis of plaque statements against empirical evidence from legal, economic, and polling databases. Critical Assessment: Strengths include thorough sourcing and clear debunking; limitations may involve potential selection bias in focusing on Democratic presidents, though it aligns with the plaques' content."
  ],
  "perspectives": [
    {
      "perspective": "Critical media analysis",
      "description": "The article exemplifies how fact-checking journalism can counteract political misinformation by rigorously evaluating claims against objective evidence."
    }
  ],
  "image_url": "/article_images/article_be5e9cba35a91a7c_8eb511e387c6.webp"
}