{
  "title": "Architectural Development Versus Literary Heritage: The Controversy Over Talland House's View",
  "summary": "A contentious development project in St Ives, Cornwall, involves the construction of a five-storey residential building, Elvan House, in front of Talland House, the Grade-II listed former holiday home of Virginia Woolf. The view from Talland House across St Ives Bay to Godrevy lighthouse is historically significant, having inspired Woolf's modernist masterpiece 'To the Lighthouse' and permeating other works such as 'Jacob's Room' and 'The Waves'. Planning permission was initially granted in 2009, with work commencing recently amid a review of amendments. Critics, including local author Patrick Gale and Emeritus Professor Maggie Humm of the Virginia Woolf Society of Great Britain, condemn the project as cultural vandalism, emphasizing the view's indelible association with Woolf's literary output and global pilgrimage site for Woolfians. Conversely, Windingbrook Developments, led by managing director Richard Gartside, asserts that the revised scheme maintains the original scale and massing, with valid planning permissions upheld by lawful commencement notices. This dispute underscores broader tensions between urban development imperatives and the preservation of cultural and historical landmarks, raising questions about heritage valuation in contemporary planning frameworks.",
  "keywords": [
    {
      "term": "Elvan House",
      "explanation": "the proposed development name, referencing local granite, part of the updated planning proposal by Windingbrook Developments"
    },
    {
      "term": "modernist masterpiece",
      "explanation": "refers to 'To the Lighthouse', a key work in Woolf's oeuvre that exemplifies modernist literary techniques influenced by the view"
    },
    {
      "term": "cultural vandalism",
      "explanation": "a critical term denoting destruction or degradation of cultural assets, used here to describe the development's perceived impact"
    },
    {
      "term": "lawful commencement notice",
      "explanation": "a legal provision that validates planning permissions by initiating work, cited by developers to justify project continuity"
    },
    {
      "term": "heritage valuation",
      "explanation": "the process of assessing the cultural, historical, and artistic worth of sites like Talland House in planning decisions"
    },
    {
      "term": "Woolfians",
      "explanation": "devotees of Virginia Woolf's work who engage in literary tourism, emphasizing the view's symbolic importance"
    },
    {
      "term": "Grade-II listed",
      "explanation": "a statutory designation in the UK for buildings of special interest, affording some protection but not absolute preservation"
    },
    {
      "term": "planning amendments",
      "explanation": "modifications to originally approved development plans, subject to council review and public consultation"
    },
    {
      "term": "St Ives Bay",
      "explanation": "the geographical setting that includes the view from Talland House, central to the controversy"
    },
    {
      "term": "Richard Gartside",
      "explanation": "managing director of Windingbrook Developments, representing the pro-development perspective in the article"
    }
  ],
  "questions": [
    {
      "question": "What is the significance of the view from Talland House in Virginia Woolf's literary career?",
      "options": [
        "It inspired 'To the Lighthouse' and other modernist works",
        "It was the setting for her first novel",
        "It is mentioned only in her diaries",
        "It influenced her political writings"
      ],
      "correct_answer": "It inspired 'To the Lighthouse' and other modernist works"
    },
    {
      "question": "How does Windingbrook Developments justify the validity of their planning permission?",
      "options": [
        "By citing a lawful commencement notice from over a decade ago",
        "By claiming public support for the project",
        "By arguing that the view is not historically important",
        "By reducing the number of apartments"
      ],
      "correct_answer": "By citing a lawful commencement notice from over a decade ago"
    },
    {
      "question": "What role does the Virginia Woolf Society play in this controversy?",
      "options": [
        "Advocating for preservation of the view as part of Woolf's legacy",
        "Funding the development project",
        "Approving planning amendments",
        "Conducting archaeological surveys"
      ],
      "correct_answer": "Advocating for preservation of the view as part of Woolf's legacy"
    },
    {
      "question": "What does the term 'Grade-II listed' imply about Talland House?",
      "options": [
        "It has special architectural or historical interest",
        "It is open to the public year-round",
        "It cannot be modified in any way",
        "It is owned by the government"
      ],
      "correct_answer": "It has special architectural or historical interest"
    },
    {
      "question": "What broader issue does this controversy highlight in urban planning?",
      "options": [
        "Tensions between development and cultural heritage preservation",
        "The need for more housing in rural areas",
        "The efficiency of planning permission processes",
        "The impact of tourism on local economies"
      ],
      "correct_answer": "Tensions between development and cultural heritage preservation"
    },
    {
      "question": "How does Patrick Gale characterize the development?",
      "options": [
        "As a preposterous piece of cultural vandalism",
        "As a necessary economic boost",
        "As an architectural innovation",
        "As a tribute to Virginia Woolf"
      ],
      "correct_answer": "As a preposterous piece of cultural vandalism"
    },
    {
      "question": "What is Elvan House named after?",
      "options": [
        "The type of granite found on the site",
        "A local historical figure",
        "Virginia Woolf's pseudonym",
        "A character from 'To the Lighthouse'"
      ],
      "correct_answer": "The type of granite found on the site"
    },
    {
      "question": "What evidence does the article provide for the view's importance in Woolf's novels?",
      "options": [
        "Quotes from Maggie Humm listing specific works",
        "Sales data from her books",
        "Interviews with modern architects",
        "Government reports on tourism"
      ],
      "correct_answer": "Quotes from Maggie Humm listing specific works"
    },
    {
      "question": "What is the main argument of Windingbrook Developments regarding the project's scale?",
      "options": [
        "It remains broadly the same as the original scheme",
        "It has been significantly reduced",
        "It exceeds previous approvals",
        "It is temporary and reversible"
      ],
      "correct_answer": "It remains broadly the same as the original scheme"
    },
    {
      "question": "How does the article address the methodology of gathering information?",
      "options": [
        "Through quotes from stakeholders and factual reporting on permissions",
        "By conducting original surveys of local residents",
        "By analyzing Woolf's unpublished manuscripts",
        "By comparing with similar developments worldwide"
      ],
      "correct_answer": "Through quotes from stakeholders and factual reporting on permissions"
    }
  ],
  "background_read": [
    "Virginia Woolf (1882-1941) was a central figure in the Bloomsbury Group and a pioneer of modernist literature, renowned for stream-of-consciousness narrative techniques. Her childhood summers at Talland House in St Ives profoundly shaped her aesthetic sensibilities, with the view of Godrevy lighthouse becoming a leitmotif in works like 'To the Lighthouse', which explores themes of perception and memory. Talland House holds Grade-II listed status, reflecting its architectural and historical value under UK heritage laws. The current controversy arises from a 2009 planning permission for a development by Windingbrook Developments, now under amendment review. Stakeholders include literary scholars, such as Emeritus Professor Maggie Humm, who emphasize the view's cultural capital, and developers like Richard Gartside, who prioritize regulatory compliance and housing delivery. This case exemplifies ongoing debates in heritage management, where economic development often clashes with intangible cultural values, necessitating critical assessment of planning frameworks and stakeholder engagement."
  ],
  "Article_Structure": [
    "Main Points: The article details a development in St Ives threatening a view from Talland House that inspired Virginia Woolf's 'To the Lighthouse', with critics decrying cultural vandalism and developers defending legal permissions. Purpose: To examine the conflict between urban development and cultural preservation, providing a platform for diverse perspectives on heritage valuation. Evidence Evaluation: Sources include direct quotes from key figures like Patrick Gale and Richard Gartside, and references to planning documents, but lacks independent analysis of environmental or economic impacts. Author Credibility: BBC reporting ensures factual accuracy and balance, though depth is limited by news format constraints. Methodology: Relies on journalistic interviews and public records, with no original research or data collection. Critical Assessment: Strengths include clear presentation of opposing views and historical context; limitations involve superficial treatment of planning law complexities and minimal exploration of alternative solutions."
  ],
  "perspectives": [
    {
      "perspective": "Cultural heritage advocates",
      "description": "Argue for preserving the view as an intangible cultural asset linked to Woolf's literary legacy, emphasizing its global significance and tourism value."
    },
    {
      "perspective": "Development proponents",
      "description": "Focus on legal entitlements and housing needs, viewing the project as a compliant development that contributes to local economy without substantial harm."
    }
  ],
  "image_url": "/article_images/article_a27af50886b61a27_0ee421cecff1.webp"
}