{
  "title": "Legal and Constitutional Ramifications of Andrew's Arrest",
  "summary": "Andrew Mountbatten-Windsor, formerly Prince Andrew and brother to King Charles, was arrested on suspicion of misconduct in public office, a serious allegation under English common law that involves corrupt or improper exercise of public duties. He was detained at Aylsham police station in Norfolk, undergoing standard custody procedures such as mugshot, fingerprinting, and DNA sampling, before being released under investigation—a status indicating no immediate charges but ongoing scrutiny. Thames Valley Police concurrently executed searches at multiple locations, including his former residence Royal Lodge in Berkshire and the Sandringham Estate in Norfolk, to gather evidence. Andrew has vehemently denied any wrongdoing, and the Crown Prosecution Service, in collaboration with police, will assess whether to prosecute, a decision that may take weeks and hinges on evidentiary thresholds. This incident not only underscores legal protocols for high-profile individuals but also raises questions about Andrew's position in the line of succession, potentially influencing royal family dynamics and public perception amid broader discussions on accountability and monarchy reform.",
  "keywords": [
    {
      "term": "misconduct in public office",
      "explanation": "a criminal offense at common law involving breach of trust by a public official, requiring proof of corrupt or dishonest intent"
    },
    {
      "term": "released under investigation",
      "explanation": "a post-arrest status where suspects are freed without bail conditions while inquiries continue, reflecting evidential complexities"
    },
    {
      "term": "custody protocol",
      "explanation": "formalized procedures including rights advisement, biometric data collection, and welfare checks, as mandated by the Police and Criminal Evidence Act 1984"
    },
    {
      "term": "Crown Prosecution Service",
      "explanation": "an independent prosecuting authority in England and Wales that evaluates evidence against the Code for Crown Prosecutors to determine charges"
    },
    {
      "term": "line of succession",
      "explanation": "the constitutional order for royal inheritance, subject to parliamentary statutes and potentially affected by personal conduct under the Succession to the Crown Act 2013"
    }
  ],
  "questions": [
    {
      "question": "What legal framework governs Andrew's arrest for misconduct in public office?",
      "options": [
        "English common law",
        "European Union law",
        "International human rights law",
        "Royal decrees"
      ],
      "correct_answer": "English common law"
    },
    {
      "question": "What does 'released under investigation' imply about the evidence against Andrew?",
      "options": [
        "Insufficient for immediate charges but investigation continues",
        "Evidence is conclusive and charges are pending",
        "All evidence has been dismissed",
        "He has been fully exonerated"
      ],
      "correct_answer": "Insufficient for immediate charges but investigation continues"
    },
    {
      "question": "Which legislation outlines custody procedures followed during Andrew's detention?",
      "options": [
        "Police and Criminal Evidence Act 1984",
        "Human Rights Act 1998",
        "Monarchy Act of 1701",
        "Criminal Justice Act 2003"
      ],
      "correct_answer": "Police and Criminal Evidence Act 1984"
    },
    {
      "question": "What role does the Crown Prosecution Service play in this case?",
      "options": [
        "Evaluating evidence to decide on prosecution",
        "Arresting suspects directly",
        "Defending Andrew in court",
        "Setting royal succession rules"
      ],
      "correct_answer": "Evaluating evidence to decide on prosecution"
    },
    {
      "question": "How might the Succession to the Crown Act 2013 relate to Andrew's situation?",
      "options": [
        "It could influence his place in line for the throne based on conduct",
        "It automatically removes him from succession",
        "It grants him immunity from prosecution",
        "It requires public voting on his status"
      ],
      "correct_answer": "It could influence his place in line for the throne based on conduct"
    },
    {
      "question": "What evidence-gathering methods are mentioned in the article?",
      "options": [
        "Police searches and biometric data collection",
        "Only witness testimonies",
        "Social media monitoring",
        "Royal family interviews"
      ],
      "correct_answer": "Police searches and biometric data collection"
    },
    {
      "question": "Why is Andrew's case significant beyond legal aspects?",
      "options": [
        "It impacts royal family integrity and public accountability",
        "It sets a new legal precedent for all citizens",
        "It focuses solely on personal finances",
        "It is unrelated to constitutional matters"
      ],
      "correct_answer": "It impacts royal family integrity and public accountability"
    },
    {
      "question": "What is a potential limitation in the article's reporting?",
      "options": [
        "Reliance on official statements without defense perspectives",
        "In-depth analysis of Andrew's legal strategy",
        "Comprehensive court documents",
        "Interviews with all involved parties"
      ],
      "correct_answer": "Reliance on official statements without defense perspectives"
    },
    {
      "question": "How does the article address author credibility?",
      "options": [
        "By citing BBC News as a source but noting lack of original investigation",
        "By providing personal opinions on Andrew's guilt",
        "By referencing anonymous sources exclusively",
        "By ignoring police procedures"
      ],
      "correct_answer": "By citing BBC News as a source but noting lack of original investigation"
    },
    {
      "question": "What broader societal issue does Andrew's arrest highlight?",
      "options": [
        "Accountability of public figures and monarchy reform",
        "Technological advancements in policing",
        "Economic policies affecting royals",
        "International diplomacy challenges"
      ],
      "correct_answer": "Accountability of public figures and monarchy reform"
    }
  ],
  "background_read": [
    "Andrew Mountbatten-Windsor is a controversial figure in the British royal family, with prior associations to Jeffrey Epstein leading to public scrutiny. Misconduct in public office is a common law offense in the UK, requiring proof that a public official acted corruptly or dishonestly in their role, often tried in crown courts. The Police and Criminal Evidence Act 1984 regulates arrest and custody procedures, ensuring rights protection. The Crown Prosecution Service operates under the Code for Crown Prosecutors, assessing evidence sufficiency and public interest. The line of succession, governed by the Succession to the Crown Act 2013, can be influenced by personal conduct, though removal is rare and involves complex constitutional processes. This case intersects legal, royal, and media dynamics, reflecting ongoing debates about transparency and reform in modern monarchies."
  ],
  "Article_Structure": [
    "This article analyzes Andrew's arrest for misconduct in public office, detailing main points: his detention, release under investigation, and ongoing police searches. The purpose is to report on legal proceedings with implications for royal succession, evaluating evidence from official police statements and standard custody protocols. Author credibility is based on BBC News' reputation, though the methodology relies on secondary sources without original investigation, limiting critical depth. A critical assessment notes strengths in factual reporting but weaknesses in exploring defense arguments or long-term constitutional impacts, highlighting the need for balanced coverage in high-profile cases."
  ],
  "perspectives": [
    {
      "perspective": "Legal Scholar",
      "description": "Emphasizes procedural rigor and evidentiary standards under UK law, questioning charge likelihood."
    },
    {
      "perspective": "Constitutional Expert",
      "description": "Discusses implications for monarchy stability and succession laws amid public accountability demands."
    }
  ],
  "image_url": "/article_images/article_ae98d71ceba74bef_61ee3371f8de.webp"
}