{
  "title": "Strategic Partnership and Resilience: Neal Skupski's Path to the Australian Open Doubles Final",
  "summary": "Neal Skupski, a seasoned British doubles specialist, has secured a place in the men's doubles final at the Australian Open with his new American partner, Christian Harrison. As the sixth seeds, they triumphed over the third-seeded duo Marcel Granollers and Horacio Zeballos in a closely contested match, 6-3 7-6 (9-7), marking their inaugural Grand Slam collaboration. This achievement follows Skupski's previous partnership with Joe Salisbury, which culminated in 2025 with appearances in all four Grand Slam finals, though Salisbury subsequently announced a hiatus from professional tennis due to anxiety. Skupski's strategic decision to partner with Harrison, driven by limited availability of players and complementary playing styles, has yielded immediate success, underscoring the volatile nature of doubles alliances. In an interview with BBC Radio 5 Live, Skupski elaborated on the partnership's dynamics, expressing optimism and confidence ahead of the final against Australian wildcards Jason Kubler and Marc Polmans. Furthermore, Skupski provided insights into Salisbury's current activities, including travel and potential return in April, highlighting the interpersonal aspects of professional sports. The article not only chronicles a sporting milestone but also explores themes of adaptation, mental health in athletics, and the intricacies of team formation in high-stakes environments.",
  "keywords": [
    {
      "term": "doubles specialist",
      "explanation": "a tennis player who focuses primarily on doubles matches, often developing specific strategies and skills"
    },
    {
      "term": "volatile alliances",
      "explanation": "the unpredictable and often short-lived nature of partnerships in professional sports due to various factors"
    },
    {
      "term": "hiatus",
      "explanation": "a temporary break or pause from an activity, such as a career in sports"
    },
    {
      "term": "complementary styles",
      "explanation": "playing techniques that enhance each other's strengths in a team, leading to better performance"
    },
    {
      "term": "interpersonal dynamics",
      "explanation": "the relationships and interactions between individuals, influencing teamwork and outcomes"
    }
  ],
  "questions": [
    {
      "question": "What does Skupski's victory over Granollers and Zeballos demonstrate about seeding in tournaments?",
      "options": [
        "Lower seeds can defeat higher seeds, showing unpredictability",
        "Seeding always determines match outcomes",
        "Wildcards have an advantage over seeds",
        "Seeds are irrelevant in Grand Slams"
      ],
      "correct_answer": "Lower seeds can defeat higher seeds, showing unpredictability"
    },
    {
      "question": "How does Skupski's partnership with Harrison reflect broader trends in doubles tennis?",
      "options": [
        "It shows the need for adaptability in forming new alliances",
        "It indicates a decline in professional partnerships",
        "It proves that long-term partnerships are essential",
        "It highlights the dominance of American players"
      ],
      "correct_answer": "It shows the need for adaptability in forming new alliances"
    },
    {
      "question": "What role does mental health play in the narrative of Salisbury's break?",
      "options": [
        "It emphasizes the impact of anxiety on athletic careers",
        "It is irrelevant to sports performance",
        "It suggests a lack of commitment",
        "It is a common reason for retirement"
      ],
      "correct_answer": "It emphasizes the impact of anxiety on athletic careers"
    },
    {
      "question": "How does the article use Skupski's interview to support its analysis?",
      "options": [
        "By providing firsthand insights into partnership dynamics",
        "By quoting unrelated personal anecdotes",
        "By focusing solely on match statistics",
        "By avoiding player perspectives"
      ],
      "correct_answer": "By providing firsthand insights into partnership dynamics"
    },
    {
      "question": "What critical assessment can be made of the article's coverage of Salisbury's situation?",
      "options": [
        "It briefly touches on mental health but lacks depth",
        "It provides a comprehensive psychological analysis",
        "It ignores Salisbury's perspective entirely",
        "It criticizes his decision harshly"
      ],
      "correct_answer": "It briefly touches on mental health but lacks depth"
    },
    {
      "question": "How does the methodology of gathering information affect the article's credibility?",
      "options": [
        "Interviews and scores add reliability, but lack of expert commentary may limit depth",
        "It relies solely on speculation, reducing credibility",
        "It includes extensive statistical analysis, enhancing credibility",
        "It avoids primary sources, making it less trustworthy"
      ],
      "correct_answer": "Interviews and scores add reliability, but lack of expert commentary may limit depth"
    },
    {
      "question": "What does the term 'wildcards' imply about tournament structure?",
      "options": [
        "It allows for inclusion of local or unexpected entrants, adding diversity",
        "It guarantees victory for those players",
        "It is a seeding strategy for top players",
        "It is used only in minor tournaments"
      ],
      "correct_answer": "It allows for inclusion of local or unexpected entrants, adding diversity"
    },
    {
      "question": "How does Skupski's communication with Salisbury illustrate professional relationships in tennis?",
      "options": [
        "It shows respect for personal boundaries during a break",
        "It indicates a breakdown in their partnership",
        "It suggests ongoing competitive rivalry",
        "It highlights frequent collaboration"
      ],
      "correct_answer": "It shows respect for personal boundaries during a break"
    },
    {
      "question": "What broader purpose does the article serve beyond reporting a sports result?",
      "options": [
        "It explores themes of resilience and change in athletics",
        "It focuses exclusively on match details",
        "It promotes a specific player's career",
        "It critiques tournament organization"
      ],
      "correct_answer": "It explores themes of resilience and change in athletics"
    },
    {
      "question": "How does the article evaluate the evidence of Skupski's past performance with Salisbury?",
      "options": [
        "It mentions their Grand Slam finals but does not analyze deeply",
        "It provides a detailed statistical comparison",
        "It dismisses their achievements as irrelevant",
        "It credits Salisbury entirely for their success"
      ],
      "correct_answer": "It mentions their Grand Slam finals but does not analyze deeply"
    }
  ],
  "background_read": [
    "In professional tennis, doubles requires nuanced strategies and strong interpersonal coordination, often leading to frequent partner changes. Grand Slams represent the highest level of competition, with seeding systems based on rankings influencing matchups. Mental health awareness has grown in sports, affecting player decisions and career trajectories. The Australian Open, as a hardcourt tournament, tests players' adaptability and endurance. Journalism in sports often balances factual reporting with human interest elements, using interviews and data to construct narratives."
  ],
  "Article_Structure": [
    "Main Points: Skupski's advancement to the final with Harrison highlights strategic partnership formation and resilience after Salisbury's hiatus. Purpose: To analyze Skupski's career adaptation and discuss broader implications of mental health and team dynamics in tennis. Evidence Evaluation: The article cites match scores and direct quotes, offering credible but surface-level evidence; lacks in-depth statistical or psychological analysis. Author Credibility: BBC provides reputable reporting, but the article's brevity may limit expert insight. Methodology: Relies on standard sports journalism techniques—interviews and tournament data—without original research. Critical Assessment: Strengths include timely reporting and human interest; limitations involve superficial treatment of mental health and partnership complexities."
  ],
  "perspectives": [
    {
      "perspective": "Adaptation in professional sports",
      "description": "Skupski's quick success with a new partner demonstrates how athletes must navigate changes and maintain performance under pressure."
    }
  ],
  "image_url": "/article_images/article_327ae2e4457495ed_ec32fa76fc93.webp"
}