{
  "title": "The Intersection of Historical Fidelity and Interactive Media in Total War",
  "summary": "Total War, a real-time strategy video game series developed by Creative Assembly, immerses players in historical leadership roles across diverse epochs such as ancient Rome, feudal Japan, and ancient Egypt, with over 35 million copies sold since its inception 25 years ago. The developers increasingly emphasize historical authenticity, engaging with scholars like Professor Peter Wilson, the Chichele Professor of the History of War at Oxford University, who advises on the forthcoming Total War: Medieval III. Wilson's involvement stems from a developer reading his academic work, and he contributes expertise to enhance the game's realism, such as detailing how seasonal variations impacted medieval warfare. This collaboration underscores a strategic effort to utilize video games as sophisticated educational platforms, facilitating public discourse on historical conflicts beyond conventional media like books and podcasts. The article explores the tension between accuracy and authenticity in game design, highlighting how interactive media can bridge academic research and popular culture while addressing the challenges of simplifying complex historical narratives for entertainment purposes.",
  "keywords": [
    {
      "term": "historical authenticity",
      "explanation": "the degree to which a game faithfully represents historical contexts and details"
    },
    {
      "term": "Chichele Professor",
      "explanation": "a distinguished academic position at Oxford specializing in war history"
    },
    {
      "term": "interactive media",
      "explanation": "digital platforms that enable user participation and engagement"
    },
    {
      "term": "public discourse",
      "explanation": "discussions and debates among the general population on societal issues"
    },
    {
      "term": "simplifying narratives",
      "explanation": "the process of making complex historical events more accessible for entertainment"
    }
  ],
  "questions": [
    {
      "question": "What is the primary focus of Total War developers regarding historical content?",
      "options": [
        "Maximizing profit",
        "Enhancing historical authenticity",
        "Adding fictional elements",
        "Reducing game complexity"
      ],
      "correct_answer": "B"
    },
    {
      "question": "Who is Professor Peter Wilson and what is his role?",
      "options": [
        "A game developer at Creative Assembly",
        "The Chichele Professor of the History of War advising on Medieval III",
        "A BBC journalist reporting on the series",
        "A player who provides feedback"
      ],
      "correct_answer": "B"
    },
    {
      "question": "How did Wilson become involved with Total War?",
      "options": [
        "He applied for a job as a developer",
        "A developer read his academic book",
        "He won an award for game design",
        "He was hired through a university program"
      ],
      "correct_answer": "B"
    },
    {
      "question": "What example does Wilson give to illustrate his contributions?",
      "options": [
        "Adding new character models",
        "Showing how seasons affected medieval warfare",
        "Creating fictional battles",
        "Improving graphics quality"
      ],
      "correct_answer": "B"
    },
    {
      "question": "What broader trend does the article highlight in media?",
      "options": [
        "The decline of video games",
        "The use of interactive media for historical education",
        "The increase in book sales",
        "The focus on sports entertainment"
      ],
      "correct_answer": "B"
    },
    {
      "question": "What is a key challenge mentioned in balancing game design?",
      "options": [
        "Technical limitations",
        "Simplifying complex historical narratives",
        "Finding enough developers",
        "Marketing the games globally"
      ],
      "correct_answer": "B"
    },
    {
      "question": "How many copies has Total War sold according to the article?",
      "options": [
        "25 million",
        "30 million",
        "35 million",
        "40 million"
      ],
      "correct_answer": "C"
    },
    {
      "question": "What is Total War: Medieval III?",
      "options": [
        "A historical documentary",
        "An upcoming installment in the game series",
        "A new academic book by Wilson",
        "A TV adaptation"
      ],
      "correct_answer": "B"
    },
    {
      "question": "What does the article suggest about the relationship between accuracy and authenticity?",
      "options": [
        "They are the same thing",
        "There is a tension between them in game design",
        "They are irrelevant to video games",
        "They only matter for books"
      ],
      "correct_answer": "B"
    },
    {
      "question": "What is the purpose of involving experts like Wilson?",
      "options": [
        "To reduce development costs",
        "To enhance the educational value and realism of games",
        "To attract more players through fame",
        "To change the game's genre"
      ],
      "correct_answer": "B"
    }
  ],
  "background_read": [
    "The Total War series represents a significant case study in the convergence of entertainment and education within the video game industry. As a real-time strategy franchise, it enables players to engage with historical simulations, requiring critical thinking about resource management and tactical warfare. The collaboration with academic experts, such as Professor Peter Wilson, reflects a growing recognition of games as viable mediums for disseminating scholarly research and fostering public understanding of complex historical phenomena. This trend aligns with broader discussions in media studies about the role of interactivity in learning, where games can offer immersive experiences that traditional formats may lack. However, it also raises questions about the ethical and practical challenges of representing history accurately while maintaining engaging gameplay, highlighting the need for careful balance in design and content curation."
  ],
  "Article_Structure": [
    "Main Points: Total War games integrate historical settings with strategy gameplay, leveraging expert advice for authenticity and serving as educational tools. Purpose: To examine how video games can bridge academic history and popular culture, addressing the balance between accuracy and entertainment. Evidence Evaluation: The article relies on an interview with Wilson and descriptive data on game sales, providing credible but limited qualitative evidence without peer-reviewed sources. Author Credibility: BBC Newsbeat offers journalistic reliability, though the piece is brief and may lack depth in critical analysis. Methodology: Based on a direct interview and background research, using anecdotal examples to illustrate developer-scholar collaborations. Critical Assessment: Strengths include highlighting innovative educational uses of media, but limitations involve superficial treatment of historical complexities and potential biases in promoting the game series."
  ],
  "perspectives": [
    {
      "perspective": "Cultural mediation",
      "description": "Video games as intermediaries between academic history and public engagement, navigating fidelity and accessibility"
    }
  ],
  "image_url": "/article_images/article_5503d12241258b03_538734e1049f.webp"
}