{
  "articles": [
    {
      "id": "c5d35d714bd0140b",
      "title": "Analysis of UK's Subdued Economic Growth in Q4 2025",
      "summary": "The UK economy recorded a subdued growth rate of 0.1% in the fourth quarter of 2025, marginally below expectations, as reported by the Office for National Statistics (ONS). This tepid performance was characterized by a stagnation in the services sector, which constitutes over 80% of economic output and experienced no growth for the first time in over two years, offset partially by a modest increase in manufacturing. Concurrently, the construction sector contracted by 2.1%, marking its worst quarterly performance in four years, primarily due to declines in new private housing and repair work. For the full year 2025, GDP expanded by 1.3%, a slight improvement from 1.1% in 2024 but falling short of the Bank of England's 1.4% projection. Contributing factors included Jaguar Land Rover's production recovery post-cyber-attack, which provided some support, whereas pre-Budget uncertainty regarding potential tax reforms led many firms to defer investment decisions. ONS director Liz McKeown described the overall growth as 'subdued,' while Capital Economics' chief UK economist Ruth Gregory labeled the figures 'disappointing,' suggesting a lack of economic momentum. In contrast, Chancellor Rachel Reeves contended that governmental strategies have established a foundation for interest rate reductions and positioned the UK as the fastest-growing economy among European G7 nations, highlighting divergent interpretations of economic policy efficacy.",
      "source": "BBC News",
      "time_ago": "1 hour ago",
      "image_url": "/article_images/article_c5d35d714bd0140b_a8ce929533e8.webp",
      "category": "News"
    },
    {
      "id": "197f4291cfe3a059",
      "title": "Analyzing the Cultural and Personal Impact of James Van Der Beek's Death",
      "summary": "The death of James Van Der Beek at 48 from bowel cancer has elicited widespread tributes from the entertainment community, underscoring his enduring influence as an actor and public figure. Best known for his portrayal of Dawson Leery on the seminal teen drama Dawson's Creek (1998-2003), Van Der Beek's career spanned television and film, including roles in Varsity Blues. His diagnosis in late 2023 and public disclosure in November 2024 brought attention to bowel cancer, a significant health issue. In response to his passing, co-stars such as Katie Holmes and Busy Philipps utilized Instagram to post heartfelt statements, emphasizing his bravery, compassion, and strength. These tributes not only memorialize Van Der Beek but also highlight the personal bonds formed during the show's production. Additionally, Philipps initiated a GoFundMe campaign that rapidly amassed over $1.2 million to aid his widow, Kimberley, and their six children, addressing financial burdens from medical expenses. Other celebrities, including Reese Witherspoon and Mary-Margaret Humes, contributed condolences, praising his talent and kindness while advocating for family privacy. This article synthesizes these reactions, illustrating how Van Der Beek's death resonates beyond mere celebrity news, touching on themes of grief, community support, and the legacy of 1990s pop culture.",
      "source": "BBC News",
      "time_ago": "3 hours ago",
      "image_url": "/article_images/article_197f4291cfe3a059_c9dc42b23972.webp",
      "category": "News"
    },
    {
      "id": "5d117db678e9732b",
      "title": "Systemic Maternity Care Failures and Accountability at University Hospitals Sussex NHS Trust",
      "summary": "This investigative article by BBC News and New Statesman examines profound maternity care deficiencies at the University Hospitals Sussex NHS Foundation Trust, centering on tragic cases of infant mortality and parental distress. It narrates the experiences of couples, such as Beth Cooper and Sophie Hartley, who lost their anticipated sons—both intended to be named Felix—amidst alleged clinical negligence. The trust has disbursed £103.8 million in maternity-related negligence payments from 2021 to 2025, with £34.3 million in 2024/25 alone, surpassing other trusts like Nottingham University Hospitals. Critical voices, including Katie Fowler of Truth for Our Babies, contend that the trust systematically downplays errors, potentially obscuring salvageable scenarios. Despite the trust's assertion of subnational mortality rates and justification of high claims due to operational scale, the article underscores specific lapses, exemplified by Beth Cooper's repeated dismissals at the Princess Royal Hospital despite her neonatal nursing expertise and reports of reduced fetal movements. An independent inquiry, initially targeting nine cases, has expanded to fifteen families, reflecting escalating scrutiny. This piece illuminates broader themes of healthcare governance, patient safety crises, and the imperative for enhanced oversight and transparency within NHS maternity services.",
      "source": "BBC News",
      "time_ago": "6 hours ago",
      "image_url": "/article_images/article_5d117db678e9732b_c3c33604809d.webp",
      "category": "News"
    },
    {
      "id": "0403ee361c4164f4",
      "title": "Arctic Outbreak Triggers Snow and Ice Alerts Across the UK",
      "summary": "In the wake of prolonged rainfall, the UK is confronting a significant meteorological shift as Arctic air masses induce a return to wintry conditions, prompting the Met Office to issue yellow warnings for snow and ice across Scotland and northern England. These alerts, active from Thursday afternoon to Friday midday, anticipate temperature declines of up to six degrees below seasonal averages. Precipitation will initially manifest as snow over elevated terrain before disseminating to lower elevations overnight, with accumulations potentially reaching 10cm above 200m. Post-precipitation, rapid temperature decreases are forecasted, culminating in icy formations on untreated surfaces and perilous driving conditions. Concurrently, the UK's Health Security Agency has enacted yellow cold weather health alerts for northern England and the Midlands, highlighting minor yet consequential impacts on healthcare infrastructure and elevated mortality risks among vulnerable demographics. A return to average temperatures is projected by Tuesday, underscoring the transient yet impactful nature of this cold spell. This scenario necessitates a comprehensive understanding of winter hazard mitigation and public health strategies.",
      "source": "BBC News",
      "time_ago": "7 hours ago",
      "image_url": "/article_images/article_0403ee361c4164f4_a75021ea9477.webp",
      "category": "News"
    },
    {
      "id": "aa138f9056da5395",
      "title": "Partisan Conflict in Oversight: Analyzing Bondi's Testimony on Epstein Document Management",
      "summary": "The congressional oversight hearing featuring former Attorney General Pam Bondi illuminated deep partisan rifts over the Justice Department's management of Jeffrey Epstein-related documents. Bondi, representing the Trump administration's stance, engaged in evasive tactics, refusing to address substantive queries from Democratic lawmakers about the DOJ's document releases and potential follow-up investigations. Instead, she launched ad hominem attacks, labeling Democratic efforts as 'theatrics' and accusing them of attempting to detract from Trump's accomplishments. While condemning Epstein's criminality, Bondi strategically redirected blame onto previous administrations, including that of Merrick Garland, for purported inaction. Republican allies echoed this narrative, further diverting the discourse to tangential issues like immigrant crime and Chinese-manufactured vapes. Concurrently, Epstein survivors observed the proceedings, issuing a pre-hearing letter that condemned the DOJ's 'reckless and dangerous' handling of redacted files, citing risks to victim safety and a chilling effect on abuse reporting. This hearing underscores broader systemic issues: the politicization of oversight mechanisms, challenges in ensuring transparent governance, and the ongoing struggle for victim-centric justice in high-profile sexual abuse cases, revealing complexities in balancing political accountability with ethical document management.",
      "source": "PBS NewsHour",
      "time_ago": "12 hours ago",
      "image_url": "/article_images/article_aa138f9056da5395_88dcd1f7ac10.webp",
      "category": "News"
    },
    {
      "id": "e13971998305be1d",
      "title": "Interpreting Economic Revisions and Corporate Layoffs: A Critical Analysis of U.S. Labor Market Dynamics",
      "summary": "The U.S. economy commenced 2026 with ostensibly positive indicators, as the January jobs report documented the addition of 130,000 jobs and a marginal decline in the unemployment rate to 4.3%. Nonetheless, this apparent robustness is juxtaposed against revised economic data that substantially downgrades the labor market's performance in 2025. Initial estimates suggested approximately 581,000 net jobs were created last year, but revisions adjusted this figure downward to merely 181,000—a reduction of about 400,000 jobs, starkly contrasting with the 1.4 million jobs added in 2024. This revision underscores persistent vulnerabilities within the economic framework. Concurrently, announcements of tens of thousands of layoffs by prominent corporations such as Amazon and UPS inject further complexity, signaling potential sectoral adjustments or broader economic headwinds. To elucidate these developments, the article incorporates insights from Harry Holzer, a professor of public policy at Georgetown University and former chief economist for the Department of Labor. Holzer's analysis delves into the ramifications of these contradictory signals, exploring how data revisions can recalibrate economic narratives and assessing the implications for labor market resilience, policy responses, and long-term economic trajectories amid evolving corporate strategies.",
      "source": "PBS NewsHour",
      "time_ago": "13 hours ago",
      "image_url": "/article_images/article_e13971998305be1d_a87035a8d4a5.webp",
      "category": "News"
    }
  ]
}