{
  "title": "Analyzing the Global Cancer Surge: Trends, Projections, and Policy Implications",
  "summary": "The article presents a comprehensive analysis of the escalating global cancer burden, based on data from the Global Burden of Disease Study. From 1990 to 2023, incident cancer cases more than doubled to 18.5 million annually, while mortality increased by 74% to 10.4 million deaths per year, with a disproportionate impact on low- and middle-income countries (LMICs). A critical insight is that over 40% of cancer deaths are attributable to 44 modifiable risk factors, including behavioral and metabolic elements such as tobacco use, dietary patterns, and elevated blood glucose levels, underscoring the potential for preventive interventions. Projections indicate that by 2050, annual cases could rise to 30.5 million and deaths to 18.6 million, driven primarily by demographic shifts like population growth and aging, rather than worsening age-adjusted incidence rates. Despite overall declines in age-adjusted mortality, disparities persist, with some LMICs experiencing increasing rates, highlighting inequities in cancer control. The authors, led by Dr. Lisa Force, argue that current efforts are insufficient to meet the UN Sustainable Development Goal target of reducing premature non-communicable disease deaths by one-third by 2030. They call for enhanced global action, including strengthened policies, increased funding, and improved access to diagnostics and treatment, to address this burgeoning public health challenge.",
  "keywords": [
    {
      "term": "incident cases",
      "explanation": "the number of new diagnoses of a disease within a specific time period"
    },
    {
      "term": "attributable risk factors",
      "explanation": "specific causes that can be directly linked to the occurrence of a disease, allowing for targeted prevention"
    },
    {
      "term": "demographic shifts",
      "explanation": "changes in population characteristics, such as size and age structure, that influence health trends"
    },
    {
      "term": "age-adjusted incidence rates",
      "explanation": "measures of disease occurrence that account for age distribution to enable accurate comparisons over time or between populations"
    },
    {
      "term": "health inequities",
      "explanation": "unfair differences in health outcomes or access to care based on social, economic, or geographic factors"
    },
    {
      "term": "preventive interventions",
      "explanation": "strategies or actions designed to stop a disease from occurring, such as vaccination or lifestyle changes"
    },
    {
      "term": "Global Burden of Disease Study",
      "explanation": "a major research initiative that quantifies the impact of diseases and risk factors worldwide to inform health policy"
    },
    {
      "term": "non-communicable diseases",
      "explanation": "diseases that are not transmitted from person to person, often chronic, like cancer and heart disease"
    },
    {
      "term": "policy implications",
      "explanation": "the practical consequences or recommendations for government actions based on research findings"
    },
    {
      "term": "diagnostics",
      "explanation": "tools and processes used to identify diseases, such as imaging tests or biopsies"
    }
  ],
  "questions": [
    {
      "question": "What was the percentage increase in cancer deaths from 1990 to 2023?",
      "options": [
        "50%",
        "74%",
        "90%",
        "100%"
      ],
      "correct_answer": "74%"
    },
    {
      "question": "How many modifiable risk factors are linked to cancer deaths according to the article?",
      "options": [
        "20",
        "44",
        "60",
        "100"
      ],
      "correct_answer": "44"
    },
    {
      "question": "What is the projected annual number of cancer cases by 2050?",
      "options": [
        "18.5 million",
        "25 million",
        "30.5 million",
        "40 million"
      ],
      "correct_answer": "30.5 million"
    },
    {
      "question": "Which factor is primarily driving future cancer case increases?",
      "options": [
        "Increased individual risk behaviors",
        "Demographic changes like aging",
        "Lack of medical advancements",
        "Environmental pollution only"
      ],
      "correct_answer": "Demographic changes like aging"
    },
    {
      "question": "What does the article say about age-adjusted cancer mortality rates globally?",
      "options": [
        "They are rising everywhere",
        "They have declined overall but unevenly",
        "They are stable in all countries",
        "They are not mentioned"
      ],
      "correct_answer": "They have declined overall but unevenly"
    },
    {
      "question": "Who conducted the major analysis cited in the article?",
      "options": [
        "World Health Organization",
        "Global Burden of Disease Study Cancer Collaborators",
        "National Cancer Institute",
        "European Union Health Agency"
      ],
      "correct_answer": "Global Burden of Disease Study Cancer Collaborators"
    },
    {
      "question": "What is the UN Sustainable Development Goal target related to cancer?",
      "options": [
        "Eliminate cancer by 2030",
        "Reduce premature deaths from non-communicable diseases by one-third by 2030",
        "Increase cancer funding by 50%",
        "Provide universal treatment access"
      ],
      "correct_answer": "Reduce premature deaths from non-communicable diseases by one-third by 2030"
    },
    {
      "question": "What methodology was used to gather data for the study?",
      "options": [
        "Cancer registries, vital registration systems, and verbal autopsies",
        "Online surveys only",
        "Clinical trials",
        "Government reports without verification"
      ],
      "correct_answer": "Cancer registries, vital registration systems, and verbal autopsies"
    },
    {
      "question": "What criticism does the article imply about current cancer control efforts?",
      "options": [
        "They are overfunded and effective",
        "They are underprioritized and insufficiently funded",
        "They focus only on high-income countries",
        "They ignore prevention entirely"
      ],
      "correct_answer": "They are underprioritized and insufficiently funded"
    },
    {
      "question": "What does Dr. Lisa Force emphasize as necessary for equitable outcomes?",
      "options": [
        "Reducing disparities in health service delivery",
        "Increasing cancer rates in rich countries",
        "Stopping all research",
        "Focusing only on treatment"
      ],
      "correct_answer": "Reducing disparities in health service delivery"
    }
  ],
  "background_read": [
    "Cancer epidemiology involves studying the distribution and determinants of cancer in populations to inform public health strategies. The Global Burden of Disease Study is a pivotal resource in this field, employing sophisticated statistical models to estimate disease burden across countries and over time. This article delves into its cancer-specific findings, highlighting trends from 1990 to 2023 and projections to 2050. It contextualizes the surge within broader demographic and socio-economic frameworks, noting how modifiable risk factors contribute to preventable deaths. The discussion extends to policy implications, stressing the need for integrated approaches that combine prevention, early detection, and treatment access, while addressing health inequities. Understanding these elements is crucial for students to grasp the complexities of global health challenges and the role of evidence-based policymaking in mitigating them."
  ],
  "Article_Structure": [
    "Main Points: The article details a significant increase in global cancer incidence and mortality since 1990, with projections showing continued growth by 2050, particularly in LMICs, and identifies over 40% of deaths as preventable through addressing modifiable risks. Purpose: To provide a data-driven warning about the escalating cancer crisis, advocate for enhanced global health policies, and evaluate progress toward UN SDG targets. Evidence Evaluation: The evidence is robust, sourced from comprehensive datasets like cancer registries and vital systems across 204 countries, though potential biases may arise from data gaps in under-resourced regions. Author Credibility: Dr. Lisa Force and the IHME team are credible sources with expertise in health metrics, though the article could benefit from disclosing any funding or conflict of interests. Methodology: The study utilizes epidemiological modeling, incorporating data from multiple sources to analyze trends, attribute risks, and project future burdens, with a critical assessment noting strengths in scope but limitations in data variability and assumption-based projections. Critical Assessment: Strengths include the global scale and detailed risk factor analysis, while limitations involve reliance on estimated data in some areas and the challenge of achieving equitable action amidst resource constraints."
  ],
  "perspectives": [
    {
      "perspective": "Global health policymakers",
      "description": "They see the cancer surge as a call to prioritize funding and implement strategies that address prevention and access disparities."
    }
  ],
  "image_url": "/article_images/article_87959d36773e592d_aac7e69d9150.webp"
}