{
  "title": "Circadian Rhythm Disruptions and Dementia Risk in Older Adults",
  "summary": "A recent study published in Neurology explores the connection between circadian rhythm disruptions and dementia risk. Circadian rhythms are the body's internal clocks that regulate sleep-wake cycles and other functions like hormone release. Researchers followed 2,183 adults with an average age of 79, using heart monitors to measure rest-activity patterns over about 12 days. They found that individuals with weaker and more irregular circadian rhythms, indicated by lower relative amplitude in activity, had nearly 2.5 times higher risk of developing dementia over three years. Additionally, those whose daily activity peaked later in the afternoon (after 2:15 p.m.) faced a 45% increased risk compared to earlier peakers. The study adjusted for factors like age and heart disease, suggesting that circadian disturbances may serve as an early warning for dementia, though it does not establish causation. This research highlights the importance of maintaining regular daily rhythms for brain health in aging populations.",
  "keywords": [
    {
      "term": "circadian rhythms",
      "explanation": "the body's natural 24-hour cycles that control sleep, activity, and physiological functions"
    },
    {
      "term": "dementia risk",
      "explanation": "the likelihood of developing conditions like Alzheimer's that impair memory and cognitive abilities"
    },
    {
      "term": "relative amplitude",
      "explanation": "a measure of the difference between peak and low activity times, indicating rhythm strength"
    },
    {
      "term": "heart monitors",
      "explanation": "devices used to track rest and activity patterns in research studies"
    },
    {
      "term": "neurodegenerative diseases",
      "explanation": "disorders where nerve cells in the brain deteriorate, such as dementia"
    }
  ],
  "questions": [
    {
      "question": "What journal published the study on circadian rhythms and dementia?",
      "options": [
        "Neurology",
        "Science Daily",
        "Journal of Medicine",
        "Health Research"
      ],
      "correct_answer": "Neurology"
    },
    {
      "question": "How many adults participated in the study?",
      "options": [
        "2,183",
        "1,500",
        "3,000",
        "2,500"
      ],
      "correct_answer": "2,183"
    },
    {
      "question": "What did heart monitors measure in the study?",
      "options": [
        "Rest-activity patterns",
        "Heart rate only",
        "Blood pressure",
        "Sleep duration"
      ],
      "correct_answer": "Rest-activity patterns"
    },
    {
      "question": "What does a lower relative amplitude indicate about circadian rhythms?",
      "options": [
        "Weaker and more irregular rhythms",
        "Stronger rhythms",
        "No change",
        "Faster cycles"
      ],
      "correct_answer": "Weaker and more irregular rhythms"
    },
    {
      "question": "How much higher was the dementia risk for the weakest rhythm group?",
      "options": [
        "Nearly 2.5 times",
        "10 times",
        "Equal risk",
        "Half the risk"
      ],
      "correct_answer": "Nearly 2.5 times"
    },
    {
      "question": "What time did higher-risk participants peak in activity?",
      "options": [
        "After 2:15 p.m.",
        "Before 1:11 p.m.",
        "At midnight",
        "At 6 a.m."
      ],
      "correct_answer": "After 2:15 p.m."
    },
    {
      "question": "What factors did researchers adjust for in their analysis?",
      "options": [
        "Age, blood pressure, and heart disease",
        "Diet and exercise",
        "Gender and income",
        "Education and job type"
      ],
      "correct_answer": "Age, blood pressure, and heart disease"
    },
    {
      "question": "Does the study prove circadian changes cause dementia?",
      "options": [
        "No, it shows a link",
        "Yes, it proves causation",
        "It's uncertain",
        "Only for young people"
      ],
      "correct_answer": "No, it shows a link"
    }
  ],
  "background_read": [
    "Circadian rhythms are biological cycles that align with the 24-hour day, governing sleep-wake patterns, hormone secretion, and other bodily functions. They are influenced by environmental cues like light and help maintain overall health. Dementia encompasses conditions like Alzheimer's disease, characterized by progressive cognitive decline, memory loss, and impaired daily functioning, primarily affecting older adults. Risk factors include age, genetics, and lifestyle. Research into circadian disruptions has grown due to links with various health issues, including sleep disorders and metabolic problems. This study builds on evidence that aging alters circadian rhythms, potentially increasing vulnerability to neurodegenerative diseases. Understanding these connections can inform preventive strategies, such as promoting regular sleep schedules and light exposure, to support brain health and reduce dementia risk in aging populations."
  ],
  "Article_Structure": [
    "Main Points: The study found that weaker circadian rhythms and later activity peaks are associated with higher dementia risk in older adults, using heart monitor data from 2,183 participants over three years. Purpose: To investigate if circadian disruptions serve as early indicators for dementia, contributing to preventive health strategies. Evidence Evaluation: Relies on objective heart monitor measurements and statistical adjustments, but observational design limits causal conclusions. Author Credibility: Led by Wendy Wang, MPH, PhD, from a reputable public health institution, enhancing reliability. Methodology: Longitudinal study with wearable devices to track rest-activity patterns, followed by dementia diagnosis monitoring."
  ],
  "perspectives": [
    {
      "perspective": "Early detection",
      "description": "Circadian rhythm assessments could help identify individuals at higher dementia risk for early intervention."
    }
  ],
  "image_url": "/article_images/article_7a433269aba67cb7_f50c9d580870.webp"
}