{
  "title": "Neuroimaging Biomarkers for Early Alzheimer's Detection in Underrepresented Populations",
  "summary": "A study conducted by Nanyang Technological University in Singapore reveals that enlarged perivascular spaces, indicative of impaired glymphatic waste clearance in the brain, correlate with early Alzheimer's disease pathology. These neuroanatomical anomalies, visible on standard magnetic resonance imaging scans, may serve as preclinical biomarkers, preceding overt dementia symptoms such as memory deficits and cognitive slowing. The research involved a cohort of nearly 1,000 Singaporean participants, encompassing individuals with normal cognition and those with mild cognitive impairment, to analyze the relationship between perivascular space enlargement and established Alzheimer's markers, including beta amyloid accumulation and white matter damage. Notably, this investigation addresses a critical gap by focusing on Asian demographics, which have been historically underrepresented in Alzheimer's research; genetic variations, such as the reduced prevalence of the apolipoprotein E4 allele in Singaporean patients compared to Caucasian populations, underscore the necessity for ethnically diverse studies to ensure translational validity. The findings advocate for integrating perivascular space assessment into existing diagnostic protocols, potentially enhancing early detection strategies and facilitating proactive therapeutic interventions to mitigate disease progression.",
  "keywords": [
    {
      "term": "enlarged perivascular spaces",
      "explanation": "dilated channels surrounding cerebral vasculature that reflect compromised glymphatic drainage and are implicated in neurodegenerative processes"
    },
    {
      "term": "glymphatic system",
      "explanation": "a brain-wide waste clearance pathway that removes toxic metabolites, including amyloid-beta, during sleep"
    },
    {
      "term": "neuroimaging biomarkers",
      "explanation": "measurable indicators derived from brain imaging techniques that signal pathological changes associated with neurological disorders"
    },
    {
      "term": "mild cognitive impairment",
      "explanation": "a transitional clinical state between normal aging and dementia, characterized by measurable cognitive deficits without significant functional impairment"
    },
    {
      "term": "beta amyloid pathology",
      "explanation": "the accumulation of amyloid-beta peptides into plaques, a hallmark neuropathological feature of Alzheimer's disease"
    },
    {
      "term": "apolipoprotein E4 polymorphism",
      "explanation": "a genetic variant of the APOE gene that confers increased risk for late-onset Alzheimer's disease, with differential allele frequencies across ethnic groups"
    },
    {
      "term": "translational research",
      "explanation": "scientific inquiry aimed at converting basic research findings into practical clinical applications and health outcomes"
    },
    {
      "term": "cross-sectional study design",
      "explanation": "a research methodology that analyzes data from a population at a single point in time to identify associations between variables"
    },
    {
      "term": "ethnic disparities in dementia",
      "explanation": "variations in the prevalence, risk factors, and clinical manifestations of dementia across different racial and ethnic populations"
    },
    {
      "term": "preclinical detection",
      "explanation": "the identification of disease biomarkers during asymptomatic stages, enabling early intervention before symptom onset"
    }
  ],
  "questions": [
    {
      "question": "What physiological system is implicated by enlarged perivascular spaces in Alzheimer's pathology?",
      "options": [
        "Glymphatic waste clearance",
        "Cardiovascular circulation",
        "Neurotransmitter synthesis",
        "Immune response activation"
      ],
      "correct_answer": "Glymphatic waste clearance"
    },
    {
      "question": "How do enlarged perivascular spaces relate to Alzheimer's disease progression?",
      "options": [
        "They may serve as early biomarkers",
        "They directly cause dementia symptoms",
        "They are unrelated to cognitive decline",
        "They only appear in late stages"
      ],
      "correct_answer": "They may serve as early biomarkers"
    },
    {
      "question": "What methodological approach did the NTU study employ?",
      "options": [
        "Cross-sectional analysis of MRI and cognitive data",
        "Longitudinal clinical trials",
        "Animal model experiments",
        "Genetic sequencing alone"
      ],
      "correct_answer": "Cross-sectional analysis of MRI and cognitive data"
    },
    {
      "question": "Why is the focus on Asian populations in this study significant for Alzheimer's research?",
      "options": [
        "It addresses underrepresentation and genetic diversity",
        "Asian populations have higher dementia rates",
        "MRI technology is more advanced in Asia",
        "It confirms universal biomarkers"
      ],
      "correct_answer": "It addresses underrepresentation and genetic diversity"
    },
    {
      "question": "What genetic factor shows reduced prevalence in Singaporean dementia patients compared to Caucasians?",
      "options": [
        "Apolipoprotein E4 allele",
        "Presenilin 1 mutation",
        "Tau protein gene",
        "Amyloid precursor protein"
      ],
      "correct_answer": "Apolipoprotein E4 allele"
    },
    {
      "question": "What is the potential clinical application of detecting enlarged perivascular spaces?",
      "options": [
        "Enhancing early Alzheimer's screening protocols",
        "Replacing all current diagnostic tests",
        "Curing neurodegenerative diseases",
        "Preventing all cognitive impairment"
      ],
      "correct_answer": "Enhancing early Alzheimer's screening protocols"
    },
    {
      "question": "What neuropathological markers were compared with perivascular space enlargement?",
      "options": [
        "Beta amyloid buildup and white matter damage",
        "Neurofibrillary tangles only",
        "Dopamine levels",
        "Brain volume changes"
      ],
      "correct_answer": "Beta amyloid buildup and white matter damage"
    },
    {
      "question": "What is mild cognitive impairment in the context of Alzheimer's disease?",
      "options": [
        "A prodromal stage often preceding dementia",
        "A benign age-related change",
        "A reversible condition",
        "A type of brain scan anomaly"
      ],
      "correct_answer": "A prodromal stage often preceding dementia"
    },
    {
      "question": "How does the study contribute to translational research?",
      "options": [
        "By proposing a practical imaging biomarker for early detection",
        "By developing a new drug therapy",
        "By eliminating ethnic disparities",
        "By redefining dementia criteria"
      ],
      "correct_answer": "By proposing a practical imaging biomarker for early detection"
    },
    {
      "question": "What limitation might arise from the study's cross-sectional design?",
      "options": [
        "Inability to establish causality over time",
        "Small sample size",
        "Lack of imaging data",
        "Exclusion of Asian participants"
      ],
      "correct_answer": "Inability to establish causality over time"
    }
  ],
  "background_read": [
    "Alzheimer's disease is a neurodegenerative disorder characterized by progressive cognitive decline, primarily due to the accumulation of amyloid-beta plaques and neurofibrillary tangles composed of hyperphosphorylated tau proteins. The glymphatic system, a recently discovered macroscopic waste clearance mechanism in the brain, facilitates the removal of these toxic metabolites via perivascular spaces; its dysfunction is increasingly linked to Alzheimer's pathogenesis. Neuroimaging techniques, particularly MRI, enable non-invasive visualization of structural brain changes, such as enlarged perivascular spaces, which may reflect impaired glymphatic function. Epidemiological studies reveal significant ethnic and genetic variations in Alzheimer's risk, with the apolipoprotein E4 allele being a major genetic determinant in Caucasian populations but less prevalent in Asian cohorts. Early detection strategies focus on identifying preclinical biomarkers to enable interventions during asymptomatic phases, potentially slowing disease progression through lifestyle modifications or emerging therapeutics. Research inclusivity is critical, as underrepresented populations, like Asians, may exhibit distinct pathological profiles, necessitating diverse studies to develop globally applicable diagnostic and treatment paradigms."
  ],
  "Article_Structure": [
    "Main Points: Enlarged perivascular spaces, detectable via MRI, correlate with early Alzheimer's pathology and impaired glymphatic clearance, offering potential as non-invasive biomarkers. Purpose: To advance early detection by validating these spaces in relation to established markers like beta amyloid, while addressing ethnic research gaps to improve diagnostic inclusivity. Evidence Evaluation: Based on a cross-sectional study of nearly 1,000 Singaporean participants, using robust imaging and cognitive assessments, though limited by the design's inability to infer causality. Author Credibility: Led by NTU researchers with expertise in dementia, including Assoc Prof Nagaendran Kandiah, Director of the Dementia Research Centre, ensuring authoritative insights. Methodology: Comparative analysis of MRI scans and cognitive data across normal and impaired groups, focusing on perivascular spaces and their association with Alzheimer's indicators. Critical Assessment: Strengths include the large, ethnically diverse sample and practical imaging application, but limitations involve the cross-sectional nature and potential regional specificity, necessitating longitudinal validation."
  ],
  "perspectives": [
    {
      "perspective": "Biomedical innovation",
      "description": "Leveraging neuroimaging to identify novel biomarkers for early Alzheimer's detection, particularly in underrepresented populations, to enhance personalized medicine approaches."
    }
  ],
  "image_url": "/article_images/article_58459e54a98f268f_7d71f862820a.webp"
}