{
  "title": "Analyzing the Contemporary 'Battle of the Sexes': Sabalenka vs. Kyrgios and Its Implications",
  "summary": "The article examines Aryna Sabalenka's participation in a 'Battle of the Sexes' exhibition match against Nick Kyrgios, held in Dubai. As the reigning women's world number one, Sabalenka lost the match but subsequently defended it, citing enhanced physical conditioning due to the heightened intensity of competing against a male opponent. She emphasized that the event succeeded in drawing substantial public attention to tennis, thereby amplifying the sport's profile, despite facing critique from Wimbledon champion Iga Swiatek, who contended that it lacked the social transformative impact of the iconic 1973 encounter between Billie Jean King and Bobby Riggs. Sabalenka countered by framing the match as an entertaining challenge rather than a statement on gender dynamics. The piece also contextualizes her quick victory at the Brisbane International and previews upcoming tournaments, offering insights into the strategic use of exhibitions in professional tennis for athlete development and fan engagement.",
  "keywords": [
    {
      "term": "exhibition match",
      "explanation": "a non-competitive sporting event aimed at entertainment, often used for promotional purposes in tennis"
    },
    {
      "term": "physical conditioning",
      "explanation": "the process of improving athletic performance through rigorous training, as highlighted by Sabalenka's experience"
    },
    {
      "term": "social transformative impact",
      "explanation": "the potential of an event to effect change in societal attitudes, debated in relation to gender in sports"
    },
    {
      "term": "public engagement",
      "explanation": "the ability to attract and involve audiences, a key outcome Sabalenka attributed to the match"
    },
    {
      "term": "strategic athlete development",
      "explanation": "the use of varied match formats, like exhibitions, to enhance skills and fitness in a professional context"
    }
  ],
  "questions": [
    {
      "question": "What rationale did Sabalenka provide for valuing the 'Battle of the Sexes' match?",
      "options": [
        "It improved her fitness and increased tennis visibility",
        "It demonstrated female superiority in tennis",
        "It addressed gender inequality directly",
        "It secured her a major title"
      ],
      "correct_answer": "It improved her fitness and increased tennis visibility"
    },
    {
      "question": "How did Iga Swiatek's criticism contrast with Sabalenka's viewpoint?",
      "options": [
        "Swiatek argued it lacked social change relevance",
        "Swiatek praised its competitive value",
        "Swiatek said it was too easy",
        "Swiatek supported its fitness benefits"
      ],
      "correct_answer": "Swiatek argued it lacked social change relevance"
    },
    {
      "question": "What historical event is referenced to contextualize the match?",
      "options": [
        "The 1973 Billie Jean King vs. Bobby Riggs match",
        "The first Wimbledon tournament",
        "The 2026 Australian Open",
        "The ASB Classic in Auckland"
      ],
      "correct_answer": "The 1973 Billie Jean King vs. Bobby Riggs match"
    },
    {
      "question": "What was the outcome of Sabalenka's subsequent match at the Brisbane International?",
      "options": [
        "She won in 47 minutes",
        "She lost in the first round",
        "She withdrew due to injury",
        "She tied with her opponent"
      ],
      "correct_answer": "She won in 47 minutes"
    },
    {
      "question": "How does the article characterize the match's purpose according to Sabalenka?",
      "options": [
        "As fun and a great challenge",
        "As a political statement",
        "As a training routine",
        "As a charity event"
      ],
      "correct_answer": "As fun and a great challenge"
    },
    {
      "question": "What broader implication does Sabalenka suggest the match had for tennis?",
      "options": [
        "It brought many eyes on the sport",
        "It reduced interest in women's tennis",
        "It ended the season early",
        "It caused controversy only"
      ],
      "correct_answer": "It brought many eyes on the sport"
    },
    {
      "question": "What evidence does the article use to support Sabalenka's claims?",
      "options": [
        "Direct quotes from Sabalenka",
        "Statistical data on viewership",
        "Expert analyses from coaches",
        "Historical records from 1973"
      ],
      "correct_answer": "Direct quotes from Sabalenka"
    },
    {
      "question": "How does the article address author credibility?",
      "options": [
        "By citing the BBC as a reputable source",
        "By including Sabalenka's personal blog",
        "By referencing anonymous sources",
        "By using social media posts"
      ],
      "correct_answer": "By citing the BBC as a reputable source"
    },
    {
      "question": "What methodological approach is evident in the article's reporting?",
      "options": [
        "Reliance on post-match interviews and public statements",
        "Conducting original research studies",
        "Using surveys of tennis fans",
        "Analyzing video footage exclusively"
      ],
      "correct_answer": "Reliance on post-match interviews and public statements"
    },
    {
      "question": "What critical assessment can be made of the match's impact?",
      "options": [
        "It sparked debate but had limited social depth",
        "It revolutionized tennis permanently",
        "It was universally acclaimed",
        "It had no effect on Sabalenka's career"
      ],
      "correct_answer": "It sparked debate but had limited social depth"
    }
  ],
  "background_read": [
    "The 'Battle of the Sexes' concept in tennis originated with the 1973 match where Billie Jean King defeated Bobby Riggs, symbolizing a milestone in gender equality and sports activism. Exhibition matches serve as tools for athlete conditioning, fan engagement, and media exposure in professional sports. In contemporary tennis, such events are often scrutinized for their social relevance versus entertainment value, reflecting broader discussions on gender dynamics and commercialization in athletics. Understanding this context is crucial for analyzing Sabalenka's match and its reception."
  ],
  "Article_Structure": [
    "Main Points: The article details Sabalenka's 'Battle of the Sexes' match loss, her defense based on fitness and publicity gains, criticism from Swiatek questioning social impact, and her subsequent tournament performance. Purpose: To explore the match's outcomes and the ensuing discourse on its role in modern tennis. Evidence Evaluation: Primarily uses direct athlete quotes, offering authentic perspectives but lacking quantitative data on viewership or long-term effects. Author Credibility: The BBC provides reliable journalism, though the piece is concise and may oversimplify complex issues. Methodology: Employs standard sports reporting techniques, such as interviewing participants and referencing historical events, without in-depth investigative research. Critical Assessment: Highlights the match's success in generating attention and debate but notes limitations in addressing deeper social issues, reflecting tensions between entertainment and activism in sports."
  ],
  "perspectives": [
    {
      "perspective": "Sabalenka's advocacy",
      "description": "Positions the match as beneficial for personal development and sport promotion."
    },
    {
      "perspective": "Swiatek's critique",
      "description": "Challenges the match's social significance, advocating for more substantive gender discussions in tennis."
    }
  ],
  "image_url": "/article_images/article_ea1f90ddf89c1348_90f3b2532163.webp"
}