{
  "title": "Sabalenka's 'Battle of the Sexes' Match: Impact and Debate",
  "summary": "Aryna Sabalenka, the women's world number one tennis player, recently participated in a 'Battle of the Sexes' exhibition match against Nick Kyrgios in Dubai. She lost this highly publicized match but defended it, stating that it enhanced her fitness due to the intense play against a male opponent. Following this, Sabalenka won her next match at the Brisbane International in just 47 minutes. She argued that the exhibition brought significant attention to tennis, making the sport more popular, though it faced criticism from figures like Iga Swiatek, who claimed it lacked social relevance compared to the historic 1973 match between Billie Jean King and Bobby Riggs. Sabalenka emphasized that the event was about entertainment and showcasing tennis's appeal, not proving gender superiority. The article also notes her upcoming matches and other tennis news, highlighting the ongoing season.",
  "keywords": [
    {
      "term": "exhibition match",
      "explanation": "a non-competitive tennis event designed for entertainment and publicity"
    },
    {
      "term": "fitness enhancement",
      "explanation": "improving physical condition through challenging activities, as Sabalenka experienced"
    },
    {
      "term": "social relevance",
      "explanation": "the importance of an event in addressing societal issues, debated in this context"
    },
    {
      "term": "publicity",
      "explanation": "attention from media and fans, which Sabalenka said the match generated for tennis"
    },
    {
      "term": "historic context",
      "explanation": "referring to past events like the 1973 'Battle of the Sexes' that influence current discussions"
    }
  ],
  "questions": [
    {
      "question": "What was the outcome of Sabalenka's 'Battle of the Sexes' match against Kyrgios?",
      "options": [
        "Sabalenka lost",
        "Sabalenka won",
        "It was a tie",
        "It was cancelled"
      ],
      "correct_answer": "Sabalenka lost"
    },
    {
      "question": "How did Sabalenka benefit from playing against Kyrgios?",
      "options": [
        "Improved her fitness",
        "Won a major title",
        "Gained social change",
        "Learned new shots"
      ],
      "correct_answer": "Improved her fitness"
    },
    {
      "question": "What criticism did Iga Swiatek level against the match?",
      "options": [
        "It lacked social change relevance",
        "It was too intense",
        "Sabalenka played poorly",
        "Kyrgios cheated"
      ],
      "correct_answer": "It lacked social change relevance"
    },
    {
      "question": "What tournament did Sabalenka play in after the exhibition?",
      "options": [
        "Brisbane International",
        "Australian Open",
        "ASB Classic",
        "Dubai Championships"
      ],
      "correct_answer": "Brisbane International"
    },
    {
      "question": "Why did Sabalenka say the match was held?",
      "options": [
        "To bring eyes on tennis",
        "To prove women are better",
        "To win prize money",
        "To train for Wimbledon"
      ],
      "correct_answer": "To bring eyes on tennis"
    },
    {
      "question": "Who played in the original 1973 'Battle of the Sexes'?",
      "options": [
        "Billie Jean King and Bobby Riggs",
        "Aryna Sabalenka and Nick Kyrgios",
        "Iga Swiatek and Katie Boulter",
        "Cristina Bucsa and Sorana Cirstea"
      ],
      "correct_answer": "Billie Jean King and Bobby Riggs"
    },
    {
      "question": "What was Sabalenka's result in her next match after the exhibition?",
      "options": [
        "She won easily",
        "She lost again",
        "She withdrew",
        "She tied"
      ],
      "correct_answer": "She won easily"
    },
    {
      "question": "How does the article describe the match's purpose according to Sabalenka?",
      "options": [
        "Fun and challenge",
        "Social activism",
        "Prize competition",
        "Training session"
      ],
      "correct_answer": "Fun and challenge"
    }
  ],
  "background_read": [
    "The 'Battle of the Sexes' refers to tennis matches between male and female players, popularized by the 1973 match where Billie Jean King defeated Bobby Riggs, symbolizing gender equality in sports. Exhibition matches are often used to promote tennis and engage fans without the pressure of official tournaments. In modern tennis, top players like Sabalenka participate in such events to boost fitness and visibility, though debates arise over their social impact compared to competitive matches."
  ],
  "Article_Structure": [
    "Main Points: The article discusses Sabalenka's 'Battle of the Sexes' match against Kyrgios, her defense of it for fitness and publicity benefits, criticism from Swiatek regarding social relevance, and her subsequent performance in Brisbane. Purpose: To report on the match's outcomes and the surrounding debate about its value in tennis. Evidence Evaluation: Relies on quotes from Sabalenka and Swiatek, providing direct perspectives but limited statistical data. Author Credibility: The BBC is a reputable source, though the article is brief and focuses on recent events without deep analysis. Methodology: Based on post-match interviews and public statements, typical for sports journalism."
  ],
  "perspectives": [
    {
      "perspective": "Sabalenka's perspective",
      "description": "Views the match as positive for fitness and increasing tennis viewership."
    },
    {
      "perspective": "Critical perspective",
      "description": "Argues it lacks deeper social meaning compared to historical precedents."
    }
  ],
  "image_url": "/article_images/article_ea1f90ddf89c1348_90f3b2532163.webp"
}