{
  "title": "Emma Raducanu Overcomes Stalking to Regain Confidence",
  "summary": "Emma Raducanu, the British tennis champion who won the 2021 US Open, has opened up about a distressing stalking incident earlier this year. In February, a man with fixated behavior followed her to multiple tournaments in Dubai, leading to her feeling tearful and unsafe during a match. Dubai police intervened by removing the man and issuing a restraining order. Raducanu expresses that she has largely moved past the ordeal, though she admits to occasional unease when encountering unauthorized photographs of herself. She highlights the importance of security measures at events and praises the support she received. Currently training in Barcelona, Raducanu is focusing on her career while commuting from her family home in Bromley to London, seeking comfort and safety. This article explores her journey from fear to resilience, emphasizing her determination to rebuild her confidence and performance in tennis.",
  "keywords": [
    {
      "term": "fixated behavior",
      "explanation": "when someone becomes overly focused on another person in an unhealthy way"
    },
    {
      "term": "restraining order",
      "explanation": "a legal order that prohibits someone from contacting or approaching another person"
    },
    {
      "term": "paparazzi",
      "explanation": "photographers who aggressively take pictures of celebrities, often without consent"
    },
    {
      "term": "resilience",
      "explanation": "the ability to recover quickly from difficulties or challenges"
    },
    {
      "term": "security measures",
      "explanation": "steps taken to protect someone from harm or danger"
    }
  ],
  "questions": [
    {
      "question": "What incident caused Emma Raducanu distress in Dubai?",
      "options": [
        "A stalker followed her to tournaments",
        "She lost a tennis match",
        "She got injured",
        "Her coach quit"
      ],
      "correct_answer": "A stalker followed her to tournaments"
    },
    {
      "question": "What action did Dubai police take against the stalker?",
      "options": [
        "Issued a restraining order",
        "Arrested him permanently",
        "Gave him a warning",
        "Fined him money"
      ],
      "correct_answer": "Issued a restraining order"
    },
    {
      "question": "How does Raducanu feel about unauthorized photos of herself?",
      "options": [
        "Creeped out",
        "Happy",
        "Indifferent",
        "Excited"
      ],
      "correct_answer": "Creeped out"
    },
    {
      "question": "Where is Raducanu training this month?",
      "options": [
        "Barcelona",
        "London",
        "Dubai",
        "New York"
      ],
      "correct_answer": "Barcelona"
    },
    {
      "question": "What is Raducanu's goal for the new year?",
      "options": [
        "Building a better version of herself",
        "Winning another Grand Slam",
        "Retiring from tennis",
        "Moving to a new country"
      ],
      "correct_answer": "Building a better version of herself"
    },
    {
      "question": "How does Raducanu commute to London recently?",
      "options": [
        "By train",
        "By car",
        "By bus",
        "By walking"
      ],
      "correct_answer": "By train"
    },
    {
      "question": "What previous stalking incident occurred in 2022?",
      "options": [
        "A man walked 23 miles to her home",
        "She was followed online",
        "A fan sent her gifts",
        "She received threatening calls"
      ],
      "correct_answer": "A man walked 23 miles to her home"
    },
    {
      "question": "What does Raducanu praise about tournaments?",
      "options": [
        "The protection she received",
        "The prize money",
        "The food",
        "The weather"
      ],
      "correct_answer": "The protection she received"
    }
  ],
  "background_read": [
    "Emma Raducanu is a prominent British tennis player known for her unexpected victory at the 2021 US Open, which catapulted her to global fame. Stalking has been a recurring issue for her, with incidents in 2022 and 2024 involving individuals exhibiting obsessive behavior. Legal measures like restraining orders have been used to enhance her safety. This context is important for understanding the psychological impact on athletes and the measures taken to protect them in high-profile sports."
  ],
  "Article_Structure": [
    "Main Points: The article details Emma Raducanu's experience with a stalker in Dubai, her emotional response, and her recovery process. Purpose: To inform readers about the challenges faced by celebrities regarding privacy and safety, and to highlight Raducanu's resilience. Evidence Evaluation: The article uses direct quotes from Raducanu and factual reports from BBC Sport, providing credible firsthand accounts. Author Credibility: As a BBC article, it likely involves professional journalists with expertise in sports reporting. Methodology: Information is gathered through interviews with Raducanu and official statements from authorities, ensuring accuracy."
  ],
  "perspectives": [
    {
      "perspective": "Emma's view",
      "description": "She emphasizes overcoming fear and regaining control over her life."
    }
  ],
  "image_url": "/article_images/article_158022dde27c8415_d9a7dd961771.webp"
}