{
  "title": "The Untimely Demise of Vince Zampella: Analyzing the Loss of a Gaming Pioneer",
  "summary": "Vince Zampella, aged 55, co-creator of the seminal video game franchise Call of Duty, perished in a vehicular accident in Los Angeles, California. The crash involved a Ferrari that deviated from the highway, collided with a concrete barrier, and ignited, claiming the lives of both occupants. Zampella's career was marked by significant contributions to the gaming landscape; he co-founded Respawn Entertainment and was instrumental in developing titles such as Medal of Honor, Titanfall, and Apex Legends. Call of Duty, launched in 2003 and inspired by World War II narratives, has achieved commercial success with over 500 million copies sold, bolstering Microsoft's Activision. Despite professional setbacks, including his 2010 dismissal from Activision and subsequent legal resolution in 2012, Zampella maintained a reputation for integrity and player-centric design. Tributes from figures like Geoff Keighley and Keza MacDonald emphasize his visionary leadership and commitment to transparency. The California Highway Patrol is investigating the crash's etiology, with uncertainties regarding driver identity and passenger details. This event underscores the fragility of life and the enduring legacy of a creative force in interactive entertainment.",
  "keywords": [
    {
      "term": "seminal",
      "explanation": "highly influential and original in a field"
    },
    {
      "term": "vehicular accident",
      "explanation": "a crash involving vehicles"
    },
    {
      "term": "deviated",
      "explanation": "moved away from the intended path"
    },
    {
      "term": "instrumental",
      "explanation": "playing a key role in causing something to happen"
    },
    {
      "term": "commercial success",
      "explanation": "achieving high sales and profitability"
    },
    {
      "term": "integrity",
      "explanation": "adherence to moral and ethical principles"
    },
    {
      "term": "player-centric design",
      "explanation": "focusing on user experience in game development"
    },
    {
      "term": "etiology",
      "explanation": "the cause or origin of an event"
    },
    {
      "term": "enduring legacy",
      "explanation": "a lasting impact that continues over time"
    },
    {
      "term": "interactive entertainment",
      "explanation": "media like video games that involve user participation"
    }
  ],
  "questions": [
    {
      "question": "What was the specific cause of Vince Zampella's death as described in the article?",
      "options": [
        "A plane crash",
        "A car crash in Los Angeles",
        "A natural cause",
        "A workplace accident"
      ],
      "correct_answer": "A car crash in Los Angeles"
    },
    {
      "question": "Which company confirmed Zampella's death and owns Respawn Entertainment?",
      "options": [
        "Electronic Arts",
        "Activision",
        "Microsoft",
        "Sony"
      ],
      "correct_answer": "Electronic Arts"
    },
    {
      "question": "What historical event inspired the initial Call of Duty game?",
      "options": [
        "World War II",
        "The Cold War",
        "The Renaissance",
        "The Space Race"
      ],
      "correct_answer": "World War II"
    },
    {
      "question": "How did Geoff Keighley describe Zampella in his tribute?",
      "options": [
        "As a careless executive",
        "As a dear friend and visionary",
        "As a mediocre developer",
        "As a secretive figure"
      ],
      "correct_answer": "As a dear friend and visionary"
    },
    {
      "question": "What legal issue did Zampella face with Activision in 2010?",
      "options": [
        "He was sued for copyright",
        "He was fired and involved in a dispute",
        "He won an award",
        "He started a new company"
      ],
      "correct_answer": "He was fired and involved in a dispute"
    },
    {
      "question": "What is the role of the California Highway Patrol in this context?",
      "options": [
        "Developing video games",
        "Investigating the car crash",
        "Publishing news articles",
        "Managing game studios"
      ],
      "correct_answer": "Investigating the car crash"
    },
    {
      "question": "What aspect of game design did Keza MacDonald highlight about Zampella?",
      "options": [
        "His focus on graphics",
        "His care for player experience",
        "His speed in development",
        "His use of advanced technology"
      ],
      "correct_answer": "His care for player experience"
    },
    {
      "question": "How many copies has the Call of Duty franchise sold according to the article?",
      "options": [
        "100 million",
        "300 million",
        "500 million",
        "700 million"
      ],
      "correct_answer": "500 million"
    },
    {
      "question": "What was the outcome of Zampella's legal dispute with Activision?",
      "options": [
        "It went to trial",
        "It was settled out of court",
        "He lost the case",
        "It is still ongoing"
      ],
      "correct_answer": "It was settled out of court"
    },
    {
      "question": "What does the article suggest about Zampella's unrealized potential?",
      "options": [
        "He had no future projects",
        "He might have created his greatest game",
        "He was retiring soon",
        "He was shifting to film"
      ],
      "correct_answer": "He might have created his greatest game"
    }
  ],
  "background_read": [
    "Vince Zampella emerged as a pivotal figure in the video game industry through his co-creation of Call of Duty in 2003, a franchise that redefined first-person shooters and achieved massive commercial success with over 500 million copies sold. His career spanned multiple studios, including co-founding Respawn Entertainment and contributing to hits like Medal of Honor, Titanfall, and Apex Legends. Despite professional challenges, such as his 2010 dismissal from Activision and a subsequent legal settlement in 2012, Zampella was renowned for his innovative vision and emphasis on player engagement. The fatal car crash in Los Angeles, involving a Ferrari that caught fire after hitting a barrier, occurred under unclear circumstances and is being probed by the California Highway Patrol. His death at age 55 has elicited widespread mourning, highlighting his enduring influence on gaming culture and the loss of future creative endeavors."
  ],
  "Article_Structure": [
    "Main Points: The article details the death of Vince Zampella in a car crash, his role as co-creator of Call of Duty and other games, his career achievements and conflicts, and tributes from industry figures. Purpose: To report on the tragic event while contextualizing Zampella's impact on gaming and exploring the investigation into the crash. Evidence Evaluation: Sources include statements from Electronic Arts, the California Highway Patrol, and quotes from journalists like Geoff Keighley and Keza MacDonald, offering credible but indirect evidence; lack of firsthand accounts limits depth. Author Credibility: The BBC provides reliable journalism, though the article may reflect standard news reporting without in-depth analysis. Methodology: Information is compiled from official releases, corporate confirmations, and expert interviews, adhering to journalistic ethics but lacking original investigation. Critical Assessment: Strengths include comprehensive coverage of Zampella's legacy and use of authoritative sources; limitations involve speculative elements about the crash and reliance on secondary data, which may affect nuance."
  ],
  "perspectives": [
    {
      "perspective": "Legacy and Innovation",
      "description": "Zampella's death highlights the intersection of creative genius and industry dynamics, raising questions about unrealized projects and his lasting influence on game design."
    }
  ],
  "image_url": "/article_images/article_7f41989203751ac8_1c749f4250ed.webp"
}