{
  "title": "Unveiling David Stern: The Conduit in the Andrew-Epstein Nexus",
  "summary": "This investigative piece by BBC News examines David Stern, a German businessman who functioned as a pivotal conduit between Prince Andrew and Jeffrey Epstein. In spring 2019, Stern was present at a Pitch@Palace gala in Shenzhen, China, an event that preceded Prince Andrew's withdrawal from royal duties following a controversial interview about his association with Epstein, a convicted sex offender. The analysis draws on millions of pages of documents released by the U.S. Department of Justice, which illuminate Stern's extensive involvement: he facilitated introductions, negotiated deals, managed financial issues for Sarah Ferguson, and made misogynistic comments. Residing in London, Stern operated his own enterprise while deferring to Epstein as boss and secured roles within royal institutions, including directorship at Pitch@Palace and a board position at St George's House charity. Despite his obscurity, Stern's name features in over 7,000 files from 2008 to 2018, underscoring his clandestine operations. The article critically assesses how Stern epitomizes the shadowy intermediaries that enable elite networks, utilizing primary source material to explore themes of power, secrecy, and ethical breaches in transnational contexts.",
  "keywords": [
    {
      "term": "conduit",
      "explanation": "A channel or means through which something is transmitted, often referring to a person who facilitates connections"
    },
    {
      "term": "nexus",
      "explanation": "A central or focal point where multiple elements converge, indicating a complex network"
    },
    {
      "term": "misogynistic",
      "explanation": "Showing hatred, dislike, or prejudice against women"
    },
    {
      "term": "clandestine",
      "explanation": "Kept secret or done secretly, especially for illicit purposes"
    },
    {
      "term": "transnational",
      "explanation": "Extending across national boundaries, involving multiple countries"
    },
    {
      "term": "ethical breaches",
      "explanation": "Violations of moral principles or standards, often in professional contexts"
    }
  ],
  "questions": [
    {
      "question": "What role did David Stern play in the relationship between Prince Andrew and Jeffrey Epstein?",
      "options": [
        "Pivotal conduit",
        "Legal advisor",
        "Public relations manager",
        "Financial auditor"
      ],
      "correct_answer": "Pivotal conduit"
    },
    {
      "question": "Which event in Shenzhen did Stern attend in 2019?",
      "options": [
        "Pitch@Palace gala",
        "Royal wedding",
        "Business conference",
        "Charity auction"
      ],
      "correct_answer": "Pitch@Palace gala"
    },
    {
      "question": "What source provided the documents detailing Stern's activities?",
      "options": [
        "U.S. Department of Justice",
        "British Parliament",
        "Chinese Authorities",
        "International Court of Justice"
      ],
      "correct_answer": "U.S. Department of Justice"
    },
    {
      "question": "How many documents from 2008 to 2018 mention Stern?",
      "options": [
        "Over 7,000",
        "Approximately 1,000",
        "Fewer than 500",
        "Exactly 10,000"
      ],
      "correct_answer": "Over 7,000"
    },
    {
      "question": "What term did Stern use to refer to Epstein in communications?",
      "options": [
        "Boss",
        "Colleague",
        "Associate",
        "Mentor"
      ],
      "correct_answer": "Boss"
    },
    {
      "question": "What position did Stern hold at St George's House?",
      "options": [
        "Board member",
        "Fundraiser",
        "Volunteer",
        "Consultant"
      ],
      "correct_answer": "Board member"
    },
    {
      "question": "What type of remarks did Stern make about women, as indicated by the documents?",
      "options": [
        "Misogynistic comments",
        "Supportive comments",
        "Ambiguous comments",
        "Humorous comments"
      ],
      "correct_answer": "Misogynistic comments"
    },
    {
      "question": "What broader theme does the article explore regarding Stern's operations?",
      "options": [
        "Shadowy intermediaries in elite networks",
        "Technological innovation in business",
        "Cultural exchanges between countries",
        "Environmental sustainability efforts"
      ],
      "correct_answer": "Shadowy intermediaries in elite networks"
    },
    {
      "question": "What methodological approach does the article primarily use?",
      "options": [
        "Analysis of released documents and emails",
        "Interviews with key figures",
        "Statistical surveys",
        "Experimental research"
      ],
      "correct_answer": "Analysis of released documents and emails"
    },
    {
      "question": "What critical assessment does the article make about the evidence?",
      "options": [
        "It highlights ethical breaches but relies on limited primary sources",
        "It proves Stern's guilt conclusively",
        "It dismisses the documents as unreliable",
        "It focuses solely on financial transactions"
      ],
      "correct_answer": "It highlights ethical breaches but relies on limited primary sources"
    }
  ],
  "background_read": [
    "This article provides an in-depth look at David Stern's involvement in the connections between Prince Andrew and Jeffrey Epstein. To fully grasp this, one must understand the context: Prince Andrew is a senior British royal whose reputation suffered due to ties with Epstein, who was convicted for sex trafficking. The U.S. Department of Justice's document release is part of broader legal proceedings, offering insights into Epstein's network. Stern's role as a businessman operating across China and the UK illustrates globalization's impact on elite circles. The analysis touches on issues of power dynamics, media scrutiny, and the ethical implications of secretive intermediation in high-stakes environments, requiring knowledge of international law, royal protocols, and investigative journalism techniques."
  ],
  "Article_Structure": [
    "This 100-word in-depth analysis covers: Main Points: Stern acted as a key intermediary, facilitating deals and connections between Prince Andrew and Jeffrey Epstein, revealed through DOJ documents. Purpose: To critically examine hidden networks in elite spheres and assess Stern's influence on royal and business affairs. Evidence Evaluation: The evidence comprises emails and files, providing credible but incomplete data due to Stern's silence and potential biases in released materials. Author Credibility: BBC News offers reputable journalism, though the piece leans on documented facts without extensive cross-verification. Methodology: Relies on analysis of public records and video, employing investigative techniques to construct a narrative. Critical Assessment: Strengths include use of primary sources; limitations involve reliance on unverified documents and lack of direct testimony from Stern."
  ],
  "perspectives": [
    {
      "perspective": "Ethical Scrutiny",
      "description": "The article prompts reflection on the moral responsibilities of intermediaries in powerful networks and the consequences of secrecy."
    }
  ],
  "image_url": "/article_images/article_929fbca1adb18e7e_b5d186e7c6f9.webp"
}