{
  "title": "Sociological Inquiry into Bigfoot Communities: Motivations, Demographics, and the Borderlands of Science",
  "summary": "Sociologists Jamie Lewis and Andrew Bartlett embarked on an academic investigation to decipher the motivations and social dynamics of Bigfooters—individuals dedicated to searching for the cryptid Bigfoot, despite overwhelming scientific consensus against its existence. Initiated during lockdown, their study involved in-depth interviews with over 130 Bigfooters and select academics, culminating in the publication of 'Bigfooters and Scientific Inquiry: On the Borderlands of Legitimate Science.' The research identifies key factions within the community: 'apers,' who hypothesize Bigfoot as an undiscovered primate, and 'woo-woos,' who entertain notions of interdimensional or extraterrestrial origins. Demographically, Bigfooters are predominantly white, male, rural, and often veterans, with noted trends toward increasing female participation. A YouGov survey from November 2025 underscores broader cultural relevance, indicating that approximately 25% of Americans entertain the possibility of Bigfoot's existence. Lewis and Bartlett maintain a neutral stance, aligning with institutional science's dismissal of compelling evidence while arguing that Bigfoot functions as a cultural object that organizes communal life and identity. Their methodological approach emphasizes qualitative analysis of narratives, exploring how this community navigates the borderlands between mainstream science and fringe beliefs, thereby contributing to sociological understandings of pseudoscience, community formation, and the persistence of myth in contemporary society.",
  "keywords": [
    {
      "term": "cryptid",
      "explanation": "an animal or creature whose existence is suggested but not recognized by scientific consensus"
    },
    {
      "term": "sociological investigation",
      "explanation": "a research study that examines social behaviors, structures, and interactions within groups"
    },
    {
      "term": "qualitative analysis",
      "explanation": "a method of research that focuses on non-numerical data, such as interviews, to understand meanings and experiences"
    },
    {
      "term": "institutional science",
      "explanation": "the established scientific community and its accepted methods and evidence standards"
    },
    {
      "term": "borderlands of legitimate science",
      "explanation": "the ambiguous areas where fringe beliefs and activities intersect with or challenge mainstream scientific practices"
    },
    {
      "term": "demographics",
      "explanation": "statistical data about populations, such as age, gender, and background"
    },
    {
      "term": "pseudoscience",
      "explanation": "beliefs or practices mistakenly regarded as based on scientific method"
    },
    {
      "term": "cultural object",
      "explanation": "an item or concept, like Bigfoot, that holds symbolic value and influences social actions and identities"
    },
    {
      "term": "narratives",
      "explanation": "stories or accounts that individuals use to make sense of their experiences and beliefs"
    },
    {
      "term": "community formation",
      "explanation": "the process by which groups of people develop shared identities and practices around common interests"
    }
  ],
  "questions": [
    {
      "question": "What methodological approach did Lewis and Bartlett primarily use in their study?",
      "options": [
        "Qualitative analysis through interviews",
        "Quantitative surveys with statistical data",
        "Experimental field research",
        "Historical document analysis"
      ],
      "correct_answer": "Qualitative analysis through interviews"
    },
    {
      "question": "How do Lewis and Bartlett characterize Bigfoot in their book's blurb?",
      "options": [
        "As a cultural object that organizes people's lives",
        "As a proven biological creature",
        "As a complete hoax with no significance",
        "As an alien species confirmed by science"
      ],
      "correct_answer": "As a cultural object that organizes people's lives"
    },
    {
      "question": "What previous research experience influenced Bartlett's involvement in this study?",
      "options": [
        "A sociological study of fringe physicists",
        "Work on primate biology",
        "Analysis of TV programming",
        "Military history research"
      ],
      "correct_answer": "A sociological study of fringe physicists"
    },
    {
      "question": "What demographic trend is noted among Bigfooters regarding gender?",
      "options": [
        "Growing female participation",
        "Exclusively male membership",
        "Equal gender distribution",
        "Declining male involvement"
      ],
      "correct_answer": "Growing female participation"
    },
    {
      "question": "How did Lewis initiate the study during lockdown?",
      "options": [
        "By watching a TV show about Bigfoot and expanding to interviews",
        "By conducting field expeditions in forests",
        "By analyzing the 1967 film in detail",
        "By surveying academic institutions"
      ],
      "correct_answer": "By watching a TV show about Bigfoot and expanding to interviews"
    },
    {
      "question": "What is the significance of the 2025 YouGov survey mentioned in the article?",
      "options": [
        "It shows that about a quarter of Americans believe Bigfoot might exist",
        "It proves Bigfoot is real",
        "It indicates declining interest in Bigfoot",
        "It focuses on international beliefs about cryptids"
      ],
      "correct_answer": "It shows that about a quarter of Americans believe Bigfoot might exist"
    },
    {
      "question": "How do Lewis and Bartlett address questions about their personal belief in Bigfoot?",
      "options": [
        "They defer to mainstream scientific consensus while focusing on community study",
        "They openly endorse Bigfoot's existence",
        "They refuse to discuss belief aspects",
        "They conduct their own evidence-based tests"
      ],
      "correct_answer": "They defer to mainstream scientific consensus while focusing on community study"
    },
    {
      "question": "What key division exists within the Bigfooter community according to the study?",
      "options": [
        "Between apers and woo-woos",
        "Between urban and rural seekers",
        "Between scientists and amateurs",
        "Between believers and skeptics"
      ],
      "correct_answer": "Between apers and woo-woos"
    },
    {
      "question": "What broader sociological concept does this study contribute to understanding?",
      "options": [
        "The borderlands between legitimate science and fringe beliefs",
        "The evolution of primate species",
        "The history of American folklore",
        "The impact of lockdown on mental health"
      ],
      "correct_answer": "The borderlands between legitimate science and fringe beliefs"
    },
    {
      "question": "What is the primary focus of Lewis and Bartlett's analysis regarding Bigfoot's existence?",
      "options": [
        "Its role as a social and cultural phenomenon",
        "Its biological evidence and habitat",
        "Its depiction in media and entertainment",
        "Its comparison to other mythical creatures"
      ],
      "correct_answer": "Its role as a social and cultural phenomenon"
    }
  ],
  "background_read": [
    "Bigfoot, or Sasquatch, represents a prominent cryptid in North American folklore, with reported sightings dating back centuries. The 1967 Patterson-Gimlin film catalyzed modern interest, though scientific scrutiny largely dismisses it as inconclusive or hoaxed. Sociological studies of such phenomena examine how communities coalesce around contested beliefs, often intersecting with issues of identity, expertise, and media representation. This research builds on theories of pseudoscience and boundary-work in science, exploring how groups like Bigfooters negotiate legitimacy in the face of institutional skepticism. Understanding these dynamics offers insights into broader social processes, such as the construction of knowledge, the role of narrative in belief systems, and the ways in which marginalized or fringe groups create meaning and community in contemporary society."
  ],
  "Article_Structure": [
    "Main Points: The article details a sociological study by Lewis and Bartlett on Bigfooters, highlighting motivations, community factions (apers vs. woo-woos), demographics, and cultural significance, with Bigfoot framed as a cultural object. Purpose: To analyze the social and psychological drivers behind the pursuit of a cryptid, contributing to sociological discourse on fringe science and community identity, rather than validating Bigfoot's existence. Evidence Evaluation: Relies on qualitative interview data, offering rich narratives but limited empirical evidence for Bigfoot itself; critically assesses the subjective nature of witness accounts and survey data like the YouGov poll. Author Credibility: Lewis and Bartlett are established sociologists with prior work on fringe communities, providing academic authority, though their neutrality is maintained to avoid bias in studying belief systems. Methodology: Employed qualitative methods during lockdown, conducting over 130 interviews to gather experiential data, analyzed through sociological lenses to explore community dynamics and borderland interactions with science. Critical Assessment: Strengths include in-depth qualitative insights and relevance to sociological theory, but limitations involve potential sampling bias toward vocal Bigfooters and lack of quantitative measures to generalize findings."
  ],
  "perspectives": [
    {
      "perspective": "Sociological constructivism",
      "description": "Views Bigfoot as a social construct that shapes community interactions and identities, independent of ontological reality."
    },
    {
      "perspective": "Scientific realism",
      "description": "Asserts that Bigfoot's existence should be evaluated based on empirical evidence, which is currently lacking, thus regarding the search as pseudoscientific."
    },
    {
      "perspective": "Cultural studies",
      "description": "Examines Bigfoot's role in media, folklore, and popular culture as a symbol that reflects societal anxieties and interests."
    },
    {
      "perspective": "Psychological analysis",
      "description": "Explores cognitive and motivational factors, such as belief perseverance and the need for adventure, that drive individuals to engage in cryptid searches."
    }
  ],
  "image_url": "/article_images/article_e2b10c05615a8558_9e211b975c18.webp"
}