{
  "title": "Critical Analysis of Epstein Document Release: Survivors' Scepticism and Transparency Concerns",
  "summary": "The recent release of documents by the US Department of Justice pertaining to Jeffrey Epstein's abuse has generated significant scrutiny, with survivors expressing profound scepticism and disappointment. Mandated by the Epstein Files Transparency Act, the full disclosure was legally required, yet the DOJ has only partially complied, releasing thousands of pages with extensive redactions. Survivors, including Liz Stein and Marina Lacerda, articulate concerns that this 'slow roll-out' of incomplete information may obscure critical evidence and inadvertently fuel conspiracy theories, as noted by legal experts. Lawmakers criticize the DOJ's efforts as insincere, highlighting a disconnect between legal obligations and practical implementation. The documents feature photos of Epstein's associate Ghislaine Maxwell and various celebrities, though such inclusions do not imply culpability. Notably, the disappearance of some files post-release raises questions about procedural integrity and transparency. This situation underscores broader issues of governmental accountability and the challenges in balancing privacy protections with the imperative for public disclosure in high-profile abuse cases. Survivors advocate for comprehensive evidence release to facilitate justice and prevent historical obfuscation.",
  "keywords": [
    {
      "term": "Epstein Files Transparency Act",
      "explanation": "legislation enacted to ensure complete public access to documents related to Epstein's criminal activities, emphasizing governmental accountability"
    },
    {
      "term": "redactions",
      "explanation": "the editorial practice of censoring sensitive content in documents, which in this context is critiqued for impeding transparency and evidentiary clarity"
    },
    {
      "term": "conspiracy theories",
      "explanation": "speculative narratives that may emerge from gaps in official information, as analyzed by experts regarding the potential societal impact of incomplete disclosures"
    },
    {
      "term": "governmental accountability",
      "explanation": "the principle that institutions like the DOJ must answer for their actions, particularly in adhering to legal mandates and ensuring justice for victims"
    },
    {
      "term": "procedural integrity",
      "explanation": "the adherence to consistent and transparent processes in document handling, questioned here due to files becoming unavailable after release"
    }
  ],
  "questions": [
    {
      "question": "What legislative mandate governs the release of Epstein documents?",
      "options": [
        "Epstein Files Transparency Act",
        "Freedom of Information Act",
        "Department of Justice Guidelines",
        "Survivors' Rights Act"
      ],
      "correct_answer": "Epstein Files Transparency Act"
    },
    {
      "question": "How do survivors characterize the DOJ's release of documents?",
      "options": [
        "As a 'slow roll-out' of incomplete information",
        "As fully transparent and timely",
        "As overly detailed and comprehensive",
        "As irrelevant to justice efforts"
      ],
      "correct_answer": "As a 'slow roll-out' of incomplete information"
    },
    {
      "question": "What critical concern do legal experts raise regarding redactions?",
      "options": [
        "They may fuel conspiracy theories",
        "They enhance document clarity",
        "They protect all parties equally",
        "They speed up legal processes"
      ],
      "correct_answer": "They may fuel conspiracy theories"
    },
    {
      "question": "Which group has described the DOJ's efforts as insincere?",
      "options": [
        "Lawmakers",
        "Survivors exclusively",
        "Celebrities named in files",
        "International observers"
      ],
      "correct_answer": "Lawmakers"
    },
    {
      "question": "What issue arose with some released files on the DOJ website?",
      "options": [
        "They became unavailable after release",
        "They were fully accessible without redactions",
        "They were praised by all stakeholders",
        "They contained no new information"
      ],
      "correct_answer": "They became unavailable after release"
    },
    {
      "question": "What broader principle is challenged by the document release according to the analysis?",
      "options": [
        "Governmental accountability",
        "Privacy rights exclusively",
        "Media sensationalism",
        "Judicial independence"
      ],
      "correct_answer": "Governmental accountability"
    },
    {
      "question": "How does the article assess the inclusion of celebrities in the files?",
      "options": [
        "As not indicative of wrongdoing",
        "As proof of involvement",
        "As irrelevant to the case",
        "As protected by privacy laws"
      ],
      "correct_answer": "As not indicative of wrongdoing"
    },
    {
      "question": "What methodological detail is mentioned regarding file information?",
      "options": [
        "Reliance on CBS for missing file descriptions",
        "Direct access to all DOJ internal memos",
        "Survivors' firsthand documentation",
        "Government press releases only"
      ],
      "correct_answer": "Reliance on CBS for missing file descriptions"
    },
    {
      "question": "What critical assessment is made of the DOJ's actions?",
      "options": [
        "They demonstrate a lack of procedural integrity",
        "They fully comply with survivor demands",
        "They prioritize transparency over all else",
        "They are praised for efficiency"
      ],
      "correct_answer": "They demonstrate a lack of procedural integrity"
    },
    {
      "question": "What do survivors advocate for as essential to justice?",
      "options": [
        "Comprehensive evidence release",
        "Increased redactions for privacy",
        "Limiting public access",
        "Focusing only on celebrities"
      ],
      "correct_answer": "Comprehensive evidence release"
    }
  ],
  "background_read": [
    "Jeffrey Epstein's case represents a complex intersection of wealth, power, and systemic abuse, with his 2019 death in jail intensifying calls for transparency. The Epstein Files Transparency Act was passed to address these demands, requiring the US Department of Justice to disclose all related materials, yet its implementation has been contentious. Survivors, who have endured significant trauma, are now key advocates, pushing for full disclosure to ensure accountability and prevent similar abuses. Redactions in legal contexts often serve to protect sensitive information, but critics argue they can be used to obscure truth, especially in high-stakes cases involving influential figures. The involvement of celebrities and politicians in the documents has led to widespread media coverage and public speculation, though legal standards emphasize that association does not imply guilt. This scenario highlights ongoing debates about government transparency, victim rights, and the challenges of navigating privacy versus public interest in the digital age."
  ],
  "Article_Structure": [
    "This in-depth analysis examines the Epstein document release, detailing main points: survivors' scepticism due to partial compliance with the Epstein Files Transparency Act, redactions hindering transparency, and concerns about fueling conspiracy theories. The purpose is to critique governmental accountability and report on survivor advocacy within a broader context of justice and transparency. Evidence evaluation notes reliance on survivor testimonies and expert opinions, though redactions limit source assessment. Author credibility stems from BBC's reputable journalism, though potential biases in highlighting survivor perspectives are acknowledged. Methodology involves synthesizing reports from the DOJ, survivors, lawmakers, and media partners like CBS, with a critical assessment highlighting strengths in survivor inclusion but limitations in accessing unredacted materials and potential oversight of legal complexities."
  ],
  "perspectives": [
    {
      "perspective": "Survivors' critical perspective",
      "description": "They view the DOJ's actions as undermining justice through incomplete disclosures and redactions, advocating for full transparency to address systemic failures and ensure accountability."
    }
  ],
  "image_url": "/article_images/article_7d15b017766c5fa0_4da91d96e4d2.webp"
}