{
  "articles": [
    {
      "id": "c60bb53efe55596a",
      "title": "Tulip Siddiq's Legal Battle in Bangladesh: A Case of Cross-Border Politics",
      "summary": "Tulip Siddiq, a Labour MP and former Treasury minister in the UK, has been sentenced to two years in prison in Bangladesh after a trial conducted in her absence. She was convicted of corruption for allegedly using her influence over her aunt, ousted Prime Minister Sheikh Hasina, to secure a plot of land for her family near Dhaka. Siddiq, who resides in London, has vehemently denied the charges, labeling the trial as 'flawed and farcical' and a 'kangaroo court.' She asserts that the allegations are politically motivated and part of broader legal actions against Hasina's associates since the regime change in Bangladesh. The sentence includes a fine, with additional jail time if unpaid, but Siddiq is unlikely to serve it due to her location. The case highlights issues of citizenship, as prosecutors claim she holds Bangladeshi documents, while her lawyers dispute this. Siddiq remains focused on her parliamentary duties in Hampstead and Highgate, viewing the case as an attempt to smear her reputation.",
      "source": "BBC News",
      "time_ago": "1 hour ago",
      "image_url": "/article_images/article_c60bb53efe55596a_5bc772739c69.webp",
      "category": "News"
    },
    {
      "id": "fc8895cdf9d1fa90",
      "title": "Analyzing a Chancellor's Pre-Budget Transparency",
      "summary": "This article by Chris Mason from BBC News examines Chancellor Rachel Reeves' pre-Budget news conference on November 4, where she outlined upcoming fiscal measures. Reeves accurately forecasted tax increases, cost-of-living interventions, and adherence to fiscal rules, which were later implemented in the Budget. However, the central critique revolves around a specific omission: at the time of the conference, Reeves was aware that tax receipts were significantly higher than anticipated, information that offset negative productivity growth revisions by the Office for Budget Responsibility (OBR). This fact was not disclosed until later, when the Treasury responded to media reports. Mason argues that this selective sharing of information constituted misleading the public, as it painted a grimmer economic picture than reality, affecting perceptions of Budget trade-offs. The OBR's subsequent clarification of the timeline confirmed Reeves' prior knowledge. The article emphasizes the importance of transparency in government communications, especially during critical fiscal announcements, and questions the ethical implications of withholding data that could influence public understanding and market reactions.",
      "source": "BBC News",
      "time_ago": "1 hour ago",
      "image_url": "/article_images/article_fc8895cdf9d1fa90_2cb007501f91.webp",
      "category": "News"
    },
    {
      "id": "11a6e3cf526a5334",
      "title": "Understanding Forever Chemicals: Health Risks and Personal Impact",
      "summary": "This article details a personal investigation into forever chemicals, or PFAS, by a BBC journalist who is also a mother. She undergoes a blood test as part of a Panorama investigation to measure her PFAS levels, discovering a result of 9.8 nanograms per milliliter, which is above the 2ng/mL threshold considered risky by healthcare specialist Dr. Sabine Donnai. PFAS are a group of about 10,000 synthetic chemicals used in products like waterproof clothing, cookware, and electronics, known for their persistence in the environment and ability to accumulate in human bodies. The article explains that scientists have linked some PFAS to serious health issues, including infertility and cancer. A key point is that the journalist learned she likely passed these chemicals to her children during pregnancy, making the issue deeply personal. She expresses anger and concern over the lack of public knowledge and control regarding PFAS exposure. The piece highlights the widespread presence of these chemicals in homes, water, and food, emphasizing the challenges in avoiding them and the need for greater awareness and action to mitigate health risks.",
      "source": "BBC News",
      "time_ago": "6 hours ago",
      "image_url": "/article_images/article_11a6e3cf526a5334_37738d7ee8e1.webp",
      "category": "News"
    },
    {
      "id": "7c3b12dd2b12d0b9",
      "title": "The Monarchy's Challenge: Can William's Approach Boost Public Support?",
      "summary": "In this article, David Dimbleby reflects on the British monarchy's declining public approval, based on his documentary research and interviews with experts. He notes that support has dropped from 86% in 1983 to 51% in recent surveys, with younger generations particularly skeptical. While scandals involving Prince Andrew and the Sussexes have hurt the Royal Family's image, Dimbleby argues the core issue is the monarchy's relevance in today's world. He explores whether Prince William's 'ordinary Joe' persona can help win back support, emphasizing that public affection is crucial for the institution's survival. The article also considers the roles of King Charles and William in addressing this challenge, highlighting the need for the monarchy to adapt to modern values without losing its traditional appeal.",
      "source": "BBC News",
      "time_ago": "12 hours ago",
      "image_url": "/article_images/article_7c3b12dd2b12d0b9_a67150f44849.webp",
      "category": "News"
    },
    {
      "id": "bfff28fa3c702dd2",
      "title": "Winter Storm Disrupts Post-Thanksgiving Travel Across the Midwest",
      "summary": "A significant winter storm in the Great Lakes region severely impacted post-Thanksgiving travel, particularly in Chicago, where hundreds of flights were delayed or canceled. Chicago's O'Hare International Airport recorded 8.4 inches of snow, setting a November record, leading to over 270 cancellations and 1,200 delays by midafternoon. The storm extended to other areas, with Detroit Metro Airport experiencing nearly 400 delays and over 300 cancellations. In Wisconsin, utility crews addressed power outages affecting thousands, while churches in western Michigan advised worshippers to stay home. The National Weather Service reported hazardous conditions in Iowa and Illinois, with over a foot of snow in some places. Planes required de-icing at multiple airports, including Ronald Reagan Washington National and Minneapolis–Saint Paul, to ensure safety. This event highlights the challenges of winter weather on critical travel days and infrastructure.",
      "source": "PBS NewsHour",
      "time_ago": "13 hours ago",
      "image_url": "/article_images/article_bfff28fa3c702dd2_07984399461c.webp",
      "category": "News"
    },
    {
      "id": "1640dc03ebefa6da",
      "title": "Honduras' Tight Presidential Election Influenced by U.S. Politics",
      "summary": "Hondurans participated in a presidential election on Sunday, with polls showing a tight race among three main candidates: Moncada, who advocates for economic democratization; Nasralla, positioning himself as an anti-corruption outsider; and Asfura, aiming to revive the National Party's pro-business image. The election, which also included votes for Congress and local offices, was overshadowed by unexpected interventions from former U.S. President Donald Trump. Trump endorsed Asfura and announced a pardon for ex-President Juan Orlando Hernández, who was serving a 45-year sentence in the U.S. for drug trafficking. This move signaled renewed U.S. interest in Latin America and shifted the campaign's focus from domestic issues like security and employment, which remain top priorities despite recent improvements in homicide rates. Voting proceeded with typical campaign activities, such as banners and music at polling sites in Tegucigalpa, highlighting the democratic process amid external influences.",
      "source": "PBS NewsHour",
      "time_ago": "16 hours ago",
      "image_url": "/article_images/article_1640dc03ebefa6da_d61e5e5c1a51.webp",
      "category": "News"
    }
  ]
}