{
  "title": "Relativistic Modeling of Gravitational Waves for Dark Matter Detection in Black Hole Environments",
  "summary": "A team from the University of Amsterdam has pioneered a fully relativistic framework to utilize gravitational waves from extreme mass-ratio inspirals (EMRIs) as probes for dark matter surrounding black holes. Their research, published in Physical Review Letters, addresses limitations in prior studies by employing Einstein's theory of general relativity to model how dark matter 'spikes'—dense accumulations hypothesized to form near massive black holes—alter gravitational wave emissions. EMRIs involve a stellar-mass black hole spiraling into a supermassive black hole over extended periods, generating long-duration gravitational signals. The model enhances precision by incorporating relativistic effects often omitted in Newtonian approximations, enabling more accurate predictions of waveform modifications. This advancement is crucial for interpreting data from forthcoming observatories like the European Space Agency's LISA mission, launching in 2035, which will monitor EMRIs for months to years. By detecting distinct imprints in gravitational waves, the study aims to infer dark matter distribution and properties, contributing to broader cosmological inquiries. The work underscores the integration of theoretical astrophysics with observational readiness, potentially revolutionizing our understanding of dark matter, which constitutes approximately 85% of the universe's matter content yet remains enigmatic due to its non-luminous nature.",
  "keywords": [
    {
      "term": "fully relativistic framework",
      "explanation": "a comprehensive model based entirely on Einstein's general relativity, accounting for all gravitational effects without simplification"
    },
    {
      "term": "extreme mass-ratio inspirals (EMRIs)",
      "explanation": "binary systems where a compact object orbits a much more massive black hole, producing prolonged gravitational wave emissions"
    },
    {
      "term": "dark matter spikes",
      "explanation": "theoretical dense regions of dark matter that may form through dynamical processes around supermassive black holes"
    },
    {
      "term": "gravitational waveform modifications",
      "explanation": "changes in the pattern of gravitational waves caused by interactions with surrounding matter, such as dark matter"
    },
    {
      "term": "LISA mission",
      "explanation": "the Laser Interferometer Space Antenna, a planned space-based gravitational wave observatory designed to detect low-frequency signals"
    },
    {
      "term": "general relativity",
      "explanation": "Albert Einstein's theory describing gravity as a geometric property of space-time curvature"
    },
    {
      "term": "cosmological inquiries",
      "explanation": "scientific investigations into the large-scale structure and evolution of the universe"
    },
    {
      "term": "theoretical astrophysics",
      "explanation": "the branch of astrophysics that develops models and simulations to explain astronomical phenomena"
    },
    {
      "term": "observational readiness",
      "explanation": "preparatory work to ensure that theoretical predictions align with future data collection from instruments"
    },
    {
      "term": "non-luminous nature",
      "explanation": "the characteristic of dark matter that it does not emit or absorb light, making it detectable only through gravitational effects"
    }
  ],
  "questions": [
    {
      "question": "What is the primary theoretical basis for the new model developed in this study?",
      "options": [
        "Einstein's general relativity",
        "Newtonian mechanics",
        "Quantum field theory",
        "Special relativity"
      ],
      "correct_answer": "Einstein's general relativity"
    },
    {
      "question": "What are EMRIs, and why are they significant for this research?",
      "options": [
        "Systems with a small black hole orbiting a large one, emitting long gravitational waves useful for dark matter detection",
        "Pairs of stars merging quickly, producing short bursts of light",
        "Planets around sun-like stars, emitting radio waves",
        "Galaxy clusters colliding, creating X-ray emissions"
      ],
      "correct_answer": "Systems with a small black hole orbiting a large one, emitting long gravitational waves useful for dark matter detection"
    },
    {
      "question": "How do dark matter spikes potentially affect gravitational waves according to the model?",
      "options": [
        "By leaving distinct signatures in the waveform",
        "By absorbing the waves completely",
        "By speeding up the orbital decay",
        "By emitting additional light"
      ],
      "correct_answer": "By leaving distinct signatures in the waveform"
    },
    {
      "question": "What mission is highlighted as key for future observational data?",
      "options": [
        "LISA space antenna",
        "James Webb Space Telescope",
        "Hubble Space Telescope",
        "Chandra X-ray Observatory"
      ],
      "correct_answer": "LISA space antenna"
    },
    {
      "question": "What limitation does the new model address compared to previous studies?",
      "options": [
        "Omission of relativistic effects in approximations",
        "Lack of focus on black holes",
        "Ignorance of dark matter existence",
        "Use of outdated technology"
      ],
      "correct_answer": "Omission of relativistic effects in approximations"
    },
    {
      "question": "What is the broader scientific goal of this research as stated in the summary?",
      "options": [
        "To map dark matter distribution and understand its properties",
        "To discover new black hole types",
        "To test alternative gravity theories",
        "To study stellar evolution"
      ],
      "correct_answer": "To map dark matter distribution and understand its properties"
    },
    {
      "question": "How long might LISA observe EMRI signals, and why is this duration important?",
      "options": [
        "Months to years, allowing detailed waveform analysis",
        "Seconds, for quick detection",
        "Days, for initial surveys",
        "Weeks, for calibration purposes"
      ],
      "correct_answer": "Months to years, allowing detailed waveform analysis"
    },
    {
      "question": "What percentage of the universe's matter is estimated to be dark matter?",
      "options": [
        "Approximately 85%",
        "About 50%",
        "Less than 10%",
        "Nearly 100%"
      ],
      "correct_answer": "Approximately 85%"
    },
    {
      "question": "What journal published the findings of this study?",
      "options": [
        "Physical Review Letters",
        "Nature",
        "Science",
        "Astrophysical Journal"
      ],
      "correct_answer": "Physical Review Letters"
    },
    {
      "question": "How does the model contribute to observational readiness for future missions?",
      "options": [
        "By providing accurate predictions for interpreting gravitational wave data",
        "By building new telescopes",
        "By reducing data storage needs",
        "By eliminating the need for dark matter studies"
      ],
      "correct_answer": "By providing accurate predictions for interpreting gravitational wave data"
    }
  ],
  "background_read": [
    "Dark matter is a pervasive yet elusive component of the universe, inferred from gravitational effects on galaxies and cosmic microwave background, but its particle nature remains unidentified, with candidates including WIMPs and axions. Gravitational waves, predicted by general relativity and confirmed by LIGO in 2015, offer a new observational window, particularly for systems like EMRIs that involve supermassive black holes often residing at galactic centers. The LISA mission, a space-based interferometer, aims to detect low-frequency gravitational waves from such sources, enabling tests of fundamental physics. This research intersects particle astrophysics and cosmology, leveraging advanced relativistic calculations to model environmental effects. Understanding dark matter distribution is critical for cosmological models, such as Lambda-CDM, and could inform theories beyond the Standard Model of particle physics."
  ],
  "Article_Structure": [
    "Main Points: The study develops a fully relativistic model to analyze gravitational waves from EMRIs for detecting dark matter spikes around black holes, improving upon simplified approximations. Purpose: To enable precise interpretation of future gravitational wave data from missions like LISA, advancing cosmological understanding of dark matter distribution and properties. Evidence Evaluation: The model is theoretically robust, grounded in general relativity, and published in a peer-reviewed journal, though empirical validation awaits LISA data. Author Credibility: Researchers from the University of Amsterdam's Institute of Physics and GRAPPA center, experts in gravitational physics and astroparticle studies. Methodology: Theoretical framework using relativistic calculations to simulate how dark matter affects waveform signatures, preparing for observational campaigns. Critical Assessment: Strengths include innovative integration of relativity and dark matter theory, but limitations involve reliance on unproven dark matter spike models and future technological success."
  ],
  "perspectives": [
    {
      "perspective": "Interdisciplinary innovation",
      "description": "This work bridges gravitational wave astronomy and dark matter physics, showcasing how theoretical advances can drive observational cosmology forward."
    }
  ],
  "image_url": "/article_images/article_e4433df6cbc03fbe_c92d68c2c19c.webp"
}