{
  "articles": [
    {
      "id": "d1de15e8fab2e5a5",
      "title": "Global Aviation Disruption and Resolution from Airbus Solar Radiation Vulnerability",
      "summary": "The recent grounding of approximately 6,000 Airbus A320 aircraft stemmed from a critical vulnerability in flight control computers, where solar radiation could corrupt elevation data, posing significant safety risks. Airbus, headquartered in France, initiated widespread software updates, successfully addressing the issue for most planes, though around 900 older models necessitated hardware replacements. French Transport Minister Philippe Tabarot highlighted the efficiency of these updates, with over 5,000 aircraft processed smoothly and minimal residual impacts. Disruption levels varied internationally: in the United States, the coincidence with Thanksgiving intensified operational challenges, as American Airlines reported 340 affected planes and anticipated delays, while Delta projected limited consequences. Conversely, UK airports like Heathrow experienced no cancellations, though Gatwick noted minor disruptions, and carriers such as British Airways remained largely unaffected. Budget airlines faced greater hurdles; for instance, Jetstar in Australia cancelled 90 flights due to a third of its fleet being impacted. The impetus for this response was an October incident involving a JetBlue flight that emergency landed after losing altitude, injuring 15 individuals, which prompted Airbus to investigate and attribute the flaw to solar-induced data corruption at high altitudes. This event underscores the ongoing need for robust cybersecurity and environmental resilience in aviation systems, with recovery efforts emphasizing the industry's adaptive capabilities.",
      "source": "BBC News",
      "time_ago": "2 hours ago",
      "image_url": "/article_images/article_d1de15e8fab2e5a5_934ff8e67e03.webp",
      "category": "News"
    },
    {
      "id": "465e7a325f5c5841",
      "title": "Policy Shift: Banning Taxis for Asylum Seekers' Healthcare Access",
      "summary": "The UK government has implemented a ban on taxi usage for asylum seekers attending medical appointments, effective from February, following an urgent review prompted by a BBC investigation. This policy aims to curtail substantial public expenditure, with reported annual transport costs averaging £15.8 million. The investigation uncovered instances of profligate spending, such as a 250-mile taxi journey costing £600 for a GP visit, and testimonials from taxi drivers revealed systemic inefficiencies, including dispatched trips from distant locations like Gatwick to Reading for short distances, resulting in wasted mileage and high costs. Home Secretary Shabana Mahmood justified the measure as a means to eliminate waste and abuse, restricting taxis to exceptional circumstances, while referencing inherited costly contracts from the previous Conservative administration. Asylum seekers currently receive bus passes for limited weekly travel, but the ban raises concerns about equitable healthcare access. This development underscores broader debates on immigration management, public accountability, and the balance between cost-saving and human rights, reflecting ongoing political and social tensions in the UK.",
      "source": "BBC News",
      "time_ago": "2 hours ago",
      "image_url": "/article_images/article_465e7a325f5c5841_a3f24c4cd543.webp",
      "category": "News"
    },
    {
      "id": "0e729ffd404c180a",
      "title": "The Economics and Enforcement of Smishing Fraud",
      "summary": "This BBC News article delves into the sophisticated operations of text message scammers, specifically 'smishing,' which merges SMS technology with phishing to defraud individuals. Detective Chief Inspector Paul Curtis from the Dedicated Card and Payment Crime Unit illustrates the scale of this crime, citing a case where Ruichen Xiong sent 15,000 messages over five days, generating approximately £100,000 monthly. The police have confiscated extensive evidence, including high-end designer items like Gucci products, symbolizing the opulent lifestyles financed by illicit gains. Smishing involves deceptive texts that mimic authoritative sources to extract sensitive data such as passwords and PINs, leading to financial exploitation. The unit, a collaboration between City of London and Metropolitan Police with national jurisdiction and banking sector sponsorship, targets financial fraud systematically. Ofcom data reveals that 50% of UK mobile users encountered suspicious messages recently, highlighting the epidemic nature of this fraud. The article not only reports on criminal activities but also critiques the societal and economic implications, urging for enhanced public awareness and robust legal responses. It serves as a critical examination of modern cybercrime, blending narrative storytelling with factual reporting to underscore the urgency of addressing digital security vulnerabilities.",
      "source": "BBC News",
      "time_ago": "8 hours ago",
      "image_url": "/article_images/article_0e729ffd404c180a_6c3c24a4e2a5.webp",
      "category": "News"
    },
    {
      "id": "339485bebb5395c5",
      "title": "Political Economy and Transparency in Pre-Budget Rhetoric",
      "summary": "This article delves into the intricate political and economic dynamics surrounding UK Chancellor Rachel Reeves' pre-Budget communications, which centered on a reported downgrade in economic productivity that ostensibly threatened her adherence to fiscal rules. Reeves articulated concerns about lower tax receipts and the necessity for spending cuts, fueling speculation about imminent tax increases. However, the Office for Budget Responsibility (OBR) disclosed that elevated wage projections would counterbalance the productivity shortfall, ensuring compliance with fiscal targets. The Conservative opposition, spearheaded by Kemi Badenoch, condemned Reeves for allegedly disseminating a misleadingly bleak narrative to obfuscate intentions to raise taxes, branding it a 'smokescreen.' Downing Street refuted these allegations, emphasizing the chancellor's decisions aimed at alleviating living costs and reducing debt. The piece underscores the tension between strategic political messaging and empirical economic data, interrogating the integrity of public discourse and the role of independent bodies like the OBR in upholding accountability. It invites critical reflection on how economic forecasts are leveraged in political contests and the implications for democratic trust and fiscal policy credibility.",
      "source": "BBC News",
      "time_ago": "8 hours ago",
      "image_url": "/article_images/article_339485bebb5395c5_45a9087339d2.webp",
      "category": "News"
    },
    {
      "id": "207831db0bf051ad",
      "title": "Political Upheaval in Ukraine: Analyzing the Resignation of Zelenskyy's Chief of Staff",
      "summary": "The resignation of Andriy Yermak, chief of staff to Ukrainian President Volodymyr Zelenskyy, marks a pivotal moment in Ukraine's political landscape, occurring amidst a corruption scandal that underscores systemic governance issues. Yermak, as the second most powerful figure, was instrumental in centralizing executive authority following Zelenskyy's 2019 electoral victory, transforming Ukraine's hybrid premier-presidential system into a more top-down, executive-dominated structure. This centralization has been exacerbated by wartime powers, including martial law, which suspends elections and amplifies presidential control. The scandal emerges during critical negotiations with the Trump administration regarding a potential resolution to the protracted war with Russia, highlighting the interplay between domestic integrity and international diplomacy. Corruption allegations reflect deeper challenges within Ukrainian institutions, potentially eroding public trust and complicating reform efforts. This event not only tests Zelenskyy's anti-corruption agenda but also raises questions about the balance of power, accountability in crisis, and the broader implications for Ukraine's democratic resilience and geopolitical positioning. Coverage by PBS NewsHour, through correspondents like Jack Hewson, provides timely insights, though it necessitates critical evaluation of sources and context.",
      "source": "PBS NewsHour",
      "time_ago": "13 hours ago",
      "image_url": "/article_images/article_207831db0bf051ad_2d506bdfd3b1.webp",
      "category": "News"
    },
    {
      "id": "ca501faa861220e2",
      "title": "Analyzing the Federal Prohibition of Hemp-Derived THC Edibles and Beverages",
      "summary": "The United States federal government is poised to enact a ban on THC-infused drinks and snacks derived from hemp, embedded in legislation that recently averted a government shutdown, with enforcement beginning in November 2026. This measure targets a burgeoning sector of the hemp industry, which has capitalized on a regulatory loophole from the 2018 farm bill's legalization of industrial hemp defined by delta-9 THC levels below 0.3%. Companies have exploited this by synthesizing alternative psychoactive cannabinoids like delta-8 and delta-10 from CBD, leading to a proliferation of unregulated products such as seltzers, gummies, and vape oils. These items are marketed widely, including in venues accessible to minors, and have been linked to spikes in pediatric poison control incidents in states like Indiana. The $24 billion hemp industry, including craft breweries such as Indeed Brewing that have diversified into THC beverages amid declining alcohol sales, is actively lobbying against the ban, citing potential economic disruptions. Conversely, proponents frame the ban as essential for mitigating public health risks associated with impairing substances lacking standardized testing and oversight, reflecting broader societal tensions over cannabis policy, regulatory efficacy, and economic adaptation.",
      "source": "PBS NewsHour",
      "time_ago": "13 hours ago",
      "image_url": "/article_images/article_ca501faa861220e2_a8e8492024af.webp",
      "category": "News"
    }
  ]
}