{
  "title": "Public Health Crisis in North London: Measles Outbreak Triggers School Exclusion Policies and Vaccination Campaigns",
  "summary": "A measles outbreak in north London, specifically in Enfield and Haringey, has led to potential school exclusions for unvaccinated pupils identified as close contacts, as per Enfield Council's adherence to national guidelines. With at least 34 confirmed cases this year, including hospitalizations, health officials such as Dr. Jo Sauvage of the North Central London Integrated Care Board have raised alarms over the unprecedented scale of the outbreak in the area. The UK Health Security Agency data indicates this is part of a broader trend, with England recording over 2,900 measles cases in 2024, causing the UK to lose its World Health Organization measles elimination status. The government has initiated a campaign to boost childhood vaccination uptake, targeting measles and other immunizations for under-fives. Measles, a highly contagious viral disease, underscores the critical need for herd immunity through vaccination. This outbreak highlights systemic issues in vaccination rates and public health responses, with local GPs noting rare occurrences of measles in their practices, emphasizing the urgency of containment and education efforts.",
  "keywords": [
    {
      "term": "measles elimination status",
      "explanation": "a designation by the WHO indicating a country has interrupted endemic measles transmission, lost due to resurgence"
    },
    {
      "term": "herd immunity",
      "explanation": "community protection achieved when a high percentage of the population is vaccinated, reducing disease spread"
    },
    {
      "term": "public health response",
      "explanation": "coordinated actions by authorities to manage disease outbreaks, including surveillance and intervention strategies"
    },
    {
      "term": "vaccination campaign",
      "explanation": "targeted efforts to increase immunization rates through public awareness and accessibility"
    },
    {
      "term": "systemic issues",
      "explanation": "underlying problems in healthcare or social systems contributing to low vaccination uptake"
    }
  ],
  "questions": [
    {
      "question": "What national guidelines are Enfield Council following in their response to the measles outbreak?",
      "options": [
        "Excluding unvaccinated close contacts from school for 21 days",
        "Mandating vaccines for all adults",
        "Closing all schools indefinitely",
        "Providing free healthcare to all residents"
      ],
      "correct_answer": "Excluding unvaccinated close contacts from school for 21 days"
    },
    {
      "question": "How does the article contextualize the Enfield outbreak within broader UK trends?",
      "options": [
        "By noting over 2,900 measles cases in England in 2024 and loss of WHO elimination status",
        "By comparing it to flu outbreaks",
        "By linking it to economic factors",
        "By discussing climate change impacts"
      ],
      "correct_answer": "By noting over 2,900 measles cases in England in 2024 and loss of WHO elimination status"
    },
    {
      "question": "What role does Dr. Jo Sauvage play in the article's narrative?",
      "options": [
        "Chief medical officer providing expert insight on the outbreak's severity",
        "Local parent criticizing exclusion policies",
        "School principal implementing new rules",
        "Journalist reporting the news"
      ],
      "correct_answer": "Chief medical officer providing expert insight on the outbreak's severity"
    },
    {
      "question": "What is the significance of the UK losing its WHO measles elimination status?",
      "options": [
        "It indicates a resurgence of measles and failure to maintain control",
        "It means vaccines are no longer effective",
        "It leads to immediate school closures",
        "It results in new laws being passed"
      ],
      "correct_answer": "It indicates a resurgence of measles and failure to maintain control"
    },
    {
      "question": "How does the article address the methodology of information gathering?",
      "options": [
        "Through citations from UKHSA, interviews with health officials, and official council letters",
        "By using social media polls",
        "Through anonymous surveys",
        "By referencing historical data only"
      ],
      "correct_answer": "Through citations from UKHSA, interviews with health officials, and official council letters"
    },
    {
      "question": "What critical assessment can be made about the evidence presented in the article?",
      "options": [
        "It is credible but localized, relying on expert statements and agency data",
        "It is based solely on anecdotal evidence",
        "It lacks any official sources",
        "It is outdated and irrelevant"
      ],
      "correct_answer": "It is credible but localized, relying on expert statements and agency data"
    },
    {
      "question": "What broader public health issue does the measles outbreak highlight?",
      "options": [
        "Low vaccination rates and challenges in achieving herd immunity",
        "Overcrowding in schools",
        "Poor diet among children",
        "Lack of recreational facilities"
      ],
      "correct_answer": "Low vaccination rates and challenges in achieving herd immunity"
    },
    {
      "question": "How does the government's campaign aim to address the outbreak?",
      "options": [
        "By improving vaccination uptake for measles and other childhood jabs",
        "By increasing school funding",
        "By reducing class sizes",
        "By promoting alternative medicines"
      ],
      "correct_answer": "By improving vaccination uptake for measles and other childhood jabs"
    },
    {
      "question": "What perspective does the article provide on local GP experiences?",
      "options": [
        "Some GPs report rarely seeing measles, underscoring the outbreak's unusual nature",
        "All GPs advocate against vaccinations",
        "GPs are indifferent to the outbreak",
        "GPs blame parents exclusively"
      ],
      "correct_answer": "Some GPs report rarely seeing measles, underscoring the outbreak's unusual nature"
    },
    {
      "question": "What is a key limitation of the article's coverage?",
      "options": [
        "It focuses on a specific area and may not represent national nuances",
        "It provides too much data on other diseases",
        "It ignores expert opinions",
        "It is overly critical of vaccination efforts"
      ],
      "correct_answer": "It focuses on a specific area and may not represent national nuances"
    }
  ],
  "background_read": [
    "Measles is caused by the morbillivirus and is transmitted via respiratory droplets, with symptoms including high fever and maculopapular rash. The MMR vaccine, introduced in the UK in 1988, has significantly reduced incidence, but vaccine hesitancy and misinformation have led to declining uptake in some communities. Herd immunity requires about 95% vaccination coverage to prevent outbreaks. The WHO's measles elimination status is based on sustained interruption of endemic transmission, and loss reflects public health failures. Outbreak management involves surveillance, isolation, and vaccination drives, as seen in north London, highlighting interdisciplinary efforts between local authorities and health agencies."
  ],
  "Article_Structure": [
    "Main Points: The article details a measles outbreak in north London, with Enfield Council enforcing school exclusions for unvaccinated close contacts, citing at least 34 cases and hospitalizations. Purpose: To report on local public health measures, connect the outbreak to national trends like the loss of WHO elimination status, and emphasize vaccination campaigns. Evidence Evaluation: Sources include UKHSA data, statements from Dr. Jo Sauvage and other health officials, and council communications, offering credible but region-specific evidence. Author Credibility: BBC News provides balanced reporting, though reliance on official sources may limit critical perspectives. Methodology: Utilizes public health reports, expert interviews, and policy documents to construct a narrative on outbreak response and vaccination challenges. Critical Assessment: Strengths include timely reporting and expert insights, but limitations involve a narrow geographic focus and potential underrepresentation of community voices or alternative viewpoints on vaccination policies."
  ],
  "perspectives": [
    {
      "perspective": "Public health experts",
      "description": "They emphasize the need for vaccination and containment strategies to address the outbreak and prevent future crises."
    }
  ],
  "image_url": "/article_images/article_b995f9c19ceb7c67_c20d5ee170d0.webp"
}