{
  "title": "Skye Newman's Rise to Fame with BBC Sound of 2026 Win",
  "summary": "Skye Newman, a 22-year-old pop singer from south-east London, has been named the winner of BBC Radio 1's Sound of 2026 award. This annual poll is recognized as a predictor of future success in the music industry, with past winners including notable artists like Adele and Haim. Newman's career took off last year when her debut single 'Hairdresser' entered the top 20, followed by 'Family Matters' reaching number five, making her the first female artist since 2014 to achieve this with her first two singles. Her music is characterized by raw emotion and honest lyrics about personal trauma, such as growing up in a challenging environment with issues like drug abuse. High-profile endorsements from artists like Ed Sheeran, Lewis Capaldi, and Sir Elton John, who praised her talent, have bolstered her recognition. Newman expresses disbelief at her rapid rise, viewing her songs as a therapeutic outlet for her experiences. The award highlights her potential to influence pop music and connect with audiences through authentic storytelling.",
  "keywords": [
    {
      "term": "BBC Sound of 2026",
      "explanation": "an annual award by BBC Radio 1 that identifies emerging music talent likely to succeed"
    },
    {
      "term": "debut single",
      "explanation": "the first song released by an artist, which for Skye was 'Hairdresser'"
    },
    {
      "term": "top 20",
      "explanation": "a chart position indicating a song is among the 20 most popular in sales or streams"
    },
    {
      "term": "raw emotion",
      "explanation": "intense and unfiltered feelings expressed in Skye's music"
    },
    {
      "term": "therapeutic outlet",
      "explanation": "a way to release emotional pain, as Skye uses singing to cope with trauma"
    },
    {
      "term": "endorsements",
      "explanation": "public support from famous people, like Elton John praising Skye"
    },
    {
      "term": "predictor",
      "explanation": "something that indicates future success, as the award does for pop stars"
    },
    {
      "term": "authentic storytelling",
      "explanation": "sharing real-life experiences honestly in music"
    }
  ],
  "questions": [
    {
      "question": "What is the BBC Sound of 2026 award known for?",
      "options": [
        "predicting future music success",
        "giving cash prizes",
        "awarding best album",
        "honoring lifetime achievements"
      ],
      "correct_answer": "predicting future music success"
    },
    {
      "question": "Which of Skye Newman's singles reached number five?",
      "options": [
        "Hairdresser",
        "Family Matters",
        "Betrayal",
        "Loss"
      ],
      "correct_answer": "Family Matters"
    },
    {
      "question": "How did Skye Newman describe her music's purpose?",
      "options": [
        "as a therapeutic outlet for trauma",
        "to become rich quickly",
        "to imitate other artists",
        "to avoid personal issues"
      ],
      "correct_answer": "as a therapeutic outlet for trauma"
    },
    {
      "question": "Who called Skye Newman 'incredibly talented'?",
      "options": [
        "Sir Elton John",
        "Ed Sheeran",
        "Lewis Capaldi",
        "Adele"
      ],
      "correct_answer": "Sir Elton John"
    },
    {
      "question": "What milestone did Skye achieve with her first two singles?",
      "options": [
        "first female artist since 2014 to top 20 with both",
        "first to win a Grammy",
        "first to tour globally",
        "first to write all songs alone"
      ],
      "correct_answer": "first female artist since 2014 to top 20 with both"
    },
    {
      "question": "What themes are common in Skye's lyrics?",
      "options": [
        "betrayal, loss, and disorder",
        "love and happiness",
        "fantasy and adventure",
        "politics and history"
      ],
      "correct_answer": "betrayal, loss, and disorder"
    },
    {
      "question": "Where did Skye Newman grow up?",
      "options": [
        "a council estate in London",
        "a farm in Scotland",
        "a city in America",
        "a village in Wales"
      ],
      "correct_answer": "a council estate in London"
    },
    {
      "question": "What year did Skye's career take off?",
      "options": [
        "last year",
        "five years ago",
        "ten years ago",
        "this year"
      ],
      "correct_answer": "last year"
    }
  ],
  "background_read": [
    "Skye Newman is an emerging pop artist who won the BBC Sound of 2026, an award that has historically spotlighted future stars like Adele. Her music addresses personal struggles from her upbringing in a council estate, resonating with audiences through emotional depth. The support from established artists underscores her credibility in the industry. This context helps understand her rapid ascent and the significance of the award in music culture."
  ],
  "Article_Structure": [
    "Main Points: Skye Newman won BBC Sound of 2026, highlighting her as a rising pop star with successful singles and emotional lyrics about trauma. Purpose: To report on her award win and explore her background, emphasizing how personal experiences shape her music and industry recognition. Evidence Evaluation: The article uses quotes from Newman and endorsements from celebrities, providing credible sources, but lacks statistical data on music sales. Author Credibility: BBC News is a reputable source, though the article is descriptive rather than analytical. Methodology: Information is gathered from interviews with Newman and references to chart data, offering a narrative overview of her career."
  ],
  "perspectives": [
    {
      "perspective": "Industry view",
      "description": "The award positions Skye as a promising talent with potential for commercial success, supported by endorsements."
    },
    {
      "perspective": "Personal view",
      "description": "Skye sees her music as a way to process and share her difficult life experiences, adding authenticity to her work."
    }
  ],
  "image_url": "/article_images/article_702ca4da253febc2_dd598f0a239c.webp"
}