{
  "title": "MIT Researchers Develop mRNA Method to Boost Aging Immune Systems",
  "summary": "As aging occurs, the immune system often declines, leading to reduced T cell populations and slower responses to pathogens, increasing vulnerability to infections in older adults. To combat this, scientists from MIT and the Broad Institute have developed an innovative approach using mRNA to temporarily reprogram liver cells. This method aims to compensate for thymic involution, where the thymus—an organ crucial for T cell maturation—shrinks with age, reducing new T cell production. By delivering three key factors via mRNA, the researchers created a synthetic 'factory' in the liver that mimics thymic signals, enhancing T cell survival and diversity. In experiments with older mice, this treatment resulted in larger and more varied T cell populations after vaccination and improved responses to cancer immunotherapy. Published in Nature, this study suggests potential future applications for human patients to maintain immune health and reduce disease risk as they age, offering a safer alternative to previous methods that caused side effects.",
  "keywords": [
    {
      "term": "thymic involution",
      "explanation": "the shrinking of the thymus with age, which reduces T cell production"
    },
    {
      "term": "mRNA delivery",
      "explanation": "using mRNA molecules to instruct cells to produce specific proteins or factors"
    },
    {
      "term": "T cell diversity",
      "explanation": "the variety of T cells, which is important for effective immune responses"
    },
    {
      "term": "synthetic approach",
      "explanation": "engineering biological systems to mimic natural processes"
    },
    {
      "term": "cancer immunotherapy",
      "explanation": "treatments that use the immune system to fight cancer"
    },
    {
      "term": "immune decline",
      "explanation": "the weakening of the immune system due to aging or other factors"
    },
    {
      "term": "liver reprogramming",
      "explanation": "changing liver cells to perform new functions, like producing immune signals"
    },
    {
      "term": "vaccination response",
      "explanation": "how well the immune system reacts to vaccines"
    }
  ],
  "questions": [
    {
      "question": "What is thymic involution and how does it affect the immune system?",
      "options": [
        "Shrinking of the thymus, reducing T cell production",
        "Growth of the thymus, increasing T cell production",
        "No change to the thymus",
        "The thymus stops working at birth"
      ],
      "correct_answer": "Shrinking of the thymus, reducing T cell production"
    },
    {
      "question": "How did the MIT team deliver the factors to boost T cells?",
      "options": [
        "Using mRNA",
        "Using pills",
        "Using surgery",
        "Using radiation"
      ],
      "correct_answer": "Using mRNA"
    },
    {
      "question": "Why did the researchers choose the liver for their synthetic factory?",
      "options": [
        "It produces proteins well and blood flows through it",
        "It is the largest organ",
        "It is easy to remove",
        "It has no function in aging"
      ],
      "correct_answer": "It produces proteins well and blood flows through it"
    },
    {
      "question": "What were the results of the treatment in older mice?",
      "options": [
        "Larger and more varied T cell populations",
        "No change in T cells",
        "Reduced T cell numbers",
        "Increased thymus size"
      ],
      "correct_answer": "Larger and more varied T cell populations"
    },
    {
      "question": "What is the goal of this research for human patients?",
      "options": [
        "To help maintain immune health as they age",
        "To cure all aging diseases",
        "To replace the thymus entirely",
        "To stop aging completely"
      ],
      "correct_answer": "To help maintain immune health as they age"
    },
    {
      "question": "How does this approach differ from earlier methods to rejuvenate the immune system?",
      "options": [
        "It uses a synthetic liver factory to avoid side effects",
        "It involves transplanting stem cells",
        "It uses growth factors in the bloodstream",
        "It focuses on regrowing the thymus"
      ],
      "correct_answer": "It uses a synthetic liver factory to avoid side effects"
    },
    {
      "question": "What journal was this study published in?",
      "options": [
        "Nature",
        "Science",
        "Cell",
        "The Lancet"
      ],
      "correct_answer": "Nature"
    },
    {
      "question": "Who is the lead author of this study?",
      "options": [
        "Mirco Friedrich",
        "Feng Zhang",
        "James Poitras",
        "Howard Hughes"
      ],
      "correct_answer": "Mirco Friedrich"
    }
  ],
  "background_read": [
    "Aging is associated with a decline in immune function, particularly due to thymic involution, where the thymus shrinks and reduces T cell production. T cells are critical for adaptive immunity, responding to infections and cancers. Previous attempts to boost immunity, such as administering growth factors, often led to side effects, prompting researchers to explore safer alternatives. The use of mRNA technology has gained attention for its ability to deliver genetic instructions without altering DNA, making it a promising tool for therapeutic applications. In this context, the MIT study leverages mRNA to reprogram liver cells, creating a temporary system that supports T cell health, offering a novel strategy to enhance immune resilience in aging populations."
  ],
  "Article_Structure": [
    "Main Points: The study addresses immune decline in aging by using mRNA to reprogram liver cells as a synthetic factory for T cell-supporting factors, compensating for thymic involution. Purpose: To develop a safer method to boost immune function in older adults, reducing infection and disease risk. Evidence Evaluation: Based on experiments with mice showing improved T cell diversity and responses, published in the reputable journal Nature. Author Credibility: Led by Feng Zhang, a renowned MIT neuroscientist with joint appointments and HHMI investigator, and Mirco Friedrich, a former MIT postdoc. Methodology: Utilized mRNA delivery to liver cells to produce factors mimicking thymic signals, tested in older mice with vaccination and immunotherapy models."
  ],
  "perspectives": [
    {
      "perspective": "Innovative biotechnology",
      "description": "This research represents a cutting-edge use of mRNA for synthetic biology to address age-related health issues."
    }
  ],
  "image_url": "/article_images/article_73b77805287fa58e_5fd4031c82a6.webp"
}