{
  "title": "Katie Boulter Loses Tennis Match at Australian Open",
  "summary": "Katie Boulter, a tennis player from Great Britain, lost her match at the Australian Open in Melbourne. She played against Belinda Bencic from Switzerland, who is a top player. Boulter lost the first set quickly without winning any games. In the second set, she played better and broke Bencic's serve to tie at 4-4, but she still lost the set and the match. Boulter said she had a tough year in 2025 with injuries and dropped in the world rankings. She is now working with a new coach and plans to play in smaller tournaments to improve. She is also getting married this year, which makes her happy. The article talks about her tennis career and personal life.",
  "keywords": [
    {
      "term": "Australian Open",
      "explanation": "a big tennis tournament held in Australia"
    },
    {
      "term": "Belinda Bencic",
      "explanation": "a Swiss tennis player who won the match"
    },
    {
      "term": "world rankings",
      "explanation": "a list that shows how good tennis players are compared to others"
    },
    {
      "term": "coach",
      "explanation": "a person who helps a player train and get better"
    },
    {
      "term": "wedding",
      "explanation": "a special event where two people get married"
    }
  ],
  "questions": [
    {
      "question": "Where did Katie Boulter play her tennis match?",
      "options": [
        "Australian Open",
        "Wimbledon",
        "US Open",
        "French Open"
      ],
      "correct_answer": "Australian Open"
    },
    {
      "question": "Who did Katie Boulter lose to in the match?",
      "options": [
        "Belinda Bencic",
        "Emma Raducanu",
        "Maria Sharapova",
        "Alex de Minaur"
      ],
      "correct_answer": "Belinda Bencic"
    },
    {
      "question": "How did Boulter do in the first set of the match?",
      "options": [
        "She lost without winning a game",
        "She won the set",
        "She tied the set",
        "She played for a long time"
      ],
      "correct_answer": "She lost without winning a game"
    },
    {
      "question": "What is Boulter planning to do to improve her tennis?",
      "options": [
        "Play in smaller tournaments",
        "Retire from tennis",
        "Only play in big tournaments",
        "Change her sport"
      ],
      "correct_answer": "Play in smaller tournaments"
    },
    {
      "question": "Who is Boulter's new coach?",
      "options": [
        "Michael Joyce",
        "Biljana Veselinovic",
        "Alex de Minaur",
        "Belinda Bencic"
      ],
      "correct_answer": "Michael Joyce"
    },
    {
      "question": "What happy event is Boulter looking forward to this year?",
      "options": [
        "Getting married",
        "Winning a big tournament",
        "Moving to a new country",
        "Starting a new job"
      ],
      "correct_answer": "Getting married"
    }
  ],
  "background_read": [
    "Tennis is a sport where players hit a ball over a net. The Australian Open is one of the biggest tennis tournaments in the world, held every year in Melbourne, Australia. Players compete to win matches and improve their world rankings, which show how good they are. Coaches help players practice and get better. Sometimes players have tough years with injuries or losses, but they keep trying. Personal events like weddings can make players happy off the court."
  ],
  "Article_Structure": [
    "WHO: Katie Boulter, a British tennis player, and Belinda Bencic, a Swiss tennis player",
    "WHAT: Boulter lost a tennis match to Bencic at the Australian Open",
    "WHERE: The match happened in Melbourne, Australia",
    "WHY: Boulter had a difficult year and is trying to improve her game with a new coach and smaller tournaments"
  ],
  "perspectives": [
    {
      "perspective": "Player's View",
      "description": "Boulter is focused on improving her tennis after a tough year and is excited about her wedding."
    }
  ],
  "image_url": "/article_images/article_c206ac273d779efb_32dab85fc03b.webp"
}