{
  "title": "Chronotype Disparities in Cardiovascular Disease Risk: A Longitudinal Analysis",
  "summary": "A comprehensive longitudinal study, published in the Journal of the American Heart Association, examined the association between chronotype—defined as an individual's inherent propensity for sleep-wake timing—and cardiovascular health outcomes in a cohort of over 300,000 adults from the UK Biobank, with a median age of 57 years. Participants self-identified as 'definitely evening,' 'definitely morning,' or 'intermediate' chronotypes based on daily activity patterns. Utilizing the American Heart Association's Life's Essential 8 framework, which integrates behavioral and clinical metrics, the analysis revealed that evening chronotypes exhibited a 79% increased odds of poor cardiovascular health and a 16% elevated risk of incident cardiovascular events, such as myocardial infarction or stroke, over a median follow-up of 14 years. Notably, these associations were more pronounced among women, suggesting gender-specific vulnerabilities. Mediation analyses indicated that lifestyle factors, particularly nicotine consumption and sleep insufficiency, accounted for a substantial portion of the elevated risk. Conversely, morning chronotypes demonstrated a modest protective effect, with a 5% reduction in poor health prevalence. The findings underscore chronotype as a modifiable risk factor and advocate for targeted interventions to ameliorate cardiovascular disparities linked to circadian misalignment.",
  "keywords": [
    {
      "term": "longitudinal study",
      "explanation": "a research design that follows participants over time to observe changes and outcomes"
    },
    {
      "term": "circadian misalignment",
      "explanation": "a mismatch between internal biological rhythms and external environmental cues, often affecting sleep"
    },
    {
      "term": "mediation analysis",
      "explanation": "a statistical method to determine if a variable explains the relationship between two others"
    },
    {
      "term": "myocardial infarction",
      "explanation": "a medical term for heart attack, caused by blocked blood flow to the heart muscle"
    },
    {
      "term": "incident cardiovascular events",
      "explanation": "new occurrences of heart-related problems like strokes or heart attacks in a study"
    },
    {
      "term": "modifiable risk factor",
      "explanation": "a health risk that can be changed through behavior or treatment"
    }
  ],
  "questions": [
    {
      "question": "What is the primary focus of the study?",
      "options": [
        "Diet and exercise effects",
        "Chronotype and cardiovascular health",
        "Genetic factors in sleep",
        "Aging and memory loss"
      ],
      "correct_answer": "B"
    },
    {
      "question": "How was cardiovascular health assessed?",
      "options": [
        "Through genetic testing",
        "Using Life's Essential 8 metrics",
        "By measuring brain activity",
        "Via patient interviews"
      ],
      "correct_answer": "B"
    },
    {
      "question": "What was the increased odds of poor cardiovascular health for evening chronotypes?",
      "options": [
        "5%",
        "16%",
        "79%",
        "100%"
      ],
      "correct_answer": "C"
    },
    {
      "question": "Which demographic showed stronger associations in the study?",
      "options": [
        "Men",
        "Women",
        "Young adults",
        "Children"
      ],
      "correct_answer": "B"
    },
    {
      "question": "What lifestyle factors mediated the risk for evening chronotypes?",
      "options": [
        "High sugar intake and lack of exercise",
        "Nicotine use and sleep insufficiency",
        "Alcohol consumption and stress",
        "Poor diet and obesity"
      ],
      "correct_answer": "B"
    },
    {
      "question": "What is the median follow-up period?",
      "options": [
        "10 years",
        "14 years",
        "20 years",
        "5 years"
      ],
      "correct_answer": "B"
    },
    {
      "question": "What type of study design was used?",
      "options": [
        "Cross-sectional",
        "Longitudinal",
        "Randomized controlled trial",
        "Case study"
      ],
      "correct_answer": "B"
    },
    {
      "question": "What journal published the findings?",
      "options": [
        "The Lancet",
        "Journal of the American Heart Association",
        "New England Journal of Medicine",
        "BMJ"
      ],
      "correct_answer": "B"
    },
    {
      "question": "What protective effect did morning chronotypes show?",
      "options": [
        "10% lower risk",
        "5% lower prevalence",
        "No effect",
        "Increased risk"
      ],
      "correct_answer": "B"
    },
    {
      "question": "What does circadian misalignment refer to?",
      "options": [
        "Alignment of sleep with day-night cycles",
        "Mismatch between biological rhythms and environment",
        "Consistent sleep patterns",
        "Genetic sleep disorders"
      ],
      "correct_answer": "B"
    }
  ],
  "background_read": [
    "This article details a high-level scientific investigation into how chronotypes influence cardiovascular disease risk. Chronotypes categorize individuals based on their natural sleep-wake preferences, with implications for circadian rhythms and health. The study leverages data from the UK Biobank, a large biomedical database, to conduct a longitudinal analysis over 14 years, assessing outcomes via the Life's Essential 8 metrics. It identifies evening chronotypes as having significantly higher risks of poor cardiovascular health and events, mediated by factors like nicotine use and sleep deprivation, with gender disparities highlighting women's increased vulnerability. The research contributes to understanding modifiable risk factors in preventive cardiology, emphasizing the need for behavioral and clinical strategies to address circadian-related health inequalities."
  ],
  "Article_Structure": [
    "The article's main points detail how evening chronotypes correlate with elevated cardiovascular risks, including a 79% odds increase and 16% event risk, with gender-specific effects. Its purpose is to elucidate sleep timing's role in heart disease etiology within a public health context. Evidence evaluation notes robust longitudinal data from the UK Biobank but acknowledges limitations like self-reported chronotypes and observational design. Author credibility is bolstered by peer-reviewed publication in a reputable journal, and methodology involves advanced statistical mediation analyses. Critical assessment highlights strengths in large sample size and long follow-up, while weaknesses include potential confounding and lack of causal inference, suggesting future experimental studies."
  ],
  "perspectives": [
    {
      "perspective": "Epidemiological",
      "description": "The study provides population-level insights into chronotype as a risk factor for cardiovascular disease, informing preventive healthcare policies."
    }
  ],
  "image_url": "/article_images/article_e74b19fb97d4f015_235c39b3ae29.webp"
}