{
  "title": "A Fun Night at the Awards Show",
  "summary": "At the Critics' Choice Awards, a big event for movies and TV shows, Timothée Chalamet won a prize for best actor. He thanked his girlfriend Kylie Jenner and said he loved her, which made people talk. Jessie Buckley won best actress for a movie about Shakespeare's family. The awards were held in California and hosted by Chelsea Handler. They help stars get ready for the Oscars. Other movies and shows also won prizes. It was a night to celebrate good stories and actors.",
  "keywords": [
    {
      "term": "awards",
      "explanation": "prizes given to people for doing something well"
    },
    {
      "term": "actor",
      "explanation": "a person who acts in movies or shows"
    },
    {
      "term": "girlfriend",
      "explanation": "a girl or woman someone is dating"
    },
    {
      "term": "hosted",
      "explanation": "when someone leads an event or show"
    },
    {
      "term": "Oscars",
      "explanation": "a famous award show for movies"
    }
  ],
  "questions": [
    {
      "question": "Who won best actor at the Critics' Choice Awards?",
      "options": [
        "Timothée Chalamet",
        "Michael B Jordan",
        "Josh Safdie",
        "Chelsea Handler"
      ],
      "correct_answer": "Timothée Chalamet"
    },
    {
      "question": "What did Timothée Chalamet thank his girlfriend for?",
      "options": [
        "For being his partner",
        "For making a movie",
        "For hosting the show",
        "For winning an award"
      ],
      "correct_answer": "For being his partner"
    },
    {
      "question": "Who won best actress?",
      "options": [
        "Kylie Jenner",
        "Jessie Buckley",
        "Chelsea Handler",
        "Agnes"
      ],
      "correct_answer": "Jessie Buckley"
    },
    {
      "question": "Where were the awards held?",
      "options": [
        "New York",
        "California",
        "Ireland",
        "London"
      ],
      "correct_answer": "California"
    },
    {
      "question": "Who hosted the Critics' Choice Awards?",
      "options": [
        "Timothée Chalamet",
        "Kylie Jenner",
        "Chelsea Handler",
        "Jessie Buckley"
      ],
      "correct_answer": "Chelsea Handler"
    },
    {
      "question": "What do the Critics' Choice Awards help stars prepare for?",
      "options": [
        "The Oscars",
        "A TV show",
        "A movie premiere",
        "A sports event"
      ],
      "correct_answer": "The Oscars"
    }
  ],
  "background_read": [
    "The Critics' Choice Awards is an event where critics and journalists vote to give prizes to the best movies, TV shows, and streaming content of the year. It happens in California and is hosted by a comedian or actress. Winners often thank important people in their lives, like family or partners. The awards can help actors and movies get more attention for bigger awards like the Oscars. It's a fun night to celebrate storytelling and performances."
  ],
  "Article_Structure": [
    "WHO: Timothée Chalamet, Kylie Jenner, Jessie Buckley, Chelsea Handler, and other actors and hosts.",
    "WHAT: An awards show where prizes were given for best actor, best actress, and other categories, with winners thanking people and sharing moments.",
    "WHERE: At Barker Hangar in Santa Monica Airport, California.",
    "WHY: To honor the best in film, streaming, and TV as voted by critics, and to help stars gain momentum for the Oscars."
  ],
  "perspectives": [
    {
      "perspective": "Celebrity Relationships",
      "description": "Focuses on how Timothée Chalamet's public thank you to Kylie Jenner highlights personal moments in award shows."
    },
    {
      "perspective": "Award Significance",
      "description": "Discusses the role of the Critics' Choice Awards in the film industry and their impact on Oscar campaigns."
    }
  ],
  "image_url": "/article_images/article_03806f9d28d725cf_adac6f1f803e.webp"
}