{
  "title": "How Ovarian Cancer Teams Up with Other Cells to Spread",
  "summary": "Ovarian cancer is a very serious disease that is often found too late, making it hard to treat. Scientists have discovered why it spreads so quickly in the body. They found that ovarian cancer cells do not work alone. They team up with mesothelial cells, which are normal cells that line the inside of the abdomen. These mesothelial cells help the cancer cells by moving ahead and creating paths for them to follow. Together, they form clusters that are stronger and can resist chemotherapy drugs better than cancer cells alone. The cancer cells release a signal called TGF-β1 that changes the mesothelial cells, making them grow spikes that cut through tissue. This helps the cancer spread to new areas in the abdomen. Researchers watched this happen in real time using special microscopes and tested it in mice to make sure it was true. Understanding this teamwork could lead to new treatments to stop the cancer from spreading.",
  "keywords": [
    {
      "term": "ovarian cancer",
      "explanation": "a type of cancer that starts in the ovaries and can spread in the body"
    },
    {
      "term": "mesothelial cells",
      "explanation": "normal cells that line the inside of the abdomen and help protect it"
    },
    {
      "term": "chemotherapy",
      "explanation": "medicine used to treat cancer by killing cancer cells"
    },
    {
      "term": "TGF-β1",
      "explanation": "a signal released by cancer cells that changes other cells"
    },
    {
      "term": "spikes",
      "explanation": "sharp parts that grow on cells to help them cut through tissue"
    },
    {
      "term": "clusters",
      "explanation": "groups of cells stuck together"
    }
  ],
  "questions": [
    {
      "question": "What type of cancer is discussed in the article?",
      "options": [
        "Ovarian cancer",
        "Breast cancer",
        "Lung cancer",
        "Skin cancer"
      ],
      "correct_answer": "Ovarian cancer"
    },
    {
      "question": "What do ovarian cancer cells team up with to spread?",
      "options": [
        "Blood cells",
        "Mesothelial cells",
        "Muscle cells",
        "Bone cells"
      ],
      "correct_answer": "Mesothelial cells"
    },
    {
      "question": "What do mesothelial cells create to help cancer cells move?",
      "options": [
        "Blood vessels",
        "Paths or openings",
        "Air bubbles",
        "Food sources"
      ],
      "correct_answer": "Paths or openings"
    },
    {
      "question": "What signal do cancer cells release to change mesothelial cells?",
      "options": [
        "TGF-β1",
        "Insulin",
        "Adrenaline",
        "Oxygen"
      ],
      "correct_answer": "TGF-β1"
    },
    {
      "question": "What do the changed mesothelial cells grow to cut through tissue?",
      "options": [
        "Spikes",
        "Wings",
        "Tails",
        "Eyes"
      ],
      "correct_answer": "Spikes"
    },
    {
      "question": "How did researchers watch the cancer spread in real time?",
      "options": [
        "With special microscopes",
        "By asking patients",
        "Using X-rays",
        "Through blood tests"
      ],
      "correct_answer": "With special microscopes"
    }
  ],
  "background_read": [
    "Ovarian cancer is a disease where cells in the ovaries grow out of control and can spread to other parts of the body. It is often called the deadliest gynecological cancer because it is usually found late, when it has already spread. The abdomen is the area between the chest and hips, containing organs like the stomach and intestines. Chemotherapy is a common treatment that uses drugs to kill cancer cells, but sometimes cancer cells become resistant, meaning the drugs don't work well. Cells are the tiny building blocks of all living things, and in this case, cancer cells and mesothelial cells work together in a way that makes the cancer harder to stop. Scientists study these processes to find better ways to treat diseases."
  ],
  "Article_Structure": [
    "WHO: Scientists from Nagoya University and patients with ovarian cancer",
    "WHAT: Ovarian cancer cells team up with mesothelial cells to spread quickly and resist chemotherapy",
    "WHERE: In the abdomen of the body",
    "WHY: To understand why ovarian cancer is so deadly and find new treatments"
  ],
  "perspectives": [
    {
      "perspective": "Scientific discovery",
      "description": "Researchers found a new way cancer spreads by forming hybrid clusters with other cells."
    }
  ],
  "image_url": "/article_images/article_3b708bd84d1a14b0_1a9b6d2d3c82.webp"
}