{
  "title": "A Play About Two Famous Bands: Oasis vs. Blur",
  "summary": "A new play called The Battle is about two famous bands from the 1990s, Oasis and Blur. These bands were very popular and had a big rivalry. In the play, actors pretend to be the band members. Some actors like Oasis more, and some like Blur more. They talk about why they love their favorite band. The play is fun and shows how the bands competed in a chart race. The actors are friendly, even though they play rivals. The play is happening at a theatre in Birmingham. It helps people remember the music and stories from long ago.",
  "keywords": [
    {
      "term": "play",
      "explanation": "a show where actors perform on stage"
    },
    {
      "term": "bands",
      "explanation": "groups of people who make music together"
    },
    {
      "term": "rivalry",
      "explanation": "when two groups compete against each other"
    },
    {
      "term": "actors",
      "explanation": "people who pretend to be characters in a show"
    },
    {
      "term": "chart race",
      "explanation": "a competition to see which song sells the most"
    }
  ],
  "questions": [
    {
      "question": "What is the name of the new play?",
      "options": [
        "The Battle",
        "The War",
        "The Fight",
        "The Game"
      ],
      "correct_answer": "A"
    },
    {
      "question": "Which two bands are in the play?",
      "options": [
        "Oasis and Blur",
        "Beatles and Stones",
        "Queen and Pink Floyd",
        "Coldplay and Radiohead"
      ],
      "correct_answer": "A"
    },
    {
      "question": "Where is the play happening?",
      "options": [
        "Birmingham",
        "London",
        "Manchester",
        "Liverpool"
      ],
      "correct_answer": "A"
    },
    {
      "question": "What do the actors do in the play?",
      "options": [
        "Pretend to be band members",
        "Sing new songs",
        "Dance on stage",
        "Play instruments"
      ],
      "correct_answer": "A"
    },
    {
      "question": "Is the rivalry between the actors friendly?",
      "options": [
        "Yes",
        "No",
        "Sometimes",
        "Never"
      ],
      "correct_answer": "A"
    },
    {
      "question": "What was the big competition between the bands called?",
      "options": [
        "Chart race",
        "Music battle",
        "Song contest",
        "Band war"
      ],
      "correct_answer": "A"
    }
  ],
  "background_read": [
    "In the 1990s, two British bands, Oasis and Blur, became very famous. They made rock and pop music that many people loved. They often competed to see who had the best songs and sold the most records. This rivalry was exciting for fans and the media. Now, a play is telling this story to remind people of that fun time."
  ],
  "Article_Structure": [
    "WHO: Actors like George Usher and Oscar Lloyd who play band members from Oasis and Blur.",
    "WHAT: A play called The Battle that shows the rivalry between Oasis and Blur from the 1990s.",
    "WHERE: At the Birmingham Rep theatre in Birmingham.",
    "WHY: To entertain people and share the story of a famous music competition."
  ],
  "perspectives": [
    {
      "perspective": "Oasis fans",
      "description": "Some actors and fans think Oasis is the best band because they love their music and style."
    },
    {
      "perspective": "Blur fans",
      "description": "Other actors and fans prefer Blur because they like how the band changed their music over time."
    }
  ],
  "image_url": "/article_images/article_3742c1107fd6c199_828a18473011.webp"
}