{
  "title": "Cultural Resurrection: Theatrical Depiction of the Oasis-Blur Britpop Rivalry",
  "summary": "The theatrical production The Battle, staged at the Birmingham Rep theatre, serves as a cultural resurrection of the seminal 1995 Britpop rivalry between Oasis and Blur. This play dramatizes the chart race that epitomized the acrimonious competition between these bands, a feud that fragmented fan bases and dominated media narratives. Actors like George Usher, portraying Liam Gallagher, and Oscar Lloyd, as Damon Albarn, not only perform their roles but also personally align with the bands they represent, with Usher citing familial influence and Lloyd praising Blur's artistic evolution. Despite the historical tensions, the cast maintains a congenial rivalry, mirroring the play's exploration of how initial camaraderie in early 1995 devolved into hostility within months, as contextualized by writer John Niven. The production underscores the enduring fascination with this era, appealing to both original adherents and younger audiences, thereby examining themes of legacy, media sensationalism, and the psychology of musical tribalism in popular culture.",
  "keywords": [
    {
      "term": "cultural resurrection",
      "explanation": "the revival or reimagining of historical events or figures in contemporary contexts"
    },
    {
      "term": "acrimonious competition",
      "explanation": "a bitter and hostile rivalry marked by strong disagreements"
    },
    {
      "term": "artistic evolution",
      "explanation": "the process by which artists or bands develop and change their style over time"
    },
    {
      "term": "media sensationalism",
      "explanation": "the exaggeration of events by the media to attract public attention"
    },
    {
      "term": "musical tribalism",
      "explanation": "the strong loyalty and identity associated with supporting specific music groups"
    }
  ],
  "questions": [
    {
      "question": "What does the play The Battle primarily dramatize?",
      "options": [
        "The 1995 chart race between Oasis and Blur",
        "The formation of Britpop bands",
        "The personal lives of the Gallagher brothers",
        "The history of Birmingham theatre"
      ],
      "correct_answer": "A"
    },
    {
      "question": "How does George Usher's background influence his role?",
      "options": [
        "His father's fandom of Oasis",
        "His training in classical theatre",
        "His friendship with Blur members",
        "His experience as a musician"
      ],
      "correct_answer": "A"
    },
    {
      "question": "What aspect of Blur does Oscar Lloyd emphasize?",
      "options": [
        "Their reinvention and musical genius",
        "Their commercial success",
        "Their rivalry with other bands",
        "Their influence on fashion"
      ],
      "correct_answer": "A"
    },
    {
      "question": "What thematic element does the play explore regarding the bands' relationship?",
      "options": [
        "The escalation from friendship to feud",
        "Their collaborative projects",
        "Their retirement from music",
        "Their legal disputes"
      ],
      "correct_answer": "A"
    },
    {
      "question": "Who provides historical context for the play's narrative?",
      "options": [
        "John Niven",
        "George Usher",
        "Oscar Lloyd",
        "Paddy Stafford"
      ],
      "correct_answer": "A"
    },
    {
      "question": "What is a key difference between the actors' rivalry and the real bands'?",
      "options": [
        "It is good-natured and playful",
        "It is based on financial gain",
        "It involves physical altercations",
        "It is ignored by the media"
      ],
      "correct_answer": "A"
    },
    {
      "question": "How does the article describe the ongoing interest in Oasis and Blur?",
      "options": [
        "As enduring across generations",
        "As limited to original fans",
        "As declining over time",
        "As focused on new music"
      ],
      "correct_answer": "A"
    },
    {
      "question": "What broader cultural theme does the play address?",
      "options": [
        "Musical tribalism and legacy",
        "Technological advancements in music",
        "Global music trends",
        "Political influences on art"
      ],
      "correct_answer": "A"
    },
    {
      "question": "What methodology does the article use to present its analysis?",
      "options": [
        "Interviews and historical references",
        "Statistical data on sales",
        "Scientific studies on music",
        "Legal documents"
      ],
      "correct_answer": "A"
    },
    {
      "question": "What critical assessment can be made of the play's approach?",
      "options": [
        "It offers engaging storytelling but may simplify complex histories",
        "It provides exhaustive historical accuracy",
        "It focuses solely on musical techniques",
        "It ignores fan perspectives entirely"
      ],
      "correct_answer": "A"
    }
  ],
  "background_read": [
    "The Oasis-Blur rivalry of the mid-1990s represents a pivotal moment in British music history, rooted in the Britpop movement that reacted against American grunge. Oasis, with their working-class Manchester ethos and anthemic rock, contrasted sharply with Blur's art-school background and eclectic pop sensibilities. Their competition peaked in August 1995 with a simultaneous single release, creating a media frenzy that highlighted cultural divides between north and south England, and between populist and avant-garde aesthetics. This rivalry has been extensively documented in music journalism and cultural studies, often analyzed for its impact on fan identity and media dynamics. The play The Battle engages with this legacy, using theatrical narrative to interrogate how such conflicts are remembered and mythologized, reflecting on the interplay between art, commerce, and collective memory in shaping cultural icons."
  ],
  "Article_Structure": [
    "This article provides an in-depth analysis of a play reviving the Oasis-Blur rivalry. Main Points: It details the theatrical recreation of the 1995 Britpop battle, actor alignments with the bands, and the exploration of rivalry dynamics. Purpose: To critically examine how cultural narratives are reconstructed in art, assessing their relevance to contemporary audiences. Evidence Evaluation: Relies on actor interviews and writer commentary, offering subjective insights but lacking empirical data; sources are credible but promotional. Author Credibility: BBC provides reputable reporting, though the article leans towards entertainment coverage without deep scholarly critique. Methodology: Uses qualitative interviews and historical contextualization, presenting a narrative-driven analysis. Critical Assessment: Strengths include engaging storytelling and cultural reflection, but limitations involve potential oversimplification of complex historical tensions and reliance on anecdotal evidence."
  ],
  "perspectives": [
    {
      "perspective": "Historical analysis",
      "description": "Views the play as a tool for re-examining 1990s music rivalries and their cultural implications."
    },
    {
      "perspective": "Artistic interpretation",
      "description": "Focuses on how theatre adapts real events to create compelling narratives and emotional engagement."
    }
  ],
  "image_url": "/article_images/article_3742c1107fd6c199_828a18473011.webp"
}