{
  "title": "Reviving the Britpop Rivalry: A New Play on Oasis vs. Blur",
  "summary": "A new theatrical production titled The Battle, currently showing at the Birmingham Rep theatre, recreates the intense 1995 Britpop rivalry between the bands Oasis and Blur. The play dramatizes the chart race that marked the peak of their competition, which divided fans and captivated media attention. Actors such as George Usher, who portrays Liam Gallagher of Oasis, and Oscar Lloyd, playing Damon Albarn of Blur, bring these iconic figures to life. Interestingly, the cast members have taken sides in the rivalry, with Usher favoring Oasis due to his upbringing and Lloyd championing Blur for their musical reinvention. Despite their on-stage personas, the actors maintain a good-natured rivalry, reflecting a broader cultural interest in these bands that persists three decades later. The play explores how the bands' friendly start in 1995 escalated into a bitter feud, as described by writer John Niven, offering insights into the dynamics of fame and competition in the music industry.",
  "keywords": [
    {
      "term": "Britpop",
      "explanation": "a genre of British rock and pop music popular in the 1990s"
    },
    {
      "term": "chart race",
      "explanation": "a competition between songs or albums to reach the highest sales positions"
    },
    {
      "term": "theatrical production",
      "explanation": "a live performance on stage involving actors and a script"
    },
    {
      "term": "rivalry",
      "explanation": "a prolonged competition between two parties, often marked by conflict"
    },
    {
      "term": "cultural interest",
      "explanation": "ongoing public attention and engagement with historical events or figures"
    }
  ],
  "questions": [
    {
      "question": "What year did the original Oasis vs. Blur rivalry peak?",
      "options": [
        "1995",
        "1990",
        "2000",
        "1985"
      ],
      "correct_answer": "A"
    },
    {
      "question": "Who is George Usher portraying in the play?",
      "options": [
        "Liam Gallagher",
        "Noel Gallagher",
        "Damon Albarn",
        "John Niven"
      ],
      "correct_answer": "A"
    },
    {
      "question": "Why does Oscar Lloyd prefer Blur?",
      "options": [
        "For their musical reinvention",
        "Because they sold more records",
        "Due to their friendly nature",
        "As they are older"
      ],
      "correct_answer": "A"
    },
    {
      "question": "What is the main setting of the play?",
      "options": [
        "Birmingham Rep theatre",
        "London stadium",
        "Manchester arena",
        "TV studio"
      ],
      "correct_answer": "A"
    },
    {
      "question": "How does the actors' rivalry differ from the real bands'?",
      "options": [
        "It is good-natured",
        "It is more intense",
        "It involves physical fights",
        "It is ignored"
      ],
      "correct_answer": "A"
    },
    {
      "question": "What does the play explore about the bands' relationship?",
      "options": [
        "Their escalation from friends to rivals",
        "Their childhood stories",
        "Their retirement plans",
        "Their solo careers"
      ],
      "correct_answer": "A"
    },
    {
      "question": "Who wrote insights into the bands' feud for the play?",
      "options": [
        "John Niven",
        "George Usher",
        "Oscar Lloyd",
        "Paddy Stafford"
      ],
      "correct_answer": "A"
    },
    {
      "question": "What genre of music is associated with Oasis and Blur?",
      "options": [
        "Britpop",
        "Hip-hop",
        "Jazz",
        "Classical"
      ],
      "correct_answer": "A"
    }
  ],
  "background_read": [
    "In the mid-1990s, Britpop emerged as a dominant music movement in the UK, characterized by bands like Oasis and Blur. Oasis, known for their anthemic rock songs and sibling rivalry between Liam and Noel Gallagher, contrasted with Blur's more eclectic and art-pop style led by Damon Albarn. Their rivalry culminated in a 1995 chart battle for the number one single, which became a media sensation and symbolized broader cultural divides. This period is often remembered for its intense fan loyalty and the bands' public disputes. The new play The Battle taps into this nostalgia, examining how such competitions shape musical legacies and continue to resonate with audiences today."
  ],
  "Article_Structure": [
    "The article analyzes a play about the Oasis vs. Blur rivalry. Main Points: It highlights the recreation of the 1995 Britpop battle through a theatrical production, with actors taking sides and exploring the bands' competition. Purpose: To entertain and educate audiences about a significant cultural moment, while reflecting on enduring fan interest. Evidence Evaluation: Relies on quotes from actors and the writer, providing firsthand insights but limited to anecdotal perspectives. Author Credibility: The BBC is a reputable source, but the article focuses on promotional content without deep critical analysis. Methodology: Based on interviews with cast members and references to historical events, offering a narrative-driven approach."
  ],
  "perspectives": [
    {
      "perspective": "Nostalgic view",
      "description": "Emphasizes the play's role in reviving memories of the 1990s music scene for older fans."
    },
    {
      "perspective": "Modern relevance",
      "description": "Highlights how the rivalry still captivates new generations, showing timeless appeal."
    }
  ],
  "image_url": "/article_images/article_3742c1107fd6c199_828a18473011.webp"
}