{
  "title": "Putin's Warning About the War in Ukraine",
  "summary": "Russian President Vladimir Putin said that if peace talks fail, Russia will try to take more land in Ukraine. He spoke at a meeting with military leaders. Putin wants Ukraine and its Western friends to agree to Russia's demands in the talks. If they don't, he says Russia will use its army to get what it wants. He talked about areas in Ukraine that Russia has already taken and wants to keep. Putin also said Russia's army is strong and has new weapons. At the same time, peace talks are happening between Ukraine, America, and Europe. Ukraine's leader, Volodymyr Zelenskyy, is working on a peace plan but disagrees with some of Russia's demands. This is about a big conflict that started when Russia invaded Ukraine in 2022.",
  "keywords": [
    {
      "term": "peace talks",
      "explanation": "meetings where people try to agree to stop fighting"
    },
    {
      "term": "demands",
      "explanation": "things that someone says must happen"
    },
    {
      "term": "army",
      "explanation": "a large group of soldiers who fight for a country"
    },
    {
      "term": "land",
      "explanation": "areas of ground that belong to a country"
    },
    {
      "term": "conflict",
      "explanation": "a fight or disagreement between groups"
    }
  ],
  "questions": [
    {
      "question": "What did Putin say Russia will do if peace talks fail?",
      "options": [
        "Take more land in Ukraine",
        "Stop fighting",
        "Join NATO",
        "Give up its demands"
      ],
      "correct_answer": "Take more land in Ukraine"
    },
    {
      "question": "Who is the leader of Ukraine mentioned in the summary?",
      "options": [
        "Vladimir Putin",
        "Volodymyr Zelenskyy",
        "Donald Trump",
        "A military officer"
      ],
      "correct_answer": "Volodymyr Zelenskyy"
    },
    {
      "question": "What does Putin want from Ukraine and its Western friends?",
      "options": [
        "To agree to Russia's demands",
        "To join Russia",
        "To stop talking",
        "To build more weapons"
      ],
      "correct_answer": "To agree to Russia's demands"
    },
    {
      "question": "Where did Putin give his warning?",
      "options": [
        "At a meeting with military leaders",
        "On TV",
        "In a letter",
        "At a school"
      ],
      "correct_answer": "At a meeting with military leaders"
    },
    {
      "question": "What did Putin say about Russia's army?",
      "options": [
        "It is strong",
        "It is weak",
        "It is leaving Ukraine",
        "It needs help"
      ],
      "correct_answer": "It is strong"
    },
    {
      "question": "What are Ukraine and its friends trying to do in the talks?",
      "options": [
        "Make a peace plan",
        "Start a new war",
        "Ignore Russia",
        "Build more weapons"
      ],
      "correct_answer": "Make a peace plan"
    }
  ],
  "background_read": [
    "The conflict between Russia and Ukraine began in 2022 when Russia invaded Ukraine. This is a big war where many people have been hurt, and countries around the world are trying to help stop it. Peace talks are meetings where leaders from different countries discuss how to end the fighting. Russia wants to keep some areas of Ukraine that it has taken, while Ukraine wants to protect its land and people. Understanding this helps us see why Putin's warning is important for peace."
  ],
  "Article_Structure": [
    "WHO: Russian President Vladimir Putin and Ukrainian leader Volodymyr Zelenskyy",
    "WHAT: Putin warned that Russia will take more Ukrainian land if peace talks fail",
    "WHERE: In Ukraine and at a meeting in Russia",
    "WHY: Because Russia wants its demands met in the peace talks"
  ],
  "perspectives": [
    {
      "perspective": "Russian view",
      "description": "Putin says Russia needs to protect its interests and will use force if talks fail."
    },
    {
      "perspective": "Ukrainian view",
      "description": "Zelenskyy is working on peace but disagrees with Russia's demands to give up land."
    }
  ],
  "image_url": "/article_images/article_950aaa7b404a3f25_3b6e868badeb.webp"
}