{
  "title": "Putin's Threat to Expand Russian Gains in Ukraine Amid Peace Talks",
  "summary": "Russian President Vladimir Putin issued a warning that Moscow will seek to extend its territorial gains in Ukraine if peace negotiations break down due to Kyiv and Western allies rejecting Kremlin demands. Speaking at an annual military meeting, Putin emphasized a preference for diplomatic solutions to end the conflict but asserted that Russia would resort to military means to liberate what it calls historical lands if substantive dialogue is refused. He referenced Ukrainian territories already seized by Russia, which the West condemns as aggression, and claimed Russian forces hold strategic initiative with plans to expand a buffer security zone. Putin highlighted Russia's enhanced military capabilities, including modernized nuclear arsenal like the Oreshnik missile, while dismissing European fears of attacks as lies. Concurrently, peace talks involving Ukrainian, American, and European officials are underway on a U.S.-drafted plan, with Ukrainian President Volodymyr Zelenskyy aiming for quick finalization. Putin's demands include recognition of captured regions and Crimea as Russian territory, Ukraine's withdrawal from additional eastern areas, and abandonment of NATO membership bids, countered by Zelenskyy's willingness to drop NATO aspirations for security guarantees but refusal to cede more land.",
  "keywords": [
    {
      "term": "territorial gains",
      "explanation": "areas of land that a country acquires during a conflict"
    },
    {
      "term": "peace negotiations",
      "explanation": "formal discussions aimed at resolving a war or dispute"
    },
    {
      "term": "strategic initiative",
      "explanation": "control over military actions and planning in a conflict"
    },
    {
      "term": "buffer security zone",
      "explanation": "an area created to protect a border from threats"
    },
    {
      "term": "nuclear arsenal",
      "explanation": "a collection of nuclear weapons owned by a country"
    }
  ],
  "questions": [
    {
      "question": "What condition did Putin set for Russia to extend gains in Ukraine?",
      "options": [
        "If peace talks fail due to rejected demands",
        "If Ukraine joins NATO",
        "If Europe attacks Russia",
        "If the U.S. withdraws support"
      ],
      "correct_answer": "If peace talks fail due to rejected demands"
    },
    {
      "question": "What did Putin claim about Russian forces along the front line?",
      "options": [
        "They hold strategic initiative",
        "They are retreating",
        "They need reinforcements",
        "They are losing ground"
      ],
      "correct_answer": "They hold strategic initiative"
    },
    {
      "question": "Which new weapon did Putin mention as part of Russia's modernization?",
      "options": [
        "Oreshnik ballistic missile",
        "Tank divisions",
        "Cyber weapons",
        "Drone fleets"
      ],
      "correct_answer": "Oreshnik ballistic missile"
    },
    {
      "question": "What is one of Putin's key demands in the peace talks?",
      "options": [
        "Recognition of captured regions as Russian territory",
        "Ukraine joining the European Union",
        "Disarmament of all armies",
        "Payment of reparations"
      ],
      "correct_answer": "Recognition of captured regions as Russian territory"
    },
    {
      "question": "How did Zelenskyy respond to the demand about NATO membership?",
      "options": [
        "Willing to drop bid for security guarantees",
        "Insisting on immediate membership",
        "Refusing all negotiations",
        "Asking Russia to join NATO"
      ],
      "correct_answer": "Willing to drop bid for security guarantees"
    },
    {
      "question": "What did Putin say about European officials' statements?",
      "options": [
        "Dismissed them as lies",
        "Agreed with them",
        "Ignored them",
        "Supported them"
      ],
      "correct_answer": "Dismissed them as lies"
    },
    {
      "question": "What is the purpose of the U.S.-drafted peace plan mentioned?",
      "options": [
        "To end the conflict through diplomacy",
        "To start a new war",
        "To isolate Ukraine",
        "To build more weapons"
      ],
      "correct_answer": "To end the conflict through diplomacy"
    },
    {
      "question": "What does Putin want regarding Ukraine's eastern areas?",
      "options": [
        "Ukraine to withdraw from some uncaptured areas",
        "Ukraine to attack those areas",
        "Russia to give them up",
        "International control"
      ],
      "correct_answer": "Ukraine to withdraw from some uncaptured areas"
    }
  ],
  "background_read": [
    "The Russia-Ukraine war began with Russia's full-scale invasion in February 2022, following earlier tensions including the 2014 annexation of Crimea. This conflict has caused widespread destruction, displacement, and international sanctions, with Ukraine receiving military and economic support from Western nations like the U.S. and European countries. Peace talks have been ongoing, complicated by deep divisions over territorial control, security arrangements, and geopolitical alliances such as NATO. Understanding this context helps analyze Putin's threats and the diplomatic efforts to resolve the war, highlighting issues of sovereignty, aggression, and global power dynamics."
  ],
  "Article_Structure": [
    "Main Points: Putin warns of military expansion if peace talks fail, citing Russian territorial claims and military strength, while peace negotiations proceed with conflicting demands. Purpose: To inform about escalating tensions and diplomatic challenges in the Russia-Ukraine conflict. Evidence Evaluation: Relies on Putin's direct statements and reports of ongoing talks, but lacks independent verification of military claims. Author Credibility: PBS NewsHour is a reputable source, but the article summarizes events without deep analysis. Methodology: Based on public speeches and official statements, typical for news reporting on international relations."
  ],
  "perspectives": [
    {
      "perspective": "Russian perspective",
      "description": "Putin frames actions as defensive and necessary for security, emphasizing diplomatic preference but readiness for force."
    },
    {
      "perspective": "Ukrainian/Western perspective",
      "description": "Views Russian demands as aggressive violations of sovereignty, with efforts focused on peace through negotiation and resistance to concessions."
    }
  ],
  "image_url": "/article_images/article_950aaa7b404a3f25_3b6e868badeb.webp"
}