{
  "title": "Osaka's Australian Open Victory Marred by Post-Match Discord with Cirstea: An Analysis of Player Dynamics and Self-Expression",
  "summary": "Naomi Osaka triumphed over Sorana Cirstea in a three-set match (6-3, 4-6, 6-2) during the Australian Open second round on Margaret Court Arena, advancing to the third round. The victory was overshadowed by post-match tension, as Cirstea delivered a frosty handshake and engaged in a verbal exchange with Osaka at the umpire's chair, stemming from Osaka's use of 'come ons' to psych herself up between Cirstea's serves. In her on-court interview, Osaka acknowledged Cirstea's anger, apologizing and noting Cirstea's imminent retirement after a 20-year WTA Tour career, concluding in 2026. Concurrently, Osaka discussed her sartorial choices, wearing a modified jellyfish-inspired outfit derived from a book she read to her daughter, emphasizing fashion as a medium for self-expression in lieu of verbal communication. Osaka aspires to progress to the fourth round, a feat not achieved since her 2021 Australian Open championship, highlighting her comeback narrative. This article encapsulates competitive pressures, retirement transitions, and the intersection of athletics with personal identity in professional tennis.",
  "keywords": [
    {
      "term": "post-match tension",
      "explanation": "conflict or discomfort between players after a game, often reflecting competitive intensity"
    },
    {
      "term": "self-motivation tactics",
      "explanation": "strategies like verbal cues used by athletes to maintain focus and energy during competition"
    },
    {
      "term": "sartorial choices",
      "explanation": "decisions related to clothing and fashion, particularly in a sports context"
    },
    {
      "term": "comeback narrative",
      "explanation": "the story of an athlete returning to form after a period of absence or decline"
    },
    {
      "term": "interpersonal dynamics",
      "explanation": "the relationships and interactions between individuals, such as players in a sport"
    }
  ],
  "questions": [
    {
      "question": "What specific behavior of Osaka's provoked Cirstea's post-match reaction?",
      "options": [
        "Her outfit choice",
        "Her 'come ons' between serves",
        "Her interview comments",
        "Her playing style"
      ],
      "correct_answer": "Her 'come ons' between serves"
    },
    {
      "question": "How does Osaka describe her use of clothing on court?",
      "options": [
        "As a distraction tactic",
        "As a form of self-expression",
        "As a sponsorship requirement",
        "As a practical necessity"
      ],
      "correct_answer": "As a form of self-expression"
    },
    {
      "question": "What is significant about Cirstea's retirement timeline?",
      "options": [
        "She is retiring immediately",
        "She will retire after 20 years on tour in 2026",
        "She is retiring due to injury",
        "She has no set retirement date"
      ],
      "correct_answer": "She will retire after 20 years on tour in 2026"
    },
    {
      "question": "Which round does Osaka aim to reach for the first time since 2021?",
      "options": [
        "Third round",
        "Fourth round",
        "Quarterfinals",
        "Finals"
      ],
      "correct_answer": "Fourth round"
    },
    {
      "question": "What broader theme does the article touch upon regarding Osaka?",
      "options": [
        "Her technical skills",
        "Her advocacy work",
        "Her comeback and self-expression",
        "Her rivalry with other players"
      ],
      "correct_answer": "Her comeback and self-expression"
    },
    {
      "question": "What limitation is evident in the article's evidence?",
      "options": [
        "Lack of Cirstea's direct perspective",
        "Inaccurate match scores",
        "No quotes from Osaka",
        "Focus on non-tennis events"
      ],
      "correct_answer": "Lack of Cirstea's direct perspective"
    },
    {
      "question": "How does the article characterize the Australian Open for Cirstea?",
      "options": [
        "As a routine tournament",
        "As her final appearance before retirement",
        "As a disappointing loss",
        "As a career highlight"
      ],
      "correct_answer": "As her final appearance before retirement"
    },
    {
      "question": "What does Osaka's apology imply about sportsmanship?",
      "options": [
        "She admits fault to maintain decorum",
        "She blames Cirstea for the tension",
        "She ignores the issue",
        "She celebrates her win excessively"
      ],
      "correct_answer": "She admits fault to maintain decorum"
    },
    {
      "question": "What methodological approach does the article primarily use?",
      "options": [
        "Statistical analysis",
        "Post-match interviews and observations",
        "Historical comparison",
        "Experimental data"
      ],
      "correct_answer": "Post-match interviews and observations"
    },
    {
      "question": "How does the article integrate Osaka's personal life into the narrative?",
      "options": [
        "By mentioning her daughter inspiring her outfit",
        "By detailing her training regimen",
        "By discussing her family background",
        "By highlighting her social media presence"
      ],
      "correct_answer": "By mentioning her daughter inspiring her outfit"
    }
  ],
  "background_read": [
    "The Australian Open, part of the Grand Slam circuit, is a pinnacle event in tennis with global viewership. Naomi Osaka, a four-time Grand Slam champion, has been a prominent figure both on and off the court, known for her mental health advocacy and powerful baseline game. Sorana Cirstea represents the older generation of players, with a career spanning two decades on the WTA Tour, highlighting themes of longevity and transition in sports. The article reflects broader issues in professional athletics, such as the psychological aspects of competition, the role of media in shaping player narratives, and the use of fashion as identity expression in a regulated sport environment. Understanding these contexts enriches analysis of player interactions and career milestones."
  ],
  "Article_Structure": [
    "Main Points: Details Osaka's match win, the ensuing conflict over her self-motivation methods, Cirstea's retirement context, and Osaka's fashion as self-expression. Purpose: To provide a nuanced report on tennis match outcomes while exploring player psychology, career transitions, and personal branding in sports. Evidence Evaluation: Sources include direct quotes from Osaka, enhancing credibility, but lacks input from Cirstea, potentially skewing perspective; relies on observable events without deeper investigative reporting. Author Credibility: BBC Sport is authoritative, but the article is concise and may prioritize sensational elements over comprehensive analysis. Methodology: Employs standard sports journalism techniques: post-match interviews, match statistics, and descriptive reporting, with limited critical depth. Critical Assessment: Strengths include timely reporting and human interest angles; weaknesses involve one-sided storytelling and superficial treatment of complex themes like retirement impacts."
  ],
  "perspectives": [
    {
      "perspective": "Athlete identity and media portrayal",
      "description": "The article illustrates how players like Osaka use platforms to craft personal narratives through performance and appearance, while media shapes public perception of conflicts and careers."
    }
  ],
  "image_url": "/article_images/article_ed4e6efaf6a6ec9e_62121b32ce1c.webp"
}