{
  "articles": [
    {
      "id": "865332a8e6378311",
      "title": "A Critical Examination of Mental Health and ADHD Service Demand in England",
      "summary": "Health Secretary Wes Streeting has commissioned an independent review to investigate the escalating demand for mental health, ADHD, and autism services in England. This review will critically assess potential over-diagnosis and systemic gaps in support, amid government claims of increased investment yet persistent therapy waiting lists. NHS statistics reveal a substantial rise in mental health issues and ADHD prevalence over the last two decades, prompting concerns about inappropriate referrals. Streeting advocates for a strictly clinical, evidence-based approach to ensure accurate diagnoses and effective interventions. Led by clinical psychologist Prof Peter Fonagy, the review aims to rigorously evaluate assumptions and incorporate stakeholder feedback, with findings slated for summer release. Concurrently, the government is pursuing welfare reforms to address a growing fiscal burden, though this review is ostensibly separate. Recent data indicates that 22.6% of adults reported mental health problems in 2023-24, with disparities among youth and unemployed populations. The article also references political tensions, such as the government's retreat from disability benefit cuts following parliamentary opposition, highlighting the complex interplay between healthcare policy and socioeconomic factors.",
      "source": "BBC News",
      "time_ago": "5 days ago",
      "image_url": "/article_images/article_865332a8e6378311_ca0b836c624e.webp",
      "category": "News"
    },
    {
      "id": "1766bbd922b80501",
      "title": "Strategic Investment in UK Energy Infrastructure: Implications for Household Bills and Energy Security",
      "summary": "The UK's energy regulator, Ofgem, has sanctioned a £28 billion investment over five years to enhance the nation's electricity and gas networks, financed through increases in household energy bills. This initiative is projected to add £108 to bills by 2031, with £48 allocated to gas and £60 to electricity infrastructure. However, Ofgem anticipates approximately £80 in savings from diminished reliance on imported gas and reduced wholesale energy costs, yielding a net annual increase of around £30. The plan aims to fortify transmission networks and maintain gas systems, ensuring a resilient and secure energy supply. Ofgem's chief executive, Jonathan Brearley, advocates for diversifying energy sources to mitigate risks associated with gas dependency, thereby stabilizing future electricity prices. The Department for Energy Security and Net Zero underscores the necessity of this upgrade following historical underinvestment. This regulatory framework imposes cost controls on network companies, with phased bill increments of 2-3% annually, reflecting a strategic balance between immediate financial burdens and long-term economic and security benefits.",
      "source": "BBC News",
      "time_ago": "5 days ago",
      "image_url": "/article_images/article_1766bbd922b80501_e8f3c8f83af8.webp",
      "category": "News"
    },
    {
      "id": "235f664edc151cad",
      "title": "Seismic Event in North-West England: Analyzing a 3.3-Magnitude Earthquake and Its Societal Implications",
      "summary": "A minor seismic event, measuring 3.3 on the magnitude scale, occurred in north-west England on Wednesday night, with an epicentre near Silverdale, Lancashire, at a depth of 1.86 miles, as reported by the British Geological Survey. The earthquake, striking shortly after 23:23, was perceptible within a 12-mile radius, encompassing towns such as Kendal and Ulverston, and elicited vivid accounts from residents. Nikki Maddox described a deafening rumble and 20-second shaking that led her to fear structural collapse, while Katrina Simmons misinterpreted the tremors as a vehicular impact, highlighting the psychological distress caused by unexpected natural phenomena. Initial community reactions included speculation about explosions and emergency service mobilizations, though no damage was reported. This incident underscores the infrequency of seismic activity in the UK, attributed to its intraplate setting away from tectonic boundaries, and raises questions about public preparedness and risk perception for low-probability events. The article integrates qualitative narratives with quantitative data to illustrate the intersection of geology and human experience in a region unaccustomed to earthquakes.",
      "source": "BBC News",
      "time_ago": "5 days ago",
      "image_url": "/article_images/article_235f664edc151cad_2566ec850b1c.webp",
      "category": "News"
    },
    {
      "id": "24d8bab833a396c3",
      "title": "A Critical Analysis of Cough Remedies: Pharmaceutical Interventions vs. Natural Alternatives",
      "summary": "This article critically assesses the efficacy of cough medicines in contrast to natural remedies such as honey and lemon, drawing on expert commentary from Professor Jacky Smith, a specialist in respiratory medicine. It delineates that coughs predominantly stem from viral infections, which pharmacological agents cannot eradicate; instead, medicines function palliatively by alleviating throat discomfort through mechanisms like coating with glycerol or providing cooling sensations via levomenthol. The analysis underscores cost-effectiveness, asserting that generic brands perform comparably to premium products, while cautioning about high sugar content and potential addictive properties of ingredients like dextromethorphan. For chesty coughs, the article questions the evidence base for expectorants like guaifenesin and notes that sedating antihistamines merely facilitate sleep without addressing underlying pathology. Broader implications include public health considerations regarding self-medication and the promotion of evidence-based practices. The summary advocates for informed consumer choices, integrating scientific skepticism with practical advice on dosage adherence and sugar-free alternatives.",
      "source": "BBC News",
      "time_ago": "5 days ago",
      "image_url": "/article_images/article_24d8bab833a396c3_4981f074cc36.webp",
      "category": "News"
    },
    {
      "id": "93c41e59602ea0ff",
      "title": "Evaluating National Security Risks: Pentagon Watchdog's Critique of Hegseth's Signal Communications",
      "summary": "A Pentagon watchdog report, conducted by the Department of Defense's inspector general under a congressional mandate, has concluded that Defense Secretary Pete Hegseth's utilization of the Signal messaging app to discuss a military strike in Yemen posed significant risks to U.S. service members. The investigation determined that the transmitted messages were classified as 'secret/no foreign,' a designation indicating that unauthorized disclosure could reasonably be expected to cause serious damage to national security, particularly by precluding sharing with foreign entities. The incident gained public attention when a journalist was inadvertently added to the chat, which provided sensitive, real-time updates on operations against Houthi militants. This breach not only highlights vulnerabilities in secure communication protocols but also raises critical questions about the adherence to classified information handling standards by high-ranking officials. The report underscores the imperative for robust cybersecurity measures and rigorous oversight in military communications to mitigate threats and uphold strategic integrity.",
      "source": "PBS NewsHour",
      "time_ago": "5 days ago",
      "image_url": "/article_images/article_93c41e59602ea0ff_81743d00e83c.webp",
      "category": "News"
    },
    {
      "id": "f568f347d88efa11",
      "title": "Analyzing the Controversy: The Hepatitis B Vaccine Debate and Its Implications for Newborn Health Policy",
      "summary": "The article reports on an impending debate within the Advisory Committee on Immunization Practices, chaired by U.S. Health Secretary Robert F. Kennedy Jr., regarding the continuation of hepatitis B vaccination for newborns. Current federal guidelines recommend administering this vaccine on the first day of life to combat hepatitis B, a viral liver infection that can progress to chronic conditions such as liver failure, cirrhosis, and hepatocellular carcinoma, particularly in pediatric populations. The committee's hearing, scheduled for live broadcast, may propose alterations to these recommendations, potentially diverging from established public health protocols endorsed by organizations like the American Academy of Pediatrics, whose representative, Dr. Sean O'Leary, asserts the vaccine's lifesaving efficacy. This controversy intersects with broader discourses on vaccine skepticism, evidence-based medicine, and public health governance, as stakeholders navigate the balance between preventive care and parental autonomy. The discussion underscores the complexities of health policy formulation, where scientific consensus, political influences, and societal values converge, with potential ramifications for neonatal care standards and disease prevention strategies in the United States.",
      "source": "PBS NewsHour",
      "time_ago": "5 days ago",
      "image_url": "/article_images/article_f568f347d88efa11_cfd7de8adb68.webp",
      "category": "News"
    }
  ]
}