{
  "articles": [
    {
      "id": "4848eced00bb74e7",
      "title": "《亢奋》第三季：新剧情线索与制作挑战",
      "summary": "《亢奋》的创作者萨姆·莱文森透露了第三季的初步细节，该季定于明年四月播出，距离上一季已间隔超过四年。这部HBO剧集以一群年轻人应对毒品成瘾、性关系、犯罪和背叛等问题为题材，主演包括赞达亚、悉尼·斯威尼和雅各布·艾洛迪。新加入的演员如罗莎莉娅和特里莎·佩塔斯将融入剧情，时间线跳跃五年，探索角色首次面对成人生活。莱文森分享说，鲁在墨西哥处理债务，卡西和内特订婚但陷入社交媒体嫉妒，朱尔斯在艺术学校学习，麦迪在好莱坞人才机构工作，莱克西则担任莎朗·斯通饰演的节目制作人的助理。然而，制作过程面临重大障碍：演员安格斯·克劳德的去世和好莱坞罢工导致延迟，其缺席对剧情的影响尚不明确。一些演员如芭比·费雷拉不再回归，为本季增添了变化。莱文森声称这是该剧最佳的一季，但必须应对其前作《偶像》口碑不佳的遗留影响。",
      "source": "BBC Entertainment",
      "time_ago": "5 days ago",
      "image_url": "/article_images/article_4848eced00bb74e7_71ba8b0797c9.webp",
      "category": "Fun"
    },
    {
      "id": "991fa1782666189c",
      "title": "工程化缺陷提升石墨烯性能",
      "summary": "最近的研究揭示了一种通过故意引入结构缺陷来增强石墨烯性能的技术，这一策略可能推动传感器、电池和电子等多个领域的发展。来自诺丁汉大学、华威大学和钻石光源的科学家们开发了一种单步方法，使用名为Azupyrene的分子生长类石墨烯薄膜，该分子的形状与研究人员想要引入的缺陷类型（5-7原子环）紧密匹配。通常，材料中的缺陷被视为降低性能的问题，但这项研究表明，故意引入的缺陷可以使石墨烯更“粘”于其他材料，提高其作为催化剂的效用，并增强气体检测能力用于传感器，同时改变其电子和磁性性质以用于半导体行业。通过调整生长温度，研究人员可以微调缺陷浓度，并利用高分辨率显微镜和光谱学等先进工具验证原子结构。国际协作涉及英国、德国和瑞典的团队，结合了计算模拟，确保了缺陷在转移到不同表面时保持完整，便于集成到实际设备中。这项研究突出了通过缺陷工程定制材料性能的创新途径，展示了跨学科合作在推动材料科学前沿中的重要性。",
      "source": "Science Daily - Technology",
      "time_ago": "5 days ago",
      "image_url": "/article_images/article_991fa1782666189c_033027496619.webp",
      "category": "Fun"
    },
    {
      "id": "3fafd9c363f1cc31",
      "title": "光学突破可能改变我们对宇宙的看法",
      "summary": "最近，由加州大学河滨分校物理学家乔纳森·理查森领导的一项光学突破介绍了FROSTI（前表面型辐照器），这是一种旨在增强激光干涉引力波天文台（LIGO）性能的原型系统。LIGO通过探测引力波——由黑洞碰撞等事件产生的时空涟漪——来研究宇宙，但提高激光功率以增强灵敏度会导致镜子热变形，从而掩盖微弱信号。FROSTI采用精密热控制系统，在兆瓦级激光功率下重塑镜面，保持光学质量而不引入额外噪声。这一创新对于未来升级如LIGO A#和下一代天文台如Cosmic Explorer至关重要，可能将可观测引力波宇宙扩大十倍。通过实现更清晰的远距离事件探测，FROSTI可帮助天文学家以更详细的方式研究数百万个黑洞和中子星合并，推动我们对宇宙学和极端物质的理解。该技术基于在Optica期刊上发表的论文和原型测试，展示了在精密光学领域的重大进展，为引力波天文学的未来发展奠定基础。",
      "source": "Science Daily - Technology",
      "time_ago": "5 days ago",
      "image_url": "/article_images/article_3fafd9c363f1cc31_ce3f26201950.webp",
      "category": "Fun"
    },
    {
      "id": "98cb469d9a6c6cd0",
      "title": "欧洲歌唱大赛面临关于以色列的关键决定",
      "summary": "欧洲歌唱大赛正处在一个关键时刻，欧洲广播联盟在日内瓦召开了一次关键会议，讨论以色列是否应继续参赛。这一问题源于加沙战争引发的抗议，以及关于投票不公的指控。包括爱尔兰、西班牙、荷兰和斯洛文尼亚在内的多个国家表示，如果以色列参与，他们将抵制比赛；而德国则暗示，如果以色列被排除，它可能会退出。近期比赛中，抗议者试图干扰以色列选手的表演，例如在巴塞尔的决赛中，有人企图冲上舞台。同时，有指控称以色列政府通过付费广告活动不公平地提升了投票结果，尽管以色列否认并称面临全球抹黑运动。作为回应，欧洲广播联盟实施了更严格的投票规则，如将个人投票次数从20次减少到10次，并加强欺诈检测，以维护比赛的中立性。这次会议的结果可能重塑欧洲歌唱大赛的未来，平衡艺术表达与地缘政治紧张关系。",
      "source": "BBC Entertainment",
      "time_ago": "5 days ago",
      "image_url": "/article_images/article_98cb469d9a6c6cd0_e6b1173b57f2.webp",
      "category": "Fun"
    },
    {
      "id": "bba036e170738bc4",
      "title": "麦莉·赛勒斯确认与音乐家马克斯·莫兰多订婚",
      "summary": "麦莉·赛勒斯，一位三届格莱美奖得主的流行歌手，已公开确认与交往四年的伴侣、音乐家马克斯·莫兰多订婚。这一消息是在《早安美国》电视节目中透露的，赛勒斯表示莫兰多在最近一次亚洲旅行中求婚，尽管她通常喜欢掌控局面，但这次感到非常惊讶。她在洛杉矶《阿凡达：火与灰》首映式上佩戴了一枚黄金钻石订婚戒指。赛勒斯曾于2018年至2019年与演员利亚姆·海姆斯沃斯结婚，两人关系持续十年后离婚，她于2023年通过盲约认识了莫兰多。莫兰多是洛杉矶乐队Liily的鼓手，该乐队在2022年赛勒斯主持的新年晚会上演出。在采访中，赛勒斯强调莫兰多支持她的个人成长，并讨论了她的新歌收录于《阿凡达》电影，以及因巡演中保持清醒和心理健康困难而避免巡演的决定。这篇文章结合了名人生活更新和更广泛的艺术健康话题。",
      "source": "BBC Entertainment",
      "time_ago": "5 days ago",
      "image_url": "/article_images/article_bba036e170738bc4_5d21ad3844ce.webp",
      "category": "Fun"
    },
    {
      "id": "c43d79e1355233a3",
      "title": "英国评论家选择奖提名者揭晓",
      "summary": "2026年英国评论家选择奖的提名者已公布，包括西恩娜·斯皮罗、雅各布·阿隆和罗斯·格雷这三位新兴音乐艺术家。该奖项前身为英国新星奖，旨在通过行业专家小组选拔并展示有潜力的新人。获奖者将于一月揭晓，随后于二月二十八日在曼彻斯特举行的英国音乐奖颁奖典礼上表彰，这是该典礼首次在曼彻斯特举办。奖项旨在推动新音乐人的职业生涯，过往获奖者如阿黛尔和萨姆·芬德已取得巨大成功。罗斯·格雷来自东伦敦，对此提名感到兴奋，认为这将帮助她接触更广泛的听众；她已凭借首张专辑《请大声点》和与信心男子组合及甜心宝贝等乐队的演出获得关注。西恩娜·斯皮罗则表示提名让她不知所措，突显了行业认可的情感分量。此奖项为新兴艺术家提供了一个平台，在竞争激烈的音乐产业中提升知名度并推进音乐事业，反映了英国音乐界对人才发掘和支持的持续努力。",
      "source": "BBC Entertainment",
      "time_ago": "5 days ago",
      "image_url": "/article_images/article_c43d79e1355233a3_ea546ccd3af0.webp",
      "category": "Fun"
    }
  ]
}