{
  "title": "The Happy Tennis Tournament",
  "summary": "This article talks about the Australian Open, a big tennis tournament in Australia. It happens in January when it's warm and sunny in Melbourne. People call it the 'happy Slam' because it's fun and exciting. The article asks if it's still happy today. It discusses what makes this tournament special, like the heat from the summer sun and a fun event where an amateur player won a million dollars. The article is from a BBC podcast that tells stories about sports beyond just the scores. It includes interviews with athletes and experts. The goal is to learn more about tennis and sports in a fun way.",
  "keywords": [
    {
      "term": "Australian Open",
      "explanation": "a big tennis tournament in Australia"
    },
    {
      "term": "happy Slam",
      "explanation": "a nickname for the Australian Open because it's fun"
    },
    {
      "term": "Melbourne",
      "explanation": "a city in Australia where the tournament happens"
    },
    {
      "term": "heat",
      "explanation": "the warm weather from the sun"
    },
    {
      "term": "amateur player",
      "explanation": "a person who plays tennis for fun, not as a job"
    },
    {
      "term": "BBC podcast",
      "explanation": "a show from the BBC that tells stories"
    }
  ],
  "questions": [
    {
      "question": "What is the nickname for the Australian Open?",
      "options": [
        "Happy Slam",
        "Big Slam",
        "Sunny Slam",
        "Winter Slam"
      ],
      "correct_answer": "Happy Slam"
    },
    {
      "question": "Where does the Australian Open take place?",
      "options": [
        "Melbourne",
        "London",
        "New York",
        "Paris"
      ],
      "correct_answer": "Melbourne"
    },
    {
      "question": "What month does the Australian Open happen?",
      "options": [
        "January",
        "July",
        "April",
        "October"
      ],
      "correct_answer": "January"
    },
    {
      "question": "What is one issue discussed in the article about the tournament?",
      "options": [
        "Heat from the sun",
        "Cold weather",
        "Rain",
        "Snow"
      ],
      "correct_answer": "Heat from the sun"
    },
    {
      "question": "Who won a million dollars in a special event?",
      "options": [
        "An amateur player",
        "A professional athlete",
        "A coach",
        "A referee"
      ],
      "correct_answer": "An amateur player"
    },
    {
      "question": "What does the BBC podcast talk about?",
      "options": [
        "Stories beyond scores in sports",
        "Only tennis scores",
        "Cooking recipes",
        "Music concerts"
      ],
      "correct_answer": "Stories beyond scores in sports"
    }
  ],
  "background_read": [
    "The Australian Open is one of the four biggest tennis tournaments in the world, called Grand Slams. It started in 1905 and is held every year in Melbourne, Australia. Tennis is a sport where players hit a ball over a net with rackets. The 'happy Slam' nickname comes from its fun atmosphere and sunny weather. Podcasts are audio shows you can listen to online. The BBC is a British company that makes news and entertainment."
  ],
  "Article_Structure": [
    "WHO: The article features Roger Federer, Ed Harry, Jonathan Jurejko, Jodie Burrage, Coco Gauff, Jordan Smith, and other athletes and experts.",
    "WHAT: It discusses the Australian Open tennis tournament, its nickname 'happy Slam', special events like the Million Dollar One Point Slam, and issues like heat.",
    "WHERE: The tournament takes place in Melbourne Park, Australia.",
    "WHY: To explore if the Australian Open is still fun and special, and to share sports stories beyond just scores."
  ],
  "perspectives": [
    {
      "perspective": "Player's view",
      "description": "Athletes like Jodie Burrage share what it's like to play in the tournament."
    },
    {
      "perspective": "Reporter's view",
      "description": "BBC reporters discuss the tournament's place in tennis and future trends."
    }
  ],
  "image_url": "/article_images/article_745c3d261aa44a36_685cb5650228.webp"
}