{
  "title": "Deconstructing the Australian Open: Identity, Challenges, and Media Narratives",
  "summary": "This article, derived from the BBC podcast 'More than the Score,' critically examines the Australian Open's enduring moniker as the 'happy Slam' within the contemporary tennis landscape. Situated in Melbourne during January, the tournament faces escalating challenges from climate change, particularly increasing summer heat that impacts player performance and safety. Through interviews with BBC tennis reporter Jonathan Jurejko and British athlete Jodie Burrage, who advanced to the second round in 2025, the piece delves into the tournament's distinctive characteristics and the experiential dimensions of elite competition. It further analyzes the Million Dollar One Point Slam, an innovative event where amateur Jordan Smith secured a million-dollar prize, prompting discourse on the integration of such spectacles into tennis's evolving commercial and entertainment frameworks. The podcast's overarching objective is to transcend conventional scoreline reporting by weaving narratives that incorporate diverse sports, from the Winter Olympics to Formula 1, and featuring dialogues with luminaries like Yaya Toure and Cecilia Braekhus, thereby enriching sports journalism with multifaceted perspectives.",
  "keywords": [
    {
      "term": "moniker",
      "explanation": "a name or nickname used to describe something"
    },
    {
      "term": "climate change",
      "explanation": "long-term shifts in global weather patterns affecting environmental conditions"
    },
    {
      "term": "elite competition",
      "explanation": "high-level sports events involving top-tier athletes"
    },
    {
      "term": "experiential dimensions",
      "explanation": "the personal and subjective aspects of participating in an activity"
    },
    {
      "term": "innovative event",
      "explanation": "a new or creative activity designed to engage audiences"
    },
    {
      "term": "commercial frameworks",
      "explanation": "the business structures and strategies underlying sports organizations"
    },
    {
      "term": "entertainment frameworks",
      "explanation": "the systems and approaches used to provide enjoyment and engagement in media"
    },
    {
      "term": "scoreline reporting",
      "explanation": "journalism focused primarily on numerical outcomes of sports matches"
    },
    {
      "term": "multifaceted perspectives",
      "explanation": "diverse viewpoints that consider various aspects of a topic"
    },
    {
      "term": "sports journalism",
      "explanation": "the professional field of reporting, analyzing, and commenting on sports"
    }
  ],
  "questions": [
    {
      "question": "What primary environmental challenge does the article associate with the Australian Open?",
      "options": [
        "Increasing summer heat due to climate change",
        "Heavy rainfall disrupting matches",
        "Extreme cold affecting player stamina",
        "Air pollution from urban areas"
      ],
      "correct_answer": "Increasing summer heat due to climate change"
    },
    {
      "question": "How does the article characterize the 'happy Slam' nickname in the current context?",
      "options": [
        "As an enduring moniker under scrutiny",
        "As a newly coined term",
        "As irrelevant to the tournament",
        "As solely based on prize money"
      ],
      "correct_answer": "As an enduring moniker under scrutiny"
    },
    {
      "question": "What role does the Million Dollar One Point Slam play in the discussion?",
      "options": [
        "It prompts debate on tennis's commercial and entertainment evolution",
        "It is dismissed as a trivial side event",
        "It focuses only on professional players",
        "It replaces traditional tournament matches"
      ],
      "correct_answer": "It prompts debate on tennis's commercial and entertainment evolution"
    },
    {
      "question": "Which individuals contribute insights to the article's analysis?",
      "options": [
        "Jonathan Jurejko and Jodie Burrage",
        "Roger Federer and Coco Gauff",
        "Jordan Smith and Yaya Toure",
        "Ed Harry and Harrie Lavreysen"
      ],
      "correct_answer": "Jonathan Jurejko and Jodie Burrage"
    },
    {
      "question": "What broader media trend does the podcast 'More than the Score' represent?",
      "options": [
        "A shift towards narrative-driven sports journalism",
        "Exclusive focus on live score updates",
        "Reduction in athlete interviews",
        "Emphasis on technical match analysis only"
      ],
      "correct_answer": "A shift towards narrative-driven sports journalism"
    },
    {
      "question": "How does the article address the experiential aspects of tennis tournaments?",
      "options": [
        "Through firsthand accounts from athletes like Jodie Burrage",
        "By ignoring player perspectives",
        "Using only statistical data",
        "Focusing solely on audience reactions"
      ],
      "correct_answer": "Through firsthand accounts from athletes like Jodie Burrage"
    },
    {
      "question": "What is the significance of including interviews with athletes from various sports?",
      "options": [
        "To provide multifaceted perspectives and enrich narratives",
        "To compare tennis unfavorably to other sports",
        "To reduce the focus on tennis",
        "To highlight only British athletes"
      ],
      "correct_answer": "To provide multifaceted perspectives and enrich narratives"
    },
    {
      "question": "How does the article evaluate the credibility of its sources?",
      "options": [
        "By relying on BBC journalists and athlete testimonials",
        "By using anonymous sources only",
        "By dismissing expert opinions",
        "By focusing solely on fan comments"
      ],
      "correct_answer": "By relying on BBC journalists and athlete testimonials"
    },
    {
      "question": "What methodological approach is primarily used in the article?",
      "options": [
        "Qualitative analysis through interviews and discussions",
        "Quantitative data analysis of match statistics",
        "Experimental research in controlled settings",
        "Historical archival research"
      ],
      "correct_answer": "Qualitative analysis through interviews and discussions"
    },
    {
      "question": "What critical assessment does the article imply about special attractions in tennis?",
      "options": [
        "They may shape the sport's future but require careful integration",
        "They are unnecessary and detract from the sport",
        "They should replace traditional tournaments entirely",
        "They only benefit amateur players"
      ],
      "correct_answer": "They may shape the sport's future but require careful integration"
    }
  ],
  "background_read": [
    "The Australian Open, established in 1905, is a cornerstone of professional tennis, forming one of the four Grand Slams that define the sport's elite calendar. Its 'happy Slam' epithet originates from its perceived festive atmosphere and favorable scheduling during the Southern Hemisphere summer. However, anthropogenic climate change is exacerbating heatwaves in Australia, posing physiological risks to athletes and necessitating adaptations like heat policies and court technologies. The Million Dollar One Point Slam exemplifies the sport's commercialization, aligning with broader trends in sports entertainment where novelty events attract global audiences. The BBC's 'More than the Score' podcast reflects evolving paradigms in sports media, prioritizing in-depth storytelling and cross-sport dialogues to engage diverse listeners. This approach challenges traditional reportage by emphasizing human interest and analytical depth, leveraging the BBC's institutional credibility and access to high-profile interviewees."
  ],
  "Article_Structure": [
    "This 100-word in-depth analysis covers: Main Points: The article critiques the Australian Open's 'happy Slam' identity amidst climate-induced heat challenges and explores innovative events like the Million Dollar One Point Slam. Purpose: To analyze the tournament's contemporary relevance and broader sports media shifts towards narrative journalism. Evidence Evaluation: Uses qualitative insights from BBC reporters and athletes, offering credible but anecdotal evidence. Author Credibility: The BBC provides authoritative sports coverage, though potential bias towards entertainment angles exists. Methodology: Relies on podcast interviews and discussions, emphasizing experiential data over empirical research. Critical Assessment: Strengths include diverse perspectives and timely issues; limitations involve lack of statistical rigor and potential oversimplification of complex topics."
  ],
  "perspectives": [
    {
      "perspective": "Environmental perspective",
      "description": "Highlights the impact of climate change on sports events and athlete welfare."
    },
    {
      "perspective": "Commercial perspective",
      "description": "Examines how special attractions influence tennis's economic and entertainment value."
    },
    {
      "perspective": "Media perspective",
      "description": "Discusses the evolution of sports journalism towards immersive storytelling."
    },
    {
      "perspective": "Athletic perspective",
      "description": "Focuses on the physical and psychological demands of elite tournament participation."
    }
  ],
  "image_url": "/article_images/article_745c3d261aa44a36_685cb5650228.webp"
}