{
  "title": "Exploring the Australian Open: Beyond the Game",
  "summary": "This article from the BBC podcast 'More than the Score' examines the Australian Open, a major tennis Grand Slam held annually in Melbourne during January. Known as the 'happy Slam' for its vibrant atmosphere, the piece questions whether it still lives up to this nickname amidst challenges like increasing summer heat. It features discussions with BBC tennis reporter Jonathan Jurejko and British player Jodie Burrage, who reached the second round in 2025, providing insights into the tournament's unique aspects and player experiences. Additionally, the article highlights a special event, the Million Dollar One Point Slam, where amateur Jordan Smith won a million dollars, sparking debate on whether such attractions are key to tennis's future. The podcast aims to share sports stories beyond scores, including interviews with athletes and experts from various sports, emphasizing broader narratives in sports journalism.",
  "keywords": [
    {
      "term": "Grand Slam",
      "explanation": "one of the four most important annual tennis tournaments"
    },
    {
      "term": "vibrant atmosphere",
      "explanation": "a lively and exciting environment at an event"
    },
    {
      "term": "summer heat",
      "explanation": "the high temperatures during Australia's summer season"
    },
    {
      "term": "player experiences",
      "explanation": "the personal stories and feelings of athletes participating in events"
    },
    {
      "term": "special attractions",
      "explanation": "unique events or features added to sports tournaments to engage audiences"
    },
    {
      "term": "sports journalism",
      "explanation": "the field of reporting and analyzing sports news and stories"
    },
    {
      "term": "podcast",
      "explanation": "a digital audio program available for streaming or download"
    },
    {
      "term": "narratives",
      "explanation": "the stories or accounts presented in media"
    }
  ],
  "questions": [
    {
      "question": "What is the main focus of the BBC podcast 'More than the Score'?",
      "options": [
        "Sharing sports stories beyond scores",
        "Reporting only tennis results",
        "Discussing cooking shows",
        "Covering political news"
      ],
      "correct_answer": "Sharing sports stories beyond scores"
    },
    {
      "question": "Who is interviewed in the article about the Australian Open?",
      "options": [
        "Jonathan Jurejko and Jodie Burrage",
        "Roger Federer and Coco Gauff",
        "Jordan Smith and Yaya Toure",
        "Ed Harry and Harrie Lavreysen"
      ],
      "correct_answer": "Jonathan Jurejko and Jodie Burrage"
    },
    {
      "question": "What challenge does the article mention for the Australian Open?",
      "options": [
        "Increasing summer heat",
        "Lack of players",
        "Cold weather",
        "Poor facilities"
      ],
      "correct_answer": "Increasing summer heat"
    },
    {
      "question": "What special event is discussed in the article?",
      "options": [
        "The Million Dollar One Point Slam",
        "The Winter Olympics",
        "The Super Bowl",
        "The Diamond League"
      ],
      "correct_answer": "The Million Dollar One Point Slam"
    },
    {
      "question": "What did Jordan Smith achieve in the special event?",
      "options": [
        "Won a million dollars",
        "Won a tennis match",
        "Became a professional player",
        "Set a new record"
      ],
      "correct_answer": "Won a million dollars"
    },
    {
      "question": "Why is the Australian Open called the 'happy Slam'?",
      "options": [
        "For its vibrant atmosphere",
        "Because it's the easiest tournament",
        "Due to its prize money",
        "As it's held in winter"
      ],
      "correct_answer": "For its vibrant atmosphere"
    },
    {
      "question": "What broader topic does the podcast cover?",
      "options": [
        "Various sports and athlete interviews",
        "Only tennis tournaments",
        "Music and arts",
        "Science and technology"
      ],
      "correct_answer": "Various sports and athlete interviews"
    },
    {
      "question": "What is the purpose of including special attractions in tennis?",
      "options": [
        "To engage audiences and shape the sport's future",
        "To reduce costs",
        "To make tournaments shorter",
        "To focus only on professionals"
      ],
      "correct_answer": "To engage audiences and shape the sport's future"
    }
  ],
  "background_read": [
    "The Australian Open is part of the tennis Grand Slam series, alongside the French Open, Wimbledon, and the US Open. It was first held in 1905 and has grown into a global event attracting top players. Melbourne Park, its venue, features multiple courts and retractable roofs to manage weather. The 'happy Slam' nickname reflects its reputation for friendliness and entertainment. In recent years, climate change has led to hotter summers in Australia, raising concerns about player safety and match conditions. Podcasts like 'More than the Score' represent a trend in sports media towards in-depth storytelling, moving beyond mere scores to explore human interest angles. The BBC, as a public service broadcaster, emphasizes comprehensive coverage and expert analysis in its programming."
  ],
  "Article_Structure": [
    "This 100-word analysis covers: Main Points: The article explores the Australian Open's 'happy Slam' identity, challenges like heat, and special events like the Million Dollar One Point Slam, using interviews with players and reporters. Purpose: It aims to assess the tournament's current appeal and discuss broader sports narratives beyond scores. Evidence Evaluation: Relies on expert opinions from BBC journalists and athlete insights, providing credible but informal perspectives. Author Credibility: The BBC is a reputable source with experienced sports reporters. Methodology: Based on podcast discussions and interviews, offering qualitative insights rather than statistical data."
  ],
  "perspectives": [
    {
      "perspective": "Athlete perspective",
      "description": "Players like Jodie Burrage share firsthand experiences of competing in high-stakes tournaments."
    },
    {
      "perspective": "Journalistic perspective",
      "description": "Reporters analyze trends and future directions in tennis and sports media."
    },
    {
      "perspective": "Fan perspective",
      "description": "The inclusion of special events highlights efforts to engage audiences and enhance viewer experience."
    }
  ],
  "image_url": "/article_images/article_745c3d261aa44a36_685cb5650228.webp"
}