{
  "title": "Political Turmoil at the Kennedy Center: Analyzing Artist Boycotts and Institutional Fallout",
  "summary": "The Kennedy Center, a cornerstone of American performing arts, has recently experienced profound institutional shifts, beginning with a leadership takeover orchestrated by former President Donald Trump, who appointed a new board and named himself chair in February, followed by a controversial renaming to the Donald J. Trump and John F. Kennedy Center for the Performing Arts in mid-December. These actions have precipitated a series of artist cancellations, including performances by Chuck Redd, The Cookers, Kristy Lee, and Doug Varone and Dancers, who articulate their decisions as protests against Trump's political legacy and a desire to avoid complicity in what they perceive as divisive branding. Concurrently, the center faces tangible repercussions: a decline in ticket sales and a significant drop in viewership for the televised Kennedy Center Honors, hosted by Trump. In response, Kennedy Center president Richard Grenell has threatened a $1 million lawsuit against one artist, escalating tensions. This article, part of PBS NewsHour's 'Art in Action' series within its CANVAS coverage, critically examines the intersection of art and democracy, highlighting how political interventions in cultural institutions can trigger artistic dissent, financial strain, and broader societal debates about the role of art in reflecting or resisting political ideologies.",
  "keywords": [
    {
      "term": "institutional shifts",
      "explanation": "major changes in the structure or leadership of an organization, such as the Kennedy Center's board appointments and renaming"
    },
    {
      "term": "artistic dissent",
      "explanation": "the expression of opposition or protest by artists through actions like cancellations, often in response to political issues"
    },
    {
      "term": "financial repercussions",
      "explanation": "negative economic effects, such as reduced ticket sales and viewership, resulting from controversial decisions"
    },
    {
      "term": "political legacy",
      "explanation": "the lasting impact or reputation of a political figure's actions, which artists may oppose in their work"
    },
    {
      "term": "cultural complicity",
      "explanation": "the idea that participating in or supporting an institution can imply endorsement of its associated political values"
    }
  ],
  "questions": [
    {
      "question": "What were the two major institutional changes at the Kennedy Center that preceded the artist cancellations?",
      "options": [
        "Leadership takeover and renaming to include Trump's name",
        "Relocation and budget cuts",
        "Expansion of programs and new hires",
        "Partnership with other arts centers"
      ],
      "correct_answer": "Leadership takeover and renaming to include Trump's name"
    },
    {
      "question": "Which artist canceled a performance and cited concerns about American history being 'erased or renamed'?",
      "options": [
        "Kristy Lee",
        "Chuck Redd",
        "Doug Varone",
        "The Cookers"
      ],
      "correct_answer": "Kristy Lee"
    },
    {
      "question": "What legal action did Kennedy Center president Richard Grenell threaten in response to a cancellation?",
      "options": [
        "A $1 million lawsuit",
        "A criminal charge",
        "A public apology demand",
        "A contract renegotiation"
      ],
      "correct_answer": "A $1 million lawsuit"
    },
    {
      "question": "How did the Kennedy Center Honors viewership change according to the article?",
      "options": [
        "It showed a big drop",
        "It increased slightly",
        "It remained stable",
        "It was not measured"
      ],
      "correct_answer": "It showed a big drop"
    },
    {
      "question": "What broader series is this article part of on PBS NewsHour?",
      "options": [
        "Art in Action and CANVAS coverage",
        "Only Art in Action",
        "Only CANVAS coverage",
        "Democracy in Focus"
      ],
      "correct_answer": "Art in Action and CANVAS coverage"
    },
    {
      "question": "What reason did The Cookers give for canceling their New Year's Eve show?",
      "options": [
        "They support music that reaches across divisions",
        "They had a scheduling conflict",
        "They protested high ticket prices",
        "They disliked the venue's acoustics"
      ],
      "correct_answer": "They support music that reaches across divisions"
    },
    {
      "question": "Who is the senior arts correspondent credited in the article?",
      "options": [
        "Jeffrey Brown",
        "Richard Grenell",
        "Doug Varone",
        "Chuck Redd"
      ],
      "correct_answer": "Jeffrey Brown"
    },
    {
      "question": "What month did the renaming of the Kennedy Center occur?",
      "options": [
        "Mid-December",
        "February",
        "April",
        "January"
      ],
      "correct_answer": "Mid-December"
    },
    {
      "question": "Which dance company canceled a planned April show?",
      "options": [
        "Doug Varone and Dancers",
        "The Cookers",
        "Kristy Lee's band",
        "Renee Fleming's group"
      ],
      "correct_answer": "Doug Varone and Dancers"
    },
    {
      "question": "What critical assessment can be made about the article's evidence?",
      "options": [
        "It relies on specific artist statements and reported data but lacks comprehensive financial analysis",
        "It provides extensive statistical data on all impacts",
        "It includes only official Kennedy Center reports",
        "It ignores artist perspectives entirely"
      ],
      "correct_answer": "It relies on specific artist statements and reported data but lacks comprehensive financial analysis"
    }
  ],
  "background_read": [
    "The Kennedy Center for the Performing Arts, established in 1971 as a memorial to President John F. Kennedy, serves as a national symbol of cultural excellence in Washington, D.C. Its recent controversies stem from political interventions during the Trump administration, including a board overhaul and the contentious addition of Trump's name, reflecting broader trends of politicization in cultural institutions. Artist boycotts, such as those by prominent figures like Renee Fleming and Ben Folds who resigned earlier, exemplify how artists engage in political activism through their work. This context is crucial for understanding the article's exploration of art's role in democracy, as it delves into issues of institutional integrity, artistic autonomy, and the economic impacts of political decisions on public arts funding and attendance."
  ],
  "Article_Structure": [
    "Main Points: The article outlines how political actions—specifically a leadership takeover and renaming of the Kennedy Center to include Donald Trump—have triggered artist boycotts, declining ticket sales, and viewership drops, while also prompting legal threats from center leadership. Purpose: To critically analyze the repercussions of politicizing a cultural institution, within the framework of PBS NewsHour's series on art and democracy, emphasizing the tensions between artistic expression and political influence. Evidence Evaluation: Sources include direct statements from canceling artists and the center's president, along with reported data on sales and ratings, offering credible but qualitative evidence; however, it lacks in-depth financial analysis or counter-perspectives from Trump supporters. Author Credibility: Jeffrey Brown, as a senior arts correspondent for PBS NewsHour, provides reputable journalism, though potential biases in framing the narrative around anti-Trump sentiments should be considered. Methodology: The article employs interviews (e.g., with Doug Varone), analysis of public statements, and synthesis of news reports, using a case-study approach to illustrate broader themes. Critical Assessment: Strengths include detailed examples and contextual depth, but limitations involve reliance on anecdotal evidence and minimal exploration of pro-Trump or neutral viewpoints, which could provide a more balanced analysis."
  ],
  "perspectives": [
    {
      "perspective": "Artistic autonomy view",
      "description": "Artists assert their right to dissent by canceling performances, viewing the Kennedy Center's changes as an imposition of political ideology that compromises artistic integrity."
    },
    {
      "perspective": "Institutional resilience view",
      "description": "The Kennedy Center's leadership may see the renaming and legal actions as necessary to uphold institutional authority and navigate political pressures, despite backlash."
    }
  ],
  "image_url": "/article_images/article_4805890d5a879f90_3914df0ea926.webp"
}