{
  "title": "Investigative Report on Chronic Chemical Exposure at 3M's Swansea Facility",
  "summary": "A BBC File on 4 investigation has uncovered systemic exposure of factory workers to per- and polyfluoroalkyl substances (PFAS), specifically PFOS and PFOA, through the use of aqueous film-forming foam (AFFF) at 3M's Swansea site. Over decades, employees at this facility, which operated from 1952 to 2023 and was 3M's largest outside the US, were routinely involved in firefighting training that utilized AFFF containing these carcinogenic 'forever chemicals.' Despite 3M's awareness of the associated health risks, the company failed to disclose this information to its workforce. In 2002, 3M announced the cessation of manufacturing these chemicals, yet they persisted at the site, culminating in an environmental incident by 2006. The investigation, based on analysis of hundreds of documents including a land contamination report submitted to the local council, confirms that the Gorseinon site is contaminated with PFOS and PFOA from historic firefighting activities. Former workers, such as 'Ian' who served for 40 years, have come forward to describe their roles in the 'fire party' team, emphasizing the lack of safety protocols. This case raises critical questions about industrial hygiene, corporate transparency, and the long-term ecological consequences of PFAS pollution, particularly as 3M moves to redevelop the closed factory.",
  "keywords": [
    {
      "term": "per- and polyfluoroalkyl substances (PFAS)",
      "explanation": "a large group of synthetic chemicals that are resistant to heat, water, and oil, often used in industrial applications and linked to health risks"
    },
    {
      "term": "systemic exposure",
      "explanation": "long-term or repeated contact with hazardous substances that can affect entire systems or populations"
    },
    {
      "term": "industrial hygiene",
      "explanation": "the science of anticipating, recognizing, evaluating, and controlling workplace conditions that may cause illness or injury"
    },
    {
      "term": "corporate transparency",
      "explanation": "the extent to which a company openly shares information about its operations, especially regarding risks and impacts"
    },
    {
      "term": "ecological consequences",
      "explanation": "the effects on ecosystems and the environment resulting from human activities, such as pollution"
    }
  ],
  "questions": [
    {
      "question": "What specific class of chemicals do PFOS and PFOA belong to?",
      "options": [
        "Per- and polyfluoroalkyl substances (PFAS)",
        "Chlorofluorocarbons (CFCs)",
        "Volatile organic compounds (VOCs)",
        "Heavy metals"
      ],
      "correct_answer": "Per- and polyfluoroalkyl substances (PFAS)"
    },
    {
      "question": "How did the BBC investigation primarily gather evidence about the chemical exposure?",
      "options": [
        "Analyzing documents and interviewing workers",
        "Conducting laboratory tests on site",
        "Reviewing government databases only",
        "Using satellite imagery"
      ],
      "correct_answer": "Analyzing documents and interviewing workers"
    },
    {
      "question": "What was the significance of the 2006 environmental incident mentioned in the article?",
      "options": [
        "It resulted from the persistence of chemicals after 3M stopped manufacturing them",
        "It was a fire at the factory",
        "It involved a worker strike",
        "It led to immediate factory closure"
      ],
      "correct_answer": "It resulted from the persistence of chemicals after 3M stopped manufacturing them"
    },
    {
      "question": "What broader issue does this case illustrate regarding corporate behavior?",
      "options": [
        "Lack of transparency and accountability in worker safety",
        "Efficiency in manufacturing processes",
        "Innovation in firefighting technology",
        "Global expansion strategies"
      ],
      "correct_answer": "Lack of transparency and accountability in worker safety"
    },
    {
      "question": "How long did 'Ian', a referenced worker, serve at the 3M factory?",
      "options": [
        "40 years",
        "20 years",
        "10 years",
        "5 years"
      ],
      "correct_answer": "40 years"
    },
    {
      "question": "What action did 3M take in 2023 regarding the Swansea site?",
      "options": [
        "Closed the factory and applied for redevelopment",
        "Increased production of AFFF",
        "Launched a new safety training program",
        "Sold the property to the local council"
      ],
      "correct_answer": "Closed the factory and applied for redevelopment"
    },
    {
      "question": "What is a key characteristic of 'forever chemicals' like PFOS and PFOA?",
      "options": [
        "They persist in the environment and bioaccumulate",
        "They degrade quickly in water",
        "They are naturally occurring",
        "They are harmless to humans"
      ],
      "correct_answer": "They persist in the environment and bioaccumulate"
    },
    {
      "question": "What role did the land contamination report play in the investigation?",
      "options": [
        "It documented pollution from historic firefighting activities",
        "It approved the site for immediate use",
        "It was created by the workers",
        "It focused on air quality only"
      ],
      "correct_answer": "It documented pollution from historic firefighting activities"
    },
    {
      "question": "What does the article suggest about 3M's commitment to worker health based on their statement?",
      "options": [
        "It may conflict with their actions, as they failed to inform workers",
        "It is fully supported by their practices",
        "It led to early chemical removal",
        "It resulted in no contamination"
      ],
      "correct_answer": "It may conflict with their actions, as they failed to inform workers"
    },
    {
      "question": "What is the primary methodological approach used by BBC File on 4 in this report?",
      "options": [
        "Document analysis and testimonial evidence",
        "Experimental research in labs",
        "Statistical modeling of health data",
        "Observational studies only"
      ],
      "correct_answer": "Document analysis and testimonial evidence"
    }
  ],
  "background_read": [
    "This investigative report delves into the chronic exposure of workers at 3M's Swansea factory to PFAS chemicals via AFFF, highlighting systemic failures in corporate responsibility. PFOS and PFOA, as 'forever chemicals,' pose significant carcinogenic risks and environmental persistence, with implications for public health and regulatory oversight. The article critiques 3M's lack of transparency despite prior knowledge of hazards, drawing on documentary evidence and worker testimonies to underscore issues in industrial safety protocols. It situates the case within broader debates on chemical regulation, corporate ethics, and the legacy of industrial pollution, particularly as communities grapple with long-term contamination from historic activities."
  ],
  "Article_Structure": [
    "Main Points: The article details how 3M workers in Swansea faced decades of exposure to PFAS in firefighting foam, with the company withholding critical health information, leading to environmental contamination and worker health risks. Purpose: To investigate corporate negligence, advocate for worker safety, and inform public discourse on chemical pollution and accountability. Evidence Evaluation: Relies on credible sources like land contamination reports and firsthand accounts, but limited by anonymous sources and potential bias in corporate documents. Author Credibility: BBC File on 4 is a respected investigative team, though the use of pseudonyms like 'Ian' may affect verifiability. Methodology: Combines document analysis from council submissions with qualitative interviews, providing a multifaceted but not peer-reviewed perspective. Critical Assessment: Strengths include thorough investigation and raising awareness; limitations involve reliance on potentially incomplete records and lack of quantitative health data."
  ],
  "perspectives": [
    {
      "perspective": "Environmental justice",
      "description": "Examines how industrial pollution disproportionately affects workers and local communities, calling for stricter regulations and corporate accountability."
    }
  ],
  "image_url": "/article_images/article_7d3d69b5db4c3d62_5029d9888707.webp"
}