{
  "title": "National Analysis of Cancer Mortality and Proximity to Nuclear Power Plants: Implications for Environmental Health Policy",
  "summary": "A seminal nationwide study by researchers at the Harvard T.H. Chan School of Public Health, published in Nature Communications, investigates the association between proximity to operating nuclear power plants (NPPs) and cancer mortality rates across all U.S. counties from 2000 to 2018. Employing a sophisticated 'continuous proximity' methodology, the analysis measures the cumulative influence of multiple NPPs on each county, rather than isolating individual facilities. After rigorously adjusting for a comprehensive array of confounders—including socioeconomic indicators (e.g., educational attainment, median household income), environmental variables (e.g., temperature, humidity), and healthcare access (e.g., distance to hospitals)—the study reveals a statistically significant pattern: counties in closer proximity to NPPs exhibit elevated cancer death rates. The researchers estimate that approximately 115,000 cancer deaths nationwide, or about 6,400 annually, are associated with this proximity, with the correlation most pronounced among older adult populations. While the findings suggest a measurable cancer risk that diminishes with distance, the authors explicitly caution against inferring causation, noting limitations such as the absence of direct radiation measurements and the assumption of uniform impact across plants. The study aligns with prior regional research and underscores the imperative for further epidemiological investigations, particularly in the context of expanding nuclear power as a purported clean energy solution to climate change, thereby highlighting critical tensions between energy policy and public health.",
  "keywords": [
    {
      "term": "epidemiological",
      "explanation": "relating to the study of how diseases spread and affect populations"
    },
    {
      "term": "confounders",
      "explanation": "variables that might influence results and need to be controlled for in research"
    },
    {
      "term": "statistically significant",
      "explanation": "a result that is unlikely to have occurred by chance, indicating a real effect"
    },
    {
      "term": "causation",
      "explanation": "a direct cause-and-effect relationship, which this study does not establish"
    },
    {
      "term": "continuous proximity methodology",
      "explanation": "an advanced analytical approach that continuously measures distance to account for multiple sources' effects"
    },
    {
      "term": "environmental health policy",
      "explanation": "policies designed to protect public health from environmental hazards"
    },
    {
      "term": "low-carbon alternative",
      "explanation": "energy sources like nuclear power that emit minimal greenhouse gases"
    },
    {
      "term": "radiation exposure",
      "explanation": "contact with ionizing radiation, a potential health risk from nuclear facilities"
    },
    {
      "term": "public health imperative",
      "explanation": "a urgent need to address health issues affecting communities"
    },
    {
      "term": "methodological rigor",
      "explanation": "the thoroughness and accuracy of research methods used"
    }
  ],
  "questions": [
    {
      "question": "What methodological approach did the study use to assess proximity to NPPs?",
      "options": [
        "Continuous proximity methodology",
        "Case-control design",
        "Cross-sectional survey",
        "Experimental trial"
      ],
      "correct_answer": "Continuous proximity methodology"
    },
    {
      "question": "Which of the following was NOT adjusted for in the analysis?",
      "options": [
        "Political party affiliation",
        "Socioeconomic indicators",
        "Environmental variables",
        "Healthcare access"
      ],
      "correct_answer": "Political party affiliation"
    },
    {
      "question": "What is the estimated annual number of cancer deaths associated with proximity to NPPs?",
      "options": [
        "6,400",
        "115,000",
        "10,000",
        "50,000"
      ],
      "correct_answer": "6,400"
    },
    {
      "question": "Why does the study caution against inferring causation?",
      "options": [
        "Due to limitations like lack of direct radiation measurements",
        "Because the sample size was too small",
        "As it focused only on the U.S.",
        "Since it did not adjust for any confounders"
      ],
      "correct_answer": "Due to limitations like lack of direct radiation measurements"
    },
    {
      "question": "How does this study contribute to the broader context of energy policy?",
      "options": [
        "It highlights tensions between nuclear power expansion and public health concerns",
        "It proves nuclear power is unsafe and should be banned",
        "It shows nuclear power has no health impacts",
        "It focuses solely on economic benefits"
      ],
      "correct_answer": "It highlights tensions between nuclear power expansion and public health concerns"
    },
    {
      "question": "What population group showed the strongest association between proximity and cancer mortality?",
      "options": [
        "Older adults",
        "Children",
        "Young adults",
        "All age groups equally"
      ],
      "correct_answer": "Older adults"
    },
    {
      "question": "Which journal published this study?",
      "options": [
        "Nature Communications",
        "The Lancet",
        "Journal of the American Medical Association",
        "Environmental Health Perspectives"
      ],
      "correct_answer": "Nature Communications"
    },
    {
      "question": "What does the 'continuous proximity' method account for that previous studies often did not?",
      "options": [
        "The combined influence of multiple nearby NPPs",
        "Direct radiation levels",
        "International data",
        "Long-term historical trends"
      ],
      "correct_answer": "The combined influence of multiple nearby NPPs"
    },
    {
      "question": "What is a key implication of the study for future research?",
      "options": [
        "The need for more direct evidence like radiation monitoring",
        "Immediate policy changes to close NPPs",
        "Exclusive focus on socioeconomic factors",
        "Ignoring climate change considerations"
      ],
      "correct_answer": "The need for more direct evidence like radiation monitoring"
    },
    {
      "question": "How does the study's alignment with prior research strengthen its findings?",
      "options": [
        "It adds consistency and supports the plausibility of the association",
        "It proves the hypothesis conclusively",
        "It shows the results are unique to the U.S.",
        "It reduces the need for further studies"
      ],
      "correct_answer": "It adds consistency and supports the plausibility of the association"
    }
  ],
  "background_read": [
    "This study emerges in a complex landscape where nuclear power is increasingly touted as a vital component of strategies to combat climate change due to its low carbon emissions. However, historical and ongoing concerns about radiation leaks, waste disposal, and health risks, such as increased cancer incidence, persist. Epidemiological research on NPPs has yielded mixed results, often constrained by geographic scope or methodological flaws. The Harvard study advances this field by implementing a rigorous, nationwide analysis that controls for numerous confounders, thereby offering a more nuanced understanding of potential risks. Its publication in a high-impact journal like Nature Communications underscores its scientific significance. Yet, the limitations—particularly the absence of direct radiation data—highlight gaps in current knowledge, urging policymakers to balance energy needs with precautionary health measures. This research thus contributes to critical dialogues on environmental justice, regulatory frameworks, and the ethical dimensions of energy production."
  ],
  "Article_Structure": [
    "Main Points: The study identifies a significant association between closer proximity to nuclear power plants and higher cancer mortality rates in U.S. counties, estimating 115,000 deaths linked from 2000-2018, with risk attenuation by distance and heightened effects in older adults. Purpose: To conduct a comprehensive national epidemiological assessment that addresses inconsistencies in prior research and informs public health and energy policy debates, especially regarding nuclear power's role in climate mitigation. Evidence Evaluation: Evidence is strengthened by the use of extensive national datasets, advanced continuous proximity methodology, and rigorous adjustment for confounders, but critically limited by the lack of direct radiation measurements, which precludes causal inferences. Author Credibility: Led by experts from Harvard T.H. Chan School of Public Health, known for environmental health research, enhancing the study's authority and reliability. Methodology: Employed a retrospective cohort design analyzing CDC and EIA data from 2000-2018, applying continuous proximity metrics and multivariate regression to control for socioeconomic, environmental, and healthcare variables. Critical Assessment: Strengths include the large scale and methodological sophistication, while key weaknesses involve assumptions of uniform plant impact and absence of radiation data, suggesting need for future studies with direct exposure assessments."
  ],
  "perspectives": [
    {
      "perspective": "Policy and ethical consideration",
      "description": "This perspective examines the trade-offs between advancing nuclear energy for climate goals and ensuring public health safety, advocating for evidence-based regulations and further research to mitigate potential risks."
    }
  ],
  "image_url": "/article_images/article_7f3c2623833af7ec_fb2e4208baec.webp"
}